0.000000000000000000e+00	2.098919421139997150e-04	-2.078367685881717380e-04	2.177033534572920257e-05	1.124280161376140603e-04	-3.320947914979013003e-05	1.113161901729661904e-04	-5.585938551955503583e-05	2.098919421136656452e-04	4.147806104551216835e-04	-2.240056617848805789e-04	-7.823839055815933223e-05	-2.663984675871328717e-05	3.201496680000517447e-04	-2.430944980845405317e-04	-2.322313594576767517e-05	-2.078367685879883181e-04	-2.240056617870229895e-04	6.304747601334105697e-05	-1.690881125607797257e-04	2.039614742804528097e-04	-3.297713017399836639e-04	3.475188881057472571e-04	5.132042352922375314e-05	2.177033534481361416e-05	-7.823839056093727503e-05	-1.690881125585686037e-04	-4.582027309164678685e-04	2.256957116589431063e-04	5.239450685400812158e-04	-3.079494973344140099e-04	3.368111314647586870e-04	1.124280161377874378e-04	-2.663984675820274653e-05	2.039614742780997115e-04	2.256957116592660088e-04	-3.982730823467289772e-04	-1.640864734231842550e-04	1.335972728138095224e-04	-9.489805627119493679e-05	-3.320947914785756677e-05	3.201496680012430119e-04	-3.297713017433685431e-04	5.239450685395382473e-04	-1.640864734217519156e-04	-5.468712497308503544e-04	6.645491716476010363e-04	-2.882338437206994697e-04	1.113161901733205483e-04	-2.430944980848583656e-04	3.475188881076452614e-04	-3.079494973342926335e-04	1.335972728119770310e-04	6.645491716487341360e-04	-9.673121505979378858e-04	3.988380571248135520e-04	-5.585938551954312316e-05	-2.322313594493191115e-05	5.132042352355223737e-05	3.368111314627448899e-04	-9.489805627112463983e-05	-2.882338437206166909e-04	3.988380571263704663e-04	-1.581636421932197819e-04
-2.098919421139997150e-04	0.000000000000000000e+00	-1.464862902477217241e-04	-3.805101483923833158e-04	4.054355624650644841e-04	2.263432694431025116e-04	-1.299299837701468701e-05	9.782468947088433613e-04	2.373399870733705619e-15	1.271082158471886856e-03	-1.042226930351269811e-03	5.930720992543747280e-04	3.180469874263852290e-04	-1.052117948596234098e-03	5.254277657696765878e-04	6.679376563899170954e-05	3.246674338079651905e-05	-8.014397966189068349e-04	3.083549837583851334e-04	-2.847258353363369895e-04	1.493288792579824259e-04	1.667507138480578063e-03	-6.059908475350304826e-04	1.118412464232016379e-03	-4.398979636281133594e-04	7.302194667467742017e-04	-7.503425443114344461e-04	-9.251658068922659307e-04	2.236194730958455815e-04	5.331269703119009004e-04	1.089589013594095379e-04	-8.130776018840538762e-05	-5.914368527355244793e-05	-6.361298537724448124e-05	5.468007104175364938e-04	8.540151921105491905e-05	-5.346698843104954763e-04	-5.789232984277771325e-04	1.267668980503886640e-04	-3.631967742324573715e-04	3.149771776639170287e-04	-6.673679128138946572e-04	1.514969623732951697e-03	1.631136646384074294e-04	-3.232824655571509757e-04	-2.001946997909097910e-04	-2.060301560559283296e-04	3.362590630850070469e-04	3.478269843906618393e-04	3.598152426963474853e-04	-6.390451453174002348e-04	2.910944416508689679e-04	-1.014038881970755310e-04	6.547868105690290270e-05	4.094997170966970901e-04	-8.669083442952089892e-04	9.212519181327587237e-04	-5.648526469567671489e-04	1.591664258601426310e-03	3.642450612581434348e-05	-6.985081708698562698e-04	4.035469013206572850e-04	-1.142033366293065955e-03	-4.663210449176501213e-04
2.078367685881717380e-04	1.464862902477217241e-04	0.000000000000000000e+00	3.702822880413613685e-04	-2.024110243292550791e-04	-4.024708593417234727e-04	1.027551330803372245e-04	-5.714002924992187590e-04	-3.246674338078645630e-05	1.977250034533385757e-04	2.666502709985173582e-04	1.178375557771912810e-04	-1.616934006612851535e-04	1.391731488913938741e-04	-2.426830102194625990e-05	-6.545698003179692588e-04	-5.429479074317697038e-16	-5.827195456194881099e-05	-2.518537746196522378e-04	-3.449533279590095069e-04	2.536245608089331290e-04	1.607221223440085647e-04	-3.316676153267000284e-04	5.749237088336745611e-04	7.055984426597059714e-04	1.939523704347090056e-04	-2.146685715222491214e-04	9.793546182946689244e-04	9.947600441629303621e-05	-5.741073144060466864e-04	-1.619099359104707162e-04	-2.680970622585492459e-04	8.740068515594267944e-05	1.662848718403248376e-04	8.653599093241904423e-05	2.216245026205022501e-05	-4.741623275800168008e-04	1.790758067679691103e-04	1.309862134459945581e-04	-4.941713791114035748e-04	-6.811747434450341528e-04	-1.589339634230808602e-04	3.909855467666410213e-04	-4.081294933141844461e-04	-3.271738911608860177e-04	2.311308854702216319e-04	3.205883951718498472e-04	2.444954212660212353e-05	-5.404537254833373698e-05	-3.300372991367410443e-06	-1.349558397536982171e-04	-4.916463982011356278e-05	4.793483799478273156e-04	-1.647260864383180050e-04	-3.431736469736092372e-04	2.637551254049714123e-04	-6.038696273901215592e-04	-2.494319943344065239e-04	3.060498847268219923e-04	-4.666851898433903518e-04	-4.561140045876113007e-05	2.093855227771233368e-05	4.902210884943922556e-04	4.040316600551504102e-04
-2.177033534572920257e-05	3.805101483923833158e-04	-3.702822880413613685e-04	0.000000000000000000e+00	6.398891138522898314e-04	5.476486039236380665e-05	-3.752293888496880531e-05	4.461350564033062980e-04	4.398979636295331222e-04	-1.281323386478956270e-03	6.416159296096161750e-04	1.758440662578914697e-03	1.147406919090644423e-04	9.057526338587123822e-05	-3.500598229636846161e-04	1.266902038716658224e-03	-7.055984426590511133e-04	7.327203527787231902e-04	4.241003017915729147e-05	-1.588532005107008704e-03	-9.111527897928508365e-04	2.094602626286618365e-04	7.166852001161791615e-04	-2.958844967050206810e-03	-6.211177405734957802e-15	1.687213420481268201e-03	-5.876258058532964589e-04	-7.842930103496481477e-04	3.590713722303085116e-05	1.298822628599946658e-03	-8.306740012016871830e-04	-7.562960360703399089e-04	1.197143599564705081e-03	-1.235051567621596404e-04	-6.368380298672628821e-04	5.361989858975984690e-04	1.710356029239950854e-03	3.297598598415094062e-04	-1.977777637389042161e-03	1.273728952175848163e-03	-2.241329317315576722e-04	-5.793959969753734781e-04	4.796381028516090970e-06	7.509000629531788944e-04	4.951312885690792222e-04	-1.138154111892691238e-03	1.487377738349751795e-03	5.821869498797837151e-04	3.021720898016711106e-04	1.463632550658176368e-04	5.851264351810953101e-04	-3.691254396921299146e-04	-1.979791796848436904e-03	1.146305423479776443e-03	-1.521827396869579203e-03	-1.168111886479849485e-03	2.904859863758873216e-04	5.462607059057570432e-04	-2.036756274331599347e-03	-4.387663607215089713e-04	9.003381960781564088e-04	-5.621024981724691847e-05	1.526823943918719840e-04	1.227409456772634200e-05
-1.124280161376140603e-04	-4.054355624650644841e-04	2.024110243292550791e-04	-6.398891138522898314e-04	0.000000000000000000e+00	1.171705131687104462e-03	-6.427869407804095297e-04	3.545234033038815362e-04	5.914368526744422907e-05	-1.791975542454493555e-03	7.043491419152107585e-04	-1.304923592200419279e-03	7.892421893529065133e-05	1.089346258081652988e-03	-6.023170001898776275e-04	1.194504016822071826e-03	-8.740068515549989127e-05	1.112314234969727800e-03	-6.237560696308570656e-07	1.211204560232712231e-03	-8.131527319919367195e-04	-2.182305144450788405e-03	1.324859679077281232e-03	-2.531746733050680570e-03	-1.197143599567444209e-03	-1.582764310049591646e-03	1.387424464709692768e-03	-1.733747571225574980e-03	-3.437234130720746893e-04	7.964983661795932424e-04	2.284482043534053646e-04	6.578858818514351711e-04	3.640534054771826789e-15	-2.067965056360199011e-04	-8.195448517669967365e-04	-3.258524589717747130e-05	1.580707220599178236e-03	4.549496951693284984e-05	-1.579475211337685414e-04	1.470564271186992726e-03	1.676326541958253567e-03	1.208137125528821465e-03	-2.376967458415284694e-03	8.700436381683844880e-04	7.767520737461930912e-04	-7.729403765658144829e-05	-1.003320060945993297e-03	-3.013947171681568594e-04	-7.461771299924314189e-04	-4.009717414854096053e-04	8.990351566309832086e-04	-1.899754307151393050e-04	-5.439076287730413867e-04	-3.158962671283274595e-04	1.513700583963847098e-03	1.513990521120953516e-04	3.838718275492391347e-04	1.065135939367958242e-03	-2.524960638633791388e-03	1.123376029002185784e-03	9.878862508549226575e-04	-5.957553051460584906e-04	2.316780604650790429e-04	2.120226376459350467e-05
3.320947914979013003e-05	-2.263432694431025116e-04	4.024708593417234727e-04	-5.476486039236380665e-05	-1.171705131687104462e-03	0.000000000000000000e+00	2.042855482974840348e-05	-1.376624281772632257e-03	-3.149771776662012258e-04	3.730177139557153045e-03	-1.896584734011524942e-03	-3.325970177388950892e-03	-2.345622016214785814e-05	1.233813105484730163e-03	-4.768694616237020368e-04	-2.473215806515674953e-03	6.811747434433087535e-04	-2.459580225838834885e-03	3.042992040456436167e-04	1.764721967335825068e-03	1.822557057495579518e-03	-1.011286056364624035e-03	-5.923133446163290905e-04	5.943008850299036534e-03	2.241329317527504365e-04	-3.094841539144016843e-03	8.750826424344132926e-04	9.525409558206758467e-04	6.376072168410930915e-07	-1.017845399346582573e-03	4.755381940886906078e-04	1.368614389258442305e-03	-1.676326541953184488e-03	3.665204340440798196e-04	1.531064583369413706e-03	-3.012266459661359745e-04	-3.964385453978631554e-03	-1.059552689151344778e-03	4.079882687620415421e-03	-2.516795592424427713e-03	-1.757041947104010654e-14	1.715371977810274846e-03	-7.357283384895308385e-04	-7.937695482386316259e-04	-9.153175355331225321e-04	7.793184999938379803e-04	-7.150720378754898271e-04	-1.428219483230050262e-03	-1.146041360776353820e-04	-8.359570446157004765e-04	-7.088415589197676579e-04	3.668111200263339598e-04	3.934935838908597619e-03	-6.664041508356909407e-04	5.035070045429266249e-04	3.039601018415221453e-03	-1.023781994054751357e-03	-1.597850666831132247e-03	4.355877991338622489e-03	1.519047510125843409e-03	-1.918681432275283483e-03	-1.051266171009233169e-03	1.877579916869668176e-03	-5.328623906961603689e-06
-1.113161901729661904e-04	1.299299837701468701e-05	-1.027551330803372245e-04	3.752293888496880531e-05	6.427869407804095297e-04	-2.042855482974840348e-05	0.000000000000000000e+00	6.702095123337507886e-04	-3.478269843876584909e-04	-2.334081164314128713e-03	9.910891709222679948e-04	2.213279391504550421e-03	1.570073183437130132e-04	-1.119404852562398776e-03	8.066051712088867552e-04	1.353326387696519601e-03	5.404537254855380969e-05	1.293013882080736986e-03	9.857063946120454172e-05	-1.014583499532120854e-03	-1.490572119573021961e-03	1.174022247829342811e-03	-7.420760158982683125e-04	-3.073855193693978728e-03	-3.021720898110002908e-04	1.878566367561887961e-03	-5.205432625088057558e-04	5.273089143611369226e-04	-5.703552204103886134e-05	-2.516225463594085727e-04	1.944201657523341657e-04	-1.094583680097176810e-03	7.461771299892780169e-04	-1.285557876994510268e-04	-1.142100705562606447e-03	-1.605366664753208640e-04	2.777210054845442866e-03	9.286240921140299096e-04	-2.027651126630503065e-03	1.450903230143492286e-03	1.146041360944157281e-04	-1.223506607367487106e-03	9.282323600258771384e-04	-5.859655810263751565e-04	5.135491165187680215e-04	3.073188411473497987e-04	-2.911273991567414794e-04	9.695031417867637849e-04	-5.168798332053081701e-15	7.132759268860592011e-04	-3.455082503713209109e-05	3.476817533206116948e-04	-2.260538671384233669e-03	-4.360811751433017725e-04	6.592017648916644306e-04	-1.980426081326681041e-03	4.919429627951736519e-04	8.853565408380021078e-04	-2.131798136936100332e-03	-1.899066332590173753e-03	1.057926694251119099e-03	1.095220875085041370e-03	-1.304780290210451983e-03	8.331582340508681447e-05
5.585938551955503583e-05	-9.782468947088433613e-04	5.714002924992187590e-04	-4.461350564033062980e-04	-3.545234033038815362e-04	1.376624281772632257e-03	-6.702095123337507886e-04	0.000000000000000000e+00	-9.212519181459820870e-04	-5.396723647499130673e-03	3.247570358573623021e-03	-3.258317513492661743e-03	-2.571767638025877658e-04	2.297000469939453234e-03	-5.959515870084794225e-04	2.939526053388900970e-03	6.038696273919841101e-04	3.071378732422387105e-03	-7.084000899078223782e-04	3.031513224606511344e-03	-1.760343850417125976e-03	-5.032910667154293430e-03	1.577563257978565085e-03	-6.540871002157666592e-03	-2.904859863818771591e-04	-4.243026918887263590e-03	3.330928627471540365e-03	-4.975861172994381233e-04	-7.196516061440309895e-04	7.449365887486967923e-04	-2.467028207429743537e-04	1.441646563970800602e-03	-3.838718275342597975e-04	-1.458119114955999489e-04	-1.721121008648484208e-03	-8.159790693449361400e-04	3.501992767371063173e-03	1.635205623553481671e-03	-6.157863902017930800e-04	2.456634780860516946e-03	1.023781994064822945e-03	2.812562328215803716e-03	-5.419061805910026404e-03	5.748693291316593059e-04	1.459602382325692321e-03	6.909805032462667629e-05	-5.681028842399024528e-04	-8.058947139402112365e-04	-4.919429628013379917e-04	-8.950864081671092848e-04	2.020310171471983302e-03	-9.006670932284472481e-05	-6.474063102575239922e-04	-7.438323102405298157e-04	4.856212614120513932e-04	8.808774426068990103e-04	1.884787898670525763e-14	3.033016532140040723e-03	-6.829708871705980275e-03	1.049118287742077920e-03	2.723387679381228214e-03	-5.904071385772958385e-04	5.632712424980232434e-04	2.781240480816940443e-06
-2.098919421136656452e-04	-2.373399870733705619e-15	3.246674338078645630e-05	-4.398979636295331222e-04	-5.914368526744422907e-05	3.149771776662012258e-04	3.478269843876584909e-04	9.212519181459820870e-04	0.000000000000000000e+00	1.271082158471784074e-03	-8.014397966173933971e-04	7.302194667489444492e-04	-6.361298537734398390e-05	-6.673679128181495002e-04	3.598152426960804463e-04	-5.648526469580072594e-04	-1.464862902482124340e-04	-1.042226930352134571e-03	3.083549837601786206e-04	-7.503425443173535395e-04	5.468007104144669006e-04	1.514969623746416404e-03	-6.390451453222565931e-04	1.591664258600556780e-03	-3.805101483927143769e-04	5.930720992454946786e-04	-2.847258353352192313e-04	-9.251658068970872693e-04	8.540151921450712719e-05	1.631136646417667485e-04	2.910944416500188450e-04	3.642450613388652681e-05	4.054355624651253620e-04	3.180469874274169557e-04	1.493288792526141886e-04	2.236194730990869665e-04	-5.346698843037912038e-04	-3.232824655643113179e-04	-1.014038881895821625e-04	-6.985081708676498099e-04	2.263432694457453358e-04	-1.052117948594712095e-03	1.667507138479428158e-03	5.331269703140043611e-04	-5.789232984279462681e-04	-2.001946997916980602e-04	6.547868105417786896e-05	4.035469013216487879e-04	-1.299299837820495126e-05	5.254277657723742997e-04	-6.059908475348912710e-04	1.089589013593893988e-04	1.267668980418717138e-04	-2.060301560574637225e-04	4.094997171032786851e-04	-1.142033366304956183e-03	9.782468947118591780e-04	6.679376564430397492e-05	1.118412464221632541e-03	-8.130776018558234200e-05	-3.631967742290484772e-04	3.362590630831901409e-04	-8.669083442916588776e-04	-4.663210449190599636e-04
-4.147806104551216835e-04	-1.271082158471886856e-03	-1.977250034533385757e-04	1.281323386478956270e-03	1.791975542454493555e-03	-3.730177139557153045e-03	2.334081164314128713e-03	5.396723647499130673e-03	-1.271082158471784074e-03	0.000000000000000000e+00	-9.501543207413552794e-05	-4.392662051583050634e-04	1.191797217403277862e-04	-1.572905399091798547e-03	1.370221320196930194e-03	3.321845403090606386e-04	-1.977250034551581109e-04	-9.501543207221102843e-05	3.290294804036062153e-04	-5.736988500159548483e-04	-7.528968298461464126e-04	2.679764019937249612e-03	-3.017013056573882111e-04	-1.055377851915574247e-03	1.281323386479639318e-03	-4.392662051559846539e-04	-5.736988500177070275e-04	2.965053758323734148e-03	6.322504349078608091e-04	-1.655724908839920117e-03	1.345954003262898532e-04	1.701283352405615372e-03	1.791975542453291392e-03	1.191797217402073991e-04	-7.528968298443933661e-04	6.322504349026851532e-04	1.665787362992477826e-03	-1.942349214734535824e-05	-2.726859787783254743e-03	6.848162139542035131e-04	-3.730177139563733285e-03	-1.572905399093788058e-03	2.679764019947129296e-03	-1.655724908846492333e-03	-1.942349215776768191e-05	-3.514792541798750919e-04	2.458328282771495531e-03	1.158835105632089867e-03	2.334081164315921983e-03	1.370221320198528525e-03	-3.017013056616264658e-04	1.345954003286246013e-04	-2.726859787779106151e-03	2.458328282765121289e-03	-4.944503773076289882e-03	-4.574209301575861593e-03	5.396723647500033597e-03	3.321845403120983562e-04	-1.055377851911926991e-03	1.701283352400119551e-03	6.848162139537482566e-04	1.158835105636996533e-03	-4.574209301580475090e-03	-7.872415862302412646e-05
2.240056617848805789e-04	1.042226930351269811e-03	-2.666502709985173582e-04	-6.416159296096161750e-04	-7.043491419152107585e-04	1.896584734011524942e-03	-9.910891709222679948e-04	-3.247570358573623021e-03	8.014397966173933971e-04	9.501543207413552794e-05	0.000000000000000000e+00	3.280774615540139449e-04	-8.989286371117059045e-05	8.242577786357760871e-04	-7.353009839382976297e-04	-4.872917195583104447e-05	5.827195456342676151e-05	-1.191619502724505786e-15	-3.443236353086557839e-04	4.417309817689080197e-04	7.863606476243970890e-04	-1.855405682763810842e-03	2.727813263589019691e-04	5.243744810305754839e-04	-7.327203527791197914e-04	3.719153461766793963e-04	-2.927287717858890158e-04	-1.989284196324530435e-03	1.623949342878969093e-05	1.160245761287840129e-03	-1.666882824798938468e-04	-5.959184879854060668e-04	-1.112314234970115945e-03	6.744789292113665454e-05	7.736710387474326437e-04	-4.913956744911080875e-04	-1.609918665125331010e-03	1.876059540274468626e-04	1.635685218964999998e-03	-7.905881742772554420e-04	2.459580225836194203e-03	1.199932102012604869e-03	-1.486865745248959741e-03	1.678788521875777037e-03	-2.912341306837297038e-04	-1.286735067386019730e-04	-1.189668920513571029e-03	-1.065107595753926259e-03	-1.293013882074866465e-03	-1.218712202521175011e-03	6.086516707144784067e-04	-3.901455510074638305e-04	1.741796711677238291e-03	-1.042256010174818105e-03	2.014661214102476689e-03	3.523049889087102871e-03	-3.071378732420197016e-03	1.438261809106890460e-04	1.015371670099240791e-03	-1.081460252499148993e-03	-7.969723720947267335e-04	-5.049710508721918763e-04	2.468947432414297059e-03	-4.427266718112455256e-04
7.823839055815933223e-05	-5.930720992543747280e-04	-1.178375557771912810e-04	-1.758440662578914697e-03	1.304923592200419279e-03	3.325970177388950892e-03	-2.213279391504550421e-03	3.258317513492661743e-03	-7.302194667489444492e-04	4.392662051583050634e-04	-3.280774615540139449e-04	0.000000000000000000e+00	3.776661271691917070e-04	-7.523410106034902119e-04	8.502641752994564723e-04	6.133937321302627196e-04	-1.939523704369507020e-04	-3.719153461809281136e-04	7.069544378496064874e-04	-9.353361148255292298e-04	-1.250305137759567375e-03	2.678344948724492233e-03	-1.047560840904353426e-03	-1.499121803967777295e-03	-1.687213420485564677e-03	-2.851397503528252386e-15	-5.302428593837576207e-04	-4.508844114261094209e-03	4.421675854623725215e-04	1.815700938036761934e-03	7.976185971384108949e-05	5.083362734630345178e-04	1.582764310051499191e-03	1.403462154917776755e-04	-9.209544604019688063e-04	9.899243014617224376e-04	1.304320462055378639e-03	-1.094790014785123212e-03	-8.750210551146755424e-04	8.150881442921906628e-04	3.094841539145869527e-03	-5.510913975157536848e-04	2.350204700113384636e-03	1.434559966930131197e-03	-4.774864975393248458e-04	1.379585885504749671e-04	-2.256239152485120178e-03	3.825140718107791424e-04	-1.878566367559742975e-03	6.600153089159306119e-04	-9.526638247712791285e-04	4.026854999210537295e-04	-1.070203293702297765e-03	-2.406290549436532027e-03	6.565469603839958063e-03	-2.236774700156610174e-03	4.243026918895538221e-03	1.711909796615644825e-04	-8.506722084821926808e-04	1.792936425265739256e-03	3.556584809008571293e-04	3.829716754744059179e-05	-2.558574261953829813e-03	-1.015630120881040263e-04
2.663984675871328717e-05	-3.180469874263852290e-04	1.616934006612851535e-04	-1.147406919090644423e-04	-7.892421893529065133e-05	2.345622016214785814e-05	-1.570073183437130132e-04	2.571767638025877658e-04	6.361298537734398390e-05	-1.191797217403277862e-04	8.989286371117059045e-05	-3.776661271691917070e-04	0.000000000000000000e+00	3.318701391908003844e-04	-2.556799349133760755e-04	5.062442071606641791e-05	-1.662848718401553497e-04	-6.744789292137531454e-05	2.037484057578052457e-04	-5.831259788004720815e-05	-3.473975999870122702e-04	-1.207121043870639535e-04	3.705480325305116540e-04	-2.506798197078722885e-04	1.235051567605387310e-04	-1.403462154894942102e-04	2.406725960505600804e-04	4.914615610222401688e-04	-2.094257450185143372e-04	-2.954102522987825797e-04	7.613671477178126355e-05	-2.674037349834169973e-04	2.067965056365583701e-04	2.063914360597718378e-16	-4.165975725004786604e-04	2.277590033390826580e-04	6.925325221201349309e-04	-1.419130035583522024e-04	-2.062151745556458065e-04	3.729935812918910984e-04	-3.665204340377966512e-04	-4.415510999145014513e-05	-2.069257716143748814e-04	-4.437515474561050670e-04	3.021081948851063589e-04	3.187406545513320953e-05	1.691485222726324639e-04	2.795040660152633234e-04	1.285557876959800348e-04	2.515063468302360539e-04	-3.211750415567723874e-04	2.678348671877026120e-04	-5.263366798655722429e-05	-4.035030360503171799e-07	6.338483024604399472e-05	-4.090929851312424836e-04	1.458119114954424143e-04	-1.255519860281462086e-04	-4.911863722601933838e-04	5.486068033572974456e-04	4.792911347712348240e-04	-2.306205421028527987e-04	1.536691358754705924e-04	3.170314777490144563e-04
-3.201496680000517447e-04	1.052117948596234098e-03	-1.391731488913938741e-04	-9.057526338587123822e-05	-1.089346258081652988e-03	-1.233813105484730163e-03	1.119404852562398776e-03	-2.297000469939453234e-03	6.673679128181495002e-04	1.572905399091798547e-03	-8.242577786357760871e-04	7.523410106034902119e-04	-3.318701391908003844e-04	0.000000000000000000e+00	-4.004408716101634470e-04	-1.394905990948546413e-03	1.589339634248901497e-04	-1.199932102008804957e-03	-8.257786631573897271e-05	2.601445984135399882e-04	1.194613735517870319e-03	-7.935997587127728136e-04	1.829735486624957104e-04	2.928889516365053639e-03	5.793959969751794059e-04	5.510913975096871399e-04	1.973740412044774906e-05	1.506519396534801956e-03	-7.420766130860611816e-05	-8.072470747622257931e-04	1.648376742597638202e-05	-1.182287058917209780e-04	-1.208137125532908907e-03	4.415510998950186771e-05	1.097850710099987533e-03	-6.873362199888498163e-04	-1.336364181306348882e-03	4.045365737182831040e-04	9.049958557049801993e-04	-9.793602471491603782e-04	-1.715371977805909198e-03	4.295229536627198641e-15	-4.994385641333145501e-04	-7.720126295401208601e-04	-6.693837620147158243e-04	-2.281846645285285681e-04	1.560527113317652925e-03	-4.442118092323632137e-04	1.223506607364972191e-03	-5.791360920041923026e-04	5.291576934298304179e-04	4.572061236321107742e-04	1.438010684622196157e-03	8.972571279026186637e-04	-3.044309466819104457e-03	1.502017244288853491e-03	-2.812562328225778376e-03	-1.125672732130445115e-03	2.778220213339331092e-03	-1.488150448955931175e-03	-3.037910442267127654e-04	1.329472874129291628e-04	1.444070834076464568e-03	4.196451871973891118e-04
2.430944980845405317e-04	-5.254277657696765878e-04	2.426830102194625990e-05	3.500598229636846161e-04	6.023170001898776275e-04	4.768694616237020368e-04	-8.066051712088867552e-04	5.959515870084794225e-04	-3.598152426960804463e-04	-1.370221320196930194e-03	7.353009839382976297e-04	-8.502641752994564723e-04	2.556799349133760755e-04	4.004408716101634470e-04	0.000000000000000000e+00	9.630185040033051834e-04	3.300372989440549402e-06	1.218712202519595545e-03	-1.270820588661127363e-04	3.685432617595747751e-04	-9.143398981221672554e-04	-4.839472391979946159e-04	1.886278676402360467e-04	-2.298848125667652970e-03	-1.463632550646948370e-04	-6.600153089073128310e-04	2.317934516697335101e-04	-3.708761148663275138e-04	-6.201918856162328265e-05	3.788914360716079833e-04	-2.539634388851299066e-04	-5.972055990714048544e-06	4.009717414877357611e-04	-2.515063468297509277e-04	-5.558516160993846184e-04	1.945779316091849004e-04	8.499229959523324582e-04	2.341577077463432221e-05	-2.758148547652625703e-04	8.540094259988199616e-04	8.359570446101541319e-04	5.791360920004142918e-04	-6.801265117267430924e-04	8.756364634746445713e-05	7.301798117013344729e-04	3.166441064517528346e-04	-9.295448570435971454e-04	7.727563667291272216e-05	-7.132759268837983143e-04	-5.319976772479029226e-16	1.021119795107459764e-04	-4.500680125465633175e-04	-7.828325234404030167e-04	-3.698170082257805033e-04	1.535026599284513172e-03	-1.351491908795210547e-04	8.950864081691397786e-04	3.861740505047167073e-04	-1.750335779821911037e-03	8.119711093648751023e-04	2.150376682578981902e-04	-2.270805302828487744e-04	-1.426559777706672431e-04	5.617884222043743083e-05
2.322313594576767517e-05	-6.679376563899170954e-05	6.545698003179692588e-04	-1.266902038716658224e-03	-1.194504016822071826e-03	2.473215806515674953e-03	-1.353326387696519601e-03	-2.939526053388900970e-03	5.648526469580072594e-04	-3.321845403090606386e-04	4.872917195583104447e-05	-6.133937321302627196e-04	-5.062442071606641791e-05	1.394905990948546413e-03	-9.630185040033051834e-04	0.000000000000000000e+00	2.494319943345245935e-04	-1.438261809140418328e-04	1.481036601871018330e-04	8.708121935900520801e-04	-5.690532080065145612e-05	-2.124441696618747412e-03	5.020333052760466656e-04	1.303913313192690230e-04	-5.462607059057032668e-04	-1.711909796535744546e-04	6.927333756560007279e-04	-9.665837138754586636e-04	-7.722661105861419913e-04	5.345439294436819117e-04	-1.157413011704738022e-05	-1.689903335366325834e-03	-1.065135939365321679e-03	1.255519860292220625e-04	-6.739243649125153056e-05	-3.904950098529391374e-04	4.610021023333597107e-05	7.313800398320839278e-05	1.318414230075302300e-03	4.898417821495047785e-05	1.597850666841839394e-03	1.125672732126466310e-03	-1.961092037220479520e-03	4.436369677233873918e-04	6.884154031836411513e-04	3.612125610772281051e-04	-1.111599974568321016e-03	-4.200019954148385883e-04	-8.853565408427676101e-04	-3.861740505063141708e-04	-8.737174277938187985e-04	3.769643518872338472e-04	1.855147695347345374e-03	-1.519134307514691338e-03	2.406944513996970257e-03	2.676320549262594869e-03	-3.033016532140389403e-03	-1.948175778684890780e-16	2.424237568426216617e-04	-4.977991406342043099e-04	3.544001089107017954e-04	-8.858559090482432102e-04	2.623228320313087704e-03	3.822045040384466430e-04
2.078367685879883181e-04	-3.246674338079651905e-05	5.429479074317697038e-16	7.055984426590511133e-04	8.740068515549989127e-05	-6.811747434433087535e-04	-5.404537254855380969e-05	-6.038696273919841101e-04	1.464862902482124340e-04	1.977250034551581109e-04	-5.827195456342676151e-05	1.939523704369507020e-04	1.662848718401553497e-04	-1.589339634248901497e-04	-3.300372989440549402e-06	-2.494319943345245935e-04	0.000000000000000000e+00	2.666502709970082030e-04	-2.518537746194599546e-04	-2.146685715202241570e-04	8.653599093436597318e-05	3.909855467636482438e-04	-1.349558397532122506e-04	3.060498847300964997e-04	3.702822880400044895e-04	1.178375557796793895e-04	-3.449533279581628534e-04	9.793546182905298741e-04	2.216245026058982840e-05	-4.081294933128200861e-04	-4.916463982055336939e-05	-4.666851898451764664e-04	-2.024110243281247441e-04	-1.616934006608105440e-04	2.536245608103275756e-04	9.947600441400673843e-05	-4.741623275826783545e-04	-3.271738911567031657e-04	4.793483799430242999e-04	-4.561140046061563756e-05	-4.024708593417442894e-04	1.391731488900044690e-04	1.607221223460149079e-04	-5.741073144051266324e-04	1.790758067694554702e-04	2.311308854700339294e-04	-1.647260864369536179e-04	2.093855227789154553e-05	1.027551330791141225e-04	-2.426830102204004339e-05	-3.316676153277580471e-04	-1.619099359109292795e-04	1.309862134452172936e-04	3.205883951707328480e-04	-3.431736469718590097e-04	4.902210884974037355e-04	-5.714002924989880407e-04	-6.545698003200588417e-04	5.749237088386359787e-04	-2.680970622628322240e-04	-4.941713791130246738e-04	2.444954213058689855e-05	2.637551253992573416e-04	4.040316600550407432e-04
2.240056617870229895e-04	8.014397966189068349e-04	5.827195456194881099e-05	-7.327203527787231902e-04	-1.112314234969727800e-03	2.459580225838834885e-03	-1.293013882080736986e-03	-3.071378732422387105e-03	1.042226930352134571e-03	9.501543207221102843e-05	1.191619502724505786e-15	3.719153461809281136e-04	6.744789292137531454e-05	1.199932102008804957e-03	-1.218712202519595545e-03	1.438261809140418328e-04	-2.666502709970082030e-04	0.000000000000000000e+00	-3.443236353071537303e-04	-2.927287717856563460e-04	7.736710387460299029e-04	-1.486865745242757237e-03	6.086516707117159680e-04	1.015371670096566065e-03	-6.416159296088617871e-04	3.280774615560490466e-04	4.417309817656807293e-04	-1.989284196323241535e-03	-4.913956744919389117e-04	1.678788521870767589e-03	-3.901455510057604947e-04	-1.081460252501405001e-03	-7.043491419147066045e-04	-8.989286370861370291e-05	7.863606476179294978e-04	1.623949343005434839e-05	-1.609918665121515919e-03	-2.912341306886718226e-04	1.741796711678342009e-03	-7.969723720939907771e-04	1.896584734016907789e-03	8.242577786346520947e-04	-1.855405682763619588e-03	1.160245761291210913e-03	1.876059540317857313e-04	-1.286735067351046349e-04	-1.042256010185316217e-03	-5.049710508699236169e-04	-9.910891709292370295e-04	-7.353009839391648830e-04	2.727813263594012442e-04	-1.666882824806655548e-04	1.635685218962846989e-03	-1.189668920518801871e-03	2.014661214122564353e-03	2.468947432414656147e-03	-3.247570358575804002e-03	-4.872917195199726493e-05	5.243744810215495008e-04	-5.959184879864038581e-04	-7.905881742766557698e-04	-1.065107595754240461e-03	3.523049889087731708e-03	-4.427266718137742646e-04
-6.304747601334105697e-05	-3.083549837583851334e-04	2.518537746196522378e-04	-4.241003017915729147e-05	6.237560696308570656e-07	-3.042992040456436167e-04	-9.857063946120454172e-05	7.084000899078223782e-04	-3.083549837601786206e-04	-3.290294804036062153e-04	3.443236353086557839e-04	-7.069544378496064874e-04	-2.037484057578052457e-04	8.257786631573897271e-05	1.270820588661127363e-04	-1.481036601871018330e-04	2.518537746194599546e-04	3.443236353071537303e-04	0.000000000000000000e+00	5.639416058011920748e-04	-3.851588045365674949e-04	-1.601456301211032912e-04	1.043255064466742314e-04	-9.488827617764833237e-04	-4.241003017887903098e-05	-7.069544378462988034e-04	5.639416058004528658e-04	1.795804034837304069e-04	-2.460101157298575796e-05	-3.735334511557472040e-04	6.125780666887132154e-05	6.322087699920048241e-04	6.237560714936248181e-07	-2.037484057571449937e-04	-3.851588045361299109e-04	-2.460101157228805353e-05	1.013273542450248647e-03	-2.832223262245337484e-05	-4.087787708409973105e-04	9.459731167080788743e-04	-3.042992040456745165e-04	8.257786631415210731e-05	-1.601456301189116578e-04	-3.735334511574031060e-04	-2.832223262466306018e-05	2.045425135030035134e-04	1.474564688578974857e-05	-1.705054102536689490e-04	-9.857063946092534611e-05	1.270820588657287119e-04	1.043255064448968039e-04	6.125780666946279449e-05	-4.087787708366471661e-04	1.474564688420910378e-05	4.386800945691147406e-04	-6.456506680884977183e-04	7.084000899120394910e-04	-1.481036601868161457e-04	-9.488827617788254173e-04	6.322087699959360327e-04	9.459731167113397208e-04	-1.705054102538878223e-04	-6.456506680915835746e-04	7.486660046067473203e-04
1.690881125607797257e-04	2.847258353363369895e-04	3.449533279590095069e-04	1.588532005107008704e-03	-1.211204560232712231e-03	-1.764721967335825068e-03	1.014583499532120854e-03	-3.031513224606511344e-03	7.503425443173535395e-04	5.736988500159548483e-04	-4.417309817689080197e-04	9.353361148255292298e-04	5.831259788004720815e-05	-2.601445984135399882e-04	-3.685432617595747751e-04	-8.708121935900520801e-04	2.146685715202241570e-04	2.927287717856563460e-04	-5.639416058011920748e-04	0.000000000000000000e+00	1.225074129793879462e-03	2.539316186981309138e-05	-5.089960114353175944e-04	2.012026173437106782e-03	5.876258058559856055e-04	5.302428593834306253e-04	1.094718933558613827e-15	2.136593334845386660e-03	-6.116054612327437127e-04	-9.871932140398376448e-04	3.495276780612242232e-04	-1.617993888210452098e-03	-1.387424464708512505e-03	-2.406725960509494445e-04	1.088312664804086047e-03	-5.324912674295118661e-04	-2.109536597783484568e-03	-1.873669018723275325e-04	2.189481476710710035e-03	-9.869950953921430292e-04	-8.750826424354226848e-04	-1.973740411737856244e-05	-3.861468632623797376e-04	-5.081660783199774562e-04	4.483003578659864111e-04	2.516976098327282059e-04	-1.168695852006451533e-04	1.588805174322354015e-04	5.205432625058900109e-04	-2.317934516712453759e-04	-5.069734045468292762e-04	-6.236095969451286485e-04	1.369587755680498013e-03	1.031892916820991053e-03	-2.456373544697056099e-03	1.869641156145165385e-03	-3.330928627483609704e-03	-6.927333756595830403e-04	2.196603032062093529e-03	-1.868713864810017796e-03	-1.767525312677289051e-03	1.995557109687052643e-04	2.042462029769901918e-03	-1.382323845181658302e-04
-2.039614742804528097e-04	-1.493288792579824259e-04	-2.536245608089331290e-04	9.111527897928508365e-04	8.131527319919367195e-04	-1.822557057495579518e-03	1.490572119573021961e-03	1.760343850417125976e-03	-5.468007104144669006e-04	7.528968298461464126e-04	-7.863606476243970890e-04	1.250305137759567375e-03	3.473975999870122702e-04	-1.194613735517870319e-03	9.143398981221672554e-04	5.690532080065145612e-05	-8.653599093436597318e-05	-7.736710387460299029e-04	3.851588045365674949e-04	-1.225074129793879462e-03	0.000000000000000000e+00	2.165610076080187393e-03	-1.193424141664277752e-03	8.365081177703331122e-04	6.368380298688485278e-04	9.209544603948717273e-04	-1.088312664798477252e-03	1.663147352281633571e-03	4.579909625588660257e-04	-8.405524357157248376e-04	1.138753622628354553e-04	1.280484191098494641e-04	8.195448517643499822e-04	4.165975724984160742e-04	1.493291980955019360e-15	7.247966914422666331e-05	-4.185203621458178074e-04	2.652488938912781011e-04	-8.791781733126590283e-04	-8.173542681057602028e-04	-1.531064583379336107e-03	-1.097850710096127990e-03	2.332288890454937286e-03	-7.387451208015851679e-04	-4.440143982357800268e-04	-1.346914036716379340e-04	1.215169605265852514e-03	5.779154009902773585e-04	1.142100705571447898e-03	5.558516161011746361e-04	-5.890268262671357474e-04	-2.399948607089533756e-05	-6.467911520128357718e-04	1.120362683273399629e-03	-2.878356408769262680e-03	-1.479639527170469211e-03	1.721121008642464067e-03	6.739243648804673736e-05	1.408124796942064388e-03	-1.014826001450234820e-03	-1.033872473018958554e-03	1.056791662455397896e-03	-1.717106949451164318e-03	-8.214966949048790922e-04
3.297713017399836639e-04	-1.667507138480578063e-03	-1.607221223440085647e-04	-2.094602626286618365e-04	2.182305144450788405e-03	1.011286056364624035e-03	-1.174022247829342811e-03	5.032910667154293430e-03	-1.514969623746416404e-03	-2.679764019937249612e-03	1.855405682763810842e-03	-2.678344948724492233e-03	1.207121043870639535e-04	7.935997587127728136e-04	4.839472391979946159e-04	2.124441696618747412e-03	-3.909855467636482438e-04	1.486865745242757237e-03	1.601456301211032912e-04	-2.539316186981309138e-05	-2.165610076080187393e-03	0.000000000000000000e+00	7.480423474817592729e-04	-5.105662651641065287e-03	-4.796381030746714967e-06	-2.350204700096319294e-03	3.861468632530351075e-04	-7.887276565329608352e-04	7.330330823944815506e-04	6.475792867652889386e-04	-4.576231559579873481e-04	2.383422731964702883e-03	2.376967458420203502e-03	2.069257716167829215e-04	-2.332288890462217053e-03	1.229894680516977444e-03	3.516608993298664301e-03	-6.262823057661145814e-05	-2.764965700223501015e-03	1.977990249156971747e-03	7.357283384850576372e-04	4.994385641161124901e-04	1.702529447717565647e-14	2.534939217763399703e-04	3.302127517090251881e-04	-3.856067425612240787e-05	-3.364668244237306724e-04	7.899793715870242323e-05	-9.282323600220852497e-04	6.801265117338943815e-04	4.875729805637921913e-04	-1.383081158288047635e-04	-2.710751143912950092e-03	-5.693776184005627794e-04	2.344858501450862616e-03	-2.966783588415187849e-03	5.419061805940652080e-03	1.961092037221097949e-03	-6.115927885588831603e-03	3.508500760141622724e-03	2.446732638754774841e-03	-4.396501924887057274e-04	-2.895520414816071635e-03	8.409550361744647920e-05
-3.475188881057472571e-04	6.059908475350304826e-04	3.316676153267000284e-04	-7.166852001161791615e-04	-1.324859679077281232e-03	5.923133446163290905e-04	7.420760158982683125e-04	-1.577563257978565085e-03	6.390451453222565931e-04	3.017013056573882111e-04	-2.727813263589019691e-04	1.047560840904353426e-03	-3.705480325305116540e-04	-1.829735486624957104e-04	-1.886278676402360467e-04	-5.020333052760466656e-04	1.349558397532122506e-04	-6.086516707117159680e-04	-1.043255064466742314e-04	5.089960114353175944e-04	1.193424141664277752e-03	-7.480423474817592729e-04	0.000000000000000000e+00	1.740829376250278924e-03	-5.851264351762429632e-04	9.526638247619583508e-04	5.069734045488465428e-04	-1.472187324683448765e-03	-5.682840295518365187e-04	4.364530950228486970e-04	4.084997210802070395e-04	-7.132030271809376579e-04	-8.990351566357367846e-04	3.211750415549317374e-04	5.890268262702109785e-04	-8.544936936259969230e-04	-1.108424231312437301e-03	5.068543015599198806e-04	5.709050172717218367e-04	-1.067707851558533962e-03	7.088415589209979021e-04	-5.291576934238371652e-04	-4.875729805788447122e-04	1.536323307455977373e-03	-9.909017205406118545e-05	-4.633512590160277856e-04	7.586183878486920935e-05	1.050979357947897351e-04	3.455082503735658193e-05	-1.021119795111195654e-04	2.415710860514952429e-15	-1.371874787691180326e-04	9.892934263979391227e-04	-1.210517510259046236e-04	-6.515710643516447673e-04	5.880126139050059937e-04	-2.020310171489917740e-03	8.737174277944586946e-04	9.300922036415311400e-04	-1.500636645875455619e-03	-4.323730948197906931e-04	2.210098824948752289e-04	7.991106352883562206e-04	-8.617081543453982079e-04
-5.132042352922375314e-05	-1.118412464232016379e-03	-5.749237088336745611e-04	2.958844967050206810e-03	2.531746733050680570e-03	-5.943008850299036534e-03	3.073855193693978728e-03	6.540871002157666592e-03	-1.591664258600556780e-03	1.055377851915574247e-03	-5.243744810305754839e-04	1.499121803967777295e-03	2.506798197078722885e-04	-2.928889516365053639e-03	2.298848125667652970e-03	-1.303913313192690230e-04	-3.060498847300964997e-04	-1.015371670096566065e-03	9.488827617764833237e-04	-2.012026173437106782e-03	-8.365081177703331122e-04	5.105662651641065287e-03	-1.740829376250278924e-03	0.000000000000000000e+00	2.036756274331917235e-03	8.506722084656411420e-04	-2.196603032047321491e-03	5.288411886891887861e-03	1.351427987470869710e-03	-3.335474301897631624e-03	4.297529946523702209e-04	1.908470243055419326e-03	2.524960638628715153e-03	4.911863722543926853e-04	-1.408124796929079332e-03	6.762436144599492677e-04	1.309088460334798410e-03	1.483181530315245034e-04	-3.491023550401949060e-03	1.918853920487899540e-06	-4.355877991363362248e-03	-2.778220213329294849e-03	6.115927885576128223e-03	-2.641269123074137595e-03	-1.192882619806008744e-03	6.483187699225144646e-05	2.632435615754087285e-03	1.366929895294250429e-03	2.131798136959682163e-03	1.750335779824933793e-03	-9.300922036384928803e-04	-2.342130965777182504e-04	-3.096076532635746829e-03	3.020078193660459889e-03	-5.251827161703100273e-03	-5.522990626033463107e-03	6.829708871703161349e-03	-2.424237568522960790e-04	1.291960380908965811e-14	3.185781140414799522e-04	-3.904911484439175574e-04	2.173942816506635629e-03	-6.197529903525775263e-03	-4.542339274974289704e-04
-2.177033534481361416e-05	4.398979636281133594e-04	-7.055984426597059714e-04	6.211177405734957802e-15	1.197143599567444209e-03	-2.241329317527504365e-04	3.021720898110002908e-04	2.904859863818771591e-04	3.805101483927143769e-04	-1.281323386479639318e-03	7.327203527791197914e-04	1.687213420485564677e-03	-1.235051567605387310e-04	-5.793959969751794059e-04	1.463632550646948370e-04	5.462607059057032668e-04	-3.702822880400044895e-04	6.416159296088617871e-04	4.241003017887903098e-05	-5.876258058559856055e-04	-6.368380298688485278e-04	4.796381030746714967e-06	5.851264351762429632e-04	-2.036756274331917235e-03	0.000000000000000000e+00	1.758440662573447933e-03	-1.588532005103602358e-03	-7.842930103321129123e-04	5.361989858982359799e-04	7.509000629418193830e-04	-3.691254396876052137e-04	-4.387663607174731371e-04	6.398891138485756800e-04	1.147406919076161380e-04	-9.111527897902550396e-04	3.590713722177853667e-05	1.710356029239792561e-03	4.951312885675819390e-04	-1.979791796837848585e-03	9.003381960831302946e-04	5.476486039890416139e-05	9.057526338941348934e-05	2.094602626227321722e-04	1.298822628596250830e-03	3.297598598435508505e-04	-1.138154111891872666e-03	1.146305423479503007e-03	-5.621024981787514586e-05	-3.752293888538793076e-05	-3.500598229640942819e-04	7.166852001209436879e-04	-8.306740012067632007e-04	-1.977777637395353519e-03	1.487377738362607831e-03	-1.521827396885597206e-03	1.526823943879048612e-04	4.461350563974294885e-04	1.266902038714794263e-03	-2.958844967044065889e-03	-7.562960360752150240e-04	1.273728952169655851e-03	5.821869498787172938e-04	-1.168111886472273514e-03	1.227409456921926129e-05
7.823839056093727503e-05	-7.302194667467742017e-04	-1.939523704347090056e-04	-1.687213420481268201e-03	1.582764310049591646e-03	3.094841539144016843e-03	-1.878566367561887961e-03	4.243026918887263590e-03	-5.930720992454946786e-04	4.392662051559846539e-04	-3.719153461766793963e-04	2.851397503528252386e-15	1.403462154894942102e-04	-5.510913975096871399e-04	6.600153089073128310e-04	1.711909796535744546e-04	-1.178375557796793895e-04	-3.280774615560490466e-04	7.069544378462988034e-04	-5.302428593834306253e-04	-9.209544603948717273e-04	2.350204700096319294e-03	-9.526638247619583508e-04	-8.506722084656411420e-04	-1.758440662573447933e-03	0.000000000000000000e+00	-9.353361148120116139e-04	-4.508844114247726430e-03	9.899243014545114090e-04	1.434559966928230807e-03	4.026854999194886837e-04	1.792936425256761845e-03	1.304923592194972681e-03	3.776661271700592314e-04	-1.250305137758166586e-03	4.421675854609729791e-04	1.304320462052108468e-03	-4.774864975334393627e-04	-1.070203293699696547e-03	3.556584808970687100e-04	3.325970177393085606e-03	-7.523410105942536768e-04	2.678344948695449926e-03	1.815700938035731075e-03	-1.094790014772179356e-03	1.379585885497291986e-04	-2.406290549439208705e-03	3.829716755118403018e-05	-2.213279391507482104e-03	8.502641752989994811e-04	-1.047560840896845542e-03	7.976185971132092930e-05	-8.750210551279626568e-04	-2.256239152482823404e-03	6.565469603843396285e-03	-2.558574261961784821e-03	3.258317513472156444e-03	6.133937321342214670e-04	-1.499121803974643981e-03	5.083362734615919868e-04	8.150881442928247043e-04	3.825140718054158111e-04	-2.236774700135283917e-03	-1.015630120864423509e-04
1.690881125585686037e-04	7.503425443114344461e-04	2.146685715222491214e-04	5.876258058532964589e-04	-1.387424464709692768e-03	-8.750826424344132926e-04	5.205432625088057558e-04	-3.330928627471540365e-03	2.847258353352192313e-04	5.736988500177070275e-04	2.927287717858890158e-04	5.302428593837576207e-04	-2.406725960505600804e-04	-1.973740412044774906e-05	-2.317934516697335101e-04	-6.927333756560007279e-04	3.449533279581628534e-04	-4.417309817656807293e-04	-5.639416058004528658e-04	-1.094718933558613827e-15	1.088312664798477252e-03	-3.861468632530351075e-04	-5.069734045488465428e-04	2.196603032047321491e-03	1.588532005103602358e-03	9.353361148120116139e-04	0.000000000000000000e+00	2.136593334843522266e-03	-5.324912674263889301e-04	-5.081660783205019932e-04	-6.236095969426368266e-04	-1.868713864796287894e-03	-1.211204560231025646e-03	5.831259787868106598e-05	1.225074129791412034e-03	-6.116054612308151339e-04	-2.109536597779352457e-03	4.483003578587889349e-04	1.369587755684794923e-03	-1.767525312671340250e-03	-1.764721967337870307e-03	-2.601445984095836260e-04	2.539316187722954923e-05	-9.871932140421250945e-04	-1.873669018784198271e-04	2.516976098348493933e-04	1.031892916820555204e-03	1.995557109625338229e-04	1.014583499535216902e-03	-3.685432617611348878e-04	-5.089960114398922771e-04	3.495276780652186409e-04	2.189481476721655273e-03	-1.168695852044580348e-04	-2.456373544700177734e-03	2.042462029774694959e-03	-3.031513224597247487e-03	-8.708121935931108313e-04	2.012026173435748494e-03	-1.617993888207497431e-03	-9.869950953900427128e-04	1.588805174312962656e-04	1.869641156139901800e-03	-1.382323845164401327e-04
4.582027309164678685e-04	9.251658068922659307e-04	-9.793546182946689244e-04	7.842930103496481477e-04	1.733747571225574980e-03	-9.525409558206758467e-04	-5.273089143611369226e-04	4.975861172994381233e-04	9.251658068970872693e-04	-2.965053758323734148e-03	1.989284196324530435e-03	4.508844114261094209e-03	-4.914615610222401688e-04	-1.506519396534801956e-03	3.708761148663275138e-04	9.665837138754586636e-04	-9.793546182905298741e-04	1.989284196323241535e-03	-1.795804034837304069e-04	-2.136593334845386660e-03	-1.663147352281633571e-03	7.887276565329608352e-04	1.472187324683448765e-03	-5.288411886891887861e-03	7.842930103321129123e-04	4.508844114247726430e-03	-2.136593334843522266e-03	0.000000000000000000e+00	4.623387451522423903e-04	1.269624555181176652e-03	-1.537312432721644855e-03	-1.818173071605016589e-03	1.733747571214056416e-03	-4.914615610233385740e-04	-1.663147352278588481e-03	4.623387451475739242e-04	4.033263000365264715e-03	1.091805078779748079e-03	-5.491248365378008020e-03	2.906992672058610321e-03	-9.525409557850411570e-04	-1.506519396530997925e-03	7.887276565277383418e-04	1.269624555194009052e-03	1.091805078784092910e-03	-1.968430261569431225e-03	2.716071021203644333e-03	1.225009606928843331e-03	-5.273089143784175873e-04	3.708761148666118459e-04	1.472187324696778814e-03	-1.537312432737774747e-03	-5.491248365402059961e-03	2.716071021221071365e-03	-1.382741270305350633e-03	-2.578438963190119414e-03	4.975861172802731151e-04	9.665837138781801195e-04	-5.288411886886876245e-03	-1.818173071616827237e-03	2.906992672047714523e-03	1.225009606928394688e-03	-2.578438963175923304e-03	1.201244232316052429e-03
-2.256957116589431063e-04	-2.236194730958455815e-04	-9.947600441629303621e-05	-3.590713722303085116e-05	3.437234130720746893e-04	-6.376072168410930915e-07	5.703552204103886134e-05	7.196516061440309895e-04	-8.540151921450712719e-05	-6.322504349078608091e-04	-1.623949342878969093e-05	-4.421675854623725215e-04	2.094257450185143372e-04	7.420766130860611816e-05	6.201918856162328265e-05	7.722661105861419913e-04	-2.216245026058982840e-05	4.913956744919389117e-04	2.460101157298575796e-05	6.116054612327437127e-04	-4.579909625588660257e-04	-7.330330823944815506e-04	5.682840295518365187e-04	-1.351427987470869710e-03	-5.361989858982359799e-04	-9.899243014545114090e-04	5.324912674263889301e-04	-4.623387451522423903e-04	0.000000000000000000e+00	3.798913126459749039e-04	-1.027210874363478294e-06	6.728763971577149047e-04	3.258524589814146256e-05	-2.277590033383715840e-04	-7.247966914599682665e-05	-7.025316675515584641e-16	7.811344069606539296e-04	-2.867953174084168389e-05	-2.944673602407627553e-04	9.345153443991280513e-04	3.012266459667994520e-04	6.873362199851568068e-04	-1.229894680515707410e-03	2.277192066000445871e-04	4.805525383420261522e-04	-1.626132298674629105e-04	-4.675566790122890704e-05	-8.134439962332568161e-05	1.605366664742775363e-04	-1.945779316089035500e-04	8.544936936282358005e-04	-2.655189118240739972e-04	-1.025331555938305359e-03	5.314647796646988429e-04	-2.648230375553061637e-04	-5.527220173106128613e-04	8.159790693497168210e-04	3.904950098565306655e-04	-6.762436144624414149e-04	7.131712401958741152e-04	2.776861368239707433e-04	-3.096965551450207572e-05	-7.528202787866606054e-04	-1.101076260775780405e-04
-5.239450685400812158e-04	-5.331269703119009004e-04	5.741073144060466864e-04	-1.298822628599946658e-03	-7.964983661795932424e-04	1.017845399346582573e-03	2.516225463594085727e-04	-7.449365887486967923e-04	-1.631136646417667485e-04	1.655724908839920117e-03	-1.160245761287840129e-03	-1.815700938036761934e-03	2.954102522987825797e-04	8.072470747622257931e-04	-3.788914360716079833e-04	-5.345439294436819117e-04	4.081294933128200861e-04	-1.678788521870767589e-03	3.735334511557472040e-04	9.871932140398376448e-04	8.405524357157248376e-04	-6.475792867652889386e-04	-4.364530950228486970e-04	3.335474301897631624e-03	-7.509000629418193830e-04	-1.434559966928230807e-03	5.081660783205019932e-04	-1.269624555181176652e-03	-3.798913126459749039e-04	0.000000000000000000e+00	5.649126148637522403e-04	-1.663519702830476132e-04	-8.700436381644846128e-04	4.437515474558985807e-04	7.387451207998170510e-04	-2.277192065984909525e-04	-1.906786101419547397e-03	-4.793115924894694930e-04	2.390623829312529813e-03	-1.580295261724792236e-03	7.937695482166993001e-04	7.720126295419516439e-04	-2.534939217789597280e-04	-6.438453286142231669e-15	-9.891021159247703298e-05	4.814196714558768679e-04	-7.821373026557646227e-04	-4.014645712690807907e-04	5.859655810412640713e-04	-8.756364634941505882e-05	-1.536323307458039526e-03	9.337582573630103791e-04	2.761726558779389017e-03	-9.555322459930278532e-04	-1.857801186416634695e-04	1.717892637341118193e-03	-5.748693291217953430e-04	-4.436369677189932288e-04	2.641269123060444556e-03	7.417823726859275497e-04	-1.301538157742697464e-03	-5.736319508749809781e-04	1.267943637177387783e-03	-6.324112495029236792e-04
3.079494973344140099e-04	-1.089589013594095379e-04	1.619099359104707162e-04	8.306740012016871830e-04	-2.284482043534053646e-04	-4.755381940886906078e-04	-1.944201657523341657e-04	2.467028207429743537e-04	-2.910944416500188450e-04	-1.345954003262898532e-04	1.666882824798938468e-04	-7.976185971384108949e-05	-7.613671477178126355e-05	-1.648376742597638202e-05	2.539634388851299066e-04	1.157413011704738022e-05	4.916463982055336939e-05	3.901455510057604947e-04	-6.125780666887132154e-05	-3.495276780612242232e-04	-1.138753622628354553e-04	4.576231559579873481e-04	-4.084997210802070395e-04	-4.297529946523702209e-04	3.691254396876052137e-04	-4.026854999194886837e-04	6.236095969426368266e-04	1.537312432721644855e-03	1.027210874363478294e-06	-5.649126148637522403e-04	0.000000000000000000e+00	3.587870511429390647e-04	1.899754307157357788e-04	-2.678348671859002344e-04	2.399948606958947025e-05	2.655189118235076642e-04	-3.615513204259393574e-05	-7.820543254030834024e-05	9.644669588696673469e-05	2.060343684797890393e-04	-3.668111200202507725e-04	-4.572061236349870541e-04	1.383081158329744695e-04	-9.337582573539120797e-04	-1.858471547015720258e-04	4.337130855391927668e-04	-1.894021177321089200e-04	2.145744113749761123e-04	-3.476817533277540935e-04	4.500680125474524175e-04	1.371874787679047561e-04	-1.104171821249971819e-15	-2.005888054423125887e-04	-3.384032724809050595e-04	7.326121768186678873e-04	-1.020864756014478684e-03	9.006670932259442318e-05	-3.769643518858689993e-04	2.342130965783699643e-04	-5.516146765539705558e-05	-1.806135734754107003e-04	-5.305070480056856978e-05	1.084212930256127101e-04	1.237305921881267788e-04
-3.368111314647586870e-04	8.130776018840538762e-05	2.680970622585492459e-04	7.562960360703399089e-04	-6.578858818514351711e-04	-1.368614389258442305e-03	1.094583680097176810e-03	-1.441646563970800602e-03	-3.642450613388652681e-05	-1.701283352405615372e-03	5.959184879854060668e-04	-5.083362734630345178e-04	2.674037349834169973e-04	1.182287058917209780e-04	5.972055990714048544e-06	1.689903335366325834e-03	4.666851898451764664e-04	1.081460252501405001e-03	-6.322087699920048241e-04	1.617993888210452098e-03	-1.280484191098494641e-04	-2.383422731964702883e-03	7.132030271809376579e-04	-1.908470243055419326e-03	4.387663607174731371e-04	-1.792936425256761845e-03	1.868713864796287894e-03	1.818173071605016589e-03	-6.728763971577149047e-04	1.663519702830476132e-04	-3.587870511429390647e-04	0.000000000000000000e+00	-1.123376028996463365e-03	-5.486068033559012101e-04	1.014826001444856744e-03	-7.131712401972713266e-04	1.207861371817620355e-04	5.860707061001531239e-04	4.709402793192655123e-04	8.216137093493508601e-04	-1.519047510129065007e-03	1.488150448946389762e-03	-3.508500760119122493e-03	-7.417823726839039948e-04	1.173873364135551546e-03	-3.718482227993062748e-04	1.303761377253878162e-03	-1.477370476160506138e-04	1.899066332592679778e-03	-8.119711093641395795e-04	1.500636645870514476e-03	5.516146765735385077e-05	-5.157684990989327544e-04	1.531124840514148759e-03	-4.225835376502996149e-03	7.557573485302583865e-04	-1.049118287719108013e-03	4.977991406371008645e-04	-3.185781140424165945e-04	9.575131486305732409e-16	-1.733823376624491635e-04	2.849973511059129480e-05	1.925461797883484165e-04	-5.260781538157712368e-04
-1.124280161377874378e-04	5.914368527355244793e-05	-8.740068515594267944e-05	-1.197143599564705081e-03	-3.640534054771826789e-15	1.676326541953184488e-03	-7.461771299892780169e-04	3.838718275342597975e-04	-4.054355624651253620e-04	-1.791975542453291392e-03	1.112314234970115945e-03	-1.582764310051499191e-03	-2.067965056365583701e-04	1.208137125532908907e-03	-4.009717414877357611e-04	1.065135939365321679e-03	2.024110243281247441e-04	7.043491419147066045e-04	-6.237560714936248181e-07	1.387424464708512505e-03	-8.195448517643499822e-04	-2.376967458420203502e-03	8.990351566357367846e-04	-2.524960638628715153e-03	-6.398891138485756800e-04	-1.304923592194972681e-03	1.211204560231025646e-03	-1.733747571214056416e-03	-3.258524589814146256e-05	8.700436381644846128e-04	-1.899754307157357788e-04	1.123376028996463365e-03	0.000000000000000000e+00	7.892421893436262848e-05	-8.131527319880748998e-04	-3.437234130701315822e-04	1.580707220594094846e-03	7.767520737457622292e-04	-5.439076287750737237e-04	9.878862508521540388e-04	1.171705131681498270e-03	1.089346258080931343e-03	-2.182305144449972652e-03	7.964983661763072424e-04	4.549496951372215451e-05	-7.729403765674523058e-05	-3.158962671253989210e-04	-5.957553051470454398e-04	-6.427869407758272577e-04	-6.023170001927908787e-04	1.324859679075406430e-03	2.284482043534932392e-04	-1.579475211202109185e-04	-1.003320060940743590e-03	1.513700583951584772e-03	2.316780604751445319e-04	3.545234033012036653e-04	1.194504016818347591e-03	-2.531746733045274304e-03	6.578858818552318303e-04	1.470564271184839501e-03	-3.013947171716651208e-04	1.513990521167237564e-04	2.120226376607977644e-05
2.663984675820274653e-05	6.361298537724448124e-05	-1.662848718403248376e-04	1.235051567621596404e-04	2.067965056360199011e-04	-3.665204340440798196e-04	1.285557876994510268e-04	1.458119114955999489e-04	-3.180469874274169557e-04	-1.191797217402073991e-04	-6.744789292113665454e-05	-1.403462154917776755e-04	-2.063914360597718378e-16	-4.415510998950186771e-05	2.515063468297509277e-04	-1.255519860292220625e-04	1.616934006608105440e-04	8.989286370861370291e-05	2.037484057571449937e-04	2.406725960509494445e-04	-4.165975724984160742e-04	-2.069257716167829215e-04	-3.211750415549317374e-04	-4.911863722543926853e-04	-1.147406919076161380e-04	-3.776661271700592314e-04	-5.831259787868106598e-05	4.914615610233385740e-04	2.277590033383715840e-04	-4.437515474558985807e-04	2.678348671859002344e-04	5.486068033559012101e-04	-7.892421893436262848e-05	0.000000000000000000e+00	-3.473975999841287261e-04	-2.094257450179555665e-04	6.925325221171416655e-04	3.021081948858248597e-04	-5.263366798837741678e-05	4.792911347680596295e-04	2.345622015952099891e-05	3.318701391914232043e-04	-1.207121043884064532e-04	-2.954102522988789111e-04	-1.419130035584874566e-04	3.187406545288682395e-05	-4.035030310181825317e-07	-2.306205421030822701e-04	-1.570073183400318758e-04	-2.556799349136144373e-04	3.705480325306700017e-04	7.613671477096340919e-05	-2.062151745535411532e-04	1.691485222791716395e-04	6.338483023444742249e-05	1.536691358759544447e-04	2.571767638054657263e-04	5.062442071409762874e-05	-2.506798197026827548e-04	-2.674037349804153293e-04	3.729935812904209202e-04	2.795040660141517993e-04	-4.090929851319236336e-04	3.170314777488340450e-04
-2.039614742780997115e-04	-5.468007104175364938e-04	-8.653599093241904423e-05	6.368380298672628821e-04	8.195448517669967365e-04	-1.531064583369413706e-03	1.142100705562606447e-03	1.721121008648484208e-03	-1.493288792526141886e-04	7.528968298443933661e-04	-7.736710387474326437e-04	9.209544604019688063e-04	4.165975725004786604e-04	-1.097850710099987533e-03	5.558516160993846184e-04	6.739243649125153056e-05	-2.536245608103275756e-04	-7.863606476179294978e-04	3.851588045361299109e-04	-1.088312664804086047e-03	-1.493291980955019360e-15	2.332288890462217053e-03	-5.890268262702109785e-04	1.408124796929079332e-03	9.111527897902550396e-04	1.250305137758166586e-03	-1.225074129791412034e-03	1.663147352278588481e-03	7.247966914599682665e-05	-7.387451207998170510e-04	-2.399948606958947025e-05	-1.014826001444856744e-03	8.131527319880748998e-04	3.473975999841287261e-04	0.000000000000000000e+00	4.579909625581446517e-04	-4.185203621449671424e-04	-4.440143982379546653e-04	-6.467911520046884261e-04	-1.033872473011969570e-03	-1.822557057487631882e-03	-1.194613735518992468e-03	2.165610076080459745e-03	-8.405524357142232176e-04	2.652488938900410807e-04	-1.346914036687488062e-04	1.120362683264431542e-03	1.056791662455184959e-03	1.490572119564588169e-03	9.143398981251928299e-04	-1.193424141664062212e-03	1.138753622626871500e-04	-8.791781733191339921e-04	1.215169605256521219e-03	-2.878356408748326302e-03	-1.717106949457777951e-03	1.760343850405024328e-03	5.690532080004403863e-05	8.365081177714491899e-04	1.280484191027578874e-04	-8.173542681081402434e-04	5.779154009913400935e-04	-1.479639527162486447e-03	-8.214966949036709657e-04
-2.256957116592660088e-04	-8.540151921105491905e-05	-2.216245026205022501e-05	-5.361989858975984690e-04	3.258524589717747130e-05	3.012266459661359745e-04	1.605366664753208640e-04	8.159790693449361400e-04	-2.236194730990869665e-04	-6.322504349026851532e-04	4.913956744911080875e-04	-9.899243014617224376e-04	-2.277590033390826580e-04	6.873362199888498163e-04	-1.945779316091849004e-04	3.904950098529391374e-04	-9.947600441400673843e-05	-1.623949343005434839e-05	2.460101157228805353e-05	5.324912674295118661e-04	-7.247966914422666331e-05	-1.229894680516977444e-03	8.544936936259969230e-04	-6.762436144599492677e-04	-3.590713722177853667e-05	-4.421675854609729791e-04	6.116054612308151339e-04	-4.623387451475739242e-04	7.025316675515584641e-16	2.277192065984909525e-04	-2.655189118235076642e-04	7.131712401972713266e-04	3.437234130701315822e-04	2.094257450179555665e-04	-4.579909625581446517e-04	0.000000000000000000e+00	7.811344069586423008e-04	4.805525383399288173e-04	-1.025331555933282034e-03	2.776861368238119619e-04	-6.376072181798049477e-07	7.420766130918543448e-05	-7.330330823920375421e-04	3.798913126450294254e-04	-2.867953174404293650e-05	-1.626132298672134627e-04	5.314647796642876050e-04	-3.096965551746944220e-05	5.703552204300883636e-05	6.201918855893310601e-05	5.682840295522867879e-04	-1.027210874050394588e-06	-2.944673602364938176e-04	-4.675566790074568490e-05	-2.648230375587467167e-04	-7.528202787810817347e-04	7.196516061456537149e-04	7.722661105819606572e-04	-1.351427987468315330e-03	6.728763971613508851e-04	9.345153443993585527e-04	-8.134439962595209361e-05	-5.527220173077064405e-04	-1.101076260748703811e-04
3.982730823467289772e-04	5.346698843104954763e-04	4.741623275800168008e-04	-1.710356029239950854e-03	-1.580707220599178236e-03	3.964385453978631554e-03	-2.777210054845442866e-03	-3.501992767371063173e-03	5.346698843037912038e-04	-1.665787362992477826e-03	1.609918665125331010e-03	-1.304320462055378639e-03	-6.925325221201349309e-04	1.336364181306348882e-03	-8.499229959523324582e-04	-4.610021023333597107e-05	4.741623275826783545e-04	1.609918665121515919e-03	-1.013273542450248647e-03	2.109536597783484568e-03	4.185203621458178074e-04	-3.516608993298664301e-03	1.108424231312437301e-03	-1.309088460334798410e-03	-1.710356029239792561e-03	-1.304320462052108468e-03	2.109536597779352457e-03	-4.033263000365264715e-03	-7.811344069606539296e-04	1.906786101419547397e-03	3.615513204259393574e-05	-1.207861371817620355e-04	-1.580707220594094846e-03	-6.925325221171416655e-04	4.185203621449671424e-04	-7.811344069586423008e-04	0.000000000000000000e+00	5.127949230893545304e-04	1.124526004761365605e-03	9.819694131823915838e-04	3.964385453976010387e-03	1.336364181304916651e-03	-3.516608993293530820e-03	1.906786101418435223e-03	5.127949230888672900e-04	6.050280797573878364e-04	-3.263434861080501126e-03	-8.336515626614830841e-04	-2.777210054846396964e-03	-8.499229959569537616e-04	1.108424231312907628e-03	3.615513204314549649e-05	1.124526004769968099e-03	-3.263434861081588798e-03	6.798810877718565980e-03	2.419747923865592405e-03	-3.501992767357103853e-03	-4.610021022918138966e-05	-1.309088460345582752e-03	-1.207861371758271534e-04	9.819694131879526736e-04	-8.336515626625896208e-04	2.419747923855809432e-03	1.020927327966443532e-03
1.640864734231842550e-04	5.789232984277771325e-04	-1.790758067679691103e-04	-3.297598598415094062e-04	-4.549496951693284984e-05	1.059552689151344778e-03	-9.286240921140299096e-04	-1.635205623553481671e-03	3.232824655643113179e-04	1.942349214734535824e-05	-1.876059540274468626e-04	1.094790014785123212e-03	1.419130035583522024e-04	-4.045365737182831040e-04	-2.341577077463432221e-05	-7.313800398320839278e-05	3.271738911567031657e-04	2.912341306886718226e-04	2.832223262245337484e-05	1.873669018723275325e-04	-2.652488938912781011e-04	6.262823057661145814e-05	-5.068543015599198806e-04	-1.483181530315245034e-04	-4.951312885675819390e-04	4.774864975334393627e-04	-4.483003578587889349e-04	-1.091805078779748079e-03	2.867953174084168389e-05	4.793115924894694930e-04	7.820543254030834024e-05	-5.860707061001531239e-04	-7.767520737457622292e-04	-3.021081948858248597e-04	4.440143982379546653e-04	-4.805525383399288173e-04	-5.127949230893545304e-04	0.000000000000000000e+00	9.845011260054686852e-04	-2.413040936058826131e-05	9.153175355315253938e-04	6.693837620185027256e-04	-3.302127517216482287e-04	9.891021159246713964e-05	2.168024874210638941e-15	2.765749310261010748e-04	-1.016255415278781611e-03	-5.648073338696077026e-04	-5.135491165194152902e-04	-7.301798117028469350e-04	9.909017205753114740e-05	1.858471547003669893e-04	3.948570368428030910e-04	-8.717463432466208625e-04	1.698460469493207710e-03	1.865502288806364459e-03	-1.459602382334765792e-03	-6.884154031791714194e-04	1.192882619803095927e-03	-1.173873364139356012e-03	-6.066532850214852212e-04	9.563337776588736231e-05	9.532334781713351548e-04	1.778415573674256307e-04
-1.335972728138095224e-04	-1.267668980503886640e-04	-1.309862134459945581e-04	1.977777637389042161e-03	1.579475211337685414e-04	-4.079882687620415421e-03	2.027651126630503065e-03	6.157863902017930800e-04	1.014038881895821625e-04	2.726859787783254743e-03	-1.635685218964999998e-03	8.750210551146755424e-04	2.062151745556458065e-04	-9.049958557049801993e-04	2.758148547652625703e-04	-1.318414230075302300e-03	-4.793483799430242999e-04	-1.741796711678342009e-03	4.087787708409973105e-04	-2.189481476710710035e-03	8.791781733126590283e-04	2.764965700223501015e-03	-5.709050172717218367e-04	3.491023550401949060e-03	1.979791796837848585e-03	1.070203293699696547e-03	-1.369587755684794923e-03	5.491248365378008020e-03	2.944673602407627553e-04	-2.390623829312529813e-03	-9.644669588696673469e-05	-4.709402793192655123e-04	5.439076287750737237e-04	5.263366798837741678e-05	6.467911520046884261e-04	1.025331555933282034e-03	-1.124526004761365605e-03	-9.845011260054686852e-04	0.000000000000000000e+00	-9.377455382465122759e-04	-3.934935838895099736e-03	-1.438010684623664166e-03	2.710751143922113769e-03	-2.761726558772171266e-03	-3.948570368405619367e-04	5.617858156919735765e-08	2.457414218100667947e-03	7.501493891317168429e-04	2.260538671377767053e-03	7.828325234451099721e-04	-9.892934263988997258e-04	2.005888054432619974e-04	-1.091611339081727250e-14	2.594760393668003352e-03	-5.068983486383874144e-03	-1.211670630138563919e-03	6.474063102730276496e-04	-1.855147695345229879e-03	3.096076532628778012e-03	5.157684990983971585e-04	-1.051258223569276166e-03	8.073901994830011961e-05	-4.443142329562277284e-04	2.718026871522319496e-04
9.489805627119493679e-05	3.631967742324573715e-04	4.941713791114035748e-04	-1.273728952175848163e-03	-1.470564271186992726e-03	2.516795592424427713e-03	-1.450903230143492286e-03	-2.456634780860516946e-03	6.985081708676498099e-04	-6.848162139542035131e-04	7.905881742772554420e-04	-8.150881442921906628e-04	-3.729935812918910984e-04	9.793602471491603782e-04	-8.540094259988199616e-04	-4.898417821495047785e-05	4.561140046061563756e-05	7.969723720939907771e-04	-9.459731167080788743e-04	9.869950953921430292e-04	8.173542681057602028e-04	-1.977990249156971747e-03	1.067707851558533962e-03	-1.918853920487899540e-06	-9.003381960831302946e-04	-3.556584808970687100e-04	1.767525312671340250e-03	-2.906992672058610321e-03	-9.345153443991280513e-04	1.580295261724792236e-03	-2.060343684797890393e-04	-8.216137093493508601e-04	-9.878862508521540388e-04	-4.792911347680596295e-04	1.033872473011969570e-03	-2.776861368238119619e-04	-9.819694131823915838e-04	2.413040936058826131e-05	9.377455382465122759e-04	0.000000000000000000e+00	1.918681432283893349e-03	3.037910442249433475e-04	-2.446732638749700341e-03	1.301538157748414245e-03	6.066532850214504183e-04	1.672560872461818901e-04	-1.489193777386425832e-03	3.155711377839762226e-06	-1.057926694259411294e-03	-2.150376682597852712e-04	4.323730948193721911e-04	1.806135734766916310e-04	1.051258223571242259e-03	-1.854551153863447229e-03	3.021817037086026517e-03	1.086290795382052494e-03	-2.723387679377589198e-03	-3.544001089041514795e-04	3.904911484293749910e-04	1.733823376618623662e-04	3.672653544131709857e-15	-7.704307305952898949e-04	2.100518356266042712e-03	3.509486822879700064e-04
3.320947914785756677e-05	-3.149771776639170287e-04	6.811747434450341528e-04	2.241329317315576722e-04	-1.676326541958253567e-03	1.757041947104010654e-14	-1.146041360944157281e-04	-1.023781994064822945e-03	-2.263432694457453358e-04	3.730177139563733285e-03	-2.459580225836194203e-03	-3.094841539145869527e-03	3.665204340377966512e-04	1.715371977805909198e-03	-8.359570446101541319e-04	-1.597850666841839394e-03	4.024708593417442894e-04	-1.896584734016907789e-03	3.042992040456745165e-04	8.750826424354226848e-04	1.531064583379336107e-03	-7.357283384850576372e-04	-7.088415589209979021e-04	4.355877991363362248e-03	-5.476486039890416139e-05	-3.325970177393085606e-03	1.764721967337870307e-03	9.525409557850411570e-04	-3.012266459667994520e-04	-7.937695482166993001e-04	3.668111200202507725e-04	1.519047510129065007e-03	-1.171705131681498270e-03	-2.345622015952099891e-05	1.822557057487631882e-03	6.376072181798049477e-07	-3.964385453976010387e-03	-9.153175355315253938e-04	3.934935838895099736e-03	-1.918681432283893349e-03	0.000000000000000000e+00	1.233813105485675153e-03	-1.011286056362624333e-03	-1.017845399337779719e-03	-1.059552689153157130e-03	7.793184999917864529e-04	-6.664041508416887472e-04	-1.051266171012962391e-03	2.042855482751448622e-05	-4.768694616261417085e-04	-5.923133446188149492e-04	4.755381940948890458e-04	4.079882687625454793e-03	-7.150720378929425547e-04	5.035070045716586330e-04	1.877579916876336019e-03	-1.376624281762411917e-03	-2.473215806515949473e-03	5.943008850280590352e-03	1.368614389260371100e-03	-2.516795592409490009e-03	-1.428219483225088952e-03	3.039601018402115617e-03	-5.328623903389699632e-06
-3.201496680012430119e-04	6.673679128138946572e-04	1.589339634230808602e-04	5.793959969753734781e-04	-1.208137125528821465e-03	-1.715371977810274846e-03	1.223506607367487106e-03	-2.812562328215803716e-03	1.052117948594712095e-03	1.572905399093788058e-03	-1.199932102012604869e-03	5.510913975157536848e-04	4.415510999145014513e-05	-4.295229536627198641e-15	-5.791360920004142918e-04	-1.125672732126466310e-03	-1.391731488900044690e-04	-8.242577786346520947e-04	-8.257786631415210731e-05	1.973740411737856244e-05	1.097850710096127990e-03	-4.994385641161124901e-04	5.291576934238371652e-04	2.778220213329294849e-03	-9.057526338941348934e-05	7.523410105942536768e-04	2.601445984095836260e-04	1.506519396530997925e-03	-6.873362199851568068e-04	-7.720126295419516439e-04	4.572061236349870541e-04	-1.488150448946389762e-03	-1.089346258080931343e-03	-3.318701391914232043e-04	1.194613735518992468e-03	-7.420766130918543448e-05	-1.336364181304916651e-03	-6.693837620185027256e-04	1.438010684623664166e-03	-3.037910442249433475e-04	-1.233813105485675153e-03	0.000000000000000000e+00	-7.935997587059533988e-04	-8.072470747630984675e-04	4.045365737160331676e-04	-2.281846645270509089e-04	8.972571279020563964e-04	1.329472874101567765e-04	1.119404852563817346e-03	-4.004408716098007814e-04	1.829735486625295104e-04	1.648376742681617114e-05	9.049958557046529871e-04	1.560527113318160766e-03	-3.044309466822214816e-03	1.444070834076339451e-03	-2.297000469933963701e-03	-1.394905990950106364e-03	2.928889516370948663e-03	-1.182287058967533430e-04	-9.793602471492772552e-04	-4.442118092275025186e-04	1.502017244281653521e-03	4.196451871965545472e-04
3.297713017433685431e-04	-1.514969623732951697e-03	-3.909855467666410213e-04	-4.796381028516090970e-06	2.376967458415284694e-03	7.357283384895308385e-04	-9.282323600258771384e-04	5.419061805910026404e-03	-1.667507138479428158e-03	-2.679764019947129296e-03	1.486865745248959741e-03	-2.350204700113384636e-03	2.069257716143748814e-04	4.994385641333145501e-04	6.801265117267430924e-04	1.961092037220479520e-03	-1.607221223460149079e-04	1.855405682763619588e-03	1.601456301189116578e-04	3.861468632623797376e-04	-2.332288890454937286e-03	-1.702529447717565647e-14	4.875729805788447122e-04	-6.115927885576128223e-03	-2.094602626227321722e-04	-2.678344948695449926e-03	-2.539316187722954923e-05	-7.887276565277383418e-04	1.229894680515707410e-03	2.534939217789597280e-04	-1.383081158329744695e-04	3.508500760119122493e-03	2.182305144449972652e-03	1.207121043884064532e-04	-2.165610076080459745e-03	7.330330823920375421e-04	3.516608993293530820e-03	3.302127517216482287e-04	-2.710751143922113769e-03	2.446732638749700341e-03	1.011286056362624333e-03	7.935997587059533988e-04	0.000000000000000000e+00	6.475792867657079828e-04	-6.262823058031201633e-05	-3.856067425922292792e-05	-5.693776183957559691e-04	-4.396501924867094943e-04	-1.174022247832729859e-03	4.839472391955768993e-04	7.480423474834553988e-04	-4.576231559610075559e-04	-2.764965700218060922e-03	-3.364668244220144887e-04	2.344858501450826187e-03	-2.895520414803869590e-03	5.032910667143123545e-03	2.124441696624429499e-03	-5.105662651648948738e-03	2.383422731966686539e-03	1.977990249156646486e-03	7.899793715608963152e-05	-2.966783588409406015e-03	8.409550361589373906e-05
-5.239450685395382473e-04	-1.631136646384074294e-04	4.081294933141844461e-04	-7.509000629531788944e-04	-8.700436381683844880e-04	7.937695482386316259e-04	5.859655810263751565e-04	-5.748693291316593059e-04	-5.331269703140043611e-04	1.655724908846492333e-03	-1.678788521875777037e-03	-1.434559966930131197e-03	4.437515474561050670e-04	7.720126295401208601e-04	-8.756364634746445713e-05	-4.436369677233873918e-04	5.741073144051266324e-04	-1.160245761291210913e-03	3.735334511574031060e-04	5.081660783199774562e-04	7.387451208015851679e-04	-2.534939217763399703e-04	-1.536323307455977373e-03	2.641269123074137595e-03	-1.298822628596250830e-03	-1.815700938035731075e-03	9.871932140421250945e-04	-1.269624555194009052e-03	-2.277192066000445871e-04	6.438453286142231669e-15	9.337582573539120797e-04	7.417823726839039948e-04	-7.964983661763072424e-04	2.954102522988789111e-04	8.405524357142232176e-04	-3.798913126450294254e-04	-1.906786101418435223e-03	-9.891021159246713964e-05	2.761726558772171266e-03	-1.301538157748414245e-03	1.017845399337779719e-03	8.072470747630984675e-04	-6.475792867657079828e-04	0.000000000000000000e+00	-4.793115924910959589e-04	4.814196714538063670e-04	-9.555322459911773370e-04	-5.736319508767571181e-04	2.516225463622462008e-04	-3.788914360737699908e-04	-4.364530950251865622e-04	5.649126148690388101e-04	2.390623829318663362e-03	-7.821373026646659225e-04	-1.857801186276315081e-04	1.267943637184111138e-03	-7.449365887433037538e-04	-5.345439294484892641e-04	3.335474301898200614e-03	-1.663519702824504617e-04	-1.580295261720478846e-03	-4.014645712675234427e-04	1.717892637335952186e-03	-6.324112495019130944e-04
1.640864734217519156e-04	3.232824655571509757e-04	3.271738911608860177e-04	-4.951312885690792222e-04	-7.767520737461930912e-04	9.153175355331225321e-04	-5.135491165187680215e-04	-1.459602382325692321e-03	5.789232984279462681e-04	1.942349215776768191e-05	2.912341306837297038e-04	4.774864975393248458e-04	-3.021081948851063589e-04	6.693837620147158243e-04	-7.301798117013344729e-04	-6.884154031836411513e-04	-1.790758067694554702e-04	-1.876059540317857313e-04	2.832223262466306018e-05	-4.483003578659864111e-04	4.440143982357800268e-04	-3.302127517090251881e-04	9.909017205406118545e-05	1.192882619806008744e-03	-3.297598598435508505e-04	1.094790014772179356e-03	1.873669018784198271e-04	-1.091805078784092910e-03	-4.805525383420261522e-04	9.891021159247703298e-05	1.858471547015720258e-04	-1.173873364135551546e-03	-4.549496951372215451e-05	1.419130035584874566e-04	-2.652488938900410807e-04	2.867953174404293650e-05	-5.127949230888672900e-04	-2.168024874210638941e-15	3.948570368405619367e-04	-6.066532850214504183e-04	1.059552689153157130e-03	-4.045365737160331676e-04	6.262823058031201633e-05	4.793115924910959589e-04	0.000000000000000000e+00	2.765749310270537633e-04	-8.717463432496169468e-04	9.563337776653736862e-05	-9.286240921128892205e-04	-2.341577077199674971e-05	-5.068543015663652456e-04	7.820543254152411035e-05	9.845011260070685340e-04	-1.016255415281832990e-03	1.698460469496405455e-03	9.532334781666169238e-04	-1.635205623548725493e-03	-7.313800398820244483e-05	-1.483181530268905691e-04	-5.860707060973242236e-04	-2.413040936047240075e-05	-5.648073338709930962e-04	1.865502288804440651e-03	1.778415573693375399e-04
5.468712497308503544e-04	2.001946997909097910e-04	-2.311308854702216319e-04	1.138154111892691238e-03	7.729403765658144829e-05	-7.793184999938379803e-04	-3.073188411473497987e-04	-6.909805032462667629e-05	2.001946997916980602e-04	3.514792541798750919e-04	1.286735067386019730e-04	-1.379585885504749671e-04	-3.187406545513320953e-05	2.281846645285285681e-04	-3.166441064517528346e-04	-3.612125610772281051e-04	-2.311308854700339294e-04	1.286735067351046349e-04	-2.045425135030035134e-04	-2.516976098327282059e-04	1.346914036716379340e-04	3.856067425612240787e-05	4.633512590160277856e-04	-6.483187699225144646e-05	1.138154111891872666e-03	-1.379585885497291986e-04	-2.516976098348493933e-04	1.968430261569431225e-03	1.626132298674629105e-04	-4.814196714558768679e-04	-4.337130855391927668e-04	3.718482227993062748e-04	7.729403765674523058e-05	-3.187406545288682395e-05	1.346914036687488062e-04	1.626132298672134627e-04	-6.050280797573878364e-04	-2.765749310261010748e-04	-5.617858156919735765e-08	-1.672560872461818901e-04	-7.793184999917864529e-04	2.281846645270509089e-04	3.856067425922292792e-05	-4.814196714538063670e-04	-2.765749310270537633e-04	0.000000000000000000e+00	3.153760718965132898e-04	-3.318549161947198880e-04	-3.073188411495231904e-04	-3.166441064510302139e-04	4.633512590154289265e-04	-4.337130855407244192e-04	-5.617858084068126038e-08	3.153760718967463933e-04	2.713192958532687589e-04	3.655776711246561876e-04	-6.909805032584816556e-05	-3.612125610760074561e-04	-6.483187699690619744e-05	3.718482227994394148e-04	-1.672560872441488755e-04	-3.318549161944935608e-04	3.655776711248272205e-04	3.226665597257389467e-04
-6.645491716476010363e-04	2.060301560559283296e-04	-3.205883951718498472e-04	-1.487377738349751795e-03	1.003320060945993297e-03	7.150720378754898271e-04	2.911273991567414794e-04	5.681028842399024528e-04	-6.547868105417786896e-05	-2.458328282771495531e-03	1.189668920513571029e-03	2.256239152485120178e-03	-1.691485222726324639e-04	-1.560527113317652925e-03	9.295448570435971454e-04	1.111599974568321016e-03	1.647260864369536179e-04	1.042256010185316217e-03	-1.474564688578974857e-05	1.168695852006451533e-04	-1.215169605265852514e-03	3.364668244237306724e-04	-7.586183878486920935e-05	-2.632435615754087285e-03	-1.146305423479503007e-03	2.406290549439208705e-03	-1.031892916820555204e-03	-2.716071021203644333e-03	4.675566790122890704e-05	7.821373026557646227e-04	1.894021177321089200e-04	-1.303761377253878162e-03	3.158962671253989210e-04	4.035030310181825317e-07	-1.120362683264431542e-03	-5.314647796642876050e-04	3.263434861080501126e-03	1.016255415278781611e-03	-2.457414218100667947e-03	1.489193777386425832e-03	6.664041508416887472e-04	-8.972571279020563964e-04	5.693776183957559691e-04	9.555322459911773370e-04	8.717463432496169468e-04	-3.153760718965132898e-04	0.000000000000000000e+00	8.914187892969446933e-04	4.360811751428642427e-04	3.698170082272351231e-04	1.210517510293067551e-04	3.384032724757291325e-04	-2.594760393676317882e-03	4.794572399692553777e-15	-3.028075211538684220e-04	-1.361400295558120536e-03	7.438323102340717655e-04	1.519134307513131388e-03	-3.020078193640680572e-03	-1.531124840515512685e-03	1.854551153850660800e-03	1.450917187518825039e-03	-2.501966884634333234e-03	4.891750546011841474e-05
2.882338437206994697e-04	-3.362590630850070469e-04	-2.444954212660212353e-05	-5.821869498797837151e-04	3.013947171681568594e-04	1.428219483230050262e-03	-9.695031417867637849e-04	8.058947139402112365e-04	-4.035469013216487879e-04	-1.158835105632089867e-03	1.065107595753926259e-03	-3.825140718107791424e-04	-2.795040660152633234e-04	4.442118092323632137e-04	-7.727563667291272216e-05	4.200019954148385883e-04	-2.093855227789154553e-05	5.049710508699236169e-04	1.705054102536689490e-04	-1.588805174322354015e-04	-5.779154009902773585e-04	-7.899793715870242323e-05	-1.050979357947897351e-04	-1.366929895294250429e-03	5.621024981787514586e-05	-3.829716755118403018e-05	-1.995557109625338229e-04	-1.225009606928843331e-03	8.134439962332568161e-05	4.014645712690807907e-04	-2.145744113749761123e-04	1.477370476160506138e-04	5.957553051470454398e-04	2.306205421030822701e-04	-1.056791662455184959e-03	3.096965551746944220e-05	8.336515626614830841e-04	5.648073338696077026e-04	-7.501493891317168429e-04	-3.155711377839762226e-06	1.051266171012962391e-03	-1.329472874101567765e-04	4.396501924867094943e-04	5.736319508767571181e-04	-9.563337776653736862e-05	3.318549161947198880e-04	-8.914187892969446933e-04	0.000000000000000000e+00	-1.095220875086351520e-03	2.270805302835041204e-04	-2.210098824994440568e-04	5.305070480059173783e-05	-8.073901994322068665e-05	-1.450917187522083717e-03	2.540749035479550420e-03	-2.845366173218638758e-04	5.904071385781160374e-04	8.858559090468129307e-04	-2.173942816508280581e-03	-2.849973510270915856e-05	7.704307305954455863e-04	-2.774151486870449212e-15	4.622499803512195005e-05	-2.067135325029446230e-04
-1.113161901733205483e-04	-3.478269843906618393e-04	5.404537254833373698e-05	-3.021720898016711106e-04	7.461771299924314189e-04	1.146041360776353820e-04	5.168798332053081701e-15	4.919429628013379917e-04	1.299299837820495126e-05	-2.334081164315921983e-03	1.293013882074866465e-03	1.878566367559742975e-03	-1.285557876959800348e-04	-1.223506607364972191e-03	7.132759268837983143e-04	8.853565408427676101e-04	-1.027551330791141225e-04	9.910891709292370295e-04	9.857063946092534611e-05	-5.205432625058900109e-04	-1.142100705571447898e-03	9.282323600220852497e-04	-3.455082503735658193e-05	-2.131798136959682163e-03	3.752293888538793076e-05	2.213279391507482104e-03	-1.014583499535216902e-03	5.273089143784175873e-04	-1.605366664742775363e-04	-5.859655810412640713e-04	3.476817533277540935e-04	-1.899066332592679778e-03	6.427869407758272577e-04	1.570073183400318758e-04	-1.490572119564588169e-03	-5.703552204300883636e-05	2.777210054846396964e-03	5.135491165194152902e-04	-2.260538671377767053e-03	1.057926694259411294e-03	-2.042855482751448622e-05	-1.119404852563817346e-03	1.174022247832729859e-03	-2.516225463622462008e-04	9.286240921128892205e-04	3.073188411495231904e-04	-4.360811751428642427e-04	1.095220875086351520e-03	0.000000000000000000e+00	8.066051712106940118e-04	-7.420760158989760796e-04	1.944201657495652218e-04	-2.027651126632328861e-03	-2.911273991502739966e-04	6.592017648796039825e-04	-1.304780290212309221e-03	6.702095123273020625e-04	1.353326387693686798e-03	-3.073855193673855069e-03	-1.094583680098454651e-03	1.450903230137085519e-03	9.695031417852692122e-04	-1.980426081322692912e-03	8.331582340601101551e-05
2.430944980848583656e-04	-3.598152426963474853e-04	3.300372991367410443e-06	-1.463632550658176368e-04	4.009717414854096053e-04	8.359570446157004765e-04	-7.132759268860592011e-04	8.950864081671092848e-04	-5.254277657723742997e-04	-1.370221320198528525e-03	1.218712202521175011e-03	-6.600153089159306119e-04	-2.515063468302360539e-04	5.791360920041923026e-04	5.319976772479029226e-16	3.861740505063141708e-04	2.426830102204004339e-05	7.353009839391648830e-04	-1.270820588657287119e-04	2.317934516712453759e-04	-5.558516161011746361e-04	-6.801265117338943815e-04	1.021119795111195654e-04	-1.750335779824933793e-03	3.500598229640942819e-04	-8.502641752989994811e-04	3.685432617611348878e-04	-3.708761148666118459e-04	1.945779316089035500e-04	8.756364634941505882e-05	-4.500680125474524175e-04	8.119711093641395795e-04	6.023170001927908787e-04	2.556799349136144373e-04	-9.143398981251928299e-04	-6.201918855893310601e-05	8.499229959569537616e-04	7.301798117028469350e-04	-7.828325234451099721e-04	2.150376682597852712e-04	4.768694616261417085e-04	4.004408716098007814e-04	-4.839472391955768993e-04	3.788914360737699908e-04	2.341577077199674971e-05	3.166441064510302139e-04	-3.698170082272351231e-04	-2.270805302835041204e-04	-8.066051712106940118e-04	0.000000000000000000e+00	1.886278676374741501e-04	-2.539634388849848403e-04	-2.758148547613719108e-04	-9.295448570470353673e-04	1.535026599290655394e-03	-1.426559777690248124e-04	5.959515870151183177e-04	9.630185040039424774e-04	-2.298848125673613046e-03	-5.972055982182448096e-06	8.540094260017713768e-04	7.727563667123872756e-05	-1.351491908840758423e-04	5.617884222049376869e-05
-3.475188881076452614e-04	6.390451453174002348e-04	1.349558397536982171e-04	-5.851264351810953101e-04	-8.990351566309832086e-04	7.088415589197676579e-04	3.455082503713209109e-05	-2.020310171471983302e-03	6.059908475348912710e-04	3.017013056616264658e-04	-6.086516707144784067e-04	9.526638247712791285e-04	3.211750415567723874e-04	-5.291576934298304179e-04	-1.021119795107459764e-04	8.737174277938187985e-04	3.316676153277580471e-04	-2.727813263594012442e-04	-1.043255064448968039e-04	5.069734045468292762e-04	5.890268262671357474e-04	-4.875729805637921913e-04	-2.415710860514952429e-15	9.300922036384928803e-04	-7.166852001209436879e-04	1.047560840896845542e-03	5.089960114398922771e-04	-1.472187324696778814e-03	-8.544936936282358005e-04	1.536323307458039526e-03	-1.371874787679047561e-04	-1.500636645870514476e-03	-1.324859679075406430e-03	-3.705480325306700017e-04	1.193424141664062212e-03	-5.682840295522867879e-04	-1.108424231312907628e-03	-9.909017205753114740e-05	9.892934263988997258e-04	-4.323730948193721911e-04	5.923133446188149492e-04	-1.829735486625295104e-04	-7.480423474834553988e-04	4.364530950251865622e-04	5.068543015663652456e-04	-4.633512590154289265e-04	-1.210517510293067551e-04	2.210098824994440568e-04	7.420760158989760796e-04	-1.886278676374741501e-04	0.000000000000000000e+00	4.084997210817099605e-04	5.709050172636450727e-04	7.586183878540163393e-05	-6.515710643469176458e-04	7.991106352760964961e-04	-1.577563257975590034e-03	-5.020333052762696860e-04	1.740829376252530161e-03	-7.132030271833002429e-04	-1.067707851561549345e-03	1.050979357942161108e-04	5.880126139096019267e-04	-8.617081543466536056e-04
3.079494973342926335e-04	-2.910944416508689679e-04	4.916463982011356278e-05	3.691254396921299146e-04	1.899754307151393050e-04	-3.668111200263339598e-04	-3.476817533206116948e-04	9.006670932284472481e-05	-1.089589013593893988e-04	-1.345954003286246013e-04	3.901455510074638305e-04	-4.026854999210537295e-04	-2.678348671877026120e-04	-4.572061236321107742e-04	4.500680125465633175e-04	-3.769643518872338472e-04	1.619099359109292795e-04	1.666882824806655548e-04	-6.125780666946279449e-05	6.236095969451286485e-04	2.399948607089533756e-05	1.383081158288047635e-04	1.371874787691180326e-04	2.342130965777182504e-04	8.306740012067632007e-04	-7.976185971132092930e-05	-3.495276780652186409e-04	1.537312432737774747e-03	2.655189118240739972e-04	-9.337582573630103791e-04	1.104171821249971819e-15	-5.516146765735385077e-05	-2.284482043534932392e-04	-7.613671477096340919e-05	-1.138753622626871500e-04	1.027210874050394588e-06	-3.615513204314549649e-05	-1.858471547003669893e-04	-2.005888054432619974e-04	-1.806135734766916310e-04	-4.755381940948890458e-04	-1.648376742681617114e-05	4.576231559610075559e-04	-5.649126148690388101e-04	-7.820543254152411035e-05	4.337130855407244192e-04	-3.384032724757291325e-04	-5.305070480059173783e-05	-1.944201657495652218e-04	2.539634388849848403e-04	-4.084997210817099605e-04	0.000000000000000000e+00	9.644669589164167893e-05	-1.894021177291863175e-04	7.326121768056290551e-04	1.084212930282986312e-04	2.467028207436498116e-04	1.157413011869941972e-05	-4.297529946527838983e-04	3.587870511434380688e-04	2.060343684815784879e-04	2.145744113741979262e-04	-1.020864756015371633e-03	1.237305921896875963e-04
-1.335972728119770310e-04	1.014038881970755310e-04	-4.793483799478273156e-04	1.979791796848436904e-03	5.439076287730413867e-04	-3.934935838908597619e-03	2.260538671384233669e-03	6.474063102575239922e-04	-1.267668980418717138e-04	2.726859787779106151e-03	-1.741796711677238291e-03	1.070203293702297765e-03	5.263366798655722429e-05	-1.438010684622196157e-03	7.828325234404030167e-04	-1.855147695347345374e-03	-1.309862134452172936e-04	-1.635685218962846989e-03	4.087787708366471661e-04	-1.369587755680498013e-03	6.467911520128357718e-04	2.710751143912950092e-03	-9.892934263979391227e-04	3.096076532635746829e-03	1.977777637395353519e-03	8.750210551279626568e-04	-2.189481476721655273e-03	5.491248365402059961e-03	1.025331555938305359e-03	-2.761726558779389017e-03	2.005888054423125887e-04	5.157684990989327544e-04	1.579475211202109185e-04	2.062151745535411532e-04	8.791781733191339921e-04	2.944673602364938176e-04	-1.124526004769968099e-03	-3.948570368428030910e-04	1.091611339081727250e-14	-1.051258223571242259e-03	-4.079882687625454793e-03	-9.049958557046529871e-04	2.764965700218060922e-03	-2.390623829318663362e-03	-9.845011260070685340e-04	5.617858084068126038e-08	2.594760393676317882e-03	8.073901994322068665e-05	2.027651126632328861e-03	2.758148547613719108e-04	-5.709050172636450727e-04	-9.644669589164167893e-05	0.000000000000000000e+00	2.457414218110031551e-03	-5.068983486404389852e-03	-4.443142329455084926e-04	6.157863901778770979e-04	-1.318414230078070702e-03	3.491023550414656777e-03	-4.709402793297348395e-04	-9.377455382515286625e-04	7.501493891322374768e-04	-1.211670630125518799e-03	2.718026871532570627e-04
-6.645491716487341360e-04	-6.547868105690290270e-05	1.647260864383180050e-04	-1.146305423479776443e-03	3.158962671283274595e-04	6.664041508356909407e-04	4.360811751433017725e-04	7.438323102405298157e-04	2.060301560574637225e-04	-2.458328282765121289e-03	1.042256010174818105e-03	2.406290549436532027e-03	4.035030360503171799e-07	-8.972571279026186637e-04	3.698170082257805033e-04	1.519134307514691338e-03	-3.205883951707328480e-04	1.189668920518801871e-03	-1.474564688420910378e-05	-1.031892916820991053e-03	-1.120362683273399629e-03	5.693776184005627794e-04	1.210517510259046236e-04	-3.020078193660459889e-03	-1.487377738362607831e-03	2.256239152482823404e-03	1.168695852044580348e-04	-2.716071021221071365e-03	-5.314647796646988429e-04	9.555322459930278532e-04	3.384032724809050595e-04	-1.531124840514148759e-03	1.003320060940743590e-03	-1.691485222791716395e-04	-1.215169605256521219e-03	4.675566790074568490e-05	3.263434861081588798e-03	8.717463432466208625e-04	-2.594760393668003352e-03	1.854551153863447229e-03	7.150720378929425547e-04	-1.560527113318160766e-03	3.364668244220144887e-04	7.821373026646659225e-04	1.016255415281832990e-03	-3.153760718967463933e-04	-4.794572399692553777e-15	1.450917187522083717e-03	2.911273991502739966e-04	9.295448570470353673e-04	-7.586183878540163393e-05	1.894021177291863175e-04	-2.457414218110031551e-03	0.000000000000000000e+00	-3.028075211426416169e-04	-2.501966884643097491e-03	5.681028842321675376e-04	1.111599974559651953e-03	-2.632435615729089053e-03	-1.303761377251978423e-03	1.489193777377498945e-03	8.914187892942160817e-04	-1.361400295551827826e-03	4.891750546222653744e-05
9.673121505979378858e-04	-4.094997170966970901e-04	3.431736469736092372e-04	1.521827396869579203e-03	-1.513700583963847098e-03	-5.035070045429266249e-04	-6.592017648916644306e-04	-4.856212614120513932e-04	-4.094997171032786851e-04	4.944503773076289882e-03	-2.014661214102476689e-03	-6.565469603839958063e-03	-6.338483024604399472e-05	3.044309466819104457e-03	-1.535026599284513172e-03	-2.406944513996970257e-03	3.431736469718590097e-04	-2.014661214122564353e-03	-4.386800945691147406e-04	2.456373544697056099e-03	2.878356408769262680e-03	-2.344858501450862616e-03	6.515710643516447673e-04	5.251827161703100273e-03	1.521827396885597206e-03	-6.565469603843396285e-03	2.456373544700177734e-03	1.382741270305350633e-03	2.648230375553061637e-04	1.857801186416634695e-04	-7.326121768186678873e-04	4.225835376502996149e-03	-1.513700583951584772e-03	-6.338483023444742249e-05	2.878356408748326302e-03	2.648230375587467167e-04	-6.798810877718565980e-03	-1.698460469493207710e-03	5.068983486383874144e-03	-3.021817037086026517e-03	-5.035070045716586330e-04	3.044309466822214816e-03	-2.344858501450826187e-03	1.857801186276315081e-04	-1.698460469496405455e-03	-2.713192958532687589e-04	3.028075211538684220e-04	-2.540749035479550420e-03	-6.592017648796039825e-04	-1.535026599290655394e-03	6.515710643469176458e-04	-7.326121768056290551e-04	5.068983486404389852e-03	3.028075211426416169e-04	0.000000000000000000e+00	3.541459083639775501e-03	-4.856212613902840831e-04	-2.406944513985118626e-03	5.251827161642973890e-03	4.225835376506673763e-03	-3.021817037062880969e-03	-2.540749035474975520e-03	3.541459083624111381e-03	-2.232704580491108701e-04
-3.988380571248135520e-04	8.669083442952089892e-04	-2.637551254049714123e-04	1.168111886479849485e-03	-1.513990521120953516e-04	-3.039601018415221453e-03	1.980426081326681041e-03	-8.808774426068990103e-04	1.142033366304956183e-03	4.574209301575861593e-03	-3.523049889087102871e-03	2.236774700156610174e-03	4.090929851312424836e-04	-1.502017244288853491e-03	1.351491908795210547e-04	-2.676320549262594869e-03	-4.902210884974037355e-04	-2.468947432414656147e-03	6.456506680884977183e-04	-1.869641156145165385e-03	1.479639527170469211e-03	2.966783588415187849e-03	-5.880126139050059937e-04	5.522990626033463107e-03	-1.526823943879048612e-04	2.558574261961784821e-03	-2.042462029774694959e-03	2.578438963190119414e-03	5.527220173106128613e-04	-1.717892637341118193e-03	1.020864756014478684e-03	-7.557573485302583865e-04	-2.316780604751445319e-04	-1.536691358759544447e-04	1.717106949457777951e-03	7.528202787810817347e-04	-2.419747923865592405e-03	-1.865502288806364459e-03	1.211670630138563919e-03	-1.086290795382052494e-03	-1.877579916876336019e-03	-1.444070834076339451e-03	2.895520414803869590e-03	-1.267943637184111138e-03	-9.532334781666169238e-04	-3.655776711246561876e-04	1.361400295558120536e-03	2.845366173218638758e-04	1.304780290212309221e-03	1.426559777690248124e-04	-7.991106352760964961e-04	-1.084212930282986312e-04	4.443142329455084926e-04	2.501966884643097491e-03	-3.541459083639775501e-03	0.000000000000000000e+00	-5.632712425257286205e-04	-2.623228320313170971e-03	6.197529903537430870e-03	-1.925461798129795925e-04	-2.100518356271004021e-03	-4.622499803009748613e-05	6.353695781308177359e-15	5.217438548995301500e-04
5.585938551954312316e-05	-9.212519181327587237e-04	6.038696273901215592e-04	-2.904859863758873216e-04	-3.838718275492391347e-04	1.023781994054751357e-03	-4.919429627951736519e-04	-1.884787898670525763e-14	-9.782468947118591780e-04	-5.396723647500033597e-03	3.071378732420197016e-03	-4.243026918895538221e-03	-1.458119114954424143e-04	2.812562328225778376e-03	-8.950864081691397786e-04	3.033016532140389403e-03	5.714002924989880407e-04	3.247570358575804002e-03	-7.084000899120394910e-04	3.330928627483609704e-03	-1.721121008642464067e-03	-5.419061805940652080e-03	2.020310171489917740e-03	-6.829708871703161349e-03	-4.461350563974294885e-04	-3.258317513472156444e-03	3.031513224597247487e-03	-4.975861172802731151e-04	-8.159790693497168210e-04	5.748693291217953430e-04	-9.006670932259442318e-05	1.049118287719108013e-03	-3.545234033012036653e-04	-2.571767638054657263e-04	-1.760343850405024328e-03	-7.196516061456537149e-04	3.501992767357103853e-03	1.459602382334765792e-03	-6.474063102730276496e-04	2.723387679377589198e-03	1.376624281762411917e-03	2.297000469933963701e-03	-5.032910667143123545e-03	7.449365887433037538e-04	1.635205623548725493e-03	6.909805032584816556e-05	-7.438323102340717655e-04	-5.904071385781160374e-04	-6.702095123273020625e-04	-5.959515870151183177e-04	1.577563257975590034e-03	-2.467028207436498116e-04	-6.157863901778770979e-04	-5.681028842321675376e-04	4.856212613902840831e-04	5.632712425257286205e-04	0.000000000000000000e+00	2.939526053378696893e-03	-6.540871002135188912e-03	1.441646563976323745e-03	2.456634780853346033e-03	-8.058947139424908800e-04	8.808774426034237087e-04	2.781240484057729157e-06
2.322313594493191115e-05	5.648526469567671489e-04	2.494319943344065239e-04	-5.462607059057570432e-04	-1.065135939367958242e-03	1.597850666831132247e-03	-8.853565408380021078e-04	-3.033016532140040723e-03	-6.679376564430397492e-05	-3.321845403120983562e-04	-1.438261809106890460e-04	-1.711909796615644825e-04	1.255519860281462086e-04	1.125672732130445115e-03	-3.861740505047167073e-04	1.948175778684890780e-16	6.545698003200588417e-04	4.872917195199726493e-05	1.481036601868161457e-04	6.927333756595830403e-04	-6.739243648804673736e-05	-1.961092037221097949e-03	-8.737174277944586946e-04	2.424237568522960790e-04	-1.266902038714794263e-03	-6.133937321342214670e-04	8.708121935931108313e-04	-9.665837138781801195e-04	-3.904950098565306655e-04	4.436369677189932288e-04	3.769643518858689993e-04	-4.977991406371008645e-04	-1.194504016818347591e-03	-5.062442071409762874e-05	-5.690532080004403863e-05	-7.722661105819606572e-04	4.610021022918138966e-05	6.884154031791714194e-04	1.855147695345229879e-03	3.544001089041514795e-04	2.473215806515949473e-03	1.394905990950106364e-03	-2.124441696624429499e-03	5.345439294484892641e-04	7.313800398820244483e-05	3.612125610760074561e-04	-1.519134307513131388e-03	-8.858559090468129307e-04	-1.353326387693686798e-03	-9.630185040039424774e-04	5.020333052762696860e-04	-1.157413011869941972e-05	1.318414230078070702e-03	-1.111599974559651953e-03	2.406944513985118626e-03	2.623228320313170971e-03	-2.939526053378696893e-03	0.000000000000000000e+00	1.303913313202469462e-04	-1.689903335354550097e-03	4.898417821309767120e-05	-4.200019954194824431e-04	2.676320549260492385e-03	3.822045040361042785e-04
-5.132042352355223737e-05	-1.591664258601426310e-03	-3.060498847268219923e-04	2.036756274331599347e-03	2.524960638633791388e-03	-4.355877991338622489e-03	2.131798136936100332e-03	6.829708871705980275e-03	-1.118412464221632541e-03	1.055377851911926991e-03	-1.015371670099240791e-03	8.506722084821926808e-04	4.911863722601933838e-04	-2.778220213339331092e-03	1.750335779821911037e-03	-2.424237568426216617e-04	-5.749237088386359787e-04	-5.243744810215495008e-04	9.488827617788254173e-04	-2.196603032062093529e-03	-1.408124796942064388e-03	6.115927885588831603e-03	-9.300922036415311400e-04	-1.291960380908965811e-14	2.958844967044065889e-03	1.499121803974643981e-03	-2.012026173435748494e-03	5.288411886886876245e-03	6.762436144624414149e-04	-2.641269123060444556e-03	-2.342130965783699643e-04	3.185781140424165945e-04	2.531746733045274304e-03	2.506798197026827548e-04	-8.365081177714491899e-04	1.351427987468315330e-03	1.309088460345582752e-03	-1.192882619803095927e-03	-3.096076532628778012e-03	-3.904911484293749910e-04	-5.943008850280590352e-03	-2.928889516370948663e-03	5.105662651648948738e-03	-3.335474301898200614e-03	1.483181530268905691e-04	6.483187699690619744e-05	3.020078193640680572e-03	2.173942816508280581e-03	3.073855193673855069e-03	2.298848125673613046e-03	-1.740829376252530161e-03	4.297529946527838983e-04	-3.491023550414656777e-03	2.632435615729089053e-03	-5.251827161642973890e-03	-6.197529903537430870e-03	6.540871002135188912e-03	-1.303913313202469462e-04	0.000000000000000000e+00	1.908470243039850616e-03	1.918853920379777478e-06	1.366929895299771403e-03	-5.522990626020713757e-03	-4.542339274960635262e-04
-3.368111314627448899e-04	-3.642450612581434348e-05	4.666851898433903518e-04	4.387663607215089713e-04	-1.123376029002185784e-03	-1.519047510125843409e-03	1.899066332590173753e-03	-1.049118287742077920e-03	8.130776018558234200e-05	-1.701283352400119551e-03	1.081460252499148993e-03	-1.792936425265739256e-03	-5.486068033572974456e-04	1.488150448955931175e-03	-8.119711093648751023e-04	4.977991406342043099e-04	2.680970622628322240e-04	5.959184879864038581e-04	-6.322087699959360327e-04	1.868713864810017796e-03	1.014826001450234820e-03	-3.508500760141622724e-03	1.500636645875455619e-03	-3.185781140414799522e-04	7.562960360752150240e-04	-5.083362734615919868e-04	1.617993888207497431e-03	1.818173071616827237e-03	-7.131712401958741152e-04	-7.417823726859275497e-04	5.516146765539705558e-05	-9.575131486305732409e-16	-6.578858818552318303e-04	2.674037349804153293e-04	-1.280484191027578874e-04	-6.728763971613508851e-04	1.207861371758271534e-04	1.173873364139356012e-03	-5.157684990983971585e-04	-1.733823376618623662e-04	-1.368614389260371100e-03	1.182287058967533430e-04	-2.383422731966686539e-03	1.663519702824504617e-04	5.860707060973242236e-04	-3.718482227994394148e-04	1.531124840515512685e-03	2.849973510270915856e-05	1.094583680098454651e-03	5.972055982182448096e-06	7.132030271833002429e-04	-3.587870511434380688e-04	4.709402793297348395e-04	1.303761377251978423e-03	-4.225835376506673763e-03	1.925461798129795925e-04	-1.441646563976323745e-03	1.689903335354550097e-03	-1.908470243039850616e-03	0.000000000000000000e+00	8.216137093477594681e-04	-1.477370476181594141e-04	7.557573485313313130e-04	-5.260781538101658031e-04
9.489805627112463983e-05	6.985081708698562698e-04	4.561140045876113007e-05	-9.003381960781564088e-04	-9.878862508549226575e-04	1.918681432275283483e-03	-1.057926694251119099e-03	-2.723387679381228214e-03	3.631967742290484772e-04	-6.848162139537482566e-04	7.969723720947267335e-04	-3.556584809008571293e-04	-4.792911347712348240e-04	3.037910442267127654e-04	-2.150376682578981902e-04	-3.544001089107017954e-04	4.941713791130246738e-04	7.905881742766557698e-04	-9.459731167113397208e-04	1.767525312677289051e-03	1.033872473018958554e-03	-2.446732638754774841e-03	4.323730948197906931e-04	3.904911484439175574e-04	-1.273728952169655851e-03	-8.150881442928247043e-04	9.869950953900427128e-04	-2.906992672047714523e-03	-2.776861368239707433e-04	1.301538157742697464e-03	1.806135734754107003e-04	1.733823376624491635e-04	-1.470564271184839501e-03	-3.729935812904209202e-04	8.173542681081402434e-04	-9.345153443993585527e-04	-9.819694131879526736e-04	6.066532850214852212e-04	1.051258223569276166e-03	-3.672653544131709857e-15	2.516795592409490009e-03	9.793602471492772552e-04	-1.977990249156646486e-03	1.580295261720478846e-03	2.413040936047240075e-05	1.672560872441488755e-04	-1.854551153850660800e-03	-7.704307305954455863e-04	-1.450903230137085519e-03	-8.540094260017713768e-04	1.067707851561549345e-03	-2.060343684815784879e-04	9.377455382515286625e-04	-1.489193777377498945e-03	3.021817037062880969e-03	2.100518356271004021e-03	-2.456634780853346033e-03	-4.898417821309767120e-05	-1.918853920379777478e-06	-8.216137093477594681e-04	0.000000000000000000e+00	3.155711376843898814e-06	1.086290795377081861e-03	3.509486822876980343e-04
2.882338437206166909e-04	-4.035469013206572850e-04	-2.093855227771233368e-05	5.621024981724691847e-05	5.957553051460584906e-04	1.051266171009233169e-03	-1.095220875085041370e-03	5.904071385772958385e-04	-3.362590630831901409e-04	-1.158835105636996533e-03	5.049710508721918763e-04	-3.829716754744059179e-05	2.306205421028527987e-04	-1.329472874129291628e-04	2.270805302828487744e-04	8.858559090482432102e-04	-2.444954213058689855e-05	1.065107595754240461e-03	1.705054102538878223e-04	-1.995557109687052643e-04	-1.056791662455397896e-03	4.396501924887057274e-04	-2.210098824948752289e-04	-2.173942816506635629e-03	-5.821869498787172938e-04	-3.825140718054158111e-04	-1.588805174312962656e-04	-1.225009606928394688e-03	3.096965551450207572e-05	5.736319508749809781e-04	5.305070480056856978e-05	-2.849973511059129480e-05	3.013947171716651208e-04	-2.795040660141517993e-04	-5.779154009913400935e-04	8.134439962595209361e-05	8.336515626625896208e-04	-9.563337776588736231e-05	-8.073901994830011961e-05	7.704307305952898949e-04	1.428219483225088952e-03	4.442118092275025186e-04	-7.899793715608963152e-05	4.014645712675234427e-04	5.648073338709930962e-04	3.318549161944935608e-04	-1.450917187518825039e-03	2.774151486870449212e-15	-9.695031417852692122e-04	-7.727563667123872756e-05	-1.050979357942161108e-04	-2.145744113741979262e-04	-7.501493891322374768e-04	-8.914187892942160817e-04	2.540749035474975520e-03	4.622499803009748613e-05	8.058947139424908800e-04	4.200019954194824431e-04	-1.366929895299771403e-03	1.477370476181594141e-04	-3.155711376843898814e-06	0.000000000000000000e+00	-2.845366173227386643e-04	-2.067135325040562284e-04
-3.988380571263704663e-04	1.142033366293065955e-03	-4.902210884943922556e-04	-1.526823943918719840e-04	-2.316780604650790429e-04	-1.877579916869668176e-03	1.304780290210451983e-03	-5.632712424980232434e-04	8.669083442916588776e-04	4.574209301580475090e-03	-2.468947432414297059e-03	2.558574261953829813e-03	-1.536691358754705924e-04	-1.444070834076464568e-03	1.426559777706672431e-04	-2.623228320313087704e-03	-2.637551253992573416e-04	-3.523049889087731708e-03	6.456506680915835746e-04	-2.042462029769901918e-03	1.717106949451164318e-03	2.895520414816071635e-03	-7.991106352883562206e-04	6.197529903525775263e-03	1.168111886472273514e-03	2.236774700135283917e-03	-1.869641156139901800e-03	2.578438963175923304e-03	7.528202787866606054e-04	-1.267943637177387783e-03	-1.084212930256127101e-04	-1.925461797883484165e-04	-1.513990521167237564e-04	4.090929851319236336e-04	1.479639527162486447e-03	5.527220173077064405e-04	-2.419747923855809432e-03	-9.532334781713351548e-04	4.443142329562277284e-04	-2.100518356266042712e-03	-3.039601018402115617e-03	-1.502017244281653521e-03	2.966783588409406015e-03	-1.717892637335952186e-03	-1.865502288804440651e-03	-3.655776711248272205e-04	2.501966884634333234e-03	-4.622499803512195005e-05	1.980426081322692912e-03	1.351491908840758423e-04	-5.880126139096019267e-04	1.020864756015371633e-03	1.211670630125518799e-03	1.361400295551827826e-03	-3.541459083624111381e-03	-6.353695781308177359e-15	-8.808774426034237087e-04	-2.676320549260492385e-03	5.522990626020713757e-03	-7.557573485313313130e-04	-1.086290795377081861e-03	2.845366173227386643e-04	0.000000000000000000e+00	5.217438548996396544e-04
1.581636421932197819e-04	4.663210449176501213e-04	-4.040316600551504102e-04	-1.227409456772634200e-05	-2.120226376459350467e-05	5.328623906961603689e-06	-8.331582340508681447e-05	-2.781240480816940443e-06	4.663210449190599636e-04	7.872415862302412646e-05	4.427266718112455256e-04	1.015630120881040263e-04	-3.170314777490144563e-04	-4.196451871973891118e-04	-5.617884222043743083e-05	-3.822045040384466430e-04	-4.040316600550407432e-04	4.427266718137742646e-04	-7.486660046067473203e-04	1.382323845181658302e-04	8.214966949048790922e-04	-8.409550361744647920e-05	8.617081543453982079e-04	4.542339274974289704e-04	-1.227409456921926129e-05	1.015630120864423509e-04	1.382323845164401327e-04	-1.201244232316052429e-03	1.101076260775780405e-04	6.324112495029236792e-04	-1.237305921881267788e-04	5.260781538157712368e-04	-2.120226376607977644e-05	-3.170314777488340450e-04	8.214966949036709657e-04	1.101076260748703811e-04	-1.020927327966443532e-03	-1.778415573674256307e-04	-2.718026871522319496e-04	-3.509486822879700064e-04	5.328623903389699632e-06	-4.196451871965545472e-04	-8.409550361589373906e-05	6.324112495019130944e-04	-1.778415573693375399e-04	-3.226665597257389467e-04	-4.891750546011841474e-05	2.067135325029446230e-04	-8.331582340601101551e-05	-5.617884222049376869e-05	8.617081543466536056e-04	-1.237305921896875963e-04	-2.718026871532570627e-04	-4.891750546222653744e-05	2.232704580491108701e-04	-5.217438548995301500e-04	-2.781240484057729157e-06	-3.822045040361042785e-04	4.542339274960635262e-04	5.260781538101658031e-04	-3.509486822876980343e-04	2.067135325040562284e-04	-5.217438548996396544e-04	0.000000000000000000e+00
