1.817392095556188102e-03	-3.646899626527147758e-04	1.557738032384491436e-04	2.585347159947079879e-03	-2.344594308403838358e-05	-2.268979168554720164e-04	-2.323967547901030235e-03	1.194788935177993651e-05	-3.646899626521615616e-04	3.063755259955881945e-03	-1.235364895726890309e-03	-1.036067728934353307e-03	-6.416049493582630012e-05	3.655329872503065261e-04	7.283612875054804297e-05	-2.134193621670693597e-03	1.557738032378314737e-04	-1.235364895725397580e-03	1.054117194251238173e-03	4.186112612163224922e-04	-4.917963790780352029e-04	-3.159261787720414518e-05	-1.027370995997050186e-04	1.390403566015006691e-03	2.585347159945984401e-03	-1.036067728935634834e-03	4.186112612184663935e-04	7.752111042364319415e-03	-2.148727149106502768e-05	-3.224807277320715544e-03	3.229943816527130183e-05	1.205965766949667326e-04	-2.344594308387454708e-05	-6.416049493672822080e-05	-4.917963790765649164e-04	-2.148727148965968482e-05	8.898121354376212124e-04	-7.406149632811136283e-05	-5.835449340490194130e-05	1.581704581414466668e-04	-2.268979168520190493e-04	3.655329872504316973e-04	-3.159261787887446705e-05	-3.224807277317380105e-03	-7.406149632622832050e-05	2.450212362265254476e-03	-2.518860482158892175e-03	-4.623871288807492020e-05	-2.323967547903810563e-03	7.283612875093564525e-05	-1.027370995996010165e-04	3.229943816214818971e-05	-5.835449340630099579e-05	-2.518860482156005595e-03	6.100523735904472833e-03	-1.930831350865836100e-04	1.194788935219632435e-05	-2.134193621671072200e-03	1.390403566014082951e-03	1.205965766959447914e-04	1.581704581426404818e-04	-4.623871288939321517e-05	-1.930831350855477632e-04	1.549150501007541016e-03
-3.646899626527147758e-04	4.790369698789999006e-03	-2.267802552673323091e-03	-9.903709534669904394e-04	-3.029172125925971588e-04	5.411578364974608266e-04	1.750258336706509983e-04	-5.429593967616420935e-03	9.146611731647475048e-04	-7.117038267506332850e-04	-2.884239236489614597e-04	4.363849576068096594e-04	1.854578177556289289e-04	-1.778117242266941545e-04	-7.200798987108383755e-04	7.487547457955608544e-04	4.534324547216503397e-04	6.477148302002097655e-04	-3.571294108670379584e-04	2.188679883500087124e-03	6.509768671417507074e-05	-8.966043322361063120e-04	-3.957617417541049233e-04	-1.236541449247317371e-03	-9.077063196586340754e-04	5.463995861616847451e-03	-1.290815343126346625e-03	-2.572593899988703109e-03	-9.957776611758887685e-04	1.897755212936487338e-03	-3.397559203687252043e-04	-4.407968397072124268e-03	-4.247185038082932425e-04	-4.450276542372585183e-04	1.014958505319342192e-03	-9.085795948727490041e-04	-6.047479903221882839e-04	5.531091075745280406e-04	7.513973559099405462e-05	3.575261739119454918e-04	1.334248337978276560e-03	2.564733974218536005e-05	-3.003718129232303517e-03	1.365779104235172485e-03	2.329699615950856471e-03	-8.856671027755941630e-04	-9.304884091258249466e-05	1.166069709194433477e-03	-2.604093221306066604e-05	-2.733985064302877667e-03	4.164868187436301245e-03	-1.140060950330070908e-04	-2.063115314605511695e-03	6.616652167515976561e-04	-6.831781644121117433e-04	1.765764636248904652e-03	-2.784041747885374410e-03	-3.698307961531595409e-04	1.230907369755129344e-03	-4.078391232611319967e-04	-2.174359221918062976e-04	-6.281860893862479481e-04	3.463282151604670477e-03	8.556885511381662028e-05
1.557738032384491436e-04	-2.267802552673323091e-03	2.846337256791699449e-03	5.049769022113783853e-04	-1.865727097750692490e-03	-3.498274320416216456e-05	-1.484610491097972432e-04	3.052065209573898483e-05	4.534324547228136887e-04	-1.957299127547483389e-04	2.369941254070352622e-04	-8.764488980135013915e-04	-5.068723074474770177e-05	1.375993368962032636e-03	-7.485433728747236705e-04	-4.862421100575517333e-05	7.721382896895982229e-05	-2.509194490272997186e-04	1.679901362279961376e-04	3.046421070101434982e-05	-6.258848875295380354e-05	-6.397989288700302790e-04	1.936322995348633354e-04	1.871177459584251479e-04	2.488211821537790209e-04	-4.534266609042908458e-03	3.846539316368707655e-03	8.357051493357273327e-04	-7.568018183205680802e-04	-6.353160201371521728e-04	-3.729999579132767468e-05	2.764861022125427326e-03	-9.838107587274848125e-04	2.379087818470807837e-04	-4.559611212072407576e-04	-8.867747603100232775e-05	1.366256653532382716e-04	-3.569307773259079459e-04	1.929730901091014899e-03	-8.434148577664217603e-05	-3.357948805866398383e-04	1.311528221957450205e-03	-2.939342961422820107e-04	-1.435824833072293699e-04	-8.471319619662352838e-04	1.224483119818982595e-04	5.019451372808848540e-04	-2.008432907339329204e-03	9.558219031270123386e-06	9.309202552608333153e-04	-3.845611988982196132e-03	-2.505711513403038383e-04	3.519826465137893684e-03	-4.790457301033501647e-05	-5.157223342915722136e-04	2.249109987895822008e-03	-9.847620671232482862e-04	7.175403581504616714e-04	-1.161977394885916519e-03	-2.046312258292766516e-05	1.310087682552952128e-04	-7.871166303558476286e-04	8.608757653780770925e-04	-2.880831105951380954e-04
2.585347159947079879e-03	-9.903709534669904394e-04	5.049769022113783853e-04	9.632584203271527673e-03	6.986964310265991577e-05	-8.298495236350872384e-03	1.067932005725749037e-03	9.329174107320896284e-04	-9.077063196595439379e-04	3.903389111123491649e-03	-1.946031819971591470e-03	-1.302681613377356263e-03	3.580929876767790804e-04	2.172304802901868319e-04	5.634285626634028899e-04	-2.362864291231250163e-03	2.488211821530844268e-04	-6.221902294704615170e-04	7.793891635189817901e-04	1.050567050534190845e-03	-5.333426275444892641e-04	-9.771214828537175788e-04	3.504724424962558384e-04	1.400618686862282721e-03	5.789897658300190847e-03	-1.147736909712192190e-03	1.148654864165045766e-03	2.086894783480250024e-02	-6.976409834080373167e-04	-1.029256559625635163e-02	2.323245257874109477e-03	-1.762906356445004220e-04	2.102734422417898170e-04	-6.491349590903765579e-04	-2.095202128281843158e-04	-5.088713139036093102e-04	1.557263454995568919e-03	8.371478706482604094e-04	-1.433393868635615079e-03	8.603782015202762366e-04	-3.294316300377831373e-03	1.686892994348694749e-04	-1.193684260899554109e-03	-7.492873411191904899e-03	1.273330070012674946e-03	4.374830527453372336e-03	-3.582241783117209432e-03	8.528446994819057284e-04	-9.939393732370190894e-04	6.194694250464181885e-04	2.068256488585968429e-04	-1.522821565084220893e-03	-1.790913754851547251e-03	2.904834014228779740e-04	3.231736379193166260e-03	-1.915156902519363170e-03	1.513594076427263657e-03	-2.184711947465197649e-03	2.356065344149890512e-03	-8.323988486437527458e-06	-1.110940150370035148e-03	7.175337525360225540e-04	-2.032108525591284388e-03	7.827234045853219847e-04
-2.344594308403838358e-05	-3.029172125925971588e-04	-1.865727097750692490e-03	6.986964310265991577e-05	4.265284734289440279e-03	-5.281522242190704423e-04	-3.444155305079739642e-06	5.462508674939721767e-03	-4.247185038126706546e-04	9.342045150920071355e-04	-2.232828493793380170e-04	2.502404694558107816e-03	-1.440141998920318892e-04	-1.377887858723419578e-03	5.804164251273781190e-04	-9.773045403158808157e-04	-9.838107587253027472e-04	-5.521961411860338079e-04	8.286584548713925801e-05	-1.557792431440014691e-03	2.233593859158461686e-04	1.390218257915239706e-04	2.373202235559968704e-03	1.647408146971764131e-03	2.102734422411524687e-04	3.693890483137919449e-03	-3.632286440493205041e-03	1.142396690786404156e-03	1.924249249965261652e-03	-8.482519704895051180e-04	3.831000029487122258e-04	8.177137358442011870e-04	2.009970908224523178e-03	9.814034441513731191e-05	4.782723559208708645e-05	2.285091570729774584e-04	7.456065713236847622e-05	1.265079403474755459e-03	-5.061059300957591010e-03	-4.744014682140656634e-04	-4.979391917736340593e-04	-3.333022126730378083e-03	2.891383325065597244e-03	-9.126742265338227706e-04	6.837037563747544108e-04	5.895739581146327993e-04	-6.493594050289456729e-04	1.923493937407070014e-03	1.529979077415863104e-04	1.380814087329355292e-03	1.698051498742260933e-03	5.996466480046558052e-04	-6.667664882479992089e-03	-5.776713177252249063e-04	1.459613402649637603e-03	-5.304964112627483415e-03	3.019860412325864503e-03	-8.819845894178135384e-04	1.262448868563353400e-03	-1.304597525386077530e-03	-2.856243433026055289e-04	1.803080124520700048e-03	-3.719655995177421036e-03	3.014697380983479133e-04
-2.268979168554720164e-04	5.411578364974608266e-04	-3.498274320416216456e-05	-8.298495236350872384e-03	-5.281522242190704423e-04	1.625236127076401180e-02	-8.393480856987024785e-03	-2.553845938909154317e-03	1.334248337979379844e-03	1.799888356441754073e-03	1.572763632926388409e-03	4.482421897546347029e-04	-1.508106937498455329e-03	5.229617608169459661e-04	-1.198452169718010286e-03	-3.534889865337191919e-03	-3.357948805859142360e-04	-3.285133645148707870e-03	3.762147513476374674e-04	-8.337951570775222355e-04	1.879008763577378130e-03	8.176305934954551094e-04	-4.663990840056880848e-04	8.805334555738118449e-03	-3.294316300394065783e-03	-2.358509434608392630e-03	6.329967604549783210e-04	-1.229007142573076104e-02	3.425923540793869202e-04	9.640142780910600923e-03	-2.909069079453993102e-03	6.608982166512655451e-04	-4.979391917729820202e-04	1.352651924205536824e-03	-1.281075844567368090e-03	5.977915926306671653e-04	-6.004046033900636284e-04	-1.432146507520676119e-03	2.630165163340861083e-03	-3.179907610017003970e-03	3.184114951691720697e-03	1.211845799825155565e-03	7.514627086402611046e-04	3.380795833118902666e-03	-1.207780602918425350e-03	-7.752174263452659775e-04	-1.968660596874973606e-03	-1.380454518702332097e-03	-3.216803319026971357e-03	-1.045708078356244897e-03	-2.788044719311132298e-04	2.466173161817612584e-03	2.070224260724159125e-03	-9.162988067031960226e-03	1.354836791621228873e-02	3.107159424506484181e-03	-3.208823423944705700e-03	3.076027977517220764e-04	-6.142120235086322849e-03	-2.475036313121859507e-04	3.227818907352296082e-03	-1.398587707311489290e-03	3.572677740572352371e-03	1.508959821885550757e-03
-2.323967547901030235e-03	1.750258336706509983e-04	-1.484610491097972432e-04	1.067932005725749037e-03	-3.444155305079739642e-06	-8.393480856987024785e-03	9.424559439936945268e-03	1.021713901456928466e-03	-2.604093221468396064e-05	-7.105671642265085769e-03	2.704412630889700079e-03	1.011378610166551026e-03	3.622745453856954212e-04	-4.815266003906372959e-04	3.226918457108657627e-04	4.879454231314372253e-03	9.558219031425896134e-06	3.250988936991583943e-03	-1.803762956608987974e-03	4.588906568697334034e-04	6.295127194611648382e-04	-1.458430431250627582e-03	6.611867958135747830e-04	-4.568347375819886008e-03	-9.939393732242597645e-04	2.363652061747568370e-03	-3.822149300958688906e-04	-5.126479067542761940e-03	-4.926546702860631205e-04	-6.709827597588069546e-04	1.753564966068326021e-03	-8.014429369638921899e-04	1.529979077413586280e-04	3.320067338624672470e-04	3.040207103505239059e-05	-5.073811444910314439e-04	-1.330980361932637126e-03	1.201500048204428390e-03	-1.231402431478016875e-03	-4.533795739914191572e-05	-3.216803319031154209e-03	-8.143986432268048590e-04	-1.414661972124738130e-03	3.316893106517233413e-03	1.162865612174664382e-03	-3.184576971801236431e-03	6.183863830197410330e-03	9.104542740614191693e-04	5.788264487640710360e-03	2.916680911212404630e-04	9.111429753026596906e-04	-1.855139565503515549e-03	-1.070348243486095698e-03	8.929430602300891806e-03	-2.007748326904147673e-02	-1.290728924500281552e-03	1.275761693630298420e-03	5.348533710809357487e-03	-2.678259691748133709e-03	-3.116113923421761581e-05	-1.371215275299026912e-03	8.394263813484387172e-04	-1.500833759177579337e-03	-3.808451553146321739e-03
1.194788935177993651e-05	-5.429593967616420935e-03	3.052065209573898483e-05	9.329174107320896284e-04	5.462508674939721767e-03	-2.553845938909154317e-03	1.021713901456928466e-03	1.806147086783754796e-02	-2.784041747885166243e-03	1.830476154420416276e-03	-4.976899144525720941e-04	2.670732769971197358e-03	-1.104211463629582984e-04	-2.669608207589283834e-03	2.639481516583241840e-03	-1.285664050237861561e-03	-9.847620671191072844e-04	-1.215146208099383059e-03	7.496682561585180007e-04	-4.980235371260375264e-03	-4.012377964294046653e-04	5.006763085640394961e-03	6.245202678294046409e-04	2.186752505177583499e-03	1.513594076426226943e-03	1.381977145330092090e-03	-5.629838425949611376e-03	3.439605338610335176e-03	4.425148474324878262e-03	-3.204360039263121247e-03	8.651403471241075893e-04	8.438502552327536640e-03	3.019860412317848346e-03	4.776362578578553265e-04	-9.329074032703256253e-04	1.791787403679145647e-03	1.117812536109889917e-03	-6.959309844265458003e-04	-4.735987557299876916e-03	-7.903605627522105421e-04	-3.208823423947464344e-03	-6.384670951395585853e-03	1.165787791277966140e-02	-2.897265363024364472e-03	-3.739595004055779222e-03	1.500173205834176571e-03	6.201324135559366387e-05	1.131086761763812733e-03	1.275761693631136291e-03	5.772409506324360090e-03	-4.334584271177537723e-03	1.191673068407558779e-03	-3.865524564695429263e-03	-4.879516611900006767e-04	3.432203632529374788e-04	-1.170258224253981766e-02	1.010745137574693871e-02	-8.764454944964508417e-04	1.271782912678491757e-03	1.069034638361071859e-03	-5.948733357025404135e-05	2.245561341441424698e-03	-9.021446182283995863e-03	-1.680480971407303362e-05
-3.646899626521615616e-04	9.146611731647475048e-04	4.534324547228136887e-04	-9.077063196595439379e-04	-4.247185038126706546e-04	1.334248337979379844e-03	-2.604093221468396064e-05	-2.784041747885166243e-03	4.790369698796545853e-03	-7.117038267515947555e-04	6.477148302015224091e-04	5.463995861630759066e-03	-4.450276542374575778e-04	2.564733973965178286e-05	-2.733985064303378135e-03	-3.698307961523640617e-04	-2.267802552670283855e-03	-2.884239236495432426e-04	-3.571294108658736336e-04	-1.290815343129344877e-03	1.014958505317494711e-03	-3.003718129227957601e-03	4.164868187426225103e-03	1.230907369751073127e-03	-9.903709534689565316e-04	4.363849576116812508e-04	2.188679883490826303e-03	-2.572593899994614613e-03	-9.085795948702534959e-04	1.365779104237772401e-03	-1.140060950332186728e-04	-4.078391232598085111e-04	-3.029172126050360477e-04	1.854578177557465106e-04	6.509768671193489221e-05	-9.957776611847748895e-04	-6.047479903184579779e-04	2.329699615952581654e-03	-2.063115314592446192e-03	-2.174359221870893677e-04	5.411578365007894357e-04	-1.778117242340604138e-04	-8.966043322145796947e-04	1.897755212939703081e-03	5.531091075648834118e-04	-8.856671027762889198e-04	6.616652167498374539e-04	-6.281860893862683311e-04	1.750258336686559037e-04	-7.200798987077917674e-04	-3.957617417642970200e-04	-3.397559203687112181e-04	7.513973560255749091e-05	-9.304884091411517706e-05	-6.831781644081426959e-04	3.463282151603378975e-03	-5.429593967649670380e-03	7.487547457978341011e-04	-1.236541449251402211e-03	-4.407968397100978791e-03	3.575261739139853640e-04	1.166069709201141219e-03	1.765764636261392493e-03	8.556885511496674195e-05
3.063755259955881945e-03	-7.117038267506332850e-04	-1.957299127547483389e-04	3.903389111123491649e-03	9.342045150920071355e-04	1.799888356441754073e-03	-7.105671642265085769e-03	1.830476154420416276e-03	-7.117038267515947555e-04	2.110322767962173260e-02	-9.888993528050841336e-03	-9.763031152333855305e-04	-6.639321783817294167e-04	-8.661101048682283724e-04	6.842170552502586716e-04	-1.222430174590648580e-02	-1.957299127533133161e-04	-9.888993528044238979e-03	4.609800432411482324e-03	-2.372667533551668304e-03	-2.671752829153205950e-04	6.521834874053208941e-03	-2.436834170617989057e-03	1.060953597504246324e-02	3.903389111122305966e-03	-9.763031152372380261e-04	-2.372667533547888341e-03	2.089784255230472954e-02	1.605970073145745070e-03	-7.658427435093708227e-03	1.287454288335435982e-03	1.783092594482977179e-03	9.342045150903439694e-04	-6.639321783835170493e-04	-2.671752829167118974e-04	1.605970073148868006e-03	5.192589480538763354e-03	-2.976346836498819370e-03	6.377882298617045670e-04	2.431894918637747018e-03	1.799888356448806374e-03	-8.661101048650224950e-04	6.521834874042984481e-03	-7.658427435087575980e-03	-2.976346836490712574e-03	5.328044652149166796e-03	-8.585647113229479682e-03	-9.992966377360685930e-04	-7.105671642263219207e-03	6.842170552486574134e-04	-2.436834170610234843e-03	1.287454288334046251e-03	6.377882298495687668e-04	-8.585647113226891475e-03	2.490010737112863595e-02	-2.255906462176981541e-04	1.830476154422651033e-03	-1.222430174591487492e-02	1.060953597504783741e-02	1.783092594486164299e-03	2.431894918643604311e-03	-9.992966377390388732e-04	-2.255906462137020289e-04	7.745157084748113818e-03
-1.235364895726890309e-03	-2.884239236489614597e-04	2.369941254070352622e-04	-1.946031819971591470e-03	-2.232828493793380170e-04	1.572763632926388409e-03	2.704412630889700079e-03	-4.976899144525720941e-04	6.477148302015224091e-04	-9.888993528050841336e-03	1.144828510042355044e-02	1.271751798853620191e-03	-3.770123592187193604e-03	6.262363417343844553e-04	-7.644268550224472825e-04	1.121986978444887775e-04	-2.509194490273064949e-04	5.611494252242677340e-04	-3.609180260294689042e-03	5.093283992729199291e-04	4.785296480881912062e-03	-3.354908533038720563e-03	1.357059070323741491e-03	9.058511212121891226e-03	-6.221902294790684559e-04	-5.790673133522000401e-04	1.259601213052910767e-03	-9.070542238452066267e-03	-7.961083925763653112e-04	3.566174837597023504e-03	-7.695189017303100641e-04	-8.030545349172512129e-04	-5.521961411860315310e-04	3.368641394823370522e-03	-3.649391770523316252e-03	-6.398391406122645730e-04	-1.998469338722861505e-03	9.799444674554362925e-04	1.081454690246360642e-03	-6.433810769333912424e-03	-3.285133645146191654e-03	-4.842919778635267807e-04	-1.926222712303962996e-03	3.013793324286125151e-03	1.687799686331826034e-03	-1.971936995235337373e-03	4.779830211974193943e-03	1.354149655663552118e-03	3.250988936987752806e-03	4.968557284960507412e-04	8.062337369212641946e-04	-2.931263747603895489e-04	-1.203953264517452874e-03	9.005187157038483997e-04	-9.242550282816393986e-03	-1.104639681930473603e-03	-1.215146208101534767e-03	1.091313000239208658e-02	-1.991020284410861124e-02	-1.456350711635919165e-03	4.194936134359070548e-03	3.148817707178621261e-04	9.991553608678454233e-04	-3.994762716041114214e-03
-1.036067728934353307e-03	4.363849576068096594e-04	-8.764488980135013915e-04	-1.302681613377356263e-03	2.502404694558107816e-03	4.482421897546347029e-04	1.011378610166551026e-03	2.670732769971197358e-03	5.463995861630759066e-03	-9.763031152333855305e-04	1.271751798853620191e-03	2.490521015966605869e-02	-7.007347876966058074e-04	-1.088162816780207515e-02	2.351803103870953038e-03	-1.187403419910292588e-03	-4.534266609032736040e-03	-5.790673133533610038e-04	3.932566566482168977e-04	-1.344893416463023919e-02	-4.170929941892250695e-04	7.875561042463841144e-03	3.041794817554061350e-03	2.293603140347673548e-03	-1.147736909717939329e-03	1.201057569555057797e-02	-7.409031048874015028e-03	-3.138639221732240133e-03	1.265048927515466728e-03	1.046609902199236754e-03	7.382925796810412716e-05	-3.355139980130720980e-03	3.693890483102154655e-03	2.788892144839650862e-04	-1.907678567009670010e-03	7.937498995286865157e-04	2.713505882844977415e-03	2.790947664689734896e-03	-1.130795498158791712e-02	7.875402684290440597e-04	-2.358509434600078968e-03	-7.852239290063421639e-03	9.541627857737652180e-03	3.257364927656668935e-04	-3.029758542018093077e-04	-7.211361535132431756e-04	2.347789809840489239e-03	3.357797626715748780e-03	2.363652061739857525e-03	3.693451138879031911e-03	-3.476920986755049296e-03	7.088318880272938879e-04	-5.217249083071751059e-03	5.059871778135201529e-04	-3.112312641806255602e-03	-5.137768592972415116e-03	1.381977145258710170e-03	8.558787642082377276e-04	-4.137569436860309008e-03	-1.132767285627590478e-02	2.515503546536972893e-03	7.451124203968121848e-03	-1.028535180155142059e-02	1.040967918916988139e-03
-6.416049493582630012e-05	1.854578177556289289e-04	-5.068723074474770177e-05	3.580929876767790804e-04	-1.440141998920318892e-04	-1.508106937498455329e-03	3.622745453856954212e-04	-1.104211463629582984e-04	-4.450276542374575778e-04	-6.639321783817294167e-04	-3.770123592187193604e-03	-7.007347876966058074e-04	3.357217871494456475e-03	-1.312295828213450727e-04	3.129084404033855059e-04	4.779024663548635081e-03	2.379087818464728445e-04	3.368641394820991349e-03	6.739382199922235592e-04	5.138915884253273877e-04	-4.157258354745015094e-03	2.869794798341339381e-05	-1.977727816023400632e-05	-1.035813163385646517e-02	-6.491349590847754611e-04	2.788892144846342016e-04	-3.799177860213374426e-05	-5.403332951683674414e-04	-4.010092201706955811e-05	1.065697412326691994e-04	2.718466355033976939e-04	-8.699942866339838198e-05	9.814034441560869591e-05	-2.330619706815291979e-03	2.468405577154059692e-03	-1.249136818372510358e-04	1.386395861943427667e-04	2.299574209473817499e-04	-7.410250150615451921e-04	3.518203659255616372e-03	1.352651924201386498e-03	5.787301516309289063e-04	-7.762059376692057077e-04	1.644468333865149398e-04	-9.900668009517294777e-05	-2.945159754508296698e-04	-4.457616686166217344e-04	-2.494214459664295257e-04	3.320067338647475410e-04	-3.618532249602929947e-04	1.989500092324440576e-04	-5.368565233764921538e-04	6.167905938818430984e-04	2.248087729622623345e-03	-2.378673852770027755e-03	3.483935278548011116e-04	4.776362578595051570e-04	-3.389864399548679977e-03	9.085884132158786319e-03	3.289194667563368683e-04	-4.035191988390259867e-03	1.493954805732309243e-04	-5.985991515018619516e-04	-4.269552359608794374e-04
3.655329872503065261e-04	-1.778117242266941545e-04	1.375993368962032636e-03	2.172304802901868319e-04	-1.377887858723419578e-03	5.229617608169459661e-04	-4.815266003906372959e-04	-2.669608207589283834e-03	2.564733973965178286e-05	-8.661101048682283724e-04	6.262363417343844553e-04	-1.088162816780207515e-02	-1.312295828213450727e-04	1.010257975231615424e-02	-4.916446660765811522e-03	2.746606311505511233e-04	1.311528221949772102e-03	-4.842919778641400054e-04	-3.180480657625764027e-04	8.291022209568271045e-03	9.491400265447736588e-04	-1.228915328924364003e-02	3.648973675225819502e-03	6.319543181865218363e-04	1.686892994404774835e-04	-7.852239290053878926e-03	5.520269292852095395e-03	2.084137407583851989e-04	-5.629097731547357637e-04	8.903279665588047568e-05	-4.536740097993829783e-04	4.640910649542430953e-03	-3.333022126712281447e-03	5.787301516325953250e-04	6.937775743923668085e-04	-2.281107521622168302e-03	-2.045358493188365739e-03	1.186058746201275500e-03	4.364039809958555199e-03	-1.216504283788610212e-03	1.211845799818394914e-03	4.705178825447426522e-03	-6.760071859909818140e-03	7.840395552442015747e-04	1.130005926231765013e-03	-2.951654988444608126e-04	3.773580654182368552e-04	-2.728106880473606458e-03	-8.143986432220760028e-04	-1.573134441187178057e-03	-3.675332003209867335e-05	-5.260546974176240603e-04	2.145841098847654348e-03	9.153662112026310447e-06	-2.808658628531327905e-04	3.582084677507864617e-03	-6.384670951377334827e-03	1.201022010175680551e-03	-1.483126866850036172e-04	1.833535802773304281e-03	-8.718291406143998615e-04	-4.820016000596238220e-03	8.948047399282201692e-03	-8.135909850130741390e-04
7.283612875054804297e-05	-7.200798987108383755e-04	-7.485433728747236705e-04	5.634285626634028899e-04	5.804164251273781190e-04	-1.198452169718010286e-03	3.226918457108657627e-04	2.639481516583241840e-03	-2.733985064303378135e-03	6.842170552502586716e-04	-7.644268550224472825e-04	2.351803103870953038e-03	3.129084404033855059e-04	-4.916446660765811522e-03	5.283174845810376455e-03	1.792579852938231961e-04	9.309202552623867602e-04	4.968557284971019837e-04	4.142354668311320131e-04	-4.223522578178118617e-03	-1.012517967994181443e-03	7.334320900548118791e-03	-5.968436554119764537e-03	-1.019634898720041911e-03	6.194694250446935481e-04	3.693451138876524369e-03	-3.953760114036192555e-03	1.829310014189372124e-03	8.579361723172831706e-04	-1.124000450960907071e-03	3.177763261673612148e-04	-2.173240652853414452e-03	1.380814087327207271e-03	-3.618532249613400087e-04	-5.340642098110228320e-04	2.243750639489400320e-03	1.406299868075496645e-03	-1.553521743775183135e-03	-7.881235026445949487e-04	6.866701243567146064e-04	-1.045708078355546237e-03	-1.573134441186056342e-03	2.953717682119344316e-03	-1.708721988230472565e-03	-1.032986117152161730e-03	5.738459172614062808e-04	-3.685759088285070809e-04	1.360343480531200520e-03	2.916680911207526804e-04	1.507181800511552460e-03	-1.447678748505079735e-04	3.990145657804575847e-04	-6.216827828367444591e-04	3.992958076051557424e-04	3.438701284210902488e-04	-3.705742528890430300e-03	5.772409506329760284e-03	-1.000118538099338886e-03	8.040929229796653106e-04	2.579836221650933566e-03	2.667500407525351413e-04	1.959458193729083850e-03	-7.081442832769347696e-03	3.057635631065815118e-04
-2.134193621670693597e-03	7.487547457955608544e-04	-4.862421100575517333e-05	-2.362864291231250163e-03	-9.773045403158808157e-04	-3.534889865337191919e-03	4.879454231314372253e-03	-1.285664050237861561e-03	-3.698307961523640617e-04	-1.222430174590648580e-02	1.121986978444887775e-04	-1.187403419910292588e-03	4.779024663548635081e-03	2.746606311505511233e-04	1.792579852938231961e-04	1.646032922528127551e-02	7.175403581487821338e-04	1.091313000237879166e-02	-2.674405695829950875e-03	2.227090750511971293e-03	-5.502072006270744553e-03	-3.248777273769549133e-03	1.039405032582817060e-03	-2.555725763618629451e-02	-2.184711947456884421e-03	8.558787642084842752e-04	1.123875152513667802e-03	-1.274555211996810690e-02	-9.011270614129600516e-04	5.769557242179621653e-03	-1.798834096208631363e-03	-1.202617853950090337e-03	-8.819845894174365613e-04	-3.389864399544071684e-03	5.618678500914874030e-03	-1.277172989847742430e-03	-2.703755284430774466e-03	2.011147821322665716e-03	-1.068949578986969290e-03	4.498835491128356373e-03	3.076027977368848781e-04	1.201022010172100082e-03	-4.458698509647085473e-03	4.745252262926612924e-03	8.798012571288613224e-04	-4.317949478800489453e-03	5.614495743581591862e-03	-1.022499113382288431e-04	5.348533710813044642e-03	-1.000118538096155018e-03	1.407886447040995704e-03	-6.733796660838176507e-04	1.883889279844393454e-03	8.113840047087697224e-03	-1.796857184182922701e-02	1.437675735747822496e-03	-8.764454944974635949e-04	1.185074793745391833e-03	1.046346287152543145e-02	-5.062063470733279072e-04	-6.824395373607273184e-03	8.763908525366463165e-04	-7.083701532987871259e-04	-5.953447448820214233e-03
1.557738032378314737e-04	4.534324547216503397e-04	7.721382896895982229e-05	2.488211821530844268e-04	-9.838107587253027472e-04	-3.357948805859142360e-04	9.558219031425896134e-06	-9.847620671191072844e-04	-2.267802552670283855e-03	-1.957299127533133161e-04	-2.509194490273064949e-04	-4.534266609032736040e-03	2.379087818464728445e-04	1.311528221949772102e-03	9.309202552623867602e-04	7.175403581487821338e-04	2.846337256787962421e-03	2.369941254056064193e-04	1.679901362277457411e-04	3.846539316359458109e-03	-4.559611212057286750e-04	-2.939342961341505486e-04	-3.845611988978182415e-03	-1.161977394881638257e-03	5.049769022103266008e-04	-8.764488980147600418e-04	3.046421070686372557e-05	8.357051493332574117e-04	-8.867747603312264772e-05	-1.435824833070614270e-04	-2.505711513396805847e-04	-2.046312258411386365e-05	-1.865727097745419581e-03	-5.068723074433743967e-05	-6.258848875273812862e-05	-7.568018183135127430e-04	1.366256653520827289e-04	-8.471319619697817091e-04	3.519826465130967801e-03	1.310087682532113762e-04	-3.498274320454515898e-05	1.375993368962694866e-03	-6.397989288764542853e-04	-6.353160201357014019e-04	-3.569307773230000072e-04	1.224483119813693857e-04	-4.790457301025895969e-05	-7.871166303545764015e-04	-1.484610491092321571e-04	-7.485433728739256977e-04	1.936322995373630177e-04	-3.729999579201001732e-05	1.929730901086966922e-03	5.019451372815168354e-04	-5.157223342925277209e-04	8.608757653751426993e-04	3.052065210210050720e-05	-4.862421100617904217e-05	1.871177459587134101e-04	2.764861022131452455e-03	-8.434148577725766405e-05	-2.008432907339503110e-03	2.249109987889390521e-03	-2.880831105960288759e-04
-1.235364895725397580e-03	6.477148302002097655e-04	-2.509194490272997186e-04	-6.221902294704615170e-04	-5.521961411860338079e-04	-3.285133645148707870e-03	3.250988936991583943e-03	-1.215146208099383059e-03	-2.884239236495432426e-04	-9.888993528044238979e-03	5.611494252242677340e-04	-5.790673133533610038e-04	3.368641394820991349e-03	-4.842919778641400054e-04	4.968557284971019837e-04	1.091313000237879166e-02	2.369941254056064193e-04	1.144828510042103162e-02	-3.609180260302735123e-03	1.259601213053184419e-03	-3.649391770507128679e-03	-1.926222712306656371e-03	8.062337369237323808e-04	-1.991020284407522822e-02	-1.946031819967844901e-03	1.271751798852725724e-03	5.093283992689582543e-04	-9.070542238430463755e-03	-6.398391406084756117e-04	3.013793324277939424e-03	-2.931263747590127206e-04	-1.456350711630694178e-03	-2.232828493773090139e-04	-3.770123592191129691e-03	4.785296480899663488e-03	-7.961083925771769449e-04	-1.998469338744213349e-03	1.687799686334912974e-03	-1.203953264522053361e-03	4.194936134348885987e-03	1.572763632922753946e-03	6.262363417327878592e-04	-3.354908533030739100e-03	3.566174837589300081e-03	9.799444674490611837e-04	-1.971936995231426439e-03	9.005187157031225263e-04	3.148817707149246430e-04	2.704412630887274502e-03	-7.644268550214835352e-04	1.357059070319706958e-03	-7.695189017333339040e-04	1.081454690251928454e-03	4.779830211973453216e-03	-9.242550282818322999e-03	9.991553608697288993e-04	-4.976899144507358893e-04	1.121986978372945811e-04	9.058511212145384586e-03	-8.030545349183330298e-04	-6.433810769351049758e-03	1.354149655665851061e-03	-1.104639681934529603e-03	-3.994762716043227108e-03
1.054117194251238173e-03	-3.571294108670379584e-04	1.679901362279961376e-04	7.793891635189817901e-04	8.286584548713925801e-05	3.762147513476374674e-04	-1.803762956608987974e-03	7.496682561585180007e-04	-3.571294108658736336e-04	4.609800432411482324e-03	-3.609180260294689042e-03	3.932566566482168977e-04	6.739382199922235592e-04	-3.180480657625764027e-04	4.142354668311320131e-04	-2.674405695829950875e-03	1.679901362277457411e-04	-3.609180260302735123e-03	4.303759073922445305e-03	-8.506529696453291175e-04	-2.768127375085715092e-03	1.969935700143264027e-03	-1.056870848908596314e-03	1.023227604277707984e-03	7.793891635237503281e-04	3.932566566448353253e-04	-8.506529696427644373e-04	5.113372279338923229e-03	3.728986523322340538e-04	-2.035773770450803686e-03	3.286470525834756049e-05	1.781922406910360895e-04	8.286584548649684112e-05	6.739382199974401980e-04	-2.768127375088592565e-03	3.728986523336588581e-04	2.842095518999932652e-03	-9.453353636111877642e-04	2.690433526864102472e-04	1.361529339527672681e-03	3.762147513421546029e-04	-3.180480657617687263e-04	1.969935700139281969e-03	-2.035773770453802589e-03	-9.453353636079164009e-04	1.206507071602693718e-03	-6.434730919468703483e-04	-2.461808028604147922e-04	-1.803762956604988569e-03	4.142354668316215304e-04	-1.056870848907228919e-03	3.286470526211543409e-05	2.690433526838562463e-04	-6.434730919494793724e-04	2.847135091949532393e-03	-5.927920031337472482e-04	7.496682561581904632e-04	-2.674405695827485399e-03	1.023227604265881507e-03	1.781922406909998229e-04	1.361529339536022773e-03	-2.461808028617104138e-04	-5.927920031328630813e-04	3.300046368769779526e-03
4.186112612163224922e-04	2.188679883500087124e-03	3.046421070101434982e-05	1.050567050534190845e-03	-1.557792431440014691e-03	-8.337951570775222355e-04	4.588906568697334034e-04	-4.980235371260375264e-03	-1.290815343129344877e-03	-2.372667533551668304e-03	5.093283992729199291e-04	-1.344893416463023919e-02	5.138915884253273877e-04	8.291022209568271045e-03	-4.223522578178118617e-03	2.227090750511971293e-03	3.846539316359458109e-03	1.259601213053184419e-03	-8.506529696453291175e-04	1.729735422593867838e-02	4.544977942068367934e-04	-1.597534767551295198e-02	3.804117765195224113e-03	-2.339630061804620978e-03	1.148654864166022849e-03	-7.409031048860191884e-03	6.955684499614426392e-03	2.060925068600737847e-03	-2.047232225771403701e-03	-1.418312578213160318e-04	-5.830224815395006460e-04	1.033481118000435101e-03	-3.632286440468619239e-03	-3.799177860143741542e-05	1.353601729602210094e-03	-5.589503774940118158e-03	-2.524944316547455235e-03	3.952836689208691356e-03	2.313125933270225067e-03	-8.092131433767261062e-04	6.329967604505649676e-04	5.520269292851221095e-03	-1.022574743644792325e-02	1.447932230429383339e-04	3.565175386077412516e-03	-3.227764855019415883e-04	2.106486893880163110e-04	-1.101702713683004164e-03	-3.822149300904853389e-04	-3.953760114039126840e-03	4.911770483521890260e-03	-8.631631057690548805e-04	1.276612760986962837e-04	1.346270615733891930e-03	-2.556876068021690738e-03	3.584785604229893605e-03	-5.629838425923938336e-03	1.123875152517355607e-03	1.604865600907481133e-03	1.605291875073564401e-03	-2.269114235654308594e-03	-3.949830089596970129e-03	1.016509916216382786e-02	-1.848237157928271125e-03
-4.917963790780352029e-04	6.509768671417507074e-05	-6.258848875295380354e-05	-5.333426275444892641e-04	2.233593859158461686e-04	1.879008763577378130e-03	6.295127194611648382e-04	-4.012377964294046653e-04	1.014958505317494711e-03	-2.671752829153205950e-04	4.785296480881912062e-03	-4.170929941892250695e-04	-4.157258354745015094e-03	9.491400265447736588e-04	-1.012517967994181443e-03	-5.502072006270744553e-03	-4.559611212057286750e-04	-3.649391770507128679e-03	-2.768127375085715092e-03	4.544977942068367934e-04	8.917067396756080122e-03	-1.862514123948956360e-03	7.257394870317788235e-04	1.669176762273854447e-02	-2.095202128374153215e-04	-1.907678567002817202e-03	1.353601729599761098e-03	-1.534441395773123145e-03	-8.341991999876146712e-05	5.818027349522263266e-04	6.296615637844325515e-04	1.114047376118774101e-03	4.782723559130445511e-05	2.468405577145098978e-03	-5.839597423635993012e-04	1.517557457768634955e-04	-4.218813928227390861e-03	2.482761930958643504e-04	5.462622796620016140e-04	-6.153215655632648939e-03	-1.281075844554299768e-03	6.937775743917581374e-04	-1.365747037091620628e-03	1.642428867909833225e-03	7.863100096269356673e-04	-3.797843502196075272e-04	-3.095860444375837534e-05	-4.447367391853818954e-04	3.040207103025254626e-05	-5.340642098114968452e-04	1.272872344277903908e-03	-1.313291107931877371e-04	-1.564169539998213482e-03	-2.208074971789202035e-03	2.532460231509739597e-03	6.370658316870570327e-04	-9.329074032703281189e-04	5.618678500910531150e-03	-1.033985454472449890e-02	8.193353473940327312e-04	2.700139059516899493e-03	-7.344453841622249459e-04	1.604735934841497545e-03	-1.404840482625021626e-03
-3.159261787720414518e-05	-8.966043322361063120e-04	-6.397989288700302790e-04	-9.771214828537175788e-04	1.390218257915239706e-04	8.176305934954551094e-04	-1.458430431250627582e-03	5.006763085640394961e-03	-3.003718129227957601e-03	6.521834874053208941e-03	-3.354908533038720563e-03	7.875561042463841144e-03	2.869794798341339381e-05	-1.228915328924364003e-02	7.334320900548118791e-03	-3.248777273769549133e-03	-2.939342961341505486e-04	-1.926222712306656371e-03	1.969935700143264027e-03	-1.597534767551295198e-02	-1.862514123948956360e-03	3.186194675341426363e-02	-1.517517183488388370e-02	2.329533561226298025e-04	-1.193684260905142520e-03	9.541627857708206983e-03	-1.022574743643621560e-02	-1.439160986091923920e-03	2.534780074254845694e-03	9.440853626731899803e-06	8.587147747859245504e-04	-2.693879349916000407e-03	2.891383325037605312e-03	-7.762059376705288680e-04	-1.365747037093705983e-03	7.155142587236373863e-03	4.169156575447936081e-03	-1.152273466076618458e-02	7.429101012768403976e-03	2.586376655873435897e-03	7.514627086492456712e-04	-6.760071859906045116e-03	1.820248561374377544e-02	-7.426094243198145053e-04	-7.484862054612380702e-03	1.243626498063987035e-03	-2.979602379986233049e-03	3.492322385384069561e-04	-1.414661972131492492e-03	2.953717682127709153e-03	-6.856322250105210611e-03	7.810773333450911435e-04	6.314887712161527597e-03	-2.347111409635288613e-03	6.713919376189510582e-03	-1.023012573820694529e-03	1.165787791276653301e-02	-4.458698509656099963e-03	1.778301134704590725e-03	5.583759179755184467e-03	2.293276075071043908e-03	6.573932632160864450e-04	-6.415259731979627497e-03	3.296721344946018650e-03
-1.027370995997050186e-04	-3.957617417541049233e-04	1.936322995348633354e-04	3.504724424962558384e-04	2.373202235559968704e-03	-4.663990840056880848e-04	6.611867958135747830e-04	6.245202678294046409e-04	4.164868187426225103e-03	-2.436834170617989057e-03	1.357059070323741491e-03	3.041794817554061350e-03	-1.977727816023400632e-05	3.648973675225819502e-03	-5.968436554119764537e-03	1.039405032582817060e-03	-3.845611988978182415e-03	8.062337369237323808e-04	-1.056870848908596314e-03	3.804117765195224113e-03	7.257394870317788235e-04	-1.517517183488388370e-02	1.655116906306041552e-02	-2.637642815054856878e-04	2.068256488638964231e-04	-3.476920986745777199e-03	4.911770483510527821e-03	7.480164153797126160e-04	-8.164856502521824350e-04	-1.661254186469889689e-04	-1.697316035371448267e-04	2.242529065574629544e-03	1.698051498747326759e-03	1.989500092333330492e-04	1.272872344278697760e-03	-3.520873452709446204e-03	-2.041323596104003667e-03	7.218658570771587304e-03	-1.131666357541634416e-02	-9.946024005537059016e-04	-2.788044719369125188e-04	-3.675332002875294742e-05	-6.856322250100800944e-03	5.821050948151567815e-04	4.519955076680116229e-03	-3.676321078845908074e-04	1.269535360175255093e-03	1.445611930800622634e-03	9.111429753062259568e-04	-1.447678748574263759e-04	3.483437677859688771e-03	1.046922926837361135e-04	-7.498528870029424337e-03	1.196901633693846310e-04	-2.424387268738907499e-03	-1.940108175479903461e-03	-4.334584271174167155e-03	1.407886447047407025e-03	1.115407466551094750e-03	-9.066679585860585103e-03	-1.622304966543507750e-03	3.046453681124874566e-03	-3.377824876392489803e-04	-1.279885710765577824e-03
1.390403566015006691e-03	-1.236541449247317371e-03	1.871177459584251479e-04	1.400618686862282721e-03	1.647408146971764131e-03	8.805334555738118449e-03	-4.568347375819886008e-03	2.186752505177583499e-03	1.230907369751073127e-03	1.060953597504246324e-02	9.058511212121891226e-03	2.293603140347673548e-03	-1.035813163385646517e-02	6.319543181865218363e-04	-1.019634898720041911e-03	-2.555725763618629451e-02	-1.161977394881638257e-03	-1.991020284407522822e-02	1.023227604277707984e-03	-2.339630061804620978e-03	1.669176762273854447e-02	2.329533561226298025e-04	-2.637642815054856878e-04	6.123325137399868168e-02	2.356065344131535837e-03	-4.137569436848717586e-03	1.604865600909130639e-03	1.195177241164901635e-02	4.816195709150580925e-04	-4.393308741053132335e-03	2.373008498349003792e-03	3.143113539225282811e-03	1.262448868561238339e-03	9.085884132147139386e-03	-1.033985454474163103e-02	1.762458535576523185e-03	-1.781111465342431407e-03	-1.786657215557368268e-03	1.438544697576699463e-03	-1.833249725174145028e-02	-6.142120235050523361e-03	-1.483126866857309000e-04	1.778301134698623926e-03	-5.754260183458297789e-03	1.028247021352725723e-03	4.234193798608083988e-03	-2.664842134349899860e-03	2.596514344758969490e-04	-2.678259691763166389e-03	8.040929229781711715e-04	1.115407466554945402e-03	1.698764035871210692e-03	-6.214233014610517220e-03	-1.157776846659173790e-02	1.634979727545595243e-02	-3.221021929883942543e-03	1.271782912681219610e-03	1.046346287152092810e-02	-3.769202026815647588e-02	1.814378264731429441e-03	1.401740071167320925e-02	-2.027084458789924198e-03	1.988022525647572657e-03	2.849438103858919439e-03
2.585347159945984401e-03	-9.077063196586340754e-04	2.488211821537790209e-04	5.789897658300190847e-03	2.102734422411524687e-04	-3.294316300394065783e-03	-9.939393732242597645e-04	1.513594076426226943e-03	-9.903709534689565316e-04	3.903389111122305966e-03	-6.221902294790684559e-04	-1.147736909717939329e-03	-6.491349590847754611e-04	1.686892994404774835e-04	6.194694250446935481e-04	-2.184711947456884421e-03	5.049769022103266008e-04	-1.946031819967844901e-03	7.793891635237503281e-04	1.148654864166022849e-03	-2.095202128374153215e-04	-1.193684260905142520e-03	2.068256488638964231e-04	2.356065344131535837e-03	9.632584203274091594e-03	-1.302681613371340242e-03	1.050567050533335626e-03	2.086894783480043591e-02	-5.088713139051006303e-04	-7.492873411197104733e-03	-1.522821565079639922e-03	-8.323988490208599454e-06	6.986964310378438250e-05	3.580929876764988142e-04	-5.333426275447578210e-04	-6.976409834068314671e-04	1.557263454998625285e-03	1.273330070012478055e-03	-1.790913754854202245e-03	-1.110940150366606901e-03	-8.298495236341034767e-03	2.172304802853110392e-04	-9.771214828501084866e-04	-1.029256559624640473e-02	8.371478706486085468e-04	4.374830527451526591e-03	2.904834014190459698e-04	7.175337525390218909e-04	1.067932005726606641e-03	5.634285626656302748e-04	3.504724424925219003e-04	2.323245257872964993e-03	-1.433393868635751906e-03	-3.582241783108508926e-03	3.231736379179144490e-03	-2.032108525594996263e-03	9.329174107357851315e-04	-2.362864291232868227e-03	1.400618686874439880e-03	-1.762906356412729148e-04	8.603782015167974655e-04	8.528446994795901978e-04	-1.915156902519784057e-03	7.827234045836236904e-04
-1.036067728935634834e-03	5.463995861616847451e-03	-4.534266609042908458e-03	-1.147736909712192190e-03	3.693890483137919449e-03	-2.358509434608392630e-03	2.363652061747568370e-03	1.381977145330092090e-03	4.363849576116812508e-04	-9.763031152372380261e-04	-5.790673133522000401e-04	1.201057569555057797e-02	2.788892144846342016e-04	-7.852239290053878926e-03	3.693451138876524369e-03	8.558787642084842752e-04	-8.764488980147600418e-04	1.271751798852725724e-03	3.932566566448353253e-04	-7.409031048860191884e-03	-1.907678567002817202e-03	9.541627857708206983e-03	-3.476920986745777199e-03	-4.137569436848717586e-03	-1.302681613371340242e-03	2.490521015965098048e-02	-1.344893416462471757e-02	-3.138639221714971828e-03	7.937498995396724110e-04	3.257364927580022346e-04	7.088318880274886106e-04	-1.132767285622982012e-02	2.502404694562398654e-03	-7.007347876959904142e-04	-4.170929941833094456e-04	1.265048927511494645e-03	2.713505882830559261e-03	-3.029758541917435205e-04	-5.217249083083990401e-03	2.515503546527270151e-03	4.482421897425612443e-04	-1.088162816779446665e-02	7.875561042429778114e-03	1.046609902188664482e-03	2.790947664714981628e-03	-7.211361535121048718e-04	5.059871778218259005e-04	7.451124203967561532e-03	1.011378610174416262e-03	2.351803103870959109e-03	3.041794817596189977e-03	7.382925796837856583e-05	-1.130795498166715582e-02	2.347789809847937274e-03	-3.112312641824923828e-03	-1.028535180159491358e-02	2.670732769962393637e-03	-1.187403419909076547e-03	2.293603140353327879e-03	-3.355139980137516326e-03	7.875402684195889494e-04	3.357797626715113871e-03	-5.137768592971514794e-03	1.040967918911473670e-03
4.186112612184663935e-04	-1.290815343126346625e-03	3.846539316368707655e-03	1.148654864165045766e-03	-3.632286440493205041e-03	6.329967604549783210e-04	-3.822149300958688906e-04	-5.629838425949611376e-03	2.188679883490826303e-03	-2.372667533547888341e-03	1.259601213052910767e-03	-7.409031048874015028e-03	-3.799177860213374426e-05	5.520269292852095395e-03	-3.953760114036192555e-03	1.123875152513667802e-03	3.046421070686372557e-05	5.093283992689582543e-04	-8.506529696427644373e-04	6.955684499614426392e-03	1.353601729599761098e-03	-1.022574743643621560e-02	4.911770483510527821e-03	1.604865600909130639e-03	1.050567050533335626e-03	-1.344893416462471757e-02	1.729735422592792310e-02	2.060925068594632488e-03	-5.589503774942485188e-03	1.447932230454341673e-04	-8.631631057695669492e-04	1.605291875060832398e-03	-1.557792431442393431e-03	5.138915884259165432e-04	4.544977942034089257e-04	-2.047232225771633985e-03	-2.524944316539818549e-03	3.565175386076984039e-03	1.276612761033254204e-04	-2.269114235649701602e-03	-8.337951570744738927e-04	8.291022209562910750e-03	-1.597534767546100395e-02	-1.418312578155651253e-04	3.952836689176881732e-03	-3.227764855025818096e-04	1.346270615730013089e-03	-3.949830089606184980e-03	4.588906568648087403e-04	-4.223522578176477568e-03	3.804117765156093088e-03	-5.830224815410753412e-04	2.313125933334192995e-03	2.106486893845721260e-04	-2.556876068010360825e-03	1.016509916219124343e-02	-4.980235371248477663e-03	2.227090750511704145e-03	-2.339630061809714126e-03	1.033481118010356201e-03	-8.092131433713392477e-04	-1.101702713683898631e-03	3.584785604228237811e-03	-1.848237157923686685e-03
7.752111042364319415e-03	-2.572593899988703109e-03	8.357051493357273327e-04	2.086894783480250024e-02	1.142396690786404156e-03	-1.229007142573076104e-02	-5.126479067542761940e-03	3.439605338610335176e-03	-2.572593899994614613e-03	2.089784255230472954e-02	-9.070542238452066267e-03	-3.138639221732240133e-03	-5.403332951683674414e-04	2.084137407583851989e-04	1.829310014189372124e-03	-1.274555211996810690e-02	8.357051493332574117e-04	-9.070542238430463755e-03	5.113372279338923229e-03	2.060925068600737847e-03	-1.534441395773123145e-03	-1.439160986091923920e-03	7.480164153797126160e-04	1.195177241164901635e-02	2.086894783480043591e-02	-3.138639221714971828e-03	2.060925068594632488e-03	7.183275194160111676e-02	-8.942318386706352151e-04	-3.008445303113232647e-02	3.499493456975220473e-03	-1.149093219279992938e-04	1.142396690792799431e-03	-5.403332951763654924e-04	-1.534441395763789249e-03	-8.942318386679897618e-04	7.140327528185111232e-03	2.104333015847976475e-03	-5.665171573419226260e-03	6.938110103479279336e-04	-1.229007142568347942e-02	2.084137407439482881e-04	-1.439160986071924943e-03	-3.008445303110223595e-02	2.104333015842519035e-03	1.554641112273985777e-02	-1.132744916747397898e-02	1.823288122110169147e-03	-5.126479067556302324e-03	1.829310014193319921e-03	7.480164153664799285e-04	3.499493456961783738e-03	-5.665171573409639311e-03	-1.132744916744424929e-02	2.864562645943262431e-02	-5.676910230806177411e-03	3.439605338625508803e-03	-1.274555211998077038e-02	1.195177241169687737e-02	-1.149093219173784493e-04	6.938110103369434477e-04	1.823288122106983544e-03	-5.676910230808926081e-03	5.921406026981535647e-03
-2.148727149106502768e-05	-9.957776611758887685e-04	-7.568018183205680802e-04	-6.976409834080373167e-04	1.924249249965261652e-03	3.425923540793869202e-04	-4.926546702860631205e-04	4.425148474324878262e-03	-9.085795948702534959e-04	1.605970073145745070e-03	-7.961083925763653112e-04	1.265048927515466728e-03	-4.010092201706955811e-05	-5.629097731547357637e-04	8.579361723172831706e-04	-9.011270614129600516e-04	-8.867747603312264772e-05	-6.398391406084756117e-04	3.728986523322340538e-04	-2.047232225771403701e-03	-8.341991999876146712e-05	2.534780074254845694e-03	-8.164856502521824350e-04	4.816195709150580925e-04	-5.088713139051006303e-04	7.937498995396724110e-04	-5.589503774942485188e-03	-8.942318386706352151e-04	4.123101179942093020e-03	-1.707986531258151228e-04	3.519352667162905981e-04	4.971528473356768077e-03	2.285091570737782230e-04	-1.249136818379905701e-04	1.517557457782066051e-04	9.487026668570759051e-04	2.917886064451717686e-04	-1.642942442680180807e-03	6.121466189620676252e-04	2.137614607264473653e-04	5.977915926310027259e-04	-2.281107521624546608e-03	7.155142587220903599e-03	-7.521710150483523945e-05	-3.816729683047663177e-03	4.411439246132765283e-04	-1.049627296934714689e-03	-9.425581104142105680e-04	-5.073811444888034084e-04	2.243750639486223608e-03	-3.520873452694849373e-03	5.573947156106985297e-04	1.531737716895901612e-03	-9.067803915853411270e-04	2.439845335622900513e-03	-2.587444769986594825e-03	1.791787403674948917e-03	-1.277172989846532460e-03	1.762458535577090006e-03	1.473716848405218118e-04	-1.732339432120477858e-04	-4.279830595941359938e-04	-4.742252619165138617e-04	6.475494399220864741e-04
-3.224807277320715544e-03	1.897755212936487338e-03	-6.353160201371521728e-04	-1.029256559625635163e-02	-8.482519704895051180e-04	9.640142780910600923e-03	-6.709827597588069546e-04	-3.204360039263121247e-03	1.365779104237772401e-03	-7.658427435093708227e-03	3.566174837597023504e-03	1.046609902199236754e-03	1.065697412326691994e-04	8.903279665588047568e-05	-1.124000450960907071e-03	5.769557242179621653e-03	-1.435824833070614270e-04	3.013793324277939424e-03	-2.035773770450803686e-03	-1.418312578213160318e-04	5.818027349522263266e-04	9.440853626731899803e-06	-1.661254186469889689e-04	-4.393308741053132335e-03	-7.492873411197104733e-03	3.257364927580022346e-04	1.447932230454341673e-04	-3.008445303113232647e-02	-1.707986531258151228e-04	1.763769826256325612e-02	-4.765902236223480692e-03	-6.005561959898443906e-04	-9.126742265348084188e-04	1.644468333901363106e-04	1.642428867903725264e-03	-7.521710150431627252e-05	-3.314939889348793214e-03	-5.946795436608848413e-04	2.312812639987790221e-03	-9.425088032280591480e-04	3.380795833097147932e-03	7.840395552501343290e-04	-7.426094243284894238e-04	1.131171196573407985e-02	-3.547312022571421351e-04	-7.590108489127967220e-03	6.109594366666339094e-03	-8.113627450372737793e-04	3.316893106528957108e-03	-1.708721988231368550e-03	5.821050948208771406e-04	6.342932564355379180e-04	2.517327456380384632e-03	2.324701103916045238e-03	-9.058113142440704646e-03	3.489170909797994959e-03	-2.897265363028728169e-03	4.745252262936313498e-03	-5.754260183481335784e-03	-4.418997333242672418e-04	8.660431100770734757e-04	-9.671408243214531242e-04	3.469214558963552939e-03	-2.242150091272932834e-03
3.229943816527130183e-05	-3.397559203687252043e-04	-3.729999579132767468e-05	2.323245257874109477e-03	3.831000029487122258e-04	-2.909069079453993102e-03	1.753564966068326021e-03	8.651403471241075893e-04	-1.140060950332186728e-04	1.287454288335435982e-03	-7.695189017303100641e-04	7.382925796810412716e-05	2.718466355033976939e-04	-4.536740097993829783e-04	3.177763261673612148e-04	-1.798834096208631363e-03	-2.505711513396805847e-04	-2.931263747590127206e-04	3.286470525834756049e-05	-5.830224815395006460e-04	6.296615637844325515e-04	8.587147747859245504e-04	-1.697316035371448267e-04	2.373008498349003792e-03	-1.522821565079639922e-03	7.088318880274886106e-04	-8.631631057695669492e-04	3.499493456975220473e-03	3.519352667162905981e-04	-4.765902236223480692e-03	4.827928844059949966e-03	2.037974562024023255e-04	5.996466480044621667e-04	-5.368565233770378328e-04	-1.313291107915547659e-04	5.573947156095865720e-04	3.324819605848548538e-04	-3.857111952456425776e-04	-2.910260586103303494e-04	6.791105308826472179e-04	2.466173161820049871e-03	-5.260546974185922528e-04	7.810773333477534020e-04	6.342932564291627008e-04	-1.727308016356544581e-04	1.483863271938139303e-03	-4.429411189102869933e-03	9.432984468274780332e-05	-1.855139565509042812e-03	3.990145657806643963e-04	1.046922926829053571e-04	-2.363758518640901151e-03	-7.298891063007174190e-04	5.815576862389380862e-04	3.070185513855747464e-03	-6.910147374345835527e-04	1.191673068407962536e-03	-6.733796660855898876e-04	1.698764035870136682e-03	7.586338515570749483e-04	-1.351568474165381478e-03	5.016466880882570686e-05	-8.513018437288293700e-04	3.476176968121398245e-04
1.205965766949667326e-04	-4.407968397072124268e-03	2.764861022125427326e-03	-1.762906356445004220e-04	8.177137358442011870e-04	6.608982166512655451e-04	-8.014429369638921899e-04	8.438502552327536640e-03	-4.078391232598085111e-04	1.783092594482977179e-03	-8.030545349172512129e-04	-3.355139980130720980e-03	-8.699942866339838198e-05	4.640910649542430953e-03	-2.173240652853414452e-03	-1.202617853950090337e-03	-2.046312258411386365e-05	-1.456350711630694178e-03	1.781922406910360895e-04	1.033481118000435101e-03	1.114047376118774101e-03	-2.693879349916000407e-03	2.242529065574629544e-03	3.143113539225282811e-03	-8.323988490208599454e-06	-1.132767285622982012e-02	1.605291875060832398e-03	-1.149093219279992938e-04	4.971528473356768077e-03	-6.005561959898443906e-04	2.037974562024023255e-04	1.822183120549922264e-02	-1.304597525385980603e-03	3.289194667543309859e-04	8.193353473915864459e-04	1.473716848437813030e-04	-1.474292207517026443e-03	-1.244997393364202396e-03	2.491678980022774079e-03	-1.588195686046582752e-03	-2.475036313083762811e-04	1.833535802761617666e-03	5.583759179759817046e-03	-4.418997333201267821e-04	-5.955910149637914063e-03	6.968445702527970888e-04	-8.682722094264360563e-04	-7.052479826308390154e-03	-3.116113923421197796e-05	2.579836221643375810e-03	-9.066679585863917507e-03	7.586338515582613908e-04	7.182231277445893375e-03	-1.675200197980379439e-03	2.709208135803672837e-03	1.962169812795663826e-03	1.069034638359236521e-03	-5.062063470719223475e-04	1.814378264726523426e-03	2.397991551525463245e-03	-1.239617156647956691e-03	-3.286076167371284554e-03	2.836953488301142707e-03	-5.497869524332350604e-04
-2.344594308387454708e-05	-4.247185038082932425e-04	-9.838107587274848125e-04	2.102734422417898170e-04	2.009970908224523178e-03	-4.979391917729820202e-04	1.529979077413586280e-04	3.019860412317848346e-03	-3.029172126050360477e-04	9.342045150903439694e-04	-5.521961411860315310e-04	3.693890483102154655e-03	9.814034441560869591e-05	-3.333022126712281447e-03	1.380814087327207271e-03	-8.819845894174365613e-04	-1.865727097745419581e-03	-2.232828493773090139e-04	8.286584548649684112e-05	-3.632286440468619239e-03	4.782723559130445511e-05	2.891383325037605312e-03	1.698051498747326759e-03	1.262448868561238339e-03	6.986964310378438250e-05	2.502404694562398654e-03	-1.557792431442393431e-03	1.142396690792799431e-03	2.285091570737782230e-04	-9.126742265348084188e-04	5.996466480044621667e-04	-1.304597525385980603e-03	4.265284734289623292e-03	-1.440141998925819592e-04	2.233593859171136009e-04	1.924249249960080250e-03	7.456065713208278895e-05	6.837037563811989085e-04	-6.667664882478394409e-03	-2.856243433028565759e-04	-5.281522242191712731e-04	-1.377887858722082323e-03	1.390218257857410802e-04	-8.482519704924855897e-04	1.265079403478025413e-03	5.895739581155384334e-04	-5.776713177253927408e-04	1.803080124519330267e-03	-3.444155305177968359e-06	5.804164251241081653e-04	2.373202235565607422e-03	3.831000029494115904e-04	-5.061059300962630382e-03	-6.493594050295944595e-04	1.459613402650704024e-03	-3.719655995172366052e-03	5.462508674954646461e-03	-9.773045403165387095e-04	1.647408146972449347e-03	8.177137358586515420e-04	-4.744014682135071909e-04	1.923493937401029056e-03	-5.304964112625330623e-03	3.014697380994142803e-04
-6.416049493672822080e-05	-4.450276542372585183e-04	2.379087818470807837e-04	-6.491349590903765579e-04	9.814034441513731191e-05	1.352651924205536824e-03	3.320067338624672470e-04	4.776362578578553265e-04	1.854578177557465106e-04	-6.639321783835170493e-04	3.368641394823370522e-03	2.788892144839650862e-04	-2.330619706815291979e-03	5.787301516325953250e-04	-3.618532249613400087e-04	-3.389864399544071684e-03	-5.068723074433743967e-05	-3.770123592191129691e-03	6.739382199974401980e-04	-3.799177860143741542e-05	2.468405577145098978e-03	-7.762059376705288680e-04	1.989500092333330492e-04	9.085884132147139386e-03	3.580929876764988142e-04	-7.007347876959904142e-04	5.138915884259165432e-04	-5.403332951763654924e-04	-1.249136818379905701e-04	1.644468333901363106e-04	-5.368565233770378328e-04	3.289194667543309859e-04	-1.440141998925819592e-04	3.357217871497716020e-03	-4.157258354755881402e-03	-4.010092201749596128e-05	1.386395862100438573e-04	-9.900668009444246655e-05	6.167905938806097100e-04	-4.035191988380949606e-03	-1.508106937499016295e-03	-1.312295828212588786e-04	2.869794798345543375e-05	1.065697412328867717e-04	2.299574209479021941e-04	-2.945159754504767077e-04	2.248087729621678355e-03	1.493954805738066086e-04	3.622745453860607432e-04	3.129084404035081292e-04	-1.977727816146647314e-05	2.718466355077526087e-04	-7.410250150606443285e-04	-4.457616686215772430e-04	-2.378673852764072449e-03	-5.985991515009635817e-04	-1.104211463633621095e-04	4.779024663555366675e-03	-1.035813163387528171e-02	-8.699942866313887819e-05	3.518203659268286793e-03	-2.494214459669676152e-04	3.483935278552681859e-04	-4.269552359569278458e-04
-4.917963790765649164e-04	1.014958505319342192e-03	-4.559611212072407576e-04	-2.095202128281843158e-04	4.782723559208708645e-05	-1.281075844567368090e-03	3.040207103505239059e-05	-9.329074032703256253e-04	6.509768671193489221e-05	-2.671752829167118974e-04	-3.649391770523316252e-03	-1.907678567009670010e-03	2.468405577154059692e-03	6.937775743923668085e-04	-5.340642098110228320e-04	5.618678500914874030e-03	-6.258848875273812862e-05	4.785296480899663488e-03	-2.768127375088592565e-03	1.353601729602210094e-03	-5.839597423635993012e-04	-1.365747037093705983e-03	1.272872344278697760e-03	-1.033985454474163103e-02	-5.333426275447578210e-04	-4.170929941833094456e-04	4.544977942034089257e-04	-1.534441395763789249e-03	1.517557457782066051e-04	1.642428867903725264e-03	-1.313291107915547659e-04	8.193353473915864459e-04	2.233593859171136009e-04	-4.157258354755881402e-03	8.917067396770582410e-03	-8.341991999774256102e-05	-4.218813928242142949e-03	7.863100096278327362e-04	-1.564169539999285541e-03	2.700139059520296515e-03	1.879008763582269183e-03	9.491400265426810402e-04	-1.862514123944528479e-03	5.818027349529754019e-04	2.482761930927354513e-04	-3.797843502192339111e-04	-2.208074971791714781e-03	-7.344453841627306178e-04	6.295127194586897131e-04	-1.012517967994610137e-03	7.257394870313895949e-04	6.296615637778216288e-04	5.462622796640169290e-04	-3.095860443639409472e-05	2.532460231505226280e-03	1.604735934841079476e-03	-4.012377964273838209e-04	-5.502072006288436130e-03	1.669176762279137721e-02	1.114047376124866233e-03	-6.153215655660846869e-03	-4.447367391866184822e-04	6.370658316881460054e-04	-1.404840482628223492e-03
-2.148727148965968482e-05	-9.085795948727490041e-04	-8.867747603100232775e-05	-5.088713139036093102e-04	2.285091570729774584e-04	5.977915926306671653e-04	-5.073811444910314439e-04	1.791787403679145647e-03	-9.957776611847748895e-04	1.605970073148868006e-03	-6.398391406122645730e-04	7.937498995286865157e-04	-1.249136818372510358e-04	-2.281107521622168302e-03	2.243750639489400320e-03	-1.277172989847742430e-03	-7.568018183135127430e-04	-7.961083925771769449e-04	3.728986523336588581e-04	-5.589503774940118158e-03	1.517557457768634955e-04	7.155142587236373863e-03	-3.520873452709446204e-03	1.762458535576523185e-03	-6.976409834068314671e-04	1.265048927511494645e-03	-2.047232225771633985e-03	-8.942318386679897618e-04	9.487026668570759051e-04	-7.521710150431627252e-05	5.573947156095865720e-04	1.473716848437813030e-04	1.924249249960080250e-03	-4.010092201749596128e-05	-8.341991999774256102e-05	4.123101179942190164e-03	2.917886064463676436e-04	-3.816729683059203425e-03	1.531737716912826442e-03	-1.732339432113524057e-04	3.425923540799208898e-04	-5.629097731540977107e-04	2.534780074257754826e-03	-1.707986531268532735e-04	-1.642942442679800902e-03	4.411439246134811172e-04	-9.067803915858728197e-04	-4.279830595941311149e-04	-4.926546702884819755e-04	8.579361723198572834e-04	-8.164856502583678084e-04	3.519352667156348184e-04	6.121466189633328892e-04	-1.049627296935350899e-03	2.439845335627555643e-03	-4.742252619196244377e-04	4.425148474335361196e-03	-9.011270614159902883e-04	4.816195709205653517e-04	4.971528473367519893e-03	2.137614607266864319e-04	-9.425581104228455877e-04	-2.587444769983388189e-03	6.475494399242182324e-04
8.898121354376212124e-04	-6.047479903221882839e-04	1.366256653532382716e-04	1.557263454995568919e-03	7.456065713236847622e-05	-6.004046033900636284e-04	-1.330980361932637126e-03	1.117812536109889917e-03	-6.047479903184579779e-04	5.192589480538763354e-03	-1.998469338722861505e-03	2.713505882844977415e-03	1.386395861943427667e-04	-2.045358493188365739e-03	1.406299868075496645e-03	-2.703755284430774466e-03	1.366256653520827289e-04	-1.998469338744213349e-03	2.842095518999932652e-03	-2.524944316547455235e-03	-4.218813928227390861e-03	4.169156575447936081e-03	-2.041323596104003667e-03	-1.781111465342431407e-03	1.557263454998625285e-03	2.713505882830559261e-03	-2.524944316539818549e-03	7.140327528185111232e-03	2.917886064451717686e-04	-3.314939889348793214e-03	3.324819605848548538e-04	-1.474292207517026443e-03	7.456065713208278895e-05	1.386395862100438573e-04	-4.218813928242142949e-03	2.917886064463676436e-04	7.992636026266852420e-03	-1.044040433014527865e-03	4.062554991982064863e-04	3.818607411424165474e-03	-6.004046034036813161e-04	-2.045358493183029296e-03	4.169156575437388962e-03	-3.314939889353849065e-03	-1.044040433008720011e-03	1.878050349350828246e-03	-1.197598126222054749e-03	9.163571718246409092e-04	-1.330980361926912322e-03	1.406299868074485952e-03	-2.041323596098568779e-03	3.324819605884938157e-04	4.062554991913622975e-04	-1.197598126228742758e-03	3.774267527884140033e-03	-1.593111457833811580e-03	1.117812536106166767e-03	-2.703755284406711250e-03	-1.781111465406613140e-03	-1.474292207527320943e-03	3.818607411452540779e-03	9.163571718262372885e-04	-1.593111457834146382e-03	3.457748758842735248e-03
-7.406149632811136283e-05	5.531091075745280406e-04	-3.569307773259079459e-04	8.371478706482604094e-04	1.265079403474755459e-03	-1.432146507520676119e-03	1.201500048204428390e-03	-6.959309844265458003e-04	2.329699615952581654e-03	-2.976346836498819370e-03	9.799444674554362925e-04	2.790947664689734896e-03	2.299574209473817499e-04	1.186058746201275500e-03	-1.553521743775183135e-03	2.011147821322665716e-03	-8.471319619697817091e-04	1.687799686334912974e-03	-9.453353636111877642e-04	3.952836689208691356e-03	2.482761930958643504e-04	-1.152273466076618458e-02	7.218658570771587304e-03	-1.786657215557368268e-03	1.273330070012478055e-03	-3.029758541917435205e-04	3.565175386076984039e-03	2.104333015847976475e-03	-1.642942442680180807e-03	-5.946795436608848413e-04	-3.857111952456425776e-04	-1.244997393364202396e-03	6.837037563811989085e-04	-9.900668009444246655e-05	7.863100096278327362e-04	-3.816729683059203425e-03	-1.044040433014527865e-03	8.774538391534705828e-03	-1.075520944947170113e-02	-6.105707749157504409e-04	-1.207780602921069502e-03	1.130005926231954314e-03	-7.484862054620851357e-03	-3.547312022596582973e-04	4.522922751249994905e-03	-3.824024809225101511e-04	1.374559446189552560e-03	1.348131845703635836e-03	1.162865612179005310e-03	-1.032986117158821984e-03	4.519955076689960785e-03	-1.727308016339744326e-04	-6.488055853723494193e-03	1.370966580535773688e-03	-3.323812846689442289e-03	-1.303835716954404199e-03	-3.739595004065734366e-03	8.798012571344434457e-04	1.028247021346708184e-03	-5.955910149645488733e-03	-1.057994101763090177e-03	3.893357902709429844e-03	-3.026045389025578455e-03	-1.250588992350474974e-03
-5.835449340490194130e-05	7.513973559099405462e-05	1.929730901091014899e-03	-1.433393868635615079e-03	-5.061059300957591010e-03	2.630165163340861083e-03	-1.231402431478016875e-03	-4.735987557299876916e-03	-2.063115314592446192e-03	6.377882298617045670e-04	1.081454690246360642e-03	-1.130795498158791712e-02	-7.410250150615451921e-04	4.364039809958555199e-03	-7.881235026445949487e-04	-1.068949578986969290e-03	3.519826465130967801e-03	-1.203953264522053361e-03	2.690433526864102472e-04	2.313125933270225067e-03	5.462622796620016140e-04	7.429101012768403976e-03	-1.131666357541634416e-02	1.438544697576699463e-03	-1.790913754854202245e-03	-5.217249083083990401e-03	1.276612761033254204e-04	-5.665171573419226260e-03	6.121466189620676252e-04	2.312812639987790221e-03	-2.910260586103303494e-04	2.491678980022774079e-03	-6.667664882478394409e-03	6.167905938806097100e-04	-1.564169539999285541e-03	1.531737716912826442e-03	4.062554991982064863e-04	-1.075520944947170113e-02	2.432056845116803423e-02	4.339722673823455650e-04	2.070224260729025025e-03	2.145841098842111473e-03	6.314887712175702890e-03	2.517327456385083130e-03	-6.488055853724431811e-03	-6.371277703033054358e-04	-6.159689556060811855e-04	-4.213295212965800091e-03	-1.070348243491350826e-03	-6.216827828257840425e-04	-7.498528870043417484e-03	-7.298891063017731067e-04	1.565375008921661426e-02	-4.996348178159994852e-04	7.003042036621037920e-04	8.273915774950178423e-03	-3.865524564690868241e-03	1.883889279838746929e-03	-6.214233014606979251e-03	7.182231277431035468e-03	2.140664603995720214e-03	-7.744267285734882794e-03	1.325239607933629930e-02	6.358339042558899291e-04
1.581704581414466668e-04	3.575261739119454918e-04	-8.434148577664217603e-05	8.603782015202762366e-04	-4.744014682140656634e-04	-3.179907610017003970e-03	-4.533795739914191572e-05	-7.903605627522105421e-04	-2.174359221870893677e-04	2.431894918637747018e-03	-6.433810769333912424e-03	7.875402684290440597e-04	3.518203659255616372e-03	-1.216504283788610212e-03	6.866701243567146064e-04	4.498835491128356373e-03	1.310087682532113762e-04	4.194936134348885987e-03	1.361529339527672681e-03	-8.092131433767261062e-04	-6.153215655632648939e-03	2.586376655873435897e-03	-9.946024005537059016e-04	-1.833249725174145028e-02	-1.110940150366606901e-03	2.515503546527270151e-03	-2.269114235649701602e-03	6.938110103479279336e-04	2.137614607264473653e-04	-9.425088032280591480e-04	6.791105308826472179e-04	-1.588195686046582752e-03	-2.856243433028565759e-04	-4.035191988380949606e-03	2.700139059520296515e-03	-1.732339432113524057e-04	3.818607411424165474e-03	-6.105707749157504409e-04	4.339722673823455650e-04	1.019723100481364705e-02	3.227818907339394944e-03	-8.718291406109032011e-04	2.293276075064337900e-03	8.660431100739874027e-04	-1.057994101760685200e-03	-2.632547057447820428e-04	-2.105838761304627046e-03	1.086322459132161677e-04	-1.371215275290356981e-03	2.667500407513056018e-04	-1.622304966539945929e-03	-1.351568474168508317e-03	2.140664603992295002e-03	2.906623223792941749e-03	1.531849058548841614e-03	7.032989556351687500e-04	-5.948733357581735375e-05	-6.824395373590827138e-03	1.401740071165238043e-02	-1.239617156655444408e-03	-3.008716917776094527e-03	6.222797092476481298e-04	-5.713354159440119442e-04	3.124024603568484673e-03
-2.268979168520190493e-04	1.334248337978276560e-03	-3.357948805866398383e-04	-3.294316300377831373e-03	-4.979391917736340593e-04	3.184114951691720697e-03	-3.216803319031154209e-03	-3.208823423947464344e-03	5.411578365007894357e-04	1.799888356448806374e-03	-3.285133645146191654e-03	-2.358509434600078968e-03	1.352651924201386498e-03	1.211845799818394914e-03	-1.045708078355546237e-03	3.076027977368848781e-04	-3.498274320454515898e-05	1.572763632922753946e-03	3.762147513421546029e-04	6.329967604505649676e-04	-1.281075844554299768e-03	7.514627086492456712e-04	-2.788044719369125188e-04	-6.142120235050523361e-03	-8.298495236341034767e-03	4.482421897425612443e-04	-8.337951570744738927e-04	-1.229007142568347942e-02	5.977915926310027259e-04	3.380795833097147932e-03	2.466173161820049871e-03	-2.475036313083762811e-04	-5.281522242191712731e-04	-1.508106937499016295e-03	1.879008763582269183e-03	3.425923540799208898e-04	-6.004046034036813161e-04	-1.207780602921069502e-03	2.070224260729025025e-03	3.227818907339394944e-03	1.625236127074003445e-02	5.229617608238864863e-04	8.176305934913208296e-04	9.640142780885574067e-03	-1.432146507519947102e-03	-7.752174263340569534e-04	-9.162988067028523739e-03	-1.398587707314474099e-03	-8.393480856981553467e-03	-1.198452169721287829e-03	-4.663990840012387359e-04	-2.909069079453136582e-03	2.630165163342437946e-03	-1.968660596883054816e-03	1.354836791621486305e-02	3.572677740578600845e-03	-2.553845938914048840e-03	-3.534889865335880468e-03	8.805334555722519815e-03	6.608982166476163374e-04	-3.179907610014525918e-03	-1.380454518700957979e-03	3.107159424510258505e-03	1.508959821888183634e-03
3.655329872504316973e-04	2.564733974218536005e-05	1.311528221957450205e-03	1.686892994348694749e-04	-3.333022126730378083e-03	1.211845799825155565e-03	-8.143986432268048590e-04	-6.384670951395585853e-03	-1.778117242340604138e-04	-8.661101048650224950e-04	-4.842919778635267807e-04	-7.852239290063421639e-03	5.787301516309289063e-04	4.705178825447426522e-03	-1.573134441186056342e-03	1.201022010172100082e-03	1.375993368962694866e-03	6.262363417327878592e-04	-3.180480657617687263e-04	5.520269292851221095e-03	6.937775743917581374e-04	-6.760071859906045116e-03	-3.675332002875294742e-05	-1.483126866857309000e-04	2.172304802853110392e-04	-1.088162816779446665e-02	8.291022209562910750e-03	2.084137407439482881e-04	-2.281107521624546608e-03	7.840395552501343290e-04	-5.260546974185922528e-04	1.833535802761617666e-03	-1.377887858722082323e-03	-1.312295828212588786e-04	9.491400265426810402e-04	-5.629097731540977107e-04	-2.045358493183029296e-03	1.130005926231954314e-03	2.145841098842111473e-03	-8.718291406109032011e-04	5.229617608238864863e-04	1.010257975230245686e-02	-1.228915328920610582e-02	8.903279666264992233e-05	1.186058746178428975e-03	-2.951654988457267812e-04	9.153662108520271672e-06	-4.820016000596751699e-03	-4.815266003940729157e-04	-4.916446660759106815e-03	3.648973675193434817e-03	-4.536740097992493503e-04	4.364039810010493688e-03	3.773580654158848954e-04	-2.808658628463602674e-04	8.948047399297468993e-03	-2.669608207575242982e-03	2.746606311492153321e-04	6.319543181838726967e-04	4.640910649549294387e-03	-1.216504283784486341e-03	-2.728106880473305483e-03	3.582084677502065002e-03	-8.135909850095956932e-04
-3.159261787887446705e-05	-3.003718129232303517e-03	-2.939342961422820107e-04	-1.193684260899554109e-03	2.891383325065597244e-03	7.514627086402611046e-04	-1.414661972124738130e-03	1.165787791277966140e-02	-8.966043322145796947e-04	6.521834874042984481e-03	-1.926222712303962996e-03	9.541627857737652180e-03	-7.762059376692057077e-04	-6.760071859909818140e-03	2.953717682119344316e-03	-4.458698509647085473e-03	-6.397989288764542853e-04	-3.354908533030739100e-03	1.969935700139281969e-03	-1.022574743644792325e-02	-1.365747037091620628e-03	1.820248561374377544e-02	-6.856322250100800944e-03	1.778301134698623926e-03	-9.771214828501084866e-04	7.875561042429778114e-03	-1.597534767546100395e-02	-1.439160986071924943e-03	7.155142587220903599e-03	-7.426094243284894238e-04	7.810773333477534020e-04	5.583759179759817046e-03	1.390218257857410802e-04	2.869794798345543375e-05	-1.862514123944528479e-03	2.534780074257754826e-03	4.169156575437388962e-03	-7.484862054620851357e-03	6.314887712175702890e-03	2.293276075064337900e-03	8.176305934913208296e-04	-1.228915328920610582e-02	3.186194675327387593e-02	9.440853617508375081e-06	-1.152273466069035288e-02	1.243626498066429092e-03	-2.347111409632499611e-03	6.573932632309392558e-04	-1.458430431243826816e-03	7.334320900533190628e-03	-1.517517183480069330e-02	8.587147747886917596e-04	7.429101012648537186e-03	-2.979602379984315312e-03	6.713919376179613985e-03	-6.415259732015114735e-03	5.006763085596258392e-03	-3.248777273764908748e-03	2.329533561262828048e-04	-2.693879349938613395e-03	2.586376655866646189e-03	3.492322385363087539e-04	-1.023012573797687542e-03	3.296721344938326019e-03
-3.224807277317380105e-03	1.365779104235172485e-03	-1.435824833072293699e-04	-7.492873411191904899e-03	-9.126742265338227706e-04	3.380795833118902666e-03	3.316893106517233413e-03	-2.897265363024364472e-03	1.897755212939703081e-03	-7.658427435087575980e-03	3.013793324286125151e-03	3.257364927656668935e-04	1.644468333865149398e-04	7.840395552442015747e-04	-1.708721988230472565e-03	4.745252262926612924e-03	-6.353160201357014019e-04	3.566174837589300081e-03	-2.035773770453802589e-03	1.447932230429383339e-04	1.642428867909833225e-03	-7.426094243198145053e-04	5.821050948151567815e-04	-5.754260183458297789e-03	-1.029256559624640473e-02	1.046609902188664482e-03	-1.418312578155651253e-04	-3.008445303110223595e-02	-7.521710150483523945e-05	1.131171196573407985e-02	6.342932564291627008e-04	-4.418997333201267821e-04	-8.482519704924855897e-04	1.065697412328867717e-04	5.818027349529754019e-04	-1.707986531268532735e-04	-3.314939889353849065e-03	-3.547312022596582973e-04	2.517327456385083130e-03	8.660431100739874027e-04	9.640142780885574067e-03	8.903279666264992233e-05	9.440853617508375081e-06	1.763769826253054618e-02	-5.946795436573622685e-04	-7.590108489116969073e-03	2.324701103924922685e-03	-9.671408243223671066e-04	-6.709827597523011994e-04	-1.124000450963008905e-03	-1.661254186411677790e-04	-4.765902236211679369e-03	2.312812639984638662e-03	6.109594366644354943e-03	-9.058113142437622042e-03	3.469214558963630134e-03	-3.204360039272990957e-03	5.769557242179736145e-03	-4.393308741075227508e-03	-6.005561959957631587e-04	-9.425088032241890883e-04	-8.113627450360942758e-04	3.489170909802362559e-03	-2.242150091268936031e-03
-7.406149632622832050e-05	2.329699615950856471e-03	-8.471319619662352838e-04	1.273330070012674946e-03	6.837037563747544108e-04	-1.207780602918425350e-03	1.162865612174664382e-03	-3.739595004055779222e-03	5.531091075648834118e-04	-2.976346836490712574e-03	1.687799686331826034e-03	-3.029758542018093077e-04	-9.900668009517294777e-05	1.130005926231765013e-03	-1.032986117152161730e-03	8.798012571288613224e-04	-3.569307773230000072e-04	9.799444674490611837e-04	-9.453353636079164009e-04	3.565175386077412516e-03	7.863100096269356673e-04	-7.484862054612380702e-03	4.519955076680116229e-03	1.028247021352725723e-03	8.371478706486085468e-04	2.790947664714981628e-03	3.952836689176881732e-03	2.104333015842519035e-03	-3.816729683047663177e-03	-3.547312022571421351e-04	-1.727308016356544581e-04	-5.955910149637914063e-03	1.265079403478025413e-03	2.299574209479021941e-04	2.482761930927354513e-04	-1.642942442679800902e-03	-1.044040433008720011e-03	4.522922751249994905e-03	-6.488055853724431811e-03	-1.057994101760685200e-03	-1.432146507519947102e-03	1.186058746178428975e-03	-1.152273466069035288e-02	-5.946795436573622685e-04	8.774538391497041512e-03	-3.824024809232464328e-04	1.370966580534676259e-03	3.893357902698899205e-03	1.201500048198957072e-03	-1.553521743764371471e-03	7.218658570730200272e-03	-3.857111952486249468e-04	-1.075520944942645434e-02	1.374559446188204463e-03	-3.323812846680539689e-03	-3.026045389015923851e-03	-6.959309844031200945e-04	2.011147821319015424e-03	-1.786657215557665339e-03	-1.244997393355655631e-03	-6.105707749125358899e-04	1.348131845706354581e-03	-1.303835716970755702e-03	-1.250588992346277160e-03
2.450212362265254476e-03	-8.856671027755941630e-04	1.224483119818982595e-04	4.374830527453372336e-03	5.895739581146327993e-04	-7.752174263452659775e-04	-3.184576971801236431e-03	1.500173205834176571e-03	-8.856671027762889198e-04	5.328044652149166796e-03	-1.971936995235337373e-03	-7.211361535132431756e-04	-2.945159754508296698e-04	-2.951654988444608126e-04	5.738459172614062808e-04	-4.317949478800489453e-03	1.224483119813693857e-04	-1.971936995231426439e-03	1.206507071602693718e-03	-3.227764855019415883e-04	-3.797843502196075272e-04	1.243626498063987035e-03	-3.676321078845908074e-04	4.234193798608083988e-03	4.374830527451526591e-03	-7.211361535121048718e-04	-3.227764855025818096e-04	1.554641112273985777e-02	4.411439246132765283e-04	-7.590108489127967220e-03	1.483863271938139303e-03	6.968445702527970888e-04	5.895739581155384334e-04	-2.945159754504767077e-04	-3.797843502192339111e-04	4.411439246134811172e-04	1.878050349350828246e-03	-3.824024809225101511e-04	-6.371277703033054358e-04	-2.632547057447820428e-04	-7.752174263340569534e-04	-2.951654988457267812e-04	1.243626498066429092e-03	-7.590108489116969073e-03	-3.824024809232464328e-04	6.075987635493476993e-03	-6.437929213837951040e-03	4.889037762764947498e-05	-3.184576971808125885e-03	5.738459172615922215e-04	-3.676321078858386156e-04	1.483863271931509624e-03	-6.371277703025185219e-04	-6.437929213832443293e-03	1.237738207600740797e-02	-1.124904276738732329e-03	1.500173205838023754e-03	-4.317949478799733981e-03	4.234193798613272545e-03	6.968445702546247284e-04	-2.632547057420583101e-04	4.889037762751993993e-05	-1.124904276740304855e-03	2.298685221641379693e-03
-2.518860482158892175e-03	-9.304884091258249466e-05	5.019451372808848540e-04	-3.582241783117209432e-03	-6.493594050289456729e-04	-1.968660596874973606e-03	6.183863830197410330e-03	6.201324135559366387e-05	6.616652167498374539e-04	-8.585647113229479682e-03	4.779830211974193943e-03	2.347789809840489239e-03	-4.457616686166217344e-04	3.773580654182368552e-04	-3.685759088285070809e-04	5.614495743581591862e-03	-4.790457301025895969e-05	9.005187157031225263e-04	-6.434730919468703483e-04	2.106486893880163110e-04	-3.095860444375837534e-05	-2.979602379986233049e-03	1.269535360175255093e-03	-2.664842134349899860e-03	2.904834014190459698e-04	5.059871778218259005e-04	1.346270615730013089e-03	-1.132744916747397898e-02	-1.049627296934714689e-03	6.109594366666339094e-03	-4.429411189102869933e-03	-8.682722094264360563e-04	-5.776713177253927408e-04	2.248087729621678355e-03	-2.208074971791714781e-03	-9.067803915858728197e-04	-1.197598126222054749e-03	1.374559446189552560e-03	-6.159689556060811855e-04	-2.105838761304627046e-03	-9.162988067028523739e-03	9.153662108520271672e-06	-2.347111409632499611e-03	2.324701103924922685e-03	1.370966580534676259e-03	-6.437929213837951040e-03	1.612685921026277974e-02	8.824762388543204222e-04	8.929430602305764644e-03	3.992958076059216228e-04	1.196901633664893775e-04	5.815576862418909108e-04	-4.996348178132176392e-04	9.263373384263414584e-03	-2.736412264504470282e-02	-9.376954324624876954e-04	-4.879516611896542741e-04	8.113840047087553242e-03	-1.157776846658485972e-02	-1.675200197977673921e-03	2.906623223783279773e-03	6.067730064577758417e-04	-5.444336700406465388e-04	-3.792237762624056305e-03
-4.623871288807492020e-05	1.166069709194433477e-03	-2.008432907339329204e-03	8.528446994819057284e-04	1.923493937407070014e-03	-1.380454518702332097e-03	9.104542740614191693e-04	1.131086761763812733e-03	-6.281860893862683311e-04	-9.992966377360685930e-04	1.354149655663552118e-03	3.357797626715748780e-03	-2.494214459664295257e-04	-2.728106880473606458e-03	1.360343480531200520e-03	-1.022499113382288431e-04	-7.871166303545764015e-04	3.148817707149246430e-04	-2.461808028604147922e-04	-1.101702713683004164e-03	-4.447367391853818954e-04	3.492322385384069561e-04	1.445611930800622634e-03	2.596514344758969490e-04	7.175337525390218909e-04	7.451124203967561532e-03	-3.949830089606184980e-03	1.823288122110169147e-03	-9.425581104142105680e-04	-8.113627450372737793e-04	9.432984468274780332e-05	-7.052479826308390154e-03	1.803080124519330267e-03	1.493954805738066086e-04	-7.344453841627306178e-04	-4.279830595941311149e-04	9.163571718246409092e-04	1.348131845703635836e-03	-4.213295212965800091e-03	1.086322459132161677e-04	-1.398587707314474099e-03	-4.820016000596751699e-03	6.573932632309392558e-04	-9.671408243223671066e-04	3.893357902698899205e-03	4.889037762764947498e-05	8.824762388543204222e-04	6.793041434166264235e-03	8.394263813465284614e-04	1.959458193731646036e-03	3.046453681119848204e-03	5.016466880686585558e-05	-7.744267285734299927e-03	6.067730064584767784e-04	-1.695230587690541675e-03	-8.900192361244049777e-03	2.245561341445321754e-03	8.763908525349748020e-04	-2.027084458788781449e-03	-3.286076167369648277e-03	6.222797092465016944e-04	3.080649280156446627e-03	-4.149110415510084797e-03	-9.067360326565286318e-05
-2.323967547903810563e-03	-2.604093221306066604e-05	9.558219031270123386e-06	-9.939393732370190894e-04	1.529979077415863104e-04	-3.216803319026971357e-03	5.788264487640710360e-03	1.275761693631136291e-03	1.750258336686559037e-04	-7.105671642263219207e-03	3.250988936987752806e-03	2.363652061739857525e-03	3.320067338647475410e-04	-8.143986432220760028e-04	2.916680911207526804e-04	5.348533710813044642e-03	-1.484610491092321571e-04	2.704412630887274502e-03	-1.803762956604988569e-03	-3.822149300904853389e-04	3.040207103025254626e-05	-1.414661972131492492e-03	9.111429753062259568e-04	-2.678259691763166389e-03	1.067932005726606641e-03	1.011378610174416262e-03	4.588906568648087403e-04	-5.126479067556302324e-03	-5.073811444888034084e-04	3.316893106528957108e-03	-1.855139565509042812e-03	-3.116113923421197796e-05	-3.444155305177968359e-06	3.622745453860607432e-04	6.295127194586897131e-04	-4.926546702884819755e-04	-1.330980361926912322e-03	1.162865612179005310e-03	-1.070348243491350826e-03	-1.371215275290356981e-03	-8.393480856981553467e-03	-4.815266003940729157e-04	-1.458430431243826816e-03	-6.709827597523011994e-04	1.201500048198957072e-03	-3.184576971808125885e-03	8.929430602305764644e-03	8.394263813465284614e-04	9.424559439940175323e-03	3.226918457112747779e-04	6.611867958090957269e-04	1.753564966072974646e-03	-1.231402431473204101e-03	6.183863830199686287e-03	-2.007748326904493924e-02	-1.500833759176368283e-03	1.021713901457275845e-03	4.879454231308540113e-03	-4.568347375799268820e-03	-8.014429369638791795e-04	-4.533795740652289306e-05	9.104542740622612691e-04	-1.290728924502752666e-03	-3.808451553145995611e-03
7.283612875093564525e-05	-2.733985064302877667e-03	9.309202552608333153e-04	6.194694250464181885e-04	1.380814087329355292e-03	-1.045708078356244897e-03	2.916680911212404630e-04	5.772409506324360090e-03	-7.200798987077917674e-04	6.842170552486574134e-04	4.968557284960507412e-04	3.693451138879031911e-03	-3.618532249602929947e-04	-1.573134441187178057e-03	1.507181800511552460e-03	-1.000118538096155018e-03	-7.485433728739256977e-04	-7.644268550214835352e-04	4.142354668316215304e-04	-3.953760114039126840e-03	-5.340642098114968452e-04	2.953717682127709153e-03	-1.447678748574263759e-04	8.040929229781711715e-04	5.634285626656302748e-04	2.351803103870959109e-03	-4.223522578176477568e-03	1.829310014193319921e-03	2.243750639486223608e-03	-1.708721988231368550e-03	3.990145657806643963e-04	2.579836221643375810e-03	5.804164251241081653e-04	3.129084404035081292e-04	-1.012517967994610137e-03	8.579361723198572834e-04	1.406299868074485952e-03	-1.032986117158821984e-03	-6.216827828257840425e-04	2.667500407513056018e-04	-1.198452169721287829e-03	-4.916446660759106815e-03	7.334320900533190628e-03	-1.124000450963008905e-03	-1.553521743764371471e-03	5.738459172615922215e-04	3.992958076059216228e-04	1.959458193731646036e-03	3.226918457112747779e-04	5.283174845808417952e-03	-5.968436554114520468e-03	3.177763261667201260e-04	-7.881235026554273210e-04	-3.685759088282318562e-04	3.438701284210134330e-04	-7.081442832767285978e-03	2.639481516576361493e-03	1.792579852948382804e-04	-1.019634898721605547e-03	-2.173240652850515729e-03	6.866701243574269272e-04	1.360343480527667322e-03	-3.705742528885841089e-03	3.057635631054780650e-04
-1.027370995996010165e-04	4.164868187436301245e-03	-3.845611988982196132e-03	2.068256488585968429e-04	1.698051498742260933e-03	-2.788044719311132298e-04	9.111429753026596906e-04	-4.334584271177537723e-03	-3.957617417642970200e-04	-2.436834170610234843e-03	8.062337369212641946e-04	-3.476920986755049296e-03	1.989500092324440576e-04	-3.675332003209867335e-05	-1.447678748505079735e-04	1.407886447040995704e-03	1.936322995373630177e-04	1.357059070319706958e-03	-1.056870848907228919e-03	4.911770483521890260e-03	1.272872344277903908e-03	-6.856322250105210611e-03	3.483437677859688771e-03	1.115407466554945402e-03	3.504724424925219003e-04	3.041794817596189977e-03	3.804117765156093088e-03	7.480164153664799285e-04	-3.520873452694849373e-03	5.821050948208771406e-04	1.046922926829053571e-04	-9.066679585863917507e-03	2.373202235565607422e-03	-1.977727816146647314e-05	7.257394870313895949e-04	-8.164856502583678084e-04	-2.041323596098568779e-03	4.519955076689960785e-03	-7.498528870043417484e-03	-1.622304966539945929e-03	-4.663990840012387359e-04	3.648973675193434817e-03	-1.517517183480069330e-02	-1.661254186411677790e-04	7.218658570730200272e-03	-3.676321078858386156e-04	1.196901633664893775e-04	3.046453681119848204e-03	6.611867958090957269e-04	-5.968436554114520468e-03	1.655116906303297566e-02	-1.697316035370936252e-04	-1.131666357537744125e-02	1.269535360172191572e-03	-2.424387268730868357e-03	-3.377824876291038838e-04	6.245202678574598900e-04	1.039405032577155573e-03	-2.637642815037156193e-04	2.242529065578554789e-03	-9.946024005510639178e-04	1.445611930808335648e-03	-1.940108175499903956e-03	-1.279885710760959123e-03
3.229943816214818971e-05	-1.140060950330070908e-04	-2.505711513403038383e-04	-1.522821565084220893e-03	5.996466480046558052e-04	2.466173161817612584e-03	-1.855139565503515549e-03	1.191673068407558779e-03	-3.397559203687112181e-04	1.287454288334046251e-03	-2.931263747603895489e-04	7.088318880272938879e-04	-5.368565233764921538e-04	-5.260546974176240603e-04	3.990145657804575847e-04	-6.733796660838176507e-04	-3.729999579201001732e-05	-7.695189017333339040e-04	3.286470526211543409e-05	-8.631631057690548805e-04	-1.313291107931877371e-04	7.810773333450911435e-04	1.046922926837361135e-04	1.698764035871210692e-03	2.323245257872964993e-03	7.382925796837856583e-05	-5.830224815410753412e-04	3.499493456961783738e-03	5.573947156106985297e-04	6.342932564355379180e-04	-2.363758518640901151e-03	7.586338515582613908e-04	3.831000029494115904e-04	2.718466355077526087e-04	6.296615637778216288e-04	3.519352667156348184e-04	3.324819605884938157e-04	-1.727308016339744326e-04	-7.298891063017731067e-04	-1.351568474168508317e-03	-2.909069079453136582e-03	-4.536740097992493503e-04	8.587147747886917596e-04	-4.765902236211679369e-03	-3.857111952486249468e-04	1.483863271931509624e-03	5.815576862418909108e-04	5.016466880686585558e-05	1.753564966072974646e-03	3.177763261667201260e-04	-1.697316035370936252e-04	4.827928844060165939e-03	-2.910260586094242817e-04	-4.429411189101119597e-03	3.070185513851582393e-03	-8.513018437272209561e-04	8.651403471257007160e-04	-1.798834096202901788e-03	2.373008498347887497e-03	2.037974562024064996e-04	6.791105308838344193e-04	9.432984468348606369e-05	-6.910147374363936282e-04	3.476176968085583252e-04
-5.835449340630099579e-05	-2.063115314605511695e-03	3.519826465137893684e-03	-1.790913754851547251e-03	-6.667664882479992089e-03	2.070224260724159125e-03	-1.070348243486095698e-03	-3.865524564695429263e-03	7.513973560255749091e-05	6.377882298495687668e-04	-1.203953264517452874e-03	-5.217249083071751059e-03	6.167905938818430984e-04	2.145841098847654348e-03	-6.216827828367444591e-04	1.883889279844393454e-03	1.929730901086966922e-03	1.081454690251928454e-03	2.690433526838562463e-04	1.276612760986962837e-04	-1.564169539998213482e-03	6.314887712161527597e-03	-7.498528870029424337e-03	-6.214233014610517220e-03	-1.433393868635751906e-03	-1.130795498166715582e-02	2.313125933334192995e-03	-5.665171573409639311e-03	1.531737716895901612e-03	2.517327456380384632e-03	-7.298891063007174190e-04	7.182231277445893375e-03	-5.061059300962630382e-03	-7.410250150606443285e-04	5.462622796640169290e-04	6.121466189633328892e-04	4.062554991913622975e-04	-6.488055853723494193e-03	1.565375008921661426e-02	2.140664603992295002e-03	2.630165163342437946e-03	4.364039810010493688e-03	7.429101012648537186e-03	2.312812639984638662e-03	-1.075520944942645434e-02	-6.371277703025185219e-04	-4.996348178132176392e-04	-7.744267285734299927e-03	-1.231402431473204101e-03	-7.881235026554273210e-04	-1.131666357537744125e-02	-2.910260586094242817e-04	2.432056845113990395e-02	-6.159689556029194352e-04	7.003042036496094462e-04	1.325239607933075686e-02	-4.735987557333029216e-03	-1.068949578980384714e-03	1.438544697576071927e-03	2.491678980016556397e-03	4.339722673767930404e-04	-4.213295212974493657e-03	8.273915774978274004e-03	6.358339042506923723e-04
-2.518860482156005595e-03	6.616652167515976561e-04	-4.790457301033501647e-05	2.904834014228779740e-04	-5.776713177252249063e-04	-9.162988067031960226e-03	8.929430602300891806e-03	-4.879516611900006767e-04	-9.304884091411517706e-05	-8.585647113226891475e-03	9.005187157038483997e-04	5.059871778135201529e-04	2.248087729622623345e-03	9.153662112026310447e-06	3.992958076051557424e-04	8.113840047087697224e-03	5.019451372815168354e-04	4.779830211973453216e-03	-6.434730919494793724e-04	1.346270615733891930e-03	-2.208074971789202035e-03	-2.347111409635288613e-03	1.196901633693846310e-04	-1.157776846659173790e-02	-3.582241783108508926e-03	2.347789809847937274e-03	2.106486893845721260e-04	-1.132744916744424929e-02	-9.067803915853411270e-04	2.324701103916045238e-03	5.815576862389380862e-04	-1.675200197980379439e-03	-6.493594050295944595e-04	-4.457616686215772430e-04	-3.095860443639409472e-05	-1.049627296935350899e-03	-1.197598126228742758e-03	1.370966580535773688e-03	-4.996348178159994852e-04	2.906623223792941749e-03	-1.968660596883054816e-03	3.773580654158848954e-04	-2.979602379984315312e-03	6.109594366644354943e-03	1.374559446188204463e-03	-6.437929213832443293e-03	9.263373384263414584e-03	6.067730064584767784e-04	6.183863830199686287e-03	-3.685759088282318562e-04	1.269535360172191572e-03	-4.429411189101119597e-03	-6.159689556029194352e-04	1.612685921027390626e-02	-2.736412264505531933e-02	-5.444336700402587197e-04	6.201324135306754057e-05	5.614495743568885880e-03	-2.664842134327918312e-03	-8.682722094255106897e-04	-2.105838761318274115e-03	8.824762388535442419e-04	-9.376954324613800745e-04	-3.792237762619096297e-03
6.100523735904472833e-03	-6.831781644121117433e-04	-5.157223342915722136e-04	3.231736379193166260e-03	1.459613402649637603e-03	1.354836791621228873e-02	-2.007748326904147673e-02	3.432203632529374788e-04	-6.831781644081426959e-04	2.490010737112863595e-02	-9.242550282816393986e-03	-3.112312641806255602e-03	-2.378673852770027755e-03	-2.808658628531327905e-04	3.438701284210902488e-04	-1.796857184182922701e-02	-5.157223342925277209e-04	-9.242550282818322999e-03	2.847135091949532393e-03	-2.556876068021690738e-03	2.532460231509739597e-03	6.713919376189510582e-03	-2.424387268738907499e-03	1.634979727545595243e-02	3.231736379179144490e-03	-3.112312641824923828e-03	-2.556876068010360825e-03	2.864562645943262431e-02	2.439845335622900513e-03	-9.058113142440704646e-03	3.070185513855747464e-03	2.709208135803672837e-03	1.459613402650704024e-03	-2.378673852764072449e-03	2.532460231505226280e-03	2.439845335627555643e-03	3.774267527884140033e-03	-3.323812846689442289e-03	7.003042036621037920e-04	1.531849058548841614e-03	1.354836791621486305e-02	-2.808658628463602674e-04	6.713919376179613985e-03	-9.058113142437622042e-03	-3.323812846680539689e-03	1.237738207600740797e-02	-2.736412264504470282e-02	-1.695230587690541675e-03	-2.007748326904493924e-02	3.438701284210134330e-04	-2.424387268730868357e-03	3.070185513851582393e-03	7.003042036496094462e-04	-2.736412264505531933e-02	6.919304907357004542e-02	1.074982016359115385e-03	3.432203632557517424e-04	-1.796857184181657047e-02	1.634979727541392355e-02	2.709208135802773382e-03	1.531849058576424585e-03	-1.695230587692982648e-03	1.074982016362169149e-03	1.142143347426089264e-02
-1.930831350865836100e-04	1.765764636248904652e-03	2.249109987895822008e-03	-1.915156902519363170e-03	-5.304964112627483415e-03	3.107159424506484181e-03	-1.290728924500281552e-03	-1.170258224253981766e-02	3.463282151603378975e-03	-2.255906462176981541e-04	-1.104639681930473603e-03	-5.137768592972415116e-03	3.483935278548011116e-04	3.582084677507864617e-03	-3.705742528890430300e-03	1.437675735747822496e-03	8.608757653751426993e-04	9.991553608697288993e-04	-5.927920031337472482e-04	3.584785604229893605e-03	6.370658316870570327e-04	-1.023012573820694529e-03	-1.940108175479903461e-03	-3.221021929883942543e-03	-2.032108525594996263e-03	-1.028535180159491358e-02	1.016509916219124343e-02	-5.676910230806177411e-03	-2.587444769986594825e-03	3.489170909797994959e-03	-6.910147374345835527e-04	1.962169812795663826e-03	-3.719655995172366052e-03	-5.985991515009635817e-04	1.604735934841079476e-03	-4.742252619196244377e-04	-1.593111457833811580e-03	-1.303835716954404199e-03	8.273915774950178423e-03	7.032989556351687500e-04	3.572677740578600845e-03	8.948047399297468993e-03	-6.415259732015114735e-03	3.469214558963630134e-03	-3.026045389015923851e-03	-1.124904276738732329e-03	-9.376954324624876954e-04	-8.900192361244049777e-03	-1.500833759176368283e-03	-7.081442832767285978e-03	-3.377824876291038838e-04	-8.513018437272209561e-04	1.325239607933075686e-02	-5.444336700402587197e-04	1.074982016359115385e-03	2.159873713556085401e-02	-9.021446182289805452e-03	-7.083701532952128366e-04	1.988022525647385307e-03	2.836953488291365805e-03	-5.713354159468607939e-04	-4.149110415504078317e-03	1.068541112515793493e-02	1.929192399302176214e-04
1.194788935219632435e-05	-2.784041747885374410e-03	-9.847620671232482862e-04	1.513594076427263657e-03	3.019860412325864503e-03	-3.208823423944705700e-03	1.275761693630298420e-03	1.010745137574693871e-02	-5.429593967649670380e-03	1.830476154422651033e-03	-1.215146208101534767e-03	1.381977145258710170e-03	4.776362578595051570e-04	-6.384670951377334827e-03	5.772409506329760284e-03	-8.764454944974635949e-04	3.052065210210050720e-05	-4.976899144507358893e-04	7.496682561581904632e-04	-5.629838425923938336e-03	-9.329074032703281189e-04	1.165787791276653301e-02	-4.334584271174167155e-03	1.271782912681219610e-03	9.329174107357851315e-04	2.670732769962393637e-03	-4.980235371248477663e-03	3.439605338625508803e-03	1.791787403674948917e-03	-2.897265363028728169e-03	1.191673068407962536e-03	1.069034638359236521e-03	5.462508674954646461e-03	-1.104211463633621095e-04	-4.012377964273838209e-04	4.425148474335361196e-03	1.117812536106166767e-03	-3.739595004065734366e-03	-3.865524564690868241e-03	-5.948733357581735375e-05	-2.553845938914048840e-03	-2.669608207575242982e-03	5.006763085596258392e-03	-3.204360039272990957e-03	-6.959309844031200945e-04	1.500173205838023754e-03	-4.879516611896542741e-04	2.245561341445321754e-03	1.021713901457275845e-03	2.639481516576361493e-03	6.245202678574598900e-04	8.651403471257007160e-04	-4.735987557333029216e-03	6.201324135306754057e-05	3.432203632557517424e-04	-9.021446182289805452e-03	1.806147086790676690e-02	-1.285664050240366285e-03	2.186752505179659096e-03	8.438502552386189376e-03	-7.903605627540725509e-04	1.131086761748015691e-03	-1.170258224255439107e-02	-1.680480971475329256e-05
-2.134193621671072200e-03	-3.698307961531595409e-04	7.175403581504616714e-04	-2.184711947465197649e-03	-8.819845894178135384e-04	3.076027977517220764e-04	5.348533710809357487e-03	-8.764454944964508417e-04	7.487547457978341011e-04	-1.222430174591487492e-02	1.091313000239208658e-02	8.558787642082377276e-04	-3.389864399548679977e-03	1.201022010175680551e-03	-1.000118538099338886e-03	1.185074793745391833e-03	-4.862421100617904217e-05	1.121986978372945811e-04	-2.674405695827485399e-03	1.123875152517355607e-03	5.618678500910531150e-03	-4.458698509656099963e-03	1.407886447047407025e-03	1.046346287152092810e-02	-2.362864291232868227e-03	-1.187403419909076547e-03	2.227090750511704145e-03	-1.274555211998077038e-02	-1.277172989846532460e-03	4.745252262936313498e-03	-6.733796660855898876e-04	-5.062063470719223475e-04	-9.773045403165387095e-04	4.779024663555366675e-03	-5.502072006288436130e-03	-9.011270614159902883e-04	-2.703755284406711250e-03	8.798012571344434457e-04	1.883889279838746929e-03	-6.824395373590827138e-03	-3.534889865335880468e-03	2.746606311492153321e-04	-3.248777273764908748e-03	5.769557242179736145e-03	2.011147821319015424e-03	-4.317949478799733981e-03	8.113840047087553242e-03	8.763908525349748020e-04	4.879454231308540113e-03	1.792579852948382804e-04	1.039405032577155573e-03	-1.798834096202901788e-03	-1.068949578980384714e-03	5.614495743568885880e-03	-1.796857184181657047e-02	-7.083701532952128366e-04	-1.285664050240366285e-03	1.646032922530096115e-02	-2.555725763622151633e-02	-1.202617853952544971e-03	4.498835491141966146e-03	-1.022499113372660716e-04	1.437675735747615414e-03	-5.953447448816119418e-03
1.390403566014082951e-03	1.230907369755129344e-03	-1.161977394885916519e-03	2.356065344149890512e-03	1.262448868563353400e-03	-6.142120235086322849e-03	-2.678259691748133709e-03	1.271782912678491757e-03	-1.236541449251402211e-03	1.060953597504783741e-02	-1.991020284410861124e-02	-4.137569436860309008e-03	9.085884132158786319e-03	-1.483126866850036172e-04	8.040929229796653106e-04	1.046346287152543145e-02	1.871177459587134101e-04	9.058511212145384586e-03	1.023227604265881507e-03	1.604865600907481133e-03	-1.033985454472449890e-02	1.778301134704590725e-03	1.115407466551094750e-03	-3.769202026815647588e-02	1.400618686874439880e-03	2.293603140353327879e-03	-2.339630061809714126e-03	1.195177241169687737e-02	1.762458535577090006e-03	-5.754260183481335784e-03	1.698764035870136682e-03	1.814378264726523426e-03	1.647408146972449347e-03	-1.035813163387528171e-02	1.669176762279137721e-02	4.816195709205653517e-04	-1.781111465406613140e-03	1.028247021346708184e-03	-6.214233014606979251e-03	1.401740071165238043e-02	8.805334555722519815e-03	6.319543181838726967e-04	2.329533561262828048e-04	-4.393308741075227508e-03	-1.786657215557665339e-03	4.234193798613272545e-03	-1.157776846658485972e-02	-2.027084458788781449e-03	-4.568347375799268820e-03	-1.019634898721605547e-03	-2.637642815037156193e-04	2.373008498347887497e-03	1.438544697576071927e-03	-2.664842134327918312e-03	1.634979727541392355e-02	1.988022525647385307e-03	2.186752505179659096e-03	-2.555725763622151633e-02	6.123325137409903890e-02	3.143113539236677342e-03	-1.833249725178515838e-02	2.596514344710199908e-04	-3.221021929879908010e-03	2.849438103851693448e-03
1.205965766959447914e-04	-4.078391232611319967e-04	-2.046312258292766516e-05	-8.323988486437527458e-06	-1.304597525386077530e-03	-2.475036313121859507e-04	-3.116113923421761581e-05	1.069034638361071859e-03	-4.407968397100978791e-03	1.783092594486164299e-03	-1.456350711635919165e-03	-1.132767285627590478e-02	3.289194667563368683e-04	1.833535802773304281e-03	2.579836221650933566e-03	-5.062063470733279072e-04	2.764861022131452455e-03	-8.030545349183330298e-04	1.781922406909998229e-04	1.605291875073564401e-03	8.193353473940327312e-04	5.583759179755184467e-03	-9.066679585860585103e-03	1.814378264731429441e-03	-1.762906356412729148e-04	-3.355139980137516326e-03	1.033481118010356201e-03	-1.149093219173784493e-04	1.473716848405218118e-04	-4.418997333242672418e-04	7.586338515570749483e-04	2.397991551525463245e-03	8.177137358586515420e-04	-8.699942866313887819e-05	1.114047376124866233e-03	4.971528473367519893e-03	-1.474292207527320943e-03	-5.955910149645488733e-03	7.182231277431035468e-03	-1.239617156655444408e-03	6.608982166476163374e-04	4.640910649549294387e-03	-2.693879349938613395e-03	-6.005561959957631587e-04	-1.244997393355655631e-03	6.968445702546247284e-04	-1.675200197977673921e-03	-3.286076167369648277e-03	-8.014429369638791795e-04	-2.173240652850515729e-03	2.242529065578554789e-03	2.037974562024064996e-04	2.491678980016556397e-03	-8.682722094255106897e-04	2.709208135802773382e-03	2.836953488291365805e-03	8.438502552386189376e-03	-1.202617853952544971e-03	3.143113539236677342e-03	1.822183120554663610e-02	-1.588195686053589300e-03	-7.052479826321943548e-03	1.962169812776120431e-03	-5.497869524352294503e-04
1.581704581426404818e-04	-2.174359221918062976e-04	1.310087682552952128e-04	-1.110940150370035148e-03	-2.856243433026055289e-04	3.227818907352296082e-03	-1.371215275299026912e-03	-5.948733357025404135e-05	3.575261739139853640e-04	2.431894918643604311e-03	4.194936134359070548e-03	2.515503546536972893e-03	-4.035191988390259867e-03	-8.718291406143998615e-04	2.667500407525351413e-04	-6.824395373607273184e-03	-8.434148577725766405e-05	-6.433810769351049758e-03	1.361529339536022773e-03	-2.269114235654308594e-03	2.700139059516899493e-03	2.293276075071043908e-03	-1.622304966543507750e-03	1.401740071167320925e-02	8.603782015167974655e-04	7.875402684195889494e-04	-8.092131433713392477e-04	6.938110103369434477e-04	-1.732339432120477858e-04	8.660431100770734757e-04	-1.351568474165381478e-03	-1.239617156647956691e-03	-4.744014682135071909e-04	3.518203659268286793e-03	-6.153215655660846869e-03	2.137614607266864319e-04	3.818607411452540779e-03	-1.057994101763090177e-03	2.140664603995720214e-03	-3.008716917776094527e-03	-3.179907610014525918e-03	-1.216504283784486341e-03	2.586376655866646189e-03	-9.425088032241890883e-04	-6.105707749125358899e-04	-2.632547057420583101e-04	2.906623223783279773e-03	6.222797092465016944e-04	-4.533795740652289306e-05	6.866701243574269272e-04	-9.946024005510639178e-04	6.791105308838344193e-04	4.339722673767930404e-04	-2.105838761318274115e-03	1.531849058576424585e-03	-5.713354159468607939e-04	-7.903605627540725509e-04	4.498835491141966146e-03	-1.833249725178515838e-02	-1.588195686053589300e-03	1.019723100484147896e-02	1.086322459149943948e-04	7.032989556342611644e-04	3.124024603576579760e-03
-4.623871288939321517e-05	-6.281860893862479481e-04	-7.871166303558476286e-04	7.175337525360225540e-04	1.803080124520700048e-03	-1.398587707311489290e-03	8.394263813484387172e-04	2.245561341441424698e-03	1.166069709201141219e-03	-9.992966377390388732e-04	3.148817707178621261e-04	7.451124203968121848e-03	1.493954805732309243e-04	-4.820016000596238220e-03	1.959458193729083850e-03	8.763908525366463165e-04	-2.008432907339503110e-03	1.354149655665851061e-03	-2.461808028617104138e-04	-3.949830089596970129e-03	-7.344453841622249459e-04	6.573932632160864450e-04	3.046453681124874566e-03	-2.027084458789924198e-03	8.528446994795901978e-04	3.357797626715113871e-03	-1.101702713683898631e-03	1.823288122106983544e-03	-4.279830595941359938e-04	-9.671408243214531242e-04	5.016466880882570686e-05	-3.286076167371284554e-03	1.923493937401029056e-03	-2.494214459669676152e-04	-4.447367391866184822e-04	-9.425581104228455877e-04	9.163571718262372885e-04	3.893357902709429844e-03	-7.744267285734882794e-03	6.222797092476481298e-04	-1.380454518700957979e-03	-2.728106880473305483e-03	3.492322385363087539e-04	-8.113627450360942758e-04	1.348131845706354581e-03	4.889037762751993993e-05	6.067730064577758417e-04	3.080649280156446627e-03	9.104542740622612691e-04	1.360343480527667322e-03	1.445611930808335648e-03	9.432984468348606369e-05	-4.213295212974493657e-03	8.824762388535442419e-04	-1.695230587692982648e-03	-4.149110415504078317e-03	1.131086761748015691e-03	-1.022499113372660716e-04	2.596514344710199908e-04	-7.052479826321943548e-03	1.086322459149943948e-04	6.793041434175701131e-03	-8.900192361244656930e-03	-9.067360326591429143e-05
-1.930831350855477632e-04	3.463282151604670477e-03	8.608757653780770925e-04	-2.032108525591284388e-03	-3.719655995177421036e-03	3.572677740572352371e-03	-1.500833759177579337e-03	-9.021446182283995863e-03	1.765764636261392493e-03	-2.255906462137020289e-04	9.991553608678454233e-04	-1.028535180155142059e-02	-5.985991515018619516e-04	8.948047399282201692e-03	-7.081442832769347696e-03	-7.083701532987871259e-04	2.249109987889390521e-03	-1.104639681934529603e-03	-5.927920031328630813e-04	1.016509916216382786e-02	1.604735934841497545e-03	-6.415259731979627497e-03	-3.377824876392489803e-04	1.988022525647572657e-03	-1.915156902519784057e-03	-5.137768592971514794e-03	3.584785604228237811e-03	-5.676910230808926081e-03	-4.742252619165138617e-04	3.469214558963552939e-03	-8.513018437288293700e-04	2.836953488301142707e-03	-5.304964112625330623e-03	3.483935278552681859e-04	6.370658316881460054e-04	-2.587444769983388189e-03	-1.593111457834146382e-03	-3.026045389025578455e-03	1.325239607933629930e-02	-5.713354159440119442e-04	3.107159424510258505e-03	3.582084677502065002e-03	-1.023012573797687542e-03	3.489170909802362559e-03	-1.303835716970755702e-03	-1.124904276740304855e-03	-5.444336700406465388e-04	-4.149110415510084797e-03	-1.290728924502752666e-03	-3.705742528885841089e-03	-1.940108175499903956e-03	-6.910147374363936282e-04	8.273915774978274004e-03	-9.376954324613800745e-04	1.074982016362169149e-03	1.068541112515793493e-02	-1.170258224255439107e-02	1.437675735747615414e-03	-3.221021929879908010e-03	1.962169812776120431e-03	7.032989556342611644e-04	-8.900192361244656930e-03	2.159873713557349667e-02	1.929192399321118310e-04
1.549150501007541016e-03	8.556885511381662028e-05	-2.880831105951380954e-04	7.827234045853219847e-04	3.014697380983479133e-04	1.508959821885550757e-03	-3.808451553146321739e-03	-1.680480971407303362e-05	8.556885511496674195e-05	7.745157084748113818e-03	-3.994762716041114214e-03	1.040967918916988139e-03	-4.269552359608794374e-04	-8.135909850130741390e-04	3.057635631065815118e-04	-5.953447448820214233e-03	-2.880831105960288759e-04	-3.994762716043227108e-03	3.300046368769779526e-03	-1.848237157928271125e-03	-1.404840482625021626e-03	3.296721344946018650e-03	-1.279885710765577824e-03	2.849438103858919439e-03	7.827234045836236904e-04	1.040967918911473670e-03	-1.848237157923686685e-03	5.921406026981535647e-03	6.475494399220864741e-04	-2.242150091272932834e-03	3.476176968121398245e-04	-5.497869524332350604e-04	3.014697380994142803e-04	-4.269552359569278458e-04	-1.404840482628223492e-03	6.475494399242182324e-04	3.457748758842735248e-03	-1.250588992350474974e-03	6.358339042558899291e-04	3.124024603568484673e-03	1.508959821888183634e-03	-8.135909850095956932e-04	3.296721344938326019e-03	-2.242150091268936031e-03	-1.250588992346277160e-03	2.298685221641379693e-03	-3.792237762624056305e-03	-9.067360326565286318e-05	-3.808451553145995611e-03	3.057635631054780650e-04	-1.279885710760959123e-03	3.476176968085583252e-04	6.358339042506923723e-04	-3.792237762619096297e-03	1.142143347426089264e-02	1.929192399302176214e-04	-1.680480971475329256e-05	-5.953447448816119418e-03	2.849438103851693448e-03	-5.497869524352294503e-04	3.124024603576579760e-03	-9.067360326591429143e-05	1.929192399321118310e-04	7.057019755153970050e-03
