2.042470083470136408e-03	3.469076229946946007e-05	-4.060844004123559110e-04	2.992737837118091514e-03	4.922733755104589850e-04	-1.159694613274261303e-04	-2.835736146409039999e-03	2.739172602490223514e-04	3.469076229848524166e-05	1.470952147042925776e-03	-2.448709186808474374e-04	-3.111567858441567158e-04	-2.719239646490290640e-05	3.596625152776286843e-04	-3.061265863413910652e-04	-1.105162705429771049e-03	-4.060844004126833943e-04	-2.448709186776607503e-04	-7.578393317551142174e-05	-8.086941762543959451e-04	2.657100671372473696e-04	4.743780962301289718e-04	2.033900068394524417e-04	1.225526871938355505e-03	2.992737837119676184e-03	-3.111567858470166785e-04	-8.086941762519851131e-04	8.942560722699624542e-03	4.731516192873636830e-04	-3.410466823303067233e-03	8.622392568854279102e-05	5.270962050522093800e-04	4.922733755118389575e-04	-2.719239646709797534e-05	2.657100671382249947e-04	4.731516192878677286e-04	-9.226040062672098870e-04	-3.401856371059198427e-04	-6.238158186132742840e-05	-1.088978792859247001e-03	-1.159694613308239657e-04	3.596625152805909957e-04	4.743780962271032888e-04	-3.410466823306585252e-03	-3.401856371063179617e-04	2.532730585751927395e-03	-3.295683051663306218e-03	-3.482479505517821310e-04	-2.835736146407032490e-03	-3.061265863430019185e-04	2.033900068400017257e-04	8.622392569054390297e-05	-6.238158185968112161e-05	-3.295683051663248972e-03	8.422974674245943538e-03	4.355322462856781344e-04	2.739172602500383031e-04	-1.105162705435182302e-03	1.225526871951194193e-03	5.270962050500951858e-04	-1.088978792864282903e-03	-3.482479505500689831e-04	4.355322462837450562e-04	-1.514144606398610507e-04
3.469076229946946007e-05	5.271653697500814327e-03	-2.907186624672676838e-03	-1.455825038640241615e-03	5.471102428329160591e-04	2.023425969734128204e-03	-9.777797816615224191e-04	-6.050335475424877853e-03	2.357623860736973546e-03	1.456595394239714857e-03	-6.079497338965620008e-04	4.202049617681032426e-03	-3.936108027038403212e-04	-7.303032373958101130e-04	-1.044575742369082067e-03	-1.830045646844300107e-03	-4.831473148254050720e-04	-1.315185642714761368e-03	1.573382328290142643e-04	9.690076144862522743e-04	1.231387570117424210e-03	-2.954380939419760238e-03	2.165074882106146278e-03	3.642674452368541323e-03	-1.365290572403351187e-03	8.630288139166004957e-03	-2.098104074547494854e-03	-3.663025958455869667e-03	-1.557569553263706084e-03	1.106474234736590494e-03	1.075781633940640182e-04	-7.121658061014687555e-03	-6.811553386070166860e-04	3.730676546573189530e-04	2.614988402949883586e-04	-1.778104226662927329e-03	-1.380055781313677208e-03	2.271703826924231263e-03	-2.424056251721776190e-03	-1.373129876817176000e-03	2.649499567774408690e-03	-1.739878060193011857e-03	-3.218733735756320550e-03	1.841210108268721921e-03	3.648153337093833215e-03	-1.275010589383770987e-04	-1.172299804840489087e-03	3.047930640154914664e-03	-1.683027631587086584e-03	-2.140466721236714172e-03	6.102737757290739237e-03	-1.500582890865239847e-04	-6.603479596263225199e-03	-1.211106241200627385e-03	2.947766802811466712e-03	-7.873520230835862098e-04	-4.832517727355965971e-03	-5.794822884922093756e-04	1.448551327301983438e-03	-4.465238387102121037e-03	-3.350236779440039347e-04	1.370946994628629081e-03	1.438927413899839317e-03	3.845033661160256406e-04
-4.060844004123559110e-04	-2.907186624672676838e-03	3.523338586892344609e-03	1.906703803846219016e-04	-2.368307269621978007e-03	-5.510040685249979709e-04	7.367801303341963738e-04	8.031078765297649559e-04	-4.831473148283726418e-04	-1.586792129507582673e-04	-1.957866522598927296e-04	-2.085849611724028500e-03	3.201368859358264896e-04	9.705212685347382965e-04	-1.126553561447111458e-04	4.035357302230503261e-04	2.318868335157909426e-04	9.512241481478007476e-05	-2.986973213882410561e-04	-5.085025553716081628e-04	1.858891093240316070e-04	1.008338885226183054e-03	-7.766739254087556702e-04	-1.204887876139223535e-04	-2.268167182163785328e-04	-6.308070903486976029e-03	4.852276011135830958e-03	4.814442944434461132e-04	-4.252554719181284157e-04	-6.906626176884301713e-05	2.977471180805064260e-04	4.470561299114722206e-03	-2.361391490765347371e-04	-4.939056877134677246e-05	4.592615395843062517e-04	7.568414256610641894e-04	-3.838968496406259742e-04	-1.277268932304064485e-03	1.826880830142069145e-03	1.709205501709565322e-04	-8.440384100036760553e-04	1.688774702319638952e-03	4.505306686960769023e-04	-3.517842995776858514e-04	-2.075781242568104992e-03	-1.573544181770876959e-04	5.303007974081684010e-04	-3.144664541810461653e-03	1.022349887866108847e-03	8.494010179376223699e-04	-5.264861942099086263e-03	1.250107440518916026e-04	6.161065112347721695e-03	5.919530904916114802e-04	-1.532581262306363786e-03	3.702825896462163049e-03	7.974026591731656023e-04	1.571169550208371837e-04	1.390780336809950037e-04	1.766019327184290043e-03	-4.228749699333412214e-04	-1.184353141191579230e-03	1.302918057036943984e-04	-1.370041972169733886e-04
2.992737837118091514e-03	-1.455825038640241615e-03	1.906703803846219016e-04	1.028191568388133956e-02	3.320902824584439500e-04	-7.766718455117057468e-03	-2.410236841404329302e-04	1.913291123025485973e-03	-1.365290572407299851e-03	3.234166440596999113e-03	-2.167364103759886283e-03	-3.672148003681771980e-03	7.176262634125957348e-04	2.005584873899887276e-03	-2.343675300187338182e-04	-1.398311424608849555e-03	-2.268167182142463137e-04	5.392766703715957911e-04	-7.684357868353391095e-04	-1.568548725526589232e-03	1.169966854968770408e-03	1.358197445739973367e-03	-1.256412942325215842e-03	1.038339358500933469e-03	4.745675412175588345e-03	-3.485402706183944946e-03	-2.239405481890967102e-04	2.185094942576474436e-02	1.084528660730550752e-03	-9.762090791339439466e-03	3.072160974889396202e-03	3.143360803395912721e-03	9.338582912690426060e-04	-7.446451659479950882e-04	2.175689159607631113e-03	1.675138964244574872e-03	-3.034727059549000797e-03	-1.560532277041010467e-03	2.177940290357102682e-03	-1.360777349704102345e-03	-2.412362022353385345e-04	9.344895159983897855e-04	9.649580530744088268e-04	-5.813833782833463006e-03	-1.153645012048383576e-03	3.914717300000210287e-03	-6.458418964845856480e-03	-1.208324450643220860e-03	-4.064635135137676693e-03	2.777496922975414371e-04	-1.008910007638203019e-03	-2.949295763206720693e-03	1.647144141143193396e-03	-3.914297365815177804e-04	9.603944851968190116e-03	6.150442290425274863e-04	1.696807085987833870e-03	-2.301637743005172619e-03	6.262312930782321790e-03	3.011092306400672131e-03	-4.697684818707632652e-03	-1.857178969563007048e-03	1.790548771440224514e-03	-1.453460093021699019e-03
4.922733755104589850e-04	5.471102428329160591e-04	-2.368307269621978007e-03	3.320902824584439500e-04	4.040232665689013833e-03	-6.049013535364478121e-05	-8.379958529200115438e-04	4.298481682920475208e-03	-6.811553386013322140e-04	-1.511286888830863867e-03	1.152231167751132952e-03	1.348796623554065132e-03	-1.694161710856312633e-04	-1.083135928651048031e-03	8.004634848990054528e-04	1.081502466009859635e-03	-2.361391490793455583e-04	1.168710937474015405e-03	2.265862377665192574e-04	-5.870714547551049824e-04	-1.822179084490954974e-03	1.003702841898221256e-03	1.665602270018153258e-04	-3.902523062929800016e-03	9.338582912676680545e-04	4.266460208299769491e-03	-4.695551625554231744e-03	9.459750288877111744e-04	1.909095210631621279e-03	-3.916392863464032356e-04	-6.954301207689953098e-04	2.586271101285743260e-04	1.516941363084984553e-03	-1.414883982457368415e-04	-1.237062602223158421e-03	3.676860144104961148e-04	2.660716005876704107e-03	5.139293164398972807e-04	-2.704170356111735250e-03	1.386106574557392345e-03	-1.075801078257081163e-04	-2.080375536084861157e-03	2.192452434000540049e-03	-5.236652668493302657e-04	9.841273656081550841e-04	4.517688700848586153e-04	-1.649812390185181920e-04	1.661829385026951812e-03	-5.148708482318924487e-04	7.633071153273945138e-04	1.968840491760442176e-03	-1.669159050442731781e-05	-6.281628946391401916e-03	-4.963200093339062251e-04	9.224691106474438781e-04	-4.563307788798402417e-03	3.260165005774685182e-03	4.843428976566999675e-04	-2.215856432153879944e-03	5.565408407644904798e-04	1.585954638718940247e-03	6.832844018286724809e-04	-2.101650510747312111e-03	2.124064933960978215e-04
-1.159694613274261303e-04	2.023425969734128204e-03	-5.510040685249979709e-04	-7.766718455117057468e-03	-6.049013535364478121e-05	1.451409546218112440e-02	-7.780343499587261645e-03	-3.497000940499494365e-03	2.649499567779710438e-03	-1.877724703048362035e-03	2.819402099894313674e-03	6.546627216270561531e-03	-7.850021573343454523e-04	-2.473059082132138004e-03	-2.207879892932448570e-04	3.581039059322113248e-04	-8.440384100092878858e-04	-1.091216279796096119e-03	4.514432740972704281e-05	-4.678050887172718214e-04	1.085020164991493358e-04	-1.302929271154500525e-03	2.314701846807272478e-03	3.517502266367216086e-03	-2.412362022273115082e-04	5.246819100969774864e-03	-5.400316698759752808e-04	-9.640275568641288803e-03	-1.512038160633876697e-03	8.510631014271852202e-03	-4.382153261279264460e-03	-5.401340330429700229e-03	-1.075801078240506828e-04	8.839329997567628699e-04	-1.547233716713147019e-03	-1.391990648890436243e-03	1.080077996353236711e-03	2.181277496621874395e-03	-4.077347104752561055e-03	-1.551801033497017448e-03	-6.388399609251519361e-04	-1.245020956433554862e-03	-1.082012750769291822e-03	-2.587303801833259944e-04	2.246457148221156150e-03	8.826576443469784318e-05	2.248542850449674734e-04	2.071998248698933218e-03	3.704893747376320889e-04	-3.545060776405558603e-04	1.290303711419074498e-03	4.730082271357471252e-03	-3.285901195997669409e-03	-8.757646092382609382e-03	9.650481362160245186e-03	-6.738065369574610178e-04	-2.970924961222336756e-03	1.923718189714119457e-03	-7.130203501547839606e-03	-4.768785718292657336e-03	3.200786789496206861e-03	2.498771874199101455e-03	-1.798403058027510815e-03	1.058736243026109174e-04
-2.835736146409039999e-03	-9.777797816615224191e-04	7.367801303341963738e-04	-2.410236841404329302e-04	-8.379958529200115438e-04	-7.780343499587261645e-03	9.892091894923999915e-03	9.997381030278304232e-04	-1.683027631590124302e-03	-2.052866278133066037e-03	-3.167488542681810935e-04	-2.684226702376086605e-03	2.013038191595337503e-04	8.151804946731210262e-04	6.748967024164667042e-04	1.494331615310447994e-03	1.022349887871043268e-03	1.212455090605483055e-03	-5.653727388415712510e-05	9.627645994517799490e-04	-9.608905895595054873e-05	-1.191640360000740693e-04	-2.113923295716221666e-03	-3.720079736792132347e-03	-4.064635135145725810e-03	-2.199516915473064861e-03	1.230914689108246213e-03	-9.548162775604128460e-03	-7.071292152383823189e-05	3.977324720507191850e-04	2.921239945032461094e-03	1.665224715212924563e-03	-5.148708482362410752e-04	6.556636019467352824e-05	-2.045287407468055461e-04	-8.366570475104099223e-05	7.056297539340327610e-04	-1.314011424396355372e-04	2.443349318885301019e-03	1.824204439424441555e-03	3.704893747434771312e-04	3.602255570079979812e-04	-5.186778610520599965e-04	6.434627808134481264e-03	-4.561161382350574153e-04	-4.045009703137604148e-03	5.353336715001860875e-03	-4.977799740923941540e-04	4.122850286116846313e-03	4.006570293240024915e-04	-7.530364267343625864e-04	-3.146216644867454865e-03	1.930869581993430867e-03	9.829670829822556577e-03	-2.056893574321056600e-02	1.942693373091942000e-05	1.177378534160234682e-03	1.934891874667166167e-03	9.159617558357044300e-04	1.247058268096758443e-03	-2.785192951242577899e-04	-5.000480268890685615e-04	4.848548492133407644e-04	-5.129336374857294909e-04
2.739172602490223514e-04	-6.050335475424877853e-03	8.031078765297649559e-04	1.913291123025485973e-03	4.298481682920475208e-03	-3.497000940499494365e-03	9.997381030278304232e-04	1.826913644795528230e-02	-4.832517727353331793e-03	-5.139478931730322511e-03	2.130450163748133854e-03	-4.786785998773903858e-03	3.388625526867184898e-04	-3.560616524218744106e-04	2.448977302393254285e-03	3.942632476948194215e-03	7.974026591659638978e-04	4.049534337507137288e-03	2.754541144660700410e-04	-1.792905522647732404e-03	-4.636845965126591175e-03	7.172339852751454317e-03	-4.180020188183055513e-03	-1.237662230623110329e-02	1.696807085982606281e-03	-5.653033755309733177e-03	-4.237808377477744401e-03	3.978565464172166728e-03	5.050210533285639028e-03	-2.194594745562307003e-03	-1.938848537519782280e-04	1.335437796690355783e-02	3.260165005789226501e-03	-7.932154153366278299e-04	-2.639965950488987190e-03	3.171353744031588529e-03	6.735848271904761736e-03	-3.388527941382869779e-03	7.844362497008695824e-04	5.533665937880358557e-03	-2.970924961224848636e-03	-1.370873164666087506e-03	1.067203856671013716e-02	-2.237090071416703452e-03	-5.045176680249322324e-03	4.712713625323537410e-04	1.256715475069842235e-03	-2.213671038932182953e-03	1.177378534161832579e-03	4.106071564852913774e-03	-6.503042469354937405e-03	-2.061991374575714844e-04	1.073612950841933231e-03	1.850953744804128978e-03	-3.281050516317099951e-03	-8.046327895951823836e-03	1.321312620920015758e-02	2.069449130226019319e-03	-5.405314398782919486e-03	8.848274077618524178e-03	3.243568854116894891e-03	-1.964477484766390721e-03	-4.081852636766105519e-03	6.559535996615115539e-04
3.469076229848524166e-05	2.357623860736973546e-03	-4.831473148283726418e-04	-1.365290572407299851e-03	-6.811553386013322140e-04	2.649499567779710438e-03	-1.683027631590124302e-03	-4.832517727353331793e-03	5.271653697512867186e-03	1.456595394251622433e-03	-1.315185642717443251e-03	8.630288139197710498e-03	3.730676546558401013e-04	-1.739878060207722312e-03	-2.140466721237425408e-03	-5.794822884999699863e-04	-2.907186624677504574e-03	-6.079497339039840152e-04	1.573382328303346870e-04	-2.098104074561854028e-03	2.614988403000842714e-04	-3.218733735740988630e-03	6.102737757294935533e-03	1.448551327320233163e-03	-1.455825038650716309e-03	4.202049617677879566e-03	9.690076144932619666e-04	-3.663025958469563574e-03	-1.778104226666576537e-03	1.841210108269731097e-03	-1.500582890812064338e-04	-4.465238387108341755e-03	5.471102428306809764e-04	-3.936108027024335689e-04	1.231387570115571959e-03	-1.557569553263910781e-03	-1.380055781317851386e-03	3.648153337091554656e-03	-6.603479596267959259e-03	-3.350236779482281490e-04	2.023425969748230205e-03	-7.303032373895887441e-04	-2.954380939442151181e-03	1.106474234741454876e-03	2.271703826936595505e-03	-1.275010589348551764e-04	-1.211106241212952161e-03	1.370946994633489343e-03	-9.777797816689682859e-04	-1.044575742372927081e-03	2.165074882123530810e-03	1.075781633944451965e-04	-2.424056251744387009e-03	-1.172299804848516303e-03	2.947766802830920334e-03	1.438927413890560714e-03	-6.050335475437800675e-03	-1.830045646847866699e-03	3.642674452364410079e-03	-7.121658061030790993e-03	-1.373129876815289054e-03	3.047930640161099821e-03	-7.873520230861834161e-04	3.845033661193335414e-04
1.470952147042925776e-03	1.456595394239714857e-03	-1.586792129507582673e-04	3.234166440596999113e-03	-1.511286888830863867e-03	-1.877724703048362035e-03	-2.052866278133066037e-03	-5.139478931730322511e-03	1.456595394251622433e-03	1.186188012874958217e-02	-5.898887781729584938e-03	-9.134445943989022952e-04	-7.749442649076528468e-05	1.080792100373401555e-03	-1.224950846865295378e-03	-6.925606708065636455e-03	-1.586792129498217064e-04	-5.898887781744111512e-03	1.061505815669413003e-03	8.836093466998637402e-04	3.466328741696400768e-03	-1.815259636282982956e-03	7.104821968099094259e-04	1.169609358593009900e-02	3.234166440596501248e-03	-9.134445944259647404e-04	8.836093467081533332e-04	1.247437643816518525e-02	-2.570158815543513594e-04	-5.108488656808213291e-03	3.422337125602579241e-04	-5.812482174924128893e-04	-1.511286888841909936e-03	-7.749442648278448604e-05	3.466328741682396346e-03	-2.570158815584759355e-04	-5.533834129813047092e-03	-3.597631606896771993e-04	2.083357199239473968e-03	-4.013826050940569323e-03	-1.877724703049449056e-03	1.080792100386222462e-03	-1.815259636301512405e-03	-5.108488656812916126e-03	-3.597631606812425401e-04	2.323966267386854204e-03	-1.907992659688851570e-03	-9.869876421731232051e-04	-2.052866278136581020e-03	-1.224950846866132599e-03	7.104821968241404467e-04	3.422337125623874056e-04	2.083357199214071545e-03	-1.907992659692522028e-03	7.764644157402500121e-03	3.689737459097301633e-03	-5.139478931752485338e-03	-6.925606708050242519e-03	1.169609358587738596e-02	-5.812482175149972542e-04	-4.013826050925957747e-03	-9.869876421683843742e-04	3.689737459109387017e-03	1.349146617605541647e-03
-2.448709186808474374e-04	-6.079497338965620008e-04	-1.957866522598927296e-04	-2.167364103759886283e-03	1.152231167751132952e-03	2.819402099894313674e-03	-3.167488542681810935e-04	2.130450163748133854e-03	-1.315185642717443251e-03	-5.898887781729584938e-03	1.017282293369793818e-02	-3.123246547770551669e-04	-4.318823864542379806e-03	-1.751653013651855947e-04	7.231339419094028401e-04	-2.200450543348425776e-03	9.512241481281765527e-05	-2.104886094202938242e-03	-1.453529194548492829e-03	-2.627585331270268260e-04	3.268998821746300736e-03	3.944373556257189549e-04	-1.749645174724282978e-04	1.038889825772210465e-02	5.392766703682827945e-04	7.428286264847918426e-05	-1.469161919875185433e-03	-4.893665358045349613e-03	7.289439165438161205e-04	2.443043714383071573e-03	-1.690009500681696752e-03	6.980843729415366680e-04	1.168710937479105084e-03	3.913827497079078351e-03	-7.049037296504415823e-03	4.819732269904016420e-04	3.503798017793070645e-03	1.073782002081464897e-04	-9.296540576808677049e-04	-4.990978389439260435e-03	-1.091216279792873870e-03	-6.589138840279229253e-05	1.694877487246458474e-03	1.647425975034873475e-03	-3.461788612524931965e-04	-6.772410388882425369e-04	2.542434909527910986e-03	2.774387554000664691e-05	1.212455090612199905e-03	4.109186979657411640e-04	-5.112095356227447157e-04	9.915673454645574075e-04	-1.072766392039216799e-03	-1.916538549995497245e-03	-2.381853666695676278e-03	-1.185729337772689325e-03	4.049534337509611004e-03	9.288277448397301225e-03	-2.408394877059557432e-02	1.485935605552512508e-03	8.715343054546124957e-03	1.658354815719406098e-04	-2.177283684526262406e-03	-1.495211024726459791e-03
-3.111567858441567158e-04	4.202049617681032426e-03	-2.085849611724028500e-03	-3.672148003681771980e-03	1.348796623554065132e-03	6.546627216270561531e-03	-2.684226702376086605e-03	-4.786785998773903858e-03	8.630288139197710498e-03	-9.134445943989022952e-04	-3.123246547770551669e-04	2.657893528503067412e-02	1.884841340392770124e-04	-1.006557233603267570e-02	2.688851460027586143e-04	4.968211579192536751e-04	-6.308070903505252208e-03	7.428286263632275714e-05	-6.214283505128081098e-05	-1.019169017662472504e-02	1.262897872874769881e-04	-4.334356828690049670e-04	9.804077837530553174e-03	7.816341811823298994e-04	-3.485402706192640681e-03	1.289329696650926699e-02	-2.658744139043711652e-03	-1.017497263419634042e-02	-2.162709975545070145e-03	4.702378136945123757e-03	-2.417819735398236752e-04	-9.564578915752460636e-03	4.266460208309530780e-03	-2.030864283735136632e-05	5.713144723397275103e-04	-2.788444473747978946e-03	-1.335304457296534672e-05	9.639215555854247636e-03	-2.018602876234305843e-02	-3.818012303235293180e-05	5.246819100989589743e-03	-4.351695217093508143e-03	-1.587852312012118239e-03	4.144617712512216508e-03	4.847652552737889350e-03	-6.664902161850061457e-04	-2.355575423499858389e-03	4.845588302816546643e-03	-2.199516915490647585e-03	-1.679745385527391490e-04	4.119269397374020897e-03	2.828334799715858262e-05	-9.670545741768964837e-03	-3.063295194246145377e-03	5.843299470695909048e-03	-2.920272959477430465e-03	-5.653033755333016636e-03	2.412408689485963874e-04	2.146202019553060825e-03	-1.886384689140836388e-02	-6.019841231551993242e-04	1.146545546070248250e-02	-1.132439303207401736e-02	-3.544913448786030704e-04
-2.719239646490290640e-05	-3.936108027038403212e-04	3.201368859358264896e-04	7.176262634125957348e-04	-1.694161710856312633e-04	-7.850021573343454523e-04	2.013038191595337503e-04	3.388625526867184898e-04	3.730676546558401013e-04	-7.749442649076528468e-05	-4.318823864542379806e-03	1.884841340392770124e-04	3.518893212222029380e-03	1.049050415797893343e-04	-3.131069855438999147e-04	4.830219112545179952e-03	-4.939056877130803934e-05	3.913827497084750896e-03	6.808765452655978281e-05	-1.587404169758306421e-04	-4.162481329211847013e-03	1.778617357514157896e-04	3.332486172204340695e-05	-1.159383546722444341e-02	-7.446451659456776060e-04	-2.030864283511334264e-05	5.204723647008446244e-04	-1.212295369349580170e-04	-4.068524527396104231e-04	3.447017618601038585e-04	6.821454845409858888e-04	-4.729330291440242504e-04	-1.414883982445764199e-04	-2.954981151721488425e-03	4.070786885034302638e-03	-7.980373189138700873e-05	-2.715329812907495599e-04	-1.482153346627674314e-04	1.239035672054864326e-04	4.372954395909685321e-03	8.839329997557435030e-04	-5.534920712145573012e-05	-4.342810738440893293e-04	-1.224550870450332829e-04	4.347774319528126177e-04	-4.855622070000252451e-05	-1.309787418652646378e-03	2.478115139447359069e-04	6.556636019148582477e-05	2.012842154433418566e-04	-3.201523809605677593e-04	-6.538596835324275063e-04	2.858015605819581558e-04	1.410009192094257430e-03	-4.833154880806347768e-04	-2.493648659068491732e-04	-7.932154153320831796e-04	-4.396662629882657283e-03	1.204396500768402899e-02	-3.767351089491448486e-04	-5.041604910616056395e-03	-1.830702649242874980e-04	6.691787862801817878e-04	-1.689045648077785306e-04
3.596625152776286843e-04	-7.303032373958101130e-04	9.705212685347382965e-04	2.005584873899887276e-03	-1.083135928651048031e-03	-2.473059082132138004e-03	8.151804946731210262e-04	-3.560616524218744106e-04	-1.739878060207722312e-03	1.080792100373401555e-03	-1.751653013651855947e-04	-1.006557233603267570e-02	1.049050415797893343e-04	6.934821370889895920e-03	-2.576927453167969853e-03	-8.800541839062568823e-04	1.688774702327491828e-03	-6.589138840097735165e-05	8.373211817288477108e-06	4.458651194590565123e-03	4.197872754442896889e-05	-4.237994411061195635e-03	-9.544216824338321026e-04	5.694719629056876897e-04	9.344895159943606734e-04	-4.351695217103079480e-03	1.491564048066385201e-03	3.355944235618122697e-03	6.387123222381259867e-04	-1.718705251991249541e-03	2.873865505487232987e-04	3.792537192997974711e-03	-2.080375536089720551e-03	-5.534920711702944764e-05	-9.323942806044592828e-05	4.565694861045107959e-04	-6.541201395124671223e-04	-2.728504451211044741e-03	7.868490746446230033e-03	-2.961407145315452264e-04	-1.245020956436106857e-03	1.976723710741675692e-03	-9.943353229775108923e-04	-1.119421093343652036e-03	-1.364058487870335951e-03	2.786807673869948860e-04	3.692060548027230847e-04	-2.219839324528388898e-03	3.602255570163247081e-04	-1.822654160676607431e-04	-1.703453820791858480e-03	-6.621173292871252803e-04	3.624687740272740377e-03	1.452354847487104250e-03	-2.177558933375805042e-03	1.923362924189429054e-03	-1.370873164648162392e-03	-4.439207226048668851e-04	-3.971254194377098960e-04	5.490864463262109911e-03	-6.477404368950977383e-04	-5.532225509207315192e-03	8.029026737247469542e-03	1.345589394548174955e-04
-3.061265863413910652e-04	-1.044575742369082067e-03	-1.126553561447111458e-04	-2.343675300187338182e-04	8.004634848990054528e-04	-2.207879892932448570e-04	6.748967024164667042e-04	2.448977302393254285e-03	-2.140466721237425408e-03	-1.224950846865295378e-03	7.231339419094028401e-04	2.688851460027586143e-04	-3.131069855438999147e-04	-2.576927453167969853e-03	3.934164676084139604e-03	6.564358638673804336e-04	8.494010179370882919e-04	4.109186979694202414e-04	-7.138215154841631488e-05	-2.536954378174525234e-03	-1.641034916525791604e-04	3.778486346560166152e-03	-4.688196945080254016e-03	-1.146741234450753466e-03	2.777496923058488652e-04	-1.679745385479589287e-04	-1.157873236334208732e-03	3.578867430650640915e-04	8.596406253409108380e-04	-1.896454591656580825e-04	-1.315306120765341331e-04	5.986091842555925011e-04	7.633071153315923278e-04	2.012842154395954230e-04	-7.177141797698719959e-04	1.800952063317611766e-03	1.242440780275718640e-03	-5.130671744955588162e-04	-4.655789444173477317e-04	4.838679987610857922e-04	-3.545060776479295192e-04	-1.822654160700991409e-04	1.161042139748841122e-03	-6.380903833084159164e-05	-5.140785241361130447e-04	-9.108199408369992318e-06	5.277550902692272920e-04	1.656845136016000327e-04	4.006570293244298840e-04	8.956666797568591312e-04	-5.690996656955440384e-04	1.817147707369416373e-04	-6.237744095122075725e-05	6.103081570785385971e-05	-7.641298804400118057e-04	-1.506930523247462144e-03	4.106071564855713618e-03	1.103497187530148253e-03	-1.732903380665456235e-03	2.941803259307582564e-03	1.252163465186809359e-03	1.205469981761382071e-03	-5.729570412876582551e-03	-9.610225803407569656e-05
-1.105162705429771049e-03	-1.830045646844300107e-03	4.035357302230503261e-04	-1.398311424608849555e-03	1.081502466009859635e-03	3.581039059322113248e-04	1.494331615310447994e-03	3.942632476948194215e-03	-5.794822884999699863e-04	-6.925606708065636455e-03	-2.200450543348425776e-03	4.968211579192536751e-04	4.830219112545179952e-03	-8.800541839062568823e-04	6.564358638673804336e-04	1.322021497090344541e-02	1.571169550193482760e-04	9.288277448422477267e-03	-1.253860642070244282e-03	-6.667513281976692775e-04	-8.173484700908287964e-03	1.747457443015362679e-03	-7.301349341936720855e-04	-2.633512622125663144e-02	-2.301637742994133706e-03	2.412408689685238607e-04	-1.104545338273421905e-04	-7.202175563825040372e-03	-2.750495136793897435e-04	4.253672284884308860e-03	3.990465551867776011e-05	-5.012653087855628532e-04	4.843428976640276021e-04	-4.396662629892050811e-03	5.063646561633854647e-03	7.115679575020602502e-05	3.119998748542673721e-03	-5.878988933559208972e-05	-8.334671207265740905e-04	8.281867980151619638e-03	1.923718189709098950e-03	-4.439207226191927195e-04	2.882851870422973358e-04	2.684552389087027993e-03	1.054714045790831629e-03	-1.739762260117397189e-03	-1.230329025015595664e-04	1.062294919332741963e-03	1.934891874666347595e-03	1.103497187535950252e-03	-8.961539780348813915e-04	-4.941570157419081623e-04	-1.105818928965581274e-03	2.667025475049507495e-03	-5.132612743729399185e-03	-2.516279604480049954e-03	2.069449130243240786e-03	-2.662932946182606890e-03	1.224046415028374850e-02	1.947623860923317605e-04	-4.752958344149618361e-03	5.403675556789398586e-04	-1.566305873801260339e-03	-2.637057688357383189e-03
-4.060844004126833943e-04	-4.831473148254050720e-04	2.318868335157909426e-04	-2.268167182142463137e-04	-2.361391490793455583e-04	-8.440384100092878858e-04	1.022349887871043268e-03	7.974026591659638978e-04	-2.907186624677504574e-03	-1.586792129498217064e-04	9.512241481281765527e-05	-6.308070903505252208e-03	-4.939056877130803934e-05	1.688774702327491828e-03	8.494010179370882919e-04	1.571169550193482760e-04	3.523338586899074469e-03	-1.957866522603040759e-04	-2.986973213891263614e-04	4.852276011149713082e-03	4.592615395857781104e-04	4.505306686915596824e-04	-5.264861942109027096e-03	1.390780336824844264e-04	1.906703803905454944e-04	-2.085849611720815358e-03	-5.085025553719265930e-04	4.814442944496875399e-04	7.568414256610039078e-04	-3.517842995776507774e-04	1.250107440488126311e-04	1.766019327181629628e-03	-2.368307269629838473e-03	3.201368859350044475e-04	1.858891093300514769e-04	-4.252554719230808885e-04	-3.838968496460516472e-04	-2.075781242569919513e-03	6.161065112365712512e-03	-4.228749699359998478e-04	-5.510040685314436613e-04	9.705212685344149874e-04	1.008338885226635383e-03	-6.906626176926834964e-05	-1.277268932306374703e-03	-1.573544181807710559e-04	5.919530905005741458e-04	-1.184353141193362959e-03	7.367801303389102680e-04	-1.126553561470956723e-04	-7.766739254084347463e-04	2.977471180796219339e-04	1.826880830149655525e-03	5.303007974154457828e-04	-1.532581262322115726e-03	1.302918057123261114e-04	8.031078765262892206e-04	4.035357302204191842e-04	-1.204887876020514781e-04	4.470561299118630538e-03	1.709205501663755070e-04	-3.144664541814008295e-03	3.702825896473067955e-03	-1.370041972183878658e-04
-2.448709186776607503e-04	-1.315185642714761368e-03	9.512241481478007476e-05	5.392766703715957911e-04	1.168710937474015405e-03	-1.091216279796096119e-03	1.212455090605483055e-03	4.049534337507137288e-03	-6.079497339039840152e-04	-5.898887781744111512e-03	-2.104886094202938242e-03	7.428286263632275714e-05	3.913827497084750896e-03	-6.589138840097735165e-05	4.109186979694202414e-04	9.288277448422477267e-03	-1.957866522603040759e-04	1.017282293371133198e-02	-1.453529194545246945e-03	-1.469161919875190854e-03	-7.049037296527715761e-03	1.694877487246048212e-03	-5.112095356183966313e-04	-2.408394877066220852e-02	-2.167364103751718771e-03	-3.123246547605382142e-04	-2.627585331372570866e-04	-4.893665358031578511e-03	4.819732269906215182e-04	1.647425975029335587e-03	9.915673454619446971e-04	1.485935605542810633e-03	1.152231167756472430e-03	-4.318823864545981092e-03	3.268998821741840762e-03	7.289439165488490954e-04	3.503798017817815608e-03	-3.461788612533844107e-04	-1.072766392051997158e-03	8.715343054574570952e-03	2.819402099890311666e-03	-1.751653013753177350e-04	3.944373556481180296e-04	2.443043714378041308e-03	1.073782001991308201e-04	-6.772410388859471725e-04	-1.916538549997093190e-03	1.658354815751413372e-04	-3.167488542676866973e-04	7.231339419137012680e-04	-1.749645174886474202e-04	-1.690009500679650646e-03	-9.296540576626351107e-04	2.542434909527217096e-03	-2.381853666686545128e-03	-2.177283684524629163e-03	2.130450163765691858e-03	-2.200450543347303410e-03	1.038889825772576839e-02	6.980843729561802278e-04	-4.990978389428581477e-03	2.774387554006082991e-05	-1.185729337790159509e-03	-1.495211024721116843e-03
-7.578393317551142174e-05	1.573382328290142643e-04	-2.986973213882410561e-04	-7.684357868353391095e-04	2.265862377665192574e-04	4.514432740972704281e-05	-5.653727388415712510e-05	2.754541144660700410e-04	1.573382328303346870e-04	1.061505815669413003e-03	-1.453529194548492829e-03	-6.214283505128081098e-05	6.808765452655978281e-05	8.373211817288477108e-06	-7.138215154841631488e-05	-1.253860642070244282e-03	-2.986973213891263614e-04	-1.453529194545246945e-03	2.902532980338405275e-03	1.029849673484539729e-05	-1.662674726027845318e-03	-1.516155503562145040e-04	4.598353720502414360e-04	-2.660685453640472715e-04	-7.684357868376146330e-04	-6.214283505369356739e-05	1.029849673550250512e-05	-1.739404998366536744e-03	1.564093412610976814e-04	2.635592796890786618e-04	-8.064774341919842297e-05	3.940345203622261025e-04	2.265862377681796588e-04	6.808765452611286113e-05	-1.662674726031509922e-03	1.564093412597726237e-04	1.408927184198772043e-03	-2.518478970118859830e-05	-4.304460691282953918e-04	1.494606453220576840e-03	4.514432740744295409e-05	8.373211816141499630e-06	-1.516155503549428433e-04	2.635592796867037169e-04	-2.518478970295648481e-05	-2.189648385968585528e-04	8.193748054665274524e-04	7.457178512647663756e-07	-5.653727388538140619e-05	-7.138215154582072132e-05	4.598353720490142276e-04	-8.064774342077382294e-05	-4.304460691283517704e-04	8.193748054664240195e-04	-1.892341294192999030e-03	-2.956233624319272012e-04	2.754541144637146660e-04	-1.253860642066786544e-03	-2.660685453662521051e-04	3.940345203577863488e-04	1.494606453218358996e-03	7.457178501176364314e-07	-2.956233624244986816e-04	2.937355884855477953e-03
-8.086941762543959451e-04	9.690076144862522743e-04	-5.085025553716081628e-04	-1.568548725526589232e-03	-5.870714547551049824e-04	-4.678050887172718214e-04	9.627645994517799490e-04	-1.792905522647732404e-03	-2.098104074561854028e-03	8.836093466998637402e-04	-2.627585331270268260e-04	-1.019169017662472504e-02	-1.587404169758306421e-04	4.458651194590565123e-03	-2.536954378174525234e-03	-6.667513281976692775e-04	4.852276011149713082e-03	-1.469161919875190854e-03	1.029849673484539729e-05	1.460935612099891097e-02	7.517140182805447275e-04	-7.179915098476145896e-03	-7.681553095602037173e-04	2.059466208293231002e-03	-2.239405481856112171e-04	-2.658744139057126268e-03	-7.457885607767907217e-05	-1.014933245995672381e-03	3.785369116256978453e-04	1.329735166932080376e-04	-1.167687910508224117e-04	9.688886046001248453e-04	-4.695551625568429588e-03	5.204723647058484342e-04	3.373372548852411135e-04	-4.244760191529371555e-03	-8.075694277542214269e-04	-5.816587979900507540e-04	7.226567388529185967e-03	-9.572519052609533303e-04	-5.400316698844567775e-04	1.491564048068865205e-03	-6.092134772983388152e-04	3.068677326019573440e-04	-4.969751068131033700e-04	-3.641012838941682945e-04	1.028357220374018655e-03	-7.449419361719022015e-04	1.230914689118396080e-03	-1.157873236334744545e-03	1.549521562893266605e-03	9.075909792406740111e-04	2.797243802343913027e-04	4.603235772760250004e-04	-2.167895601279721304e-03	-2.110866816232359134e-04	-4.237808377467970102e-03	-1.104545338156905001e-04	1.838433057274240575e-04	1.919804035479769511e-03	3.521868674058857172e-04	-4.567319951975333872e-03	1.109768582129702641e-02	2.612446009540873230e-04
2.657100671372473696e-04	1.231387570117424210e-03	1.858891093240316070e-04	1.169966854968770408e-03	-1.822179084490954974e-03	1.085020164991493358e-04	-9.608905895595054873e-05	-4.636845965126591175e-03	2.614988403000842714e-04	3.466328741696400768e-03	3.268998821746300736e-03	1.262897872874769881e-04	-4.162481329211847013e-03	4.197872754442896889e-05	-1.641034916525791604e-04	-8.173484700908287964e-03	4.592615395857781104e-04	-7.049037296527715761e-03	-1.662674726027845318e-03	7.517140182805447275e-04	1.029965652931598419e-02	-8.263046168573846524e-04	-7.493621667664288446e-04	2.404485397052821133e-02	2.175689159604689456e-03	5.713144723304064074e-04	3.373372548944248480e-04	6.287919422269510478e-03	-8.670834389727160793e-04	-2.322940231508811154e-03	-9.675600391675684528e-05	-2.214465129922793540e-03	-1.237062602229694209e-03	4.070786885041834807e-03	-1.637596511342310135e-03	-7.023178024570637338e-04	-6.373242269584876440e-03	3.302023236368400181e-04	1.968765151279345746e-03	-9.964773253005151238e-03	-1.547233716704471450e-03	-9.323942804790555806e-05	-1.232365671294519995e-04	-1.288160582865115330e-03	-1.044252745919653535e-04	8.153668234273949399e-04	-6.482388510711378088e-05	1.616068734097423818e-05	-2.045287407501603658e-04	-7.177141797794698956e-04	-1.638975808707301301e-04	9.777040132921128827e-04	1.920628852454164728e-03	-2.857065949801530173e-03	4.354468277192869580e-03	2.751878233467899663e-03	-2.639965950498532939e-03	5.063646561626736209e-03	-9.651566879807997601e-03	-1.424468576008640439e-03	1.769611126334049486e-03	6.299716074108379390e-05	1.841796602418423884e-03	-2.064582193317490190e-03
4.743780962301289718e-04	-2.954380939419760238e-03	1.008338885226183054e-03	1.358197445739973367e-03	1.003702841898221256e-03	-1.302929271154500525e-03	-1.191640360000740693e-04	7.172339852751454317e-03	-3.218733735740988630e-03	-1.815259636282982956e-03	3.944373556257189549e-04	-4.334356828690049670e-04	1.778617357514157896e-04	-4.237994411061195635e-03	3.778486346560166152e-03	1.747457443015362679e-03	4.505306686915596824e-04	1.694877487246048212e-03	-1.516155503562145040e-04	-7.179915098476145896e-03	-8.263046168573846524e-04	1.586086754367743018e-02	-8.653190913101949794e-03	-4.493149315419914247e-03	9.649580530851622692e-04	-1.587852311975052836e-03	-6.092134773025928993e-04	2.947706273125429849e-03	9.060818701666847885e-04	-1.236914318376179135e-03	1.471794222432876110e-04	3.099287628489020858e-03	2.192452433998975762e-03	-4.342810738536000050e-04	-1.232365671006569992e-04	4.167872562289975415e-03	1.021503420994991683e-03	-5.987005585936781837e-03	3.547801952379111071e-03	1.557020232404109084e-03	-1.082012750776412428e-03	-9.943353229864841832e-04	6.158199874777685670e-03	-1.357263268306071417e-03	-2.713080523895565477e-03	4.308829207766877510e-04	-3.537002717187614554e-04	-1.135943507787029374e-03	-5.186778610565827459e-04	1.161042139743107861e-03	-3.780708292862978472e-03	-2.212280146946111591e-04	3.290843770323660222e-03	3.788626875850389193e-05	1.611577748510014492e-03	2.164229907890489178e-04	1.067203856666447057e-02	2.882851870142736370e-04	-1.703800264706029771e-04	7.822743440623577613e-03	1.207079353092951370e-04	-1.047819636585491966e-03	-5.005558164723707126e-03	-1.343597921278328017e-04
2.033900068394524417e-04	2.165074882106146278e-03	-7.766739254087556702e-04	-1.256412942325215842e-03	1.665602270018153258e-04	2.314701846807272478e-03	-2.113923295716221666e-03	-4.180020188183055513e-03	6.102737757294935533e-03	7.104821968099094259e-04	-1.749645174724282978e-04	9.804077837530553174e-03	3.332486172204340695e-05	-9.544216824338321026e-04	-4.688196945080254016e-03	-7.301349341936720855e-04	-5.264861942109027096e-03	-5.112095356183966313e-04	4.598353720502414360e-04	-7.681553095602037173e-04	-7.493621667664288446e-04	-8.653190913101949794e-03	1.611699322521390615e-02	1.087102808964692273e-03	-1.008910007650123605e-03	4.119269397349134554e-03	1.549521562891721400e-03	-3.341918914943687799e-03	-2.165359421093913592e-03	1.550457421377346304e-03	-6.214731001353136601e-04	-5.170350928216277051e-03	1.968840491772348884e-03	-3.201523809557439812e-04	-1.638975808930214894e-04	-3.403626037043171355e-03	8.355863191577976622e-04	5.981388557665986982e-03	-1.253404692378607549e-02	5.156278310965385419e-04	1.290303711429272937e-03	-1.703453820786200463e-03	-3.780708292857737005e-03	8.995999310202259245e-04	3.618345405682674761e-03	2.087268256240277023e-05	-6.790614841383328399e-04	2.908634520145011917e-03	-7.530364267383512578e-04	-5.690996656892487269e-04	4.218612274282306993e-03	1.720169743395604640e-04	-6.227466184096468182e-03	-1.217923625256043868e-03	2.446300532752757918e-03	-1.312293703903439843e-03	-6.503042469338466205e-03	-8.961539780151585614e-04	1.955465372169209060e-04	-1.370709338318963286e-02	3.152600448549394653e-04	5.597324379719896027e-03	-2.405161058509275394e-03	7.604080397770713543e-04
1.225526871938355505e-03	3.642674452368541323e-03	-1.204887876139223535e-04	1.038339358500933469e-03	-3.902523062929800016e-03	3.517502266367216086e-03	-3.720079736792132347e-03	-1.237662230623110329e-02	1.448551327320233163e-03	1.169609358593009900e-02	1.038889825772210465e-02	7.816341811823298994e-04	-1.159383546722444341e-02	5.694719629056876897e-04	-1.146741234450753466e-03	-2.633512622125663144e-02	1.390780336824844264e-04	-2.408394877066220852e-02	-2.660685453640472715e-04	2.059466208293231002e-03	2.404485397052821133e-02	-4.493149315419914247e-03	1.087102808964692273e-03	7.523692356569983142e-02	6.262312930749459189e-03	2.146202019523216209e-03	1.838433057539412573e-04	1.447514572196229726e-02	-1.941360610996962707e-03	-4.524379282877022401e-03	-2.498706836595664983e-03	-6.079824449854925178e-03	-2.215856432168383100e-03	1.204396500770281431e-02	-9.651566879796007192e-03	-1.506720214429810734e-03	-1.220761223603681299e-02	1.407364946233006803e-03	2.548878837417794044e-03	-2.827908728699478347e-02	-7.130203501515340429e-03	-3.971254194070387381e-04	-1.703800265485191662e-04	-6.364971324935976213e-03	1.555384295449177426e-04	2.661843643975613828e-03	2.634109857522301361e-03	4.780632059045597667e-04	9.159617558307614439e-04	-1.732903380685108267e-03	1.955465372742034810e-04	4.563021477348312357e-03	3.135591081326953057e-03	-8.712093635945834802e-03	9.167933874417451279e-03	6.141420988858527913e-03	-5.405314398818759740e-03	1.224046415026793823e-02	-3.887355649720411477e-02	-2.740195113887496613e-03	1.160604352745722018e-02	1.976607330628703902e-04	3.330722718785935656e-03	-9.709283100190092960e-04
2.992737837119676184e-03	-1.365290572403351187e-03	-2.268167182163785328e-04	4.745675412175588345e-03	9.338582912676680545e-04	-2.412362022273115082e-04	-4.064635135145725810e-03	1.696807085982606281e-03	-1.455825038650716309e-03	3.234166440596501248e-03	5.392766703682827945e-04	-3.485402706192640681e-03	-7.446451659456776060e-04	9.344895159943606734e-04	2.777496923058488652e-04	-2.301637742994133706e-03	1.906703803905454944e-04	-2.167364103751718771e-03	-7.684357868376146330e-04	-2.239405481856112171e-04	2.175689159604689456e-03	9.649580530851622692e-04	-1.008910007650123605e-03	6.262312930749459189e-03	1.028191568388341082e-02	-3.672148003673661280e-03	-1.568548725531204897e-03	2.185094942578257732e-02	1.675138964244532805e-03	-5.813833782835921109e-03	-2.949295763207407644e-03	3.011092306397285517e-03	3.320902824585455397e-04	7.176262634068256109e-04	1.169966854973906924e-03	1.084528660730737885e-03	-3.034727059546599073e-03	-1.153645012054063711e-03	1.647144141151717827e-03	-4.697684818694672533e-03	-7.766718455117490282e-03	2.005584873896954293e-03	1.358197445745818951e-03	-9.762090791349216368e-03	-1.560532277042372658e-03	3.914717300002858343e-03	-3.914297365874949870e-04	-1.857178969563172931e-03	-2.410236841455784453e-04	-2.343675300203001380e-04	-1.256412942322643464e-03	3.072160974890257492e-03	2.177940290354768611e-03	-6.458418964846448021e-03	9.603944851985783682e-03	1.790548771441628556e-03	1.913291123040267334e-03	-1.398311424622141440e-03	1.038339358528617921e-03	3.143360803398925069e-03	-1.360777349710420425e-03	-1.208324450641142227e-03	6.150442290327448385e-04	-1.453460093018485661e-03
-3.111567858470166785e-04	8.630288139166004957e-03	-6.308070903486976029e-03	-3.485402706183944946e-03	4.266460208299769491e-03	5.246819100969774864e-03	-2.199516915473064861e-03	-5.653033755309733177e-03	4.202049617677879566e-03	-9.134445944259647404e-04	7.428286264847918426e-05	1.289329696650926699e-02	-2.030864283511334264e-05	-4.351695217103079480e-03	-1.679745385479589287e-04	2.412408689685238607e-04	-2.085849611720815358e-03	-3.123246547605382142e-04	-6.214283505369356739e-05	-2.658744139057126268e-03	5.713144723304064074e-04	-1.587852311975052836e-03	4.119269397349134554e-03	2.146202019523216209e-03	-3.672148003673661280e-03	2.657893528494034013e-02	-1.019169017658233707e-02	-1.017497263418101761e-02	-2.788444473751925876e-03	4.144617712506452022e-03	2.828334799683039462e-05	-1.886384689137494269e-02	1.348796623553724476e-03	1.884841340375084347e-04	1.262897872787982208e-04	-2.162709975532957438e-03	-1.335304455816701706e-05	4.847652552717926153e-03	-9.670545741741608248e-03	-6.019841231428361668e-04	6.546627216249444742e-03	-1.006557233599472516e-02	-4.334356828893414014e-04	4.702378136943630160e-03	9.639215555842513966e-03	-6.664902161932426128e-04	-3.063295194226451062e-03	1.146545546068251584e-02	-2.684226702358317833e-03	2.688851459999206609e-04	9.804077837512352456e-03	-2.417819735436762250e-04	-2.018602876229156490e-02	-2.355575423474898754e-03	5.843299470640310293e-03	-1.132439303204930275e-02	-4.786785998761280275e-03	4.968211579349985675e-04	7.816341811429916835e-04	-9.564578915726821423e-03	-3.818012302176531812e-05	4.845588302804768738e-03	-2.920272959464671574e-03	-3.544913448830953537e-04
-8.086941762519851131e-04	-2.098104074547494854e-03	4.852276011135830958e-03	-2.239405481890967102e-04	-4.695551625554231744e-03	-5.400316698759752808e-04	1.230914689108246213e-03	-4.237808377477744401e-03	9.690076144932619666e-04	8.836093467081533332e-04	-1.469161919875185433e-03	-2.658744139043711652e-03	5.204723647008446244e-04	1.491564048066385201e-03	-1.157873236334208732e-03	-1.104545338273421905e-04	-5.085025553719265930e-04	-2.627585331372570866e-04	1.029849673550250512e-05	-7.457885607767907217e-05	3.373372548944248480e-04	-6.092134773025928993e-04	1.549521562891721400e-03	1.838433057539412573e-04	-1.568548725531204897e-03	-1.019169017658233707e-02	1.460935612097539679e-02	-1.014933246000284360e-03	-4.244760191523681662e-03	3.068677326018739689e-04	9.075909792417419502e-04	1.919804035460781228e-03	-5.870714547633118507e-04	-1.587404169699477611e-04	7.517140182798993020e-04	3.785369116175258341e-04	-8.075694277635309289e-04	-4.969751068053115343e-04	2.797243802332158649e-04	3.521868673925987112e-04	-4.678050886979706917e-04	4.458651194580799497e-03	-7.179915098490148584e-03	1.329735166939118745e-04	-5.816587979767358840e-04	-3.641012838860579743e-04	4.603235772581061201e-04	-4.567319951965425132e-03	9.627645994361264548e-04	-2.536954378174878250e-03	-7.681553095426252222e-04	-1.167687910476001764e-04	7.226567388498216817e-03	1.028357220352447803e-03	-2.167895601235823692e-03	1.109768582128522856e-02	-1.792905522669870728e-03	-6.667513281920054054e-04	2.059466208291985470e-03	9.688886045807526461e-04	-9.572519052603097479e-04	-7.449419361645888242e-04	-2.110866816219915745e-04	2.612446009509275784e-04
8.942560722699624542e-03	-3.663025958455869667e-03	4.814442944434461132e-04	2.185094942576474436e-02	9.459750288877111744e-04	-9.640275568641288803e-03	-9.548162775604128460e-03	3.978565464172166728e-03	-3.663025958469563574e-03	1.247437643816518525e-02	-4.893665358045349613e-03	-1.017497263419634042e-02	-1.212295369349580170e-04	3.355944235618122697e-03	3.578867430650640915e-04	-7.202175563825040372e-03	4.814442944496875399e-04	-4.893665358031578511e-03	-1.739404998366536744e-03	-1.014933245995672381e-03	6.287919422269510478e-03	2.947706273125429849e-03	-3.341918914943687799e-03	1.447514572196229726e-02	2.185094942578257732e-02	-1.017497263418101761e-02	-1.014933246000284360e-03	7.353401662694752927e-02	3.114772027080229579e-03	-2.589126016817400872e-02	1.666998657773979646e-03	8.037861078633572187e-03	9.459750288924101067e-04	-1.212295369481551427e-04	6.287919422280548523e-03	3.114772027084867796e-03	-9.992554007598564852e-03	-3.432771436484099992e-03	4.767097347088202451e-03	-8.930309463325908012e-03	-9.640275568669573469e-03	3.355944235627160172e-03	2.947706273106975427e-03	-2.589126016819298659e-02	-3.432771436471500695e-03	1.300478812553820460e-02	-1.421565596625304177e-02	-3.791934621130061724e-03	-9.548162775594469520e-03	3.578867430531830246e-04	-3.341918914928489453e-03	1.666998657785906087e-03	4.767097347074822529e-03	-1.421565596625666214e-02	4.265221900447687536e-02	2.622032153101962366e-03	3.978565464203168839e-03	-7.202175563860524141e-03	1.447514572203033312e-02	8.037861078648962654e-03	-8.930309463347961552e-03	-3.791934621127716811e-03	2.622032153081808349e-03	-3.299481353108068334e-03
4.731516192873636830e-04	-1.557569553263706084e-03	-4.252554719181284157e-04	1.084528660730550752e-03	1.909095210631621279e-03	-1.512038160633876697e-03	-7.071292152383823189e-05	5.050210533285639028e-03	-1.778104226666576537e-03	-2.570158815543513594e-04	7.289439165438161205e-04	-2.162709975545070145e-03	-4.068524527396104231e-04	6.387123222381259867e-04	8.596406253409108380e-04	-2.750495136793897435e-04	7.568414256610039078e-04	4.819732269906215182e-04	1.564093412610976814e-04	3.785369116256978453e-04	-8.670834389727160793e-04	9.060818701666847885e-04	-2.165359421093913592e-03	-1.941360610996962707e-03	1.675138964244532805e-03	-2.788444473751925876e-03	-4.244760191523681662e-03	3.114772027080229579e-03	4.421720835479382369e-03	-1.659002660475787910e-03	-6.565166488327433929e-04	7.801760333129574738e-03	3.676860144150582207e-04	-7.980373189310060382e-05	-7.023178024564372818e-04	1.132061479068148177e-03	1.153665554752025899e-03	-1.422978193931772641e-03	2.420235563359967798e-03	7.053622158948121869e-04	-1.391990648896005572e-03	4.565694861026397882e-04	4.167872562302948544e-03	-1.265608557747131997e-03	-3.579370243288596421e-03	5.648893688151305137e-04	7.191032785923740130e-04	-2.346707609562798634e-03	-8.366570474626676217e-05	1.800952063316123590e-03	-3.403626037051139808e-03	-1.680723204613414768e-04	2.121297662306514606e-03	2.880149119747105494e-04	-5.461884638406893505e-04	-2.000571568888514021e-03	3.171353744037781926e-03	7.115679574281549315e-05	-1.506720214415302374e-03	3.327823579323333815e-03	1.079859710750857328e-03	-1.515065003333237450e-03	7.937702152819950960e-04	5.645835032252227888e-04
-3.410466823303067233e-03	1.106474234736590494e-03	-6.906626176884301713e-05	-9.762090791339439466e-03	-3.916392863464032356e-04	8.510631014271852202e-03	3.977324720507191850e-04	-2.194594745562307003e-03	1.841210108269731097e-03	-5.108488656808213291e-03	2.443043714383071573e-03	4.702378136945123757e-03	3.447017618601038585e-04	-1.718705251991249541e-03	-1.896454591656580825e-04	4.253672284884308860e-03	-3.517842995776507774e-04	1.647425975029335587e-03	2.635592796890786618e-04	1.329735166932080376e-04	-2.322940231508811154e-03	-1.236914318376179135e-03	1.550457421377346304e-03	-4.524379282877022401e-03	-5.813833782835921109e-03	4.144617712506452022e-03	3.068677326018739689e-04	-2.589126016817400872e-02	-1.659002660475787910e-03	1.411476908477635878e-02	-4.072450695539006627e-03	-4.783661494801600550e-03	-5.236652668520666836e-04	-1.224550870405243842e-04	-1.288160582873964372e-03	-1.265608557749207811e-03	3.059117062144280259e-03	1.448073898632590674e-03	-2.092356022475214909e-03	2.250608008177243467e-03	-2.587303801700036976e-04	-1.119421093347687654e-03	-1.357263268292536454e-03	6.646057406990132053e-03	2.123451520116481292e-03	-5.464246571454644749e-03	7.030899140186308918e-03	2.038560090283582284e-03	6.434627808120336329e-03	-6.380903832836347139e-05	8.995999310199285278e-04	2.578318875655049788e-03	-1.968758451301167584e-03	2.477314841099082302e-03	-1.370062480863841643e-02	-8.252617780991937857e-04	-2.237090071419436943e-03	2.684552389098767301e-03	-6.364971324969088615e-03	-3.519468405771056935e-03	3.380011844718766763e-03	1.707952394266658161e-03	-8.752772603826265273e-04	3.240376922805756395e-04
8.622392568854279102e-05	1.075781633940640182e-04	2.977471180805064260e-04	3.072160974889396202e-03	-6.954301207689953098e-04	-4.382153261279264460e-03	2.921239945032461094e-03	-1.938848537519782280e-04	-1.500582890812064338e-04	3.422337125602579241e-04	-1.690009500681696752e-03	-2.417819735398236752e-04	6.821454845409858888e-04	2.873865505487232987e-04	-1.315306120765341331e-04	3.990465551867776011e-05	1.250107440488126311e-04	9.915673454619446971e-04	-8.064774341919842297e-05	-1.167687910508224117e-04	-9.675600391675684528e-05	1.471794222432876110e-04	-6.214731001353136601e-04	-2.498706836595664983e-03	-2.949295763207407644e-03	2.828334799683039462e-05	9.075909792417419502e-04	1.666998657773979646e-03	-6.565166488327433929e-04	-4.072450695539006627e-03	5.609770702711177476e-03	-1.016584702034793914e-04	-1.669159050335806407e-05	-6.538596835310675915e-04	9.777040132931090477e-04	-1.680723204601940386e-04	-4.251333974530464507e-04	2.140896130055415536e-04	2.902294602187857446e-04	1.641346802797926134e-03	4.730082271354344413e-03	-6.621173292858299839e-04	-2.212280147026262321e-04	2.578318875662011667e-03	2.554868167562268600e-04	4.166998462089616020e-04	-4.607723506574890743e-03	4.192147887215150756e-04	-3.146216644861159553e-03	1.817147707391675044e-04	1.720169743365227734e-04	-4.018936289529600678e-03	-1.992422262293317911e-04	2.497984784294089711e-03	2.091274333608561520e-03	-6.739921390299923737e-04	-2.061991374636802860e-04	-4.941570157406166607e-04	4.563021477348510983e-03	-4.082555552100984911e-04	-2.312421961020721603e-03	-2.225171994556072877e-05	4.289215830654099408e-04	-8.459467169750723651e-05
5.270962050522093800e-04	-7.121658061014687555e-03	4.470561299114722206e-03	3.143360803395912721e-03	2.586271101285743260e-04	-5.401340330429700229e-03	1.665224715212924563e-03	1.335437796690355783e-02	-4.465238387108341755e-03	-5.812482174924128893e-04	6.980843729415366680e-04	-9.564578915752460636e-03	-4.729330291440242504e-04	3.792537192997974711e-03	5.986091842555925011e-04	-5.012653087855628532e-04	1.766019327181629628e-03	1.485935605542810633e-03	3.940345203622261025e-04	9.688886046001248453e-04	-2.214465129922793540e-03	3.099287628489020858e-03	-5.170350928216277051e-03	-6.079824449854925178e-03	3.011092306397285517e-03	-1.886384689137494269e-02	1.919804035460781228e-03	8.037861078633572187e-03	7.801760333129574738e-03	-4.783661494801600550e-03	-1.016584702034793914e-04	2.721209487835275082e-02	5.565408407742512267e-04	-3.767351089485532537e-04	-1.424468576007053818e-03	3.327823579319303185e-03	2.969079921987848383e-03	-4.991519601667302602e-03	7.977931815232736090e-03	2.897434026632855156e-03	-4.768785718293344286e-03	5.490864463241937679e-03	7.822743440660067521e-03	-3.519468405770834023e-03	-1.070129076009800756e-02	9.965535982646911081e-04	2.431330575229640172e-03	-1.163507072317866708e-02	1.247058268094382305e-03	2.941803259306207795e-03	-1.370709338319367129e-02	-4.082555552108728283e-04	1.393871720872837637e-02	2.251466101342377343e-03	-4.549822805598127511e-03	3.848449242070724023e-03	8.848274077622080361e-03	1.947623860749001748e-04	-2.740195113848740288e-03	1.147038171425981794e-02	2.017462263451705144e-03	-5.696889505076322899e-03	2.668326073976185365e-03	1.644394388634473105e-03
4.922733755118389575e-04	-6.811553386070166860e-04	-2.361391490765347371e-04	9.338582912690426060e-04	1.516941363084984553e-03	-1.075801078240506828e-04	-5.148708482362410752e-04	3.260165005789226501e-03	5.471102428306809764e-04	-1.511286888841909936e-03	1.168710937479105084e-03	4.266460208309530780e-03	-1.414883982445764199e-04	-2.080375536089720551e-03	7.633071153315923278e-04	4.843428976640276021e-04	-2.368307269629838473e-03	1.152231167756472430e-03	2.265862377681796588e-04	-4.695551625568429588e-03	-1.237062602229694209e-03	2.192452433998975762e-03	1.968840491772348884e-03	-2.215856432168383100e-03	3.320902824585455397e-04	1.348796623553724476e-03	-5.870714547633118507e-04	9.459750288924101067e-04	3.676860144150582207e-04	-5.236652668520666836e-04	-1.669159050335806407e-05	5.565408407742512267e-04	4.040232665707374146e-03	-1.694161710842369251e-04	-1.822179084501190927e-03	1.909095210639718534e-03	2.660716005889171565e-03	9.841273656177713068e-04	-6.281628946427586513e-03	1.585954638726025292e-03	-6.049013535658162740e-05	-1.083135928657959386e-03	1.003702841919268222e-03	-3.916392863499741639e-04	5.139293164312154234e-04	4.517688700874299091e-04	-4.963200093369161871e-04	6.832844018289614208e-04	-8.379958529224443850e-04	8.004634849072258737e-04	1.665602269868146569e-04	-6.954301207692935739e-04	-2.704170356102954514e-03	-1.649812390218952920e-04	9.224691106566259863e-04	-2.101650510758639422e-03	4.298481682944946952e-03	1.081502466016778796e-03	-3.902523062946672370e-03	2.586271101363565666e-04	1.386106574563028895e-03	1.661829385031756562e-03	-4.563307788822296499e-03	2.124064933966362092e-04
-2.719239646709797534e-05	3.730676546573189530e-04	-4.939056877134677246e-05	-7.446451659479950882e-04	-1.414883982457368415e-04	8.839329997567628699e-04	6.556636019467352824e-05	-7.932154153366278299e-04	-3.936108027024335689e-04	-7.749442648278448604e-05	3.913827497079078351e-03	-2.030864283735136632e-05	-2.954981151721488425e-03	-5.534920711702944764e-05	2.012842154395954230e-04	-4.396662629892050811e-03	3.201368859350044475e-04	-4.318823864545981092e-03	6.808765452611286113e-05	5.204723647058484342e-04	4.070786885041834807e-03	-4.342810738536000050e-04	-3.201523809557439812e-04	1.204396500770281431e-02	7.176262634068256109e-04	1.884841340375084347e-04	-1.587404169699477611e-04	-1.212295369481551427e-04	-7.980373189310060382e-05	-1.224550870405243842e-04	-6.538596835310675915e-04	-3.767351089485532537e-04	-1.694161710842369251e-04	3.518893212221760498e-03	-4.162481329205261135e-03	-4.068524527414065666e-04	-2.715329813052605218e-04	4.347774319563752518e-04	2.858015605808155693e-04	-5.041604910627291332e-03	-7.850021573322151034e-04	1.049050415803330752e-04	1.778617357427624739e-04	3.447017618670778806e-04	-1.482153346595813678e-04	-4.855622070359296843e-05	1.410009192096477442e-03	-1.830702649246801689e-04	2.013038191615461651e-04	-3.131069855454792720e-04	3.332486172666956209e-05	6.821454845373853618e-04	1.239035672033133391e-04	-1.309787418647171374e-03	-4.833154880912313351e-04	6.691787862830259753e-04	3.388625526830806663e-04	4.830219112536319852e-03	-1.159383546720134037e-02	-4.729330291454481331e-04	4.372954395895098031e-03	2.478115139427326265e-04	-2.493648658994969272e-04	-1.689045648106251847e-04
2.657100671382249947e-04	2.614988402949883586e-04	4.592615395843062517e-04	2.175689159607631113e-03	-1.237062602223158421e-03	-1.547233716713147019e-03	-2.045287407468055461e-04	-2.639965950488987190e-03	1.231387570115571959e-03	3.466328741682396346e-03	-7.049037296504415823e-03	5.713144723397275103e-04	4.070786885034302638e-03	-9.323942806044592828e-05	-7.177141797698719959e-04	5.063646561633854647e-03	1.858891093300514769e-04	3.268998821741840762e-03	-1.662674726031509922e-03	3.373372548852411135e-04	-1.637596511342310135e-03	-1.232365671006569992e-04	-1.638975808930214894e-04	-9.651566879796007192e-03	1.169966854973906924e-03	1.262897872787982208e-04	7.517140182798993020e-04	6.287919422280548523e-03	-7.023178024564372818e-04	-1.288160582873964372e-03	9.777040132931090477e-04	-1.424468576007053818e-03	-1.822179084501190927e-03	-4.162481329205261135e-03	1.029965652930257131e-02	-8.670834389713513940e-04	-6.373242269563882817e-03	-1.044252746052510856e-04	1.920628852474843933e-03	1.769611126333499795e-03	1.085020164990441139e-04	4.197872754839809752e-05	-8.263046168584093319e-04	-2.322940231510175948e-03	3.302023236400448655e-04	8.153668234288862600e-04	-2.857065949800399567e-03	6.299716074117961027e-05	-9.608905895589341128e-05	-1.641034916534653059e-04	-7.493621667607062086e-04	-9.675600391522751035e-05	1.968765151266583385e-03	-6.482388510566849873e-05	4.354468277190171217e-03	1.841796602414343814e-03	-4.636845965127353586e-03	-8.173484700884459803e-03	2.404485397045975914e-02	-2.214465129924078103e-03	-9.964773252971268619e-03	1.616068734403163410e-05	2.751878233460541834e-03	-2.064582193317362688e-03
4.731516192878677286e-04	-1.778104226662927329e-03	7.568414256610641894e-04	1.675138964244574872e-03	3.676860144104961148e-04	-1.391990648890436243e-03	-8.366570475104099223e-05	3.171353744031588529e-03	-1.557569553263910781e-03	-2.570158815584759355e-04	4.819732269904016420e-04	-2.788444473747978946e-03	-7.980373189138700873e-05	4.565694861045107959e-04	1.800952063317611766e-03	7.115679575020602502e-05	-4.252554719230808885e-04	7.289439165488490954e-04	1.564093412597726237e-04	-4.244760191529371555e-03	-7.023178024570637338e-04	4.167872562289975415e-03	-3.403626037043171355e-03	-1.506720214429810734e-03	1.084528660730737885e-03	-2.162709975532957438e-03	3.785369116175258341e-04	3.114772027084867796e-03	1.132061479068148177e-03	-1.265608557749207811e-03	-1.680723204601940386e-04	3.327823579319303185e-03	1.909095210639718534e-03	-4.068524527414065666e-04	-8.670834389713513940e-04	4.421720835481970577e-03	1.153665554749785938e-03	-3.579370243280638811e-03	2.121297662295266659e-03	1.079859710754622112e-03	-1.512038160634913845e-03	6.387123222315865129e-04	9.060818701785558265e-04	-1.659002660479447309e-03	-1.422978193934721237e-03	5.648893688190669265e-04	2.880149119690659219e-04	-1.515065003330881262e-03	-7.071292152558409554e-05	8.596406253431484144e-04	-2.165359421101096648e-03	-6.565166488317759593e-04	2.420235563367530759e-03	7.191032785850950048e-04	-5.461884638280694541e-04	7.937702152818055775e-04	5.050210533290387833e-03	-2.750495136803005275e-04	-1.941360610990043546e-03	7.801760333123347949e-03	7.053622158906522116e-04	-2.346707609557255759e-03	-2.000571568896328083e-03	5.645835032230105827e-04
-9.226040062672098870e-04	-1.380055781313677208e-03	-3.838968496406259742e-04	-3.034727059549000797e-03	2.660716005876704107e-03	1.080077996353236711e-03	7.056297539340327610e-04	6.735848271904761736e-03	-1.380055781317851386e-03	-5.533834129813047092e-03	3.503798017793070645e-03	-1.335304457296534672e-05	-2.715329812907495599e-04	-6.541201395124671223e-04	1.242440780275718640e-03	3.119998748542673721e-03	-3.838968496460516472e-04	3.503798017817815608e-03	1.408927184198772043e-03	-8.075694277542214269e-04	-6.373242269584876440e-03	1.021503420994991683e-03	8.355863191577976622e-04	-1.220761223603681299e-02	-3.034727059546599073e-03	-1.335304455816701706e-05	-8.075694277635309289e-04	-9.992554007598564852e-03	1.153665554752025899e-03	3.059117062144280259e-03	-4.251333974530464507e-04	2.969079921987848383e-03	2.660716005889171565e-03	-2.715329813052605218e-04	-6.373242269563882817e-03	1.153665554749785938e-03	1.201914392896676065e-02	1.983174240457409501e-04	-4.742040876143849629e-03	7.567643967185637768e-03	1.080077996346785058e-03	-6.541201395230183610e-04	1.021503421021214631e-03	3.059117062137472337e-03	1.983174240279222771e-04	-1.579502994308121938e-03	2.279642650511425235e-03	4.832461886043535985e-04	7.056297539361441364e-04	1.242440780281859345e-03	8.355863191334066912e-04	-4.251333974495356957e-04	-4.742040876110448396e-03	2.279642650508620187e-03	-6.062902719761323680e-03	-5.450703905264401086e-03	6.735848271916192696e-03	3.119998748522916955e-03	-1.220761223595820746e-02	2.969079921989645557e-03	7.567643967157584688e-03	4.832461886059844012e-04	-5.450703905269166372e-03	2.780495938392487862e-03
-3.401856371059198427e-04	2.271703826924231263e-03	-1.277268932304064485e-03	-1.560532277041010467e-03	5.139293164398972807e-04	2.181277496621874395e-03	-1.314011424396355372e-04	-3.388527941382869779e-03	3.648153337091554656e-03	-3.597631606896771993e-04	1.073782002081464897e-04	9.639215555854247636e-03	-1.482153346627674314e-04	-2.728504451211044741e-03	-5.130671744955588162e-04	-5.878988933559208972e-05	-2.075781242569919513e-03	-3.461788612533844107e-04	-2.518478970118859830e-05	-5.816587979900507540e-04	3.302023236368400181e-04	-5.987005585936781837e-03	5.981388557665986982e-03	1.407364946233006803e-03	-1.153645012054063711e-03	4.847652552717926153e-03	-4.969751068053115343e-04	-3.432771436484099992e-03	-1.422978193931772641e-03	1.448073898632590674e-03	2.140896130055415536e-04	-4.991519601667302602e-03	9.841273656177713068e-04	4.347774319563752518e-04	-1.044252746052510856e-04	-3.579370243280638811e-03	1.983174240457409501e-04	7.963819949385692043e-03	-1.090922935903642851e-02	-8.046289077041810737e-04	2.246457148228286731e-03	-1.364058487865530550e-03	-2.713080523899606515e-03	2.123451520127360610e-03	3.182302015015624728e-03	-3.925376251947998332e-04	-7.829660380590055570e-04	2.752838207162193289e-03	-4.561161382384439208e-04	-5.140785241322583807e-04	3.618345405684794160e-03	2.554868167493281900e-04	-5.872478932764833674e-03	-1.270618028748330590e-03	1.162364227511063957e-03	-2.039187089296526367e-03	-5.045176680221380265e-03	1.054714045803294966e-03	1.555384295069035545e-04	-1.070129076007893254e-02	2.327231242104114885e-05	6.094862111820659872e-03	-4.304126311934410726e-03	-8.108539505982409077e-04
-6.238158186132742840e-05	-2.424056251721776190e-03	1.826880830142069145e-03	2.177940290357102682e-03	-2.704170356111735250e-03	-4.077347104752561055e-03	2.443349318885301019e-03	7.844362497008695824e-04	-6.603479596267959259e-03	2.083357199239473968e-03	-9.296540576808677049e-04	-2.018602876234305843e-02	1.239035672054864326e-04	7.868490746446230033e-03	-4.655789444173477317e-04	-8.334671207265740905e-04	6.161065112365712512e-03	-1.072766392051997158e-03	-4.304460691282953918e-04	7.226567388529185967e-03	1.968765151279345746e-03	3.547801952379111071e-03	-1.253404692378607549e-02	2.548878837417794044e-03	1.647144141151717827e-03	-9.670545741741608248e-03	2.797243802332158649e-04	4.767097347088202451e-03	2.420235563359967798e-03	-2.092356022475214909e-03	2.902294602187857446e-04	7.977931815232736090e-03	-6.281628946427586513e-03	2.858015605808155693e-04	1.920628852474843933e-03	2.121297662295266659e-03	-4.742040876143849629e-03	-1.090922935903642851e-02	2.560356057807255253e-02	-2.677160273522651186e-03	-3.285901196006178228e-03	3.624687740274470764e-03	3.290843770302508305e-03	-1.968758451306262466e-03	-5.872478932754391506e-03	-2.610548564552997853e-04	2.287214565000052907e-03	-5.082104050899031999e-03	1.930869582003880407e-03	-6.237744096631393570e-05	-6.227466184078407976e-03	-1.992422262257956657e-04	1.299518030214912370e-02	2.693095925751597293e-03	-5.721759878177967718e-03	5.281067062039962977e-03	1.073612950791831815e-03	-1.105818928986460189e-03	3.135591081385759749e-03	1.393871720872208106e-02	-2.576278970685524569e-03	-1.074143828047575272e-02	1.474027896210773625e-02	-8.038203306275385970e-04
-1.088978792859247001e-03	-1.373129876817176000e-03	1.709205501709565322e-04	-1.360777349704102345e-03	1.386106574557392345e-03	-1.551801033497017448e-03	1.824204439424441555e-03	5.533665937880358557e-03	-3.350236779482281490e-04	-4.013826050940569323e-03	-4.990978389439260435e-03	-3.818012303235293180e-05	4.372954395909685321e-03	-2.961407145315452264e-04	4.838679987610857922e-04	8.281867980151619638e-03	-4.228749699359998478e-04	8.715343054574570952e-03	1.494606453220576840e-03	-9.572519052609533303e-04	-9.964773253005151238e-03	1.557020232404109084e-03	5.156278310965385419e-04	-2.827908728699478347e-02	-4.697684818694672533e-03	-6.019841231428361668e-04	3.521868673925987112e-04	-8.930309463325908012e-03	7.053622158948121869e-04	2.250608008177243467e-03	1.641346802797926134e-03	2.897434026632855156e-03	1.585954638726025292e-03	-5.041604910627291332e-03	1.769611126333499795e-03	1.079859710754622112e-03	7.567643967185637768e-03	-8.046289077041810737e-04	-2.677160273522651186e-03	1.453288043468066101e-02	3.200786789485311062e-03	-6.477404369060104500e-04	1.207079353407989079e-04	3.380011844703539360e-03	2.327231240468398041e-05	-1.700398379611167254e-03	-5.038676776734185396e-04	3.429052700568375263e-04	-2.785192951267145378e-04	1.252163465195937908e-03	3.152600448312244943e-04	-2.312421961016471964e-03	-2.576278970661862507e-03	5.233132568994079865e-03	-5.147246219085931974e-03	-4.611992352354909661e-03	3.243568854128948183e-03	-4.752958344150293168e-03	1.160604352747097653e-02	2.017462263461185842e-03	-1.947597280755509249e-03	-2.370134192627758936e-04	-2.612918494461422859e-03	3.710441052409120533e-03
-1.159694613308239657e-04	2.649499567774408690e-03	-8.440384100036760553e-04	-2.412362022353385345e-04	-1.075801078257081163e-04	-6.388399609251519361e-04	3.704893747434771312e-04	-2.970924961224848636e-03	2.023425969748230205e-03	-1.877724703049449056e-03	-1.091216279792873870e-03	5.246819100989589743e-03	8.839329997557435030e-04	-1.245020956436106857e-03	-3.545060776479295192e-04	1.923718189709098950e-03	-5.510040685314436613e-04	2.819402099890311666e-03	4.514432740744295409e-05	-5.400316698844567775e-04	-1.547233716704471450e-03	-1.082012750776412428e-03	1.290303711429272937e-03	-7.130203501515340429e-03	-7.766718455117490282e-03	6.546627216249444742e-03	-4.678050886979706917e-04	-9.640275568669573469e-03	-1.391990648896005572e-03	-2.587303801700036976e-04	4.730082271354344413e-03	-4.768785718293344286e-03	-6.049013535658162740e-05	-7.850021573322151034e-04	1.085020164990441139e-04	-1.512038160634913845e-03	1.080077996346785058e-03	2.246457148228286731e-03	-3.285901196006178228e-03	3.200786789485311062e-03	1.451409546218158410e-02	-2.473059082114833704e-03	-1.302929271184214170e-03	8.510631014286651128e-03	2.181277496630405332e-03	8.826576442744850154e-05	-8.757646092377450314e-03	2.498771874197142952e-03	-7.780343499576977337e-03	-2.207879892966652438e-04	2.314701846808969905e-03	-4.382153261277241772e-03	-4.077347104749613760e-03	2.248542850482945375e-04	9.650481362141746094e-03	-1.798403058020798086e-03	-3.497000940529806055e-03	3.581039059403107487e-04	3.517502266351683372e-03	-5.401340330443538118e-03	-1.551801033496858937e-03	2.071998248699065057e-03	-6.738065369415481825e-04	1.058736242966101565e-04
3.596625152805909957e-04	-1.739878060193011857e-03	1.688774702319638952e-03	9.344895159983897855e-04	-2.080375536084861157e-03	-1.245020956433554862e-03	3.602255570079979812e-04	-1.370873164666087506e-03	-7.303032373895887441e-04	1.080792100386222462e-03	-6.589138840279229253e-05	-4.351695217093508143e-03	-5.534920712145573012e-05	1.976723710741675692e-03	-1.822654160700991409e-04	-4.439207226191927195e-04	9.705212685344149874e-04	-1.751653013753177350e-04	8.373211816141499630e-06	1.491564048068865205e-03	-9.323942804790555806e-05	-9.943353229864841832e-04	-1.703453820786200463e-03	-3.971254194070387381e-04	2.005584873896954293e-03	-1.006557233599472516e-02	4.458651194580799497e-03	3.355944235627160172e-03	4.565694861026397882e-04	-1.119421093347687654e-03	-6.621173292858299839e-04	5.490864463241937679e-03	-1.083135928657959386e-03	1.049050415803330752e-04	4.197872754839809752e-05	6.387123222315865129e-04	-6.541201395230183610e-04	-1.364058487865530550e-03	3.624687740274470764e-03	-6.477404369060104500e-04	-2.473059082114833704e-03	6.934821370878191740e-03	-4.237994411067885596e-03	-1.718705251990850121e-03	-2.728504451198817977e-03	2.786807673913735991e-04	1.452354847476032811e-03	-5.532225509198786424e-03	8.151804946616543956e-04	-2.576927453169342019e-03	-9.544216824195078403e-04	2.873865505471945737e-04	7.868490746416401463e-03	3.692060547941588633e-04	-2.177558933349363086e-03	8.029026737242379863e-03	-3.560616524398762866e-04	-8.800541839159182079e-04	5.694719629196151340e-04	3.792537192978983826e-03	-2.961407145341165203e-04	-2.219839324522194200e-03	1.923362924191120192e-03	1.345589394587925873e-04
4.743780962271032888e-04	-3.218733735756320550e-03	4.505306686960769023e-04	9.649580530744088268e-04	2.192452434000540049e-03	-1.082012750769291822e-03	-5.186778610520599965e-04	1.067203856671013716e-02	-2.954380939442151181e-03	-1.815259636301512405e-03	1.694877487246458474e-03	-1.587852312012118239e-03	-4.342810738440893293e-04	-9.943353229775108923e-04	1.161042139748841122e-03	2.882851870422973358e-04	1.008338885226635383e-03	3.944373556481180296e-04	-1.516155503549428433e-04	-6.092134772983388152e-04	-1.232365671294519995e-04	6.158199874777685670e-03	-3.780708292857737005e-03	-1.703800265485191662e-04	1.358197445745818951e-03	-4.334356828893414014e-04	-7.179915098490148584e-03	2.947706273106975427e-03	4.167872562302948544e-03	-1.357263268292536454e-03	-2.212280147026262321e-04	7.822743440660067521e-03	1.003702841919268222e-03	1.778617357427624739e-04	-8.263046168584093319e-04	9.060818701785558265e-04	1.021503421021214631e-03	-2.713080523899606515e-03	3.290843770302508305e-03	1.207079353407989079e-04	-1.302929271184214170e-03	-4.237994411067885596e-03	1.586086754373507157e-02	-1.236914318378952308e-03	-5.987005585966233973e-03	4.308829207679168807e-04	3.788626878047603500e-05	-1.047819636596972366e-03	-1.191640359824403070e-04	3.778486346566754632e-03	-8.653190913127821460e-03	1.471794222471235996e-04	3.547801952407941741e-03	-3.537002717061934380e-04	1.611577748472957112e-03	-5.005558164728603383e-03	7.172339852807343638e-03	1.747457443013271904e-03	-4.493149315416595721e-03	3.099287628528594237e-03	1.557020232404001097e-03	-1.135943507795348457e-03	2.164229907650808669e-04	-1.343597921259337945e-04
-3.410466823306585252e-03	1.841210108268721921e-03	-3.517842995776858514e-04	-5.813833782833463006e-03	-5.236652668493302657e-04	-2.587303801833259944e-04	6.434627808134481264e-03	-2.237090071416703452e-03	1.106474234741454876e-03	-5.108488656812916126e-03	1.647425975034873475e-03	4.144617712512216508e-03	-1.224550870450332829e-04	-1.119421093343652036e-03	-6.380903833084159164e-05	2.684552389087027993e-03	-6.906626176926834964e-05	2.443043714378041308e-03	2.635592796867037169e-04	3.068677326019573440e-04	-1.288160582865115330e-03	-1.357263268306071417e-03	8.995999310202259245e-04	-6.364971324935976213e-03	-9.762090791349216368e-03	4.702378136943630160e-03	1.329735166939118745e-04	-2.589126016819298659e-02	-1.265608557747131997e-03	6.646057406990132053e-03	2.578318875662011667e-03	-3.519468405770834023e-03	-3.916392863499741639e-04	3.447017618670778806e-04	-2.322940231510175948e-03	-1.659002660479447309e-03	3.059117062137472337e-03	2.123451520127360610e-03	-1.968758451306262466e-03	3.380011844703539360e-03	8.510631014286651128e-03	-1.718705251990850121e-03	-1.236914318378952308e-03	1.411476908480199799e-02	1.448073898630147967e-03	-5.464246571463340918e-03	2.477314841101191725e-03	1.707952394266492278e-03	3.977324720496926082e-04	-1.896454591652946579e-04	1.550457421376505180e-03	-4.072450695548261376e-03	-2.092356022470238421e-03	7.030899140195083150e-03	-1.370062480865138002e-02	-8.752772603820256625e-04	-2.194594745580950943e-03	4.253672284902206870e-03	-4.524379282895995939e-03	-4.783661494811265562e-03	2.250608008179760117e-03	2.038560090283676393e-03	-8.252617780892803831e-04	3.240376922738626392e-04
-3.401856371063179617e-04	3.648153337093833215e-03	-2.075781242568104992e-03	-1.153645012048383576e-03	9.841273656081550841e-04	2.246457148221156150e-03	-4.561161382350574153e-04	-5.045176680249322324e-03	2.271703826936595505e-03	-3.597631606812425401e-04	-3.461788612524931965e-04	4.847652552737889350e-03	4.347774319528126177e-04	-1.364058487870335951e-03	-5.140785241361130447e-04	1.054714045790831629e-03	-1.277268932306374703e-03	1.073782001991308201e-04	-2.518478970295648481e-05	-4.969751068131033700e-04	-1.044252745919653535e-04	-2.713080523895565477e-03	3.618345405682674761e-03	1.555384295449177426e-04	-1.560532277042372658e-03	9.639215555842513966e-03	-5.816587979767358840e-04	-3.432771436471500695e-03	-3.579370243288596421e-03	2.123451520116481292e-03	2.554868167562268600e-04	-1.070129076009800756e-02	5.139293164312154234e-04	-1.482153346595813678e-04	3.302023236400448655e-04	-1.422978193934721237e-03	1.983174240279222771e-04	3.182302015015624728e-03	-5.872478932754391506e-03	2.327231240468398041e-05	2.181277496630405332e-03	-2.728504451198817977e-03	-5.987005585966233973e-03	1.448073898630147967e-03	7.963819949393421971e-03	-3.925376251881065653e-04	-1.270618028760323818e-03	6.094862111824913414e-03	-1.314011424433215265e-04	-5.130671744990830153e-04	5.981388557671815653e-03	2.140896130036174471e-04	-1.090922935902439300e-02	-7.829660380614721169e-04	1.162364227518709534e-03	-4.304126311924760459e-03	-3.388527941409938404e-03	-5.878988933143982579e-05	1.407364946222336519e-03	-4.991519601682380819e-03	-8.046289077054609743e-04	2.752838207163863828e-03	-2.039187089281835428e-03	-8.108539506012848053e-04
2.532730585751927395e-03	-1.275010589383770987e-04	-1.573544181770876959e-04	3.914717300000210287e-03	4.517688700848586153e-04	8.826576443469784318e-05	-4.045009703137604148e-03	4.712713625323537410e-04	-1.275010589348551764e-04	2.323966267386854204e-03	-6.772410388882425369e-04	-6.664902161850061457e-04	-4.855622070000252451e-05	2.786807673869948860e-04	-9.108199408369992318e-06	-1.739762260117397189e-03	-1.573544181807710559e-04	-6.772410388859471725e-04	-2.189648385968585528e-04	-3.641012838941682945e-04	8.153668234273949399e-04	4.308829207766877510e-04	2.087268256240277023e-05	2.661843643975613828e-03	3.914717300002858343e-03	-6.664902161932426128e-04	-3.641012838860579743e-04	1.300478812553820460e-02	5.648893688151305137e-04	-5.464246571454644749e-03	4.166998462089616020e-04	9.965535982646911081e-04	4.517688700874299091e-04	-4.855622070359296843e-05	8.153668234288862600e-04	5.648893688190669265e-04	-1.579502994308121938e-03	-3.925376251947998332e-04	-2.610548564552997853e-04	-1.700398379611167254e-03	8.826576442744850154e-05	2.786807673913735991e-04	4.308829207679168807e-04	-5.464246571463340918e-03	-3.925376251881065653e-04	4.605158297724168057e-03	-5.670305896033860441e-03	-4.966260919943448794e-04	-4.045009703130937606e-03	-9.108199407001458126e-06	2.087268255945097560e-05	4.166998462143511168e-04	-2.610548564566812758e-04	-5.670305896033172623e-03	1.338290515017946658e-02	6.861597624048858745e-05	4.712713625306952912e-04	-1.739762260125379736e-03	2.661843643984126116e-03	9.965535982626120420e-04	-1.700398379615857079e-03	-4.966260919948165074e-04	6.861597624220113899e-05	-1.939109136080509658e-04
-3.295683051663306218e-03	-1.172299804840489087e-03	5.303007974081684010e-04	-6.458418964845856480e-03	-1.649812390185181920e-04	2.248542850449674734e-04	5.353336715001860875e-03	1.256715475069842235e-03	-1.211106241212952161e-03	-1.907992659688851570e-03	2.542434909527910986e-03	-2.355575423499858389e-03	-1.309787418652646378e-03	3.692060548027230847e-04	5.277550902692272920e-04	-1.230329025015595664e-04	5.919530905005741458e-04	-1.916538549997093190e-03	8.193748054665274524e-04	1.028357220374018655e-03	-6.482388510711378088e-05	-3.537002717187614554e-04	-6.790614841383328399e-04	2.634109857522301361e-03	-3.914297365874949870e-04	-3.063295194226451062e-03	4.603235772581061201e-04	-1.421565596625304177e-02	7.191032785923740130e-04	7.030899140186308918e-03	-4.607723506574890743e-03	2.431330575229640172e-03	-4.963200093369161871e-04	1.410009192096477442e-03	-2.857065949800399567e-03	2.880149119690659219e-04	2.279642650511425235e-03	-7.829660380590055570e-04	2.287214565000052907e-03	-5.038676776734185396e-04	-8.757646092377450314e-03	1.452354847476032811e-03	3.788626878047603500e-05	2.477314841101191725e-03	-1.270618028760323818e-03	-5.670305896033860441e-03	1.494851713100473975e-02	-1.414274884668727467e-03	9.829670829814347865e-03	6.103081570574186098e-05	-1.217923625251606011e-03	2.497984784289737289e-03	2.693095925751343156e-03	6.998739365576379413e-03	-2.663598300923327583e-02	1.144600964708316661e-03	1.850953744822661029e-03	2.667025475049550863e-03	-8.712093635939591532e-03	2.251466101351164584e-03	5.233132569001245141e-03	-5.476754062831659274e-04	-3.259441111922694169e-04	9.214535737326576574e-04
-3.482479505517821310e-04	3.047930640154914664e-03	-3.144664541810461653e-03	-1.208324450643220860e-03	1.661829385026951812e-03	2.071998248698933218e-03	-4.977799740923941540e-04	-2.213671038932182953e-03	1.370946994633489343e-03	-9.869876421731232051e-04	2.774387554000664691e-05	4.845588302816546643e-03	2.478115139447359069e-04	-2.219839324528388898e-03	1.656845136016000327e-04	1.062294919332741963e-03	-1.184353141193362959e-03	1.658354815751413372e-04	7.457178512647663756e-07	-7.449419361719022015e-04	1.616068734097423818e-05	-1.135943507787029374e-03	2.908634520145011917e-03	4.780632059045597667e-04	-1.857178969563172931e-03	1.146545546068251584e-02	-4.567319951965425132e-03	-3.791934621130061724e-03	-2.346707609562798634e-03	2.038560090283582284e-03	4.192147887215150756e-04	-1.163507072317866708e-02	6.832844018289614208e-04	-1.830702649246801689e-04	6.299716074117961027e-05	-1.515065003330881262e-03	4.832461886043535985e-04	2.752838207162193289e-03	-5.082104050899031999e-03	3.429052700568375263e-04	2.498771874197142952e-03	-5.532225509198786424e-03	-1.047819636596972366e-03	1.707952394266492278e-03	6.094862111824913414e-03	-4.966260919943448794e-04	-1.414274884668727467e-03	8.384745754043083921e-03	-5.000480268871359711e-04	1.205469981762963055e-03	5.597324379716829904e-03	-2.225171994460134538e-05	-1.074143828046553867e-02	-5.476754062827365833e-04	1.805366364833564490e-03	-9.276675381227419276e-03	-1.964477484768539176e-03	5.403675556867831940e-04	1.976607330502316829e-04	-5.696889505074494500e-03	-2.370134192620369014e-04	3.544733576568161269e-03	-2.613354605364818194e-03	-7.340650631150782675e-04
-2.835736146407032490e-03	-1.683027631587086584e-03	1.022349887866108847e-03	-4.064635135137676693e-03	-5.148708482318924487e-04	3.704893747376320889e-04	4.122850286116846313e-03	1.177378534161832579e-03	-9.777797816689682859e-04	-2.052866278136581020e-03	1.212455090612199905e-03	-2.199516915490647585e-03	6.556636019148582477e-05	3.602255570163247081e-04	4.006570293244298840e-04	1.934891874666347595e-03	7.367801303389102680e-04	-3.167488542676866973e-04	-5.653727388538140619e-05	1.230914689118396080e-03	-2.045287407501603658e-04	-5.186778610565827459e-04	-7.530364267383512578e-04	9.159617558307614439e-04	-2.410236841455784453e-04	-2.684226702358317833e-03	9.627645994361264548e-04	-9.548162775594469520e-03	-8.366570474626676217e-05	6.434627808120336329e-03	-3.146216644861159553e-03	1.247058268094382305e-03	-8.379958529224443850e-04	2.013038191615461651e-04	-9.608905895589341128e-05	-7.071292152558409554e-05	7.056297539361441364e-04	-4.561161382384439208e-04	1.930869582003880407e-03	-2.785192951267145378e-04	-7.780343499576977337e-03	8.151804946616543956e-04	-1.191640359824403070e-04	3.977324720496926082e-04	-1.314011424433215265e-04	-4.045009703130937606e-03	9.829670829814347865e-03	-5.000480268871359711e-04	9.892091894917732359e-03	6.748967024187159901e-04	-2.113923295717319312e-03	2.921239945029291754e-03	2.443349318881699733e-03	5.353336715000719427e-03	-2.056893574320716248e-02	4.848548492109500986e-04	9.997381030414423646e-04	1.494331615317407271e-03	-3.720079736804533452e-03	1.665224715221923875e-03	1.824204439431716769e-03	-4.977799740950969616e-04	1.942693372735194762e-05	-5.129336374862715920e-04
-3.061265863430019185e-04	-2.140466721236714172e-03	8.494010179376223699e-04	2.777496922975414371e-04	7.633071153273945138e-04	-3.545060776405558603e-04	4.006570293240024915e-04	4.106071564852913774e-03	-1.044575742372927081e-03	-1.224950846866132599e-03	4.109186979657411640e-04	-1.679745385527391490e-04	2.012842154433418566e-04	-1.822654160676607431e-04	8.956666797568591312e-04	1.103497187535950252e-03	-1.126553561470956723e-04	7.231339419137012680e-04	-7.138215154582072132e-05	-1.157873236334744545e-03	-7.177141797794698956e-04	1.161042139743107861e-03	-5.690996656892487269e-04	-1.732903380685108267e-03	-2.343675300203001380e-04	2.688851459999206609e-04	-2.536954378174878250e-03	3.578867430531830246e-04	1.800952063316123590e-03	-6.380903832836347139e-05	1.817147707391675044e-04	2.941803259306207795e-03	8.004634849072258737e-04	-3.131069855454792720e-04	-1.641034916534653059e-04	8.596406253431484144e-04	1.242440780281859345e-03	-5.140785241322583807e-04	-6.237744096631393570e-05	1.252163465195937908e-03	-2.207879892966652438e-04	-2.576927453169342019e-03	3.778486346566754632e-03	-1.896454591652946579e-04	-5.130671744990830153e-04	-9.108199407001458126e-06	6.103081570574186098e-05	1.205469981762963055e-03	6.748967024187159901e-04	3.934164676083398877e-03	-4.688196945078863635e-03	-1.315306120734774961e-04	-4.655789444147573558e-04	5.277550902654911313e-04	-7.641298804388564798e-04	-5.729570412881003494e-03	2.448977302407180645e-03	6.564358638689951359e-04	-1.146741234450068900e-03	5.986091842610737936e-04	4.838679987611433091e-04	1.656845136022147211e-04	-1.506930523256418521e-03	-9.610225803368581746e-05
2.033900068400017257e-04	6.102737757290739237e-03	-5.264861942099086263e-03	-1.008910007638203019e-03	1.968840491760442176e-03	1.290303711419074498e-03	-7.530364267343625864e-04	-6.503042469354937405e-03	2.165074882123530810e-03	7.104821968241404467e-04	-5.112095356227447157e-04	4.119269397374020897e-03	-3.201523809605677593e-04	-1.703453820791858480e-03	-5.690996656955440384e-04	-8.961539780348813915e-04	-7.766739254084347463e-04	-1.749645174886474202e-04	4.598353720490142276e-04	1.549521562893266605e-03	-1.638975808707301301e-04	-3.780708292862978472e-03	4.218612274282306993e-03	1.955465372742034810e-04	-1.256412942322643464e-03	9.804077837512352456e-03	-7.681553095426252222e-04	-3.341918914928489453e-03	-3.403626037051139808e-03	8.995999310199285278e-04	1.720169743365227734e-04	-1.370709338319367129e-02	1.665602269868146569e-04	3.332486172666956209e-05	-7.493621667607062086e-04	-2.165359421101096648e-03	8.355863191334066912e-04	3.618345405684794160e-03	-6.227466184078407976e-03	3.152600448312244943e-04	2.314701846808969905e-03	-9.544216824195078403e-04	-8.653190913127821460e-03	1.550457421376505180e-03	5.981388557671815653e-03	2.087268255945097560e-05	-1.217923625251606011e-03	5.597324379716829904e-03	-2.113923295717319312e-03	-4.688196945078863635e-03	1.611699322519920957e-02	-6.214731001385200796e-04	-1.253404692375899299e-02	-6.790614841346975100e-04	2.446300532750419945e-03	-2.405161058493451680e-03	-4.180020188224046161e-03	-7.301349341973608666e-04	1.087102808973022415e-03	-5.170350928239668929e-03	5.156278310900490498e-04	2.908634520148003447e-03	-1.312293703879758699e-03	7.604080397748589314e-04
8.622392569054390297e-05	-1.500582890865239847e-04	1.250107440518916026e-04	-2.949295763206720693e-03	-1.669159050442731781e-05	4.730082271357471252e-03	-3.146216644867454865e-03	-2.061991374575714844e-04	1.075781633944451965e-04	3.422337125623874056e-04	9.915673454645574075e-04	2.828334799715858262e-05	-6.538596835324275063e-04	-6.621173292871252803e-04	1.817147707369416373e-04	-4.941570157419081623e-04	2.977471180796219339e-04	-1.690009500679650646e-03	-8.064774342077382294e-05	9.075909792406740111e-04	9.777040132921128827e-04	-2.212280146946111591e-04	1.720169743395604640e-04	4.563021477348312357e-03	3.072160974890257492e-03	-2.417819735436762250e-04	-1.167687910476001764e-04	1.666998657785906087e-03	-1.680723204613414768e-04	2.578318875655049788e-03	-4.018936289529600678e-03	-4.082555552108728283e-04	-6.954301207692935739e-04	6.821454845373853618e-04	-9.675600391522751035e-05	-6.565166488317759593e-04	-4.251333974495356957e-04	2.554868167493281900e-04	-1.992422262257956657e-04	-2.312421961016471964e-03	-4.382153261277241772e-03	2.873865505471945737e-04	1.471794222471235996e-04	-4.072450695548261376e-03	2.140896130036174471e-04	4.166998462143511168e-04	2.497984784289737289e-03	-2.225171994460134538e-05	2.921239945029291754e-03	-1.315306120734774961e-04	-6.214731001385200796e-04	5.609770702712959904e-03	2.902294602204932546e-04	-4.607723506576206531e-03	2.091274333617850964e-03	4.289215830617478312e-04	-1.938848537484398258e-04	3.990465551443743864e-05	-2.498706836602705792e-03	-1.016584702007155704e-04	1.641346802803890547e-03	4.192147887197650107e-04	-6.739921390301717007e-04	-8.459467169227587971e-05
-6.238158185968112161e-05	-6.603479596263225199e-03	6.161065112347721695e-03	1.647144141143193396e-03	-6.281628946391401916e-03	-3.285901195997669409e-03	1.930869581993430867e-03	1.073612950841933231e-03	-2.424056251744387009e-03	2.083357199214071545e-03	-1.072766392039216799e-03	-9.670545741768964837e-03	2.858015605819581558e-04	3.624687740272740377e-03	-6.237744095122075725e-05	-1.105818928965581274e-03	1.826880830149655525e-03	-9.296540576626351107e-04	-4.304460691283517704e-04	2.797243802343913027e-04	1.920628852454164728e-03	3.290843770323660222e-03	-6.227466184096468182e-03	3.135591081326953057e-03	2.177940290354768611e-03	-2.018602876229156490e-02	7.226567388498216817e-03	4.767097347074822529e-03	2.121297662306514606e-03	-1.968758451301167584e-03	-1.992422262293317911e-04	1.393871720872837637e-02	-2.704170356102954514e-03	1.239035672033133391e-04	1.968765151266583385e-03	2.420235563367530759e-03	-4.742040876110448396e-03	-5.872478932764833674e-03	1.299518030214912370e-02	-2.576278970661862507e-03	-4.077347104749613760e-03	7.868490746416401463e-03	3.547801952407941741e-03	-2.092356022470238421e-03	-1.090922935902439300e-02	-2.610548564566812758e-04	2.693095925751343156e-03	-1.074143828046553867e-02	2.443349318881699733e-03	-4.655789444147573558e-04	-1.253404692375899299e-02	2.902294602204932546e-04	2.560356057799546836e-02	2.287214564996673666e-03	-5.721759878168177806e-03	1.474027896207234789e-02	7.844362497474694591e-04	-8.334671207192366439e-04	2.548878837403475636e-03	7.977931815260463910e-03	-2.677160273509192334e-03	-5.082104050900350389e-03	5.281067062009472610e-03	-8.038203306245962892e-04
-3.295683051663248972e-03	-1.211106241200627385e-03	5.919530904916114802e-04	-3.914297365815177804e-04	-4.963200093339062251e-04	-8.757646092382609382e-03	9.829670829822556577e-03	1.850953744804128978e-03	-1.172299804848516303e-03	-1.907992659692522028e-03	-1.916538549995497245e-03	-3.063295194246145377e-03	1.410009192094257430e-03	1.452354847487104250e-03	6.103081570785385971e-05	2.667025475049507495e-03	5.303007974154457828e-04	2.542434909527217096e-03	8.193748054664240195e-04	4.603235772760250004e-04	-2.857065949801530173e-03	3.788626875850389193e-05	-1.217923625256043868e-03	-8.712093635945834802e-03	-6.458418964846448021e-03	-2.355575423474898754e-03	1.028357220352447803e-03	-1.421565596625666214e-02	2.880149119747105494e-04	2.477314841099082302e-03	2.497984784294089711e-03	2.251466101342377343e-03	-1.649812390218952920e-04	-1.309787418647171374e-03	-6.482388510566849873e-05	7.191032785850950048e-04	2.279642650508620187e-03	-1.270618028748330590e-03	2.693095925751597293e-03	5.233132568994079865e-03	2.248542850482945375e-04	3.692060547941588633e-04	-3.537002717061934380e-04	7.030899140195083150e-03	-7.829660380614721169e-04	-5.670305896033172623e-03	6.998739365576379413e-03	-5.476754062827365833e-04	5.353336715000719427e-03	5.277550902654911313e-04	-6.790614841346975100e-04	-4.607723506576206531e-03	2.287214564996673666e-03	1.494851713099442682e-02	-2.663598300923365053e-02	-3.259441111829372009e-04	1.256715475074496931e-03	-1.230329024908056090e-04	2.634109857527999494e-03	2.431330575231254332e-03	-5.038676776742834077e-04	-1.414274884666662929e-03	1.144600964705946378e-03	9.214535737253082845e-04
8.422974674245943538e-03	2.947766802811466712e-03	-1.532581262306363786e-03	9.603944851968190116e-03	9.224691106474438781e-04	9.650481362160245186e-03	-2.056893574321056600e-02	-3.281050516317099951e-03	2.947766802830920334e-03	7.764644157402500121e-03	-2.381853666695676278e-03	5.843299470695909048e-03	-4.833154880806347768e-04	-2.177558933375805042e-03	-7.641298804400118057e-04	-5.132612743729399185e-03	-1.532581262322115726e-03	-2.381853666686545128e-03	-1.892341294192999030e-03	-2.167895601279721304e-03	4.354468277192869580e-03	1.611577748510014492e-03	2.446300532752757918e-03	9.167933874417451279e-03	9.603944851985783682e-03	5.843299470640310293e-03	-2.167895601235823692e-03	4.265221900447687536e-02	-5.461884638406893505e-04	-1.370062480863841643e-02	2.091274333608561520e-03	-4.549822805598127511e-03	9.224691106566259863e-04	-4.833154880912313351e-04	4.354468277190171217e-03	-5.461884638280694541e-04	-6.062902719761323680e-03	1.162364227511063957e-03	-5.721759878177967718e-03	-5.147246219085931974e-03	9.650481362141746094e-03	-2.177558933349363086e-03	1.611577748472957112e-03	-1.370062480865138002e-02	1.162364227518709534e-03	1.338290515017946658e-02	-2.663598300923327583e-02	1.805366364833564490e-03	-2.056893574320716248e-02	-7.641298804388564798e-04	2.446300532750419945e-03	2.091274333617850964e-03	-5.721759878168177806e-03	-2.663598300923365053e-02	7.265395582816072673e-02	-1.223984825186343744e-03	-3.281050516338000333e-03	-5.132612743743929229e-03	9.167933874419073245e-03	-4.549822805611987951e-03	-5.147246219099356132e-03	1.805366364836336794e-03	-1.223984825178765171e-03	-9.588267052080642243e-04
4.355322462856781344e-04	-7.873520230835862098e-04	3.702825896462163049e-03	6.150442290425274863e-04	-4.563307788798402417e-03	-6.738065369574610178e-04	1.942693373091942000e-05	-8.046327895951823836e-03	1.438927413890560714e-03	3.689737459097301633e-03	-1.185729337772689325e-03	-2.920272959477430465e-03	-2.493648659068491732e-04	1.923362924189429054e-03	-1.506930523247462144e-03	-2.516279604480049954e-03	1.302918057123261114e-04	-2.177283684524629163e-03	-2.956233624319272012e-04	-2.110866816232359134e-04	2.751878233467899663e-03	2.164229907890489178e-04	-1.312293703903439843e-03	6.141420988858527913e-03	1.790548771441628556e-03	-1.132439303204930275e-02	1.109768582128522856e-02	2.622032153101962366e-03	-2.000571568888514021e-03	-8.252617780991937857e-04	-6.739921390299923737e-04	3.848449242070724023e-03	-2.101650510758639422e-03	6.691787862830259753e-04	1.841796602414343814e-03	7.937702152818055775e-04	-5.450703905264401086e-03	-2.039187089296526367e-03	5.281067062039962977e-03	-4.611992352354909661e-03	-1.798403058020798086e-03	8.029026737242379863e-03	-5.005558164728603383e-03	-8.752772603820256625e-04	-4.304126311924760459e-03	6.861597624048858745e-05	1.144600964708316661e-03	-9.276675381227419276e-03	4.848548492109500986e-04	-5.729570412881003494e-03	-2.405161058493451680e-03	4.289215830617478312e-04	1.474027896207234789e-02	-3.259441111829372009e-04	-1.223984825186343744e-03	2.183918871544331120e-02	-4.081852636766790735e-03	-1.566305873798019659e-03	3.330722718774800466e-03	2.668326073978070142e-03	-2.612918494454953208e-03	-2.613354605367975390e-03	4.069570898199429548e-03	-9.216541428729468129e-04
2.739172602500383031e-04	-4.832517727355965971e-03	7.974026591731656023e-04	1.696807085987833870e-03	3.260165005774685182e-03	-2.970924961222336756e-03	1.177378534160234682e-03	1.321312620920015758e-02	-6.050335475437800675e-03	-5.139478931752485338e-03	4.049534337509611004e-03	-5.653033755333016636e-03	-7.932154153320831796e-04	-1.370873164648162392e-03	4.106071564855713618e-03	2.069449130243240786e-03	8.031078765262892206e-04	2.130450163765691858e-03	2.754541144637146660e-04	-4.237808377467970102e-03	-2.639965950498532939e-03	1.067203856666447057e-02	-6.503042469338466205e-03	-5.405314398818759740e-03	1.913291123040267334e-03	-4.786785998761280275e-03	-1.792905522669870728e-03	3.978565464203168839e-03	3.171353744037781926e-03	-2.237090071419436943e-03	-2.061991374636802860e-04	8.848274077622080361e-03	4.298481682944946952e-03	3.388625526830806663e-04	-4.636845965127353586e-03	5.050210533290387833e-03	6.735848271916192696e-03	-5.045176680221380265e-03	1.073612950791831815e-03	3.243568854128948183e-03	-3.497000940529806055e-03	-3.560616524398762866e-04	7.172339852807343638e-03	-2.194594745580950943e-03	-3.388527941409938404e-03	4.712713625306952912e-04	1.850953744822661029e-03	-1.964477484768539176e-03	9.997381030414423646e-04	2.448977302407180645e-03	-4.180020188224046161e-03	-1.938848537484398258e-04	7.844362497474694591e-04	1.256715475074496931e-03	-3.281050516338000333e-03	-4.081852636766790735e-03	1.826913644798783265e-02	3.942632476955900724e-03	-1.237662230623138432e-02	1.335437796692790641e-02	5.533665937878778224e-03	-2.213671038932959242e-03	-8.046327895974442895e-03	6.559535996570874669e-04
-1.105162705435182302e-03	-5.794822884922093756e-04	1.571169550208371837e-04	-2.301637743005172619e-03	4.843428976566999675e-04	1.923718189714119457e-03	1.934891874667166167e-03	2.069449130226019319e-03	-1.830045646847866699e-03	-6.925606708050242519e-03	9.288277448397301225e-03	2.412408689485963874e-04	-4.396662629882657283e-03	-4.439207226048668851e-04	1.103497187530148253e-03	-2.662932946182606890e-03	4.035357302204191842e-04	-2.200450543347303410e-03	-1.253860642066786544e-03	-1.104545338156905001e-04	5.063646561626736209e-03	2.882851870142736370e-04	-8.961539780151585614e-04	1.224046415026793823e-02	-1.398311424622141440e-03	4.968211579349985675e-04	-6.667513281920054054e-04	-7.202175563860524141e-03	7.115679574281549315e-05	2.684552389098767301e-03	-4.941570157406166607e-04	1.947623860749001748e-04	1.081502466016778796e-03	4.830219112536319852e-03	-8.173484700884459803e-03	-2.750495136803005275e-04	3.119998748522916955e-03	1.054714045803294966e-03	-1.105818928986460189e-03	-4.752958344150293168e-03	3.581039059403107487e-04	-8.800541839159182079e-04	1.747457443013271904e-03	4.253672284902206870e-03	-5.878988933143982579e-05	-1.739762260125379736e-03	2.667025475049550863e-03	5.403675556867831940e-04	1.494331615317407271e-03	6.564358638689951359e-04	-7.301349341973608666e-04	3.990465551443743864e-05	-8.334671207192366439e-04	-1.230329024908056090e-04	-5.132612743743929229e-03	-1.566305873798019659e-03	3.942632476955900724e-03	1.322021497086930605e-02	-2.633512622117435004e-02	-5.012653087750852318e-04	8.281867980120779724e-03	1.062294919329499331e-03	-2.516279604482555762e-03	-2.637057688356398300e-03
1.225526871951194193e-03	1.448551327301983438e-03	1.390780336809950037e-04	6.262312930782321790e-03	-2.215856432153879944e-03	-7.130203501547839606e-03	9.159617558357044300e-04	-5.405314398782919486e-03	3.642674452364410079e-03	1.169609358587738596e-02	-2.408394877059557432e-02	2.146202019553060825e-03	1.204396500768402899e-02	-3.971254194377098960e-04	-1.732903380665456235e-03	1.224046415028374850e-02	-1.204887876020514781e-04	1.038889825772576839e-02	-2.660685453662521051e-04	1.838433057274240575e-04	-9.651566879807997601e-03	-1.703800264706029771e-04	1.955465372169209060e-04	-3.887355649720411477e-02	1.038339358528617921e-03	7.816341811429916835e-04	2.059466208291985470e-03	1.447514572203033312e-02	-1.506720214415302374e-03	-6.364971324969088615e-03	4.563021477348510983e-03	-2.740195113848740288e-03	-3.902523062946672370e-03	-1.159383546720134037e-02	2.404485397045975914e-02	-1.941360610990043546e-03	-1.220761223595820746e-02	1.555384295069035545e-04	3.135591081385759749e-03	1.160604352747097653e-02	3.517502266351683372e-03	5.694719629196151340e-04	-4.493149315416595721e-03	-4.524379282895995939e-03	1.407364946222336519e-03	2.661843643984126116e-03	-8.712093635939591532e-03	1.976607330502316829e-04	-3.720079736804533452e-03	-1.146741234450068900e-03	1.087102808973022415e-03	-2.498706836602705792e-03	2.548878837403475636e-03	2.634109857527999494e-03	9.167933874419073245e-03	3.330722718774800466e-03	-1.237662230623138432e-02	-2.633512622117435004e-02	7.523692356549364912e-02	-6.079824449860877014e-03	-2.827908728690600726e-02	4.780632059058989190e-04	6.141420988859339763e-03	-9.709283100199225195e-04
5.270962050500951858e-04	-4.465238387102121037e-03	1.766019327184290043e-03	3.011092306400672131e-03	5.565408407644904798e-04	-4.768785718292657336e-03	1.247058268096758443e-03	8.848274077618524178e-03	-7.121658061030790993e-03	-5.812482175149972542e-04	1.485935605552512508e-03	-1.886384689140836388e-02	-3.767351089491448486e-04	5.490864463262109911e-03	2.941803259307582564e-03	1.947623860923317605e-04	4.470561299118630538e-03	6.980843729561802278e-04	3.940345203577863488e-04	1.919804035479769511e-03	-1.424468576008640439e-03	7.822743440623577613e-03	-1.370709338318963286e-02	-2.740195113887496613e-03	3.143360803398925069e-03	-9.564578915726821423e-03	9.688886045807526461e-04	8.037861078648962654e-03	3.327823579323333815e-03	-3.519468405771056935e-03	-4.082555552100984911e-04	1.147038171425981794e-02	2.586271101363565666e-04	-4.729330291454481331e-04	-2.214465129924078103e-03	7.801760333123347949e-03	2.969079921989645557e-03	-1.070129076007893254e-02	1.393871720872208106e-02	2.017462263461185842e-03	-5.401340330443538118e-03	3.792537192978983826e-03	3.099287628528594237e-03	-4.783661494811265562e-03	-4.991519601682380819e-03	9.965535982626120420e-04	2.251466101351164584e-03	-5.696889505074494500e-03	1.665224715221923875e-03	5.986091842610737936e-04	-5.170350928239668929e-03	-1.016584702007155704e-04	7.977931815260463910e-03	2.431330575231254332e-03	-4.549822805611987951e-03	2.668326073978070142e-03	1.335437796692790641e-02	-5.012653087750852318e-04	-6.079824449860877014e-03	2.721209487835629659e-02	2.897434026633777596e-03	-1.163507072317464253e-02	3.848449242063691021e-03	1.644394388628611474e-03
-1.088978792864282903e-03	-3.350236779440039347e-04	-4.228749699333412214e-04	-4.697684818707632652e-03	1.585954638718940247e-03	3.200786789496206861e-03	-2.785192951242577899e-04	3.243568854116894891e-03	-1.373129876815289054e-03	-4.013826050925957747e-03	8.715343054546124957e-03	-6.019841231551993242e-04	-5.041604910616056395e-03	-6.477404368950977383e-04	1.252163465186809359e-03	-4.752958344149618361e-03	1.709205501663755070e-04	-4.990978389428581477e-03	1.494606453218358996e-03	3.521868674058857172e-04	1.769611126334049486e-03	1.207079353092951370e-04	3.152600448549394653e-04	1.160604352745722018e-02	-1.360777349710420425e-03	-3.818012302176531812e-05	-9.572519052603097479e-04	-8.930309463347961552e-03	1.079859710750857328e-03	3.380011844718766763e-03	-2.312421961020721603e-03	2.017462263451705144e-03	1.386106574563028895e-03	4.372954395895098031e-03	-9.964773252971268619e-03	7.053622158906522116e-04	7.567643967157584688e-03	2.327231242104114885e-05	-2.576278970685524569e-03	-1.947597280755509249e-03	-1.551801033496858937e-03	-2.961407145341165203e-04	1.557020232404001097e-03	2.250608008179760117e-03	-8.046289077054609743e-04	-1.700398379615857079e-03	5.233132569001245141e-03	-2.370134192620369014e-04	1.824204439431716769e-03	4.838679987611433091e-04	5.156278310900490498e-04	1.641346802803890547e-03	-2.677160273509192334e-03	-5.038676776742834077e-04	-5.147246219099356132e-03	-2.612918494454953208e-03	5.533665937878778224e-03	8.281867980120779724e-03	-2.827908728690600726e-02	2.897434026633777596e-03	1.453288043464099656e-02	3.429052700570498131e-04	-4.611992352352376964e-03	3.710441052407562751e-03
-3.482479505500689831e-04	1.370946994628629081e-03	-1.184353141191579230e-03	-1.857178969563007048e-03	6.832844018286724809e-04	2.498771874199101455e-03	-5.000480268890685615e-04	-1.964477484766390721e-03	3.047930640161099821e-03	-9.869876421683843742e-04	1.658354815719406098e-04	1.146545546070248250e-02	-1.830702649242874980e-04	-5.532225509207315192e-03	1.205469981761382071e-03	5.403675556789398586e-04	-3.144664541814008295e-03	2.774387554006082991e-05	7.457178501176364314e-07	-4.567319951975333872e-03	6.299716074108379390e-05	-1.047819636585491966e-03	5.597324379719896027e-03	1.976607330628703902e-04	-1.208324450641142227e-03	4.845588302804768738e-03	-7.449419361645888242e-04	-3.791934621127716811e-03	-1.515065003333237450e-03	1.707952394266658161e-03	-2.225171994556072877e-05	-5.696889505076322899e-03	1.661829385031756562e-03	2.478115139427326265e-04	1.616068734403163410e-05	-2.346707609557255759e-03	4.832461886059844012e-04	6.094862111820659872e-03	-1.074143828047575272e-02	-2.370134192627758936e-04	2.071998248699065057e-03	-2.219839324522194200e-03	-1.135943507795348457e-03	2.038560090283676393e-03	2.752838207163863828e-03	-4.966260919948165074e-04	-5.476754062831659274e-04	3.544733576568161269e-03	-4.977799740950969616e-04	1.656845136022147211e-04	2.908634520148003447e-03	4.192147887197650107e-04	-5.082104050900350389e-03	-1.414274884666662929e-03	1.805366364836336794e-03	-2.613354605367975390e-03	-2.213671038932959242e-03	1.062294919329499331e-03	4.780632059058989190e-04	-1.163507072317464253e-02	3.429052700570498131e-04	8.384745754037576174e-03	-9.276675381223446759e-03	-7.340650631112353129e-04
4.355322462837450562e-04	1.438927413899839317e-03	1.302918057036943984e-04	1.790548771440224514e-03	-2.101650510747312111e-03	-1.798403058027510815e-03	4.848548492133407644e-04	-4.081852636766105519e-03	-7.873520230861834161e-04	3.689737459109387017e-03	-2.177283684526262406e-03	-1.132439303207401736e-02	6.691787862801817878e-04	8.029026737247469542e-03	-5.729570412876582551e-03	-1.566305873801260339e-03	3.702825896473067955e-03	-1.185729337790159509e-03	-2.956233624244986816e-04	1.109768582129702641e-02	1.841796602418423884e-03	-5.005558164723707126e-03	-2.405161058509275394e-03	3.330722718785935656e-03	6.150442290327448385e-04	-2.920272959464671574e-03	-2.110866816219915745e-04	2.622032153081808349e-03	7.937702152819950960e-04	-8.752772603826265273e-04	4.289215830654099408e-04	2.668326073976185365e-03	-4.563307788822296499e-03	-2.493648658994969272e-04	2.751878233460541834e-03	-2.000571568896328083e-03	-5.450703905269166372e-03	-4.304126311934410726e-03	1.474027896210773625e-02	-2.612918494461422859e-03	-6.738065369415481825e-04	1.923362924191120192e-03	2.164229907650808669e-04	-8.252617780892803831e-04	-2.039187089281835428e-03	6.861597624220113899e-05	-3.259441111922694169e-04	-2.613354605364818194e-03	1.942693372735194762e-05	-1.506930523256418521e-03	-1.312293703879758699e-03	-6.739921390301717007e-04	5.281067062009472610e-03	1.144600964705946378e-03	-1.223984825178765171e-03	4.069570898199429548e-03	-8.046327895974442895e-03	-2.516279604482555762e-03	6.141420988859339763e-03	3.848449242063691021e-03	-4.611992352352376964e-03	-9.276675381223446759e-03	2.183918871544294343e-02	-9.216541428724923154e-04
-1.514144606398610507e-04	3.845033661160256406e-04	-1.370041972169733886e-04	-1.453460093021699019e-03	2.124064933960978215e-04	1.058736243026109174e-04	-5.129336374857294909e-04	6.559535996615115539e-04	3.845033661193335414e-04	1.349146617605541647e-03	-1.495211024726459791e-03	-3.544913448786030704e-04	-1.689045648077785306e-04	1.345589394548174955e-04	-9.610225803407569656e-05	-2.637057688357383189e-03	-1.370041972183878658e-04	-1.495211024721116843e-03	2.937355884855477953e-03	2.612446009540873230e-04	-2.064582193317490190e-03	-1.343597921278328017e-04	7.604080397770713543e-04	-9.709283100190092960e-04	-1.453460093018485661e-03	-3.544913448830953537e-04	2.612446009509275784e-04	-3.299481353108068334e-03	5.645835032252227888e-04	3.240376922805756395e-04	-8.459467169750723651e-05	1.644394388634473105e-03	2.124064933966362092e-04	-1.689045648106251847e-04	-2.064582193317362688e-03	5.645835032230105827e-04	2.780495938392487862e-03	-8.108539505982409077e-04	-8.038203306275385970e-04	3.710441052409120533e-03	1.058736242966101565e-04	1.345589394587925873e-04	-1.343597921259337945e-04	3.240376922738626392e-04	-8.108539506012848053e-04	-1.939109136080509658e-04	9.214535737326576574e-04	-7.340650631150782675e-04	-5.129336374862715920e-04	-9.610225803368581746e-05	7.604080397748589314e-04	-8.459467169227587971e-05	-8.038203306245962892e-04	9.214535737253082845e-04	-9.588267052080642243e-04	-9.216541428729468129e-04	6.559535996570874669e-04	-2.637057688356398300e-03	-9.709283100199225195e-04	1.644394388628611474e-03	3.710441052407562751e-03	-7.340650631112353129e-04	-9.216541428724923154e-04	6.566478252576796876e-03
