2.103148150280101294e-03	-4.682859415636476670e-05	-8.144059629279199429e-04	2.219775636139129874e-03	1.018503054573121876e-03	1.064390911498750846e-04	-2.347321244652460920e-03	5.957749970720703937e-04	-4.682859415593751650e-05	-7.141490305819534964e-04	1.186823716953276956e-03	-4.001238445791693550e-04	-1.801858936729055583e-05	7.233678118674273863e-04	-4.891506880975735397e-04	-8.072811204128628113e-04	-8.144059629293435004e-04	1.186823716953554946e-03	-4.634908945556126455e-05	-4.832789977970246547e-04	-9.619219644295155455e-04	-3.972236110799224913e-04	1.229083001052875407e-03	5.009147453864974068e-06	2.219775636139439522e-03	-4.001238445786061120e-04	-4.832789977948209054e-04	3.769540040475852748e-03	4.918235160316151815e-04	-2.397556746738215873e-03	-3.489639511263247125e-06	9.894985370949051229e-04	1.018503054574219739e-03	-1.801858936800851112e-05	-9.619219644270019312e-04	4.918235160332277154e-04	1.538760979624305956e-04	1.796439326561732126e-04	-9.305778979460538076e-04	-1.165592024225077039e-03	1.064390911502239673e-04	7.233678118663435094e-04	-3.972236110820667721e-04	-2.397556746737232718e-03	1.796439326574640638e-04	2.398696225531297271e-03	-2.576200729869347096e-03	-1.376249781862914163e-04	-2.347321244652656944e-03	-4.891506880965150331e-04	1.229083001053097885e-03	-3.489639512771975434e-06	-9.305778979465473364e-04	-2.576200729867706915e-03	4.192889665384554737e-03	6.294326146344470982e-05	5.957749970753845829e-04	-8.072811204141276415e-04	5.009147453890517193e-06	9.894985370984903626e-04	-1.165592024223489117e-03	-1.376249781877849048e-04	6.294326146395797113e-05	-3.260848488935614870e-04
-4.682859415636476670e-05	6.679058113942254807e-03	-3.099448435010762528e-03	-2.623049969864310084e-03	8.381344408887197745e-04	3.806070985145490731e-03	-9.844378572687372334e-04	-6.948471500978125638e-03	3.167626242264481255e-03	-2.807802659079545148e-04	-1.993998697400026806e-04	7.052769762169128556e-03	-1.034230769676888978e-03	-6.073602081003154482e-04	-8.041599794629215045e-04	-1.883225964175838218e-03	-1.318787686075292799e-03	-2.779912990478790834e-03	4.555675162385710263e-04	2.603022740739863953e-04	2.030936497052495196e-03	-6.809489181810412378e-03	4.279624710216537592e-03	5.797810728413808901e-03	-7.167223990964240263e-04	9.582017676500574274e-03	-1.880434228642039601e-03	-2.303420760105246139e-03	-1.131784820293477503e-03	1.018290851304719897e-03	-1.933903897068361272e-04	-4.940725164704654407e-03	4.995216433778600518e-04	1.072387964984089330e-03	1.984735593590456360e-04	-2.021543769810498110e-03	-7.571063955099837164e-04	5.753386302172414785e-03	-8.774657504492192756e-03	-1.989601589656374205e-03	3.213962499765327975e-03	-5.735503621321512337e-04	-6.637450380615689607e-03	2.058116019904515561e-03	4.637661363330603838e-03	-6.657952914551335238e-04	7.233630004105956360e-05	2.006567132948750866e-03	-1.796515994804054502e-03	-2.666860790481729183e-03	6.366424267614311655e-03	3.019975580013885058e-04	-8.508187754449570914e-03	-1.917210708847031124e-03	2.599081832669928281e-03	-8.303649937930012814e-05	-5.298518260248071682e-03	-2.368083105629382947e-04	3.483907417883118363e-03	-5.234147494195155043e-03	2.371338525470667916e-04	2.904770383791391124e-03	-2.068588553233308234e-03	1.991271742953636299e-04
-8.144059629279199429e-04	-3.099448435010762528e-03	3.426469529934434571e-03	1.687252784642174455e-04	-3.006844533256568079e-03	-8.208790813998911124e-04	1.079622145957418160e-03	2.871589562033656642e-05	-1.318787686073300035e-03	1.371610631544600573e-03	-9.882360523868615344e-04	-4.573642792976270743e-03	6.698038997744665875e-04	1.943855335221452568e-03	-3.043196583918415321e-04	5.248393535709394882e-04	1.560084602162333444e-03	2.474992921599415132e-04	-4.479585252555381568e-04	1.446347056012411026e-03	2.989989917673000454e-05	-3.449787135955252430e-05	-1.586364695101955642e-03	-1.341066534406877390e-03	-5.140377684995796857e-04	-5.993477175564710865e-03	4.046456011741075484e-03	9.004603073175913592e-04	-1.118948400076819798e-03	1.027566376462348756e-04	3.271830633969425228e-04	1.406828696456721229e-03	-1.534344250904812320e-03	-4.247593146285131606e-04	9.519243013308283877e-04	2.573517231564831646e-04	-1.036619628694999181e-03	-2.230031876572886700e-03	5.034429827392019469e-03	8.889169148385385943e-04	-1.207638992878141710e-03	1.514669860929524024e-03	-7.999854013543593258e-05	-7.587680034855683302e-04	-1.337828346482646501e-03	-2.192793520403507135e-04	9.133032063447914803e-04	-1.728474581188548052e-03	1.736685965878911973e-03	1.054091997577430223e-03	-3.850325652861398551e-03	3.321778260978772938e-04	5.646890890818310506e-03	1.508972019370470857e-03	-3.014619942733963442e-03	1.284876973507151528e-03	1.882994270931541447e-05	-4.363007206772258296e-04	-7.634718777490602255e-05	2.075851127227062304e-03	-1.987868317601359223e-04	-2.495940084343140422e-03	2.358117222728443180e-03	4.619028538229349177e-04
2.219775636139129874e-03	-2.623049969864310084e-03	1.687252784642174455e-04	1.040013623036942919e-02	-2.301676146082158635e-04	-1.042168372357334984e-02	3.238890052544966119e-03	1.602834040668685029e-03	-7.167223990969427087e-04	-2.681775238264315353e-03	8.522355887629140883e-04	-4.191810274435857527e-03	1.008179107672219771e-03	2.573354626050525142e-03	-8.413345695637970646e-04	7.029399857230731255e-04	-5.140377685025962614e-04	5.781389974776416328e-03	-1.612813599723578791e-03	-1.310321433822169302e-03	-1.128332048870671464e-04	9.166260104237567222e-04	-1.011155432723011413e-03	-2.775016815094470159e-03	3.681942267730969887e-03	-5.850542224201437172e-03	1.297304688532094396e-03	1.429563446009164684e-02	4.889053948659569711e-04	-8.062657229815447038e-03	2.540586068382039674e-03	3.467462739180530301e-03	2.440527490474921914e-04	-1.480697883247725829e-03	1.591288563633441136e-04	1.194622998791346723e-03	-1.070165727852328630e-03	-1.696112182170442847e-03	4.012825158118271326e-03	2.700347802202233863e-04	-1.732046587499867004e-03	1.988307393742494694e-03	-1.666683351438768678e-03	-3.780782442896277271e-03	2.348470297564641347e-04	3.032309410496282324e-03	-4.227168201414731145e-03	-7.164439533710259891e-04	-2.550930213365120033e-04	-1.164962165596146188e-04	8.771121378945360546e-04	-2.939605621866201411e-03	2.286680914837468069e-03	3.593526214631225218e-03	-3.636272952724408335e-03	7.519864174784238534e-04	-6.662783842624976551e-04	9.709041477295302959e-04	4.819880164306965188e-04	1.566630804487252051e-03	-4.929932733489777313e-03	-1.532995485197508143e-03	3.464702360494349709e-03	-2.001498801222050938e-03
1.018503054573121876e-03	8.381344408887197745e-04	-3.006844533256568079e-03	-2.301676146082158635e-04	6.573742892971587773e-03	3.875204286442925083e-04	-2.947815967182199678e-03	7.070030785406019452e-03	4.995216433730724319e-04	-3.130963008886893020e-03	1.792866321338261503e-03	8.011003630256662011e-03	1.079098480270384024e-04	-5.584143540982740989e-03	1.847406732515342875e-03	1.158433722837810169e-03	-1.534344250901958700e-03	1.284769412923390201e-03	5.355101054870894418e-04	-4.451867232859592696e-03	-3.074444484493314353e-03	7.373277050943859504e-03	1.907387856179842706e-04	-2.428423284596196302e-03	2.440527490435403287e-04	8.557371069807355457e-03	-6.549049244563117517e-03	-3.036557933597645864e-03	2.852422141406049487e-03	5.259947096150695105e-04	-7.769783855420456633e-04	1.078017819784282384e-04	3.496785195561948230e-03	-1.795441643617804936e-04	-1.728025849029138881e-03	1.395508081837389027e-03	4.472465754765561803e-03	1.349455136252578882e-04	-7.107740709924639452e-03	7.833410225214535675e-04	3.289900121698105485e-04	-4.789304678408550994e-03	7.198904860706397540e-03	-5.266929186955907841e-04	9.908624080657657627e-05	1.292232449443346618e-03	-2.122202132858496890e-03	1.826392946103088267e-03	-1.859567246772547613e-03	1.244504059887166416e-03	1.249944137773464307e-03	2.178297458564708278e-04	-8.814830741042237183e-03	-2.716474416445398971e-03	6.623768089804468913e-03	-4.569650595148220390e-03	5.538052732116400395e-03	-2.196601597998030500e-05	-1.977657674229217448e-03	-3.577793114364126469e-04	1.245584369025422950e-03	2.268522542908360876e-03	-4.878152437828065652e-03	9.992365987653554658e-05
1.064390911498750846e-04	3.806070985145490731e-03	-8.208790813998911124e-04	-1.042168372357334984e-02	3.875204286442925083e-04	2.139951672603779970e-02	-1.097572106383670060e-02	-7.009443218495217329e-03	3.213962499769414984e-03	2.610279111411732775e-03	-9.000074179611534031e-04	6.641049832060003794e-03	1.432802241440537649e-05	-4.820301896562979816e-04	-1.104933977829357199e-03	-5.004284865107870876e-04	-1.207638992876679338e-03	-3.628388200200885136e-03	5.199315469638695481e-04	1.105059469095754678e-03	-9.018346411998189472e-05	-8.938827695220061959e-03	5.799351576377087016e-03	4.740442708886436624e-03	-1.732046587506669072e-03	7.205331761656445094e-03	-3.769894242817746358e-04	-1.364634545758758137e-02	-1.414256374644189606e-03	1.147763229930576917e-02	-4.397842189156851538e-03	-5.623690993246905495e-03	3.289900121646682860e-04	-1.316360639506517654e-04	3.073143221396579423e-03	-1.418293196637000243e-03	-2.690973711660230028e-03	5.172913517982736034e-03	-8.058711714054282368e-03	-3.128402310800361755e-03	2.921264551136708992e-03	3.941148494854602611e-04	-5.450350955321829963e-03	9.454692600843412134e-04	4.168222316976727924e-03	1.099501185323017473e-04	-1.466399781312971527e-03	1.450194047251190076e-03	-2.083818420351576765e-03	-8.015617217260679120e-04	2.203214301966344938e-03	4.336703894321653971e-03	-6.802310139510314539e-03	-1.181633503665578851e-02	1.551592186325184350e-02	-6.403255609482261484e-05	-4.400800960966731387e-03	-4.363676110073624187e-03	5.734493140432573785e-03	-3.153142320946937267e-03	-7.513578882624232739e-05	1.539043379184780718e-03	-1.194353677344201121e-03	6.310457595800548873e-04
-2.347321244652460920e-03	-9.844378572687372334e-04	1.079622145957418160e-03	3.238890052544966119e-03	-2.947815967182199678e-03	-1.097572106383670060e-02	1.102883151464893914e-02	-9.738349123573318555e-04	-1.796515994808346858e-03	-1.595160161054581327e-03	1.007024513450814228e-03	-4.418796685095222748e-03	-1.445002552817041194e-03	1.383113464331272701e-03	5.936992693273133222e-04	4.333371369207196099e-04	1.736685965879938495e-03	6.494070773819312237e-04	-1.415677441886934763e-03	1.716849314972449924e-03	4.453206874825589058e-03	4.635014492697883161e-04	-3.912533871610797583e-03	-1.423698883782121855e-04	-2.550930213331295635e-04	-3.764847625229425076e-03	8.206848263178245133e-04	3.359323992219473247e-03	-3.959176885802042191e-04	-3.748817497935780924e-03	3.077886890553890344e-03	9.943608728764589521e-04	-1.859567246770854306e-03	1.113854582590175380e-03	-5.069635357102087554e-04	-9.867208551256902681e-04	-9.084811929781828497e-04	-5.766710462261448282e-04	5.333320512311615774e-03	7.278451616690549556e-04	-2.083818420352486628e-03	1.628873648913476476e-04	1.621829390590204581e-04	4.326405675771746034e-03	-1.583330031155549692e-03	-3.268110609058929444e-03	4.343806599615840022e-03	-9.667459408063388410e-04	4.107636962789123179e-03	-2.193920129253218399e-04	-1.359938781285681538e-03	-2.622629161531938452e-03	5.768835419187960320e-03	8.658350095989598635e-03	-1.593860526803043964e-02	2.732104592437031680e-03	-8.226821886772670966e-04	5.825057479614714935e-03	-3.696603911832253495e-03	-8.521484312433401376e-04	6.895849560259162316e-04	-2.738083792001565773e-04	1.631748796064692820e-03	-1.387729271985802242e-03
5.957749970720703937e-04	-6.948471500978125638e-03	2.871589562033656642e-05	1.602834040668685029e-03	7.070030785406019452e-03	-7.009443218495217329e-03	-9.738349123573318555e-04	2.571704067260556850e-02	-5.298518260250082226e-03	-4.414027492631398403e-03	2.211538477953403289e-03	2.520040432104169153e-03	1.336539397158218942e-03	-9.901670638275916064e-03	4.953758055600816432e-03	4.187564997687151166e-03	1.882994271555705795e-05	4.568038694114807258e-03	1.247241721511617874e-03	-8.535942886119819370e-03	-7.330147924517664212e-03	2.832502152146256294e-02	-8.810316673226882556e-03	-1.410487568726278076e-02	-6.662783842748406463e-04	1.066456967668832564e-03	-7.808028040765741321e-03	-4.877151858118397229e-03	5.804409067638380097e-03	-1.265660425983441712e-03	2.504816457876848186e-04	1.015026658141318996e-02	5.538052732109869161e-03	-7.607113110000760219e-04	-5.221957084002819618e-03	5.272951800187621572e-03	9.779069739140552192e-03	-1.036896938979980747e-02	3.027711880477360930e-03	6.244995270578506362e-03	-4.400800960948554955e-03	-9.566051727399148621e-03	2.731554081241846510e-02	-1.589661968113355132e-03	-9.829928842462205829e-03	1.443058496664525797e-03	-1.850145672256124554e-03	-1.620692754877979210e-04	-8.226821886829476654e-04	5.733577895892410722e-03	-8.228275297320333456e-03	-5.065413155889444095e-04	1.359237557023002712e-03	6.818078507021762234e-04	5.916800587164375118e-03	-9.736294234414868964e-03	2.148022442795646109e-02	2.253537158166989390e-03	-1.096233709278341892e-02	7.875797558849602364e-03	3.752576584879501690e-03	-4.369653661814907166e-04	-6.526467564777347491e-03	5.622891339871385463e-04
-4.682859415593751650e-05	3.167626242264481255e-03	-1.318787686073300035e-03	-7.167223990969427087e-04	4.995216433730724319e-04	3.213962499769414984e-03	-1.796515994808346858e-03	-5.298518260250082226e-03	6.679058113934415591e-03	-2.807802659059395250e-04	-2.779912990475550370e-03	9.582017676484009400e-03	1.072387964981949982e-03	-5.735503621233817729e-04	-2.666860790482841140e-03	-2.368083105643256398e-04	-3.099448435009002651e-03	-1.993998697392447420e-04	4.555675162355749962e-04	-1.880434228633637468e-03	1.984735593608703483e-04	-6.637450380627853488e-03	6.366424267621085750e-03	3.483907417880257804e-03	-2.623049969868014586e-03	7.052769762175285090e-03	2.603022740642232089e-04	-2.303420760110300690e-03	-2.021543769806526895e-03	2.058116019906567305e-03	3.019975580013911079e-04	-5.234147494192454078e-03	8.381344408908809147e-04	-1.034230769677018432e-03	2.030936497054705667e-03	-1.131784820297623926e-03	-7.571063955125784291e-04	4.637661363338194120e-03	-8.508187754458751070e-03	2.371338525456159936e-04	3.806070985149208677e-03	-6.073602081082379303e-04	-6.809489181784248411e-03	1.018290851306440309e-03	5.753386302159311551e-03	-6.657952914548667016e-04	-1.917210708849365845e-03	2.904770383786868700e-03	-9.844378572701336857e-04	-8.041599794597216987e-04	4.279624710202702305e-03	-1.933903897056783619e-04	-8.774657504474240102e-03	7.233630003678685836e-05	2.599081832678444906e-03	-2.068588553226690264e-03	-6.948471500971477310e-03	-1.883225964175131318e-03	5.797810728413423792e-03	-4.940725164707636397e-03	-1.989601589656163436e-03	2.006567132953000071e-03	-8.303649938576552385e-05	1.991271742949375656e-04
-7.141490305819534964e-04	-2.807802659079545148e-04	1.371610631544600573e-03	-2.681775238264315353e-03	-3.130963008886893020e-03	2.610279111411732775e-03	-1.595160161054581327e-03	-4.414027492631398403e-03	-2.807802659059395250e-04	1.814048221721641790e-02	-9.263300858053328396e-03	-9.547568317842279606e-03	2.904368538237700774e-04	5.109363171978653986e-03	-1.326935987526003686e-03	-8.965516910096848341e-03	1.371610631539595246e-03	-9.263300858064447973e-03	3.087656377022130784e-03	5.320765414048257355e-03	1.869051252084472916e-03	-5.562921077593898506e-03	-2.876542588096820535e-04	1.169007256162694561e-02	-2.681775238262159959e-03	-9.547568317867436566e-03	5.320765414068073101e-03	-2.906502938062183313e-04	-5.982466844486703525e-04	-2.730422400594153046e-05	-1.117527949884713036e-04	2.025380231868823423e-03	-3.130963008881588669e-03	2.904368538362033826e-04	1.869051252067507104e-03	-5.982466844447311208e-04	-4.087517496193969306e-03	-1.857290531960793713e-03	6.693029615146113380e-03	-1.498676445307498559e-03	2.610279111412602306e-03	5.109363171990007751e-03	-5.562921077610374909e-03	-2.730422400355006507e-05	-1.857290531958719418e-03	-8.183306818524800023e-04	1.449421714479168103e-03	-2.208979674514824874e-03	-1.595160161050803967e-03	-1.326935987529513899e-03	-2.876542588035854763e-04	-1.117527949861480752e-04	6.693029615143060267e-03	1.449421714476706747e-03	4.436826526811567999e-05	3.223688283040235941e-03	-4.414027492621878240e-03	-8.965516910080949600e-03	1.169007256158373018e-02	2.025380231862658215e-03	-1.498676445284271479e-03	-2.208979674510604726e-03	3.223688283033687360e-03	3.754345696505690874e-03
1.186823716953276956e-03	-1.993998697400026806e-04	-9.882360523868615344e-04	8.522355887629140883e-04	1.792866321338261503e-03	-9.000074179611534031e-04	1.007024513450814228e-03	2.211538477953403289e-03	-2.779912990475550370e-03	-9.263300858053328396e-03	1.129308719853859208e-02	-3.214128929810076388e-04	-3.696816217540271725e-03	-7.975701578266956642e-04	1.176524637041431731e-03	1.842775162802837239e-03	2.474992921622149768e-04	2.511947119714535645e-03	-2.958504576931771275e-03	-6.981930330821736665e-04	1.677521135761367386e-03	1.795498343495629048e-03	-3.997203678210022276e-05	-9.078791421858623673e-04	5.781389974769285747e-03	1.924700755636106096e-03	-4.227358132666048790e-03	2.262781968898171063e-03	1.890532710925923489e-03	-1.493265612717952677e-03	-1.250458834269575596e-03	8.318162619470732778e-04	1.284769412920153423e-03	2.595729380929525949e-03	-3.516598998186661919e-03	5.692333292294764072e-04	1.733563111576136816e-03	1.025032333764992146e-03	-1.293226991867500427e-03	-4.749968010825098008e-03	-3.628388200197315509e-03	-1.312599839842233749e-03	4.831703840876676141e-03	-7.049537230501782409e-04	-1.887371601226652332e-03	1.970923961409846558e-03	8.601743472838958762e-04	-8.955581410508825285e-04	6.494070773752592604e-04	8.049876099324815380e-05	-8.413031569862972851e-04	1.298270352083041347e-03	4.550696705776585086e-04	-5.342356621932059166e-03	1.400962229005779137e-04	1.859183644900945943e-03	4.568038694108197094e-03	7.231455350279086466e-03	-1.379887067798949221e-02	2.037997449609000363e-03	4.152309263129358441e-03	2.328028984761013238e-04	-1.678401425173569250e-03	-2.750698019416492925e-03
-4.001238445791693550e-04	7.052769762169128556e-03	-4.573642792976270743e-03	-4.191810274435857527e-03	8.011003630256662011e-03	6.641049832060003794e-03	-4.418796685095222748e-03	2.520040432104169153e-03	9.582017676484009400e-03	-9.547568317842279606e-03	-3.214128929810076388e-04	3.799255704293324348e-02	8.397861332657488315e-04	-1.566357528042202490e-02	2.290131279656291118e-03	3.126335685581682622e-03	-5.993477175554002417e-03	1.924700755628035512e-03	-9.948167226708656786e-06	-1.346814696843678071e-02	-6.413390800577381014e-04	5.563414436645540938e-03	7.014505823778774234e-03	2.604984776328114499e-03	-5.850542224211652091e-03	3.268219027953553346e-02	-1.001400228990593534e-02	-1.493501048869073575e-02	-9.872110544075791277e-04	6.669407833417267950e-03	3.070130851720819214e-04	-1.177130343240513632e-02	8.557371069799601243e-03	-1.031275423846456313e-03	6.938715991796015354e-04	-5.287167275862208029e-04	6.227364928242854966e-03	1.013927198255080812e-02	-3.066898641617918017e-02	2.246919624295167645e-03	7.205331761664997281e-03	-1.373609625845084552e-02	3.966561852270460327e-03	5.905087761005628141e-03	1.052772069723715426e-02	-1.033452612694091234e-03	-5.953429108055945801e-03	9.217716847690418658e-03	-3.764847625230135445e-03	2.675959169260535599e-03	6.880390478044649122e-03	-1.419226482121264455e-04	-3.093926860370184440e-02	-4.107598122579476582e-03	1.577475819571288324e-02	-1.397974216502583834e-02	1.066456967678146512e-03	1.879572000343843804e-03	4.046680902562285742e-03	-1.444194465956705024e-02	2.594545834922889907e-04	9.971955735636420931e-03	-1.320180726705854485e-02	-4.051598180024374753e-04
-1.801858936729055583e-05	-1.034230769676888978e-03	6.698038997744665875e-04	1.008179107672219771e-03	1.079098480270384024e-04	1.432802241440537649e-05	-1.445002552817041194e-03	1.336539397158218942e-03	1.072387964981949982e-03	2.904368538237700774e-04	-3.696816217540271725e-03	8.397861332657488315e-04	3.532910539645463515e-03	-4.917991513002646468e-04	-9.283483550170858883e-04	3.413706390865351228e-03	-4.247593146289621287e-04	2.595729380935517250e-03	4.739736662681077800e-04	-1.264949617949443807e-03	-3.785167920641076267e-03	1.558756457332628699e-03	2.141994423851739172e-04	-5.790295290421722252e-03	-1.480697883242260149e-03	-1.031275423845476411e-03	1.613461594881201652e-03	7.710881240461094446e-05	-9.929889926911311063e-04	1.425576779263424635e-03	6.794055522326734940e-05	3.185827912268329200e-05	-1.795441643605344471e-04	-2.469676217858761055e-03	2.460542480035500523e-03	2.333883673355195687e-04	4.509013133830450169e-04	-1.431727428510955495e-03	9.155440387573392583e-04	3.402939347244169840e-03	-1.316360639543945397e-04	6.339982760698692054e-04	-7.822725436676128625e-04	-2.000823381428691247e-03	1.241280944196948913e-03	-3.287156832287614012e-06	-1.382298282612852728e-03	4.203938638261233958e-04	1.113854582592583176e-03	2.108851928561060419e-04	-3.324266532338577174e-04	2.262966675348139002e-04	-6.650027913654840347e-04	1.739829449186593765e-03	1.199495936296298272e-04	-1.588261454986275968e-03	-7.607113109979561898e-04	-3.202519631529600341e-03	5.178327464491593556e-03	-9.526269060577562033e-05	-3.092328737035456195e-03	-6.369441087502533422e-04	1.522620505090366153e-03	2.369179996112889884e-04
7.233678118674273863e-04	-6.073602081003154482e-04	1.943855335221452568e-03	2.573354626050525142e-03	-5.584143540982740989e-03	-4.820301896562979816e-04	1.383113464331272701e-03	-9.901670638275916064e-03	-5.735503621233817729e-04	5.109363171978653986e-03	-7.975701578266956642e-04	-1.566357528042202490e-02	-4.917991513002646468e-04	1.329739190608917807e-02	-5.141928202250159799e-03	-4.364179409828024096e-03	1.514669860921567931e-03	-1.312599839836394236e-03	-2.743671478749747680e-04	7.502182537067953946e-03	2.220310529595865938e-03	-1.495744528214483504e-02	2.408154588105082018e-03	4.718106848243541068e-03	1.988307393745243363e-03	-1.373609625844150403e-02	7.633137243478462994e-03	8.450623887540684165e-03	-2.109494588093458432e-03	-4.292585891522099871e-03	9.226631916936754718e-04	1.768153361900946883e-03	-4.789304678402349358e-03	6.339982760681593102e-04	5.110328579514001593e-04	-1.526483720832185094e-03	-5.603861737474333249e-03	3.838881861006491949e-05	1.050859663312914832e-02	-3.103574096811103408e-03	3.941148494869049605e-04	9.379793794580391919e-03	-1.303135668049541090e-02	-2.387841812919244862e-03	3.019755812397094744e-04	1.385843753147275766e-03	5.075455996423396685e-04	-3.647972849086325315e-03	1.628873648897377429e-04	-3.427691424196863904e-03	1.424527708700448238e-03	-3.241312620983637007e-04	1.018245703581186976e-02	1.139951548991824598e-03	-6.954250690556045868e-03	8.133520675712364520e-03	-9.566051727412719363e-03	-2.045711202408371718e-03	2.552619586536834621e-03	2.988215385682535183e-03	-2.754401615834874487e-03	-5.615937943827748260e-03	1.050206255782053927e-02	2.695602343686593141e-04
-4.891506880975735397e-04	-8.041599794629215045e-04	-3.043196583918415321e-04	-8.413345695637970646e-04	1.847406732515342875e-03	-1.104933977829357199e-03	5.936992693273133222e-04	4.953758055600816432e-03	-2.666860790482841140e-03	-1.326935987526003686e-03	1.176524637041431731e-03	2.290131279656291118e-03	-9.283483550170858883e-04	-5.141928202250159799e-03	4.589333399784871134e-03	6.342745732221247070e-04	1.054091997580294468e-03	8.049876098855437154e-05	-1.381685889233162374e-04	-1.865348303060049458e-03	3.673153842838713283e-05	7.450541065513271652e-03	-4.619882075751128095e-03	-1.946943872486833673e-03	-1.164962165597078331e-04	2.675959169260949330e-03	-3.050429766126119477e-03	-2.279558319607626060e-03	2.299504804844953662e-03	3.642929046775140556e-04	-4.642587549975644122e-04	1.353965438945892597e-03	1.244504059884539611e-03	2.108851928578298421e-04	-1.189330832711408452e-03	1.442047016347385805e-03	2.147226355673285438e-03	-1.327337919488852293e-03	-8.665928934914637720e-04	1.226455943436721534e-03	-8.015617217283573133e-04	-3.427691424199243511e-03	6.470762421138340909e-03	1.320094565531077435e-03	-2.363316882488894315e-03	-4.158091000420042517e-04	8.097015094744876816e-04	3.110534975069659540e-04	-2.193920129240193879e-04	2.245051025691652442e-03	-1.964270480858191538e-03	-5.496618428317149099e-04	-5.257764758488971124e-04	1.396883693156316872e-04	1.242383667593785490e-03	-2.357710834774921771e-03	5.733577895897378970e-03	1.571207103105876079e-03	-3.140313825513095427e-03	4.563661961065757899e-04	2.301741906060099721e-03	1.963906422669713103e-03	-5.376306003375424039e-03	4.205405106350019019e-04
-8.072811204128628113e-04	-1.883225964175838218e-03	5.248393535709394882e-04	7.029399857230731255e-04	1.158433722837810169e-03	-5.004284865107870876e-04	4.333371369207196099e-04	4.187564997687151166e-03	-2.368083105643256398e-04	-8.965516910096848341e-03	1.842775162802837239e-03	3.126335685581682622e-03	3.413706390865351228e-03	-4.364179409828024096e-03	6.342745732221247070e-04	1.257673502339273428e-02	-4.363007206776145161e-04	7.231455350288977860e-03	-1.831599598473046238e-03	-3.805854145232697404e-03	-4.813959929486456152e-03	6.944258289120871369e-03	-1.473788714267860317e-03	-1.595909083124145283e-02	9.709041477354758438e-04	1.879572000353756447e-03	-1.527399716146607975e-03	-1.420330267573482715e-03	-5.390799483627167332e-04	5.736989267137669254e-03	-1.726840387932279284e-03	-1.422982155733094108e-03	-2.196601597861255685e-05	-3.202519631532098777e-03	4.237328433672068149e-03	6.083523019342349306e-04	2.243559448484499542e-03	-1.853303880434781226e-03	8.813679156361957498e-04	4.315043273957356977e-03	-4.363676110078405085e-03	-2.045711202412054102e-03	4.777359837739249618e-03	-1.465715148043439517e-03	7.309287345612159367e-04	-1.780600706188113867e-03	1.245847060988807334e-03	1.452669170027385583e-03	5.825057479612478009e-03	1.571207103106082295e-03	-3.475056709025700370e-03	1.744901457170146882e-03	-2.895216308244983184e-04	1.003423909878006087e-03	-3.065730297549283841e-03	-1.980168885026336537e-03	2.253537158165530921e-03	2.042805128861173436e-03	-1.274545417219822901e-03	-1.019991225976091449e-04	-1.143969963515427271e-03	5.514113393820438674e-04	4.675764976861026536e-04	-3.418199955297612953e-03
-8.144059629293435004e-04	-1.318787686075292799e-03	1.560084602162333444e-03	-5.140377685025962614e-04	-1.534344250901958700e-03	-1.207638992876679338e-03	1.736685965879938495e-03	1.882994271555705795e-05	-3.099448435009002651e-03	1.371610631539595246e-03	2.474992921622149768e-04	-5.993477175554002417e-03	-4.247593146289621287e-04	1.514669860921567931e-03	1.054091997580294468e-03	-4.363007206776145161e-04	3.426469529934248956e-03	-9.882360523868205515e-04	-4.479585252547469603e-04	4.046456011734646599e-03	9.519243013309496015e-04	-7.999854012532653337e-05	-3.850325652865710640e-03	-7.634718777318290003e-05	1.687252784651673693e-04	-4.573642792978355881e-03	1.446347056015989110e-03	9.004603073161354925e-04	2.573517231553579254e-04	-7.587680034830034332e-04	3.321778260964825761e-04	2.075851127226226601e-03	-3.006844533255513367e-03	6.698038997757692565e-04	2.989989917331472026e-05	-1.118948400073579985e-03	-1.036619628693205043e-03	-1.337828346487331989e-03	5.646890890821125095e-03	-1.987868317589229169e-04	-8.208790814046296180e-04	1.943855335220452500e-03	-3.449787136127191987e-05	1.027566376442413259e-04	-2.230031876570945978e-03	-2.192793520409345564e-04	1.508972019372866943e-03	-2.495940084340057818e-03	1.079622145960206945e-03	-3.043196583907103298e-04	-1.586364695100995689e-03	3.271830633984199109e-04	5.034429827387908174e-03	9.133032063463092549e-04	-3.014619942737784171e-03	2.358117222722586320e-03	2.871589562225613959e-05	5.248393535748729737e-04	-1.341066534414011441e-03	1.406828696458640917e-03	8.889169148396766813e-04	-1.728474581190400086e-03	1.284876973508896009e-03	4.619028538237299631e-04
1.186823716953554946e-03	-2.779912990478790834e-03	2.474992921599415132e-04	5.781389974776416328e-03	1.284769412923390201e-03	-3.628388200200885136e-03	6.494070773819312237e-04	4.568038694114807258e-03	-1.993998697392447420e-04	-9.263300858064447973e-03	2.511947119714535645e-03	1.924700755628035512e-03	2.595729380935517250e-03	-1.312599839836394236e-03	8.049876098855437154e-05	7.231455350288977860e-03	-9.882360523868205515e-04	1.129308719855805741e-02	-2.958504576939243597e-03	-4.227358132661241004e-03	-3.516598998192481482e-03	4.831703840871047831e-03	-8.413031569818683192e-04	-1.379887067801179208e-02	8.522355887632311090e-04	-3.214128929782985428e-04	-6.981930330875837270e-04	2.262781968906349417e-03	5.692333292305248307e-04	-7.049537230510849592e-04	1.298270352083934296e-03	2.037997449606956425e-03	1.792866321338604978e-03	-3.696816217550883028e-03	1.677521135773794077e-03	1.890532710927695075e-03	1.733563111572573260e-03	-1.887371601229225360e-03	4.550696705793008581e-04	4.152309263140169238e-03	-9.000074179625380377e-04	-7.975701578265256613e-04	1.795498343494302419e-03	-1.493265612717207397e-03	1.025032333767641503e-03	1.970923961407050184e-03	-5.342356621929337385e-03	2.328028984782228906e-04	1.007024513449989150e-03	1.176524637042038451e-03	-3.997203678063125079e-05	-1.250458834276655220e-03	-1.293226991864907666e-03	8.601743472967613444e-04	1.400962228835407608e-04	-1.678401425176759190e-03	2.211538477950181908e-03	1.842775162798335632e-03	-9.078791421677319048e-04	8.318162619517659217e-04	-4.749968010840243011e-03	-8.955581410562186463e-04	1.859183644909018045e-03	-2.750698019418349946e-03
-4.634908945556126455e-05	4.555675162385710263e-04	-4.479585252555381568e-04	-1.612813599723578791e-03	5.355101054870894418e-04	5.199315469638695481e-04	-1.415677441886934763e-03	1.247241721511617874e-03	4.555675162355749962e-04	3.087656377022130784e-03	-2.958504576931771275e-03	-9.948167226708656786e-06	4.739736662681077800e-04	-2.743671478749747680e-04	-1.381685889233162374e-04	-1.831599598473046238e-03	-4.479585252547469603e-04	-2.958504576939243597e-03	3.681317649736246499e-03	2.757740688280513916e-04	-3.353211397335778034e-03	1.186775279258982631e-03	2.477449665440051426e-04	-7.599596251465501329e-04	-1.612813599717128222e-03	-9.948167224160876549e-06	2.757740688267508369e-04	-7.313659710215887535e-04	2.437590851444651767e-05	-1.039180529655625790e-03	2.732643643828172321e-05	3.458561916520432652e-04	5.355101054860943611e-04	4.739736662731938266e-04	-3.353211397338932628e-03	2.437590851366663750e-05	3.965672019989348665e-03	-8.858310172088011258e-04	-3.686002458763434431e-04	2.597121780553110406e-03	5.199315469573376636e-04	-2.743671478762934831e-04	1.186775279259467703e-03	-1.039180529657499508e-03	-8.858310172090559133e-04	-2.192922849838787810e-04	1.293836495763556107e-03	4.904524873087045102e-04	-1.415677441882601424e-03	-1.381685889237708705e-04	2.477449665444924915e-04	2.732643644261754934e-05	-3.686002458791512015e-04	1.293836495757273372e-03	3.855142150044089120e-04	-1.628099594721874651e-03	1.247241721513582449e-03	-1.831599598472885776e-03	-7.599596251513701705e-04	3.458561916526177839e-04	2.597121780561129599e-03	4.904524873080955139e-04	-1.628099594721848196e-03	2.245140731149861645e-03
-4.832789977970246547e-04	2.603022740739863953e-04	1.446347056012411026e-03	-1.310321433822169302e-03	-4.451867232859592696e-03	1.105059469095754678e-03	1.716849314972449924e-03	-8.535942886119819370e-03	-1.880434228633637468e-03	5.320765414048257355e-03	-6.981930330821736665e-04	-1.346814696843678071e-02	-1.264949617949443807e-03	7.502182537067953946e-03	-1.865348303060049458e-03	-3.805854145232697404e-03	4.046456011734646599e-03	-4.227358132661241004e-03	2.757740688280513916e-04	1.302904814887792181e-02	2.397168457363693227e-03	-1.434677491599927954e-02	1.078807845836426494e-03	4.951350105762315768e-03	1.297304688536099655e-03	-1.001400228988415762e-02	5.769590094249574946e-03	4.320919244347107106e-03	-1.664682638168074168e-03	-1.795147152460598592e-03	-2.100339497369002216e-04	6.502999996923215613e-04	-6.549049244552794177e-03	1.613461594883708761e-03	2.527717381832103550e-04	-4.594514799768521437e-03	-4.046565246057176601e-03	2.290454638955292249e-03	7.453617832450805392e-03	-2.663782284039667176e-03	-3.769894242906886750e-04	7.633137243471094756e-03	-1.083930263948324271e-02	-7.844350678335278507e-04	-1.734685574665560713e-04	-4.827597358962470737e-04	4.057563728838668379e-03	-3.239665119362913730e-03	8.206848263247080045e-04	-3.050429766123919847e-03	1.341323446659796123e-03	6.027709972838642995e-04	8.158401068951118273e-03	1.091688301062671267e-03	-7.657682205684450231e-03	6.841664969718925723e-03	-7.808028040771477184e-03	-1.527399716135333357e-03	1.778079950992221721e-03	4.059411757665777739e-04	4.673009201684203838e-04	-1.834017421229546755e-03	4.308939820712020391e-03	9.485099970054373508e-04
-9.619219644295155455e-04	2.030936497052495196e-03	2.989989917673000454e-05	-1.128332048870671464e-04	-3.074444484493314353e-03	-9.018346411998189472e-05	4.453206874825589058e-03	-7.330147924517664212e-03	1.984735593608703483e-04	1.869051252084472916e-03	1.677521135761367386e-03	-6.413390800577381014e-04	-3.785167920641076267e-03	2.220310529595865938e-03	3.673153842838713283e-05	-4.813959929486456152e-03	9.519243013309496015e-04	-3.516598998192481482e-03	-3.353211397335778034e-03	2.397168457363693227e-03	1.207795598735239041e-02	-6.901929934745976158e-03	-7.511710937788645785e-04	1.549113913456696620e-02	1.591288563500703078e-04	6.938715991714461667e-04	2.527717381911166825e-04	-1.060979838236540814e-03	-9.632550402470750877e-04	3.936863318831267458e-04	1.207452723917580529e-03	-2.302456439623686013e-03	-1.728025849028775457e-03	2.460542480035955021e-03	3.457724190668384420e-03	-1.896822804508236987e-03	-1.076076458181352002e-02	4.042048311462759572e-03	3.620434337900682001e-04	-8.149695711360668490e-03	3.073143221411400033e-03	5.110328579519222026e-04	-5.040661144023702786e-03	6.855021364239871975e-03	1.588853100641524942e-03	-1.783428129829733215e-03	-3.738956341900006013e-04	-2.458671754378165459e-04	-5.069635357163917435e-04	-1.189330832711495405e-03	1.206131347032424108e-03	-1.575980864981858538e-03	1.615025354293080301e-03	-7.702686329370967821e-04	-6.747195853255031836e-04	4.479173818711171262e-03	-5.221957084001955726e-03	4.237328433675463871e-03	2.545538468902388239e-03	-3.218867395439380281e-03	-2.829943852300105187e-03	7.710043460751066615e-04	1.681283904917284114e-03	-2.732388841416701596e-03
-3.972236110799224913e-04	-6.809489181810412378e-03	-3.449787135955252430e-05	9.166260104237567222e-04	7.373277050943859504e-03	-8.938827695220061959e-03	4.635014492697883161e-04	2.832502152146256294e-02	-6.637450380627853488e-03	-5.562921077593898506e-03	1.795498343495629048e-03	5.563414436645540938e-03	1.558756457332628699e-03	-1.495744528214483504e-02	7.450541065513271652e-03	6.944258289120871369e-03	-7.999854012532653337e-05	4.831703840871047831e-03	1.186775279258982631e-03	-1.434677491599927954e-02	-6.901929934745976158e-03	4.174331088852123450e-02	-1.449448785759942238e-02	-1.756520033382256291e-02	-1.666683351439001998e-03	3.966561852217677896e-03	-1.083930263947152292e-02	-7.101747325591803786e-03	6.488678872738682865e-03	2.271606139620741200e-04	6.267784760161081853e-04	9.366129891455066830e-03	7.198904860693761815e-03	-7.822725436669292730e-04	-5.040661144027318817e-03	7.622892874615542352e-03	1.113582229871373092e-02	-1.491987893999082576e-02	4.790969033481556894e-03	8.330219772838775433e-03	-5.450350955323503971e-03	-1.303135668047628037e-02	3.615830860024928095e-02	3.964662057732639289e-04	-1.255058378669132724e-02	-2.508000305824392749e-04	-1.447186282420037488e-03	3.920630095806209138e-05	1.621829390511702652e-04	6.470762421132039525e-03	-1.115669289287367708e-02	-7.451049445481937967e-04	2.865751733160451335e-03	1.922375685941491146e-03	7.650093989202874298e-03	-9.416246273488209154e-03	2.731554081244737947e-02	4.777359837733391457e-03	-1.360094395804617440e-02	9.275409544228226805e-03	5.388631175185323342e-03	-3.431449927755096749e-04	-8.514701266700650667e-03	1.645736359602272133e-04
1.229083001052875407e-03	4.279624710216537592e-03	-1.586364695101955642e-03	-1.011155432723011413e-03	1.907387856179842706e-04	5.799351576377087016e-03	-3.912533871610797583e-03	-8.810316673226882556e-03	6.366424267621085750e-03	-2.876542588096820535e-04	-3.997203678210022276e-05	7.014505823778774234e-03	2.141994423851739172e-04	2.408154588105082018e-03	-4.619882075751128095e-03	-1.473788714267860317e-03	-3.850325652865710640e-03	-8.413031569818683192e-04	2.477449665440051426e-04	1.078807845836426494e-03	-7.511710937788645785e-04	-1.449448785759942238e-02	1.313092649575963930e-02	5.071248889270467582e-03	8.771121378949663745e-04	6.880390478063568016e-03	1.341323446653630048e-03	8.626317107747640120e-04	-2.804085599688568332e-03	1.051648208350396260e-03	-1.189917283306777531e-03	-6.463428663674452429e-03	1.249944137776069428e-03	-3.324266532345821271e-04	1.206131347034746035e-03	-1.819711359853834996e-03	-2.618041690645247794e-04	6.968614866401112024e-03	-1.254118127258461481e-02	-2.404262277680761957e-03	2.203214301970082400e-03	1.424527708701835149e-03	-1.115669289288736404e-02	-2.110220276854375254e-03	7.332853069128904278e-03	1.367639856193779858e-03	-1.137558173669064258e-03	2.659660385493057937e-03	-1.359938781282502007e-03	-1.964270480860099734e-03	6.049464195006511863e-03	1.449361088103011570e-03	-9.871418464793956654e-03	-3.908140187377769602e-03	3.118731621573340128e-03	-5.153768291594111681e-04	-8.228275297343360176e-03	-3.475056709023646023e-03	6.291345478398473016e-03	-4.478617031769099345e-03	-1.652889754344374993e-03	1.888781727322851219e-03	-4.590917565393781404e-04	1.865309894681350760e-04
5.009147453864974068e-06	5.797810728413808901e-03	-1.341066534406877390e-03	-2.775016815094470159e-03	-2.428423284596196302e-03	4.740442708886436624e-03	-1.423698883782121855e-04	-1.410487568726278076e-02	3.483907417880257804e-03	1.169007256162694561e-02	-9.078791421858623673e-04	2.604984776328114499e-03	-5.790295290421722252e-03	4.718106848243541068e-03	-1.946943872486833673e-03	-1.595909083124145283e-02	-7.634718777318290003e-05	-1.379887067801179208e-02	-7.599596251465501329e-04	4.951350105762315768e-03	1.549113913456696620e-02	-1.756520033382256291e-02	5.071248889270467582e-03	3.887924928983554906e-02	4.819880164156011720e-04	4.046680902557212543e-03	1.778079951003029265e-03	4.415900886142086414e-04	-2.268452498153736806e-03	-1.155727835428668358e-03	1.210316350227679449e-04	-6.174518194148015740e-03	-1.977657674229227856e-03	5.178327464494670955e-03	2.545538468908409464e-03	-3.552992244628384866e-03	-1.457977121980013994e-02	9.057302895936864343e-03	-6.053242650283480186e-03	-1.633828780803957270e-02	5.734493140453971599e-03	2.552619586534195240e-03	-1.360094395803730996e-02	4.473238867589936565e-03	5.326467076755662250e-03	6.065506194491268111e-05	-3.047745557595681466e-04	9.155538676402596001e-04	-3.696603911838144615e-03	-3.140313825509697971e-03	6.291345478391094370e-03	-1.655929346759001499e-04	-5.099706570529341509e-03	-4.660506312487319031e-03	4.324483724138307103e-03	4.074163405001792956e-03	-1.096233709277705769e-02	-1.274545417229690225e-03	7.438271747933069417e-03	-5.341670054235725038e-03	-1.976080895069546976e-03	1.713618864166230413e-03	6.546450261276609388e-04	-3.615899108401108512e-05
2.219775636139439522e-03	-7.167223990964240263e-04	-5.140377684995796857e-04	3.681942267730969887e-03	2.440527490435403287e-04	-1.732046587506669072e-03	-2.550930213331295635e-04	-6.662783842748406463e-04	-2.623049969868014586e-03	-2.681775238262159959e-03	5.781389974769285747e-03	-5.850542224211652091e-03	-1.480697883242260149e-03	1.988307393745243363e-03	-1.164962165597078331e-04	9.709041477354758438e-04	1.687252784651673693e-04	8.522355887632311090e-04	-1.612813599717128222e-03	1.297304688536099655e-03	1.591288563500703078e-04	-1.666683351439001998e-03	8.771121378949663745e-04	4.819880164156011720e-04	1.040013623036648016e-02	-4.191810274436085643e-03	-1.310321433814165722e-03	1.429563446008320568e-02	1.194622998786620035e-03	-3.780782442895439400e-03	-2.939605621863575907e-03	1.566630804478778578e-03	-2.301676146100533693e-04	1.008179107670602141e-03	-1.128332048888988247e-04	4.889053948643417268e-04	-1.070165727841011511e-03	2.348470297575113385e-04	2.286680914837993690e-03	-4.929932733482708315e-03	-1.042168372356070197e-02	2.573354626051762434e-03	9.166260104105335756e-04	-8.062657229806851483e-03	-1.696112182164756857e-03	3.032309410495367258e-03	3.593526214624692683e-03	-1.532995485194034360e-03	3.238890052538765784e-03	-8.413345695628651928e-04	-1.011155432721552510e-03	2.540586068379536468e-03	4.012825158116810689e-03	-4.227168201415243756e-03	-3.636272952717620362e-03	3.464702360496564083e-03	1.602834040675163788e-03	7.029399857185624108e-04	-2.775016815087483560e-03	3.467462739184844558e-03	2.700347802200937157e-04	-7.164439533705541444e-04	7.519864174741986091e-04	-2.001498801221997595e-03
-4.001238445786061120e-04	9.582017676500574274e-03	-5.993477175564710865e-03	-5.850542224201437172e-03	8.557371069807355457e-03	7.205331761656445094e-03	-3.764847625229425076e-03	1.066456967668832564e-03	7.052769762175285090e-03	-9.547568317867436566e-03	1.924700755636106096e-03	3.268219027953553346e-02	-1.031275423845476411e-03	-1.373609625844150403e-02	2.675959169260949330e-03	1.879572000353756447e-03	-4.573642792978355881e-03	-3.214128929782985428e-04	-9.948167224160876549e-06	-1.001400228988415762e-02	6.938715991714461667e-04	3.966561852217677896e-03	6.880390478063568016e-03	4.046680902557212543e-03	-4.191810274436085643e-03	3.799255704297874181e-02	-1.346814696846264543e-02	-1.493501048867054183e-02	-5.287167275782199329e-04	5.905087760996415025e-03	-1.419226482119692633e-04	-1.444194465957009121e-02	8.011003630261786385e-03	8.397861332700470426e-04	-6.413390800688591967e-04	-9.872110544196979059e-04	6.227364928261666308e-03	1.052772069727087034e-02	-3.093926860374209692e-02	2.594545834946714708e-04	6.641049832060815644e-03	-1.566357528043539615e-02	5.563414436655450546e-03	6.669407833413935546e-03	1.013927198255100068e-02	-1.033452612694870558e-03	-4.107598122573863017e-03	9.971955735633912521e-03	-4.418796685093010976e-03	2.290131279650315863e-03	7.014505823793288665e-03	3.070130851713059579e-04	-3.066898641620657492e-02	-5.953429108052979424e-03	1.577475819570458085e-02	-1.320180726705538765e-02	2.520040432090136107e-03	3.126335685597645547e-03	2.604984776308826543e-03	-1.177130343242502319e-02	2.246919624307699721e-03	9.217716847708359168e-03	-1.397974216504648849e-02	-4.051598180060645652e-04
-4.832789977948209054e-04	-1.880434228642039601e-03	4.046456011741075484e-03	1.297304688532094396e-03	-6.549049244563117517e-03	-3.769894242817746358e-04	8.206848263178245133e-04	-7.808028040765741321e-03	2.603022740642232089e-04	5.320765414068073101e-03	-4.227358132666048790e-03	-1.001400228990593534e-02	1.613461594881201652e-03	7.633137243478462994e-03	-3.050429766126119477e-03	-1.527399716146607975e-03	1.446347056015989110e-03	-6.981930330875837270e-04	2.757740688267508369e-04	5.769590094249574946e-03	2.527717381911166825e-04	-1.083930263947152292e-02	1.341323446653630048e-03	1.778079951003029265e-03	-1.310321433814165722e-03	-1.346814696846264543e-02	1.302904814887907367e-02	4.320919244348060337e-03	-4.594514799766356503e-03	-7.844350678290570346e-04	6.027709972786785605e-04	4.059411757765887547e-04	-4.451867232861617119e-03	-1.264949617950351718e-03	2.397168457368171850e-03	-1.664682638164241297e-03	-4.046565246067763619e-03	-1.734685574788011862e-04	8.158401068970455236e-03	4.673009201659713337e-04	1.105059469084824835e-03	7.502182537075926735e-03	-1.434677491597304705e-02	-1.795147152467624222e-03	2.290454638934293422e-03	-4.827597358941435046e-04	1.091688301064523085e-03	-1.834017421239122212e-03	1.716849314973320755e-03	-1.865348303058689435e-03	1.078807845813005558e-03	-2.100339497335844603e-04	7.453617832495278497e-03	4.057563728832707869e-03	-7.657682205676284021e-03	4.308939820723022007e-03	-8.535942886104475741e-03	-3.805854145236938369e-03	4.951350105765427861e-03	6.502999997100251733e-04	-2.663782284045223062e-03	-3.239665119374252750e-03	6.841664969728067716e-03	9.485099970053549514e-04
3.769540040475852748e-03	-2.303420760105246139e-03	9.004603073175913592e-04	1.429563446009164684e-02	-3.036557933597645864e-03	-1.364634545758758137e-02	3.359323992219473247e-03	-4.877151858118397229e-03	-2.303420760110300690e-03	-2.906502938062183313e-04	2.262781968898171063e-03	-1.493501048869073575e-02	7.710881240461094446e-05	8.450623887540684165e-03	-2.279558319607626060e-03	-1.420330267573482715e-03	9.004603073161354925e-04	2.262781968906349417e-03	-7.313659710215887535e-04	4.320919244347107106e-03	-1.060979838236540814e-03	-7.101747325591803786e-03	8.626317107747640120e-04	4.415900886142086414e-04	1.429563446008320568e-02	-1.493501048867054183e-02	4.320919244348060337e-03	4.061181493569414325e-02	1.588623866925631812e-04	-1.728461943619313823e-02	6.763309868824183939e-04	4.282203880905590711e-03	-3.036557933596101960e-03	7.710881239959852874e-05	-1.060979838231244487e-03	1.588623866976655993e-04	-1.430846672409813751e-03	-1.136654212276901965e-03	8.948687299328022746e-03	-2.751590166364080436e-03	-1.364634545755202474e-02	8.450623887534536305e-03	-7.101747325608840505e-03	-1.728461943617406668e-02	-1.136654212265115387e-03	6.446753088341082225e-03	2.137253491470667965e-03	-3.263623974989927554e-03	3.359323992202759620e-03	-2.279558319603957120e-03	8.626317107749095119e-04	6.763309868675081203e-04	8.948687299323961758e-03	2.137253491491807305e-03	-1.035050833351980337e-02	5.595489049539154394e-03	-4.877151858094521363e-03	-1.420330267579685869e-03	4.415900886396599621e-04	4.282203880926845410e-03	-2.751590166377408317e-03	-3.263623974999334092e-03	5.595489049534331863e-03	-8.283388073604398653e-04
4.918235160316151815e-04	-1.131784820293477503e-03	-1.118948400076819798e-03	4.889053948659569711e-04	2.852422141406049487e-03	-1.414256374644189606e-03	-3.959176885802042191e-04	5.804409067638380097e-03	-2.021543769806526895e-03	-5.982466844486703525e-04	1.890532710925923489e-03	-9.872110544075791277e-04	-9.929889926911311063e-04	-2.109494588093458432e-03	2.299504804844953662e-03	-5.390799483627167332e-04	2.573517231553579254e-04	5.692333292305248307e-04	2.437590851444651767e-05	-1.664682638168074168e-03	-9.632550402470750877e-04	6.488678872738682865e-03	-2.804085599688568332e-03	-2.268452498153736806e-03	1.194622998786620035e-03	-5.287167275782199329e-04	-4.594514799766356503e-03	1.588623866925631812e-04	4.575346756164132278e-03	-1.393590643854051995e-03	-6.087297643188343708e-04	5.377176519660032891e-03	1.395508081836527737e-03	2.333883673342725736e-04	-1.896822804505223121e-03	2.357929561277088536e-03	1.984478142334548684e-03	-2.928258667333341354e-03	1.646696722862822562e-03	5.184212233321800357e-04	-1.418293196631268283e-03	-1.526483720834187399e-03	7.622892874599511773e-03	-5.371917709538095954e-04	-5.134889129316727585e-03	1.067236410316610169e-03	7.084536202124890611e-05	-2.020228617970701301e-03	-9.867208551248630218e-04	1.442047016347772648e-03	-1.819711359844447323e-03	-4.318888758759123351e-04	1.995508848519953523e-03	-1.020234233254162150e-03	1.811015483703880789e-03	-3.411238565663447971e-04	5.272951800180107618e-03	6.083523019300058916e-04	-3.552992244617844686e-03	2.984287685481365211e-03	1.695152079514436385e-03	-3.447126920964635835e-04	-1.678979188642993952e-03	6.587560898151467812e-04
-2.397556746738215873e-03	1.018290851304719897e-03	1.027566376462348756e-04	-8.062657229815447038e-03	5.259947096150695105e-04	1.147763229930576917e-02	-3.748817497935780924e-03	-1.265660425983441712e-03	2.058116019906567305e-03	-2.730422400594153046e-05	-1.493265612717952677e-03	6.669407833417267950e-03	1.425576779263424635e-03	-4.292585891522099871e-03	3.642929046775140556e-04	5.736989267137669254e-03	-7.587680034830034332e-04	-7.049537230510849592e-04	-1.039180529655625790e-03	-1.795147152460598592e-03	3.936863318831267458e-04	2.271606139620741200e-04	1.051648208350396260e-03	-1.155727835428668358e-03	-3.780782442895439400e-03	5.905087760996415025e-03	-7.844350678290570346e-04	-1.728461943619313823e-02	-1.393590643854051995e-03	1.538686767337661340e-02	-4.396139801066806935e-03	-5.301555559043102939e-03	-5.266929187015237553e-04	-2.000823381430492324e-03	6.855021364239781770e-03	-5.371917709585744471e-04	-2.831724660028120139e-03	1.354410973123024772e-03	-2.938160828813124893e-03	3.704743882912246033e-05	9.454692600703298519e-04	-2.387841812915636203e-03	3.964662057753254309e-04	4.898552226927608243e-03	2.654186285337143021e-03	-5.008454134122575750e-03	2.668021346392122906e-03	2.662060799795498874e-03	4.326405675783328783e-03	1.320094565530430166e-03	-2.110220276856923129e-03	2.726231531659862803e-03	-3.346954417820872160e-03	-2.472068869133523840e-03	2.452444245593583469e-03	-1.755055227432727972e-03	-1.589661968130344147e-03	-1.465715148047385362e-03	4.473238867590298255e-03	-2.699932047848011517e-03	-3.259295725492831878e-04	1.744693140321375898e-03	-1.020313048236712002e-04	-1.316948162527613840e-03
-3.489639511263247125e-06	-1.933903897068361272e-04	3.271830633969425228e-04	2.540586068382039674e-03	-7.769783855420456633e-04	-4.397842189156851538e-03	3.077886890553890344e-03	2.504816457876848186e-04	3.019975580013911079e-04	-1.117527949884713036e-04	-1.250458834269575596e-03	3.070130851720819214e-04	6.794055522326734940e-05	9.226631916936754718e-04	-4.642587549975644122e-04	-1.726840387932279284e-03	3.321778260964825761e-04	1.298270352083934296e-03	2.732643643828172321e-05	-2.100339497369002216e-04	1.207452723917580529e-03	6.267784760161081853e-04	-1.189917283306777531e-03	1.210316350227679449e-04	-2.939605621863575907e-03	-1.419226482119692633e-04	6.027709972786785605e-04	6.763309868824183939e-04	-6.087297643188343708e-04	-4.396139801066806935e-03	4.566985647304976081e-03	8.410035271493049996e-04	2.178297458594907917e-04	2.262966675375609432e-04	-1.575980864983587623e-03	-4.318888758732586418e-04	1.970812107181019765e-04	-1.524127838022587100e-04	2.527096736326752986e-04	1.409595742443274860e-03	4.336703894322717356e-03	-3.241312620984262592e-04	-7.451049445434624469e-04	2.726231531653692391e-03	5.666330736220192687e-04	4.787844224478451536e-04	-4.313612383583923827e-03	-2.759373117387099576e-04	-2.622629161537318697e-03	-5.496618428315735300e-04	1.449361088102192564e-03	-2.305642599288357762e-03	-5.989372819602063920e-04	2.588667880566592090e-03	7.672137563357905345e-04	-1.327422448007025335e-04	-5.065413155847395483e-04	1.744901457176068794e-03	-1.655929346848657429e-04	-1.002907207204219425e-03	-1.586896285415016457e-03	-5.301578557247750697e-04	6.216585710499634770e-04	1.944785588500325655e-06
9.894985370949051229e-04	-4.940725164704654407e-03	1.406828696456721229e-03	3.467462739180530301e-03	1.078017819784282384e-04	-5.623690993246905495e-03	9.943608728764589521e-04	1.015026658141318996e-02	-5.234147494192454078e-03	2.025380231868823423e-03	8.318162619470732778e-04	-1.177130343240513632e-02	3.185827912268329200e-05	1.768153361900946883e-03	1.353965438945892597e-03	-1.422982155733094108e-03	2.075851127226226601e-03	2.037997449606956425e-03	3.458561916520432652e-04	6.502999996923215613e-04	-2.302456439623686013e-03	9.366129891455066830e-03	-6.463428663674452429e-03	-6.174518194148015740e-03	1.566630804478778578e-03	-1.444194465957009121e-02	4.059411757765887547e-04	4.282203880905590711e-03	5.377176519660032891e-03	-5.301555559043102939e-03	8.410035271493049996e-04	1.561761478573974946e-02	-3.577793114369275888e-04	-9.526269060744087355e-05	-3.218867395430406123e-03	2.984287685486699485e-03	1.225930281294655829e-03	-8.025278765968896222e-03	1.261731083494237703e-02	1.867084540172326114e-03	-3.153142320938743734e-03	2.988215385686510302e-03	9.275409544207340734e-03	-2.699932047839959798e-03	-1.069218617538342762e-02	2.419383722949267068e-03	-5.296455074366983751e-04	-7.256797434228571229e-03	-8.521484312434135381e-04	4.563661961050019620e-04	-4.478617031758560033e-03	-1.002907207207209220e-03	1.300232005087125636e-02	1.224034356789072174e-03	-1.640334108822170261e-03	3.170591308805089954e-03	7.875797558850669219e-03	-1.019991226052916253e-04	-5.341670054216981350e-03	8.079066243102525288e-03	8.256796554200801139e-05	-4.176199978063898331e-03	2.729721609593517215e-03	8.522481507648609934e-04
1.018503054574219739e-03	4.995216433778600518e-04	-1.534344250904812320e-03	2.440527490474921914e-04	3.496785195561948230e-03	3.289900121646682860e-04	-1.859567246770854306e-03	5.538052732109869161e-03	8.381344408908809147e-04	-3.130963008881588669e-03	1.284769412920153423e-03	8.557371069799601243e-03	-1.795441643605344471e-04	-4.789304678402349358e-03	1.244504059884539611e-03	-2.196601597861255685e-05	-3.006844533255513367e-03	1.792866321338604978e-03	5.355101054860943611e-04	-6.549049244552794177e-03	-1.728025849028775457e-03	7.198904860693761815e-03	1.249944137776069428e-03	-1.977657674229227856e-03	-2.301676146100533693e-04	8.011003630261786385e-03	-4.451867232861617119e-03	-3.036557933596101960e-03	1.395508081836527737e-03	-5.266929187015237553e-04	2.178297458594907917e-04	-3.577793114369275888e-04	6.573742892967002899e-03	1.079098480246077566e-04	-3.074444484488229878e-03	2.852422141401171445e-03	4.472465754763826212e-03	9.908624081202122274e-05	-8.814830741042454024e-03	1.245584369024014789e-03	3.875204286517225458e-04	-5.584143540977743250e-03	7.373277050931400720e-03	5.259947096184389940e-04	1.349455136311806950e-04	1.292232449444857345e-03	-2.716474416448771273e-03	2.268522542906785747e-03	-2.947815967184837758e-03	1.847406732510767976e-03	1.907387856278481523e-04	-7.769783855449056802e-04	-7.107740709934055531e-03	-2.122202132857304701e-03	6.623768089802160863e-03	-4.878152437824811311e-03	7.070030785396404747e-03	1.158433722832469823e-03	-2.428423284587039564e-03	1.078017819753230699e-04	7.833410225198422262e-04	1.826392946103922235e-03	-4.569650595146165610e-03	9.992365987468977370e-05
-1.801858936800851112e-05	1.072387964984089330e-03	-4.247593146285131606e-04	-1.480697883247725829e-03	-1.795441643617804936e-04	-1.316360639506517654e-04	1.113854582590175380e-03	-7.607113110000760219e-04	-1.034230769677018432e-03	2.904368538362033826e-04	2.595729380929525949e-03	-1.031275423846456313e-03	-2.469676217858761055e-03	6.339982760681593102e-04	2.108851928578298421e-04	-3.202519631532098777e-03	6.698038997757692565e-04	-3.696816217550883028e-03	4.739736662731938266e-04	1.613461594883708761e-03	2.460542480035955021e-03	-7.822725436669292730e-04	-3.324266532345821271e-04	5.178327464494670955e-03	1.008179107670602141e-03	8.397861332700470426e-04	-1.264949617950351718e-03	7.710881239959852874e-05	2.333883673342725736e-04	-2.000823381430492324e-03	2.262966675375609432e-04	-9.526269060744087355e-05	1.079098480246077566e-04	3.532910539648326676e-03	-3.785167920641868168e-03	-9.929889926926596146e-04	4.509013133825879715e-04	1.241280944197612011e-03	-6.650027913674181430e-04	-3.092328737036239856e-03	1.432802241710178729e-05	-4.917991513027828148e-04	1.558756457335248348e-03	1.425576779261833894e-03	-1.431727428511100344e-03	-3.287156828275217247e-06	1.739829449180746879e-03	-6.369441087493303609e-04	-1.445002552818727345e-03	-9.283483550165101770e-04	2.141994423835573988e-04	6.794055522825413729e-05	9.155440387548748667e-04	-1.382298282623236566e-03	1.199495936433401600e-04	1.522620505088845017e-03	1.336539397156223793e-03	3.413706390861550016e-03	-5.790295290417400188e-03	3.185827912224623655e-05	3.402939347247217316e-03	4.203938638275132346e-04	-1.588261454989215457e-03	2.369179996138971451e-04
-9.619219644270019312e-04	1.984735593590456360e-04	9.519243013308283877e-04	1.591288563633441136e-04	-1.728025849029138881e-03	3.073143221396579423e-03	-5.069635357102087554e-04	-5.221957084002819618e-03	2.030936497054705667e-03	1.869051252067507104e-03	-3.516598998186661919e-03	6.938715991796015354e-04	2.460542480035500523e-03	5.110328579514001593e-04	-1.189330832711408452e-03	4.237328433672068149e-03	2.989989917331472026e-05	1.677521135773794077e-03	-3.353211397338932628e-03	2.527717381832103550e-04	3.457724190668384420e-03	-5.040661144027318817e-03	1.206131347034746035e-03	2.545538468908409464e-03	-1.128332048888988247e-04	-6.413390800688591967e-04	2.397168457368171850e-03	-1.060979838231244487e-03	-1.896822804505223121e-03	6.855021364239781770e-03	-1.575980864983587623e-03	-3.218867395430406123e-03	-3.074444484488229878e-03	-3.785167920641868168e-03	1.207795598734620439e-02	-9.632550402457109445e-04	-1.076076458181089192e-02	1.588853100646533305e-03	1.615025354288966621e-03	-2.829943852301253140e-03	-9.018346411114853370e-05	2.220310529603853472e-03	-6.901929934750701545e-03	3.936863318885132790e-04	4.042048311459158286e-03	-1.783428129833117227e-03	-7.702686329359616224e-04	7.710043460669929261e-04	4.453206874820060494e-03	3.673153842376046269e-05	-7.511710937753762665e-04	1.207452723909128740e-03	3.620434337965710279e-04	-3.738956341788432936e-04	-6.747195853345644033e-04	1.681283904927959819e-03	-7.330147924515601626e-03	-4.813959929476148425e-03	1.549113913455472946e-02	-2.302456439628917072e-03	-8.149695711365546533e-03	-2.458671754330217702e-04	4.479173818707096397e-03	-2.732388841420373138e-03
4.918235160332277154e-04	-2.021543769810498110e-03	2.573517231564831646e-04	1.194622998791346723e-03	1.395508081837389027e-03	-1.418293196637000243e-03	-9.867208551256902681e-04	5.272951800187621572e-03	-1.131784820297623926e-03	-5.982466844447311208e-04	5.692333292294764072e-04	-5.287167275862208029e-04	2.333883673355195687e-04	-1.526483720832185094e-03	1.442047016347385805e-03	6.083523019342349306e-04	-1.118948400073579985e-03	1.890532710927695075e-03	2.437590851366663750e-05	-4.594514799768521437e-03	-1.896822804508236987e-03	7.622892874615542352e-03	-1.819711359853834996e-03	-3.552992244628384866e-03	4.889053948643417268e-04	-9.872110544196979059e-04	-1.664682638164241297e-03	1.588623866976655993e-04	2.357929561277088536e-03	-5.371917709585744471e-04	-4.318888758732586418e-04	2.984287685486699485e-03	2.852422141401171445e-03	-9.929889926926596146e-04	-9.632550402457109445e-04	4.575346756166416042e-03	1.984478142337437433e-03	-5.134889129329551528e-03	1.995508848539210255e-03	1.695152079517045626e-03	-1.414256374638919733e-03	-2.109494588086937607e-03	6.488678872734939332e-03	-1.393590643853741913e-03	-2.928258667333215153e-03	1.067236410318173154e-03	-1.020234233259523747e-03	-3.447126920985096356e-04	-3.959176885852628896e-04	2.299504804843741090e-03	-2.804085599688089982e-03	-6.087297643220678954e-04	1.646696722863813522e-03	7.084536202355797214e-05	1.811015483710231178e-03	-1.678979188644031317e-03	5.804409067640488654e-03	-5.390799483654614994e-04	-2.268452498152573674e-03	5.377176519666345550e-03	5.184212233334075694e-04	-2.020228617978005355e-03	-3.411238565591923153e-04	6.587560898137550993e-04
1.538760979624305956e-04	-7.571063955099837164e-04	-1.036619628694999181e-03	-1.070165727852328630e-03	4.472465754765561803e-03	-2.690973711660230028e-03	-9.084811929781828497e-04	9.779069739140552192e-03	-7.571063955125784291e-04	-4.087517496193969306e-03	1.733563111576136816e-03	6.227364928242854966e-03	4.509013133830450169e-04	-5.603861737474333249e-03	2.147226355673285438e-03	2.243559448484499542e-03	-1.036619628693205043e-03	1.733563111572573260e-03	3.965672019989348665e-03	-4.046565246057176601e-03	-1.076076458181352002e-02	1.113582229871373092e-02	-2.618041690645247794e-04	-1.457977121980013994e-02	-1.070165727841011511e-03	6.227364928261666308e-03	-4.046565246067763619e-03	-1.430846672409813751e-03	1.984478142334548684e-03	-2.831724660028120139e-03	1.970812107181019765e-04	1.225930281294655829e-03	4.472465754763826212e-03	4.509013133825879715e-04	-1.076076458181089192e-02	1.984478142337437433e-03	2.018492700438967793e-02	-2.739756091885476967e-03	-7.080526926865715436e-03	1.062382385670363784e-02	-2.690973711684089414e-03	-5.603861737484043364e-03	1.113582229871674760e-02	-2.831724660037133329e-03	-2.739756091877059221e-03	4.258233058176810531e-04	2.429157711106712941e-03	1.464283016923076473e-03	-9.084811929661045123e-04	2.147226355678198174e-03	-2.618041690654481944e-04	1.970812107254620287e-04	-7.080526926874084609e-03	2.429157711098474306e-03	-7.075738978545179168e-04	-7.246221743259799800e-03	9.779069739139931161e-03	2.243559448477812183e-03	-1.457977121979440668e-02	1.225930281310251644e-03	1.062382385670558593e-02	1.464283016909852676e-03	-7.246221743246659269e-03	4.035190821741384271e-03
1.796439326561732126e-04	5.753386302172414785e-03	-2.230031876572886700e-03	-1.696112182170442847e-03	1.349455136252578882e-04	5.172913517982736034e-03	-5.766710462261448282e-04	-1.036896938979980747e-02	4.637661363338194120e-03	-1.857290531960793713e-03	1.025032333764992146e-03	1.013927198255080812e-02	-1.431727428510955495e-03	3.838881861006491949e-05	-1.327337919488852293e-03	-1.853303880434781226e-03	-1.337828346487331989e-03	-1.887371601229225360e-03	-8.858310172088011258e-04	2.290454638955292249e-03	4.042048311462759572e-03	-1.491987893999082576e-02	6.968614866401112024e-03	9.057302895936864343e-03	2.348470297575113385e-04	1.052772069727087034e-02	-1.734685574788011862e-04	-1.136654212276901965e-03	-2.928258667333341354e-03	1.354410973123024772e-03	-1.524127838022587100e-04	-8.025278765968896222e-03	9.908624081202122274e-05	1.241280944197612011e-03	1.588853100646533305e-03	-5.134889129329551528e-03	-2.739756091885476967e-03	1.307560029776528090e-02	-1.473951685868489687e-02	-4.798566412008125302e-03	4.168222316975919543e-03	3.019755812272134480e-04	-1.255058378668553153e-02	2.654186285339686993e-03	8.408998154182310142e-03	-1.486067143512071137e-04	-9.730034980842537000e-04	3.169793322835130767e-03	-1.583330031149374293e-03	-2.363316882487165229e-03	7.332853069124820738e-03	5.666330736254483833e-04	-1.178535923436569051e-02	-3.963333692629147052e-03	2.716787283970650835e-03	-2.967252318508253927e-04	-9.829928842478640599e-03	7.309287345619089587e-04	5.326467076764871030e-03	-1.069218617540047475e-02	-1.602236727788747608e-03	5.865830617041460290e-03	-3.227166136480730425e-03	-1.442300337179677934e-03
-9.305778979460538076e-04	-8.774657504492192756e-03	5.034429827392019469e-03	4.012825158118271326e-03	-7.107740709924639452e-03	-8.058711714054282368e-03	5.333320512311615774e-03	3.027711880477360930e-03	-8.508187754458751070e-03	6.693029615146113380e-03	-1.293226991867500427e-03	-3.066898641617918017e-02	9.155440387573392583e-04	1.050859663312914832e-02	-8.665928934914637720e-04	8.813679156361957498e-04	5.646890890821125095e-03	4.550696705793008581e-04	-3.686002458763434431e-04	7.453617832450805392e-03	3.620434337900682001e-04	4.790969033481556894e-03	-1.254118127258461481e-02	-6.053242650283480186e-03	2.286680914837993690e-03	-3.093926860374209692e-02	8.158401068970455236e-03	8.948687299328022746e-03	1.646696722862822562e-03	-2.938160828813124893e-03	2.527096736326752986e-04	1.261731083494237703e-02	-8.814830741042454024e-03	-6.650027913674181430e-04	1.615025354288966621e-03	1.995508848539210255e-03	-7.080526926865715436e-03	-1.473951685868489687e-02	3.666044269975603231e-02	6.932103186370254955e-04	-6.802310139517845841e-03	1.018245703581518655e-02	2.865751733166902772e-03	-3.346954417825484356e-03	-1.178535923436748248e-02	-1.166714005034263490e-03	4.970142384090235621e-03	-8.034722814627743084e-03	5.768835419183819535e-03	-5.257764758424655167e-04	-9.871418464800038595e-03	-5.989372819616114096e-04	3.093548493825055631e-02	7.497850974407549787e-03	-1.590033842986479304e-02	1.044267973264258707e-02	1.359237557054930514e-03	-2.895216308291887939e-04	-5.099706570530684185e-03	1.300232005088854635e-02	-1.173502962390716477e-03	-9.996801382158956861e-03	1.473104321031730619e-02	-3.033387154233417723e-04
-1.165592024225077039e-03	-1.989601589656374205e-03	8.889169148385385943e-04	2.700347802202233863e-04	7.833410225214535675e-04	-3.128402310800361755e-03	7.278451616690549556e-04	6.244995270578506362e-03	2.371338525456159936e-04	-1.498676445307498559e-03	-4.749968010825098008e-03	2.246919624295167645e-03	3.402939347244169840e-03	-3.103574096811103408e-03	1.226455943436721534e-03	4.315043273957356977e-03	-1.987868317589229169e-04	4.152309263140169238e-03	2.597121780553110406e-03	-2.663782284039667176e-03	-8.149695711360668490e-03	8.330219772838775433e-03	-2.404262277680761957e-03	-1.633828780803957270e-02	-4.929932733482708315e-03	2.594545834946714708e-04	4.673009201659713337e-04	-2.751590166364080436e-03	5.184212233321800357e-04	3.704743882912246033e-05	1.409595742443274860e-03	1.867084540172326114e-03	1.245584369024014789e-03	-3.092328737036239856e-03	-2.829943852301253140e-03	1.695152079517045626e-03	1.062382385670363784e-02	-4.798566412008125302e-03	6.932103186370254955e-04	1.301512011593224452e-02	-7.513578884379219953e-05	-2.754401615836552832e-03	5.388631175182493141e-03	-3.259295725527352333e-04	-1.602236727783235525e-03	-1.897264141589417993e-03	8.264288706251762644e-04	8.742665224995061803e-04	6.895849560364493641e-04	2.301741906060363399e-03	-1.652889754343122089e-03	-1.586896285416981682e-03	-1.173502962391672526e-03	7.403360347136230674e-03	-3.715759561680825884e-03	-5.329212839243933734e-03	3.752576584877632959e-03	-1.143969963506606203e-03	-1.976080895077265628e-03	8.256796555111177243e-05	2.869011574417681260e-03	-2.010248397928657868e-04	-1.686408300047433431e-03	3.644200051793173700e-03
1.064390911502239673e-04	3.213962499765327975e-03	-1.207638992878141710e-03	-1.732046587499867004e-03	3.289900121698105485e-04	2.921264551136708992e-03	-2.083818420352486628e-03	-4.400800960948554955e-03	3.806070985149208677e-03	2.610279111412602306e-03	-3.628388200197315509e-03	7.205331761664997281e-03	-1.316360639543945397e-04	3.941148494869049605e-04	-8.015617217283573133e-04	-4.363676110078405085e-03	-8.208790814046296180e-04	-9.000074179625380377e-04	5.199315469573376636e-04	-3.769894242906886750e-04	3.073143221411400033e-03	-5.450350955323503971e-03	2.203214301970082400e-03	5.734493140453971599e-03	-1.042168372356070197e-02	6.641049832060815644e-03	1.105059469084824835e-03	-1.364634545755202474e-02	-1.418293196631268283e-03	9.454692600703298519e-04	4.336703894322717356e-03	-3.153142320938743734e-03	3.875204286517225458e-04	1.432802241710178729e-05	-9.018346411114853370e-05	-1.414256374638919733e-03	-2.690973711684089414e-03	4.168222316975919543e-03	-6.802310139517845841e-03	-7.513578884379219953e-05	2.139951672600544710e-02	-4.820301896646035124e-04	-8.938827695189780626e-03	1.147763229927983852e-02	5.172913517970612919e-03	1.099501185403682928e-04	-1.181633503665117414e-02	1.539043379183031900e-03	-1.097572106382335017e-02	-1.104933977825343049e-03	5.799351576366181676e-03	-4.397842189151221493e-03	-8.058711714046460500e-03	-1.466399781313494546e-03	1.551592186324677464e-02	-1.194353677351651325e-03	-7.009443218495904279e-03	-5.004284865051406711e-04	4.740442708879517679e-03	-5.623690993246459671e-03	-3.128402310802523220e-03	1.450194047248594062e-03	-6.403255609152227633e-05	6.310457595762741659e-04
7.233678118663435094e-04	-5.735503621321512337e-04	1.514669860929524024e-03	1.988307393742494694e-03	-4.789304678408550994e-03	3.941148494854602611e-04	1.628873648913476476e-04	-9.566051727399148621e-03	-6.073602081082379303e-04	5.109363171990007751e-03	-1.312599839842233749e-03	-1.373609625845084552e-02	6.339982760698692054e-04	9.379793794580391919e-03	-3.427691424199243511e-03	-2.045711202412054102e-03	1.943855335220452500e-03	-7.975701578265256613e-04	-2.743671478762934831e-04	7.633137243471094756e-03	5.110328579519222026e-04	-1.303135668047628037e-02	1.424527708701835149e-03	2.552619586534195240e-03	2.573354626051762434e-03	-1.566357528043539615e-02	7.502182537075926735e-03	8.450623887534536305e-03	-1.526483720834187399e-03	-2.387841812915636203e-03	-3.241312620984262592e-04	2.988215385686510302e-03	-5.584143540977743250e-03	-4.917991513027828148e-04	2.220310529603853472e-03	-2.109494588086937607e-03	-5.603861737484043364e-03	3.019755812272134480e-04	1.018245703581518655e-02	-2.754401615836552832e-03	-4.820301896646035124e-04	1.329739190608044200e-02	-1.495744528211759468e-02	-4.292585891520334790e-03	3.838881859382256806e-05	1.385843753145497674e-03	1.139951548992799730e-03	-5.615937943829288695e-03	1.383113464333041252e-03	-5.141928202241748125e-03	2.408154588080212155e-03	9.226631916917965495e-04	1.050859663316588109e-02	5.075455996459254503e-04	-6.954250690557155223e-03	1.050206255782475812e-02	-9.901670638252776588e-03	-4.364179409837493952e-03	4.718106848258272340e-03	1.768153361916746527e-03	-3.103574096818794738e-03	-3.647972849094449459e-03	8.133520675714456596e-03	2.695602343708450115e-04
-3.972236110820667721e-04	-6.637450380615689607e-03	-7.999854013543593258e-05	-1.666683351438768678e-03	7.198904860706397540e-03	-5.450350955321829963e-03	1.621829390590204581e-04	2.731554081241846510e-02	-6.809489181784248411e-03	-5.562921077610374909e-03	4.831703840876676141e-03	3.966561852270460327e-03	-7.822725436676128625e-04	-1.303135668049541090e-02	6.470762421138340909e-03	4.777359837739249618e-03	-3.449787136127191987e-05	1.795498343494302419e-03	1.186775279259467703e-03	-1.083930263948324271e-02	-5.040661144023702786e-03	3.615830860024928095e-02	-1.115669289288736404e-02	-1.360094395803730996e-02	9.166260104105335756e-04	5.563414436655450546e-03	-1.434677491597304705e-02	-7.101747325608840505e-03	7.622892874599511773e-03	3.964662057753254309e-04	-7.451049445434624469e-04	9.275409544207340734e-03	7.373277050931400720e-03	1.558756457335248348e-03	-6.901929934750701545e-03	6.488678872734939332e-03	1.113582229871674760e-02	-1.255058378668553153e-02	2.865751733166902772e-03	5.388631175182493141e-03	-8.938827695189780626e-03	-1.495744528211759468e-02	4.174331088839716708e-02	2.271606139801133468e-04	-1.491987893992150274e-02	-2.508000305863753625e-04	1.922375685935985568e-03	-3.431449927581317573e-04	4.635014492655379725e-04	7.450541065497371176e-03	-1.449448785752701328e-02	6.267784760114539222e-04	4.790969033378468349e-03	-1.447186282414433030e-03	7.650093989188672117e-03	-8.514701266721876743e-03	2.832502152140176782e-02	6.944258289123793511e-03	-1.756520033381927387e-02	9.366129891418124159e-03	8.330219772837604494e-03	3.920630096782230973e-05	-9.416246273477372336e-03	1.645736359583050584e-04
-2.397556746737232718e-03	2.058116019904515561e-03	-7.587680034855683302e-04	-3.780782442896277271e-03	-5.266929186955907841e-04	9.454692600843412134e-04	4.326405675771746034e-03	-1.589661968113355132e-03	1.018290851306440309e-03	-2.730422400355006507e-05	-7.049537230501782409e-04	5.905087761005628141e-03	-2.000823381428691247e-03	-2.387841812919244862e-03	1.320094565531077435e-03	-1.465715148043439517e-03	1.027566376442413259e-04	-1.493265612717207397e-03	-1.039180529657499508e-03	-7.844350678335278507e-04	6.855021364239871975e-03	3.964662057732639289e-04	-2.110220276854375254e-03	4.473238867589936565e-03	-8.062657229806851483e-03	6.669407833413935546e-03	-1.795147152467624222e-03	-1.728461943617406668e-02	-5.371917709538095954e-04	4.898552226927608243e-03	2.726231531653692391e-03	-2.699932047839959798e-03	5.259947096184389940e-04	1.425576779261833894e-03	3.936863318885132790e-04	-1.393590643853741913e-03	-2.831724660037133329e-03	2.654186285339686993e-03	-3.346954417825484356e-03	-3.259295725527352333e-04	1.147763229927983852e-02	-4.292585891520334790e-03	2.271606139801133468e-04	1.538686767334544389e-02	1.354410973114180718e-03	-5.008454134112814461e-03	-2.472068869124985965e-03	1.744693140316826586e-03	-3.748817497924314401e-03	3.642929046771443426e-04	1.051648208345695810e-03	-4.396139801051039166e-03	-2.938160828810475970e-03	2.668021346374671587e-03	2.452444245594994666e-03	-1.020313048283698885e-04	-1.265660425989840890e-03	5.736989267133897966e-03	-1.155727835433444485e-03	-5.301555559050163263e-03	3.704743882945903057e-05	2.662060799798307825e-03	-1.755055227431204234e-03	-1.316948162527122480e-03
1.796439326574640638e-04	4.637661363330603838e-03	-1.337828346482646501e-03	2.348470297564641347e-04	9.908624080657657627e-05	4.168222316976727924e-03	-1.583330031155549692e-03	-9.829928842462205829e-03	5.753386302159311551e-03	-1.857290531958719418e-03	-1.887371601226652332e-03	1.052772069723715426e-02	1.241280944196948913e-03	3.019755812397094744e-04	-2.363316882488894315e-03	7.309287345612159367e-04	-2.230031876570945978e-03	1.025032333767641503e-03	-8.858310172090559133e-04	-1.734685574665560713e-04	1.588853100641524942e-03	-1.255058378669132724e-02	7.332853069128904278e-03	5.326467076755662250e-03	-1.696112182164756857e-03	1.013927198255100068e-02	2.290454638934293422e-03	-1.136654212265115387e-03	-5.134889129316727585e-03	2.654186285337143021e-03	5.666330736220192687e-04	-1.069218617538342762e-02	1.349455136311806950e-04	-1.431727428511100344e-03	4.042048311459158286e-03	-2.928258667333215153e-03	-2.739756091877059221e-03	8.408998154182310142e-03	-1.178535923436748248e-02	-1.602236727783235525e-03	5.172913517970612919e-03	3.838881859382256806e-05	-1.491987893992150274e-02	1.354410973114180718e-03	1.307560029772477511e-02	-1.486067143495554944e-04	-3.963333692624769478e-03	5.865830617028664970e-03	-5.766710462262935807e-04	-1.327337919480942388e-03	6.968614866366089691e-03	-1.524127837980723344e-04	-1.473951685863526123e-02	-9.730034980899350278e-04	2.716787283982435679e-03	-3.227166136470239685e-03	-1.036896938977041605e-02	-1.853303880428269507e-03	9.057302895918443314e-03	-8.025278765952874316e-03	-4.798566412000236647e-03	3.169793322833570383e-03	-2.967252318609327590e-04	-1.442300337179737999e-03
2.398696225531297271e-03	-6.657952914551335238e-04	-2.192793520403507135e-04	3.032309410496282324e-03	1.292232449443346618e-03	1.099501185323017473e-04	-3.268110609058929444e-03	1.443058496664525797e-03	-6.657952914548667016e-04	-8.183306818524800023e-04	1.970923961409846558e-03	-1.033452612694091234e-03	-3.287156832287614012e-06	1.385843753147275766e-03	-4.158091000420042517e-04	-1.780600706188113867e-03	-2.192793520409345564e-04	1.970923961407050184e-03	-2.192922849838787810e-04	-4.827597358962470737e-04	-1.783428129829733215e-03	-2.508000305824392749e-04	1.367639856193779858e-03	6.065506194491268111e-05	3.032309410495367258e-03	-1.033452612694870558e-03	-4.827597358941435046e-04	6.446753088341082225e-03	1.067236410316610169e-03	-5.008454134122575750e-03	4.787844224478451536e-04	2.419383722949267068e-03	1.292232449444857345e-03	-3.287156828275217247e-06	-1.783428129833117227e-03	1.067236410318173154e-03	4.258233058176810531e-04	-1.486067143512071137e-04	-1.166714005034263490e-03	-1.897264141589417993e-03	1.099501185403682928e-04	1.385843753145497674e-03	-2.508000305863753625e-04	-5.008454134112814461e-03	-1.486067143495554944e-04	5.596468741044417078e-03	-5.268407869949701811e-03	-1.515287717520018588e-03	-3.268110609066001912e-03	-4.158091000416133426e-04	1.367639856196272439e-03	4.787844224406732647e-04	-1.166714005036064133e-03	-5.268407869943479357e-03	7.264503230474641388e-03	2.754675864235537025e-04	1.443058496668606083e-03	-1.780600706181391596e-03	6.065506193649435268e-05	2.419383722950594132e-03	-1.897264141583990043e-03	-1.515287717521923098e-03	2.754675864237901128e-04	1.266556995276613682e-05
-2.576200729869347096e-03	7.233630004105956360e-05	9.133032063447914803e-04	-4.227168201414731145e-03	-2.122202132858496890e-03	-1.466399781312971527e-03	4.343806599615840022e-03	-1.850145672256124554e-03	-1.917210708849365845e-03	1.449421714479168103e-03	8.601743472838958762e-04	-5.953429108055945801e-03	-1.382298282612852728e-03	5.075455996423396685e-04	8.097015094744876816e-04	1.245847060988807334e-03	1.508972019372866943e-03	-5.342356621929337385e-03	1.293836495763556107e-03	4.057563728838668379e-03	-3.738956341900006013e-04	-1.447186282420037488e-03	-1.137558173669064258e-03	-3.047745557595681466e-04	3.593526214624692683e-03	-4.107598122573863017e-03	1.091688301064523085e-03	2.137253491470667965e-03	7.084536202124890611e-05	2.668021346392122906e-03	-4.313612383583923827e-03	-5.296455074366983751e-04	-2.716474416448771273e-03	1.739829449180746879e-03	-7.702686329359616224e-04	-1.020234233259523747e-03	2.429157711106712941e-03	-9.730034980842537000e-04	4.970142384090235621e-03	8.264288706251762644e-04	-1.181633503665117414e-02	1.139951548992799730e-03	1.922375685935985568e-03	-2.472068869124985965e-03	-3.963333692624769478e-03	-5.268407869949701811e-03	1.610531584731728430e-02	-8.174716356091347221e-04	8.658350095995321488e-03	1.396883693132073840e-04	-3.908140187375277672e-03	2.588667880567719227e-03	7.497850974406709314e-03	5.822459948181995908e-03	-1.958185687328140023e-02	2.379508612035732655e-03	6.818078507018163767e-04	1.003423909870722634e-03	-4.660506312469474798e-03	1.224034356784725825e-03	7.403360347123796176e-03	5.415545785406107896e-04	-1.113244677446679912e-03	1.688470717281432025e-03
-1.376249781862914163e-04	2.006567132948750866e-03	-1.728474581188548052e-03	-7.164439533710259891e-04	1.826392946103088267e-03	1.450194047251190076e-03	-9.667459408063388410e-04	-1.620692754877979210e-04	2.904770383786868700e-03	-2.208979674514824874e-03	-8.955581410508825285e-04	9.217716847690418658e-03	4.203938638261233958e-04	-3.647972849086325315e-03	3.110534975069659540e-04	1.452669170027385583e-03	-2.495940084340057818e-03	2.328028984782228906e-04	4.904524873087045102e-04	-3.239665119362913730e-03	-2.458671754378165459e-04	3.920630095806209138e-05	2.659660385493057937e-03	9.155538676402596001e-04	-1.532995485194034360e-03	9.971955735633912521e-03	-1.834017421239122212e-03	-3.263623974989927554e-03	-2.020228617970701301e-03	2.662060799795498874e-03	-2.759373117387099576e-04	-7.256797434228571229e-03	2.268522542906785747e-03	-6.369441087493303609e-04	7.710043460669929261e-04	-3.447126920985096356e-04	1.464283016923076473e-03	3.169793322835130767e-03	-8.034722814627743084e-03	8.742665224995061803e-04	1.539043379183031900e-03	-5.615937943829288695e-03	-3.431449927581317573e-04	1.744693140316826586e-03	5.865830617028664970e-03	-1.515287717520018588e-03	-8.174716356091347221e-04	6.816270139935191180e-03	-2.738083792017458550e-04	1.963906422671522420e-03	1.888781727316372026e-03	-5.301578557219754429e-04	-9.996801382149939769e-03	5.415545785354624556e-04	2.575986371796778421e-03	-7.356782837803242658e-03	-4.369653661767753587e-04	5.514113393893760014e-04	1.713618864145945858e-03	-4.176199978058984727e-03	-2.010248397832274734e-04	3.716631404885471258e-03	-3.532372629622339277e-03	-7.492832138055810975e-04
-2.347321244652656944e-03	-1.796515994804054502e-03	1.736685965878911973e-03	-2.550930213365120033e-04	-1.859567246772547613e-03	-2.083818420351576765e-03	4.107636962789123179e-03	-8.226821886829476654e-04	-9.844378572701336857e-04	-1.595160161050803967e-03	6.494070773752592604e-04	-3.764847625230135445e-03	1.113854582592583176e-03	1.628873648897377429e-04	-2.193920129240193879e-04	5.825057479612478009e-03	1.079622145960206945e-03	1.007024513449989150e-03	-1.415677441882601424e-03	8.206848263247080045e-04	-5.069635357163917435e-04	1.621829390511702652e-04	-1.359938781282502007e-03	-3.696603911838144615e-03	3.238890052538765784e-03	-4.418796685093010976e-03	1.716849314973320755e-03	3.359323992202759620e-03	-9.867208551248630218e-04	4.326405675783328783e-03	-2.622629161537318697e-03	-8.521484312434135381e-04	-2.947815967184837758e-03	-1.445002552818727345e-03	4.453206874820060494e-03	-3.959176885852628896e-04	-9.084811929661045123e-04	-1.583330031149374293e-03	5.768835419183819535e-03	6.895849560364493641e-04	-1.097572106382335017e-02	1.383113464333041252e-03	4.635014492655379725e-04	-3.748817497924314401e-03	-5.766710462262935807e-04	-3.268110609066001912e-03	8.658350095995321488e-03	-2.738083792017458550e-04	1.102883151464235933e-02	5.936992693247904922e-04	-3.912533871609495673e-03	3.077886890551529385e-03	5.333320512313204781e-03	4.343806599617488877e-03	-1.593860526803121680e-02	1.631748796069815892e-03	-9.738349123589387516e-04	4.333371369156347017e-04	-1.423698883659374448e-04	9.943608728708267386e-04	7.278451616648728625e-04	-9.667459408010768826e-04	2.732104592430979230e-03	-1.387729271983648149e-03
-4.891506880965150331e-04	-2.666860790481729183e-03	1.054091997577430223e-03	-1.164962165596146188e-04	1.244504059887166416e-03	-8.015617217260679120e-04	-2.193920129253218399e-04	5.733577895892410722e-03	-8.041599794597216987e-04	-1.326935987529513899e-03	8.049876099324815380e-05	2.675959169260535599e-03	2.108851928561060419e-04	-3.427691424196863904e-03	2.245051025691652442e-03	1.571207103106082295e-03	-3.043196583907103298e-04	1.176524637042038451e-03	-1.381685889237708705e-04	-3.050429766123919847e-03	-1.189330832711495405e-03	6.470762421132039525e-03	-1.964270480860099734e-03	-3.140313825509697971e-03	-8.413345695628651928e-04	2.290131279650315863e-03	-1.865348303058689435e-03	-2.279558319603957120e-03	1.442047016347772648e-03	1.320094565530430166e-03	-5.496618428315735300e-04	4.563661961050019620e-04	1.847406732510767976e-03	-9.283483550165101770e-04	3.673153842376046269e-05	2.299504804843741090e-03	2.147226355678198174e-03	-2.363316882487165229e-03	-5.257764758424655167e-04	2.301741906060363399e-03	-1.104933977825343049e-03	-5.141928202241748125e-03	7.450541065497371176e-03	3.642929046771443426e-04	-1.327337919480942388e-03	-4.158091000416133426e-04	1.396883693132073840e-04	1.963906422671522420e-03	5.936992693247904922e-04	4.589333399780796269e-03	-4.619882075738806354e-03	-4.642587549971851583e-04	-8.665928935071400344e-04	8.097015094729559208e-04	1.242383667597384391e-03	-5.376306003378262914e-03	4.953758055588544131e-03	6.342745732268047741e-04	-1.946943872499510599e-03	1.353965438943500197e-03	1.226455943440859717e-03	3.110534975064696062e-04	-2.357710834770700321e-03	4.205405106333979333e-04
1.229083001053097885e-03	6.366424267614311655e-03	-3.850325652861398551e-03	8.771121378945360546e-04	1.249944137773464307e-03	2.203214301966344938e-03	-1.359938781285681538e-03	-8.228275297320333456e-03	4.279624710202702305e-03	-2.876542588035854763e-04	-8.413031569862972851e-04	6.880390478044649122e-03	-3.324266532338577174e-04	1.424527708700448238e-03	-1.964270480858191538e-03	-3.475056709025700370e-03	-1.586364695100995689e-03	-3.997203678063125079e-05	2.477449665444924915e-04	1.341323446659796123e-03	1.206131347032424108e-03	-1.115669289287367708e-02	6.049464195006511863e-03	6.291345478391094370e-03	-1.011155432721552510e-03	7.014505823793288665e-03	1.078807845813005558e-03	8.626317107749095119e-04	-1.819711359844447323e-03	-2.110220276856923129e-03	1.449361088102192564e-03	-4.478617031758560033e-03	1.907387856278481523e-04	2.141994423835573988e-04	-7.511710937753762665e-04	-2.804085599688089982e-03	-2.618041690654481944e-04	7.332853069124820738e-03	-9.871418464800038595e-03	-1.652889754343122089e-03	5.799351576366181676e-03	2.408154588080212155e-03	-1.449448785752701328e-02	1.051648208345695810e-03	6.968614866366089691e-03	1.367639856196272439e-03	-3.908140187375277672e-03	1.888781727316372026e-03	-3.912533871609495673e-03	-4.619882075738806354e-03	1.313092649572153089e-02	-1.189917283305713495e-03	-1.254118127254073845e-02	-1.137558173671557706e-03	3.118731621580849746e-03	-4.590917565350201898e-04	-8.810316673186699421e-03	-1.473788714272435216e-03	5.071248889274543314e-03	-6.463428663659594522e-03	-2.404262277678490337e-03	2.659660385494208926e-03	-5.153768291745312348e-04	1.865309894717144068e-04
-3.489639512771975434e-06	3.019975580013885058e-04	3.321778260978772938e-04	-2.939605621866201411e-03	2.178297458564708278e-04	4.336703894321653971e-03	-2.622629161531938452e-03	-5.065413155889444095e-04	-1.933903897056783619e-04	-1.117527949861480752e-04	1.298270352083041347e-03	-1.419226482121264455e-04	2.262966675348139002e-04	-3.241312620983637007e-04	-5.496618428317149099e-04	1.744901457170146882e-03	3.271830633984199109e-04	-1.250458834276655220e-03	2.732643644261754934e-05	6.027709972838642995e-04	-1.575980864981858538e-03	-7.451049445481937967e-04	1.449361088103011570e-03	-1.655929346759001499e-04	2.540586068379536468e-03	3.070130851713059579e-04	-2.100339497335844603e-04	6.763309868675081203e-04	-4.318888758759123351e-04	2.726231531659862803e-03	-2.305642599288357762e-03	-1.002907207207209220e-03	-7.769783855449056802e-04	6.794055522825413729e-05	1.207452723909128740e-03	-6.087297643220678954e-04	1.970812107254620287e-04	5.666330736254483833e-04	-5.989372819616114096e-04	-1.586896285416981682e-03	-4.397842189151221493e-03	9.226631916917965495e-04	6.267784760114539222e-04	-4.396139801051039166e-03	-1.524127837980723344e-04	4.787844224406732647e-04	2.588667880567719227e-03	-5.301578557219754429e-04	3.077886890551529385e-03	-4.642587549971851583e-04	-1.189917283305713495e-03	4.566985647300390340e-03	2.527096736313704612e-04	-4.313612383580834285e-03	7.672137563364180707e-04	6.216585710504388997e-04	2.504816457840476455e-04	-1.726840387926505908e-03	1.210316350186044459e-04	8.410035271459124226e-04	1.409595742446612468e-03	-2.759373117360692206e-04	-1.327422448017845401e-04	1.944785587305619565e-06
-9.305778979465473364e-04	-8.508187754449570914e-03	5.646890890818310506e-03	2.286680914837468069e-03	-8.814830741042237183e-03	-6.802310139510314539e-03	5.768835419187960320e-03	1.359237557023002712e-03	-8.774657504474240102e-03	6.693029615143060267e-03	4.550696705776585086e-04	-3.093926860370184440e-02	-6.650027913654840347e-04	1.018245703581186976e-02	-5.257764758488971124e-04	-2.895216308244983184e-04	5.034429827387908174e-03	-1.293226991864907666e-03	-3.686002458791512015e-04	8.158401068951118273e-03	1.615025354293080301e-03	2.865751733160451335e-03	-9.871418464793956654e-03	-5.099706570529341509e-03	4.012825158116810689e-03	-3.066898641620657492e-02	7.453617832495278497e-03	8.948687299323961758e-03	1.995508848519953523e-03	-3.346954417820872160e-03	-5.989372819602063920e-04	1.300232005087125636e-02	-7.107740709934055531e-03	9.155440387548748667e-04	3.620434337965710279e-04	1.646696722863813522e-03	-7.080526926874084609e-03	-1.178535923436569051e-02	3.093548493825055631e-02	-1.173502962391672526e-03	-8.058711714046460500e-03	1.050859663316588109e-02	4.790969033378468349e-03	-2.938160828810475970e-03	-1.473951685863526123e-02	-1.166714005036064133e-03	7.497850974406709314e-03	-9.996801382149939769e-03	5.333320512313204781e-03	-8.665928935071400344e-04	-1.254118127254073845e-02	2.527096736313704612e-04	3.666044269970794578e-02	4.970142384093477819e-03	-1.590033842988236232e-02	1.473104321031534422e-02	3.027711880434905741e-03	8.813679156294195946e-04	-6.053242650259416970e-03	1.261731083492554847e-02	6.932103186242568466e-04	-8.034722814632039994e-03	1.044267973266485225e-02	-3.033387154266671288e-04
-2.576200729867706915e-03	-1.917210708847031124e-03	1.508972019370470857e-03	3.593526214631225218e-03	-2.716474416445398971e-03	-1.181633503665578851e-02	8.658350095989598635e-03	6.818078507021762234e-04	7.233630003678685836e-05	1.449421714476706747e-03	-5.342356621932059166e-03	-4.107598122579476582e-03	1.739829449186593765e-03	1.139951548991824598e-03	1.396883693156316872e-04	1.003423909878006087e-03	9.133032063463092549e-04	8.601743472967613444e-04	1.293836495757273372e-03	1.091688301062671267e-03	-7.702686329370967821e-04	1.922375685941491146e-03	-3.908140187377769602e-03	-4.660506312487319031e-03	-4.227168201415243756e-03	-5.953429108052979424e-03	4.057563728832707869e-03	2.137253491491807305e-03	-1.020234233254162150e-03	-2.472068869133523840e-03	2.588667880566592090e-03	1.224034356789072174e-03	-2.122202132857304701e-03	-1.382298282623236566e-03	-3.738956341788432936e-04	7.084536202355797214e-05	2.429157711098474306e-03	-3.963333692629147052e-03	7.497850974407549787e-03	7.403360347136230674e-03	-1.466399781313494546e-03	5.075455996459254503e-04	-1.447186282414433030e-03	2.668021346374671587e-03	-9.730034980899350278e-04	-5.268407869943479357e-03	5.822459948181995908e-03	5.415545785354624556e-04	4.343806599617488877e-03	8.097015094729559208e-04	-1.137558173671557706e-03	-4.313612383580834285e-03	4.970142384093477819e-03	1.610531584732026456e-02	-1.958185687328432845e-02	-1.113244677443336666e-03	-1.850145672248977493e-03	1.245847060976465210e-03	-3.047745557383962261e-04	-5.296455074293330645e-04	8.264288706097033983e-04	-8.174716356108655425e-04	2.379508612030369757e-03	1.688470717283259773e-03
4.192889665384554737e-03	2.599081832669928281e-03	-3.014619942733963442e-03	-3.636272952724408335e-03	6.623768089804468913e-03	1.551592186325184350e-02	-1.593860526803043964e-02	5.916800587164375118e-03	2.599081832678444906e-03	4.436826526811567999e-05	1.400962229005779137e-04	1.577475819571288324e-02	1.199495936296298272e-04	-6.954250690556045868e-03	1.242383667593785490e-03	-3.065730297549283841e-03	-3.014619942737784171e-03	1.400962228835407608e-04	3.855142150044089120e-04	-7.657682205684450231e-03	-6.747195853255031836e-04	7.650093989202874298e-03	3.118731621573340128e-03	4.324483724138307103e-03	-3.636272952717620362e-03	1.577475819570458085e-02	-7.657682205676284021e-03	-1.035050833351980337e-02	1.811015483703880789e-03	2.452444245593583469e-03	7.672137563357905345e-04	-1.640334108822170261e-03	6.623768089802160863e-03	1.199495936433401600e-04	-6.747195853345644033e-04	1.811015483710231178e-03	-7.075738978545179168e-04	2.716787283970650835e-03	-1.590033842986479304e-02	-3.715759561680825884e-03	1.551592186324677464e-02	-6.954250690557155223e-03	7.650093989188672117e-03	2.452444245594994666e-03	2.716787283982435679e-03	7.264503230474641388e-03	-1.958185687328140023e-02	2.575986371796778421e-03	-1.593860526803121680e-02	1.242383667597384391e-03	3.118731621580849746e-03	7.672137563364180707e-04	-1.590033842988236232e-02	-1.958185687328432845e-02	4.622812891111611339e-02	-6.841849940262436161e-03	5.916800587153256408e-03	-3.065730297538954430e-03	4.324483724104195501e-03	-1.640334108820431852e-03	-3.715759561652693006e-03	2.575986371788650808e-03	-6.841849940245916389e-03	-4.322938545268621290e-04
6.294326146344470982e-05	-8.303649937930012814e-05	1.284876973507151528e-03	7.519864174784238534e-04	-4.569650595148220390e-03	-6.403255609482261484e-05	2.732104592437031680e-03	-9.736294234414868964e-03	-2.068588553226690264e-03	3.223688283040235941e-03	1.859183644900945943e-03	-1.397974216502583834e-02	-1.588261454986275968e-03	8.133520675712364520e-03	-2.357710834774921771e-03	-1.980168885026336537e-03	2.358117222722586320e-03	-1.678401425176759190e-03	-1.628099594721874651e-03	6.841664969718925723e-03	4.479173818711171262e-03	-9.416246273488209154e-03	-5.153768291594111681e-04	4.074163405001792956e-03	3.464702360496564083e-03	-1.320180726705538765e-02	4.308939820723022007e-03	5.595489049539154394e-03	-3.411238565663447971e-04	-1.755055227432727972e-03	-1.327422448007025335e-04	3.170591308805089954e-03	-4.878152437824811311e-03	1.522620505088845017e-03	1.681283904927959819e-03	-1.678979188644031317e-03	-7.246221743259799800e-03	-2.967252318508253927e-04	1.044267973264258707e-02	-5.329212839243933734e-03	-1.194353677351651325e-03	1.050206255782475812e-02	-8.514701266721876743e-03	-1.020313048283698885e-04	-3.227166136470239685e-03	2.754675864235537025e-04	2.379508612035732655e-03	-7.356782837803242658e-03	1.631748796069815892e-03	-5.376306003378262914e-03	-4.590917565350201898e-04	6.216585710504388997e-04	1.473104321031534422e-02	-1.113244677443336666e-03	-6.841849940262436161e-03	1.598867007088199468e-02	-6.526467564787463531e-03	4.675764976765291485e-04	6.546450261566916446e-04	2.729721609582699479e-03	-1.686408300060051810e-03	-3.532372629618033694e-03	6.738420209985199541e-03	-1.408528601131189568e-03
5.957749970753845829e-04	-5.298518260248071682e-03	1.882994270931541447e-05	-6.662783842624976551e-04	5.538052732116400395e-03	-4.400800960966731387e-03	-8.226821886772670966e-04	2.148022442795646109e-02	-6.948471500971477310e-03	-4.414027492621878240e-03	4.568038694108197094e-03	1.066456967678146512e-03	-7.607113109979561898e-04	-9.566051727412719363e-03	5.733577895897378970e-03	2.253537158165530921e-03	2.871589562225613959e-05	2.211538477950181908e-03	1.247241721513582449e-03	-7.808028040771477184e-03	-5.221957084001955726e-03	2.731554081244737947e-02	-8.228275297343360176e-03	-1.096233709277705769e-02	1.602834040675163788e-03	2.520040432090136107e-03	-8.535942886104475741e-03	-4.877151858094521363e-03	5.272951800180107618e-03	-1.589661968130344147e-03	-5.065413155847395483e-04	7.875797558850669219e-03	7.070030785396404747e-03	1.336539397156223793e-03	-7.330147924515601626e-03	5.804409067640488654e-03	9.779069739139931161e-03	-9.829928842478640599e-03	1.359237557054930514e-03	3.752576584877632959e-03	-7.009443218495904279e-03	-9.901670638252776588e-03	2.832502152140176782e-02	-1.265660425989840890e-03	-1.036896938977041605e-02	1.443058496668606083e-03	6.818078507018163767e-04	-4.369653661767753587e-04	-9.738349123589387516e-04	4.953758055588544131e-03	-8.810316673186699421e-03	2.504816457840476455e-04	3.027711880434905741e-03	-1.850145672248977493e-03	5.916800587153256408e-03	-6.526467564787463531e-03	2.571704067258490448e-02	4.187564997676526853e-03	-1.410487568724697743e-02	1.015026658140881846e-02	6.244995270574366444e-03	-1.620692754901611565e-04	-9.736294234402554162e-03	5.622891339870934434e-04
-8.072811204141276415e-04	-2.368083105629382947e-04	-4.363007206772258296e-04	9.709041477295302959e-04	-2.196601597998030500e-05	-4.363676110073624187e-03	5.825057479614714935e-03	2.253537158166989390e-03	-1.883225964175131318e-03	-8.965516910080949600e-03	7.231455350279086466e-03	1.879572000343843804e-03	-3.202519631529600341e-03	-2.045711202408371718e-03	1.571207103105876079e-03	2.042805128861173436e-03	5.248393535748729737e-04	1.842775162798335632e-03	-1.831599598472885776e-03	-1.527399716135333357e-03	4.237328433675463871e-03	4.777359837733391457e-03	-3.475056709023646023e-03	-1.274545417229690225e-03	7.029399857185624108e-04	3.126335685597645547e-03	-3.805854145236938369e-03	-1.420330267579685869e-03	6.083523019300058916e-04	-1.465715148047385362e-03	1.744901457176068794e-03	-1.019991226052916253e-04	1.158433722832469823e-03	3.413706390861550016e-03	-4.813959929476148425e-03	-5.390799483654614994e-04	2.243559448477812183e-03	7.309287345619089587e-04	-2.895216308291887939e-04	-1.143969963506606203e-03	-5.004284865051406711e-04	-4.364179409837493952e-03	6.944258289123793511e-03	5.736989267133897966e-03	-1.853303880428269507e-03	-1.780600706181391596e-03	1.003423909870722634e-03	5.514113393893760014e-04	4.333371369156347017e-04	6.342745732268047741e-04	-1.473788714272435216e-03	-1.726840387926505908e-03	8.813679156294195946e-04	1.245847060976465210e-03	-3.065730297538954430e-03	4.675764976765291485e-04	4.187564997676526853e-03	1.257673502337947405e-02	-1.595909083121202499e-02	-1.422982155729174934e-03	4.315043273946194032e-03	1.452669170024993399e-03	-1.980168885025086235e-03	-3.418199955294630964e-03
5.009147453890517193e-06	3.483907417883118363e-03	-7.634718777490602255e-05	4.819880164306965188e-04	-1.977657674229217448e-03	5.734493140432573785e-03	-3.696603911832253495e-03	-1.096233709278341892e-02	5.797810728413423792e-03	1.169007256158373018e-02	-1.379887067798949221e-02	4.046680902562285742e-03	5.178327464491593556e-03	2.552619586536834621e-03	-3.140313825513095427e-03	-1.274545417219822901e-03	-1.341066534414011441e-03	-9.078791421677319048e-04	-7.599596251513701705e-04	1.778079950992221721e-03	2.545538468902388239e-03	-1.360094395804617440e-02	6.291345478398473016e-03	7.438271747933069417e-03	-2.775016815087483560e-03	2.604984776308826543e-03	4.951350105765427861e-03	4.415900886396599621e-04	-3.552992244617844686e-03	4.473238867590298255e-03	-1.655929346848657429e-04	-5.341670054216981350e-03	-2.428423284587039564e-03	-5.790295290417400188e-03	1.549113913455472946e-02	-2.268452498152573674e-03	-1.457977121979440668e-02	5.326467076764871030e-03	-5.099706570530684185e-03	-1.976080895077265628e-03	4.740442708879517679e-03	4.718106848258272340e-03	-1.756520033381927387e-02	-1.155727835433444485e-03	9.057302895918443314e-03	6.065506193649435268e-05	-4.660506312469474798e-03	1.713618864145945858e-03	-1.423698883659374448e-04	-1.946943872499510599e-03	5.071248889274543314e-03	1.210316350186044459e-04	-6.053242650259416970e-03	-3.047745557383962261e-04	4.324483724104195501e-03	6.546450261566916446e-04	-1.410487568724697743e-02	-1.595909083121202499e-02	3.887924928978229999e-02	-6.174518194153537365e-03	-1.633828780802275282e-02	9.155538676469782925e-04	4.074163404995378816e-03	-3.615899108933557488e-05
9.894985370984903626e-04	-5.234147494195155043e-03	2.075851127227062304e-03	1.566630804487252051e-03	-3.577793114364126469e-04	-3.153142320946937267e-03	-8.521484312433401376e-04	7.875797558849602364e-03	-4.940725164707636397e-03	2.025380231862658215e-03	2.037997449609000363e-03	-1.444194465956705024e-02	-9.526269060577562033e-05	2.988215385682535183e-03	4.563661961065757899e-04	-1.019991225976091449e-04	1.406828696458640917e-03	8.318162619517659217e-04	3.458561916526177839e-04	4.059411757665777739e-04	-3.218867395439380281e-03	9.275409544228226805e-03	-4.478617031769099345e-03	-5.341670054235725038e-03	3.467462739184844558e-03	-1.177130343242502319e-02	6.502999997100251733e-04	4.282203880926845410e-03	2.984287685481365211e-03	-2.699932047848011517e-03	-1.002907207204219425e-03	8.079066243102525288e-03	1.078017819753230699e-04	3.185827912224623655e-05	-2.302456439628917072e-03	5.377176519666345550e-03	1.225930281310251644e-03	-1.069218617540047475e-02	1.300232005088854635e-02	8.256796555111177243e-05	-5.623690993246459671e-03	1.768153361916746527e-03	9.366129891418124159e-03	-5.301555559050163263e-03	-8.025278765952874316e-03	2.419383722950594132e-03	1.224034356784725825e-03	-4.176199978058984727e-03	9.943608728708267386e-04	1.353965438943500197e-03	-6.463428663659594522e-03	8.410035271459124226e-04	1.261731083492554847e-02	-5.296455074293330645e-04	-1.640334108820431852e-03	2.729721609582699479e-03	1.015026658140881846e-02	-1.422982155729174934e-03	-6.174518194153537365e-03	1.561761478574313564e-02	1.867084540176582041e-03	-7.256797434236923056e-03	3.170591308816000931e-03	8.522481507622955543e-04
-1.165592024223489117e-03	2.371338525470667916e-04	-1.987868317601359223e-04	-4.929932733489777313e-03	1.245584369025422950e-03	-7.513578882624232739e-05	6.895849560259162316e-04	3.752576584879501690e-03	-1.989601589656163436e-03	-1.498676445284271479e-03	4.152309263129358441e-03	2.594545834922889907e-04	-3.092328737035456195e-03	-2.754401615834874487e-03	2.301741906060099721e-03	-1.143969963515427271e-03	8.889169148396766813e-04	-4.749968010840243011e-03	2.597121780561129599e-03	4.673009201684203838e-04	-2.829943852300105187e-03	5.388631175185323342e-03	-1.652889754344374993e-03	-1.976080895069546976e-03	2.700347802200937157e-04	2.246919624307699721e-03	-2.663782284045223062e-03	-2.751590166377408317e-03	1.695152079514436385e-03	-3.259295725492831878e-04	-1.586896285415016457e-03	8.256796554200801139e-05	7.833410225198422262e-04	3.402939347247217316e-03	-8.149695711365546533e-03	5.184212233334075694e-04	1.062382385670558593e-02	-1.602236727788747608e-03	-1.173502962390716477e-03	2.869011574417681260e-03	-3.128402310802523220e-03	-3.103574096818794738e-03	8.330219772837604494e-03	3.704743882945903057e-05	-4.798566412000236647e-03	-1.897264141583990043e-03	7.403360347123796176e-03	-2.010248397832274734e-04	7.278451616648728625e-04	1.226455943440859717e-03	-2.404262277678490337e-03	1.409595742446612468e-03	6.932103186242568466e-04	8.264288706097033983e-04	-3.715759561652693006e-03	-1.686408300060051810e-03	6.244995270574366444e-03	4.315043273946194032e-03	-1.633828780802275282e-02	1.867084540176582041e-03	1.301512011592570114e-02	8.742665224943466790e-04	-5.329212839239831981e-03	3.644200051795467871e-03
-1.376249781877849048e-04	2.904770383791391124e-03	-2.495940084343140422e-03	-1.532995485197508143e-03	2.268522542908360876e-03	1.539043379184780718e-03	-2.738083792001565773e-04	-4.369653661814907166e-04	2.006567132953000071e-03	-2.208979674510604726e-03	2.328028984761013238e-04	9.971955735636420931e-03	-6.369441087502533422e-04	-5.615937943827748260e-03	1.963906422669713103e-03	5.514113393820438674e-04	-1.728474581190400086e-03	-8.955581410562186463e-04	4.904524873080955139e-04	-1.834017421229546755e-03	7.710043460751066615e-04	-3.431449927755096749e-04	1.888781727322851219e-03	1.713618864166230413e-03	-7.164439533705541444e-04	9.217716847708359168e-03	-3.239665119374252750e-03	-3.263623974999334092e-03	-3.447126920964635835e-04	1.744693140321375898e-03	-5.301578557247750697e-04	-4.176199978063898331e-03	1.826392946103922235e-03	4.203938638275132346e-04	-2.458671754330217702e-04	-2.020228617978005355e-03	1.464283016909852676e-03	5.865830617041460290e-03	-9.996801382158956861e-03	-2.010248397928657868e-04	1.450194047248594062e-03	-3.647972849094449459e-03	3.920630096782230973e-05	2.662060799798307825e-03	3.169793322833570383e-03	-1.515287717521923098e-03	5.415545785406107896e-04	3.716631404885471258e-03	-9.667459408010768826e-04	3.110534975064696062e-04	2.659660385494208926e-03	-2.759373117360692206e-04	-8.034722814632039994e-03	-8.174716356108655425e-04	2.575986371788650808e-03	-3.532372629618033694e-03	-1.620692754901611565e-04	1.452669170024993399e-03	9.155538676469782925e-04	-7.256797434236923056e-03	8.742665224943466790e-04	6.816270139942104053e-03	-7.356782837807182215e-03	-7.492832138045206394e-04
6.294326146395797113e-05	-2.068588553233308234e-03	2.358117222728443180e-03	3.464702360494349709e-03	-4.878152437828065652e-03	-1.194353677344201121e-03	1.631748796064692820e-03	-6.526467564777347491e-03	-8.303649938576552385e-05	3.223688283033687360e-03	-1.678401425173569250e-03	-1.320180726705854485e-02	1.522620505090366153e-03	1.050206255782053927e-02	-5.376306003375424039e-03	4.675764976861026536e-04	1.284876973508896009e-03	1.859183644909018045e-03	-1.628099594721848196e-03	4.308939820712020391e-03	1.681283904917284114e-03	-8.514701266700650667e-03	-4.590917565393781404e-04	6.546450261276609388e-04	7.519864174741986091e-04	-1.397974216504648849e-02	6.841664969728067716e-03	5.595489049534331863e-03	-1.678979188642993952e-03	-1.020313048236712002e-04	6.216585710499634770e-04	2.729721609593517215e-03	-4.569650595146165610e-03	-1.588261454989215457e-03	4.479173818707096397e-03	-3.411238565591923153e-04	-7.246221743246659269e-03	-3.227166136480730425e-03	1.473104321031730619e-02	-1.686408300047433431e-03	-6.403255609152227633e-05	8.133520675714456596e-03	-9.416246273477372336e-03	-1.755055227431204234e-03	-2.967252318609327590e-04	2.754675864237901128e-04	-1.113244677446679912e-03	-3.532372629622339277e-03	2.732104592430979230e-03	-2.357710834770700321e-03	-5.153768291745312348e-04	-1.327422448017845401e-04	1.044267973266485225e-02	2.379508612030369757e-03	-6.841849940245916389e-03	6.738420209985199541e-03	-9.736294234402554162e-03	-1.980168885025086235e-03	4.074163404995378816e-03	3.170591308816000931e-03	-5.329212839239831981e-03	-7.356782837807182215e-03	1.598867007087856687e-02	-1.408528601131687867e-03
-3.260848488935614870e-04	1.991271742953636299e-04	4.619028538229349177e-04	-2.001498801222050938e-03	9.992365987653554658e-05	6.310457595800548873e-04	-1.387729271985802242e-03	5.622891339871385463e-04	1.991271742949375656e-04	3.754345696505690874e-03	-2.750698019416492925e-03	-4.051598180024374753e-04	2.369179996112889884e-04	2.695602343686593141e-04	4.205405106350019019e-04	-3.418199955297612953e-03	4.619028538237299631e-04	-2.750698019418349946e-03	2.245140731149861645e-03	9.485099970054373508e-04	-2.732388841416701596e-03	1.645736359602272133e-04	1.865309894681350760e-04	-3.615899108401108512e-05	-2.001498801221997595e-03	-4.051598180060645652e-04	9.485099970053549514e-04	-8.283388073604398653e-04	6.587560898151467812e-04	-1.316948162527613840e-03	1.944785588500325655e-06	8.522481507648609934e-04	9.992365987468977370e-05	2.369179996138971451e-04	-2.732388841420373138e-03	6.587560898137550993e-04	4.035190821741384271e-03	-1.442300337179677934e-03	-3.033387154233417723e-04	3.644200051793173700e-03	6.310457595762741659e-04	2.695602343708450115e-04	1.645736359583050584e-04	-1.316948162527122480e-03	-1.442300337179737999e-03	1.266556995276613682e-05	1.688470717281432025e-03	-7.492832138055810975e-04	-1.387729271983648149e-03	4.205405106333979333e-04	1.865309894717144068e-04	1.944785587305619565e-06	-3.033387154266671288e-04	1.688470717283259773e-03	-4.322938545268621290e-04	-1.408528601131189568e-03	5.622891339870934434e-04	-3.418199955294630964e-03	-3.615899108933557488e-05	8.522481507622955543e-04	3.644200051795467871e-03	-7.492832138045206394e-04	-1.408528601131687867e-03	5.102641120066650840e-03
