1.406583630729461810e-03	4.041582905739638182e-04	-4.779476981081956510e-04	1.458504629574750413e-03	4.140178097872889047e-04	2.641918083700703639e-04	-1.761907740409205791e-03	9.117707860430578797e-05	4.041582905707137054e-04	4.066145848772918011e-04	1.427962919212058697e-04	-4.236400542564410583e-04	1.762921283595891308e-05	5.939557603869382706e-04	-5.969533961279356853e-04	-8.970672104960256479e-05	-4.779476981055538840e-04	1.427962919185352358e-04	1.214175403172883136e-04	-5.350908025166533927e-04	-3.382813049688199007e-04	3.037622063043333813e-05	6.710326854458849560e-04	-1.054208071566718752e-03	1.458504629574628331e-03	-4.236400542563303071e-04	-5.350908025185791526e-04	3.024757172327144188e-03	5.816786724667185639e-04	-6.769742688217668218e-04	-3.184899035522285133e-04	9.251501938346321733e-04	4.140178097853720353e-04	1.762921283822379786e-05	-3.382813049723751623e-04	5.816786724642565576e-04	-1.281818055669800907e-04	-6.824402742292653588e-04	1.116294068780936881e-04	1.388637663092387768e-04	2.641918083694787690e-04	5.939557603895178044e-04	3.037622062885635252e-05	-6.769742688198438808e-04	-6.824402742322654546e-04	3.169397511926493397e-04	-9.150901631166595248e-04	-7.199644512438383229e-04	-1.761907740411204626e-03	-5.969533961313409475e-04	6.710326854508406273e-04	-3.184899035529621929e-04	1.116294068769814593e-04	-9.150901631179327034e-04	3.478276787491220434e-03	7.676320282827949143e-04	9.117707860475414623e-05	-8.970672104681506746e-05	-1.054208071575461758e-03	9.251501938302342156e-04	1.388637663126754537e-04	-7.199644512400685519e-04	7.676320282791035312e-04	2.491801370300105985e-04
4.041582905739638182e-04	5.341159248818322554e-03	-2.742906531061786810e-03	1.205847979252966601e-04	-3.340074279168993862e-04	1.202326458301723375e-04	-1.021009544578139875e-04	-5.379884098427632939e-03	1.686227554159267731e-03	5.025955814801532154e-03	-2.818830008770242812e-03	3.151172059062898496e-03	-1.240773791389485872e-04	-1.196474157526555056e-03	-3.570862433919861473e-04	-3.341894577521311790e-03	-2.467110018299700438e-05	-1.961408885175787258e-03	-2.820197371243195346e-04	-1.386212234532618317e-03	2.585827382502518985e-03	2.258400672932891519e-03	-1.669961139841955261e-03	5.928293458970227553e-03	-1.362772710845267844e-04	5.283208373722617264e-03	-3.508863058843372969e-03	-1.701367401228932093e-03	1.452772203947373924e-03	1.193163312761275768e-03	-3.865781764294191404e-04	-4.774981378846412873e-04	-1.450096358466244212e-03	-2.844692992910676540e-04	3.195455670210010576e-03	-2.834812074140412698e-04	-5.524177899447589232e-03	-1.204145814536092002e-03	3.065992371212673036e-03	-2.944935906358088495e-03	5.095344667501900023e-04	-1.996744915784726837e-05	8.254325143601167489e-04	1.013213179777506254e-03	-2.712438255383118908e-03	-7.878176233513394140e-04	3.753086060324805793e-04	-1.786552531328763167e-03	-8.006769035546266837e-04	-3.241558946673239218e-03	3.673313339884376385e-03	-5.585519687106835132e-04	1.762483039028266965e-03	4.261892146765399402e-04	5.579516618987032713e-05	4.440821641987136373e-03	-4.336832788739008668e-03	-3.096935291799210108e-03	6.988248508544745233e-03	-2.500862302480387923e-03	-2.658062237341352399e-03	-2.359311444532483960e-04	3.324754329181397929e-03	3.863797172893536813e-04
-4.779476981081956510e-04	-2.742906531061786810e-03	3.333177639075291486e-03	-3.968291180016409207e-04	-2.521069569434324260e-03	-1.098014248687120993e-04	3.722863205448509634e-04	8.759770642875705255e-05	-2.467110018329450268e-05	-4.704336912981029904e-04	1.657808383702494455e-04	-2.297129124106783954e-04	8.187941516107906479e-05	3.108571853528543710e-04	-3.504064518620817338e-05	2.678923846883982042e-04	1.301796192939668720e-04	-4.210505689052464412e-04	2.360113313998606928e-05	5.978091344930191607e-05	1.485024571951689396e-04	1.006656080618125842e-04	-2.575969068903915778e-04	7.459849877220537696e-04	-5.661226563182209740e-04	-1.933712202887627029e-03	4.188600172658079462e-03	2.248165695688907192e-04	-2.449919214737767120e-03	-6.683891322824032661e-04	7.027335007709740403e-04	-1.779944661121894960e-03	-1.624175905765293986e-04	-3.395644717898002780e-06	-2.917516018947540141e-04	2.347904106181354612e-05	8.771344716940773605e-04	-2.556304531910139760e-04	4.916137842798320610e-04	6.774783511976339295e-04	-1.455681123446028041e-04	-1.563025575581466391e-03	3.552404373619635338e-04	-6.765119517520879226e-04	1.519833383664188041e-03	5.718100841813646400e-04	-5.060403311903173855e-04	1.795072285103113414e-03	6.216822596665690917e-04	2.766582414235948563e-03	-4.802374116976388524e-03	7.066113825717737409e-04	1.639203322988290945e-03	-4.650233709466439626e-04	1.005622179690999129e-04	-2.213773482870212174e-03	3.812271145127778553e-05	-2.253535167674031972e-04	3.913569388522649588e-04	4.197791126238763237e-05	-1.041532681128585109e-04	-2.092366331042013752e-04	-1.133503467019135745e-04	2.406883650466541159e-04
1.458504629574750413e-03	1.205847979252966601e-04	-3.968291180016409207e-04	1.080404771595497478e-02	-4.836743334047404657e-04	-1.389625690774799055e-02	6.120166013726714010e-03	-2.597209176415167693e-04	-1.362772710932195379e-04	-1.693173457389865314e-04	-8.684897507051963963e-05	-3.378710769726225621e-04	5.112012682019932480e-04	7.338343158537819801e-04	-6.934502684359030323e-04	7.122759942655807353e-04	-5.661226563100910840e-04	3.306471497037716169e-04	2.470935668463312539e-04	-1.468762948541531537e-03	-5.249651324471465248e-04	-1.698533771603630282e-04	6.688200096160792918e-04	-1.367122194055394062e-03	8.447964891363292719e-03	-1.152531169535942401e-03	-4.864314742644441827e-04	2.405368187506003869e-02	3.440116061417426165e-04	-1.000243360707442179e-02	9.136110166483134699e-05	1.653015726591806119e-03	8.016023581591954442e-05	2.024935877534888781e-04	-4.692891336639203308e-04	4.405417321935719633e-04	-2.736548022878174721e-04	-5.397906115993131933e-05	1.336144175396697647e-03	-1.735889971633868749e-04	-1.160703128201630123e-02	4.481947259800411233e-04	-3.506523950014545218e-04	-8.763063439661971515e-03	-3.547643839161064051e-04	9.386758042746056081e-04	6.438247665759070509e-03	-7.384321529771270803e-04	4.859700887373794888e-03	-6.697653290176671780e-04	1.342459519897309505e-03	-1.893630693625161961e-03	8.812691856969408514e-04	7.710889180159875150e-03	-1.556585827930191332e-02	1.293582798442554629e-03	2.304585017870650868e-05	6.976155183681844851e-04	-6.721159037990548412e-04	7.332476234283917234e-04	-1.028399898435506700e-03	-7.450796317493815941e-04	2.055145082770323990e-03	-9.195209936847534640e-04
4.140178097872889047e-04	-3.340074279168993862e-04	-2.521069569434324260e-03	-4.836743334047404657e-04	5.197298182503789360e-03	1.934543445686219207e-03	-1.606683379256661041e-03	5.250972408952447011e-03	-1.450096358465018630e-03	-3.911813278360606362e-03	2.413998668472941596e-03	-2.336420520124226751e-03	7.693576792366295337e-05	7.702956872815401070e-04	3.414097173997975368e-04	2.455653346691700004e-03	-1.624175905785117809e-04	2.470267254553536185e-03	6.417155146790654301e-06	1.704580859614745082e-03	-2.713958844590300731e-03	-2.812067667025719940e-03	2.302958725934820851e-03	-6.706256129868311266e-03	8.016023581787777618e-05	-1.290965191004458164e-03	-2.933646568257461309e-03	-1.280896457315540155e-03	2.741251066163583831e-03	9.912014431929694509e-04	-7.943012750733557730e-04	3.810368005138004346e-03	1.942340972686170189e-03	4.281062059924196656e-04	-2.461470958739512584e-03	-7.693293351231824252e-06	3.819998913180007970e-03	1.899014515861031493e-03	-4.655545829330118117e-03	1.729931167818527828e-03	1.563951211293660576e-03	2.505788039222112649e-03	-1.527158431159583761e-03	1.291204351016261419e-03	5.174109538201969189e-04	-1.890331531695052547e-04	-6.211645079055349086e-04	-1.455486866869459221e-03	-1.252882780973081211e-03	-1.466663574523567604e-03	3.943843705457770153e-03	-5.977142156387264425e-04	-5.815070251005905605e-03	-8.325691458984194483e-04	2.521356740747769318e-03	-5.448091643578011805e-04	4.232079111388464127e-03	3.306549696533414920e-03	-7.274316699270753570e-03	1.682825361852408920e-03	2.772868939136139896e-03	7.458305233964096070e-04	-3.519223681445298769e-03	-3.814372969819294868e-04
2.641918083700703639e-04	1.202326458301723375e-04	-1.098014248687120993e-04	-1.389625690774799055e-02	1.934543445686219207e-03	2.642701659028286187e-02	-1.521430722523059442e-02	3.508774080917341064e-04	5.095344667613080619e-04	1.302372890634180764e-03	2.134986236659709800e-04	5.911864269408263891e-04	-4.641789312795595313e-04	7.945106983977578193e-04	-7.820623876137967531e-05	-1.324867166524137116e-03	-1.455681123514749112e-04	-1.001873750922414007e-03	3.120655281530402246e-04	2.712287410992145339e-04	1.817957305597384674e-04	1.998257173277241555e-05	-7.927776516012354684e-04	1.855921254779344500e-03	-1.160703128201618847e-02	2.101783538378845491e-04	3.490890486868112198e-04	-3.209896060810149554e-02	3.156911382796278166e-04	1.591726816679773712e-02	-1.337406982984243016e-03	-1.221576261137558017e-03	1.563951211286432417e-03	3.489510915334374189e-04	-4.796370654244393465e-04	4.620636862815595460e-04	4.207407323688417192e-05	-4.852732878263693334e-04	-1.373075911019671020e-03	-6.401463207690932192e-04	2.127625531502870884e-02	8.109243556652780214e-04	2.634074613487403052e-04	1.309273286489936322e-02	-1.080893783761844576e-05	2.263328294125689676e-04	-1.421047283051549842e-02	4.031170197967825093e-05	-1.281780961801950308e-02	8.785471512822972122e-05	-9.515556242577489880e-04	1.321037801375112486e-03	-2.131784723385722700e-03	-1.716859300358211660e-02	3.718008542730369403e-02	-7.270056250544479478e-04	1.028476405893321080e-04	-1.848236782316958510e-04	-2.153611270662515557e-03	-8.737110134659114343e-04	1.347184714143952276e-03	-2.300278877037243287e-04	-5.075920182025327578e-04	7.426729056065571859e-04
-1.761907740409205791e-03	-1.021009544578139875e-04	3.722863205448509634e-04	6.120166013726714010e-03	-1.606683379256661041e-03	-1.521430722523059442e-02	1.216525680599220803e-02	-8.341248031815546833e-04	-8.006769035557982726e-04	-1.763056292774259305e-03	-1.225091523415354391e-04	9.468013250862514739e-04	3.588436812526140740e-04	-8.526504269334390582e-04	5.892655650616036855e-04	1.210639436351748687e-03	6.216822596675880249e-04	4.680685635348333590e-05	-3.512766163979156355e-06	-3.922319793749586741e-04	3.338132019454646609e-04	-6.645664732006598694e-05	-1.124088847954065554e-03	7.795020536840183362e-04	4.859700887379803970e-03	8.387187198807574511e-04	-5.021621713930930851e-05	1.403310081168481285e-02	-8.156394976796962296e-04	-7.836773422969652361e-03	1.795230906849893011e-03	-6.868429911223421919e-04	-1.252882780969250508e-03	3.745830396980259010e-04	1.203809331519255861e-04	-1.066519487488493297e-03	-1.554678916868974228e-04	1.364795983778115639e-03	1.282418810178838093e-03	-6.499032278082918310e-04	-1.281780961802072086e-02	-1.042785649913071993e-03	-1.165619645760974867e-04	-6.481265312179967583e-03	6.047745047424407487e-04	-1.116243433292985095e-03	1.017431340232089441e-02	6.376163378503868018e-04	9.913871296486367890e-03	3.036156766064502556e-04	-7.341059722642759040e-05	4.298788348415140409e-05	1.330798452115372925e-03	1.122857971234462321e-02	-2.836210686393079300e-02	1.956709585515127429e-04	-6.385188762152081655e-04	1.394645018324712753e-03	1.534206645958202924e-03	-1.758500672249228370e-03	-1.198662701367501048e-03	9.509807729570856315e-04	5.630643704490284965e-04	-1.563647017880451066e-03
9.117707860430578797e-05	-5.379884098427632939e-03	8.759770642875705255e-05	-2.597209176415167693e-04	5.250972408952447011e-03	3.508774080917341064e-04	-8.341248031815546833e-04	1.706517836435185453e-02	-4.336832788736403113e-03	-1.075497373809205723e-02	6.628762708146817076e-03	-6.995341521939603055e-03	-2.817275716061716376e-04	2.074422819186107648e-03	1.219431323342897583e-03	6.519224827629895719e-03	3.812271144926387999e-05	6.123760763373852639e-03	-2.620471770038504400e-04	3.683350934624685970e-03	-6.042334368526573740e-03	-5.242749522126867456e-03	4.179194212652496965e-03	-1.587079987805188261e-02	2.304585016187657388e-05	-6.730579303534666574e-03	2.841350172490474894e-03	-5.208047257844166528e-04	1.735427187529060746e-03	-3.689667756205321876e-04	-2.159201836001036596e-04	9.402192330784804250e-03	4.232079111389753893e-03	8.304694643414655265e-05	-6.565579170311260961e-03	5.010599823912656545e-04	1.157235366172547526e-02	3.392010863478118858e-03	-9.193299725069818684e-03	6.694372833869468783e-03	1.028476406188864292e-04	6.252367205131661001e-04	-3.337739397171351954e-03	-1.532331337791924643e-04	1.863858369843609218e-03	4.551551368808365826e-04	-4.480283071761851504e-04	7.649761709874149844e-04	-6.385188762311213261e-04	2.558976374721310537e-03	3.173408400616602783e-03	-3.874271652003268772e-05	-8.762087869916503416e-03	-7.206590794365155383e-04	2.528044083655826314e-03	-1.149053426939368981e-02	1.171903764980283119e-02	6.908143289808994780e-03	-1.708525497731223225e-02	6.074613348459927988e-03	7.258637941256510309e-03	9.487697750932019922e-04	-8.597268271019463740e-03	2.060575792788632224e-05
4.041582905707137054e-04	1.686227554159267731e-03	-2.467110018329450268e-05	-1.362772710932195379e-04	-1.450096358465018630e-03	5.095344667613080619e-04	-8.006769035557982726e-04	-4.336832788736403113e-03	5.341159248829139422e-03	5.025955814826633603e-03	-1.961408885189465552e-03	5.283208373745417602e-03	-2.844692992900563103e-04	-1.996744916601171053e-05	-3.241558946671468933e-03	-3.096935291812097802e-03	-2.742906531056478123e-03	-2.818830008782759276e-03	-2.820197371227442973e-04	-3.508863058850478396e-03	3.195455670221930295e-03	8.254325143762664824e-04	3.673313339859954080e-03	6.988248508573024695e-03	1.205847979153521409e-04	3.151172059059985896e-03	-1.386212234534955207e-03	-1.701367401245830035e-03	-2.834812074113808003e-04	1.013213179783068862e-03	-5.585519687063755442e-04	-2.500862302474892752e-03	-3.340074279347184658e-04	-1.240773791396209010e-04	2.585827382513746549e-03	1.452772203943443474e-03	-5.524177899475055109e-03	-2.712438255393205024e-03	1.762483039063225980e-03	-2.658062237354300375e-03	1.202326458410363821e-04	-1.196474157526211581e-03	2.258400672935510518e-03	1.193163312765647922e-03	-1.204145814536896480e-03	-7.878176233490658421e-04	4.261892146693276647e-04	-2.359311444532371474e-04	-1.021009544600545049e-04	-3.570862433903674335e-04	-1.669961139844962188e-03	-3.865781764249199724e-04	3.065992371210995559e-03	3.753086060221457474e-04	5.579516620269128887e-05	3.324754329176496034e-03	-5.379884098470046061e-03	-3.341894577538051005e-03	5.928293459003048521e-03	-4.774981379073635086e-04	-2.944935906375157307e-03	-1.786552531328496236e-03	4.440821642010769378e-03	3.863797172902513465e-04
4.066145848772918011e-04	5.025955814801532154e-03	-4.704336912981029904e-04	-1.693173457389865314e-04	-3.911813278360606362e-03	1.302372890634180764e-03	-1.763056292774259305e-03	-1.075497373809205723e-02	5.025955814826633603e-03	2.388316386543761632e-02	-1.309057758594001433e-02	9.577437887743182193e-03	-2.634619032213119695e-04	-4.122858062019410519e-03	-4.022915928268360028e-04	-1.517644227454718366e-02	-4.704336912942676252e-04	-1.309057758592803086e-02	1.415296787912880905e-03	-5.724786514856333719e-03	1.033745625232160466e-02	9.008392806987536305e-03	-4.897133415513264115e-03	3.061647020168731248e-02	-1.693173457427130969e-04	9.577437887693347057e-03	-5.724786514840698656e-03	1.982311422569935262e-03	4.212892084313990776e-04	-1.023956653131421254e-03	6.156599753630834400e-04	-5.928013687156436992e-03	-3.911813278388746179e-03	-2.634619032268808113e-04	1.033745625232847243e-02	4.212892084222578980e-04	-1.747108918906182043e-02	-5.048153478033617567e-03	9.213266134771906646e-03	-1.092398299140259765e-02	1.302372890645786931e-03	-4.122858061996427168e-03	9.008392806948317677e-03	-1.023956653126113434e-03	-5.048153478016137626e-03	1.357559519859944091e-03	-2.874051231124548182e-03	-4.116287286366390177e-04	-1.763056292777666952e-03	-4.022915928253215350e-04	-4.897133415484219640e-03	6.156599753584641966e-04	9.213266134724173995e-03	-2.874051231120370968e-03	7.073192114893977860e-03	6.439133430524161990e-03	-1.075497373815870877e-02	-1.517644227456372598e-02	3.061647020173222447e-02	-5.928013687202198130e-03	-1.092398299141249252e-02	-4.116287286322459931e-04	6.439133430558465279e-03	2.472218432041936066e-03
1.427962919212058697e-04	-2.818830008770242812e-03	1.657808383702494455e-04	-8.684897507051963963e-05	2.413998668472941596e-03	2.134986236659709800e-04	-1.225091523415354391e-04	6.628762708146817076e-03	-1.961408885189465552e-03	-1.309057758594001433e-02	1.111484399773587928e-02	-5.489076299773050852e-03	-2.019447744690345582e-03	2.623201004094601746e-03	-4.977955281391614056e-04	5.545135479211255394e-03	-4.210505689082700100e-04	5.891455070893494503e-03	-1.981283646456914391e-03	3.072705243312213487e-03	-3.608444447037769363e-03	-5.330163384711700605e-03	4.354983066520213587e-03	-1.179651977463834142e-02	3.306471497049280812e-04	-6.404343191155731710e-03	3.616543042020029658e-03	-2.259580897056077606e-03	5.276743643262699480e-05	1.231235765410996965e-03	-8.856096317408564426e-04	4.485413236783506591e-03	2.470267254569750645e-03	1.006784493161334620e-03	-7.379137332378584747e-03	3.993164698958232440e-04	1.031308232068169073e-02	1.875260820898247503e-03	-5.410333264807084055e-03	5.078768911751232670e-03	-1.001873750923013787e-03	2.054621306763709451e-03	-4.591419295522078392e-03	9.675389647173358474e-04	2.503448024640913573e-03	-8.381747382957805380e-04	1.556834327582028339e-03	3.301620457803851262e-04	4.680685634984044371e-05	3.891187923673227259e-04	3.395198719721854042e-03	-5.370196992402686761e-04	-6.147177991249530571e-03	3.890120781860932284e-04	-9.722981222952862233e-04	-4.740553027794762800e-03	6.123760763413517959e-03	1.007890625866732573e-02	-2.475261703275103559e-02	4.772610939467922773e-03	9.203136400602589945e-03	-5.501048058321853125e-04	-3.416197624765560624e-03	-3.726259531053114889e-04
-4.236400542564410583e-04	3.151172059062898496e-03	-2.297129124106783954e-04	-3.378710769726225621e-04	-2.336420520124226751e-03	5.911864269408263891e-04	9.468013250862514739e-04	-6.995341521939603055e-03	5.283208373745417602e-03	9.577437887743182193e-03	-5.489076299773050852e-03	1.787064241637060028e-02	-4.622536901288258658e-05	-6.573896257226281153e-03	4.868498207322812638e-04	-6.581050008245316503e-03	-1.933712202877212617e-03	-6.404343191187206533e-03	5.274781692327321645e-04	-9.069746284275356785e-03	5.516664978418178190e-03	6.817170730313996778e-03	-2.337688307175741532e-03	1.672072923065072436e-02	-1.152531169535208613e-03	9.267690923650366563e-03	-5.111841481042291718e-03	-1.672156708096382473e-03	-9.228930242364245416e-05	6.929667442059013775e-04	5.783941454092561205e-04	-6.062387349923618537e-03	-1.290965191049770443e-03	5.104260537782111815e-04	4.899789839725183366e-03	-3.497704133693059145e-04	-9.718001551988961900e-03	-7.457432189356310095e-04	2.643174925828604624e-03	-6.781599448911596398e-03	2.101783538410644870e-04	-4.247416215889903562e-03	7.067105491892832630e-03	3.213086389611563586e-04	-2.649215967581253738e-03	-3.046784148620043545e-04	7.653661617245396476e-04	8.522758989078994991e-04	8.387187198798929082e-04	5.329028017318955274e-04	-4.219089712666551292e-03	6.064265966813958859e-04	4.994657250179572808e-03	-3.989039894380145244e-04	-1.721235873942963783e-03	3.590238431767884403e-03	-6.730579303631613330e-03	-5.426779739518288251e-03	1.410597374587117814e-02	-1.086561346626855641e-02	-6.126235754784576694e-03	3.333234352189697568e-03	1.142245044317590028e-03	-2.744503034219302980e-04
1.762921283595891308e-05	-1.240773791389485872e-04	8.187941516107906479e-05	5.112012682019932480e-04	7.693576792366295337e-05	-4.641789312795595313e-04	3.588436812526140740e-04	-2.817275716061716376e-04	-2.844692992900563103e-04	-2.634619032213119695e-04	-2.019447744690345582e-03	-4.622536901288258658e-05	2.041621971352049550e-03	5.647787316747449266e-04	-8.066571709050622497e-05	2.538611366218650536e-03	-3.395644719934541036e-06	1.006784493159509691e-03	4.153629289386398353e-04	-5.617390725371193333e-04	-1.991679148707473090e-03	1.069924581261247722e-04	-6.050997449161162056e-04	-4.240069334426937488e-03	2.024935877530931443e-04	5.104260537755815575e-04	-4.020169590891877831e-04	1.328865303519887213e-03	-1.229627726760353025e-04	-3.200694395899809268e-04	6.469126331220767133e-05	-9.391654737727000513e-04	4.281062059965161067e-04	-2.918471157120360081e-04	7.835416355442151402e-04	1.340956462600894250e-04	-2.399162861630279100e-04	7.083427759471578884e-05	3.604906242009960527e-04	8.167800211358745410e-04	3.489510915285586176e-04	4.364563031883990796e-04	-3.237913435478517645e-04	-2.033456712628972218e-04	2.201785365159389808e-04	-4.606111115157862819e-05	6.351063710152654400e-05	-5.822596852488075769e-05	3.745830397037566684e-04	-9.887459884745230122e-05	-6.299123090514150433e-04	-2.693005557738690787e-04	7.790834949399956392e-04	9.930926839462927199e-04	-1.982317135772438364e-03	8.069471944118664043e-04	8.304694643559361019e-05	-9.210260203716188077e-04	4.112648637001914756e-03	-4.257017821388871942e-04	-2.383754309865727776e-03	-2.288631548329448805e-04	7.828416463963247529e-04	-5.827339729588614740e-04
5.939557603869382706e-04	-1.196474157526555056e-03	3.108571853528543710e-04	7.338343158537819801e-04	7.702956872815401070e-04	7.945106983977578193e-04	-8.526504269334390582e-04	2.074422819186107648e-03	-1.996744916601171053e-05	-4.122858062019410519e-03	2.623201004094601746e-03	-6.573896257226281153e-03	5.647787316747449266e-04	7.232162271610767176e-03	-3.980800544546429266e-03	3.690244953256160282e-03	-1.563025575585800814e-03	2.054621306775172504e-03	8.908272154038531345e-05	6.469085528311588557e-04	-2.266963465117917149e-03	-5.957803088540427824e-03	4.318086230746618487e-03	-7.272408114922928116e-03	4.481947259728490682e-04	-4.247416215886812285e-03	2.630753981210079764e-03	4.893080599096856498e-04	-1.388717573058368478e-04	8.733974571502476020e-04	-9.843696497604118370e-04	2.684819368547024677e-03	2.505788039242194676e-03	4.364563031898832440e-04	-2.815977068255384741e-03	1.822038907215679533e-03	3.100602453800185843e-03	-3.359930584889312343e-04	-6.090518333874110493e-04	2.391111485067606325e-03	8.109243556680244139e-04	1.970393798694844607e-03	-3.430285486030013042e-03	5.815898524589905270e-04	1.391591341981341431e-03	-4.982011447512372376e-04	3.500809499726770290e-04	-5.029528942872176075e-04	-1.042785649913732706e-03	-1.886716187222928925e-04	1.309916777230715496e-03	-1.001303921165500477e-03	-1.995653906604747882e-03	3.653336764226571649e-04	2.482074655223235607e-05	-1.067304169055129743e-03	6.252367205461567459e-04	3.088998033542462128e-03	-7.464039610814056022e-03	4.930315426898627777e-03	1.440254689053015354e-03	-4.599881209208022542e-03	5.887984183282078503e-03	-7.569465003384347320e-04
-5.969533961279356853e-04	-3.570862433919861473e-04	-3.504064518620817338e-05	-6.934502684359030323e-04	3.414097173997975368e-04	-7.820623876137967531e-05	5.892655650616036855e-04	1.219431323342897583e-03	-3.241558946671468933e-03	-4.022915928268360028e-04	-4.977955281391614056e-04	4.868498207322812638e-04	-8.066571709050622497e-05	-3.980800544546429266e-03	4.907171856398035922e-03	-4.686473779587105402e-04	2.766582414234656194e-03	3.891187923675030287e-04	-1.024005273597830079e-05	1.713339484365127355e-03	-4.393471424679561404e-04	2.489355494482997037e-03	-5.599086414163212053e-03	4.340542385705792143e-04	-6.697653290049275857e-04	5.329028017299667318e-04	-4.384197196328656725e-04	-1.828915773763164295e-04	1.796144011291954574e-04	-8.260625355817276423e-04	8.948317220273782190e-04	-2.392277724224770052e-04	-1.466663574525126253e-03	-9.887459884680233557e-05	2.409062071984603075e-04	-1.882424558533065881e-03	1.253254274124145995e-03	2.035992991369881076e-03	-6.378518660281381342e-04	7.530132228879946499e-05	8.785471511525081833e-05	-1.886716187227712154e-04	3.181715670125396362e-04	-7.965978938189830372e-04	-9.776229292836578495e-05	8.166252798040300655e-04	-8.405190400747590161e-04	3.745109158593247847e-04	3.036156766106367939e-04	4.795602133496597395e-04	-6.123214434298186151e-05	8.269549217218919238e-04	-5.555326659926209353e-04	-8.205723022495533918e-04	1.068642795232065384e-03	-1.490378527554124619e-03	2.558976374721451917e-03	8.686298139052255453e-05	1.129812667930150429e-03	-2.374764227044451510e-03	7.979889321033698749e-04	3.843157701266824815e-03	-6.919613882222366147e-03	3.821399194662638502e-04
-8.970672104960256479e-05	-3.341894577521311790e-03	2.678923846883982042e-04	7.122759942655807353e-04	2.455653346691700004e-03	-1.324867166524137116e-03	1.210639436351748687e-03	6.519224827629895719e-03	-3.096935291812097802e-03	-1.517644227454718366e-02	5.545135479211255394e-03	-6.581050008245316503e-03	2.538611366218650536e-03	3.690244953256160282e-03	-4.686473779587105402e-04	1.469329364110088902e-02	-2.253535167766057968e-04	1.007890625865622697e-02	-1.009220300420109461e-04	2.281222666310796753e-03	-9.349107367690137615e-03	-5.430545178933869621e-03	3.305247167996285158e-03	-2.797175570168800723e-02	6.976155183704762716e-04	-5.426779739489535209e-03	2.938801690471107807e-03	2.201591920569888469e-04	-4.261789542266584485e-04	8.379317269962350059e-04	-8.899854853553364718e-04	2.700189527379435236e-03	3.306549696560676099e-03	-9.210260203683655507e-04	-5.196927622891048260e-03	5.614111880784405668e-04	1.095548723941878674e-02	2.715242140843878750e-03	-5.477115157096258159e-03	8.697904425906139575e-03	-1.848236782472069081e-04	3.088998033526205167e-03	-6.174739534563869134e-03	7.169232922527466953e-04	3.420953876580685657e-03	-1.280155721162311126e-03	2.031060392107021228e-03	1.119793344446452159e-04	1.394645018335057777e-03	8.686298138922500848e-05	2.454565873170130516e-03	-8.343480775203529314e-04	-4.498089324324568324e-03	3.183777130500472022e-03	-6.435417719368794268e-03	-2.723525614001941816e-03	6.908143289856632022e-03	7.728870618540788565e-03	-1.296619625350365138e-02	4.601719050834968822e-03	3.863318679453458908e-03	-6.717492034018905135e-04	-2.313987426462813836e-03	-3.442566060265749191e-03
-4.779476981055538840e-04	-2.467110018299700438e-05	1.301796192939668720e-04	-5.661226563100910840e-04	-1.624175905785117809e-04	-1.455681123514749112e-04	6.216822596675880249e-04	3.812271144926387999e-05	-2.742906531056478123e-03	-4.704336912942676252e-04	-4.210505689082700100e-04	-1.933712202877212617e-03	-3.395644719934541036e-06	-1.563025575585800814e-03	2.766582414234656194e-03	-2.253535167766057968e-04	3.333177639071969491e-03	1.657808383674813960e-04	2.360113313714706557e-05	4.188600172651777212e-03	-2.917516018897372480e-04	3.552404373673602586e-04	-4.802374116971144455e-03	3.913569388676821511e-04	-3.968291179921223846e-04	-2.297129124096803873e-04	5.978091345186793123e-05	2.248165695835608420e-04	2.347904106001921863e-05	-6.765119517540207298e-04	7.066113825660474187e-04	4.197791125970915156e-05	-2.521069569432710534e-03	8.187941516097572677e-05	1.485024572018939747e-04	-2.449919214736015483e-03	8.771344716911413410e-04	1.519833383663211825e-03	1.639203322983518937e-03	-1.041532681166368064e-04	-1.098014248773970331e-04	3.108571853538361703e-04	1.006656080557566510e-04	-6.683891322860732905e-04	-2.556304531904459625e-04	5.718100841794436506e-04	-4.650233709386867318e-04	-2.092366331045674289e-04	3.722863205471252943e-04	-3.504064518726728982e-05	-2.575969068865815287e-04	7.027335007656413919e-04	4.916137842815217901e-04	-5.060403311816714152e-04	1.005622179551890705e-04	-1.133503466999838573e-04	8.759770642824743687e-05	2.678923846850803829e-04	7.459849877352766993e-04	-1.779944661125387175e-03	6.774783511981692001e-04	1.795072285103973186e-03	-2.213773482872553183e-03	2.406883650506822252e-04
1.427962919185352358e-04	-1.961408885175787258e-03	-4.210505689052464412e-04	3.306471497037716169e-04	2.470267254553536185e-03	-1.001873750922414007e-03	4.680685635348333590e-05	6.123760763373852639e-03	-2.818830008782759276e-03	-1.309057758592803086e-02	5.891455070893494503e-03	-6.404343191187206533e-03	1.006784493159509691e-03	2.054621306775172504e-03	3.891187923675030287e-04	1.007890625865622697e-02	1.657808383674813960e-04	1.111484399772879814e-02	-1.981283646460722109e-03	3.616543042032006189e-03	-7.379137332369561583e-03	-4.591419295543421562e-03	3.395198719742751389e-03	-2.475261703271680949e-02	-8.684897506818398355e-05	-5.489076299734509633e-03	3.072705243297917631e-03	-2.259580897052369634e-03	3.993164698883109156e-04	9.675389647168152136e-04	-5.370196992414024264e-04	4.772610939431053828e-03	2.413998668487896647e-03	-2.019447744691951069e-03	-3.608444447030710774e-03	5.276743643862885343e-05	1.031308232067731749e-02	2.503448024647542819e-03	-6.147177991278599332e-03	9.203136400594807975e-03	2.134986236530683236e-04	2.623201004076879377e-03	-5.330163384685083008e-03	1.231235765404522110e-03	1.875260820893457064e-03	-8.381747382966801005e-04	3.890120781939005682e-04	-5.501048058243951031e-04	-1.225091523330020633e-04	-4.977955281375277298e-04	4.354983066496342058e-03	-8.856096317376401569e-04	-5.410333264779522769e-03	1.556834327583995082e-03	-9.722981223064063429e-04	-3.416197624746448742e-03	6.628762708187812061e-03	5.545135479206909912e-03	-1.179651977463814366e-02	4.485413236816638942e-03	5.078768911746419680e-03	3.301620457771508969e-04	-4.740553027819576284e-03	-3.726259531055323409e-04
1.214175403172883136e-04	-2.820197371243195346e-04	2.360113313998606928e-05	2.470935668463312539e-04	6.417155146790654301e-06	3.120655281530402246e-04	-3.512766163979156355e-06	-2.620471770038504400e-04	-2.820197371227442973e-04	1.415296787912880905e-03	-1.981283646456914391e-03	5.274781692327321645e-04	4.153629289386398353e-04	8.908272154038531345e-05	-1.024005273597830079e-05	-1.009220300420109461e-04	2.360113313714706557e-05	-1.981283646460722109e-03	3.049141877084790651e-03	-1.030440108647889819e-03	-1.443653293207172554e-03	7.145741894908034120e-04	-9.304156465691573469e-04	6.308665666275065260e-04	2.470935668458958926e-04	5.274781692276612425e-04	-1.030440108638221120e-03	1.962004977532804534e-03	7.841000796679256624e-05	-5.474276349996170859e-04	3.331067292106126479e-05	-6.043649922524482049e-04	6.417155148971757364e-06	4.153629289399134476e-04	-1.443653293208475765e-03	7.841000796859296526e-05	4.671280386341531993e-04	-3.805153735748078323e-06	9.106894195714784800e-04	-5.538007377593684791e-04	3.120655281548942103e-04	8.908272153911130813e-05	7.145741894867488212e-04	-5.474276349996897275e-04	-3.805153736026304929e-06	2.529976614568441896e-04	1.461569134624349394e-04	-1.325432925261240595e-04	-3.512766165523050084e-06	-1.024005273271096268e-05	-9.304156465680414861e-04	3.331067292116259026e-05	9.106894195693342534e-04	1.461569134635829468e-04	-1.196929190302712179e-03	1.158893773021140404e-03	-2.620471770079062235e-04	-1.009220300420848480e-04	6.308665666272973835e-04	-6.043649922562075675e-04	-5.538007377587866962e-04	-1.325432925273349236e-04	1.158893773031250372e-03	-8.224965805391586636e-04
-5.350908025166533927e-04	-1.386212234532618317e-03	5.978091344930191607e-05	-1.468762948541531537e-03	1.704580859614745082e-03	2.712287410992145339e-04	-3.922319793749586741e-04	3.683350934624685970e-03	-3.508863058850478396e-03	-5.724786514856333719e-03	3.072705243312213487e-03	-9.069746284275356785e-03	-5.617390725371193333e-04	6.469085528311588557e-04	1.713339484365127355e-03	2.281222666310796753e-03	4.188600172651777212e-03	3.616543042032006189e-03	-1.030440108647889819e-03	1.445779225752810010e-02	-2.463775816837120158e-03	-9.199681707628410213e-03	1.811913015178159793e-03	-7.161757262099436271e-03	-4.864314742479464745e-04	-5.111841481038579410e-03	3.710084149108029954e-03	-1.674865194712984659e-03	-3.652110452047232624e-04	-5.879579463944451878e-04	4.153945443863975881e-04	2.710433146504235766e-03	-2.933646568239212885e-03	-4.020169590914515973e-04	-1.651793613814504357e-03	-4.891156405829627518e-03	5.451266563585946759e-03	4.239432165921551247e-03	-3.539193170987896958e-03	3.403170760882169403e-03	3.490890486639639358e-04	2.630753981212859659e-03	-5.334768047732739785e-03	2.165863679381268279e-04	2.554497606835665242e-03	7.545666166979702770e-04	-1.309913099226182182e-03	8.114155529803123205e-05	-5.021621712606524364e-05	-4.384197196370522107e-04	3.124174811111068897e-03	4.040312111303937751e-04	-4.650787189163249277e-03	-7.168509724039176913e-04	2.394552258629120169e-03	-3.139689570686290086e-03	2.841350172525551870e-03	2.938801690476168862e-03	-6.338103137778086996e-03	1.630542352646409052e-03	4.273479372484925015e-03	1.975950783426502246e-03	-5.829685534690412854e-03	1.098068972507973244e-03
-3.382813049688199007e-04	2.585827382502518985e-03	1.485024571951689396e-04	-5.249651324471465248e-04	-2.713958844590300731e-03	1.817957305597384674e-04	3.338132019454646609e-04	-6.042334368526573740e-03	3.195455670221930295e-03	1.033745625232160466e-02	-3.608444447037769363e-03	5.516664978418178190e-03	-1.991679148707473090e-03	-2.266963465117917149e-03	-4.393471424679561404e-04	-9.349107367690137615e-03	-2.917516018897372480e-04	-7.379137332369561583e-03	-1.443653293207172554e-03	-2.463775816837120158e-03	1.001891458363512837e-02	3.430270595609970219e-03	-1.953092994467793726e-03	2.313044466827968507e-02	-4.692891336644412358e-04	4.899789839694523863e-03	-1.651793613811461652e-03	-1.100496904752597564e-03	-5.082134432480914232e-04	-8.224430524206928538e-05	6.028797498093393589e-04	-3.556576616961369241e-03	-2.461470958757298703e-03	7.835416355438885785e-04	5.497834752561372648e-03	-1.244979552614916779e-04	-1.168981231095803444e-02	-2.033142862502894995e-03	4.590456509239103713e-03	-8.491850344451469523e-03	-4.796370654125211999e-04	-2.815977068236855292e-03	3.915561680903362034e-03	7.773766416174220941e-05	-1.852191823977468715e-03	2.964358549216380436e-04	-5.813516270096262106e-04	5.287239414499984034e-04	1.203809331431384392e-04	2.409062071936539579e-04	-2.303169840458017294e-03	5.775454021599616371e-04	4.055045653471860134e-03	-1.307138852012846783e-03	2.003987039958162256e-03	2.174510935908521847e-03	-6.565579170348587873e-03	-5.196927622883526499e-03	1.152662743119190272e-02	-3.485158452444059134e-03	-4.937702018576479307e-03	8.674529744842671261e-05	3.318458747897132504e-03	5.032649846848986268e-04
3.037622063043333813e-05	2.258400672932891519e-03	1.006656080618125842e-04	-1.698533771603630282e-04	-2.812067667025719940e-03	1.998257173277241555e-05	-6.645664732006598694e-05	-5.242749522126867456e-03	8.254325143762664824e-04	9.008392806987536305e-03	-5.330163384711700605e-03	6.817170730313996778e-03	1.069924581261247722e-04	-5.957803088540427824e-03	2.489355494482997037e-03	-5.430545178933869621e-03	3.552404373673602586e-04	-4.591419295543421562e-03	7.145741894908034120e-04	-9.199681707628410213e-03	3.430270595609970219e-03	1.775398099215546449e-02	-1.030921851045835114e-02	1.070101755665007343e-02	-3.506523950070447224e-04	7.067105491885697713e-03	-5.334768047724891896e-03	-4.396240368230992616e-04	6.303815059011743131e-04	1.429165893567379306e-04	4.480491960982143328e-04	-4.002396088085904101e-03	-1.527158431188472545e-03	-3.237913435484113213e-04	3.915561680925153630e-03	2.273672112429694046e-03	-6.032724626227545239e-03	-6.318892405352664193e-03	8.551586664285192735e-03	-3.697853719457670166e-03	2.634074613618522125e-04	-3.430285486029413695e-03	9.194742039639467596e-03	-7.539607715907961638e-06	-4.833817745753947979e-03	6.765814394990528119e-05	-6.714540079136666149e-04	-6.145585958520302259e-04	-1.165619645860894668e-04	3.181715670159862607e-04	-5.430120919311590480e-03	4.387152501251758373e-04	8.606078464379048748e-03	-5.740680298470145692e-04	1.117312305830108063e-03	4.928520255424447688e-03	-3.337739397216960870e-03	-6.174739534587912401e-03	1.238706692045545010e-02	-2.436900787976842286e-03	-4.033100286106471380e-03	-1.958725136820913134e-04	3.263975965727105612e-03	1.006096212166961244e-03
6.710326854458849560e-04	-1.669961139841955261e-03	-2.575969068903915778e-04	6.688200096160792918e-04	2.302958725934820851e-03	-7.927776516012354684e-04	-1.124088847954065554e-03	4.179194212652496965e-03	3.673313339859954080e-03	-4.897133415513264115e-03	4.354983066520213587e-03	-2.337688307175741532e-03	-6.050997449161162056e-04	4.318086230746618487e-03	-5.599086414163212053e-03	3.305247167996285158e-03	-4.802374116971144455e-03	3.395198719742751389e-03	-9.304156465691573469e-04	1.811913015178159793e-03	-1.953092994467793726e-03	-1.030921851045835114e-02	1.595543058128642833e-02	-8.634094724365210319e-03	1.342459519885859463e-03	-4.219089712663602262e-03	3.124174811102597808e-03	-1.683732402554134191e-04	-2.651385301462730673e-04	3.644234348744678745e-04	-1.514967198401316086e-03	2.996092228582949990e-03	3.943843705471770239e-03	-6.299123090541134057e-04	-2.303169840479865269e-03	1.790049228426553000e-03	3.436175843993787699e-03	7.516404922413594692e-04	-9.465396125726405901e-03	3.621134232981630327e-03	-9.515556242531787506e-04	1.309916777230980475e-03	-5.430120919302283689e-03	9.469762798074572415e-04	3.396700352485530240e-03	-7.540724871696428966e-04	1.088329789360615793e-03	7.378686168276973488e-04	-7.341059722248919890e-05	-6.123214434587066399e-05	4.072968831917152081e-03	-1.259427751579630592e-03	-6.615940015099261960e-03	1.485861002442913706e-03	-5.468979261721533666e-04	-3.347301926109519377e-03	3.173408400655363011e-03	2.454565873185646750e-03	-8.685513481849562595e-03	5.508945327297849748e-03	2.686326929051491286e-03	-2.062832109750356493e-03	-1.359579021192929005e-03	8.955388342625253580e-05
-1.054208071566718752e-03	5.928293458970227553e-03	7.459849877220537696e-04	-1.367122194055394062e-03	-6.706256129868311266e-03	1.855921254779344500e-03	7.795020536840183362e-04	-1.587079987805188261e-02	6.988248508573024695e-03	3.061647020168731248e-02	-1.179651977463834142e-02	1.672072923065072436e-02	-4.240069334426937488e-03	-7.272408114922928116e-03	4.340542385705792143e-04	-2.797175570168800723e-02	3.913569388676821511e-04	-2.475261703271680949e-02	6.308665666275065260e-04	-7.161757262099436271e-03	2.313044466827968507e-02	1.070101755665007343e-02	-8.634094724365210319e-03	7.040833898080391118e-02	-6.721159038049573462e-04	1.410597374577732266e-02	-6.338103137751184904e-03	2.521002494477682810e-03	-1.255101133722524159e-03	-2.391154436283052589e-03	2.332650148362447676e-03	-1.123352842967356713e-02	-7.274316699319905224e-03	4.112648637000116715e-03	1.152662743119170149e-02	-1.346672880478664083e-03	-2.881469350897680401e-02	-4.926067404557956698e-03	1.416303042075813673e-02	-2.590876682159561767e-02	-2.153611270623680303e-03	-7.464039610765642492e-03	1.238706692038528401e-02	-3.136149419274663133e-03	-4.663887170451982631e-03	2.523006224602085141e-03	-1.652838372467828939e-03	1.794227891174935514e-03	1.534206645929788587e-03	1.129812667920857515e-03	-8.685513481783917189e-03	3.120723215666677819e-03	1.188944089330308020e-02	-4.863044467767438025e-03	3.384223221943145725e-03	6.712091401234483029e-03	-1.708525497742004878e-02	-1.296619625348300990e-02	2.817003100913267888e-02	-1.257712471414771695e-02	-1.239047665813500926e-02	1.373618998260310196e-03	8.524596149128101097e-03	8.990450727168119646e-04
1.458504629574628331e-03	-1.362772710845267844e-04	-5.661226563182209740e-04	8.447964891363292719e-03	8.016023581787777618e-05	-1.160703128201618847e-02	4.859700887379803970e-03	2.304585016187657388e-05	1.205847979153521409e-04	-1.693173457427130969e-04	3.306471497049280812e-04	-1.152531169535208613e-03	2.024935877530931443e-04	4.481947259728490682e-04	-6.697653290049275857e-04	6.976155183704762716e-04	-3.968291179921223846e-04	-8.684897506818398355e-05	2.470935668458958926e-04	-4.864314742479464745e-04	-4.692891336644412358e-04	-3.506523950070447224e-04	1.342459519885859463e-03	-6.721159038049573462e-04	1.080404771595699920e-02	-3.378710769661623977e-04	-1.468762948564229093e-03	2.405368187506281424e-02	4.405417322044574073e-04	-8.763063439664032367e-03	-1.893630693621961179e-03	7.332476234356559864e-04	-4.836743334073449361e-04	5.112012682028522614e-04	-5.249651324480767703e-04	3.440116061292276166e-04	-2.736548022885568437e-04	-3.547643839016799026e-04	8.812691856873785135e-04	-1.028399898436811646e-03	-1.389625690774098574e-02	7.338343158584036087e-04	-1.698533771465292590e-04	-1.000243360706571175e-02	-5.397906117233407719e-05	9.386758042744598914e-04	7.710889180154570366e-03	-7.450796317635122179e-04	6.120166013723626203e-03	-6.934502684470076478e-04	6.688200096185049773e-04	9.136110166217766731e-05	1.336144175411876477e-03	6.438247665758319374e-03	-1.556585827930340865e-02	2.055145082802758549e-03	-2.597209176308682235e-04	7.122759942658832277e-04	-1.367122194051524544e-03	1.653015726573226363e-03	-1.735889971630113885e-04	-7.384321529606335463e-04	1.293582798416485422e-03	-9.195209936846255282e-04
-4.236400542563303071e-04	5.283208373722617264e-03	-1.933712202887627029e-03	-1.152531169535942401e-03	-1.290965191004458164e-03	2.101783538378845491e-04	8.387187198807574511e-04	-6.730579303534666574e-03	3.151172059059985896e-03	9.577437887693347057e-03	-6.404343191155731710e-03	9.267690923650366563e-03	5.104260537755815575e-04	-4.247416215886812285e-03	5.329028017299667318e-04	-5.426779739489535209e-03	-2.297129124096803873e-04	-5.489076299734509633e-03	5.274781692276612425e-04	-5.111841481038579410e-03	4.899789839694523863e-03	7.067105491885697713e-03	-4.219089712663602262e-03	1.410597374577732266e-02	-3.378710769661623977e-04	1.787064241634843051e-02	-9.069746284270017306e-03	-1.672156708083562000e-03	-3.497704133609214538e-04	3.213086389562451939e-04	6.064265966812654564e-04	-1.086561346622479628e-02	-2.336420520126605491e-03	-4.622536901922304155e-05	5.516664978391353294e-03	-9.228930242737045622e-05	-9.718001551925809292e-03	-2.649215967579618761e-03	4.994657250181847030e-03	-6.126235754737332367e-03	5.911864269319127294e-04	-6.573896257220860143e-03	6.817170730289504217e-03	6.929667441997960182e-04	-7.457432189036800052e-04	-3.046784148618641129e-04	-3.989039894344741707e-04	3.333234352197216727e-03	9.468013250948056122e-04	4.868498207373046435e-04	-2.337688307133642396e-03	5.783941454146736619e-04	2.643174925729432218e-03	7.653661617262560481e-04	-1.721235873953980144e-03	1.142245044253569842e-03	-6.995341521936086771e-03	-6.581050008218749213e-03	1.672072923057123933e-02	-6.062387349925623878e-03	-6.781599448872791501e-03	8.522758989064137085e-04	3.590238431770765778e-03	-2.744503034133970848e-04
-5.350908025185791526e-04	-3.508863058843372969e-03	4.188600172658079462e-03	-4.864314742644441827e-04	-2.933646568257461309e-03	3.490890486868112198e-04	-5.021621713930930851e-05	2.841350172490474894e-03	-1.386212234534955207e-03	-5.724786514840698656e-03	3.616543042020029658e-03	-5.111841481042291718e-03	-4.020169590891877831e-04	2.630753981210079764e-03	-4.384197196328656725e-04	2.938801690471107807e-03	5.978091345186793123e-05	3.072705243297917631e-03	-1.030440108638221120e-03	3.710084149108029954e-03	-1.651793613811461652e-03	-5.334768047724891896e-03	3.124174811102597808e-03	-6.338103137751184904e-03	-1.468762948564229093e-03	-9.069746284270017306e-03	1.445779225752571659e-02	-1.674865194765323435e-03	-4.891156405832135928e-03	2.165863679564048773e-04	4.040312111353438086e-04	1.630542352631630292e-03	1.704580859616278143e-03	-5.617390725303323361e-04	-2.463775816834267406e-03	-3.652110452030957123e-04	5.451266563564311288e-03	2.554497606835158269e-03	-4.650787189164248478e-03	4.273479372459599787e-03	2.712287411254717421e-04	6.469085528250787583e-04	-9.199681707600940866e-03	-5.879579463783916231e-04	4.239432165901830044e-03	7.545666166998193838e-04	-7.168509724258132626e-04	1.975950783422420441e-03	-3.922319793931507191e-04	1.713339484365597248e-03	1.811913015149529699e-03	4.153945443865294813e-04	-3.539193170938322464e-03	-1.309913099245137939e-03	2.394552258680977559e-03	-5.829685534663727603e-03	3.683350934624841228e-03	2.281222666315535150e-03	-7.161757262086967946e-03	2.710433146508176624e-03	3.403170760870149504e-03	8.114155529913126357e-05	-3.139689570687800163e-03	1.098068972492371575e-03
3.024757172327144188e-03	-1.701367401228932093e-03	2.248165695688907192e-04	2.405368187506003869e-02	-1.280896457315540155e-03	-3.209896060810149554e-02	1.403310081168481285e-02	-5.208047257844166528e-04	-1.701367401245830035e-03	1.982311422569935262e-03	-2.259580897056077606e-03	-1.672156708096382473e-03	1.328865303519887213e-03	4.893080599096856498e-04	-1.828915773763164295e-04	2.201591920569888469e-04	2.248165695835608420e-04	-2.259580897052369634e-03	1.962004977532804534e-03	-1.674865194712984659e-03	-1.100496904752597564e-03	-4.396240368230992616e-04	-1.683732402554134191e-04	2.521002494477682810e-03	2.405368187506281424e-02	-1.672156708083562000e-03	-1.674865194765323435e-03	7.096089736779027934e-02	-4.384080745589777469e-04	-2.868599119495878619e-02	9.277351926071771221e-04	-6.851573166178303014e-05	-1.280896457314604055e-03	1.328865303521518937e-03	-1.100496904752855821e-03	-4.384080745820508702e-04	4.853848539496460760e-04	1.406277269944921932e-03	2.556293687878962839e-03	-2.520202180782735602e-03	-3.209896060809562524e-02	4.893080599186153557e-04	-4.396240367862997052e-04	-2.868599119494458574e-02	1.406277269917767221e-03	5.148801495086199193e-03	1.435434337167570615e-02	-7.104946553206689230e-05	1.403310081168371304e-02	-1.828915773999267749e-04	-1.683732402591854669e-04	9.277351925998315440e-04	2.556293687921057205e-03	1.435434337169047732e-02	-3.423298744649128783e-02	3.088580050642236556e-03	-5.208047257421572710e-04	2.201591920523059067e-04	2.521002494490220090e-03	-6.851573167510440539e-05	-2.520202180778137718e-03	-7.104946550111313711e-05	3.088580050564749928e-03	-2.464440861930968472e-03
5.816786724667185639e-04	1.452772203947373924e-03	-2.449919214737767120e-03	3.440116061417426165e-04	2.741251066163583831e-03	3.156911382796278166e-04	-8.156394976796962296e-04	1.735427187529060746e-03	-2.834812074113808003e-04	4.212892084313990776e-04	5.276743643262699480e-05	-9.228930242364245416e-05	-1.229627726760353025e-04	-1.388717573058368478e-04	1.796144011291954574e-04	-4.261789542266584485e-04	2.347904106001921863e-05	3.993164698883109156e-04	7.841000796679256624e-05	-3.652110452047232624e-04	-5.082134432480914232e-04	6.303815059011743131e-04	-2.651385301462730673e-04	-1.255101133722524159e-03	4.405417322044574073e-04	-3.497704133609214538e-04	-4.891156405832135928e-03	-4.384080745589777469e-04	4.189249331479064607e-03	5.811958996077793912e-04	-7.540422370240680312e-04	5.677126145409834568e-03	-7.693293350706873889e-06	1.340956462582843368e-04	-1.244979552544422225e-04	3.390144894387245246e-04	-2.752802374277262768e-04	-5.064428314664101141e-04	5.564645692047454073e-04	-3.278947368307821137e-04	4.620636862706259092e-04	1.822038907213459954e-03	2.273672112426963592e-03	9.025139951823221533e-04	-3.612250020861361259e-03	-4.506775155560972931e-04	2.400769908549222373e-04	-3.437377745988347624e-03	-1.066519487485291214e-03	-1.882424558532987818e-03	1.790049228429509403e-03	-8.378971003785275293e-04	6.572560374041685723e-04	1.289313742432531028e-04	8.285539412274155538e-04	2.771015324463696299e-03	5.010599823886672556e-04	5.614111880652491874e-04	-1.346672880454594795e-03	5.285957454191695087e-04	4.900390280048118503e-04	-2.636531513826403960e-04	2.209084490202606365e-04	-4.998487372260006944e-05
-6.769742688217668218e-04	1.193163312761275768e-03	-6.683891322824032661e-04	-1.000243360707442179e-02	9.912014431929694509e-04	1.591726816679773712e-02	-7.836773422969652361e-03	-3.689667756205321876e-04	1.013213179783068862e-03	-1.023956653131421254e-03	1.231235765410996965e-03	6.929667442059013775e-04	-3.200694395899809268e-04	8.733974571502476020e-04	-8.260625355817276423e-04	8.379317269962350059e-04	-6.765119517540207298e-04	9.675389647168152136e-04	-5.474276349996170859e-04	-5.879579463944451878e-04	-8.224430524206928538e-05	1.429165893567379306e-04	3.644234348744678745e-04	-2.391154436283052589e-03	-8.763063439664032367e-03	3.213086389562451939e-04	2.165863679564048773e-04	-2.868599119495878619e-02	5.811958996077793912e-04	1.493084466829133934e-02	-2.741475548895486516e-03	3.356308417780560702e-04	1.291204351009680095e-03	-2.033456712615843614e-04	7.773766415710147175e-05	9.025139951868960770e-04	-5.524844101327662949e-04	-1.028397044814508129e-03	-4.865274180747061468e-04	6.432313915803974155e-04	1.309273286489328128e-02	5.815898524572406247e-04	-7.539607729198491339e-06	1.165323268391866077e-02	-7.942036941700915788e-04	-2.854696444469456348e-03	-5.285511152763305159e-03	-5.407299896682251847e-04	-6.481265312175839809e-03	-7.965978938122015695e-04	9.469762798127708079e-04	-3.466861873845439377e-04	-1.022735186956510696e-03	-6.954121468173160570e-03	1.613692963595118879e-02	2.736227925689903133e-05	-1.532331337993166390e-04	7.169232922604289182e-04	-3.136149419291631331e-03	3.854865215112357685e-04	1.279654633641813793e-03	-9.793614269315463125e-04	9.667153160561707537e-04	4.322972381599130129e-04
-3.184899035522285133e-04	-3.865781764294191404e-04	7.027335007709740403e-04	9.136110166483134699e-05	-7.943012750733557730e-04	-1.337406982984243016e-03	1.795230906849893011e-03	-2.159201836001036596e-04	-5.585519687063755442e-04	6.156599753630834400e-04	-8.856096317408564426e-04	5.783941454092561205e-04	6.469126331220767133e-05	-9.843696497604118370e-04	8.948317220273782190e-04	-8.899854853553364718e-04	7.066113825660474187e-04	-5.370196992414024264e-04	3.331067292106126479e-05	4.153945443863975881e-04	6.028797498093393589e-04	4.480491960982143328e-04	-1.514967198401316086e-03	2.332650148362447676e-03	-1.893630693621961179e-03	6.064265966812654564e-04	4.040312111353438086e-04	9.277351926071771221e-04	-7.540422370240680312e-04	-2.741475548895486516e-03	4.145037357480312566e-03	-1.366039351467319756e-03	-5.977142156339650602e-04	-2.693005557748733752e-04	5.775454021624474958e-04	-8.378971003726230727e-04	2.522217867497517280e-04	7.149686142864063176e-04	-1.629949073788906710e-05	7.476602488099850195e-05	1.321037801370603506e-03	-1.001303921169266128e-03	4.387152501257244436e-04	-3.466861873903545025e-04	4.471721750743493529e-04	6.961229180284050043e-04	-2.657143239891209159e-03	8.944560514617507299e-04	4.298788348650594562e-05	8.269549217270238863e-04	-1.259427751589057513e-03	8.904097157811337922e-04	5.475563097282691149e-05	-4.951481947285374906e-04	1.013124957973408945e-03	-9.874018061391742415e-04	-3.874271651615897565e-05	-8.343480775243109198e-04	3.120723215671377185e-03	-1.712714366739617137e-03	-8.950901822147741636e-04	1.075507152818695701e-03	-1.066581542992560026e-03	1.480762451424303587e-04
9.251501938346321733e-04	-4.774981378846412873e-04	-1.779944661121894960e-03	1.653015726591806119e-03	3.810368005138004346e-03	-1.221576261137558017e-03	-6.868429911223421919e-04	9.402192330784804250e-03	-2.500862302474892752e-03	-5.928013687156436992e-03	4.485413236783506591e-03	-6.062387349923618537e-03	-9.391654737727000513e-04	2.684819368547024677e-03	-2.392277724224770052e-04	2.700189527379435236e-03	4.197791125970915156e-05	4.772610939431053828e-03	-6.043649922524482049e-04	2.710433146504235766e-03	-3.556576616961369241e-03	-4.002396088085904101e-03	2.996092228582949990e-03	-1.123352842967356713e-02	7.332476234356559864e-04	-1.086561346622479628e-02	1.630542352631630292e-03	-6.851573166178303014e-05	5.677126145409834568e-03	3.356308417780560702e-04	-1.366039351467319756e-03	1.880778249456256310e-02	1.682825361855114221e-03	-4.257017821356603917e-04	-3.485158452417138827e-03	5.285957454221842412e-04	6.118524982245435347e-03	1.429645667674832744e-03	-3.420768189648047512e-03	4.164639227764502932e-03	-8.737110134734245217e-04	4.930315426884773408e-03	-2.436900787952809427e-03	3.854865215113919478e-04	-4.784768627932875842e-03	-5.156161852205917847e-04	1.368822525766856708e-03	-7.020845314810540000e-03	-1.758500672256601161e-03	-2.374764227046933900e-03	5.508945327272783861e-03	-1.712714366755411360e-03	-2.099238401550233401e-03	4.906654212287444227e-04	1.208304452795094927e-03	-2.127323579969160020e-04	6.074613348451681112e-03	4.601719050800513744e-03	-1.257712471405627967e-02	5.344067931728679541e-03	5.455324546554505757e-03	-1.050728332058632883e-03	-2.426131938521907099e-03	4.424671160965361295e-04
4.140178097853720353e-04	-1.450096358466244212e-03	-1.624175905765293986e-04	8.016023581591954442e-05	1.942340972686170189e-03	1.563951211286432417e-03	-1.252882780969250508e-03	4.232079111389753893e-03	-3.340074279347184658e-04	-3.911813278388746179e-03	2.470267254569750645e-03	-1.290965191049770443e-03	4.281062059965161067e-04	2.505788039242194676e-03	-1.466663574525126253e-03	3.306549696560676099e-03	-2.521069569432710534e-03	2.413998668487896647e-03	6.417155148971757364e-06	-2.933646568239212885e-03	-2.461470958757298703e-03	-1.527158431188472545e-03	3.943843705471770239e-03	-7.274316699319905224e-03	-4.836743334073449361e-04	-2.336420520126605491e-03	1.704580859616278143e-03	-1.280896457314604055e-03	-7.693293350706873889e-06	1.291204351009680095e-03	-5.977142156339650602e-04	1.682825361855114221e-03	5.197298182513129979e-03	7.693576792602667674e-05	-2.713958844611195041e-03	2.741251066165531491e-03	3.819998913206840672e-03	5.174109538291567657e-04	-5.815070251021288265e-03	2.772868939151963176e-03	1.934543445681893674e-03	7.702956872803769749e-04	-2.812067667017552862e-03	9.912014431905189372e-04	1.899014515857773682e-03	-1.890331531687126758e-04	-8.325691458984244356e-04	7.458305233948967113e-04	-1.606683379253492135e-03	3.414097173999079628e-04	2.302958725929424126e-03	-7.943012750692812329e-04	-4.655545829325952178e-03	-6.211645079039718144e-04	2.521356740745106084e-03	-3.519223681441799399e-03	5.250972408985912429e-03	2.455653346712553548e-03	-6.706256129917405676e-03	3.810368005168782678e-03	1.729931167830500022e-03	-1.455486866875449221e-03	-5.448091643695822297e-04	-3.814372969892945264e-04
1.762921283822379786e-05	-2.844692992910676540e-04	-3.395644717898002780e-06	2.024935877534888781e-04	4.281062059924196656e-04	3.489510915334374189e-04	3.745830396980259010e-04	8.304694643414655265e-05	-1.240773791396209010e-04	-2.634619032268808113e-04	1.006784493161334620e-03	5.104260537782111815e-04	-2.918471157120360081e-04	4.364563031898832440e-04	-9.887459884680233557e-05	-9.210260203683655507e-04	8.187941516097572677e-05	-2.019447744691951069e-03	4.153629289399134476e-04	-4.020169590914515973e-04	7.835416355438885785e-04	-3.237913435484113213e-04	-6.299123090541134057e-04	4.112648637000116715e-03	5.112012682028522614e-04	-4.622536901922304155e-05	-5.617390725303323361e-04	1.328865303521518937e-03	1.340956462582843368e-04	-2.033456712615843614e-04	-2.693005557748733752e-04	-4.257017821356603917e-04	7.693576792602667674e-05	2.041621971353454242e-03	-1.991679148711245247e-03	-1.229627726756202970e-04	-2.399162861613724418e-04	2.201785365173092768e-04	7.790834949398819063e-04	-2.383754309862368050e-03	-4.641789312754261189e-04	5.647787316743963556e-04	1.069924581229595524e-04	-3.200694395884678143e-04	7.083427759444434527e-05	-4.606111115002910677e-05	9.930926839403684224e-04	-2.288631548327720857e-04	3.588436812466834882e-04	-8.066571708910452775e-05	-6.050997449149436410e-04	6.469126331155007560e-05	3.604906242019506385e-04	6.351063709637003781e-05	-1.982317135757943015e-03	7.828416463933667241e-04	-2.817275716058020331e-04	2.538611366223044157e-03	-4.240069334433243207e-03	-9.391654737761422848e-04	8.167800211390217630e-04	-5.822596852490399350e-05	8.069471944129712063e-04	-5.827339729593299577e-04
-3.382813049723751623e-04	3.195455670210010576e-03	-2.917516018947540141e-04	-4.692891336639203308e-04	-2.461470958739512584e-03	-4.796370654244393465e-04	1.203809331519255861e-04	-6.565579170311260961e-03	2.585827382513746549e-03	1.033745625232847243e-02	-7.379137332378584747e-03	4.899789839725183366e-03	7.835416355442151402e-04	-2.815977068255384741e-03	2.409062071984603075e-04	-5.196927622891048260e-03	1.485024572018939747e-04	-3.608444447030710774e-03	-1.443653293208475765e-03	-1.651793613814504357e-03	5.497834752561372648e-03	3.915561680925153630e-03	-2.303169840479865269e-03	1.152662743119170149e-02	-5.249651324480767703e-04	5.516664978391353294e-03	-2.463775816834267406e-03	-1.100496904752855821e-03	-1.244979552544422225e-04	7.773766415710147175e-05	5.775454021624474958e-04	-3.485158452417138827e-03	-2.713958844611195041e-03	-1.991679148711245247e-03	1.001891458363913905e-02	-5.082134432582005243e-04	-1.168981231095591808e-02	-1.852191823983533958e-03	4.055045653499275704e-03	-4.937702018576446347e-03	1.817957305571867434e-04	-2.266963465104317350e-03	3.430270595593802596e-03	-8.224430524136708829e-05	-2.033142862495780894e-03	2.964358549189683584e-04	-1.307138852006021730e-03	8.674529744427572262e-05	3.338132019544080820e-04	-4.393471424707225906e-04	-1.953092994449132872e-03	6.028797498082336895e-04	4.590456509211771410e-03	-5.813516269984272695e-04	2.003987039935916162e-03	3.318458747881997042e-03	-6.042334368563667332e-03	-9.349107367699682064e-03	2.313044466830083135e-02	-3.556576616992625055e-03	-8.491850344455612043e-03	5.287239414578599533e-04	2.174510935919615404e-03	5.032649846897074971e-04
5.816786724642565576e-04	-2.834812074140412698e-04	2.347904106181354612e-05	4.405417321935719633e-04	-7.693293351231824252e-06	4.620636862815595460e-04	-1.066519487488493297e-03	5.010599823912656545e-04	1.452772203943443474e-03	4.212892084222578980e-04	3.993164698958232440e-04	-3.497704133693059145e-04	1.340956462600894250e-04	1.822038907215679533e-03	-1.882424558533065881e-03	5.614111880784405668e-04	-2.449919214736015483e-03	5.276743643862885343e-05	7.841000796859296526e-05	-4.891156405829627518e-03	-1.244979552614916779e-04	2.273672112429694046e-03	1.790049228426553000e-03	-1.346672880478664083e-03	3.440116061292276166e-04	-9.228930242737045622e-05	-3.652110452030957123e-04	-4.384080745820508702e-04	3.390144894387245246e-04	9.025139951868960770e-04	-8.378971003726230727e-04	5.285957454221842412e-04	2.741251066165531491e-03	-1.229627726756202970e-04	-5.082134432582005243e-04	4.189249331478915421e-03	-2.752802374194934418e-04	-3.612250020861975351e-03	6.572560374044372376e-04	4.900390280120177832e-04	3.156911382917836203e-04	-1.388717573054225741e-04	6.303815059028621990e-04	5.811958996145307182e-04	-5.064428314674306736e-04	-4.506775155543801337e-04	1.289313742338631260e-04	-2.636531513827858417e-04	-8.156394976847364687e-04	1.796144011310172965e-04	-2.651385301499704136e-04	-7.540422370182172426e-04	5.564645692065751069e-04	2.400769908425739064e-04	8.285539412477037954e-04	2.209084490185184049e-04	1.735427187537164941e-03	-4.261789542204313334e-04	-1.255101133745249904e-03	5.677126145415644157e-03	-3.278947368267918702e-04	-3.437377745990806161e-03	2.771015324463445631e-03	-4.998487372580656348e-05
-1.281818055669800907e-04	-5.524177899447589232e-03	8.771344716940773605e-04	-2.736548022878174721e-04	3.819998913180007970e-03	4.207407323688417192e-05	-1.554678916868974228e-04	1.157235366172547526e-02	-5.524177899475055109e-03	-1.747108918906182043e-02	1.031308232068169073e-02	-9.718001551988961900e-03	-2.399162861630279100e-04	3.100602453800185843e-03	1.253254274124145995e-03	1.095548723941878674e-02	8.771344716911413410e-04	1.031308232067731749e-02	4.671280386341531993e-04	5.451266563585946759e-03	-1.168981231095803444e-02	-6.032724626227545239e-03	3.436175843993787699e-03	-2.881469350897680401e-02	-2.736548022885568437e-04	-9.718001551925809292e-03	5.451266563564311288e-03	4.853848539496460760e-04	-2.752802374277262768e-04	-5.524844101327662949e-04	2.522217867497517280e-04	6.118524982245435347e-03	3.819998913206840672e-03	-2.399162861613724418e-04	-1.168981231095591808e-02	-2.752802374194934418e-04	2.199753849646608056e-02	4.035998952015798502e-03	-9.149091211093380444e-03	1.352733536338191628e-02	4.207407323140969634e-05	3.100602453776034155e-03	-6.032724626191025841e-03	-5.524844101346803454e-04	4.035998951999301282e-03	2.730903594406595036e-04	-9.235316329326290555e-05	5.730046142984367760e-04	-1.554678916883629931e-04	1.253254274123339566e-03	3.436175843962813777e-03	2.522217867497677200e-04	-9.149091211043401325e-03	-9.235316329726884284e-05	4.265967909514222574e-04	-7.600505820351098271e-03	1.157235366179396735e-02	1.095548723942291885e-02	-2.881469350898328147e-02	6.118524982296653925e-03	1.352733536338554879e-02	5.730046142941825835e-04	-7.600505820388547482e-03	1.205519703146691645e-03
-6.824402742292653588e-04	-1.204145814536092002e-03	-2.556304531910139760e-04	-5.397906115993131933e-05	1.899014515861031493e-03	-4.852732878263693334e-04	1.364795983778115639e-03	3.392010863478118858e-03	-2.712438255393205024e-03	-5.048153478033617567e-03	1.875260820898247503e-03	-7.457432189356310095e-04	7.083427759471578884e-05	-3.359930584889312343e-04	2.035992991369881076e-03	2.715242140843878750e-03	1.519833383663211825e-03	2.503448024647542819e-03	-3.805153735748078323e-06	4.239432165921551247e-03	-2.033142862502894995e-03	-6.318892405352664193e-03	7.516404922413594692e-04	-4.926067404557956698e-03	-3.547643839016799026e-04	-2.649215967579618761e-03	2.554497606835158269e-03	1.406277269944921932e-03	-5.064428314664101141e-04	-1.028397044814508129e-03	7.149686142864063176e-04	1.429645667674832744e-03	5.174109538291567657e-04	2.201785365173092768e-04	-1.852191823983533958e-03	-3.612250020861975351e-03	4.035998952015798502e-03	7.478554597407824703e-03	-7.530149285868634190e-03	1.501512654445464820e-03	-1.080893785379208587e-05	1.391591341978754958e-03	-4.833817745748644062e-03	-7.942036941779469488e-04	2.940490899874134440e-03	6.397174469547016983e-04	-4.105569467592332442e-05	7.693925392001693588e-04	6.047745047487422402e-04	-9.776229292941556370e-05	3.396700352486277906e-03	4.471721750689447135e-04	-5.752251420612419786e-03	-2.473946204081921155e-04	-1.276906135527051131e-03	-3.289912851801385374e-03	1.863858369861900576e-03	3.420953876594134101e-03	-4.663887170468469442e-03	-4.784768627912047018e-03	2.172605219584873484e-03	4.573243104041516127e-03	-5.900487063135590772e-03	-8.997575151100099290e-04
1.116294068780936881e-04	3.065992371212673036e-03	4.916137842798320610e-04	1.336144175396697647e-03	-4.655545829330118117e-03	-1.373075911019671020e-03	1.282418810178838093e-03	-9.193299725069818684e-03	1.762483039063225980e-03	9.213266134771906646e-03	-5.410333264807084055e-03	2.643174925828604624e-03	3.604906242009960527e-04	-6.090518333874110493e-04	-6.378518660281381342e-04	-5.477115157096258159e-03	1.639203322983518937e-03	-6.147177991278599332e-03	9.106894195714784800e-04	-3.539193170987896958e-03	4.590456509239103713e-03	8.551586664285192735e-03	-9.465396125726405901e-03	1.416303042075813673e-02	8.812691856873785135e-04	4.994657250181847030e-03	-4.650787189164248478e-03	2.556293687878962839e-03	5.564645692047454073e-04	-4.865274180747061468e-04	-1.629949073788906710e-05	-3.420768189648047512e-03	-5.815070251021288265e-03	7.790834949398819063e-04	4.055045653499275704e-03	6.572560374044372376e-04	-9.149091211093380444e-03	-7.530149285868634190e-03	1.906408012780048261e-02	-6.177106454088804668e-03	-2.131784723363856077e-03	-1.995653906602322305e-03	8.606078464364914221e-03	-1.022735186940095225e-03	-5.752251420608272062e-03	-3.669406521093363177e-04	1.808440414191826153e-03	-2.011302863087599622e-03	1.330798452101725421e-03	-5.555326659920330808e-04	-6.615940015092617102e-03	5.475563097309308312e-05	1.281851074519140161e-02	1.093147865243409948e-03	-4.430568442607505514e-03	8.536807170651753568e-03	-8.762087869969875653e-03	-4.498089324355822836e-03	1.188944089337842791e-02	-2.099238401610920533e-03	-5.674181093256874808e-03	-3.686594220182945296e-03	1.196568579048128828e-02	-4.808643591150493389e-04
1.388637663092387768e-04	-2.944935906358088495e-03	6.774783511976339295e-04	-1.735889971633868749e-04	1.729931167818527828e-03	-6.401463207690932192e-04	-6.499032278082918310e-04	6.694372833869468783e-03	-2.658062237354300375e-03	-1.092398299140259765e-02	5.078768911751232670e-03	-6.781599448911596398e-03	8.167800211358745410e-04	2.391111485067606325e-03	7.530132228879946499e-05	8.697904425906139575e-03	-1.041532681166368064e-04	9.203136400594807975e-03	-5.538007377593684791e-04	3.403170760882169403e-03	-8.491850344451469523e-03	-3.697853719457670166e-03	3.621134232981630327e-03	-2.590876682159561767e-02	-1.028399898436811646e-03	-6.126235754737332367e-03	4.273479372459599787e-03	-2.520202180782735602e-03	-3.278947368307821137e-04	6.432313915803974155e-04	7.476602488099850195e-05	4.164639227764502932e-03	2.772868939151963176e-03	-2.383754309862368050e-03	-4.937702018576446347e-03	4.900390280120177832e-04	1.352733536338191628e-02	1.501512654445464820e-03	-6.177106454088804668e-03	1.304958182456560263e-02	1.347184714133487339e-03	1.440254689038417439e-03	-4.033100286077305474e-03	1.279654633638852186e-03	2.172605219577126642e-03	-5.665812436092788288e-04	-7.769160037789655301e-04	4.964503212254478852e-04	-1.198662701358174090e-03	7.979889321017018299e-04	2.686326929028095070e-03	-8.950901822135982379e-04	-5.674181093227786965e-03	1.030990116043536183e-03	2.056914271035679975e-03	-5.441155555113139086e-03	7.258637941296686505e-03	3.863318679456978662e-03	-1.239047665814599353e-02	5.455324546591030360e-03	6.865408734274843980e-03	-5.252485276749882005e-04	-4.489372877974153603e-03	2.513373953871413016e-03
2.641918083694787690e-04	5.095344667501900023e-04	-1.455681123446028041e-04	-1.160703128201630123e-02	1.563951211293660576e-03	2.127625531502870884e-02	-1.281780961802072086e-02	1.028476406188864292e-04	1.202326458410363821e-04	1.302372890645786931e-03	-1.001873750923013787e-03	2.101783538410644870e-04	3.489510915285586176e-04	8.109243556680244139e-04	8.785471511525081833e-05	-1.848236782472069081e-04	-1.098014248773970331e-04	2.134986236530683236e-04	3.120655281548942103e-04	3.490890486639639358e-04	-4.796370654125211999e-04	2.634074613618522125e-04	-9.515556242531787506e-04	-2.153611270623680303e-03	-1.389625690774098574e-02	5.911864269319127294e-04	2.712287411254717421e-04	-3.209896060809562524e-02	4.620636862706259092e-04	1.309273286489328128e-02	1.321037801370603506e-03	-8.737110134734245217e-04	1.934543445681893674e-03	-4.641789312754261189e-04	1.817957305571867434e-04	3.156911382917836203e-04	4.207407323140969634e-05	-1.080893785379208587e-05	-2.131784723363856077e-03	1.347184714133487339e-03	2.642701659025825656e-02	7.945106984010657201e-04	1.998257170392130446e-05	1.591726816678516385e-02	-4.852732878070463570e-04	2.263328294137936824e-04	-1.716859300356359322e-02	-2.300278876881316041e-04	-1.521430722521320208e-02	-7.820623875012789293e-05	-7.927776515981544911e-04	-1.337406982977654753e-03	-1.373075911048050662e-03	-1.421047283051262225e-02	3.718008542727543886e-02	-5.075920182437868673e-04	3.508774080681701106e-04	-1.324867166523927432e-03	1.855921254764967762e-03	-1.221576261124467794e-03	-6.401463207634607890e-04	4.031170196344485094e-05	-7.270056250182226933e-04	7.426729056098239955e-04
5.939557603895178044e-04	-1.996744915784726837e-05	-1.563025575581466391e-03	4.481947259800411233e-04	2.505788039222112649e-03	8.109243556652780214e-04	-1.042785649913071993e-03	6.252367205131661001e-04	-1.196474157526211581e-03	-4.122858061996427168e-03	2.054621306763709451e-03	-4.247416215889903562e-03	4.364563031883990796e-04	1.970393798694844607e-03	-1.886716187227712154e-04	3.088998033526205167e-03	3.108571853538361703e-04	2.623201004076879377e-03	8.908272153911130813e-05	2.630753981212859659e-03	-2.815977068236855292e-03	-3.430285486029413695e-03	1.309916777230980475e-03	-7.464039610765642492e-03	7.338343158584036087e-04	-6.573896257220860143e-03	6.469085528250787583e-04	4.893080599186153557e-04	1.822038907213459954e-03	5.815898524572406247e-04	-1.001303921169266128e-03	4.930315426884773408e-03	7.702956872803769749e-04	5.647787316743963556e-04	-2.266963465104317350e-03	-1.388717573054225741e-04	3.100602453776034155e-03	1.391591341978754958e-03	-1.995653906602322305e-03	1.440254689038417439e-03	7.945106984010657201e-04	7.232162271605334022e-03	-5.957803088521173261e-03	8.733974571532628767e-04	-3.359930585069204252e-04	-4.982011447532719598e-04	3.653336764260450256e-04	-4.599881209209686142e-03	-8.526504269358988961e-04	-3.980800544545505526e-03	4.318086230725714202e-03	-9.843696497667151716e-04	-6.090518333398057919e-04	3.500809499785686920e-04	2.482074654311036688e-05	5.887984183300093606e-03	2.074422819181583923e-03	3.690244953237650782e-03	-7.272408114884654044e-03	2.684819368547050264e-03	2.391111485053483074e-03	-5.029528942886599217e-04	-1.067304169051128820e-03	-7.569465003357772441e-04
3.037622062885635252e-05	8.254325143601167489e-04	3.552404373619635338e-04	-3.506523950014545218e-04	-1.527158431159583761e-03	2.634074613487403052e-04	-1.165619645760974867e-04	-3.337739397171351954e-03	2.258400672935510518e-03	9.008392806948317677e-03	-4.591419295522078392e-03	7.067105491892832630e-03	-3.237913435478517645e-04	-3.430285486030013042e-03	3.181715670125396362e-04	-6.174739534563869134e-03	1.006656080557566510e-04	-5.330163384685083008e-03	7.145741894867488212e-04	-5.334768047732739785e-03	3.915561680903362034e-03	9.194742039639467596e-03	-5.430120919302283689e-03	1.238706692038528401e-02	-1.698533771465292590e-04	6.817170730289504217e-03	-9.199681707600940866e-03	-4.396240367862997052e-04	2.273672112426963592e-03	-7.539607729198491339e-06	4.387152501257244436e-04	-2.436900787952809427e-03	-2.812067667017552862e-03	1.069924581229595524e-04	3.430270595593802596e-03	6.303815059028621990e-04	-6.032724626191025841e-03	-4.833817745748644062e-03	8.606078464364914221e-03	-4.033100286077305474e-03	1.998257170392130446e-05	-5.957803088521173261e-03	1.775398099207802644e-02	1.429165893333298430e-04	-6.318892405307557913e-03	6.765814395288716242e-05	-5.740680298314895531e-04	-1.958725136749996554e-04	-6.645664730207256768e-05	2.489355494480477351e-03	-1.030921851040476553e-02	4.480491961078893193e-04	8.551586664195399978e-03	-6.714540079085355197e-04	1.117312305801534998e-03	3.263975965690029801e-03	-5.242749522117683830e-03	-5.430545178914925573e-03	1.070101755660368345e-02	-4.002396088088475828e-03	-3.697853719438959873e-03	-6.145585958485228319e-04	4.928520255416897304e-03	1.006096212170096756e-03
-6.769742688198438808e-04	1.013213179777506254e-03	-6.765119517520879226e-04	-8.763063439661971515e-03	1.291204351016261419e-03	1.309273286489936322e-02	-6.481265312179967583e-03	-1.532331337791924643e-04	1.193163312765647922e-03	-1.023956653126113434e-03	9.675389647173358474e-04	3.213086389611563586e-04	-2.033456712628972218e-04	5.815898524589905270e-04	-7.965978938189830372e-04	7.169232922527466953e-04	-6.683891322860732905e-04	1.231235765404522110e-03	-5.474276349996897275e-04	2.165863679381268279e-04	7.773766416174220941e-05	-7.539607715907961638e-06	9.469762798074572415e-04	-3.136149419274663133e-03	-1.000243360706571175e-02	6.929667441997960182e-04	-5.879579463783916231e-04	-2.868599119494458574e-02	9.025139951823221533e-04	1.165323268391866077e-02	-3.466861873903545025e-04	3.854865215113919478e-04	9.912014431905189372e-04	-3.200694395884678143e-04	-8.224430524136708829e-05	5.811958996145307182e-04	-5.524844101346803454e-04	-7.942036941779469488e-04	-1.022735186940095225e-03	1.279654633638852186e-03	1.591726816678516385e-02	8.733974571532628767e-04	1.429165893333298430e-04	1.493084466827336934e-02	-1.028397044803500875e-03	-2.854696444463763853e-03	-6.954121468163598774e-03	-9.793614269233016055e-04	-7.836773422963141944e-03	-8.260625355766878369e-04	3.644234348826359826e-04	-2.741475548886604732e-03	-4.865274180934617059e-04	-5.285511152775052707e-03	1.613692963594352825e-02	9.667153160316439321e-04	-3.689667756368302399e-04	8.379317269971988617e-04	-2.391154436287712924e-03	3.356308417802713120e-04	6.432313915803043909e-04	-5.407299896778513821e-04	2.736227928350453949e-05	4.322972381609465286e-04
-6.824402742322654546e-04	-2.712438255383118908e-03	1.519833383664188041e-03	-3.547643839161064051e-04	5.174109538201969189e-04	-1.080893783761844576e-05	6.047745047424407487e-04	1.863858369843609218e-03	-1.204145814536896480e-03	-5.048153478016137626e-03	2.503448024640913573e-03	-2.649215967581253738e-03	2.201785365159389808e-04	1.391591341981341431e-03	-9.776229292836578495e-05	3.420953876580685657e-03	-2.556304531904459625e-04	1.875260820893457064e-03	-3.805153736026304929e-06	2.554497606835665242e-03	-1.852191823977468715e-03	-4.833817745753947979e-03	3.396700352485530240e-03	-4.663887170451982631e-03	-5.397906117233407719e-05	-7.457432189036800052e-04	4.239432165901830044e-03	1.406277269917767221e-03	-3.612250020861361259e-03	-7.942036941700915788e-04	4.471721750743493529e-04	-4.784768627932875842e-03	1.899014515857773682e-03	7.083427759444434527e-05	-2.033142862495780894e-03	-5.064428314674306736e-04	4.035998951999301282e-03	2.940490899874134440e-03	-5.752251420608272062e-03	2.172605219577126642e-03	-4.852732878070463570e-04	-3.359930585069204252e-04	-6.318892405307557913e-03	-1.028397044803500875e-03	7.478554597388136459e-03	6.397174469570677527e-04	-2.473946204263480567e-04	4.573243104041706947e-03	1.364795983772605723e-03	2.035992991372382981e-03	7.516404922172552697e-04	7.149686142900733062e-04	-7.530149285836749973e-03	-4.105569468587449110e-05	-1.276906135503517873e-03	-5.900487063121037309e-03	3.392010863475001126e-03	2.715242140836504441e-03	-4.926067404546893500e-03	1.429645667673711679e-03	1.501512654440691295e-03	7.693925391999686730e-04	-3.289912851802379804e-03	-8.997575151064006200e-04
3.169397511926493397e-04	-7.878176233513394140e-04	5.718100841813646400e-04	9.386758042746056081e-04	-1.890331531695052547e-04	2.263328294125689676e-04	-1.116243433292985095e-03	4.551551368808365826e-04	-7.878176233490658421e-04	1.357559519859944091e-03	-8.381747382957805380e-04	-3.046784148620043545e-04	-4.606111115157862819e-05	-4.982011447512372376e-04	8.166252798040300655e-04	-1.280155721162311126e-03	5.718100841794436506e-04	-8.381747382966801005e-04	2.529976614568441896e-04	7.545666166979702770e-04	2.964358549216380436e-04	6.765814394990528119e-05	-7.540724871696428966e-04	2.523006224602085141e-03	9.386758042744598914e-04	-3.046784148618641129e-04	7.545666166998193838e-04	5.148801495086199193e-03	-4.506775155560972931e-04	-2.854696444469456348e-03	6.961229180284050043e-04	-5.156161852205917847e-04	-1.890331531687126758e-04	-4.606111115002910677e-05	2.964358549189683584e-04	-4.506775155543801337e-04	2.730903594406595036e-04	6.397174469547016983e-04	-3.669406521093363177e-04	-5.665812436092788288e-04	2.263328294137936824e-04	-4.982011447532719598e-04	6.765814395288716242e-05	-2.854696444463763853e-03	6.397174469570677527e-04	2.859234059311231702e-03	-3.122984968440600806e-03	7.228560717338865368e-04	-1.116243433294630480e-03	8.166252798064978181e-04	-7.540724871728241626e-04	6.961229180262746554e-04	-3.669406521107963044e-04	-3.122984968438731641e-03	5.486581978629216649e-03	-1.245468890559328981e-03	4.551551368794431660e-04	-1.280155721160471452e-03	2.523006224595258570e-03	-5.156161852185288733e-04	-5.665812436062597594e-04	7.228560717317845941e-04	-1.245468890555567667e-03	3.062932031341102437e-04
-9.150901631166595248e-04	3.753086060324805793e-04	-5.060403311903173855e-04	6.438247665759070509e-03	-6.211645079055349086e-04	-1.421047283051549842e-02	1.017431340232089441e-02	-4.480283071761851504e-04	4.261892146693276647e-04	-2.874051231124548182e-03	1.556834327582028339e-03	7.653661617245396476e-04	6.351063710152654400e-05	3.500809499726770290e-04	-8.405190400747590161e-04	2.031060392107021228e-03	-4.650233709386867318e-04	3.890120781939005682e-04	1.461569134624349394e-04	-1.309913099226182182e-03	-5.813516270096262106e-04	-6.714540079136666149e-04	1.088329789360615793e-03	-1.652838372467828939e-03	7.710889180154570366e-03	-3.989039894344741707e-04	-7.168509724258132626e-04	1.435434337167570615e-02	2.400769908549222373e-04	-5.285511152763305159e-03	-2.657143239891209159e-03	1.368822525766856708e-03	-8.325691458984244356e-04	9.930926839403684224e-04	-1.307138852006021730e-03	1.289313742338631260e-04	-9.235316329326290555e-05	-4.105569467592332442e-05	1.808440414191826153e-03	-7.769160037789655301e-04	-1.716859300356359322e-02	3.653336764260450256e-04	-5.740680298314895531e-04	-6.954121468163598774e-03	-2.473946204263480567e-04	-3.122984968440600806e-03	1.645234057508837555e-02	-7.339845784145402480e-04	1.122857971233354180e-02	-8.205723022615508478e-04	1.485861002446606932e-03	-4.951481947342693422e-04	1.093147865265260091e-03	1.305238995150408143e-02	-3.321875870096348965e-02	1.652811144547051319e-03	-7.206590794214658363e-04	3.183777130494645519e-03	-4.863044467745495508e-03	4.906654212197174639e-04	1.030990116035674850e-03	-6.398982266010077788e-04	1.986904523007082361e-03	-1.403218162807451028e-03
-7.199644512438383229e-04	-1.786552531328763167e-03	1.795072285103113414e-03	-7.384321529771270803e-04	-1.455486866869459221e-03	4.031170197967825093e-05	6.376163378503868018e-04	7.649761709874149844e-04	-2.359311444532371474e-04	-4.116287286366390177e-04	3.301620457803851262e-04	8.522758989078994991e-04	-5.822596852488075769e-05	-5.029528942872176075e-04	3.745109158593247847e-04	1.119793344446452159e-04	-2.092366331045674289e-04	-5.501048058243951031e-04	-1.325432925261240595e-04	8.114155529803123205e-05	5.287239414499984034e-04	-6.145585958520302259e-04	7.378686168276973488e-04	1.794227891174935514e-03	-7.450796317635122179e-04	3.333234352197216727e-03	1.975950783422420441e-03	-7.104946553206689230e-05	-3.437377745988347624e-03	-5.407299896682251847e-04	8.944560514617507299e-04	-7.020845314810540000e-03	7.458305233948967113e-04	-2.288631548327720857e-04	8.674529744427572262e-05	-2.636531513827858417e-04	5.730046142984367760e-04	7.693925392001693588e-04	-2.011302863087599622e-03	4.964503212254478852e-04	-2.300278876881316041e-04	-4.599881209209686142e-03	-1.958725136749996554e-04	-9.793614269233016055e-04	4.573243104041706947e-03	7.228560717338865368e-04	-7.339845784145402480e-04	6.455968613365811563e-03	9.509807729519357796e-04	3.843157701267336558e-03	-2.062832109751891289e-03	1.075507152824685918e-03	-3.686594220191834019e-03	-6.398982266129588309e-04	1.815690890231468416e-04	-8.313987779473378317e-03	9.487697750945004328e-04	-6.717492033936833199e-04	1.373618998242587610e-03	-1.050728332057433972e-03	-5.252485276697230979e-04	1.009872006377172211e-03	-1.717712237696306359e-03	1.122119871789358187e-04
-1.761907740411204626e-03	-8.006769035546266837e-04	6.216822596665690917e-04	4.859700887373794888e-03	-1.252882780973081211e-03	-1.281780961801950308e-02	9.913871296486367890e-03	-6.385188762311213261e-04	-1.021009544600545049e-04	-1.763056292777666952e-03	4.680685634984044371e-05	8.387187198798929082e-04	3.745830397037566684e-04	-1.042785649913732706e-03	3.036156766106367939e-04	1.394645018335057777e-03	3.722863205471252943e-04	-1.225091523330020633e-04	-3.512766165523050084e-06	-5.021621712606524364e-05	1.203809331431384392e-04	-1.165619645860894668e-04	-7.341059722248919890e-05	1.534206645929788587e-03	6.120166013723626203e-03	9.468013250948056122e-04	-3.922319793931507191e-04	1.403310081168371304e-02	-1.066519487485291214e-03	-6.481265312175839809e-03	4.298788348650594562e-05	-1.758500672256601161e-03	-1.606683379253492135e-03	3.588436812466834882e-04	3.338132019544080820e-04	-8.156394976847364687e-04	-1.554678916883629931e-04	6.047745047487422402e-04	1.330798452101725421e-03	-1.198662701358174090e-03	-1.521430722521320208e-02	-8.526504269358988961e-04	-6.645664730207256768e-05	-7.836773422963141944e-03	1.364795983772605723e-03	-1.116243433294630480e-03	1.122857971233354180e-02	9.509807729519357796e-04	1.216525680598918094e-02	5.892655650590673030e-04	-1.124088847967969363e-03	1.795230906850275301e-03	1.282418810199315419e-03	1.017431340232264475e-02	-2.836210686392220265e-02	5.630643704737558954e-04	-8.341248031691375327e-04	1.210639436345099275e-03	7.795020537079810474e-04	-6.868429911251628522e-04	-6.499032278184238088e-04	6.376163378570093255e-04	1.956709585324336578e-04	-1.563647017881422078e-03
-5.969533961313409475e-04	-3.241558946673239218e-03	2.766582414235948563e-03	-6.697653290176671780e-04	-1.466663574523567604e-03	8.785471512822972122e-05	3.036156766064502556e-04	2.558976374721310537e-03	-3.570862433903674335e-04	-4.022915928253215350e-04	3.891187923673227259e-04	5.329028017318955274e-04	-9.887459884745230122e-05	-1.886716187222928925e-04	4.795602133496597395e-04	8.686298138922500848e-05	-3.504064518726728982e-05	-4.977955281375277298e-04	-1.024005273271096268e-05	-4.384197196370522107e-04	2.409062071936539579e-04	3.181715670159862607e-04	-6.123214434587066399e-05	1.129812667920857515e-03	-6.934502684470076478e-04	4.868498207373046435e-04	1.713339484365597248e-03	-1.828915773999267749e-04	-1.882424558532987818e-03	-7.965978938122015695e-04	8.269549217270238863e-04	-2.374764227046933900e-03	3.414097173999079628e-04	-8.066571708910452775e-05	-4.393471424707225906e-04	1.796144011310172965e-04	1.253254274123339566e-03	-9.776229292941556370e-05	-5.555326659920330808e-04	7.979889321017018299e-04	-7.820623875012789293e-05	-3.980800544545505526e-03	2.489355494480477351e-03	-8.260625355766878369e-04	2.035992991372382981e-03	8.166252798064978181e-04	-8.205723022615508478e-04	3.843157701267336558e-03	5.892655650590673030e-04	4.907171856400050804e-03	-5.599086414167392736e-03	8.948317220331448735e-04	-6.378518660317549242e-04	-8.405190400850747661e-04	1.068642795252526881e-03	-6.919613882220972297e-03	1.219431323342741024e-03	-4.686473779533630382e-04	4.340542385611632979e-04	-2.392277724200974525e-04	7.530132229091971721e-05	3.745109158585663853e-04	-1.490378527555263465e-03	3.821399194643128284e-04
6.710326854508406273e-04	3.673313339884376385e-03	-4.802374116976388524e-03	1.342459519897309505e-03	3.943843705457770153e-03	-9.515556242577489880e-04	-7.341059722642759040e-05	3.173408400616602783e-03	-1.669961139844962188e-03	-4.897133415484219640e-03	3.395198719721854042e-03	-4.219089712666551292e-03	-6.299123090514150433e-04	1.309916777230715496e-03	-6.123214434298186151e-05	2.454565873170130516e-03	-2.575969068865815287e-04	4.354983066496342058e-03	-9.304156465680414861e-04	3.124174811111068897e-03	-2.303169840458017294e-03	-5.430120919311590480e-03	4.072968831917152081e-03	-8.685513481783917189e-03	6.688200096185049773e-04	-2.337688307133642396e-03	1.811913015149529699e-03	-1.683732402591854669e-04	1.790049228429509403e-03	9.469762798127708079e-04	-1.259427751589057513e-03	5.508945327272783861e-03	2.302958725929424126e-03	-6.050997449149436410e-04	-1.953092994449132872e-03	-2.651385301499704136e-04	3.436175843962813777e-03	3.396700352486277906e-03	-6.615940015092617102e-03	2.686326929028095070e-03	-7.927776515981544911e-04	4.318086230725714202e-03	-1.030921851040476553e-02	3.644234348826359826e-04	7.516404922172552697e-04	-7.540724871728241626e-04	1.485861002446606932e-03	-2.062832109751891289e-03	-1.124088847967969363e-03	-5.599086414167392736e-03	1.595543058126665942e-02	-1.514967198417518403e-03	-9.465396125686224502e-03	1.088329789365948983e-03	-5.468979261655823425e-04	-1.359579021169112336e-03	4.179194212650574024e-03	3.305247167973596710e-03	-8.634094724306791771e-03	2.996092228581399147e-03	3.621134232958444013e-03	7.378686168286676013e-04	-3.347301926109281286e-03	8.955388342342423180e-05
-3.184899035529621929e-04	-5.585519687106835132e-04	7.066113825717737409e-04	-1.893630693625161961e-03	-5.977142156387264425e-04	1.321037801375112486e-03	4.298788348415140409e-05	-3.874271652003268772e-05	-3.865781764249199724e-04	6.156599753584641966e-04	-5.370196992402686761e-04	6.064265966813958859e-04	-2.693005557738690787e-04	-1.001303921165500477e-03	8.269549217218919238e-04	-8.343480775203529314e-04	7.027335007656413919e-04	-8.856096317376401569e-04	3.331067292116259026e-05	4.040312111303937751e-04	5.775454021599616371e-04	4.387152501251758373e-04	-1.259427751579630592e-03	3.120723215666677819e-03	9.136110166217766731e-05	5.783941454146736619e-04	4.153945443865294813e-04	9.277351925998315440e-04	-8.378971003785275293e-04	-3.466861873845439377e-04	8.904097157811337922e-04	-1.712714366755411360e-03	-7.943012750692812329e-04	6.469126331155007560e-05	6.028797498082336895e-04	-7.540422370182172426e-04	2.522217867497677200e-04	4.471721750689447135e-04	5.475563097309308312e-05	-8.950901822135982379e-04	-1.337406982977654753e-03	-9.843696497667151716e-04	4.480491961078893193e-04	-2.741475548886604732e-03	7.149686142900733062e-04	6.961229180262746554e-04	-4.951481947342693422e-04	1.075507152824685918e-03	1.795230906850275301e-03	8.948317220331448735e-04	-1.514967198417518403e-03	4.145037357479399234e-03	-1.629949073194482704e-05	-2.657143239892125960e-03	1.013124957979970320e-03	-1.066581542993350843e-03	-2.159201836003952016e-04	-8.899854853540538607e-04	2.332650148361438934e-03	-1.366039351457752973e-03	7.476602488018437454e-05	8.944560514556289992e-04	-9.874018061326826894e-04	1.480762451411064395e-04
1.116294068769814593e-04	1.762483039028266965e-03	1.639203322988290945e-03	8.812691856969408514e-04	-5.815070251005905605e-03	-2.131784723385722700e-03	1.330798452115372925e-03	-8.762087869916503416e-03	3.065992371210995559e-03	9.213266134724173995e-03	-6.147177991249530571e-03	4.994657250179572808e-03	7.790834949399956392e-04	-1.995653906604747882e-03	-5.555326659926209353e-04	-4.498089324324568324e-03	4.916137842815217901e-04	-5.410333264779522769e-03	9.106894195693342534e-04	-4.650787189163249277e-03	4.055045653471860134e-03	8.606078464379048748e-03	-6.615940015099261960e-03	1.188944089330308020e-02	1.336144175411876477e-03	2.643174925729432218e-03	-3.539193170938322464e-03	2.556293687921057205e-03	6.572560374041685723e-04	-1.022735186956510696e-03	5.475563097282691149e-05	-2.099238401550233401e-03	-4.655545829325952178e-03	3.604906242019506385e-04	4.590456509211771410e-03	5.564645692065751069e-04	-9.149091211043401325e-03	-5.752251420612419786e-03	1.281851074519140161e-02	-5.674181093227786965e-03	-1.373075911048050662e-03	-6.090518333398057919e-04	8.551586664195399978e-03	-4.865274180934617059e-04	-7.530149285836749973e-03	-3.669406521107963044e-04	1.093147865265260091e-03	-3.686594220191834019e-03	1.282418810199315419e-03	-6.378518660317549242e-04	-9.465396125686224502e-03	-1.629949073194482704e-05	1.906408012775700697e-02	1.808440414206224141e-03	-4.430568442655257247e-03	1.196568579045585723e-02	-9.193299725065329220e-03	-5.477115157063829239e-03	1.416303042068551427e-02	-3.420768189643979586e-03	-6.177106454059531210e-03	-2.011302863090626714e-03	8.536807170658255312e-03	-4.808643591173203087e-04
-9.150901631179327034e-04	4.261892146765399402e-04	-4.650233709466439626e-04	7.710889180159875150e-03	-8.325691458984194483e-04	-1.716859300358211660e-02	1.122857971234462321e-02	-7.206590794365155383e-04	3.753086060221457474e-04	-2.874051231120370968e-03	3.890120781860932284e-04	-3.989039894380145244e-04	9.930926839462927199e-04	3.653336764226571649e-04	-8.205723022495533918e-04	3.183777130500472022e-03	-5.060403311816714152e-04	1.556834327583995082e-03	1.461569134635829468e-04	-7.168509724039176913e-04	-1.307138852012846783e-03	-5.740680298470145692e-04	1.485861002442913706e-03	-4.863044467767438025e-03	6.438247665758319374e-03	7.653661617262560481e-04	-1.309913099245137939e-03	1.435434337169047732e-02	1.289313742432531028e-04	-6.954121468173160570e-03	-4.951481947285374906e-04	4.906654212287444227e-04	-6.211645079039718144e-04	6.351063709637003781e-05	-5.813516269984272695e-04	2.400769908425739064e-04	-9.235316329726884284e-05	-2.473946204081921155e-04	1.093147865243409948e-03	1.030990116043536183e-03	-1.421047283051262225e-02	3.500809499785686920e-04	-6.714540079085355197e-04	-5.285511152775052707e-03	-4.105569468587449110e-05	-3.122984968438731641e-03	1.305238995150408143e-02	-6.398982266129588309e-04	1.017431340232264475e-02	-8.405190400850747661e-04	1.088329789365948983e-03	-2.657143239892125960e-03	1.808440414206224141e-03	1.645234057510511910e-02	-3.321875870098725536e-02	1.986904523034185247e-03	-4.480283071566478273e-04	2.031060392096422501e-03	-1.652838372436980351e-03	1.368822525753722900e-03	-7.769160037908775509e-04	-7.339845783978684712e-04	1.652811144512248863e-03	-1.403218162806150852e-03
3.478276787491220434e-03	5.579516618987032713e-05	1.005622179690999129e-04	-1.556585827930191332e-02	2.521356740747769318e-03	3.718008542730369403e-02	-2.836210686393079300e-02	2.528044083655826314e-03	5.579516620269128887e-05	7.073192114893977860e-03	-9.722981222952862233e-04	-1.721235873942963783e-03	-1.982317135772438364e-03	2.482074655223235607e-05	1.068642795232065384e-03	-6.435417719368794268e-03	1.005622179551890705e-04	-9.722981223064063429e-04	-1.196929190302712179e-03	2.394552258629120169e-03	2.003987039958162256e-03	1.117312305830108063e-03	-5.468979261721533666e-04	3.384223221943145725e-03	-1.556585827930340865e-02	-1.721235873953980144e-03	2.394552258680977559e-03	-3.423298744649128783e-02	8.285539412274155538e-04	1.613692963595118879e-02	1.013124957973408945e-03	1.208304452795094927e-03	2.521356740745106084e-03	-1.982317135757943015e-03	2.003987039935916162e-03	8.285539412477037954e-04	4.265967909514222574e-04	-1.276906135527051131e-03	-4.430568442607505514e-03	2.056914271035679975e-03	3.718008542727543886e-02	2.482074654311036688e-05	1.117312305801534998e-03	1.613692963594352825e-02	-1.276906135503517873e-03	5.486581978629216649e-03	-3.321875870096348965e-02	1.815690890231468416e-04	-2.836210686392220265e-02	1.068642795252526881e-03	-5.468979261655823425e-04	1.013124957979970320e-03	-4.430568442655257247e-03	-3.321875870098725536e-02	8.400241305272995729e-02	-4.767112321602573997e-03	2.528044083616281992e-03	-6.435417719348310653e-03	3.384223221881575185e-03	1.208304452804468288e-03	2.056914271061146150e-03	1.815690889954022706e-04	-4.767112321528399824e-03	5.320424678407679672e-03
7.676320282827949143e-04	4.440821641987136373e-03	-2.213773482870212174e-03	1.293582798442554629e-03	-5.448091643578011805e-04	-7.270056250544479478e-04	1.956709585515127429e-04	-1.149053426939368981e-02	3.324754329176496034e-03	6.439133430524161990e-03	-4.740553027794762800e-03	3.590238431767884403e-03	8.069471944118664043e-04	-1.067304169055129743e-03	-1.490378527554124619e-03	-2.723525614001941816e-03	-1.133503466999838573e-04	-3.416197624746448742e-03	1.158893773021140404e-03	-3.139689570686290086e-03	2.174510935908521847e-03	4.928520255424447688e-03	-3.347301926109519377e-03	6.712091401234483029e-03	2.055145082802758549e-03	1.142245044253569842e-03	-5.829685534663727603e-03	3.088580050642236556e-03	2.771015324463696299e-03	2.736227925689903133e-05	-9.874018061391742415e-04	-2.127323579969160020e-04	-3.519223681441799399e-03	7.828416463933667241e-04	3.318458747881997042e-03	2.209084490185184049e-04	-7.600505820351098271e-03	-3.289912851801385374e-03	8.536807170651753568e-03	-5.441155555113139086e-03	-5.075920182437868673e-04	5.887984183300093606e-03	3.263975965690029801e-03	9.667153160316439321e-04	-5.900487063121037309e-03	-1.245468890559328981e-03	1.652811144547051319e-03	-8.313987779473378317e-03	5.630643704737558954e-04	-6.919613882220972297e-03	-1.359579021169112336e-03	-1.066581542993350843e-03	1.196568579045585723e-02	1.986904523034185247e-03	-4.767112321602573997e-03	2.173969928070587643e-02	-8.597268271014923968e-03	-2.313987426451115728e-03	8.524596149084530047e-03	-2.426131938526919583e-03	-4.489372877953180796e-03	-1.717712237693894660e-03	7.882353037352244490e-03	-1.684609641386559855e-03
9.117707860475414623e-05	-4.336832788739008668e-03	3.812271145127778553e-05	2.304585017870650868e-05	4.232079111388464127e-03	1.028476405893321080e-04	-6.385188762152081655e-04	1.171903764980283119e-02	-5.379884098470046061e-03	-1.075497373815870877e-02	6.123760763413517959e-03	-6.730579303631613330e-03	8.304694643559361019e-05	6.252367205461567459e-04	2.558976374721451917e-03	6.908143289856632022e-03	8.759770642824743687e-05	6.628762708187812061e-03	-2.620471770079062235e-04	2.841350172525551870e-03	-6.565579170348587873e-03	-3.337739397216960870e-03	3.173408400655363011e-03	-1.708525497742004878e-02	-2.597209176308682235e-04	-6.995341521936086771e-03	3.683350934624841228e-03	-5.208047257421572710e-04	5.010599823886672556e-04	-1.532331337993166390e-04	-3.874271651615897565e-05	6.074613348451681112e-03	5.250972408985912429e-03	-2.817275716058020331e-04	-6.042334368563667332e-03	1.735427187537164941e-03	1.157235366179396735e-02	1.863858369861900576e-03	-8.762087869969875653e-03	7.258637941296686505e-03	3.508774080681701106e-04	2.074422819181583923e-03	-5.242749522117683830e-03	-3.689667756368302399e-04	3.392010863475001126e-03	4.551551368794431660e-04	-7.206590794214658363e-04	9.487697750945004328e-04	-8.341248031691375327e-04	1.219431323342741024e-03	4.179194212650574024e-03	-2.159201836003952016e-04	-9.193299725065329220e-03	-4.480283071566478273e-04	2.528044083616281992e-03	-8.597268271014923968e-03	1.706517836445132358e-02	6.519224827673121558e-03	-1.587079987816077814e-02	9.402192330856668639e-03	6.694372833914647922e-03	7.649761709788214896e-04	-1.149053426943567185e-02	2.060575792677687848e-05
-8.970672104681506746e-05	-3.096935291799210108e-03	-2.253535167674031972e-04	6.976155183681844851e-04	3.306549696533414920e-03	-1.848236782316958510e-04	1.394645018324712753e-03	6.908143289808994780e-03	-3.341894577538051005e-03	-1.517644227456372598e-02	1.007890625866732573e-02	-5.426779739518288251e-03	-9.210260203716188077e-04	3.088998033542462128e-03	8.686298139052255453e-05	7.728870618540788565e-03	2.678923846850803829e-04	5.545135479206909912e-03	-1.009220300420848480e-04	2.938801690476168862e-03	-5.196927622883526499e-03	-6.174739534587912401e-03	2.454565873185646750e-03	-1.296619625348300990e-02	7.122759942658832277e-04	-6.581050008218749213e-03	2.281222666315535150e-03	2.201591920523059067e-04	5.614111880652491874e-04	7.169232922604289182e-04	-8.343480775243109198e-04	4.601719050800513744e-03	2.455653346712553548e-03	2.538611366223044157e-03	-9.349107367699682064e-03	-4.261789542204313334e-04	1.095548723942291885e-02	3.420953876594134101e-03	-4.498089324355822836e-03	3.863318679456978662e-03	-1.324867166523927432e-03	3.690244953237650782e-03	-5.430545178914925573e-03	8.379317269971988617e-04	2.715242140836504441e-03	-1.280155721160471452e-03	3.183777130494645519e-03	-6.717492033936833199e-04	1.210639436345099275e-03	-4.686473779533630382e-04	3.305247167973596710e-03	-8.899854853540538607e-04	-5.477115157063829239e-03	2.031060392096422501e-03	-6.435417719348310653e-03	-2.313987426451115728e-03	6.519224827673121558e-03	1.469329364112062497e-02	-2.797175570172065126e-02	2.700189527404925696e-03	8.697904425913029897e-03	1.119793344418632615e-04	-2.723525614020737111e-03	-3.442566060267249293e-03
-1.054208071575461758e-03	6.988248508544745233e-03	3.913569388522649588e-04	-6.721159037990548412e-04	-7.274316699270753570e-03	-2.153611270662515557e-03	1.534206645958202924e-03	-1.708525497731223225e-02	5.928293459003048521e-03	3.061647020173222447e-02	-2.475261703275103559e-02	1.410597374587117814e-02	4.112648637001914756e-03	-7.464039610814056022e-03	1.129812667930150429e-03	-1.296619625350365138e-02	7.459849877352766993e-04	-1.179651977463814366e-02	6.308665666272973835e-04	-6.338103137778086996e-03	1.152662743119190272e-02	1.238706692045545010e-02	-8.685513481849562595e-03	2.817003100913267888e-02	-1.367122194051524544e-03	1.672072923057123933e-02	-7.161757262086967946e-03	2.521002494490220090e-03	-1.346672880454594795e-03	-3.136149419291631331e-03	3.120723215671377185e-03	-1.257712471405627967e-02	-6.706256129917405676e-03	-4.240069334433243207e-03	2.313044466830083135e-02	-1.255101133745249904e-03	-2.881469350898328147e-02	-4.663887170468469442e-03	1.188944089337842791e-02	-1.239047665814599353e-02	1.855921254764967762e-03	-7.272408114884654044e-03	1.070101755660368345e-02	-2.391154436287712924e-03	-4.926067404546893500e-03	2.523006224595258570e-03	-4.863044467745495508e-03	1.373618998242587610e-03	7.795020537079810474e-04	4.340542385611632979e-04	-8.634094724306791771e-03	2.332650148361438934e-03	1.416303042068551427e-02	-1.652838372436980351e-03	3.384223221881575185e-03	8.524596149084530047e-03	-1.587079987816077814e-02	-2.797175570172065126e-02	7.040833898087500708e-02	-1.123352842977034388e-02	-2.590876682160622724e-02	1.794227891195726825e-03	6.712091401279663035e-03	8.990450727240600730e-04
9.251501938302342156e-04	-2.500862302480387923e-03	4.197791126238763237e-05	7.332476234283917234e-04	1.682825361852408920e-03	-8.737110134659114343e-04	-1.758500672249228370e-03	6.074613348459927988e-03	-4.774981379073635086e-04	-5.928013687202198130e-03	4.772610939467922773e-03	-1.086561346626855641e-02	-4.257017821388871942e-04	4.930315426898627777e-03	-2.374764227044451510e-03	4.601719050834968822e-03	-1.779944661125387175e-03	4.485413236816638942e-03	-6.043649922562075675e-04	1.630542352646409052e-03	-3.485158452444059134e-03	-2.436900787976842286e-03	5.508945327297849748e-03	-1.257712471414771695e-02	1.653015726573226363e-03	-6.062387349925623878e-03	2.710433146508176624e-03	-6.851573167510440539e-05	5.285957454191695087e-04	3.854865215112357685e-04	-1.712714366739617137e-03	5.344067931728679541e-03	3.810368005168782678e-03	-9.391654737761422848e-04	-3.556576616992625055e-03	5.677126145415644157e-03	6.118524982296653925e-03	-4.784768627912047018e-03	-2.099238401610920533e-03	5.455324546591030360e-03	-1.221576261124467794e-03	2.684819368547050264e-03	-4.002396088088475828e-03	3.356308417802713120e-04	1.429645667673711679e-03	-5.156161852185288733e-04	4.906654212197174639e-04	-1.050728332057433972e-03	-6.868429911251628522e-04	-2.392277724200974525e-04	2.996092228581399147e-03	-1.366039351457752973e-03	-3.420768189643979586e-03	1.368822525753722900e-03	1.208304452804468288e-03	-2.426131938526919583e-03	9.402192330856668639e-03	2.700189527404925696e-03	-1.123352842977034388e-02	1.880778249460527546e-02	4.164639227804954949e-03	-7.020845314810964140e-03	-2.127323580355551243e-04	4.424671161015363073e-04
1.388637663126754537e-04	-2.658062237341352399e-03	-1.041532681128585109e-04	-1.028399898435506700e-03	2.772868939136139896e-03	1.347184714143952276e-03	-1.198662701367501048e-03	7.258637941256510309e-03	-2.944935906375157307e-03	-1.092398299141249252e-02	9.203136400602589945e-03	-6.126235754784576694e-03	-2.383754309865727776e-03	1.440254689053015354e-03	7.979889321033698749e-04	3.863318679453458908e-03	6.774783511981692001e-04	5.078768911746419680e-03	-5.538007377587866962e-04	4.273479372484925015e-03	-4.937702018576479307e-03	-4.033100286106471380e-03	2.686326929051491286e-03	-1.239047665813500926e-02	-1.735889971630113885e-04	-6.781599448872791501e-03	3.403170760870149504e-03	-2.520202180778137718e-03	4.900390280048118503e-04	1.279654633641813793e-03	-8.950901822147741636e-04	5.455324546554505757e-03	1.729931167830500022e-03	8.167800211390217630e-04	-8.491850344455612043e-03	-3.278947368267918702e-04	1.352733536338554879e-02	2.172605219584873484e-03	-5.674181093256874808e-03	6.865408734274843980e-03	-6.401463207634607890e-04	2.391111485053483074e-03	-3.697853719438959873e-03	6.432313915803043909e-04	1.501512654440691295e-03	-5.665812436062597594e-04	1.030990116035674850e-03	-5.252485276697230979e-04	-6.499032278184238088e-04	7.530132229091971721e-05	3.621134232958444013e-03	7.476602488018437454e-05	-6.177106454059531210e-03	-7.769160037908775509e-04	2.056914271061146150e-03	-4.489372877953180796e-03	6.694372833914647922e-03	8.697904425913029897e-03	-2.590876682160622724e-02	4.164639227804954949e-03	1.304958182457352338e-02	4.964503212218367330e-04	-5.441155555144251352e-03	2.513373953873792189e-03
-7.199644512400685519e-04	-2.359311444532483960e-04	-2.092366331042013752e-04	-7.450796317493815941e-04	7.458305233964096070e-04	-2.300278877037243287e-04	9.509807729570856315e-04	9.487697750932019922e-04	-1.786552531328496236e-03	-4.116287286322459931e-04	-5.501048058321853125e-04	3.333234352189697568e-03	-2.288631548329448805e-04	-4.599881209208022542e-03	3.843157701266824815e-03	-6.717492034018905135e-04	1.795072285103973186e-03	3.301620457771508969e-04	-1.325432925273349236e-04	1.975950783426502246e-03	8.674529744842671261e-05	-1.958725136820913134e-04	-2.062832109750356493e-03	1.373618998260310196e-03	-7.384321529606335463e-04	8.522758989064137085e-04	8.114155529913126357e-05	-7.104946550111313711e-05	-2.636531513826403960e-04	-9.793614269315463125e-04	1.075507152818695701e-03	-1.050728332058632883e-03	-1.455486866875449221e-03	-5.822596852490399350e-05	5.287239414578599533e-04	-3.437377745990806161e-03	5.730046142941825835e-04	4.573243104041516127e-03	-3.686594220182945296e-03	-5.252485276749882005e-04	4.031170196344485094e-05	-5.029528942886599217e-04	-6.145585958485228319e-04	-5.407299896778513821e-04	7.693925391999686730e-04	7.228560717317845941e-04	-6.398982266010077788e-04	1.009872006377172211e-03	6.376163378570093255e-04	3.745109158585663853e-04	7.378686168286676013e-04	8.944560514556289992e-04	-2.011302863090626714e-03	-7.339845783978684712e-04	1.815690889954022706e-04	-1.717712237693894660e-03	7.649761709788214896e-04	1.119793344418632615e-04	1.794227891195726825e-03	-7.020845314810964140e-03	4.964503212218367330e-04	6.455968613367633890e-03	-8.313987779472242073e-03	1.122119871799670847e-04
7.676320282791035312e-04	3.324754329181397929e-03	-1.133503467019135745e-04	2.055145082770323990e-03	-3.519223681445298769e-03	-5.075920182025327578e-04	5.630643704490284965e-04	-8.597268271019463740e-03	4.440821642010769378e-03	6.439133430558465279e-03	-3.416197624765560624e-03	1.142245044317590028e-03	7.828416463963247529e-04	5.887984183282078503e-03	-6.919613882222366147e-03	-2.313987426462813836e-03	-2.213773482872553183e-03	-4.740553027819576284e-03	1.158893773031250372e-03	-5.829685534690412854e-03	3.318458747897132504e-03	3.263975965727105612e-03	-1.359579021192929005e-03	8.524596149128101097e-03	1.293582798416485422e-03	3.590238431770765778e-03	-3.139689570687800163e-03	3.088580050564749928e-03	2.209084490202606365e-04	9.667153160561707537e-04	-1.066581542992560026e-03	-2.426131938521907099e-03	-5.448091643695822297e-04	8.069471944129712063e-04	2.174510935919615404e-03	2.771015324463445631e-03	-7.600505820388547482e-03	-5.900487063135590772e-03	1.196568579048128828e-02	-4.489372877974153603e-03	-7.270056250182226933e-04	-1.067304169051128820e-03	4.928520255416897304e-03	2.736227928350453949e-05	-3.289912851802379804e-03	-1.245468890555567667e-03	1.986904523007082361e-03	-1.717712237696306359e-03	1.956709585324336578e-04	-1.490378527555263465e-03	-3.347301926109281286e-03	-9.874018061326826894e-04	8.536807170658255312e-03	1.652811144512248863e-03	-4.767112321528399824e-03	7.882353037352244490e-03	-1.149053426943567185e-02	-2.723525614020737111e-03	6.712091401279663035e-03	-2.127323580355551243e-04	-5.441155555144251352e-03	-8.313987779472242073e-03	2.173969928072897947e-02	-1.684609641397468447e-03
2.491801370300105985e-04	3.863797172893536813e-04	2.406883650466541159e-04	-9.195209936847534640e-04	-3.814372969819294868e-04	7.426729056065571859e-04	-1.563647017880451066e-03	2.060575792788632224e-05	3.863797172902513465e-04	2.472218432041936066e-03	-3.726259531053114889e-04	-2.744503034219302980e-04	-5.827339729588614740e-04	-7.569465003384347320e-04	3.821399194662638502e-04	-3.442566060265749191e-03	2.406883650506822252e-04	-3.726259531055323409e-04	-8.224965805391586636e-04	1.098068972507973244e-03	5.032649846848986268e-04	1.006096212166961244e-03	8.955388342625253580e-05	8.990450727168119646e-04	-9.195209936846255282e-04	-2.744503034133970848e-04	1.098068972492371575e-03	-2.464440861930968472e-03	-4.998487372260006944e-05	4.322972381599130129e-04	1.480762451424303587e-04	4.424671160965361295e-04	-3.814372969892945264e-04	-5.827339729593299577e-04	5.032649846897074971e-04	-4.998487372580656348e-05	1.205519703146691645e-03	-8.997575151100099290e-04	-4.808643591150493389e-04	2.513373953871413016e-03	7.426729056098239955e-04	-7.569465003357772441e-04	1.006096212170096756e-03	4.322972381609465286e-04	-8.997575151064006200e-04	3.062932031341102437e-04	-1.403218162807451028e-03	1.122119871789358187e-04	-1.563647017881422078e-03	3.821399194643128284e-04	8.955388342342423180e-05	1.480762451411064395e-04	-4.808643591173203087e-04	-1.403218162806150852e-03	5.320424678407679672e-03	-1.684609641386559855e-03	2.060575792677687848e-05	-3.442566060267249293e-03	8.990450727240600730e-04	4.424671161015363073e-04	2.513373953873792189e-03	1.122119871799670847e-04	-1.684609641397468447e-03	5.640093714978393000e-03
