0.000000000000000000e+00	1.726245974041369213e-05	-2.665670809265525051e-05	9.544692090443950472e-07	3.310046627629965334e-05	-3.934802867354228676e-06	3.281188423100274366e-06	-4.356914192136758103e-06	1.726245974369184855e-05	6.141459616905511705e-06	-2.496132829524408528e-05	-2.885204677250174198e-07	-6.320834551156183411e-05	3.007977758884823149e-05	-2.154225480022242992e-05	2.155930815493412755e-05	-2.665670809561844620e-05	-2.496132829512694401e-05	1.365316887491789576e-04	-5.030797441786095898e-05	-2.595742668673544599e-05	9.640644067678854923e-06	2.131844778846585459e-05	2.610701225604390984e-07	9.544692091209376030e-07	-2.885204666133049936e-07	-5.030797441711758254e-05	6.403916332120202613e-06	4.114732101327160598e-05	-5.376611206422573410e-06	6.543062485465423695e-06	3.614346166107061480e-05	3.310046627786108743e-05	-6.320834551151071398e-05	-2.595742668680924627e-05	4.114732101668771018e-05	5.790134852631606693e-06	-2.639516201522746063e-05	1.030092111772794707e-06	-2.216824893903086288e-05	-3.934802867357897175e-06	3.007977758682554053e-05	9.640644070273586197e-06	-5.376611206606906414e-06	-2.639516201152086817e-05	5.353435125868246997e-07	-8.784500945596168323e-08	-3.648481142355505444e-05	3.281188423058024363e-06	-2.154225479672419741e-05	2.131844778027992490e-05	6.543062485404008724e-06	1.030092112729966078e-06	-8.784500933932874041e-08	-5.473644334386726956e-06	5.481051945407464251e-05	-4.356914190234215377e-06	2.155930815489988031e-05	2.610701225530584768e-07	3.614346167034791595e-05	-2.216824893901062895e-05	-3.648481142766492606e-05	5.481051945523620928e-05	-1.704710477581914188e-04
-1.726245974041369213e-05	0.000000000000000000e+00	-4.594633102169014445e-06	-1.411081369407821238e-04	2.067116560257667435e-07	2.589865075845588062e-04	-1.268930452463741857e-04	8.386206200844387561e-06	5.599099539587738816e-17	7.832603134039030682e-05	-7.364553058569777745e-05	-2.376382799707441019e-04	3.281765245860684423e-05	-6.943388571443321472e-04	3.845996713082366555e-04	2.155913456158254382e-05	3.479895119364757872e-04	-4.158428789451408254e-05	-2.819504594841617742e-05	1.226581970693989623e-03	4.470672613724739240e-05	-2.836367069027752276e-04	2.652019225996881725e-04	8.461448593102187474e-05	-1.426790939458902861e-04	-4.792903056477281425e-06	1.577614188330084876e-06	-3.688965159177691857e-04	8.145295182538182989e-06	2.307669607505240922e-04	-4.826479323352565536e-06	4.166544493254974895e-05	-6.289114981525864654e-04	-1.346121249809221075e-05	1.205103812672506504e-04	-4.211739452044508964e-04	-9.671701586990010956e-05	4.035217757817999393e-05	-2.429170582298186909e-04	-3.237463260343625396e-05	2.120278731379161299e-04	1.377878764274774964e-06	-1.525796328783667181e-05	1.466168353119825813e-04	3.147686407722952024e-08	-2.821096110173312057e-05	-1.399124274132915657e-04	-1.419429908431346598e-05	-7.363082418909437155e-05	-8.505372838991722968e-06	3.096192533104001263e-05	3.468514762252272554e-06	-1.032451186284207107e-05	-1.277579431356309437e-04	3.356150811327933458e-04	4.124617127203532116e-06	2.070819309236503051e-04	-6.846806494159891486e-05	1.681089303662919657e-04	2.504403722411649696e-04	-7.293578422286377738e-05	4.664856393615525150e-04	-1.362790000903731525e-03	-5.261997469316915477e-06
2.665670809265525051e-05	4.594633102169014445e-06	0.000000000000000000e+00	7.234102082707476948e-05	4.465776885141008526e-06	-1.264164165894758238e-04	5.544396497603232591e-05	1.000298611146278058e-07	-3.479895119365424656e-04	7.796280732640488908e-05	1.077494419140029915e-05	2.637932229732668169e-04	-2.559948045357564994e-05	3.605134003955627023e-04	2.162601672109028451e-05	-1.141818098227999204e-04	2.409385218464857314e-17	-5.138813260981573019e-05	2.813766982042586421e-07	-8.229186820939296890e-04	5.217398581178930004e-05	3.085936761743608790e-04	-8.233283868517796839e-04	1.691530462389754423e-04	1.072101522877039572e-04	-5.175420302013013590e-06	1.012659984488613159e-05	2.076636582074399074e-04	-3.631342528967728759e-06	-1.378774834568524676e-04	6.299922684262361828e-06	-1.539335429919225890e-05	3.454938187574752234e-04	2.553107951885555393e-05	2.962227015149809259e-06	2.064748570436676856e-05	-9.347387915568074125e-05	3.594316740171109585e-04	2.714030402363873861e-04	-9.805213775576686547e-05	-1.110935911593684342e-04	4.146199774431525624e-06	-4.198872426887795955e-07	-7.816101417327259442e-05	-3.940529873055659439e-06	2.344433005584196559e-05	6.258826864051565317e-05	8.918542663693300384e-06	2.357615748309832161e-05	3.877646721702680230e-06	-1.019054994578215986e-05	2.227945936179698109e-05	3.751666790086297867e-06	1.466004354533632811e-05	-1.444204230905114404e-04	-1.792687829651208847e-05	-2.273931726470535507e-04	-3.717992169268451348e-05	1.014802576044925443e-04	-8.891483145155967046e-04	-4.399302059628964481e-05	1.083785783271728482e-06	8.868107537812824296e-04	1.834594087229177744e-05
-9.544692090443950472e-07	1.411081369407821238e-04	-7.234102082707476948e-05	0.000000000000000000e+00	7.111870795877869693e-05	2.716080486539398237e-05	5.610731129107419946e-06	5.155996511659950476e-06	1.426790939356999783e-04	-3.835105979050962809e-03	2.119312369617673206e-03	2.996534712524617349e-04	2.010764357312335083e-05	3.388507565758706106e-06	-1.130297613404927435e-04	2.433692169644278980e-03	-1.072101522876686935e-04	2.119955812374868520e-03	-4.481827310390341435e-05	-1.609844281539753023e-04	-2.101497245247394355e-03	2.069491398079498039e-05	1.861189849356760506e-04	-5.825381188620722475e-03	4.347112316349774266e-16	2.948848972235428890e-04	-5.301655473849207600e-05	6.219617591914273656e-05	3.778708718321135680e-05	-1.601527987139258637e-05	1.600080608925389530e-06	3.792858141985058556e-05	1.337744214254119794e-04	1.977653038516427684e-05	-2.103220165310519443e-03	8.371348569241997425e-05	3.824373588802429391e-03	-3.943852767934308263e-05	-2.415434627316765043e-04	2.447665337456674927e-03	2.742824879385424765e-05	-5.981980051324316104e-05	-1.280080782730860123e-05	-1.579786972268134318e-05	-2.608550701632660616e-05	-3.868846123949072825e-07	1.591577194867165439e-05	-4.353492667439450698e-05	5.477329204295519323e-06	-7.387704587822699624e-05	2.005758952387513047e-04	2.864094405936687742e-06	-2.490903570306321523e-04	1.614042513635383975e-05	-7.310446882261782253e-05	-2.259784680994248398e-06	-1.855721699839015863e-05	2.434521182420713338e-03	-5.827489819199263912e-03	3.195223080298697398e-05	2.447642898984472241e-03	-9.351165995372844519e-05	1.226376255765473087e-04	5.398034307027477945e-05
-3.310046627629965334e-05	-2.067116560257667435e-07	-4.465776885141008526e-06	-7.111870795877869693e-05	0.000000000000000000e+00	1.178193296816721172e-04	-5.861864193692899470e-05	-7.864348930150294632e-06	6.289114981526552038e-04	-1.715755374174787198e-04	3.272463943871946996e-05	-2.435273845872454605e-04	2.324813182835832719e-05	3.962940937050548078e-05	-4.218879183473719105e-04	1.468651101829751950e-04	-3.454938187574548404e-04	1.091796854281410498e-04	5.416218887683198487e-06	2.699511666006579563e-04	-1.093884827898873770e-04	-2.777088403214416539e-04	1.225029374416567287e-03	-3.177498139542053431e-04	-1.337744214090878249e-04	1.209193167435388669e-05	-3.195531357346924827e-05	-2.332639157109719398e-04	1.038796701173398897e-05	1.157269945716007454e-04	-1.461004386183240009e-05	4.881262250115215359e-06	-1.777104769492676012e-16	-2.196477005417029954e-05	-9.177216202090900631e-05	3.821199343795474677e-04	2.159602591143737417e-04	-6.922192431708777422e-04	-2.459755350353314712e-04	1.839027134324236544e-04	1.369769820384357842e-04	2.262673643833015562e-06	1.363446987076029322e-05	9.336463771404622503e-05	-4.811465218387245935e-06	-1.063126816054107182e-05	-6.680484498542762237e-05	-1.679214345721075546e-05	-5.234199292156970472e-05	-9.873905719946831765e-06	2.227959813013642005e-07	-5.111349665484101585e-05	7.444500277205939640e-06	6.131048562616890724e-06	1.504057212455585510e-04	4.527339222818870142e-05	2.053830415582579016e-04	1.027316754090159634e-04	-2.786161855141489952e-04	1.362405521770073454e-03	1.225816963712024802e-04	-4.679345913053851178e-04	-2.470490216584515612e-04	6.422157658249839181e-07
3.934802867354228676e-06	-2.589865075845588062e-04	1.264164165894758238e-04	-2.716080486539398237e-05	-1.178193296816721172e-04	0.000000000000000000e+00	-3.736480058523592579e-05	-4.198977460841860716e-05	-2.120278731137999228e-04	6.950021269353073503e-03	-3.828643793148305777e-03	-5.222305931838434542e-04	2.369826774397322492e-08	1.079533892288817655e-04	1.042761901302513485e-04	-4.427149048567079193e-03	1.110935911532079026e-04	-3.827897061974546399e-03	3.417236443704809584e-06	1.168084337237874459e-04	3.826529618753209648e-03	-1.576104703198960425e-05	-2.868575549861576788e-04	1.056610994950785837e-02	-2.742824879546563636e-05	-5.340582698831024266e-04	5.876795868052742079e-05	-1.888555206874674604e-04	-7.190427827262290241e-05	6.004026563263074726e-05	-7.396962521359570955e-07	-1.077731661492874432e-04	-1.369769820623027061e-04	8.061228536949560110e-07	3.825357990277338145e-03	-5.624547011626598533e-05	-6.939942006408494554e-03	1.332313541665363850e-05	4.577614351497284219e-04	-4.426508274522235678e-03	1.420634765288966359e-15	1.257996030390890212e-04	5.249564070065839869e-05	5.952417359984085694e-05	6.352604590978748824e-05	-1.966725853077599892e-06	-6.156009207892509190e-05	7.756533920463134992e-05	-3.860061681485660654e-05	1.241836092271977562e-04	-3.875717336072842609e-04	-2.867691228509991370e-06	4.458385488783997040e-04	-5.963361741551076976e-05	2.069586718685575944e-04	4.391688777900724071e-05	1.812775820851268227e-05	-4.427517470408108904e-03	1.056598343402356983e-02	2.770929342386406206e-06	-4.426493819106638514e-03	5.690484273778489348e-05	-1.693157597231972900e-05	1.823637652456172131e-06
-3.281188423100274366e-06	1.268930452463741857e-04	-5.544396497603232591e-05	-5.610731129107419946e-06	5.861864193692899470e-05	3.736480058523592579e-05	0.000000000000000000e+00	1.926238244347090072e-05	7.363082416957165803e-05	-3.828187227550467874e-03	2.101755350691840440e-03	3.127327265284408431e-04	-2.029363707487410708e-05	-8.961313973712510734e-05	-1.010776653707560285e-05	2.446797196640333912e-03	-2.357615747678087545e-05	2.100956645156040747e-03	4.223777538326679170e-05	-4.088364757611546074e-05	-2.116653104616152137e-03	7.422403554032218009e-06	7.859856301340077483e-05	-5.822801754722394668e-03	-5.477329203856458101e-06	2.897559905542444704e-04	-1.637990976653620799e-05	4.767289138742978444e-05	2.829358634488997757e-05	-9.487718748288382164e-06	-4.005858432651733760e-07	3.683275937739728331e-05	5.234199293571772314e-05	-2.028389726417374267e-05	-2.116292091053462165e-03	-1.071922580379866007e-05	3.826261290715705921e-03	4.557542684644357684e-05	-2.306087832030006212e-04	2.431421832497861028e-03	3.860061681420792160e-05	-8.487961231092581082e-05	-2.246434272732548331e-05	-8.099839379518634626e-06	-2.072578661811571253e-05	2.478598044211152156e-06	8.824228035815225474e-06	-2.464107505296532109e-05	-1.009222021901165717e-16	-4.919786276667809750e-05	1.897541190585726113e-04	8.638907780532981768e-07	-2.508440288143090786e-04	7.599448328017948213e-06	-5.515824972333210376e-05	-4.055695002181956333e-05	-7.335180029936911575e-06	2.447683999342162818e-03	-5.822852246328696912e-03	-9.250076752480900703e-05	2.432441189231564910e-03	2.128062657622098143e-05	-2.215329115848851656e-05	-5.560120623976811402e-05
4.356914192136758103e-06	-8.386206200844387561e-06	-1.000298611146278058e-07	-5.155996511659950476e-06	7.864348930150294632e-06	4.198977460841860716e-05	-1.926238244347090072e-05	0.000000000000000000e+00	-2.070819309240574772e-04	-3.420993861871002078e-04	2.160519340301015083e-04	-2.570196347300823708e-06	-2.475158351158536447e-06	-2.381352621818025772e-04	2.613481581708695283e-04	2.311628921484225275e-04	2.273931726475576505e-04	1.888852176592925992e-04	-1.032758245444588164e-05	3.150950669536087181e-04	-1.947987828013420452e-04	4.334558831904301928e-06	-3.105756949513588296e-04	-5.222421827815401391e-04	1.855721702382827243e-05	-2.346554501859272706e-06	-6.634630285127552607e-06	5.040672353360716449e-06	-4.507265842373511881e-07	2.878944187884019114e-05	-1.084589095438402251e-05	-7.518732500974185567e-06	-2.053830415592768619e-04	1.107784517185434846e-06	-1.798121610233594739e-04	-2.642563574087777433e-04	3.562293875655567492e-04	2.380210238751617659e-04	-6.542294861045974320e-06	2.212597487085285150e-04	-1.812775825198040058e-05	1.133343670701017546e-05	3.083078100266138533e-06	-4.049044995211300375e-06	5.861998104653683125e-06	-1.738910431261191318e-06	4.705227525945522625e-07	-3.633168064688680547e-06	7.335180052652062631e-06	-3.009140665368403151e-06	-4.238561654151417710e-06	1.125677458123282857e-05	-3.349989069899136651e-06	-3.748590592910484268e-05	3.566076569193255463e-05	1.259604580234793668e-05	-7.761261251737483491e-16	2.266726201818386379e-04	-5.345250481302013176e-04	-3.650410188487850311e-04	2.278920213486371519e-04	3.033208190042616971e-04	-3.617793386013007590e-04	1.680909446888696841e-06
-1.726245974369184855e-05	-5.599099539587738816e-17	3.479895119365424656e-04	-1.426790939356999783e-04	-6.289114981526552038e-04	2.120278731137999228e-04	-7.363082416957165803e-05	2.070819309240574772e-04	0.000000000000000000e+00	7.832603132076970340e-05	-4.158428788227180693e-05	-4.792903057009939788e-06	-1.346121249591097216e-05	1.377878763901487121e-06	-8.505372839119835007e-06	-6.846806492300918441e-05	-4.594633101861853193e-06	-7.364553057345453284e-05	-2.819504594723866610e-05	1.577614188830726241e-06	1.205103812531941861e-04	-1.525796328687304139e-05	3.096192533086063138e-05	1.681089303221539326e-04	-1.411081369337191700e-04	-2.376382799720305077e-04	1.226581970694567286e-03	-3.688965158836594264e-04	-4.211739452045487999e-04	1.466168352937356485e-04	3.468514769886823606e-06	2.504403722414908808e-04	2.067116558870593544e-07	3.281765245960901296e-05	4.470672612246168014e-05	8.145295182068570982e-06	-9.671701585106892728e-05	3.147686409323366515e-08	-1.032451186292045042e-05	-7.293578420648939723e-05	2.589865075602557098e-04	-6.943388571438566161e-04	-2.836367069034658643e-04	2.307669607281333116e-04	4.035217757860235844e-05	-2.821096109765618159e-05	-1.277579431228030972e-04	4.664856393616844624e-04	-1.268930452311478130e-04	3.845996713083141760e-04	2.652019226002438803e-04	-4.826479314373448783e-06	-2.429170582306999847e-04	-1.399124274073040321e-04	3.356150811000458865e-04	-1.362790000904530365e-03	8.386206200989972196e-06	2.155913457671318484e-05	8.461448588940993787e-05	4.166544493194910772e-05	-3.237463259038231750e-05	-1.419429908433885834e-05	4.124617127555256618e-06	-5.261997469657449827e-06
-6.141459616905511705e-06	-7.832603134039030682e-05	-7.796280732640488908e-05	3.835105979050962809e-03	1.715755374174787198e-04	-6.950021269353073503e-03	3.828187227550467874e-03	3.420993861871002078e-04	-7.832603132076970340e-05	0.000000000000000000e+00	-3.241818489742483156e-05	-1.249320716825709195e-04	2.841729662645746222e-06	-1.657540110081000566e-05	-3.592387271464322917e-05	-5.120355157544730779e-05	-7.796280731694967036e-05	-3.241818489617999806e-05	3.626237967157509888e-06	-2.528372954812323692e-04	2.281919296628087622e-05	6.119555814702362911e-04	-9.908180036759128991e-06	1.837942363031170299e-04	3.835105979050259378e-03	-1.249320717308039029e-04	-2.528372954636860207e-04	1.057621604913753718e-02	1.026573728872692153e-04	-4.427072740255357658e-03	-1.729780599577842036e-05	9.895145088376263982e-05	1.715755373879175680e-04	2.841729663711388632e-06	2.281919296641450075e-05	1.026573728819013710e-04	1.860834344571789869e-05	-1.690666544345077217e-04	-1.225596327305057969e-04	-5.156175970672195925e-05	-6.950021269352360531e-03	-1.657540106872738934e-05	6.119555814066820944e-04	-4.427072740257359529e-03	-1.690666544029178651e-04	8.460359767658866045e-06	4.432062164031694979e-03	-5.935379919997789037e-05	3.828187227550273151e-03	-3.592387272598272351e-05	-9.908179983140871086e-06	-1.729780599540924613e-05	-1.225596327964220363e-04	4.432062164031004559e-03	-1.057106737191349649e-02	-2.121666567175492252e-05	3.420993861268941359e-04	-5.120355157463463727e-05	1.837942363043641877e-04	9.895145083830799229e-05	-5.156175970751765523e-05	-5.935379919512471684e-05	-2.121666564542889458e-05	-3.247417197753812360e-07
2.496132829524408528e-05	7.364553058569777745e-05	-1.077494419140029915e-05	-2.119312369617673206e-03	-3.272463943871946996e-05	3.828643793148305777e-03	-2.101755350691840440e-03	-2.160519340301015083e-04	4.158428788227180693e-05	3.241818489742483156e-05	0.000000000000000000e+00	6.199829742392641465e-05	-3.311387522924478459e-06	-1.161804163453217261e-05	3.340353625635535979e-05	8.170014638435047633e-06	5.138813260417189545e-05	-6.385193363196318560e-16	2.444901499545353501e-07	1.663587095458885922e-04	4.327620006641485809e-06	-3.380356049890325971e-04	1.774537899818917868e-06	-5.292425038372815195e-05	-2.119955812372598634e-03	6.921948339814852505e-05	2.656546783561313869e-05	-5.822459041256987725e-03	3.320969715321742490e-06	2.427474295653509265e-03	6.791879305157651225e-05	-1.783665022182219582e-05	-1.091796854095960562e-04	-3.914177003080607310e-06	6.516747737875902009e-06	-6.984921432290810950e-05	-4.358917091335197185e-05	1.043508823102464996e-04	5.699502816613110853e-05	8.059252321100521862e-06	3.827897061970978506e-03	8.244253631467052474e-05	-3.072825337994537255e-04	2.426899041834046800e-03	5.712888163017355533e-05	-3.088573220906517581e-05	-2.452091116608372257e-03	-3.381366703151938438e-05	-2.100956645154196736e-03	-3.938893585321979855e-05	3.468115796201930797e-05	6.679710211987129292e-05	6.964385531190411718e-05	-2.452855263048493023e-03	5.826199439307238812e-03	1.397171404775623396e-04	-1.888852176259134025e-04	6.734101107673809125e-06	-4.939848624409000599e-05	-5.802303553710789379e-05	6.774993222190485548e-06	5.467042915449709880e-05	-2.547156226561324678e-05	-1.999220454608910952e-06
2.885204677250174198e-07	2.376382799707441019e-04	-2.637932229732668169e-04	-2.996534712524617349e-04	2.435273845872454605e-04	5.222305931838434542e-04	-3.127327265284408431e-04	2.570196347300823708e-06	4.792903057009939788e-06	1.249320716825709195e-04	-6.199829742392641465e-05	0.000000000000000000e+00	-6.821557308580657789e-06	-1.360739869711919043e-05	5.129143623100437040e-06	-6.631572342377328277e-05	5.175420301985202957e-06	-6.921948337477140504e-05	1.745198502956447944e-05	1.617834549134104143e-05	2.483788505971348543e-05	-2.752651710978113709e-06	1.544803396626473244e-06	1.240581295351838730e-04	-2.948848971939177152e-04	-9.222596373658492608e-16	-3.669826483562897354e-04	-8.019106989379091478e-04	3.113831747772245230e-04	3.268217397856168060e-04	-8.446467434768217979e-06	4.316431042493424491e-04	-1.209193167543257637e-05	-1.117946490012989040e-05	5.486929153014441187e-05	1.475717685703155933e-07	-6.444823014087520561e-05	-1.242730286889185140e-05	6.432612370353549668e-06	-4.587248829843345693e-05	5.340582698298891335e-04	2.814999868202759355e-04	-4.061330610367430453e-06	3.324921664450772177e-04	-2.826193678703809798e-04	2.438799157564578442e-06	-3.172965680144888031e-04	-3.613747942006991561e-04	-2.897559905241699489e-04	-3.060361372152549820e-04	3.597861503024392914e-04	9.105881446255890943e-07	6.144501204717008225e-06	-3.409417085958833457e-04	8.090791492342396408e-04	4.326400477858351624e-04	2.346554500548057657e-06	-9.278192493954124992e-05	1.691328192183866016e-04	1.423297496564196761e-05	-4.073008256899035280e-05	-4.263646201874352535e-07	-1.114383126765337661e-05	8.135375102800030838e-07
6.320834551156183411e-05	-3.281765245860684423e-05	2.559948045357564994e-05	-2.010764357312335083e-05	-2.324813182835832719e-05	-2.369826774397322492e-08	2.029363707487410708e-05	2.475158351158536447e-06	1.346121249591097216e-05	-2.841729662645746222e-06	3.311387522924478459e-06	6.821557308580657789e-06	0.000000000000000000e+00	1.838866372522414210e-05	-1.874915711885819650e-05	-2.643163986142104142e-07	-2.553107951505981634e-05	3.914177002184409182e-06	-6.159816153059415469e-06	-3.742623613451434388e-05	1.277252920446700119e-06	4.234233624213407458e-06	1.226137511013546488e-05	-2.615202832475936876e-06	-1.977653038638677577e-05	1.117946490431570699e-05	3.061982822751218675e-05	1.242522662949672467e-05	-3.921289318926296562e-05	-3.221931550067454728e-05	1.667383389103185799e-04	-6.970620167461076761e-05	2.196477005005742603e-05	7.931299707914660565e-17	5.009940584940080292e-07	2.000654383752980333e-05	1.666988323129747638e-06	-7.770299752958116987e-06	1.469120848045545459e-06	2.922615782894162337e-06	-8.061228515531751821e-07	-3.418105626969286794e-05	8.172845198969711028e-07	-3.378490874480590044e-05	4.590071268255316084e-05	-7.490391871156892173e-05	-3.354477017695538336e-05	5.858612191340474356e-05	2.028389726300206572e-05	4.052888191827341109e-05	-5.819881215770171426e-05	1.670512822096670768e-04	5.655071788711223935e-06	-3.255190194750434837e-05	1.085591964315462830e-05	-4.858618935651389306e-05	-1.107784515755125906e-06	-6.643869204749027131e-07	-4.052820024207452111e-06	1.204533470114392031e-05	3.361988679411201749e-06	-1.007001829337813109e-05	3.057791916614136830e-05	9.047974603230472487e-06
-3.007977758884823149e-05	6.943388571443321472e-04	-3.605134003955627023e-04	-3.388507565758706106e-06	-3.962940937050548078e-05	-1.079533892288817655e-04	8.961313973712510734e-05	2.381352621818025772e-04	-1.377878763901487121e-06	1.657540110081000566e-05	1.161804163453217261e-05	1.360739869711919043e-05	-1.838866372522414210e-05	0.000000000000000000e+00	-7.918745891029484174e-06	-2.848387169825466022e-05	-4.146199774806887428e-06	-8.244253633834893098e-05	-1.038646003336911554e-05	-3.511327338867988642e-05	1.818826319161624610e-05	1.280732378478680812e-05	-1.692161548799286054e-06	7.711360443484497080e-06	5.981980049975910125e-05	-2.814999868208933886e-04	3.717135116665635803e-04	1.343879379807277018e-04	3.939161354702574221e-04	-7.125833175446294574e-05	-3.621570741600362887e-05	1.512798172582412864e-03	-2.262673643069958732e-06	3.418105627324501242e-05	2.104425111400391897e-06	7.990322086250126540e-06	2.931179409585406645e-05	1.640976259671538311e-06	6.624819469033264551e-06	7.052343535471229274e-06	-1.257996030240436289e-04	4.893021345086026597e-16	-3.274751948827172004e-04	-3.458108492769623656e-05	-7.561340867650444709e-04	-2.216718431046527961e-05	1.737565274827161514e-04	-4.826583221623204339e-04	8.487961230079505283e-05	-4.403851470988292172e-04	1.366793870906113980e-03	3.318153745481640804e-06	-2.858096017617220907e-04	8.634529602553257886e-05	-2.247572895563359021e-04	-3.615397123030700656e-04	-1.133343670646336148e-05	3.521418974372629736e-05	-4.051376939187851926e-05	-1.074199077039096881e-06	6.754458640447459574e-05	-1.207721026005699146e-05	4.312414889843348891e-05	1.844080756478960287e-05
2.154225480022242992e-05	-3.845996713082366555e-04	-2.162601672109028451e-05	1.130297613404927435e-04	4.218879183473719105e-04	-1.042761901302513485e-04	1.010776653707560285e-05	-2.613481581708695283e-04	8.505372839119835007e-06	3.592387271464322917e-05	-3.340353625635535979e-05	-5.129143623100437040e-06	1.874915711885819650e-05	7.918745891029484174e-06	0.000000000000000000e+00	-1.906903211775917977e-06	-3.877646721822201661e-06	3.938893586199602212e-05	2.460049144134524805e-05	5.217264554602269187e-06	-3.359183694995157468e-05	4.061619546585889901e-06	-6.823962784688974807e-06	3.349871334063735638e-05	7.387704587869983036e-05	3.060361372163961048e-04	-9.854871978610443405e-04	2.023111985329560745e-04	5.005178088470773885e-05	-7.103277909669363345e-05	6.921075692930939842e-07	-9.951126094720967423e-04	9.873905719558704328e-06	-4.052888192127722031e-05	2.318897312331075547e-05	1.401161963623849303e-06	-4.955463869574761683e-05	-1.095369537764795004e-05	3.550817669551717017e-06	-1.888536583067198892e-05	-1.241836092148808400e-04	4.403851470984465480e-04	3.628084523948613182e-04	-1.415731677586394262e-04	3.922736710978557838e-04	3.820340431662842221e-05	9.142669961951057408e-06	-2.909822451859699700e-05	4.919786275984513015e-05	-1.720603436746077908e-16	-9.252977745462616019e-04	-1.640941920087524353e-05	3.130473320937685001e-04	6.215006239310934863e-05	-1.337291700949837724e-04	1.064359651879772566e-03	3.009140664645029814e-06	-9.502149977377464867e-05	1.132503814750146238e-04	-1.029734515384502915e-05	-7.851175178067470767e-05	3.789984305465539743e-06	-1.333267618591003670e-05	-7.568421373731262769e-06
-2.155930815493412755e-05	-2.155913456158254382e-05	1.141818098227999204e-04	-2.433692169644278980e-03	-1.468651101829751950e-04	4.427149048567079193e-03	-2.446797196640333912e-03	-2.311628921484225275e-04	6.846806492300918441e-05	5.120355157544730779e-05	-8.170014638435047633e-06	6.631572342377328277e-05	2.643163986142104142e-07	2.848387169825466022e-05	1.906903211775917977e-06	0.000000000000000000e+00	3.717992169442660953e-05	-6.734101108942818640e-06	-4.144848325648390559e-06	1.518673377465364961e-04	1.458380129774929463e-05	-3.866926347600461783e-04	3.929722553370847593e-05	-3.716937991091663238e-05	-2.434521182420989159e-03	9.278192497368957970e-05	2.029486344787162521e-04	-6.740679546490897095e-03	-1.346898610512412236e-04	2.833397772070178275e-03	-5.623076692620570372e-05	-2.032850353151664704e-04	-1.027316753980907563e-04	6.643869198030601080e-07	1.303238307427971331e-05	-4.736801006389613892e-05	-6.408769659374587298e-05	8.162788113030234401e-05	7.152506668068689551e-05	-4.386778696630857207e-07	4.427517470409056063e-03	-3.521418976004192731e-05	-3.744865375536235138e-04	2.833182545119136524e-03	1.913317668421214745e-04	2.574352375571310346e-05	-2.812479982794892884e-03	1.169978801974069901e-04	-2.447683999342717062e-03	9.502149977721899635e-05	-1.211059967542783584e-04	-5.787458087114570702e-05	9.148875781122241323e-05	-2.809692448927951156e-03	6.730582715408509054e-03	-3.693928184117223335e-05	-2.266726201425930129e-04	-5.156408622314915440e-16	-3.927437806353276778e-05	-2.430570923056709606e-05	-5.019966415225608963e-07	7.989131880847206491e-06	3.518216132401438508e-05	2.755287366428816172e-06
2.665670809561844620e-05	-3.479895119364757872e-04	-2.409385218464857314e-17	1.072101522876686935e-04	3.454938187574548404e-04	-1.110935911532079026e-04	2.357615747678087545e-05	-2.273931726475576505e-04	4.594633101861853193e-06	7.796280731694967036e-05	-5.138813260417189545e-05	-5.175420301985202957e-06	2.553107951505981634e-05	4.146199774806887428e-06	3.877646721822201661e-06	-3.717992169442660953e-05	0.000000000000000000e+00	1.077494419878721080e-05	2.813766940150368670e-07	1.012659984430861436e-05	2.962227013573184483e-06	-4.198872429411485622e-07	-1.019054994601340663e-05	1.014802576018551141e-04	7.234102082849281105e-05	2.637932229744891464e-04	-8.229186820942235078e-04	2.076636582051007412e-04	2.064748570410817957e-05	-7.816101416869442877e-05	2.227945935791114630e-05	-8.891483145167325148e-04	4.465776885047855230e-06	-2.559948045632843926e-05	5.217398581308414914e-05	-3.631342528794415653e-06	-9.347387914625978332e-05	-3.940529873112105715e-06	3.751666790267545553e-06	-4.399302059256640646e-05	-1.264164165813404044e-04	3.605134003949894846e-04	3.085936761752300838e-04	-1.378774834487262639e-04	3.594316740169560803e-04	2.344433005238589498e-05	1.466004354347588123e-05	1.083785783545571693e-06	5.544396497142133604e-05	2.162601672096786453e-05	-8.233283868519702866e-04	6.299922678200197847e-06	2.714030402365359760e-04	6.258826864515542861e-05	-1.444204230895952353e-04	8.868107537816843433e-04	1.000298608744884463e-07	-1.141818098198425151e-04	1.691530462337185797e-04	-1.539335429923010433e-05	-9.805213774624532068e-05	8.918542663518447372e-06	-1.792687829638175382e-05	1.834594087592233345e-05
2.496132829512694401e-05	4.158428789451408254e-05	5.138813260981573019e-05	-2.119955812374868520e-03	-1.091796854281410498e-04	3.827897061974546399e-03	-2.100956645156040747e-03	-1.888852176592925992e-04	7.364553057345453284e-05	3.241818489617999806e-05	6.385193363196318560e-16	6.921948337477140504e-05	-3.914177002184409182e-06	8.244253633834893098e-05	-3.938893586199602212e-05	6.734101108942818640e-06	-1.077494419878721080e-05	0.000000000000000000e+00	2.444901498300724877e-07	2.656546783453551626e-05	6.516747737375736677e-06	-3.072825338323889686e-04	3.468115798645078071e-05	-4.939848624525757653e-05	-2.119312369619289968e-03	6.199829744945517453e-05	1.663587095394633932e-04	-5.822459041262242202e-03	-6.984921432597591376e-05	2.426899041835143579e-03	6.679710211999120568e-05	-5.802303555841023031e-05	-3.272463941677981907e-05	-3.311387523351498260e-06	4.327620005793676979e-06	3.320969721563629923e-06	-4.358917091237955092e-05	5.712888164861876163e-05	6.964385527898849816e-05	6.774993222497981378e-06	3.828643793151175010e-03	-1.161804165452136412e-05	-3.380356049539377317e-04	2.427474295656858148e-03	1.043508822912157428e-04	-3.088573220913129182e-05	-2.452855263051031791e-03	5.467042915738877442e-05	-2.101755350693430315e-03	3.340353626285045587e-05	1.774537872734018917e-06	6.791879305154431144e-05	5.699502820175290972e-05	-2.452091116610214533e-03	5.826199439312188845e-03	-2.547156225471577489e-05	-2.160519339975413449e-04	8.170014638843053239e-06	-5.292425038633319161e-05	-1.783665020141211703e-05	8.059252322132895782e-06	-3.381366703694512507e-05	1.397171404739681552e-04	-1.999220454312707766e-06
-1.365316887491789576e-04	2.819504594841617742e-05	-2.813766982042586421e-07	4.481827310390341435e-05	-5.416218887683198487e-06	-3.417236443704809584e-06	-4.223777538326679170e-05	1.032758245444588164e-05	2.819504594723866610e-05	-3.626237967157509888e-06	-2.444901499545353501e-07	-1.745198502956447944e-05	6.159816153059415469e-06	1.038646003336911554e-05	-2.460049144134524805e-05	4.144848325648390559e-06	-2.813766940150368670e-07	-2.444901498300724877e-07	0.000000000000000000e+00	2.344126164389367250e-05	-5.769189790003488279e-06	-1.879577715238697782e-05	6.663770370951484657e-05	-8.358629804994447188e-06	4.481827310423020644e-05	-1.745198502949792975e-05	2.344126163530850231e-05	-2.081123824121732327e-05	2.059224431987875635e-05	6.786148864180269972e-05	-3.610961422535051858e-04	8.022962324250184447e-05	-5.416218895184999994e-06	6.159816153063558307e-06	-5.769189789699820191e-06	2.059224431494576521e-05	7.137120536334476992e-06	-4.906216470274489029e-05	-5.648833055828452615e-06	2.630636562897069433e-06	-3.417236444001782300e-06	1.038646004218175305e-05	-1.879577715212383518e-05	6.786148864182825978e-05	-4.906216470483656022e-05	1.626861510047277587e-04	7.468649816611442152e-05	-5.322788788294488451e-05	-4.223777538306742725e-05	-2.460049144624414102e-05	6.663770371009912312e-05	-3.610961422534425189e-04	-5.648833054533491704e-06	7.468649816590945309e-05	-3.046080121750410264e-05	2.332226553881988259e-06	1.032758245379515705e-05	4.144848325513178689e-06	-8.358629804227396174e-06	8.022962324086598668e-05	2.630636562736525772e-06	-5.322788787706739743e-05	2.332226543986783351e-06	-2.185393941609774584e-06
5.030797441786095898e-05	-1.226581970693989623e-03	8.229186820939296890e-04	1.609844281539753023e-04	-2.699511666006579563e-04	-1.168084337237874459e-04	4.088364757611546074e-05	-3.150950669536087181e-04	-1.577614188830726241e-06	2.528372954812323692e-04	-1.663587095458885922e-04	-1.617834549134104143e-05	3.742623613451434388e-05	3.511327338867988642e-05	-5.217264554602269187e-06	-1.518673377465364961e-04	-1.012659984430861436e-05	-2.656546783453551626e-05	-2.344126164389367250e-05	0.000000000000000000e+00	1.670096766259486563e-04	-1.940139466448121677e-05	-3.424204698012039798e-06	4.438252545257311259e-04	5.301655471630012449e-05	3.669826483603560899e-04	-6.553222862363400347e-16	2.049623506947443696e-04	-9.255628493959841031e-04	-6.824966563952760432e-05	8.289658952569686854e-05	-2.547854555269899075e-03	3.195531357328708875e-05	-3.061982823620233143e-05	1.639750457277088522e-04	4.259412874764504984e-06	-3.482440614090173518e-04	7.377794586653009420e-06	-2.221407202134516560e-06	-1.969193204476351591e-04	-5.876795862861804338e-05	-3.717135116679912577e-04	4.214141449602230253e-04	-9.154258357783797567e-05	1.365465665441794717e-03	1.633251536938495706e-05	-1.116049698218978626e-04	1.109858030901081632e-03	1.637990974055861891e-05	9.854871978613327383e-04	-2.274100544795578695e-03	9.088986913446031450e-06	3.761116011003381695e-04	4.197646390375511756e-05	-5.959127467617314272e-05	-9.790559063766420315e-05	6.634630285635138795e-06	-2.029486344953787048e-04	4.828774793125480309e-04	-6.669036647865912961e-06	-2.941625630650642398e-04	9.058733599854719129e-07	-1.078636587886176864e-05	-2.226864295572817875e-06
2.595742668673544599e-05	-4.470672613724739240e-05	-5.217398581178930004e-05	2.101497245247394355e-03	1.093884827898873770e-04	-3.826529618753209648e-03	2.116653104616152137e-03	1.947987828013420452e-04	-1.205103812531941861e-04	-2.281919296628087622e-05	-4.327620006641485809e-06	-2.483788505971348543e-05	-1.277252920446700119e-06	-1.818826319161624610e-05	3.359183694995157468e-05	-1.458380129774929463e-05	-2.962227013573184483e-06	-6.516747737375736677e-06	5.769189790003488279e-06	-1.670096766259486563e-04	0.000000000000000000e+00	3.562820881421108806e-04	-1.527162723579852921e-04	6.739335634932484137e-05	2.103220165311081927e-03	-5.486929155899272775e-05	-1.639750457060640298e-04	5.829363973051855836e-03	6.317378284128973075e-05	-2.453278825694588366e-03	6.737040574861859633e-05	4.359082884799529126e-05	9.177216200827319919e-05	-5.009940578638847614e-07	-1.734105671320903489e-16	7.700578441318414562e-06	3.226534555528181404e-05	-9.668329673927742268e-06	-2.427475318216155869e-05	-1.536394456505401292e-05	-3.825357990279022562e-03	-2.104425102715360324e-06	3.358204017333318425e-04	-2.451053634766726073e-03	-8.675161305034522624e-05	-3.041464713479038616e-05	2.424399541760013412e-03	-3.075758086340687038e-05	2.116292091054471775e-03	-2.318897312226553037e-05	-1.475308658962937491e-05	6.899312715148185680e-05	-5.963201047873182908e-05	2.422361034640399102e-03	-5.813079358199017832e-03	5.225139426205303671e-06	1.798121609896879492e-04	-1.303238307352392953e-05	6.720367289128495545e-05	-1.133277749797291338e-04	-1.414982921942683498e-05	3.047275641105734098e-05	1.013500623971011243e-05	-2.213023164545604404e-06
-9.640644067678854923e-06	2.836367069027752276e-04	-3.085936761743608790e-04	-2.069491398079498039e-05	2.777088403214416539e-04	1.576104703198960425e-05	-7.422403554032218009e-06	-4.334558831904301928e-06	1.525796328687304139e-05	-6.119555814702362911e-04	3.380356049890325971e-04	2.752651710978113709e-06	-4.234233624213407458e-06	-1.280732378478680812e-05	-4.061619546585889901e-06	3.866926347600461783e-04	4.198872429411485622e-07	3.072825338323889686e-04	1.879577715238697782e-05	1.940139466448121677e-05	-3.562820881421108806e-04	0.000000000000000000e+00	2.225884430548369765e-05	-9.302201749031271862e-04	1.280080785619373933e-05	4.061330608687997899e-06	-4.214141449598684912e-04	2.306656543019496041e-06	3.560440281598622678e-04	4.086915110655031503e-06	-2.648393999516019103e-05	4.941078518300439249e-04	-1.363446987117310489e-05	-8.172845198266313692e-07	-3.358204017679905333e-04	-2.003519934445188720e-06	6.057243402042050608e-04	-1.473603156336878318e-05	-9.808982943150711811e-06	3.848827311530388486e-04	-5.249564075252637313e-05	3.274751948826782775e-04	1.624873467113291392e-15	-3.926293939815307470e-05	-3.279156118909244515e-04	7.807807636675163378e-06	5.085150325570824971e-05	-4.189185541190591257e-04	2.246434275475389414e-05	-3.628084523950699187e-04	4.346749890867757722e-04	8.341635590233200273e-07	-5.321493647160907602e-06	8.538440782743719686e-06	-5.067799172079247852e-05	5.007403986678923792e-04	-3.083078098808706539e-06	3.744865375919063130e-04	-9.369508946245734028e-04	1.300636995623868241e-05	3.958303192964981055e-04	-2.453523420273363083e-06	-1.134546871370466318e-05	-6.907360442396678660e-06
-2.131844778846585459e-05	-2.652019225996881725e-04	8.233283868517796839e-04	-1.861189849356760506e-04	-1.225029374416567287e-03	2.868575549861576788e-04	-7.859856301340077483e-05	3.105756949513588296e-04	-3.096192533086063138e-05	9.908180036759128991e-06	-1.774537899818917868e-06	-1.544803396626473244e-06	-1.226137511013546488e-05	1.692161548799286054e-06	6.823962784688974807e-06	-3.929722553370847593e-05	1.019054994601340663e-05	-3.468115798645078071e-05	-6.663770370951484657e-05	3.424204698012039798e-06	1.527162723579852921e-04	-2.225884430548369765e-05	0.000000000000000000e+00	1.222488081738570321e-04	-2.005758952593541004e-04	-3.597861503020947319e-04	2.274100544794639342e-03	-5.167411365663804150e-04	-9.836886645110574316e-04	2.078441163459808342e-04	2.290032940871409271e-05	-9.361205338098151736e-05	-2.227959805677101072e-07	5.819881215746590029e-05	1.475308661435505268e-05	-9.653965420673855100e-06	-6.652655282199883735e-05	3.883013433727749373e-05	-1.385342550787883108e-05	-5.020143869003963321e-05	3.875717336261835311e-04	-1.366793870906072130e-03	-4.346749890880326878e-04	3.526478399958032613e-04	3.734967005625614836e-04	-4.802166724963138152e-05	-2.118747573979326451e-04	1.106325932678714659e-03	-1.897541190661154059e-04	9.252977745468357954e-04	-2.809074655285744015e-16	-8.705790928810142818e-06	-3.729517857212749903e-04	-1.940042816298587105e-04	4.875621452800369478e-04	-2.545800793582990093e-03	4.238561655380243982e-06	1.211059967228535715e-04	-2.392767595849175247e-05	5.522081018841791083e-06	-6.061945276673454567e-07	2.834492698823148006e-06	4.802272489053079535e-06	2.126567250795463563e-06
-2.610701225604390984e-07	-8.461448593102187474e-05	-1.691530462389754423e-04	5.825381188620722475e-03	3.177498139542053431e-04	-1.056610994950785837e-02	5.822801754722394668e-03	5.222421827815401391e-04	-1.681089303221539326e-04	-1.837942363031170299e-04	5.292425038372815195e-05	-1.240581295351838730e-04	2.615202832475936876e-06	-7.711360443484497080e-06	-3.349871334063735638e-05	3.716937991091663238e-05	-1.014802576018551141e-04	4.939848624525757653e-05	8.358629804994447188e-06	-4.438252545257311259e-04	-6.739335634932484137e-05	9.302201749031271862e-04	-1.222488081738570321e-04	0.000000000000000000e+00	5.827489819201303947e-03	-1.691328192936172219e-04	-4.828774792819748307e-04	1.608102348963473538e-02	2.141668583703967431e-04	-6.737185468758540366e-03	-9.948115699848038350e-07	1.985582624432834058e-04	2.786161854764167538e-04	4.052820025713678285e-06	-6.720367289118641502e-05	1.372657850383174143e-04	2.120840947025945866e-04	-2.030404061608753665e-04	-1.231733942162084724e-04	3.791093381683425091e-05	-1.056598343402786501e-02	4.051376943481604237e-05	9.369508945359906159e-04	-6.734876506395591142e-03	-2.970020121766259050e-04	8.976927587187767925e-07	6.734753174809563966e-03	-1.568187591472464506e-04	5.822852246331026646e-03	-1.132503814814749102e-04	2.392767601882965657e-05	5.963481282914202051e-07	-1.680345112526405484e-04	6.731131211731423633e-03	-1.607033201021560581e-02	8.125207960439488099e-05	5.345250480375100550e-04	3.927437806431655109e-05	1.236623144070625013e-15	3.322133285046904221e-05	3.936409637013818573e-05	-6.611313853419910867e-05	3.157623157860606070e-05	-2.876339982525794406e-07
-9.544692091209376030e-07	1.426790939458902861e-04	-1.072101522877039572e-04	-4.347112316349774266e-16	1.337744214090878249e-04	2.742824879546563636e-05	5.477329203856458101e-06	-1.855721702382827243e-05	1.411081369337191700e-04	-3.835105979050259378e-03	2.119955812372598634e-03	2.948848971939177152e-04	1.977653038638677577e-05	-5.981980049975910125e-05	-7.387704587869983036e-05	2.434521182420989159e-03	-7.234102082849281105e-05	2.119312369619289968e-03	-4.481827310423020644e-05	-5.301655471630012449e-05	-2.103220165311081927e-03	-1.280080785619373933e-05	2.005758952593541004e-04	-5.827489819201303947e-03	0.000000000000000000e+00	2.996534712798570844e-04	-1.609844281747128643e-04	6.219617591811821972e-05	8.371348569502928296e-05	-1.579786972224573108e-05	2.864094406229197442e-06	3.195223079526637031e-05	7.111870797467117632e-05	2.010764357190087222e-05	-2.101497245245527792e-03	3.778708718225769257e-05	3.824373588801650934e-03	-2.608550700279963907e-05	-2.490903570698798372e-04	2.447642898985111053e-03	2.716080486546885330e-05	3.388507551541493138e-06	2.069491401058033155e-05	-1.601527987097019475e-05	-3.943852769583797862e-05	-3.868846122688406691e-07	1.614042513615093131e-05	-9.351165995871214311e-05	5.610731128609371349e-06	-1.130297613419836299e-04	1.861189849215051759e-04	1.600080608462251820e-06	-2.415434626959271061e-04	1.591577194787164193e-05	-7.310446882133464215e-05	1.226376255995637824e-04	5.155996535111238385e-06	2.433692169642739413e-03	-5.825381188616954656e-03	3.792858143275164274e-05	2.447665337455213856e-03	-4.353492667026257184e-05	-2.259784706656977548e-06	5.398034307050873673e-05
2.885204666133049936e-07	4.792903056477281425e-06	5.175420302013013590e-06	-2.948848972235428890e-04	-1.209193167435388669e-05	5.340582698831024266e-04	-2.897559905542444704e-04	2.346554501859272706e-06	2.376382799720305077e-04	1.249320717308039029e-04	-6.921948339814852505e-05	9.222596373658492608e-16	-1.117946490431570699e-05	2.814999868208933886e-04	-3.060361372163961048e-04	-9.278192497368957970e-05	-2.637932229744891464e-04	-6.199829744945517453e-05	1.745198502949792975e-05	-3.669826483603560899e-04	5.486929155899272775e-05	-4.061330608687997899e-06	3.597861503020947319e-04	1.691328192936172219e-04	-2.996534712798570844e-04	0.000000000000000000e+00	1.617834549139595627e-05	-8.019106990138690026e-04	1.475717690604142564e-07	3.324921664765691709e-04	9.105881427822016673e-07	1.423297496591456992e-05	2.435273845883116108e-04	-6.821557310843225940e-06	2.483788508584654572e-05	3.113831747796510759e-04	-6.444823018808795473e-05	-2.826193678726552022e-04	6.144501206713527562e-06	-4.073008259810238731e-05	5.222305932342352196e-04	-1.360739869652743289e-05	-2.752651713276521941e-06	3.268217398201762923e-04	-1.242730286833137817e-05	2.438799158160962482e-06	-3.409417086263802181e-04	-4.263646205017116349e-07	-3.127327265522353945e-04	5.129143623317494315e-06	1.544803396292801767e-06	-8.446467435238133223e-06	6.432612370378379592e-06	-3.172965680451371928e-04	8.090791493030216434e-04	-1.114383126736529901e-05	2.570196345651870788e-06	-6.631572345448096472e-05	1.240581296015786793e-04	4.316431042510252393e-04	-4.587248832429692357e-05	-3.613747942027373478e-04	4.326400477897438196e-04	8.135375110634386798e-07
5.030797441711758254e-05	-1.577614188330084876e-06	-1.012659984488613159e-05	5.301655473849207600e-05	3.195531357346924827e-05	-5.876795868052742079e-05	1.637990976653620799e-05	6.634630285127552607e-06	-1.226581970694567286e-03	2.528372954636860207e-04	-2.656546783561313869e-05	3.669826483562897354e-04	-3.061982822751218675e-05	-3.717135116665635803e-04	9.854871978610443405e-04	-2.029486344787162521e-04	8.229186820942235078e-04	-1.663587095394633932e-04	-2.344126163530850231e-05	6.553222862363400347e-16	1.639750457060640298e-04	4.214141449598684912e-04	-2.274100544794639342e-03	4.828774792819748307e-04	1.609844281747128643e-04	-1.617834549139595627e-05	0.000000000000000000e+00	2.049623507455009420e-04	4.259412874418845238e-06	-9.154258360529181782e-05	9.088986918187945505e-06	-6.669036648306839350e-06	-2.699511666010393244e-04	3.742623614413303319e-05	1.670096766108453677e-04	-9.255628493961505282e-04	-3.482440613898949528e-04	1.365465665441861938e-03	3.761116010996019962e-04	-2.941625630677504591e-04	-1.168084337693565174e-04	3.511327338899753055e-05	-1.940139466250500759e-05	-6.824966566585901262e-05	7.377794586535182055e-06	1.633251536961601410e-05	4.197646392374815121e-05	9.058733604831545914e-07	4.088364759688442400e-05	-5.217264555316367090e-06	-3.424204697370148066e-06	8.289658952643865256e-05	-2.221407202521417494e-06	-1.116049697944772106e-04	-5.959127472432458052e-05	-1.078636587850642646e-05	-3.150950669528739543e-04	-1.518673377237196240e-04	4.438252544917691434e-04	-2.547854555267729804e-03	-1.969193204358714571e-04	1.109858030900274552e-03	-9.790559063827509686e-05	-2.226864304011814752e-06
-6.403916332120202613e-06	3.688965159177691857e-04	-2.076636582074399074e-04	-6.219617591914273656e-05	2.332639157109719398e-04	1.888555206874674604e-04	-4.767289138742978444e-05	-5.040672353360716449e-06	3.688965158836594264e-04	-1.057621604913753718e-02	5.822459041256987725e-03	8.019106989379091478e-04	-1.242522662949672467e-05	-1.343879379807277018e-04	-2.023111985329560745e-04	6.740679546490897095e-03	-2.076636582051007412e-04	5.822459041262242202e-03	2.081123824121732327e-05	-2.049623506947443696e-04	-5.829363973051855836e-03	-2.306656543019496041e-06	5.167411365663804150e-04	-1.608102348963473538e-02	-6.219617591811821972e-05	8.019106990138690026e-04	-2.049623507455009420e-04	0.000000000000000000e+00	1.331769732696768337e-04	2.783999194379271902e-05	1.204648943936145533e-06	9.314166265063811853e-05	2.332639157573476848e-04	-1.242522663276771520e-05	-5.829363973048670017e-03	1.331769732600629149e-04	1.056390053628969428e-02	-7.635294182137608641e-05	-6.922791126241498779e-04	6.733341482141963832e-03	1.888555206859097058e-04	-1.343879380200414960e-04	-2.306656469919651450e-06	2.783999194445682334e-05	-7.635294187383407012e-05	5.315119150994389950e-06	-2.851309959051717143e-05	-1.417818926578990994e-04	-4.767289138757668706e-05	-2.023111985409945662e-04	5.167411365387302238e-04	1.204648942979168344e-06	-6.922791125228990559e-04	-2.851309959137110262e-05	-2.757684025392431558e-05	5.947443337932674910e-05	-5.040672291759594839e-06	6.740679546489058288e-03	-1.608102348962724831e-02	9.314166265808631641e-05	6.733341482139118886e-03	-1.417818926394602357e-04	5.947443331870984589e-05	-3.268566479893217488e-05
-4.114732101327160598e-05	-8.145295182538182989e-06	3.631342528967728759e-06	-3.778708718321135680e-05	-1.038796701173398897e-05	7.190427827262290241e-05	-2.829358634488997757e-05	4.507265842373511881e-07	4.211739452045487999e-04	-1.026573728872692153e-04	-3.320969715321742490e-06	-3.113831747772245230e-04	3.921289318926296562e-05	-3.939161354702574221e-04	-5.005178088470773885e-05	1.346898610512412236e-04	-2.064748570410817957e-05	6.984921432597591376e-05	-2.059224431987875635e-05	9.255628493959841031e-04	-6.317378284128973075e-05	-3.560440281598622678e-04	9.836886645110574316e-04	-2.141668583703967431e-04	-8.371348569502928296e-05	-1.475717690604142564e-07	-4.259412874418845238e-06	-1.331769732696768337e-04	0.000000000000000000e+00	1.146752330481826219e-04	-3.386779566788918641e-05	1.543246525720918041e-05	-3.821199343801369485e-04	-2.000654384203674028e-05	-7.700578439630775953e-06	-3.286801237537169407e-16	1.207982631260672040e-04	-4.399188658569712709e-04	-3.123246168464257179e-04	1.261526221901475015e-04	5.624547012808247442e-05	-7.990322086052242703e-06	2.003519933370742673e-06	5.152401750219566648e-05	5.445078296996949954e-06	-1.505135335938694785e-05	-1.825623415486339574e-05	-6.731894184907937953e-06	1.071922579423475346e-05	-1.401161963226160770e-06	9.653965420700353679e-06	-5.371341389588534410e-05	-2.783658791266720340e-06	3.514186351032346130e-05	5.494086312017628905e-05	1.370845891936883697e-05	2.642563574078836018e-04	4.736801005892068772e-05	-1.372657850331331932e-04	1.065078630789619007e-03	6.242566275725298128e-05	-3.027766374053226110e-05	-9.935604060004763968e-04	5.544818667174063469e-06
5.376611206422573410e-06	-2.307669607505240922e-04	1.378774834568524676e-04	1.601527987139258637e-05	-1.157269945716007454e-04	-6.004026563263074726e-05	9.487718748288382164e-06	-2.878944187884019114e-05	-1.466168352937356485e-04	4.427072740255357658e-03	-2.427474295653509265e-03	-3.268217397856168060e-04	3.221931550067454728e-05	7.125833175446294574e-05	7.103277909669363345e-05	-2.833397772070178275e-03	7.816101416869442877e-05	-2.426899041835143579e-03	-6.786148864180269972e-05	6.824966563952760432e-05	2.453278825694588366e-03	-4.086915110655031503e-06	-2.078441163459808342e-04	6.737185468758540366e-03	1.579786972224573108e-05	-3.324921664765691709e-04	9.154258360529181782e-05	-2.783999194379271902e-05	-1.146752330481826219e-04	0.000000000000000000e+00	3.463967791004634060e-06	-1.901889762910226236e-04	-9.336463773069908251e-05	3.378490874621988980e-05	2.451053634764366849e-03	-5.152401749409643231e-05	-4.427389939365706205e-03	2.668203008784226168e-05	2.984108222868443391e-04	-2.811506394401259989e-03	-5.952417359943333922e-05	3.458108493840431866e-05	3.926293936891174909e-05	-3.524255012899091743e-16	1.116039681444213298e-04	-4.513834367560889686e-06	-2.433829408144740831e-06	1.247136654944436881e-04	8.099839379814086494e-06	1.415731677697355036e-04	-3.526478399958973700e-04	1.771344412590832210e-06	2.958076069859092165e-04	-5.462215889178299927e-07	4.200861892631228226e-05	-3.461372109974216252e-05	4.049044970244340181e-06	-2.833182545117040544e-03	6.734876506388912457e-03	-3.354047982603294495e-05	-2.809396698752646485e-03	4.782864663817908200e-05	-7.662861700782613042e-06	8.996510070300878118e-05
-6.543062485465423695e-06	4.826479323352565536e-06	-6.299922684262361828e-06	-1.600080608925389530e-06	1.461004386183240009e-05	7.396962521359570955e-07	4.005858432651733760e-07	1.084589095438402251e-05	-3.468514769886823606e-06	1.729780599577842036e-05	-6.791879305157651225e-05	8.446467434768217979e-06	-1.667383389103185799e-04	3.621570741600362887e-05	-6.921075692930939842e-07	5.623076692620570372e-05	-2.227945935791114630e-05	-6.679710211999120568e-05	3.610961422535051858e-04	-8.289658952569686854e-05	-6.737040574861859633e-05	2.648393999516019103e-05	-2.290032940871409271e-05	9.948115699848038350e-07	-2.864094406229197442e-06	-9.105881427822016673e-07	-9.088986918187945505e-06	-1.204648943936145533e-06	3.386779566788918641e-05	-3.463967791004634060e-06	0.000000000000000000e+00	3.726454519926527859e-05	5.111349665400357809e-05	-1.670512822096198327e-04	-6.899312715155382072e-05	5.371341389169891425e-05	1.672891586852840329e-05	-1.380189523142785001e-05	1.169706003645758295e-05	-5.781661089648478262e-05	2.867691229453515770e-06	-3.318153741627248717e-06	-8.341635597025185842e-07	-1.771344411999460488e-06	-2.057590336814647418e-05	9.024911264202333273e-06	-5.448962295720769945e-06	-1.083583207890500492e-05	-8.638907784543742066e-07	1.640941919368546525e-05	8.705790938330159565e-06	-7.743984492765904938e-17	2.212390594029995724e-06	-4.096807132981828428e-06	4.217418687103959083e-06	4.631926580497065966e-06	-1.125677458194315378e-05	5.787458087115855481e-05	-5.963481280846404044e-07	4.883186558771869621e-06	-5.815515956866417803e-05	-3.224249074695879062e-05	8.603416446724860027e-05	-4.504100116122402957e-04
-3.614346166107061480e-05	-4.166544493254974895e-05	1.539335429919225890e-05	-3.792858141985058556e-05	-4.881262250115215359e-06	1.077731661492874432e-04	-3.683275937739728331e-05	7.518732500974185567e-06	-2.504403722414908808e-04	-9.895145088376263982e-05	1.783665022182219582e-05	-4.316431042493424491e-04	6.970620167461076761e-05	-1.512798172582412864e-03	9.951126094720967423e-04	2.032850353151664704e-04	8.891483145167325148e-04	5.802303555841023031e-05	-8.022962324250184447e-05	2.547854555269899075e-03	-4.359082884799529126e-05	-4.941078518300439249e-04	9.361205338098151736e-05	-1.985582624432834058e-04	-3.195223079526637031e-05	-1.423297496591456992e-05	6.669036648306839350e-06	-9.314166265063811853e-05	-1.543246525720918041e-05	1.901889762910226236e-04	-3.726454519926527859e-05	0.000000000000000000e+00	-1.362405521772214970e-03	-1.204533470322697084e-05	1.133277749607684978e-04	-1.065078630791662295e-03	3.921280948387620034e-05	3.597968945974718480e-04	-4.307473936897105934e-04	7.553301637111610217e-05	-2.770929345905896288e-06	1.074199077700641048e-06	-1.300636995657085147e-05	3.354047982774417512e-05	4.440826743560650293e-05	-4.240938772386948323e-05	3.635057385849336914e-07	6.578508746583760662e-06	9.250076751321515886e-05	1.029734515424010226e-05	-5.522081018491118596e-06	-4.883186567683989456e-06	-1.253201807199515831e-05	-1.996330017581056420e-05	5.124358651961749127e-05	2.227530991953862579e-06	3.650410188476356683e-04	2.430570924966698090e-05	-3.322133289164339509e-05	-1.257465302945213331e-15	1.304557724121726480e-05	1.193360223560637531e-03	-2.848597471368330240e-03	1.068517282159575403e-05
-3.310046627786108743e-05	6.289114981525864654e-04	-3.454938187574752234e-04	-1.337744214254119794e-04	1.777104769492676012e-16	1.369769820623027061e-04	-5.234199293571772314e-05	2.053830415592768619e-04	-2.067116558870593544e-07	-1.715755373879175680e-04	1.091796854095960562e-04	1.209193167543257637e-05	-2.196477005005742603e-05	2.262673643069958732e-06	-9.873905719558704328e-06	1.027316753980907563e-04	-4.465776885047855230e-06	3.272463941677981907e-05	5.416218895184999994e-06	-3.195531357328708875e-05	-9.177216200827319919e-05	1.363446987117310489e-05	2.227959805677101072e-07	-2.786161854764167538e-04	-7.111870797467117632e-05	-2.435273845883116108e-04	2.699511666010393244e-04	-2.332639157573476848e-04	3.821199343801369485e-04	9.336463773069908251e-05	-5.111349665400357809e-05	1.362405521772214970e-03	0.000000000000000000e+00	2.324813183176217653e-05	-1.093884827813335233e-04	1.038796701152049431e-05	2.159602590857543822e-04	-4.811465218070194727e-06	7.444500277446942536e-06	1.225816963526306391e-04	1.178193297022777318e-04	3.962940937127858469e-05	-2.777088403231863520e-04	1.157269945862842851e-04	-6.922192431709448543e-04	-1.063126815897534835e-05	6.131048545778365318e-06	-4.679345913061271458e-04	-5.861864194977884366e-05	-4.218879183473206278e-04	1.225029374416894065e-03	-1.461004385861639556e-05	-2.459755350351209733e-04	-6.680484500711978378e-05	1.504057212934626687e-04	-2.470490216586102884e-04	-7.864348930470632329e-06	1.468651101675061237e-04	-3.177498139141931330e-04	4.881262249651635921e-06	1.839027134063523326e-04	-1.679214345650909370e-05	4.527339222799990116e-05	6.422157579766877017e-07
6.320834551151071398e-05	1.346121249809221075e-05	-2.553107951885555393e-05	-1.977653038516427684e-05	2.196477005417029954e-05	-8.061228536949560110e-07	2.028389726417374267e-05	-1.107784517185434846e-06	-3.281765245960901296e-05	-2.841729663711388632e-06	3.914177003080607310e-06	1.117946490012989040e-05	-7.931299707914660565e-17	-3.418105627324501242e-05	4.052888192127722031e-05	-6.643869198030601080e-07	2.559948045632843926e-05	3.311387523351498260e-06	-6.159816153063558307e-06	3.061982823620233143e-05	5.009940578638847614e-07	8.172845198266313692e-07	-5.819881215746590029e-05	-4.052820025713678285e-06	-2.010764357190087222e-05	6.821557310843225940e-06	-3.742623614413303319e-05	1.242522663276771520e-05	2.000654384203674028e-05	-3.378490874621988980e-05	1.670512822096198327e-04	1.204533470322697084e-05	-2.324813183176217653e-05	0.000000000000000000e+00	1.277252919853678377e-06	-3.921289319260173910e-05	1.666988324305575906e-06	4.590071268374621691e-05	5.655071785057138200e-06	3.361988680064792700e-06	-2.369826978556159698e-08	1.838866372966003671e-05	4.234233625844978415e-06	-3.221931550201542754e-05	-7.770299755478427947e-06	-7.490391871151316663e-05	-3.255190194603929308e-05	-1.007001829836494947e-05	2.029363707601991904e-05	-1.874915712309730841e-05	1.226137511192917234e-05	1.667383389100445478e-04	1.469120849782184712e-06	-3.354477017552249499e-05	1.085591963998598986e-05	3.057791917689046713e-05	2.475158351042553073e-06	-2.643163979047433997e-07	-2.615202834319671798e-06	-6.970620167445724458e-05	2.922615783778089922e-06	5.858612191701145051e-05	-4.858618936615094605e-05	9.047974603154090444e-06
2.595742668680924627e-05	-1.205103812672506504e-04	-2.962227015149809259e-06	2.103220165310519443e-03	9.177216202090900631e-05	-3.825357990277338145e-03	2.116292091053462165e-03	1.798121610233594739e-04	-4.470672612246168014e-05	-2.281919296641450075e-05	-6.516747737875902009e-06	-5.486929153014441187e-05	-5.009940584940080292e-07	-2.104425111400391897e-06	-2.318897312331075547e-05	-1.303238307427971331e-05	-5.217398581308414914e-05	-4.327620005793676979e-06	5.769189789699820191e-06	-1.639750457277088522e-04	1.734105671320903489e-16	3.358204017679905333e-04	-1.475308661435505268e-05	6.720367289118641502e-05	2.101497245245527792e-03	-2.483788508584654572e-05	-1.670096766108453677e-04	5.829363973048670017e-03	7.700578439630775953e-06	-2.451053634764366849e-03	6.899312715155382072e-05	-1.133277749607684978e-04	1.093884827813335233e-04	-1.277252919853678377e-06	0.000000000000000000e+00	6.317378284543506933e-05	3.226534555509762842e-05	-8.675161307261647359e-05	-5.963201043991262759e-05	-1.414982921906730168e-05	-3.826529618750461412e-03	-1.818826317844245448e-05	3.562820881061261563e-04	-2.453278825694382367e-03	-9.668329652438931442e-06	-3.041464713473622348e-05	2.422361034639112370e-03	3.047275641363409314e-05	2.116653104614845890e-03	3.359183694810097709e-05	-1.527162723325058906e-04	6.737040574895097206e-05	-2.427475321891179750e-05	2.424399541758392312e-03	-5.813079358196306459e-03	1.013500621901734656e-05	1.947987827684226044e-04	-1.458380129732926624e-05	6.739335634943559262e-05	4.359082882849648439e-05	-1.536394456541208763e-05	-3.075758086979213677e-05	5.225139455414206559e-06	-2.213023164163097030e-06
-4.114732101668771018e-05	4.211739452044508964e-04	-2.064748570436676856e-05	-8.371348569241997425e-05	-3.821199343795474677e-04	5.624547011626598533e-05	1.071922580379866007e-05	2.642563574087777433e-04	-8.145295182068570982e-06	-1.026573728819013710e-04	6.984921432290810950e-05	-1.475717685703155933e-07	-2.000654383752980333e-05	-7.990322086250126540e-06	-1.401161963623849303e-06	4.736801006389613892e-05	3.631342528794415653e-06	-3.320969721563629923e-06	-2.059224431494576521e-05	-4.259412874764504984e-06	-7.700578441318414562e-06	2.003519934445188720e-06	9.653965420673855100e-06	-1.372657850383174143e-04	-3.778708718225769257e-05	-3.113831747796510759e-04	9.255628493961505282e-04	-1.331769732600629149e-04	3.286801237537169407e-16	5.152401749409643231e-05	-5.371341389169891425e-05	1.065078630791662295e-03	-1.038796701152049431e-05	3.921289319260173910e-05	-6.317378284543506933e-05	0.000000000000000000e+00	1.207982631207738715e-04	5.445078296669684376e-06	-2.783658790763125795e-06	6.242566275693779015e-05	7.190427825848403872e-05	-3.939161354690405136e-04	-3.560440281606910319e-04	1.146752330361340728e-04	-4.399188658569220482e-04	-1.505135335542150720e-05	3.514186351544921002e-05	-3.027766374122129529e-05	-2.829358633708978668e-05	-5.005178088492020860e-05	9.836886645120429713e-04	-3.386779566115235391e-05	-3.123246168476252792e-04	-1.825623415723305850e-05	5.494086311221798761e-05	-9.935604060009664562e-04	4.507265841463288688e-07	1.346898610519416725e-04	-2.141668583726130150e-04	1.543246525688281523e-05	1.261526221818089297e-04	-6.731894185013484187e-06	1.370845892038845288e-05	5.544818662873297725e-06
-5.790134852631606693e-06	9.671701586990010956e-05	9.347387915568074125e-05	-3.824373588802429391e-03	-2.159602591143737417e-04	6.939942006408494554e-03	-3.826261290715705921e-03	-3.562293875655567492e-04	9.671701585106892728e-05	-1.860834344571789869e-05	4.358917091335197185e-05	6.444823014087520561e-05	-1.666988323129747638e-06	-2.931179409585406645e-05	4.955463869574761683e-05	6.408769659374587298e-05	9.347387914625978332e-05	4.358917091237955092e-05	-7.137120536334476992e-06	3.482440614090173518e-04	-3.226534555528181404e-05	-6.057243402042050608e-04	6.652655282199883735e-05	-2.120840947025945866e-04	-3.824373588801650934e-03	6.444823018808795473e-05	3.482440613898949528e-04	-1.056390053628969428e-02	-1.207982631260672040e-04	4.427389939365706205e-03	-1.672891586852840329e-05	-3.921280948387620034e-05	-2.159602590857543822e-04	-1.666988324305575906e-06	-3.226534555509762842e-05	-1.207982631207738715e-04	0.000000000000000000e+00	1.500098764307829214e-04	6.321940309553928023e-05	6.346420083571530091e-05	6.939942006407838829e-03	-2.931179412695833600e-05	-6.057243401386507280e-04	4.427389939367660371e-03	1.500098763999645288e-04	7.400421246064342002e-06	-4.418801629002228754e-03	7.518651967786273540e-05	-3.826261290715647807e-03	4.955463870710794818e-05	6.652655276661703144e-05	-1.672891586893598877e-05	6.321940316047887040e-05	-4.418801629001534864e-03	1.055450693564054243e-02	-8.078398361415216637e-05	-3.562293875036467452e-04	6.408769659263733047e-05	-2.120840947029672811e-04	-3.921280943659148730e-05	6.346420083637907658e-05	7.518651967303424102e-05	-8.078398364212485347e-05	-7.261098606269403331e-08
2.639516201522746063e-05	-4.035217757817999393e-05	-3.594316740171109585e-04	3.943852767934308263e-05	6.922192431708777422e-04	-1.332313541665363850e-05	-4.557542684644357684e-05	-2.380210238751617659e-04	-3.147686409323366515e-08	1.690666544345077217e-04	-1.043508823102464996e-04	1.242730286889185140e-05	7.770299752958116987e-06	-1.640976259671538311e-06	1.095369537764795004e-05	-8.162788113030234401e-05	3.940529873112105715e-06	-5.712888164861876163e-05	4.906216470274489029e-05	-7.377794586653009420e-06	9.668329673927742268e-06	1.473603156336878318e-05	-3.883013433727749373e-05	2.030404061608753665e-04	2.608550700279963907e-05	2.826193678726552022e-04	-1.365465665441861938e-03	7.635294182137608641e-05	4.399188658569712709e-04	-2.668203008784226168e-05	1.380189523142785001e-05	-3.597968945974718480e-04	4.811465218070194727e-06	-4.590071268374621691e-05	8.675161307261647359e-05	-5.445078296669684376e-06	-1.500098764307829214e-04	0.000000000000000000e+00	1.384919612157421731e-05	-9.211524492968563174e-05	-6.352604587260072253e-05	7.561340867645109350e-04	3.279156118897286849e-04	-1.116039681130129145e-04	-7.942331484872035274e-17	2.533590624737284047e-05	-6.254016590441382098e-06	-4.815817746527781447e-04	2.072578659592067105e-05	-3.922736710980733290e-04	-3.734967005625239702e-04	2.057590335815411798e-05	2.832076448383719905e-04	3.057221908915218664e-06	-3.260219284223592434e-05	1.510064169362859005e-03	-5.861998105531581105e-06	-1.913317668656732730e-04	2.970020122376961945e-04	-4.440826743506525565e-05	-1.323360168085496030e-04	1.488557614568203137e-05	-2.609269406016433214e-06	-1.727300047887194237e-05
-1.030092111772794707e-06	2.429170582298186909e-04	-2.714030402363873861e-04	2.415434627316765043e-04	2.459755350353314712e-04	-4.577614351497284219e-04	2.306087832030006212e-04	6.542294861045974320e-06	1.032451186292045042e-05	1.225596327305057969e-04	-5.699502816613110853e-05	-6.432612370353549668e-06	-1.469120848045545459e-06	-6.624819469033264551e-06	-3.550817669551717017e-06	-7.152506668068689551e-05	-3.751666790267545553e-06	-6.964385527898849816e-05	5.648833055828452615e-06	2.221407202134516560e-06	2.427475318216155869e-05	9.808982943150711811e-06	1.385342550787883108e-05	1.231733942162084724e-04	2.490903570698798372e-04	-6.144501206713527562e-06	-3.761116010996019962e-04	6.922791126241498779e-04	3.123246168464257179e-04	-2.984108222868443391e-04	-1.169706003645758295e-05	4.307473936897105934e-04	-7.444500277446942536e-06	-5.655071785057138200e-06	5.963201043991262759e-05	2.783658790763125795e-06	-6.321940309553928023e-05	-1.384919612157421731e-05	0.000000000000000000e+00	-4.106911834482097228e-05	-4.458385489479841247e-04	2.858096017618189100e-04	5.321493649204834526e-06	-2.958076070284039244e-04	-2.832076448370726826e-04	3.776117409488162119e-06	3.092023862859918123e-04	-3.602101804531875713e-04	2.508440288526058099e-04	-3.130473320936226749e-04	3.729517857218121583e-04	-2.212390592566948748e-06	-1.560100010603807791e-15	2.887759666445145540e-04	-6.856911021406478192e-04	4.282653368613155279e-04	3.349989069403043006e-06	-9.148875776491302136e-05	1.680345111511872516e-04	1.253201807080358963e-05	-4.207441826535989198e-05	-1.439388092338594791e-06	-9.621435499491058066e-06	1.541052895217316242e-05
2.216824893903086288e-05	3.237463260343625396e-05	9.805213775576686547e-05	-2.447665337456674927e-03	-1.839027134324236544e-04	4.426508274522235678e-03	-2.431421832497861028e-03	-2.212597487085285150e-04	7.293578420648939723e-05	5.156175970672195925e-05	-8.059252321100521862e-06	4.587248829843345693e-05	-2.922615782894162337e-06	-7.052343535471229274e-06	1.888536583067198892e-05	4.386778696630857207e-07	4.399302059256640646e-05	-6.774993222497981378e-06	-2.630636562897069433e-06	1.969193204476351591e-04	1.536394456505401292e-05	-3.848827311530388486e-04	5.020143869003963321e-05	-3.791093381683425091e-05	-2.447642898985111053e-03	4.073008259810238731e-05	2.941625630677504591e-04	-6.733341482141963832e-03	-1.261526221901475015e-04	2.811506394401259989e-03	5.781661089648478262e-05	-7.553301637111610217e-05	-1.225816963526306391e-04	-3.361988680064792700e-06	1.414982921906730168e-05	-6.242566275693779015e-05	-6.346420083571530091e-05	9.211524492968563174e-05	4.106911834482097228e-05	0.000000000000000000e+00	4.426493819108191091e-03	-6.754458643277396650e-05	-3.958303192603946068e-04	2.809396698755164436e-03	1.323360167884608547e-04	-2.612509391360049322e-05	-2.833006899158029175e-03	1.067549814634371482e-04	-2.432441189232492987e-03	7.851175179195875862e-05	6.061944976093648838e-07	5.815515956865772025e-05	4.207441830536801601e-05	-2.830889925896680134e-03	6.737135012991040534e-03	-1.341364048653905666e-04	-2.278920213063091943e-04	5.019966415073087975e-07	-3.936409637180197528e-05	-1.304557722025488834e-05	4.403043490043751819e-16	3.965855821439370039e-05	-3.134724741207056372e-05	-2.205171058633828314e-06
3.934802867357897175e-06	-2.120278731379161299e-04	1.110935911593684342e-04	-2.742824879385424765e-05	-1.369769820384357842e-04	-1.420634765288966359e-15	-3.860061681420792160e-05	1.812775825198040058e-05	-2.589865075602557098e-04	6.950021269352360531e-03	-3.827897061970978506e-03	-5.340582698298891335e-04	8.061228515531751821e-07	1.257996030240436289e-04	1.241836092148808400e-04	-4.427517470409056063e-03	1.264164165813404044e-04	-3.828643793151175010e-03	3.417236444001782300e-06	5.876795862861804338e-05	3.825357990279022562e-03	5.249564075252637313e-05	-3.875717336261835311e-04	1.056598343402786501e-02	-2.716080486546885330e-05	-5.222305932342352196e-04	1.168084337693565174e-04	-1.888555206859097058e-04	-5.624547012808247442e-05	5.952417359943333922e-05	-2.867691229453515770e-06	2.770929345905896288e-06	-1.178193297022777318e-04	2.369826978556159698e-08	3.826529618750461412e-03	-7.190427825848403872e-05	-6.939942006407838829e-03	6.352604587260072253e-05	4.458385489479841247e-04	-4.426493819108191091e-03	0.000000000000000000e+00	1.079533892475001189e-04	-1.576104708385949298e-05	6.004026563196686317e-05	1.332313545346970024e-05	-1.966725853287210900e-06	-5.963361741516577663e-05	5.690484275606419651e-05	-3.736480058443184758e-05	1.042761901404056337e-04	-2.868575549684264196e-04	-7.396962517664785710e-07	4.577614350829210766e-04	-6.156009207693619078e-05	2.069586718659568645e-04	-1.693157602527599169e-05	-4.198977465144462828e-05	-4.427149048565341000e-03	1.056610994950235929e-02	-1.077731661539570206e-04	-4.426508274520095029e-03	7.756533918379805281e-05	4.391688783894283804e-05	1.823637652256457855e-06
-3.007977758682554053e-05	-1.377878764274774964e-06	-4.146199774431525624e-06	5.981980051324316104e-05	-2.262673643833015562e-06	-1.257996030390890212e-04	8.487961231092581082e-05	-1.133343670701017546e-05	6.943388571438566161e-04	1.657540106872738934e-05	-8.244253631467052474e-05	-2.814999868202759355e-04	3.418105626969286794e-05	-4.893021345086026597e-16	-4.403851470984465480e-04	3.521418976004192731e-05	-3.605134003949894846e-04	1.161804165452136412e-05	-1.038646004218175305e-05	3.717135116679912577e-04	2.104425102715360324e-06	-3.274751948826782775e-04	1.366793870906072130e-03	-4.051376943481604237e-05	-3.388507551541493138e-06	1.360739869652743289e-05	-3.511327338899753055e-05	1.343879380200414960e-04	7.990322086052242703e-06	-3.458108493840431866e-05	3.318153741627248717e-06	-1.074199077700641048e-06	-3.962940937127858469e-05	-1.838866372966003671e-05	1.818826317844245448e-05	3.939161354690405136e-04	2.931179412695833600e-05	-7.561340867645109350e-04	-2.858096017618189100e-04	6.754458643277396650e-05	-1.079533892475001189e-04	0.000000000000000000e+00	1.280732378547942696e-05	-7.125833176808448236e-05	1.640976259395391171e-06	-2.216718431254902810e-05	8.634529604484200271e-05	-1.207721026020756004e-05	8.961313974792579386e-05	-7.918745890822425276e-06	-1.692161549286878876e-06	-3.621570741719719316e-05	6.624819469388688893e-06	1.737565274968306747e-04	-2.247572895973422714e-04	4.312414889829299663e-05	2.381352621821792833e-04	-2.848387168715659060e-05	7.711360403225154929e-06	1.512798172580625449e-03	7.052343555274719820e-06	-4.826583221610267638e-04	-3.615397123043819503e-04	1.844080757406554199e-05
-9.640644070273586197e-06	1.525796328783667181e-05	4.198872426887795955e-07	1.280080782730860123e-05	-1.363446987076029322e-05	-5.249564070065839869e-05	2.246434272732548331e-05	-3.083078100266138533e-06	2.836367069034658643e-04	-6.119555814066820944e-04	3.072825337994537255e-04	4.061330610367430453e-06	-8.172845198969711028e-07	3.274751948827172004e-04	-3.628084523948613182e-04	3.744865375536235138e-04	-3.085936761752300838e-04	3.380356049539377317e-04	1.879577715212383518e-05	-4.214141449602230253e-04	-3.358204017333318425e-04	-1.624873467113291392e-15	4.346749890880326878e-04	-9.369508945359906159e-04	-2.069491401058033155e-05	2.752651713276521941e-06	1.940139466250500759e-05	2.306656469919651450e-06	-2.003519933370742673e-06	-3.926293936891174909e-05	8.341635597025185842e-07	1.300636995657085147e-05	2.777088403231863520e-04	-4.234233625844978415e-06	-3.562820881061261563e-04	3.560440281606910319e-04	6.057243401386507280e-04	-3.279156118897286849e-04	-5.321493649204834526e-06	3.958303192603946068e-04	1.576104708385949298e-05	-1.280732378547942696e-05	0.000000000000000000e+00	4.086915140577044653e-06	-1.473603156400214698e-05	7.807807640884542738e-06	8.538440746951060092e-06	-2.453523420995800872e-06	-7.422403581125965279e-06	-4.061619546369509405e-06	2.225884430396647530e-05	-2.648393999489693658e-05	-9.808982941389145861e-06	5.085150321958221997e-05	-5.067799164121523746e-05	-1.134546871183172425e-05	-4.334558830591011225e-06	3.866926347190304848e-04	-9.302201748060392669e-04	4.941078518312246211e-04	3.848827311085799459e-04	-4.189185541189450134e-04	5.007403986667455101e-04	-6.907360442990585975e-06
5.376611206606906414e-06	-1.466168353119825813e-04	7.816101417327259442e-05	1.579786972268134318e-05	-9.336463771404622503e-05	-5.952417359984085694e-05	8.099839379518634626e-06	4.049044995211300375e-06	-2.307669607281333116e-04	4.427072740257359529e-03	-2.426899041834046800e-03	-3.324921664450772177e-04	3.378490874480590044e-05	3.458108492769623656e-05	1.415731677586394262e-04	-2.833182545119136524e-03	1.378774834487262639e-04	-2.427474295656858148e-03	-6.786148864182825978e-05	9.154258357783797567e-05	2.451053634766726073e-03	3.926293939815307470e-05	-3.526478399958032613e-04	6.734876506395591142e-03	1.601527987097019475e-05	-3.268217398201762923e-04	6.824966566585901262e-05	-2.783999194445682334e-05	-5.152401750219566648e-05	3.524255012899091743e-16	1.771344411999460488e-06	-3.354047982774417512e-05	-1.157269945862842851e-04	3.221931550201542754e-05	2.453278825694382367e-03	-1.146752330361340728e-04	-4.427389939367660371e-03	1.116039681130129145e-04	2.958076070284039244e-04	-2.809396698755164436e-03	-6.004026563196686317e-05	7.125833176808448236e-05	-4.086915140577044653e-06	0.000000000000000000e+00	2.668203011413166731e-05	-4.513834367829604112e-06	-5.462215892687756480e-07	4.782864664993232145e-05	9.487718748322734432e-06	7.103277910386927645e-05	-2.078441163391527187e-04	3.463967791176959525e-06	2.984108222427366095e-04	-2.433829407274939214e-06	4.200861892611652278e-05	-7.662861730491226406e-06	-2.878944190277019327e-05	-2.833397772070835735e-03	6.737185468759156193e-03	-1.901889762791947910e-04	-2.811506394401630353e-03	1.247136654767158170e-04	-3.461372106705531694e-05	8.996510070288065558e-05
2.639516201152086817e-05	-3.147686407722952024e-08	3.940529873055659439e-06	2.608550701632660616e-05	4.811465218387245935e-06	-6.352604590978748824e-05	2.072578661811571253e-05	-5.861998104653683125e-06	-4.035217757860235844e-05	1.690666544029178651e-04	-5.712888163017355533e-05	2.826193678703809798e-04	-4.590071268255316084e-05	7.561340867650444709e-04	-3.922736710978557838e-04	-1.913317668421214745e-04	-3.594316740169560803e-04	-1.043508822912157428e-04	4.906216470483656022e-05	-1.365465665441794717e-03	8.675161305034522624e-05	3.279156118909244515e-04	-3.734967005625614836e-04	2.970020121766259050e-04	3.943852769583797862e-05	1.242730286833137817e-05	-7.377794586535182055e-06	7.635294187383407012e-05	-5.445078296996949954e-06	-1.116039681444213298e-04	2.057590336814647418e-05	-4.440826743560650293e-05	6.922192431709448543e-04	7.770299755478427947e-06	9.668329652438931442e-06	4.399188658569220482e-04	-1.500098763999645288e-04	7.942331484872035274e-17	2.832076448370726826e-04	-1.323360167884608547e-04	-1.332313545346970024e-05	-1.640976259395391171e-06	1.473603156400214698e-05	-2.668203011413166731e-05	0.000000000000000000e+00	2.533590625195153128e-05	3.057221921968286914e-06	1.488557614531252002e-05	-4.557542681916251586e-05	1.095369537690138705e-05	-3.883013433663860727e-05	1.380189523981908015e-05	1.384919612142018267e-05	-6.254016570141575984e-06	-3.260219289307981561e-05	-2.609269404993612554e-06	-2.380210238751660214e-04	-8.162788110304804927e-05	2.030404060969536253e-04	-3.597968945974215952e-04	-9.211524490510146945e-05	-4.815817746526844696e-04	1.510064169362312133e-03	-1.727300048014762481e-05
-5.353435125868246997e-07	2.821096110173312057e-05	-2.344433005584196559e-05	3.868846123949072825e-07	1.063126816054107182e-05	1.966725853077599892e-06	-2.478598044211152156e-06	1.738910431261191318e-06	2.821096109765618159e-05	-8.460359767658866045e-06	3.088573220906517581e-05	-2.438799157564578442e-06	7.490391871156892173e-05	2.216718431046527961e-05	-3.820340431662842221e-05	-2.574352375571310346e-05	-2.344433005238589498e-05	3.088573220913129182e-05	-1.626861510047277587e-04	-1.633251536938495706e-05	3.041464713479038616e-05	-7.807807636675163378e-06	4.802166724963138152e-05	-8.976927587187767925e-07	3.868846122688406691e-07	-2.438799158160962482e-06	-1.633251536961601410e-05	-5.315119150994389950e-06	1.505135335938694785e-05	4.513834367560889686e-06	-9.024911264202333273e-06	4.240938772386948323e-05	1.063126815897534835e-05	7.490391871151316663e-05	3.041464713473622348e-05	1.505135335542150720e-05	-7.400421246064342002e-06	-2.533590624737284047e-05	-3.776117409488162119e-06	2.612509391360049322e-05	1.966725853287210900e-06	2.216718431254902810e-05	-7.807807640884542738e-06	4.513834367829604112e-06	-2.533590625195153128e-05	0.000000000000000000e+00	2.502918596719276990e-06	-3.067523180651930594e-05	-2.478598044267235902e-06	-3.820340432071400770e-05	4.802166725982051024e-05	-9.024911264098471787e-06	-3.776117409919838908e-06	2.502918596580570686e-06	1.026542768163895755e-06	2.316506811891300252e-05	1.738910427934808442e-06	-2.574352375573249035e-05	-8.976927586383448732e-07	4.240938771236357741e-05	2.612509391374904925e-05	-3.067523180173728319e-05	2.316506811826140379e-05	2.023295142685575419e-04
8.784500945596168323e-08	1.399124274132915657e-04	-6.258826864051565317e-05	-1.591577194867165439e-05	6.680484498542762237e-05	6.156009207892509190e-05	-8.824228035815225474e-06	-4.705227525945522625e-07	1.277579431228030972e-04	-4.432062164031694979e-03	2.452091116608372257e-03	3.172965680144888031e-04	3.354477017695538336e-05	-1.737565274827161514e-04	-9.142669961951057408e-06	2.812479982794892884e-03	-1.466004354347588123e-05	2.452855263051031791e-03	-7.468649816611442152e-05	1.116049698218978626e-04	-2.424399541760013412e-03	-5.085150325570824971e-05	2.118747573979326451e-04	-6.734753174809563966e-03	-1.614042513615093131e-05	3.409417086263802181e-04	-4.197646392374815121e-05	2.851309959051717143e-05	1.825623415486339574e-05	2.433829408144740831e-06	5.448962295720769945e-06	-3.635057385849336914e-07	-6.131048545778365318e-06	3.255190194603929308e-05	-2.422361034639112370e-03	-3.514186351544921002e-05	4.418801629002228754e-03	6.254016590441382098e-06	-3.092023862859918123e-04	2.833006899158029175e-03	5.963361741516577663e-05	-8.634529604484200271e-05	-8.538440746951060092e-06	5.462215892687756480e-07	-3.057221921968286914e-06	-2.502918596719276990e-06	0.000000000000000000e+00	-2.239987442121559096e-05	-7.599448328554563914e-06	-6.215006238916415376e-05	1.940042816036692650e-04	4.096807132509414437e-06	-2.887759666028650359e-04	-4.315669923952102603e-16	-3.911341540830198479e-05	-2.531559015807873468e-05	3.748590596012267421e-05	2.809692448927427269e-03	-6.731131211729067879e-03	1.996330018308425296e-05	2.830889925895787619e-03	3.869064914019257817e-05	-1.915881552708407771e-04	8.706797412483901859e-05
3.648481142355505444e-05	1.419429908431346598e-05	-8.918542663693300384e-06	4.353492667439450698e-05	1.679214345721075546e-05	-7.756533920463134992e-05	2.464107505296532109e-05	3.633168064688680547e-06	-4.664856393616844624e-04	5.935379919997789037e-05	3.381366703151938438e-05	3.613747942006991561e-04	-5.858612191340474356e-05	4.826583221623204339e-04	2.909822451859699700e-05	-1.169978801974069901e-04	-1.083785783545571693e-06	-5.467042915738877442e-05	5.322788788294488451e-05	-1.109858030901081632e-03	3.075758086340687038e-05	4.189185541190591257e-04	-1.106325932678714659e-03	1.568187591472464506e-04	9.351165995871214311e-05	4.263646205017116349e-07	-9.058733604831545914e-07	1.417818926578990994e-04	6.731894184907937953e-06	-1.247136654944436881e-04	1.083583207890500492e-05	-6.578508746583760662e-06	4.679345913061271458e-04	1.007001829836494947e-05	-3.047275641363409314e-05	3.027766374122129529e-05	-7.518651967786273540e-05	4.815817746527781447e-04	3.602101804531875713e-04	-1.067549814634371482e-04	-5.690484275606419651e-05	1.207721026020756004e-05	2.453523420995800872e-06	-4.782864664993232145e-05	-1.488557614531252002e-05	3.067523180651930594e-05	2.239987442121559096e-05	0.000000000000000000e+00	-2.128062656177786351e-05	-3.789984305902718011e-06	-2.834492699096242017e-06	3.224249075186299618e-05	1.439388092508948787e-06	-3.869064913205240858e-05	-5.672785496952933109e-05	-9.551439776572292746e-06	-3.033208190041463922e-04	-7.989131873212134514e-06	6.611313852642299385e-05	-1.193360223559559617e-03	-3.965855821411350867e-05	-3.427027541955118828e-16	1.193967872360514760e-03	-4.143696207697476205e-05
-3.281188423058024363e-06	7.363082418909437155e-05	-2.357615748309832161e-05	-5.477329204295519323e-06	5.234199292156970472e-05	3.860061681485660654e-05	1.009222021901165717e-16	-7.335180052652062631e-06	1.268930452311478130e-04	-3.828187227550273151e-03	2.100956645154196736e-03	2.897559905241699489e-04	-2.028389726300206572e-05	-8.487961230079505283e-05	-4.919786275984513015e-05	2.447683999342717062e-03	-5.544396497142133604e-05	2.101755350693430315e-03	4.223777538306742725e-05	-1.637990974055861891e-05	-2.116292091054471775e-03	-2.246434275475389414e-05	1.897541190661154059e-04	-5.822852246331026646e-03	-5.610731128609371349e-06	3.127327265522353945e-04	-4.088364759688442400e-05	4.767289138757668706e-05	-1.071922579423475346e-05	-8.099839379814086494e-06	8.638907784543742066e-07	-9.250076751321515886e-05	5.861864194977884366e-05	-2.029363707601991904e-05	-2.116653104614845890e-03	2.829358633708978668e-05	3.826261290715647807e-03	-2.072578659592067105e-05	-2.508440288526058099e-04	2.432441189232492987e-03	3.736480058443184758e-05	-8.961313974792579386e-05	7.422403581125965279e-06	-9.487718748322734432e-06	4.557542681916251586e-05	2.478598044267235902e-06	7.599448328554563914e-06	2.128062656177786351e-05	0.000000000000000000e+00	-1.010776654591222325e-05	7.859856301477413372e-05	-4.005858435114076008e-07	-2.306087831696349770e-04	8.824228035400616399e-06	-5.515824972344984811e-05	-2.215329113347133747e-05	1.926238246638337911e-05	2.446797196639710278e-03	-5.822801754719839420e-03	3.683275937757980875e-05	2.431421832496864430e-03	-2.464107504197231405e-05	-4.055695005092544499e-05	-5.560120623978522409e-05
2.154225479672419741e-05	8.505372838991722968e-06	-3.877646721702680230e-06	7.387704587822699624e-05	9.873905719946831765e-06	-1.241836092271977562e-04	4.919786276667809750e-05	3.009140665368403151e-06	-3.845996713083141760e-04	3.592387272598272351e-05	3.938893585321979855e-05	3.060361372152549820e-04	-4.052888191827341109e-05	4.403851470988292172e-04	1.720603436746077908e-16	-9.502149977721899635e-05	-2.162601672096786453e-05	-3.340353626285045587e-05	2.460049144624414102e-05	-9.854871978613327383e-04	2.318897312226553037e-05	3.628084523950699187e-04	-9.252977745468357954e-04	1.132503814814749102e-04	1.130297613419836299e-04	-5.129143623317494315e-06	5.217264555316367090e-06	2.023111985409945662e-04	1.401161963226160770e-06	-1.415731677697355036e-04	-1.640941919368546525e-05	-1.029734515424010226e-05	4.218879183473206278e-04	1.874915712309730841e-05	-3.359183694810097709e-05	5.005178088492020860e-05	-4.955463870710794818e-05	3.922736710980733290e-04	3.130473320936226749e-04	-7.851175179195875862e-05	-1.042761901404056337e-04	7.918745890822425276e-06	4.061619546369509405e-06	-7.103277910386927645e-05	-1.095369537690138705e-05	3.820340432071400770e-05	6.215006238916415376e-05	3.789984305902718011e-06	1.010776654591222325e-05	0.000000000000000000e+00	-6.823962784614605315e-06	6.921075740223581319e-07	3.550817669007670297e-06	9.142669965766554588e-06	-1.337291701013570652e-04	-1.333267618610451885e-05	-2.613481581713929811e-04	-1.906903210200551044e-06	3.349871334409163805e-05	-9.951126094718820703e-04	-1.888536583497247345e-05	-2.909822451867341293e-05	1.064359651879763242e-03	-7.568421378002397607e-06
-2.131844778027992490e-05	-3.096192533104001263e-05	1.019054994578215986e-05	-2.005758952387513047e-04	-2.227959813013642005e-07	3.875717336072842609e-04	-1.897541190585726113e-04	4.238561654151417710e-06	-2.652019226002438803e-04	9.908179983140871086e-06	-3.468115796201930797e-05	-3.597861503024392914e-04	5.819881215770171426e-05	-1.366793870906113980e-03	9.252977745462616019e-04	1.211059967542783584e-04	8.233283868519702866e-04	-1.774537872734018917e-06	-6.663770371009912312e-05	2.274100544795578695e-03	1.475308658962937491e-05	-4.346749890867757722e-04	2.809074655285744015e-16	-2.392767601882965657e-05	-1.861189849215051759e-04	-1.544803396292801767e-06	3.424204697370148066e-06	-5.167411365387302238e-04	-9.653965420700353679e-06	3.526478399958973700e-04	-8.705790938330159565e-06	5.522081018491118596e-06	-1.225029374416894065e-03	-1.226137511192917234e-05	1.527162723325058906e-04	-9.836886645120429713e-04	-6.652655276661703144e-05	3.734967005625239702e-04	-3.729517857218121583e-04	-6.061944976093648838e-07	2.868575549684264196e-04	1.692161549286878876e-06	-2.225884430396647530e-05	2.078441163391527187e-04	3.883013433663860727e-05	-4.802166725982051024e-05	-1.940042816036692650e-04	2.834492699096242017e-06	-7.859856301477413372e-05	6.823962784614605315e-06	0.000000000000000000e+00	2.290032940057918490e-05	-1.385342550770055775e-05	-2.118747573829704112e-04	4.875621452510941708e-04	4.802272488853894655e-06	3.105756949517825358e-04	-3.929722550841244683e-05	1.222488081176120386e-04	-9.361205338177550571e-05	-5.020143866189467994e-05	1.106325932678808984e-03	-2.545800793582966674e-03	2.126567250061183830e-06
-6.543062485404008724e-06	-3.468514762252272554e-06	-2.227945936179698109e-05	-2.864094405936687742e-06	5.111349665484101585e-05	2.867691228509991370e-06	-8.638907780532981768e-07	-1.125677458123282857e-05	4.826479314373448783e-06	1.729780599540924613e-05	-6.679710211987129292e-05	-9.105881446255890943e-07	-1.670512822096670768e-04	-3.318153745481640804e-06	1.640941920087524353e-05	5.787458087114570702e-05	-6.299922678200197847e-06	-6.791879305154431144e-05	3.610961422534425189e-04	-9.088986913446031450e-06	-6.899312715148185680e-05	-8.341635590233200273e-07	8.705790928810142818e-06	-5.963481282914202051e-07	-1.600080608462251820e-06	8.446467435238133223e-06	-8.289658952643865256e-05	-1.204648942979168344e-06	5.371341389588534410e-05	-1.771344412590832210e-06	7.743984492765904938e-17	4.883186567683989456e-06	1.461004385861639556e-05	-1.667383389100445478e-04	-6.737040574895097206e-05	3.386779566115235391e-05	1.672891586893598877e-05	-2.057590335815411798e-05	2.212390592566948748e-06	-5.815515956865772025e-05	7.396962517664785710e-07	3.621570741719719316e-05	2.648393999489693658e-05	-3.463967791176959525e-06	-1.380189523981908015e-05	9.024911264098471787e-06	-4.096807132509414437e-06	-3.224249075186299618e-05	4.005858435114076008e-07	-6.921075740223581319e-07	-2.290032940057918490e-05	0.000000000000000000e+00	1.169706003654950296e-05	-5.448962295457571397e-06	4.217418686463425992e-06	8.603416446845965409e-05	1.084589095315663111e-05	5.623076692686295385e-05	9.948115690975910328e-07	3.726454518863951454e-05	-5.781661089620619687e-05	-1.083583207111185796e-05	4.631926574778867665e-06	-4.504100116123013363e-04
-1.030092112729966078e-06	1.032451186284207107e-05	-3.751666790086297867e-06	2.490903570306321523e-04	-7.444500277205939640e-06	-4.458385488783997040e-04	2.508440288143090786e-04	3.349989069899136651e-06	2.429170582306999847e-04	1.225596327964220363e-04	-6.964385531190411718e-05	-6.144501204717008225e-06	-5.655071788711223935e-06	2.858096017617220907e-04	-3.130473320937685001e-04	-9.148875781122241323e-05	-2.714030402365359760e-04	-5.699502820175290972e-05	5.648833054533491704e-06	-3.761116011003381695e-04	5.963201047873182908e-05	5.321493647160907602e-06	3.729517857212749903e-04	1.680345112526405484e-04	2.415434626959271061e-04	-6.432612370378379592e-06	2.221407202521417494e-06	6.922791125228990559e-04	2.783658791266720340e-06	-2.958076069859092165e-04	-2.212390594029995724e-06	1.253201807199515831e-05	2.459755350351209733e-04	-1.469120849782184712e-06	2.427475321891179750e-05	3.123246168476252792e-04	-6.321940316047887040e-05	-2.832076448383719905e-04	1.560100010603807791e-15	-4.207441830536801601e-05	-4.577614350829210766e-04	-6.624819469388688893e-06	9.808982941389145861e-06	-2.984108222427366095e-04	-1.384919612142018267e-05	3.776117409919838908e-06	2.887759666028650359e-04	-1.439388092508948787e-06	2.306087831696349770e-04	-3.550817669007670297e-06	1.385342550770055775e-05	-1.169706003654950296e-05	0.000000000000000000e+00	3.092023862456859461e-04	-6.856911020465552252e-04	-9.621435500164760967e-06	6.542294860434804473e-06	-7.152506672280500573e-05	1.231733943088730095e-04	4.307473936911226584e-04	-4.106911838244122913e-05	-3.602101804540204554e-04	4.282653368627955181e-04	1.541052895444463373e-05
8.784500933932874041e-08	1.277579431356309437e-04	-1.466004354533632811e-05	-1.614042513635383975e-05	-6.131048562616890724e-06	5.963361741551076976e-05	-7.599448328017948213e-06	3.748590592910484268e-05	1.399124274073040321e-04	-4.432062164031004559e-03	2.452855263048493023e-03	3.409417085958833457e-04	3.255190194750434837e-05	-8.634529602553257886e-05	-6.215006239310934863e-05	2.809692448927951156e-03	-6.258826864515542861e-05	2.452091116610214533e-03	-7.468649816590945309e-05	-4.197646390375511756e-05	-2.422361034640399102e-03	-8.538440782743719686e-06	1.940042816298587105e-04	-6.731131211731423633e-03	-1.591577194787164193e-05	3.172965680451371928e-04	1.116049697944772106e-04	2.851309959137110262e-05	-3.514186351032346130e-05	5.462215889178299927e-07	4.096807132981828428e-06	1.996330017581056420e-05	6.680484500711978378e-05	3.354477017552249499e-05	-2.424399541758392312e-03	1.825623415723305850e-05	4.418801629001534864e-03	-3.057221908915218664e-06	-2.887759666445145540e-04	2.830889925896680134e-03	6.156009207693619078e-05	-1.737565274968306747e-04	-5.085150321958221997e-05	2.433829407274939214e-06	6.254016570141575984e-06	-2.502918596580570686e-06	4.315669923952102603e-16	3.869064913205240858e-05	-8.824228035400616399e-06	-9.142669965766554588e-06	2.118747573829704112e-04	5.448962295457571397e-06	-3.092023862456859461e-04	0.000000000000000000e+00	-3.911341540940339867e-05	-1.915881552403328188e-04	-4.705227227819097006e-07	2.812479982793401022e-03	-6.734753174805825637e-03	-3.635057207939565817e-07	2.833006899156373382e-03	-2.239987442041288832e-05	-2.531559018141302193e-05	8.706797412477926550e-05
5.473644334386726956e-06	-3.356150811327933458e-04	1.444204230905114404e-04	7.310446882261782253e-05	-1.504057212455585510e-04	-2.069586718685575944e-04	5.515824972333210376e-05	-3.566076569193255463e-05	-3.356150811000458865e-04	1.057106737191349649e-02	-5.826199439307238812e-03	-8.090791492342396408e-04	-1.085591964315462830e-05	2.247572895563359021e-04	1.337291700949837724e-04	-6.730582715408509054e-03	1.444204230895952353e-04	-5.826199439312188845e-03	3.046080121750410264e-05	5.959127467617314272e-05	5.813079358199017832e-03	5.067799172079247852e-05	-4.875621452800369478e-04	1.607033201021560581e-02	7.310446882133464215e-05	-8.090791493030216434e-04	5.959127472432458052e-05	2.757684025392431558e-05	-5.494086312017628905e-05	-4.200861892631228226e-05	-4.217418687103959083e-06	-5.124358651961749127e-05	-1.504057212934626687e-04	-1.085591963998598986e-05	5.813079358196306459e-03	-5.494086311221798761e-05	-1.055450693564054243e-02	3.260219284223592434e-05	6.856911021406478192e-04	-6.737135012991040534e-03	-2.069586718659568645e-04	2.247572895973422714e-04	5.067799164121523746e-05	-4.200861892611652278e-05	3.260219289307981561e-05	-1.026542768163895755e-06	3.911341540830198479e-05	5.672785496952933109e-05	5.515824972344984811e-05	1.337291701013570652e-04	-4.875621452510941708e-04	-4.217418686463425992e-06	6.856911020465552252e-04	3.911341540940339867e-05	0.000000000000000000e+00	1.036280189740994637e-04	-3.566076576021442839e-05	-6.730582715406649430e-03	1.607033201020917346e-02	-5.124358652862809224e-05	-6.737135012988216404e-03	5.672785495300525650e-05	1.036280190316973381e-04	-2.778801649135815047e-05
-5.481051945407464251e-05	-4.124617127203532116e-06	1.792687829651208847e-05	2.259784680994248398e-06	-4.527339222818870142e-05	-4.391688777900724071e-05	4.055695002181956333e-05	-1.259604580234793668e-05	1.362790000904530365e-03	2.121666567175492252e-05	-1.397171404775623396e-04	-4.326400477858351624e-04	4.858618935651389306e-05	3.615397123030700656e-04	-1.064359651879772566e-03	3.693928184117223335e-05	-8.868107537816843433e-04	2.547156225471577489e-05	-2.332226553881988259e-06	9.790559063766420315e-05	-5.225139426205303671e-06	-5.007403986678923792e-04	2.545800793582990093e-03	-8.125207960439488099e-05	-1.226376255995637824e-04	1.114383126736529901e-05	1.078636587850642646e-05	-5.947443337932674910e-05	-1.370845891936883697e-05	3.461372109974216252e-05	-4.631926580497065966e-06	-2.227530991953862579e-06	2.470490216586102884e-04	-3.057791917689046713e-05	-1.013500621901734656e-05	9.935604060009664562e-04	8.078398361415216637e-05	-1.510064169362859005e-03	-4.282653368613155279e-04	1.341364048653905666e-04	1.693157602527599169e-05	-4.312414889829299663e-05	1.134546871183172425e-05	7.662861730491226406e-06	2.609269404993612554e-06	-2.316506811891300252e-05	2.531559015807873468e-05	9.551439776572292746e-06	2.215329113347133747e-05	1.333267618610451885e-05	-4.802272488853894655e-06	-8.603416446845965409e-05	9.621435500164760967e-06	1.915881552403328188e-04	-1.036280189740994637e-04	0.000000000000000000e+00	3.617793386019078038e-04	-3.518216135539001688e-05	-3.157623153023923258e-05	2.848597471367997173e-03	3.134724739463634884e-05	-1.193967872360072405e-03	7.361817454471300537e-17	3.484273481554791673e-05
4.356914190234215377e-06	-2.070819309236503051e-04	2.273931726470535507e-04	1.855721699839015863e-05	-2.053830415582579016e-04	-1.812775820851268227e-05	7.335180029936911575e-06	7.761261251737483491e-16	-8.386206200989972196e-06	-3.420993861268941359e-04	1.888852176259134025e-04	-2.346554500548057657e-06	1.107784515755125906e-06	1.133343670646336148e-05	-3.009140664645029814e-06	2.266726201425930129e-04	-1.000298608744884463e-07	2.160519339975413449e-04	-1.032758245379515705e-05	-6.634630285635138795e-06	-1.798121609896879492e-04	3.083078098808706539e-06	-4.238561655380243982e-06	-5.345250480375100550e-04	-5.155996535111238385e-06	-2.570196345651870788e-06	3.150950669528739543e-04	5.040672291759594839e-06	-2.642563574078836018e-04	-4.049044970244340181e-06	1.125677458194315378e-05	-3.650410188476356683e-04	7.864348930470632329e-06	-2.475158351042553073e-06	-1.947987827684226044e-04	-4.507265841463288688e-07	3.562293875036467452e-04	5.861998105531581105e-06	-3.349989069403043006e-06	2.278920213063091943e-04	4.198977465144462828e-05	-2.381352621821792833e-04	4.334558830591011225e-06	2.878944190277019327e-05	2.380210238751660214e-04	-1.738910427934808442e-06	-3.748590596012267421e-05	3.033208190041463922e-04	-1.926238246638337911e-05	2.613481581713929811e-04	-3.105756949517825358e-04	-1.084589095315663111e-05	-6.542294860434804473e-06	4.705227227819097006e-07	3.566076576021442839e-05	-3.617793386019078038e-04	0.000000000000000000e+00	2.311628921127445511e-04	-5.222421826972035216e-04	-7.518732501305520292e-06	2.212597486729542696e-04	-3.633168064338918621e-06	1.259604580242936703e-05	1.680909445222569057e-06
-2.155930815489988031e-05	6.846806494159891486e-05	3.717992169268451348e-05	-2.434521182420713338e-03	-1.027316754090159634e-04	4.427517470408108904e-03	-2.447683999342162818e-03	-2.266726201818386379e-04	-2.155913457671318484e-05	5.120355157463463727e-05	-6.734101107673809125e-06	9.278192493954124992e-05	6.643869204749027131e-07	-3.521418974372629736e-05	9.502149977377464867e-05	5.156408622314915440e-16	1.141818098198425151e-04	-8.170014638843053239e-06	-4.144848325513178689e-06	2.029486344953787048e-04	1.303238307352392953e-05	-3.744865375919063130e-04	-1.211059967228535715e-04	-3.927437806431655109e-05	-2.433692169642739413e-03	6.631572345448096472e-05	1.518673377237196240e-04	-6.740679546489058288e-03	-4.736801005892068772e-05	2.833182545117040544e-03	-5.787458087115855481e-05	-2.430570924966698090e-05	-1.468651101675061237e-04	2.643163979047433997e-07	1.458380129732926624e-05	-1.346898610519416725e-04	-6.408769659263733047e-05	1.913317668656732730e-04	9.148875776491302136e-05	-5.019966415073087975e-07	4.427149048565341000e-03	2.848387168715659060e-05	-3.866926347190304848e-04	2.833397772070835735e-03	8.162788110304804927e-05	2.574352375573249035e-05	-2.809692448927427269e-03	7.989131873212134514e-06	-2.446797196639710278e-03	1.906903210200551044e-06	3.929722550841244683e-05	-5.623076692686295385e-05	7.152506672280500573e-05	-2.812479982793401022e-03	6.730582715406649430e-03	3.518216135539001688e-05	-2.311628921127445511e-04	0.000000000000000000e+00	-3.716937991241411887e-05	-2.032850352909311366e-04	-4.386778687161946300e-07	1.169978801988708799e-04	-3.693928186413396840e-05	2.755287366240893442e-06
-2.610701225530584768e-07	-1.681089303662919657e-04	-1.014802576044925443e-04	5.827489819199263912e-03	2.786161855141489952e-04	-1.056598343402356983e-02	5.822852246328696912e-03	5.345250481302013176e-04	-8.461448588940993787e-05	-1.837942363043641877e-04	4.939848624409000599e-05	-1.691328192183866016e-04	4.052820024207452111e-06	4.051376939187851926e-05	-1.132503814750146238e-04	3.927437806353276778e-05	-1.691530462337185797e-04	5.292425038633319161e-05	8.358629804227396174e-06	-4.828774793125480309e-04	-6.720367289128495545e-05	9.369508946245734028e-04	2.392767595849175247e-05	-1.236623144070625013e-15	5.825381188616954656e-03	-1.240581296015786793e-04	-4.438252544917691434e-04	1.608102348962724831e-02	1.372657850331331932e-04	-6.734876506388912457e-03	5.963481280846404044e-07	3.322133289164339509e-05	3.177498139141931330e-04	2.615202834319671798e-06	-6.739335634943559262e-05	2.141668583726130150e-04	2.120840947029672811e-04	-2.970020122376961945e-04	-1.680345111511872516e-04	3.936409637180197528e-05	-1.056610994950235929e-02	-7.711360403225154929e-06	9.302201748060392669e-04	-6.737185468759156193e-03	-2.030404060969536253e-04	8.976927586383448732e-07	6.731131211729067879e-03	-6.611313852642299385e-05	5.822801754719839420e-03	-3.349871334409163805e-05	-1.222488081176120386e-04	-9.948115690975910328e-07	-1.231733943088730095e-04	6.734753174805825637e-03	-1.607033201020917346e-02	3.157623153023923258e-05	5.222421826972035216e-04	3.716937991241411887e-05	0.000000000000000000e+00	1.985582623974269665e-04	3.791093381630590564e-05	-1.568187591516160293e-04	8.125207964894701153e-05	-2.876339973402302475e-07
-3.614346167034791595e-05	-2.504403722411649696e-04	8.891483145155967046e-04	-3.195223080298697398e-05	-1.362405521770073454e-03	-2.770929342386406206e-06	9.250076752480900703e-05	3.650410188487850311e-04	-4.166544493194910772e-05	-9.895145083830799229e-05	5.802303553710789379e-05	-1.423297496564196761e-05	-1.204533470114392031e-05	1.074199077039096881e-06	1.029734515384502915e-05	2.430570923056709606e-05	1.539335429923010433e-05	1.783665020141211703e-05	-8.022962324086598668e-05	6.669036647865912961e-06	1.133277749797291338e-04	-1.300636995623868241e-05	-5.522081018841791083e-06	-3.322133285046904221e-05	-3.792858143275164274e-05	-4.316431042510252393e-04	2.547854555267729804e-03	-9.314166265808631641e-05	-1.065078630789619007e-03	3.354047982603294495e-05	-4.883186558771869621e-06	1.257465302945213331e-15	-4.881262249651635921e-06	6.970620167445724458e-05	-4.359082882849648439e-05	-1.543246525688281523e-05	3.921280943659148730e-05	4.440826743506525565e-05	-1.253201807080358963e-05	1.304557722025488834e-05	1.077731661539570206e-04	-1.512798172580625449e-03	-4.941078518312246211e-04	1.901889762791947910e-04	3.597968945974215952e-04	-4.240938771236357741e-05	-1.996330018308425296e-05	1.193360223559559617e-03	-3.683275937757980875e-05	9.951126094718820703e-04	9.361205338177550571e-05	-3.726454518863951454e-05	-4.307473936911226584e-04	3.635057207939565817e-07	5.124358652862809224e-05	-2.848597471367997173e-03	7.518732501305520292e-06	2.032850352909311366e-04	-1.985582623974269665e-04	0.000000000000000000e+00	7.553301634545078703e-05	6.578508745654250423e-06	2.227530993852882071e-06	1.068517282130141008e-05
2.216824893901062895e-05	7.293578422286377738e-05	4.399302059628964481e-05	-2.447642898984472241e-03	-1.225816963712024802e-04	4.426493819106638514e-03	-2.432441189231564910e-03	-2.278920213486371519e-04	3.237463259038231750e-05	5.156175970751765523e-05	-6.774993222190485548e-06	4.073008256899035280e-05	-3.361988679411201749e-06	-6.754458640447459574e-05	7.851175178067470767e-05	5.019966415225608963e-07	9.805213774624532068e-05	-8.059252322132895782e-06	-2.630636562736525772e-06	2.941625630650642398e-04	1.414982921942683498e-05	-3.958303192964981055e-04	6.061945276673454567e-07	-3.936409637013818573e-05	-2.447665337455213856e-03	4.587248832429692357e-05	1.969193204358714571e-04	-6.733341482139118886e-03	-6.242566275725298128e-05	2.809396698752646485e-03	5.815515956866417803e-05	-1.304557724121726480e-05	-1.839027134063523326e-04	-2.922615783778089922e-06	1.536394456541208763e-05	-1.261526221818089297e-04	-6.346420083637907658e-05	1.323360168085496030e-04	4.207441826535989198e-05	-4.403043490043751819e-16	4.426508274520095029e-03	-7.052343555274719820e-06	-3.848827311085799459e-04	2.811506394401630353e-03	9.211524490510146945e-05	-2.612509391374904925e-05	-2.830889925895787619e-03	3.965855821411350867e-05	-2.431421832496864430e-03	1.888536583497247345e-05	5.020143866189467994e-05	5.781661089620619687e-05	4.106911838244122913e-05	-2.833006899156373382e-03	6.737135012988216404e-03	-3.134724739463634884e-05	-2.212597486729542696e-04	4.386778687161946300e-07	-3.791093381630590564e-05	-7.553301634545078703e-05	0.000000000000000000e+00	1.067549814558312667e-04	-1.341364048678545245e-04	-2.205171058804081090e-06
3.648481142766492606e-05	-4.664856393615525150e-04	-1.083785783271728482e-06	9.351165995372844519e-05	4.679345913053851178e-04	-5.690484273778489348e-05	-2.128062657622098143e-05	-3.033208190042616971e-04	1.419429908433885834e-05	5.935379919512471684e-05	-5.467042915449709880e-05	4.263646201874352535e-07	1.007001829337813109e-05	1.207721026005699146e-05	-3.789984305465539743e-06	-7.989131880847206491e-06	-8.918542663518447372e-06	3.381366703694512507e-05	5.322788787706739743e-05	-9.058733599854719129e-07	-3.047275641105734098e-05	2.453523420273363083e-06	-2.834492698823148006e-06	6.611313853419910867e-05	4.353492667026257184e-05	3.613747942027373478e-04	-1.109858030900274552e-03	1.417818926394602357e-04	3.027766374053226110e-05	-4.782864663817908200e-05	3.224249074695879062e-05	-1.193360223560637531e-03	1.679214345650909370e-05	-5.858612191701145051e-05	3.075758086979213677e-05	6.731894185013484187e-06	-7.518651967303424102e-05	-1.488557614568203137e-05	1.439388092338594791e-06	-3.965855821439370039e-05	-7.756533918379805281e-05	4.826583221610267638e-04	4.189185541189450134e-04	-1.247136654767158170e-04	4.815817746526844696e-04	3.067523180173728319e-05	-3.869064914019257817e-05	3.427027541955118828e-16	2.464107504197231405e-05	2.909822451867341293e-05	-1.106325932678808984e-03	1.083583207111185796e-05	3.602101804540204554e-04	2.239987442041288832e-05	-5.672785495300525650e-05	1.193967872360072405e-03	3.633168064338918621e-06	-1.169978801988708799e-04	1.568187591516160293e-04	-6.578508745654250423e-06	-1.067549814558312667e-04	0.000000000000000000e+00	-9.551439777901165468e-06	-4.143696207177097787e-05
-5.481051945523620928e-05	1.362790000903731525e-03	-8.868107537812824296e-04	-1.226376255765473087e-04	2.470490216584515612e-04	1.693157597231972900e-05	2.215329115848851656e-05	3.617793386013007590e-04	-4.124617127555256618e-06	2.121666564542889458e-05	2.547156226561324678e-05	1.114383126765337661e-05	-3.057791916614136830e-05	-4.312414889843348891e-05	1.333267618591003670e-05	-3.518216132401438508e-05	1.792687829638175382e-05	-1.397171404739681552e-04	-2.332226543986783351e-06	1.078636587886176864e-05	-1.013500623971011243e-05	1.134546871370466318e-05	-4.802272489053079535e-06	-3.157623157860606070e-05	2.259784706656977548e-06	-4.326400477897438196e-04	9.790559063827509686e-05	-5.947443331870984589e-05	9.935604060004763968e-04	7.662861700782613042e-06	-8.603416446724860027e-05	2.848597471368330240e-03	-4.527339222799990116e-05	4.858618936615094605e-05	-5.225139455414206559e-06	-1.370845892038845288e-05	8.078398364212485347e-05	2.609269406016433214e-06	9.621435499491058066e-06	3.134724741207056372e-05	-4.391688783894283804e-05	3.615397123043819503e-04	-5.007403986667455101e-04	3.461372106705531694e-05	-1.510064169362312133e-03	-2.316506811826140379e-05	1.915881552708407771e-04	-1.193967872360514760e-03	4.055695005092544499e-05	-1.064359651879763242e-03	2.545800793582966674e-03	-4.631926574778867665e-06	-4.282653368627955181e-04	2.531559018141302193e-05	-1.036280190316973381e-04	-7.361817454471300537e-17	-1.259604580242936703e-05	3.693928186413396840e-05	-8.125207964894701153e-05	-2.227530993852882071e-06	1.341364048678545245e-04	9.551439777901165468e-06	0.000000000000000000e+00	3.484273480580608238e-05
1.704710477581914188e-04	5.261997469316915477e-06	-1.834594087229177744e-05	-5.398034307027477945e-05	-6.422157658249839181e-07	-1.823637652456172131e-06	5.560120623976811402e-05	-1.680909446888696841e-06	5.261997469657449827e-06	3.247417197753812360e-07	1.999220454608910952e-06	-8.135375102800030838e-07	-9.047974603230472487e-06	-1.844080756478960287e-05	7.568421373731262769e-06	-2.755287366428816172e-06	-1.834594087592233345e-05	1.999220454312707766e-06	2.185393941609774584e-06	2.226864295572817875e-06	2.213023164545604404e-06	6.907360442396678660e-06	-2.126567250795463563e-06	2.876339982525794406e-07	-5.398034307050873673e-05	-8.135375110634386798e-07	2.226864304011814752e-06	3.268566479893217488e-05	-5.544818667174063469e-06	-8.996510070300878118e-05	4.504100116122402957e-04	-1.068517282159575403e-05	-6.422157579766877017e-07	-9.047974603154090444e-06	2.213023164163097030e-06	-5.544818662873297725e-06	7.261098606269403331e-08	1.727300047887194237e-05	-1.541052895217316242e-05	2.205171058633828314e-06	-1.823637652256457855e-06	-1.844080757406554199e-05	6.907360442990585975e-06	-8.996510070288065558e-05	1.727300048014762481e-05	-2.023295142685575419e-04	-8.706797412483901859e-05	4.143696207697476205e-05	5.560120623978522409e-05	7.568421378002397607e-06	-2.126567250061183830e-06	4.504100116123013363e-04	-1.541052895444463373e-05	-8.706797412477926550e-05	2.778801649135815047e-05	-3.484273481554791673e-05	-1.680909445222569057e-06	-2.755287366240893442e-06	2.876339973402302475e-07	-1.068517282130141008e-05	2.205171058804081090e-06	4.143696207177097787e-05	-3.484273480580608238e-05	0.000000000000000000e+00
