0.000000000000000000e+00	-8.407910066682432355e-04	7.765933224691809250e-04	8.546481062788187063e-05	-4.235009715150486872e-04	-3.230481192820245664e-04	1.236646154133230584e-04	4.451279561554838588e-04	-8.407910066670814045e-04	6.783523567030188064e-05	-2.402130207553753631e-05	-6.280882572065444279e-04	2.147610181743457353e-04	-1.783534751771433655e-04	4.509263659098028225e-04	1.794568394337534218e-06	7.765933224678463805e-04	-2.402130207100018410e-05	-7.623374100730078069e-05	1.349042545918579389e-03	-2.766410767463849596e-04	-4.710727506194234480e-04	-5.207282626830061307e-04	-2.491967736118164568e-04	8.546481062801059253e-05	-6.280882572062634027e-04	1.349042545919624993e-03	3.675070068839139475e-05	-9.312593553442302056e-04	-6.697244176083789352e-05	-7.022288241526156724e-05	-6.964840308394176435e-04	-4.235009715139213338e-04	2.147610181714730061e-04	-2.766410767447382733e-04	-9.312593553427031068e-04	5.146947385722313705e-04	8.466782547864883622e-04	-2.967193335847000406e-04	1.863407592965880691e-04	-3.230481192781251790e-04	-1.783534751783173397e-04	-4.710727506198066593e-04	-6.697244175992705527e-05	8.466782547878181362e-04	-1.060184967478866266e-04	3.928262525523440376e-04	7.044948524126987566e-04	1.236646154128386911e-04	4.509263659106223709e-04	-5.207282626842849472e-04	-7.022288241465948267e-05	-2.967193335832139247e-04	3.928262525545335839e-04	-6.913146593185957606e-04	-1.136687664665223408e-03	4.451279561538581519e-04	1.794568392502388210e-06	-2.491967736044011644e-04	-6.964840308387246215e-04	1.863407592914422288e-04	7.044948524114061708e-04	-1.136687664664401149e-03	2.466433294958242373e-04
8.407910066682432355e-04	0.000000000000000000e+00	-3.998837489267030359e-05	3.328370856366560764e-03	-3.000240102095028116e-04	-4.273041053636975929e-03	1.837702844524420967e-03	-9.396406509047928969e-04	-2.424967236562547424e-15	-3.615066916377876471e-03	2.560366761124428792e-03	-1.040540410568347937e-03	-5.746736664264959563e-04	2.064084523567292703e-03	-8.693300955133376629e-04	1.095462105299203448e-04	-6.943974727227991911e-04	1.584285627133361248e-03	6.569009072511503206e-05	-5.050070700379623257e-04	-1.288665191239261876e-03	-1.412836917814467002e-03	1.181291374873247139e-03	-2.371455001869630496e-03	3.085831043863844665e-03	-2.510339582305041745e-04	6.427704883970461404e-05	7.834275680758270854e-03	-9.035209196289558276e-05	-4.848854545021956917e-03	1.575779280869147735e-04	-3.498118978922293743e-04	1.212172794468248643e-03	1.032170298087619047e-03	-3.788703993721335289e-03	5.820577915336025247e-04	3.743124180913044111e-03	2.798183696074173004e-04	-5.566359627134438888e-04	9.053065491081698857e-04	-3.385262643917797548e-03	6.842221405939743518e-05	-5.443106636901539393e-04	-2.882684027467158697e-03	1.892290711482535895e-04	1.093271340249785204e-03	2.092580094245938445e-03	1.741171058578014743e-04	4.355828549684001181e-04	-2.905209547017827750e-05	5.519540115049503207e-04	-7.704356944372011892e-04	-2.000202912762437109e-04	1.904918651400798555e-03	-5.322834825186934654e-03	4.563791033984116477e-05	9.348915856775111863e-05	2.333219270537546883e-03	-5.458839428801914168e-03	7.511760510469649328e-04	2.344639560816921472e-03	-8.020480752697978569e-04	8.183806765380813699e-04	5.079444247826671310e-04
-7.765933224691809250e-04	3.998837489267030359e-05	0.000000000000000000e+00	-1.518002998480596881e-03	1.322035257454313290e-04	2.133194745922078160e-03	-9.100181525138279154e-04	3.529960871655052888e-04	6.943974727245882331e-04	9.294232452450236926e-04	-1.937837920133651977e-03	1.072092408705179693e-03	7.190087275989994267e-04	-9.399162937790692725e-04	4.855841665367902494e-05	1.240304220570367759e-03	7.229264209764291009e-16	4.811098016346243675e-05	6.578734114075415057e-04	-5.880119100069207752e-04	-4.344311574824320852e-04	1.129213913548366300e-03	-6.152273875377028663e-04	-1.296769534697761895e-03	-2.799969524373010533e-03	2.569312024211354737e-04	-4.804495423826135472e-05	-4.369299364045806620e-03	-4.020684351066215089e-05	2.904063192659002597e-03	2.260043089846065366e-04	3.638750814785907963e-05	-5.448840711536448618e-04	-1.240518262514711274e-03	1.672870260982013690e-03	-9.673839083679385844e-05	-6.062255495081311134e-04	-5.385908325511862271e-04	4.723195839126242144e-04	1.321682583714041750e-03	2.727264393642904808e-03	-2.004724524487182762e-05	1.674460221128142609e-04	1.871229028495799114e-03	5.676953248457142166e-05	-9.756249948984479364e-04	-1.496695965146053933e-03	1.480368507367600068e-06	-9.724393020993423050e-05	-1.751529701891816574e-05	-2.230187529851939841e-04	1.008874262954461798e-04	-1.076936906577383982e-04	1.805030009845668283e-05	2.677201353056365973e-03	-1.322662401202821347e-04	-8.756527129641969963e-04	-6.110771070100145825e-04	1.721253876802585243e-03	-7.562240517420503166e-04	-8.745305591768399132e-04	1.260121912810152774e-04	5.240541963762673870e-04	-6.229393325469980564e-04
-8.546481062788187063e-05	-3.328370856366560764e-03	1.518002998480596881e-03	0.000000000000000000e+00	-1.550789123274387126e-03	-8.943688667759588278e-04	5.491806737918233580e-04	1.876770594837531706e-03	-3.085831043859415049e-03	2.980041259810649237e-03	-2.378250139034737438e-04	-9.365824755534355589e-03	-2.595413665817502668e-05	1.229945709160139115e-03	1.176218519988295619e-03	-6.281259959731537706e-04	2.799969524371643571e-03	-3.174207235371368408e-04	1.415241122447215424e-05	5.908522136108054768e-03	-3.092448088982069571e-04	2.594970981788198095e-04	-2.877149704847412927e-03	-2.093184546969675819e-03	1.678761703217609980e-15	-9.941137280158052203e-03	2.623370887110241904e-03	-4.701179653694544585e-05	6.404867691183245906e-04	-5.392354593148800720e-04	2.847745677730170456e-05	4.396633274981972574e-03	-3.591689506335280467e-03	1.552589711590735661e-04	-5.364591495688866623e-04	-9.007655085141850647e-04	-7.237759428050468844e-04	-2.893662893523165150e-03	8.045760051302142113e-03	4.008323765402598557e-04	-2.236951368227460503e-04	3.500262239050616619e-03	7.377516857509795788e-04	2.239268595384318278e-04	-3.172317931260378292e-03	-1.123814292821566092e-04	6.879326306782905564e-04	-2.594263677873191905e-03	3.308219278628717096e-05	-2.336544298000521797e-04	-2.269352741299663669e-03	-3.336464327433114507e-04	7.908582236688070990e-03	7.890632341422631991e-04	-1.772317458340861608e-03	2.882170549186587570e-03	2.198896543553367777e-03	-3.723849256842816867e-04	-2.220716530336559573e-03	3.682769638854459585e-03	3.937647605923236130e-04	-7.871334385503739404e-04	-8.549911920936463690e-04	4.019102136637817688e-04
4.235009715150486872e-04	3.000240102095028116e-04	-1.322035257454313290e-04	1.550789123274387126e-03	0.000000000000000000e+00	-3.244070812687679245e-03	2.093964435063233077e-03	-1.998816538371572197e-04	-1.212172794471339920e-03	1.232611695254815301e-03	7.967528331826437184e-04	-2.731428419824751506e-04	-9.643717274320691164e-04	-6.998198535359223765e-05	6.774394810510563601e-04	-2.198229074700711657e-03	5.448840711518019349e-04	-1.456970490576453732e-03	-8.749606707816839262e-04	7.910990119052005356e-04	2.342976802925828342e-03	-8.969873850424389282e-04	-4.125305129072546822e-04	5.534026049363666849e-03	3.591689506336043745e-03	1.645622734308135686e-04	7.590593989244780572e-06	5.082898514355508462e-03	6.223009249006284174e-05	-2.671872471796728037e-03	-2.926170243762726006e-04	-1.496270593792003100e-04	3.514888575507912893e-15	9.478279207622087102e-04	7.621834118205089454e-04	-6.106119984730565666e-04	-2.277150180312872193e-03	1.548111042274662955e-03	-6.650764454545839317e-04	-3.510067662224300097e-03	-4.483125727808094305e-03	-2.062873337586312996e-05	-4.308759256013223104e-04	-2.235546222091227934e-03	3.707403038327611333e-05	6.109468174645681657e-04	2.562500915841142181e-03	1.155880471086594672e-04	1.659008713428183294e-03	-1.294230670480600402e-04	4.026921787293832487e-04	5.315423984390580878e-04	-8.180956687518510084e-05	2.602299286023936065e-04	-4.697538823125216659e-03	-3.458273390250722243e-05	7.774640909264120790e-04	-9.058047776367072687e-04	3.094801314272539738e-03	-6.472735472494687984e-04	-1.006476726944641274e-03	8.916997428056887319e-04	-1.214691074259409117e-03	-1.835722215832522183e-04
3.230481192820245664e-04	4.273041053636975929e-03	-2.133194745922078160e-03	8.943688667759588278e-04	3.244070812687679245e-03	0.000000000000000000e+00	-3.359025951263027408e-04	-2.371257145770719159e-04	3.385262643909800473e-03	-8.278386400807823120e-03	2.371786186303471208e-03	1.443057405199712345e-02	5.162331595126545250e-05	-4.353059505654470820e-03	3.512585102877179141e-04	2.845112492897593735e-03	-2.727264393643024937e-03	2.624589533724563332e-03	-2.386009538987789755e-04	-6.138637800027968092e-03	-1.886254290568800110e-03	-2.378236996285783408e-04	3.799317507748757074e-03	-2.157583955153992601e-03	2.236951368220701586e-04	1.635184768771189012e-02	-3.169723190595562061e-03	7.550139860539450010e-04	-1.135816585003503534e-03	2.941158580768825099e-04	-2.490397529277029988e-05	-6.578638215061565278e-03	4.483125727811123999e-03	-2.180656888129431869e-04	-1.370018905851048876e-03	-2.431924123239249881e-04	5.958537742027996201e-03	6.521940666647437282e-03	-1.581336898889800641e-02	2.006749465708280479e-03	5.247084505170113156e-15	-6.397177210710090420e-03	-2.103732882694305320e-03	-4.874108393042585500e-04	6.010313532361919939e-03	-5.907115802761061401e-05	-5.076502277586410553e-04	5.058743430683496772e-03	1.804970919718474590e-05	1.173209710649414893e-03	4.709453507300579746e-03	-6.807316981430240756e-06	-1.495347823799377668e-02	1.294066898849674453e-04	1.247464307357438757e-03	-7.479587741149899480e-03	-2.395891490224597280e-03	2.764213499593827852e-03	-1.594863496894535684e-03	-7.022152366215991814e-03	1.845152051358627497e-03	3.679503737043650271e-03	-3.673839413374502955e-03	-2.962076566801632549e-04
-1.236646154133230584e-04	-1.837702844524420967e-03	9.100181525138279154e-04	-5.491806737918233580e-04	-2.093964435063233077e-03	3.359025951263027408e-04	0.000000000000000000e+00	1.219186113963847398e-04	-4.355828549654085875e-04	2.761255374895709748e-03	-2.690440663574037512e-04	-7.855911037285383258e-03	-8.790779668230614156e-05	2.934632083284496873e-03	-1.643002959336721568e-03	-3.827325253162790772e-04	9.724393021188143050e-05	-4.886982718497509103e-04	2.294005778909249927e-04	1.800753496600483814e-03	1.997887797820679424e-04	9.557166441049604576e-04	1.532080557288634736e-04	-1.312419202130054880e-03	-3.308219278403995867e-05	-8.064043632914097773e-03	8.315463061858001945e-04	-3.596981654635838990e-04	7.747590792483166492e-04	1.556373393739278054e-06	1.459031952445857599e-06	3.821341541373593324e-03	-1.659008713431887796e-03	3.666224615818444840e-05	-1.002708462981742675e-05	1.665387923651096740e-03	-2.049780354007970685e-03	-5.665100612755609444e-03	8.861082230489094116e-03	-3.470890839006961475e-04	-1.804970920953567889e-05	2.812781978455016971e-03	2.602879604417016220e-03	-1.611755242236209478e-05	-3.967218072371594614e-03	1.868694435889927839e-04	-4.017519641086683300e-05	-2.905257044747928084e-03	1.914429986066279454e-15	-7.400294844754027332e-04	-2.839562953799249986e-03	2.057595280273511926e-04	8.926821501039306980e-03	-5.059843028067910475e-04	-4.284676542647765547e-06	4.581653174479937210e-03	1.749564589645397506e-03	-3.421812083409596058e-04	-1.824120186347732205e-03	6.707685845407405228e-03	-1.491487357007937318e-04	-3.709606401475802097e-03	3.396578648192399852e-03	-2.349478901091368410e-04
-4.451279561554838588e-04	9.396406509047928969e-04	-3.529960871655052888e-04	-1.876770594837531706e-03	1.998816538371572197e-04	2.371257145770719159e-04	-1.219186113963847398e-04	0.000000000000000000e+00	-9.348915856168522431e-05	1.097413051600988967e-02	-6.323484827012304868e-03	1.473305569277743709e-03	-4.294371431508581531e-04	-1.371195420962960203e-03	1.120394603951043941e-03	-7.850183732334101508e-03	8.756527129562087031e-04	-6.732159285292660736e-03	9.394545908001801482e-05	1.227635152401604281e-03	6.875063995547250374e-03	8.393763918647720442e-05	-1.552826117845999658e-03	1.748099813555450965e-02	-2.198896543555932132e-03	1.482790797909138824e-03	-1.337023762544156192e-04	-4.504899205310214719e-03	-3.835654731740810713e-05	4.831686628357132569e-04	8.901827935027683712e-04	-2.956642115671185406e-04	-7.774640909116933840e-04	3.395887485818931302e-04	5.728146767081327209e-03	-1.107271458610879691e-03	-1.118973632012121994e-02	9.286380520910290492e-04	-2.917683854357299117e-04	-6.482527172159377113e-03	2.395891490232304657e-03	-4.665688652813719398e-04	-3.331883167848216231e-04	2.635995456912230625e-03	2.257917363225160146e-04	-2.535249377098483352e-04	-1.401663248234204500e-03	2.783379972763103897e-04	-1.749564589647066744e-03	-2.447355643369857189e-04	4.383653589473581868e-04	-2.682520970964332894e-04	-6.222670991890629118e-04	-7.341572658247170948e-04	3.669046399680625428e-03	-3.001944584176704069e-04	5.866712823009156974e-15	-6.428118719083466409e-03	1.662583247097589728e-02	-1.905733574347340687e-03	-6.391093365982866009e-03	1.509059659605873922e-03	-2.048135977179711686e-03	5.702035325477322874e-04
8.407910066670814045e-04	2.424967236562547424e-15	-6.943974727245882331e-04	3.085831043859415049e-03	1.212172794471339920e-03	-3.385262643909800473e-03	4.355828549654085875e-04	9.348915856168522431e-05	0.000000000000000000e+00	-3.615066916384242039e-03	1.584285627137170917e-03	-2.510339582359930564e-04	1.032170298089079685e-03	6.842221406224213774e-05	-2.905209547116616186e-05	2.333219270542300459e-03	-3.998837489226771900e-05	2.560366761127784180e-03	6.569009072287908192e-05	6.427704884660621139e-05	-3.788703993724742286e-03	-5.443106637014090421e-04	5.519540115104021229e-04	-5.458839428804060021e-03	3.328370856361294577e-03	-1.040540410543050031e-03	-5.050070700464146575e-04	7.834275680745479004e-03	5.820577915327637859e-04	-2.882684027459562343e-03	-7.704356944377272441e-04	7.511760510334798430e-04	-3.000240102047264132e-04	-5.746736664289762856e-04	-1.288665191237081328e-03	-9.035209196285912646e-05	3.743124180917956848e-03	1.892290711561046227e-04	-2.000202912938037203e-04	2.344639560819134112e-03	-4.273041053631323333e-03	2.064084523554220695e-03	-1.412836917806861974e-03	-4.848854545014946033e-03	2.798183696115757579e-04	1.093271340247294141e-03	1.904918651398075907e-03	-8.020480752626536151e-04	1.837702844523148114e-03	-8.693300955101282076e-04	1.181291374873486314e-03	1.575779280848167881e-04	-5.566359627262261987e-04	2.092580094246723407e-03	-5.322834825184714208e-03	8.183806765337402244e-04	-9.396406508967454062e-04	1.095462105281783572e-04	-2.371455001867279078e-03	-3.498118978813608438e-04	9.053065491071371831e-04	1.741171058564075155e-04	4.563791033419085192e-05	5.079444247826074999e-04
-6.783523567030188064e-05	3.615066916377876471e-03	-9.294232452450236926e-04	-2.980041259810649237e-03	-1.232611695254815301e-03	8.278386400807823120e-03	-2.761255374895709748e-03	-1.097413051600988967e-02	3.615066916384242039e-03	0.000000000000000000e+00	-2.102761766182319387e-04	2.797066763450500697e-03	-3.107033594565884738e-04	5.127053058411117428e-03	-2.938859312821140782e-03	-1.137200288487843309e-03	-9.294232452528880615e-04	-2.102761766066685431e-04	-3.729041254301248567e-04	1.385342102309060439e-03	1.221693362180127510e-03	-1.397178632174360738e-02	4.625199994271304155e-03	3.090197205668630386e-03	-2.980041259809985271e-03	2.797066763444552330e-03	1.385342102310311609e-03	-4.857959169752800593e-03	-1.673437668923676925e-03	3.037864242044040555e-03	1.754347607416714542e-04	-5.053441341936130982e-03	-1.232611695245044471e-03	-3.107033594609352571e-04	1.221693362189726385e-03	-1.673437668924450394e-03	-1.688824344425827496e-03	5.411010387511980789e-03	-3.292388988641877824e-03	-1.065495544230766426e-03	8.278386400797890093e-03	5.127053058399334319e-03	-1.397178632171658733e-02	3.037864242042895638e-03	5.411010387496893899e-03	9.032497080937025536e-05	-3.321830132548332995e-03	-2.688149245470733721e-04	-2.761255374892143157e-03	-2.938859312812451552e-03	4.625199994248487337e-03	1.754347607408728038e-04	-3.292388988612901871e-03	-3.321830132546730544e-03	4.695196558249290983e-03	4.486935992249788466e-03	-1.097413051600868925e-02	-1.137200288492572816e-03	3.090197205694239675e-03	-5.053441341937924686e-03	-1.065495544235167420e-03	-2.688149245476108111e-04	4.486935992249254171e-03	2.907544894713094599e-04
2.402130207553753631e-05	-2.560366761124428792e-03	1.937837920133651977e-03	2.378250139034737438e-04	-7.967528331826437184e-04	-2.371786186303471208e-03	2.690440663574037512e-04	6.323484827012304868e-03	-1.584285627137170917e-03	2.102761766182319387e-04	0.000000000000000000e+00	-2.654546126635979513e-04	1.891967744573778759e-04	-2.340389840174512438e-03	9.417931524524609339e-04	5.300832106228832701e-04	-4.811098015830298966e-05	-5.906225215932675576e-15	2.184518428756924047e-04	-1.745183211682910978e-03	-7.084597070060697247e-04	7.238421272423809297e-03	-1.580881127829977199e-03	-1.299435649743286778e-03	3.174207235431965551e-04	-8.621131516213296044e-04	2.077815731872646038e-03	-4.852569240367650633e-04	-7.971009578063427241e-04	-4.982722176778526472e-04	1.822696362266075162e-04	1.401656601458756320e-03	1.456970490569695683e-03	2.415063998880803329e-05	-5.572756576696655598e-04	1.595779174846855388e-03	8.367188368665267814e-04	-3.335837334657445336e-03	1.633183408714702564e-03	4.709862216319351961e-04	-2.624589533719926850e-03	-5.033294578820672605e-03	7.291672967289001411e-03	-8.960376269138148331e-04	-1.700522262935549303e-03	1.875555386552733015e-04	2.673550838560342490e-04	2.051064909785838691e-03	4.886982718405830052e-04	3.133345507470130641e-03	-3.232734064541234464e-03	3.594593216257874332e-04	5.793028185133678332e-04	3.361086665578170811e-04	6.848203933391337718e-04	-5.920177102146630121e-03	6.732159285289565122e-03	1.595248148717559817e-04	-1.659845620964494738e-03	3.724205192889500343e-03	6.158045986909856367e-04	-7.551728477984471404e-04	-1.663131485517824280e-03	-8.531951002259209930e-05
6.280882572065444279e-04	1.040540410568347937e-03	-1.072092408705179693e-03	9.365824755534355589e-03	2.731428419824751506e-04	-1.443057405199712345e-02	7.855911037285383258e-03	-1.473305569277743709e-03	2.510339582359930564e-04	-2.797066763450500697e-03	2.654546126635979513e-04	0.000000000000000000e+00	2.664302672779334641e-04	-3.073420220084830887e-04	2.602762162990443625e-04	5.941770611684918076e-04	-2.569312024254896297e-04	8.621131516273996187e-04	-5.860444191906949343e-04	1.130585729242249219e-04	3.274893366258316285e-04	-1.334807217178452226e-03	7.977082562973725937e-04	1.720222597132926856e-03	9.941137280149463587e-03	3.234966548110174145e-14	-1.262287080559665233e-03	2.491101354373504578e-02	4.471856603605550381e-04	-9.872224281908956872e-03	-2.296583523518134595e-04	1.745037994194814646e-04	-1.645622734223599359e-04	-5.770406724395045418e-05	7.453419579055251421e-04	-3.379462542916822137e-04	7.198479528128823258e-04	1.074689362229208633e-03	-1.292623422910197653e-03	1.427484428015641290e-04	-1.635184768768943586e-02	7.751263270384094878e-04	-1.183121803716196763e-03	-9.809273936125597476e-03	5.414677496859924416e-04	1.341337332717710325e-04	9.253334942819772119e-03	-1.351083727554587641e-04	8.064043632903229730e-03	-1.061054717805720322e-03	2.007949511976135290e-03	-3.195366607312301300e-04	-9.040099425628118695e-04	9.014660987207677445e-03	-2.132164824990076535e-02	7.783487115767429455e-04	-1.482790797901735458e-03	2.167988224039449189e-04	4.374567268366770859e-03	-1.527135159940508748e-03	-1.277040769399978961e-03	1.171679920870447728e-03	-9.900974467980749958e-04	-2.972842796946807004e-04
-2.147610181743457353e-04	5.746736664264959563e-04	-7.190087275989994267e-04	2.595413665817502668e-05	9.643717274320691164e-04	-5.162331595126545250e-05	8.790779668230614156e-05	4.294371431508581531e-04	-1.032170298089079685e-03	3.107033594565884738e-04	-1.891967744573778759e-04	-2.664302672779334641e-04	0.000000000000000000e+00	-9.647928250433039817e-04	1.234183684760202342e-03	-1.549027134287644719e-04	1.240518262515049545e-03	-2.415063998492635912e-05	-4.349908530702047886e-05	1.071593918187815084e-03	1.844930914729840915e-04	4.871610453460161199e-04	-1.846121916920033870e-03	-3.223781645005657933e-06	-1.552589711607795040e-04	5.770406723500983847e-05	-1.282325196658994169e-03	-4.088490078636602184e-04	1.252944524085175190e-03	5.453846567536667442e-05	-2.048994940879169063e-04	1.638074154725125287e-03	-9.478279207618913642e-04	-7.038352512573828323e-16	1.521076534281834544e-04	-9.664874616816457450e-04	-3.072842579130399452e-04	8.044540986139167484e-04	2.304214871483011040e-04	-3.344681776756322467e-05	2.180656888109280616e-04	1.139152995470203277e-03	-1.201074387739456103e-04	4.056046212666186094e-04	-1.070004753569140515e-03	1.565102749623039605e-04	5.714368600253983993e-06	-1.590363497650410917e-03	-3.666224615056599013e-05	-9.630255857166063497e-04	9.917725795947386624e-04	-3.247899445458749153e-04	3.901925583942061795e-04	-1.273075674714527553e-05	-2.634447741247556384e-05	1.579358109407093518e-03	-3.395887485793876474e-04	-2.685287760332630015e-05	4.865431384033023078e-04	-1.531130967626148816e-03	-3.126051087984100391e-04	9.145971778042262697e-04	-9.213456036223276408e-04	-3.205231623752026465e-05
1.783534751771433655e-04	-2.064084523567292703e-03	9.399162937790692725e-04	-1.229945709160139115e-03	6.998198535359223765e-05	4.353059505654470820e-03	-2.934632083284496873e-03	1.371195420962960203e-03	-6.842221406224213774e-05	-5.127053058411117428e-03	2.340389840174512438e-03	3.073420220084830887e-04	9.647928250433039817e-04	0.000000000000000000e+00	-1.196544711824522301e-04	4.155950536719859797e-03	2.004724524882621787e-05	5.033294578828267224e-03	-1.900454163496225445e-04	-4.857807881921716330e-04	-3.717934153068664510e-03	9.803644112753406685e-04	-3.241547388394707243e-04	-9.998579793283373512e-03	-3.500262239049319046e-03	-7.751263270522207056e-04	1.008457968091664922e-03	-7.683586217804350138e-03	-7.455481117337441760e-04	3.184715385566796661e-03	3.331700929932196074e-04	-5.724655976619377100e-04	2.062873337295901313e-05	-1.139152995468880551e-03	-2.139080693847057735e-03	2.129373444667830983e-04	4.016774263025669686e-03	-7.423213788086609763e-04	8.217772503371436905e-04	3.536548516990476940e-03	6.397177210701134042e-03	-3.060804376880249533e-15	-2.077104141646640462e-04	2.770493936997560011e-03	1.400281956905536111e-03	9.509008045283406148e-04	-5.498930057165315848e-03	6.357884209705781447e-04	-2.812781978450795521e-03	1.028143619692332197e-03	-1.156715785902766910e-03	-6.820770003291448148e-04	-2.367918599935504159e-04	-2.588217774169413767e-03	7.236120262032063113e-03	-9.147417182623646809e-04	4.665688652806287734e-04	2.642363215923932383e-03	-7.612519729069448793e-03	4.013534297222652223e-04	9.993741344619423705e-04	-5.945361109754689413e-04	8.048373246148097290e-04	-8.442228499819714668e-04
-4.509263659098028225e-04	8.693300955133376629e-04	-4.855841665367902494e-05	-1.176218519988295619e-03	-6.774394810510563601e-04	-3.512585102877179141e-04	1.643002959336721568e-03	-1.120394603951043941e-03	2.905209547116616186e-05	2.938859312821140782e-03	-9.417931524524609339e-04	-2.602762162990443625e-04	-1.234183684760202342e-03	1.196544711824522301e-04	0.000000000000000000e+00	-2.275861632270588433e-03	1.751529701763545970e-05	-3.133345507474745439e-03	-8.640635299939696478e-05	2.443521361110529105e-04	3.283632859814717558e-03	-2.750112644930830072e-04	-5.493866877660468742e-05	5.667912820863800320e-03	2.336544298026204378e-04	1.061054717801492367e-03	-7.707202639955469062e-04	-1.360754126679954927e-04	4.194689705465266127e-05	2.917842183391654970e-05	6.110051290305054325e-04	-7.043947475670717280e-04	1.294230670457196001e-04	9.630255857159244950e-04	9.797629296248036926e-04	-5.357337200929836971e-06	-2.469258300488583018e-03	1.738480325746590276e-04	-2.823266547715327359e-04	-2.112234485527105660e-03	-1.173209710648806005e-03	-1.028143619686003492e-03	1.242684761281696078e-03	1.185704307578949604e-03	-7.462922995446208407e-04	-1.494729572175102199e-03	2.016992827350969422e-03	1.178181915463014871e-04	7.400294844736273522e-04	-3.482186327480318866e-16	-5.943579443628048626e-04	7.263884723777830604e-04	6.081662133289725877e-04	2.254108684757412449e-04	-1.224160983340444190e-03	5.359443443798540645e-04	2.447355643308170964e-04	-1.869818185538099837e-04	2.543464076377748365e-03	1.720585043732127356e-04	2.678671611606309308e-04	4.468429575319693794e-05	-3.478476083310167236e-04	1.959489021243714221e-04
-1.794568394337534218e-06	-1.095462105299203448e-04	-1.240304220570367759e-03	6.281259959731537706e-04	2.198229074700711657e-03	-2.845112492897593735e-03	3.827325253162790772e-04	7.850183732334101508e-03	-2.333219270542300459e-03	1.137200288487843309e-03	-5.300832106228832701e-04	-5.941770611684918076e-04	1.549027134287644719e-04	-4.155950536719859797e-03	2.275861632270588433e-03	0.000000000000000000e+00	6.110771070140675471e-04	-1.595248148738391677e-04	2.649430257747705702e-04	-1.663982977402001613e-03	-4.068026371655472651e-04	9.653861575225613362e-03	-3.733068612794406341e-03	-1.142832825010002464e-03	3.723849256807266962e-04	-2.167988224151134210e-04	-2.708081128146716532e-03	-1.163027454259764858e-03	3.317558204866237655e-03	-2.196699365508071762e-04	-4.073721900474339824e-04	6.780245852730159770e-03	9.058047776316485982e-04	2.685287760367013454e-05	-2.498095765929492012e-04	9.654562324019667647e-04	3.888600075620062381e-04	-2.833123165308232272e-03	1.521993757235960698e-03	3.754413910032115918e-04	-2.764213499591774374e-03	-2.642363215912467596e-03	8.766174530630069239e-03	-9.135413454155691133e-06	-5.957543064276536390e-03	-8.924568301672519937e-05	7.804913405439293378e-04	-1.945892748995267998e-03	3.421812083495075641e-04	1.869818185475632445e-04	1.966435417062814832e-05	-3.770432578527173426e-04	1.836560558532945257e-03	5.199298329905364946e-04	6.674064107309023598e-04	-1.497805457231219523e-03	6.428118719087249841e-03	-7.995313395722791761e-17	-5.147592939907908545e-04	2.155859545531524889e-03	1.157471435228746981e-04	6.639709149699715880e-04	-2.364842569076032203e-03	-1.184619772969636414e-04
-7.765933224678463805e-04	6.943974727227991911e-04	-7.229264209764291009e-16	-2.799969524371643571e-03	-5.448840711518019349e-04	2.727264393643024937e-03	-9.724393021188143050e-05	-8.756527129562087031e-04	3.998837489226771900e-05	9.294232452528880615e-04	4.811098015830298966e-05	2.569312024254896297e-04	-1.240518262515049545e-03	-2.004724524882621787e-05	-1.751529701763545970e-05	-6.110771070140675471e-04	0.000000000000000000e+00	-1.937837920139180757e-03	6.578734114100805988e-04	-4.804495424202308903e-05	1.672870260984568938e-03	1.674460221207999520e-04	-2.230187529879377475e-04	1.721253876806825124e-03	-1.518002998479810618e-03	1.072092408698757313e-03	-5.880119100058159732e-04	-4.369299364041556548e-03	-9.673839083581857793e-05	1.871229028493660417e-03	1.008874262970980431e-04	-7.562240517381656202e-04	1.322035257451024634e-04	7.190087276003340796e-04	-4.344311574816327572e-04	-4.020684350984833519e-05	-6.062255495127808229e-04	5.676953248021004902e-05	-1.076936906533011246e-04	-8.745305591786245100e-04	2.133194745922350512e-03	-9.399162937770929888e-04	1.129213913546207437e-03	2.904063192655932570e-03	-5.385908325507052750e-04	-9.756249948961446573e-04	1.805030009369376913e-05	1.260121912826301423e-04	-9.100181525177003603e-04	4.855841665484780844e-05	-6.152273875359233653e-04	2.260043089858780889e-04	4.723195839111775634e-04	-1.496695965151342237e-03	2.677201353069176906e-03	5.240541963691165315e-04	3.529960871627804719e-04	1.240304220567940230e-03	-1.296769534690932505e-03	3.638750814416727636e-05	1.321682583711625714e-03	1.480368507253367510e-06	-1.322662401162218518e-04	-6.229393325466744220e-04
2.402130207100018410e-05	-1.584285627133361248e-03	-4.811098016346243675e-05	3.174207235371368408e-04	1.456970490576453732e-03	-2.624589533724563332e-03	4.886982718497509103e-04	6.732159285292660736e-03	-2.560366761127784180e-03	2.102761766066685431e-04	5.906225215932675576e-15	-8.621131516273996187e-04	2.415063998492635912e-05	-5.033294578828267224e-03	3.133345507474745439e-03	1.595248148738391677e-04	1.937837920139180757e-03	0.000000000000000000e+00	2.184518428713289788e-04	2.077815731876474573e-03	-5.572756576613599206e-04	7.291672967304901019e-03	-3.232734064554007233e-03	-1.659845620958153023e-03	2.378250139043042426e-04	-2.654546126683634535e-04	-1.745183211682333532e-03	-4.852569240419920020e-04	1.595779174848816710e-03	-8.960376269082264214e-04	3.594593216221895083e-04	3.724205192895093525e-03	-7.967528331918429570e-04	1.891967744592695376e-04	-7.084597070060696163e-04	-7.971009578057077069e-04	8.367188368571365064e-04	-1.700522262947024715e-03	5.793028185341671677e-04	6.158045986863923058e-04	-2.371786186307222981e-03	-2.340389840163806592e-03	7.238421272408717203e-03	-4.982722176767307148e-04	-3.335837334653316694e-03	1.875555386486190378e-04	3.361086665753326925e-04	-7.551728478040055197e-04	2.690440663682215411e-04	9.417931524436423587e-04	-1.580881127817001684e-03	1.822696362306436486e-04	1.633183408704019270e-03	2.673550838620429517e-04	6.848203933107147728e-04	-1.663131485511055389e-03	6.323484827012525178e-03	5.300832106292830987e-04	-1.299435649756790516e-03	1.401656601464544225e-03	4.709862216349383277e-04	2.051064909784499485e-03	-5.920177102145908477e-03	-8.531951002187044078e-05
7.623374100730078069e-05	-6.569009072511503206e-05	-6.578734114075415057e-04	-1.415241122447215424e-05	8.749606707816839262e-04	2.386009538987789755e-04	-2.294005778909249927e-04	-9.394545908001801482e-05	-6.569009072287908192e-05	3.729041254301248567e-04	-2.184518428756924047e-04	5.860444191906949343e-04	4.349908530702047886e-05	1.900454163496225445e-04	8.640635299939696478e-05	-2.649430257747705702e-04	-6.578734114100805988e-04	-2.184518428713289788e-04	0.000000000000000000e+00	-1.406844242193220750e-03	2.786985598373372622e-04	7.450891719971410249e-04	-9.543462285928150466e-04	7.252121884217819017e-04	-1.415241122840291905e-05	5.860444191882494078e-04	-1.406844242187664865e-03	-8.917933298855111515e-04	3.869666313439448779e-04	6.954780363886351856e-04	-5.904097755992118810e-04	-1.108797198500413930e-03	8.749606707837790385e-04	4.349908530442174112e-05	2.786985598399455274e-04	3.869666313453336325e-04	-5.343140125237564805e-04	1.172204189685883578e-04	4.284889327544336764e-04	-2.997631085418942052e-04	2.386009539035780880e-04	1.900454163480372240e-04	7.450891719949395524e-04	6.954780363929073759e-04	1.172204189695941044e-04	-3.879776659874449498e-04	2.304847892727364259e-04	4.645862857494528677e-04	-2.294005778929716953e-04	8.640635300057511307e-05	-9.543462285920769218e-04	-5.904097756021570078e-04	4.284889327532253331e-04	2.304847892769506384e-04	6.296588548304938335e-05	8.625778131511820275e-04	-9.394545908406428444e-05	-2.649430257786255594e-04	7.252121884301892391e-04	-1.108797198503603653e-03	-2.997631085460916397e-04	4.645862857490365341e-04	8.625778131545885907e-04	1.443319909412249210e-04
-1.349042545918579389e-03	5.050070700379623257e-04	5.880119100069207752e-04	-5.908522136108054768e-03	-7.910990119052005356e-04	6.138637800027968092e-03	-1.800753496600483814e-03	-1.227635152401604281e-03	-6.427704884660621139e-05	-1.385342102309060439e-03	1.745183211682910978e-03	-1.130585729242249219e-04	-1.071593918187815084e-03	4.857807881921716330e-04	-2.443521361110529105e-04	1.663982977402001613e-03	4.804495424202308903e-05	-2.077815731876474573e-03	1.406844242193220750e-03	0.000000000000000000e+00	-1.594697380068993160e-03	-4.528836866055877680e-05	-9.257896252295929208e-05	-4.039940247907628998e-03	-2.623370887101230016e-03	1.262287080538703268e-03	3.319129097002077033e-15	-7.929237485975466904e-03	-6.932538160391871901e-04	4.465428433263661512e-03	-1.380269496945477981e-03	-2.632429052631730070e-03	-7.590593990129740267e-06	1.282325196663742324e-03	-2.866716137744196313e-03	5.331003310458067089e-05	4.187164669876872886e-03	-2.940536153474118718e-04	4.713619710417877250e-04	1.952009849669723461e-03	3.169723190577161849e-03	-1.008457968089979204e-03	1.632337121689606072e-03	3.147411715207429871e-03	-6.959554485494064396e-04	-1.859644025434010507e-03	1.921074256922444736e-03	6.967882089671181833e-04	-8.315463061811057075e-04	7.707202639973249978e-04	-2.466499847548677543e-03	1.016155712439172250e-03	1.202089503542642414e-03	-2.058886989616861771e-03	3.041539384043091820e-03	-6.219034377822568011e-05	1.337023762569059231e-04	2.708081128151529522e-03	-8.473523552630960257e-03	2.272098544286950861e-04	6.076307621178269822e-03	-4.441154123999105797e-04	4.173320598034820669e-04	8.692449733634986624e-04
2.766410767463849596e-04	1.288665191239261876e-03	4.344311574824320852e-04	3.092448088982069571e-04	-2.342976802925828342e-03	1.886254290568800110e-03	-1.997887797820679424e-04	-6.875063995547250374e-03	3.788703993724742286e-03	-1.221693362180127510e-03	7.084597070060697247e-04	-3.274893366258316285e-04	-1.844930914729840915e-04	3.717934153068664510e-03	-3.283632859814717558e-03	4.068026371655472651e-04	-1.672870260984568938e-03	5.572756576613599206e-04	-2.786985598373372622e-04	1.594697380068993160e-03	0.000000000000000000e+00	-9.150704384630852298e-03	6.869586882416758161e-03	-6.585479518058566734e-05	5.364591495696445196e-04	-7.453419578930217974e-04	2.866716137731509413e-03	2.875495298015766192e-03	-2.071829619800888856e-03	-3.462098062756975656e-04	2.329512627275578756e-04	-2.572880680827626526e-03	-7.621834118159737277e-04	-1.521076534239670193e-04	-3.357232027101364480e-15	1.322631958302559595e-04	3.883719717807118752e-04	1.262585359066949880e-03	-2.607434659223869123e-03	-2.256940234629767035e-05	1.370018905849767349e-03	2.139080693837642523e-03	-7.987097467443193821e-03	-8.010428730612419732e-04	3.799981753105926598e-03	1.789546696807939406e-04	-3.361283127888883143e-04	7.369715059617444001e-04	1.002708462382986604e-05	-9.797629296179864462e-04	2.873340848740977942e-03	3.554735289159656345e-04	-2.703692882328229304e-03	-3.163467457422396178e-04	-9.913148442126725086e-04	8.195299555024270106e-04	-5.728146767078917678e-03	2.498095765983367644e-04	-3.676186140005160150e-04	1.557404466465894637e-03	1.965957831164873583e-04	-1.729611453810345027e-03	2.098730583389663874e-03	-2.434497744492742342e-04
4.710727506194234480e-04	1.412836917814467002e-03	-1.129213913548366300e-03	-2.594970981788198095e-04	8.969873850424389282e-04	2.378236996285783408e-04	-9.557166441049604576e-04	-8.393763918647720442e-05	5.443106637014090421e-04	1.397178632174360738e-02	-7.238421272423809297e-03	1.334807217178452226e-03	-4.871610453460161199e-04	-9.803644112753406685e-04	2.750112644930830072e-04	-9.653861575225613362e-03	-1.674460221207999520e-04	-7.291672967304901019e-03	-7.450891719971410249e-04	4.528836866055877680e-05	9.150704384630852298e-03	0.000000000000000000e+00	2.265453478418090472e-05	2.265449096627176681e-02	-7.377516857660521574e-04	1.183121803703720198e-03	-1.632337121678427948e-03	-2.680638533900362233e-03	1.157791580779875609e-03	-1.490466286877237972e-04	9.193494895518414169e-04	1.823828636633736608e-03	4.308759256029937707e-04	1.201074387745619521e-04	7.987097467464194384e-03	-9.588066444389100403e-05	-1.512669636666189033e-02	8.174703300372653577e-04	-1.459365667561286859e-03	-1.005517618490306408e-02	2.103732882725296155e-03	2.077104141893869457e-04	-2.824108134846792240e-14	1.931051889123706553e-03	-6.138887715420140220e-04	9.553404607523588443e-04	-3.280715942909110620e-03	-1.151232679251112468e-03	-2.602879604426258826e-03	-1.242684761294344381e-03	1.643601933834358108e-03	-2.179019487829070571e-04	-6.219977900840014794e-04	-2.966066803059150270e-03	6.545195043357744658e-03	1.645208163678512150e-03	3.331883167707881980e-04	-8.766174530645015617e-03	2.275462787393090630e-02	-1.144616862872176074e-04	-9.970817488658231809e-03	8.307041666800163947e-04	-1.187440866724267120e-03	-5.355814196064481465e-04
5.207282626830061307e-04	-1.181291374873247139e-03	6.152273875377028663e-04	2.877149704847412927e-03	4.125305129072546822e-04	-3.799317507748757074e-03	-1.532080557288634736e-04	1.552826117845999658e-03	-5.519540115104021229e-04	-4.625199994271304155e-03	1.580881127829977199e-03	-7.977082562973725937e-04	1.846121916920033870e-03	3.241547388394707243e-04	5.493866877660468742e-05	3.733068612794406341e-03	2.230187529879377475e-04	3.232734064554007233e-03	9.543462285928150466e-04	9.257896252295929208e-05	-6.869586882416758161e-03	-2.265453478418090472e-05	0.000000000000000000e+00	-9.272132086233751680e-03	2.269352741307552324e-03	-2.007949511964068554e-03	2.466499847544991256e-03	7.662765301948900980e-03	-6.082163729412259348e-04	-2.657773834879265107e-03	-1.228905946669612030e-03	-5.037482133022615032e-05	-4.026921787274693608e-04	-9.917725795944602393e-04	-2.873340848756246978e-03	-1.139117814877502047e-04	7.249409722147855464e-03	-2.364142822345067650e-04	8.758352192299682102e-04	4.818925786448637928e-03	-4.709453507319814360e-03	1.156715785892269664e-03	-1.643601933810688673e-03	-6.252508838865803581e-03	5.912691439239028046e-04	9.634313772124257361e-04	3.224515576125941505e-03	5.765402929340346198e-04	2.839562953812336740e-03	5.943579443633917412e-04	-5.184275318065312277e-15	5.048955765258522285e-04	-3.398686374270622028e-04	3.530979066645735000e-03	-7.836799555053322944e-03	-2.471744132978933098e-03	-4.383653589317773342e-04	-1.966435415822885991e-05	-6.103342693050881757e-03	-4.253197835980283273e-04	3.044840866187656370e-03	-9.649359523658220450e-05	4.491135439001805985e-04	1.454707195937721522e-03
2.491967736118164568e-04	2.371455001869630496e-03	1.296769534697761895e-03	2.093184546969675819e-03	-5.534026049363666849e-03	2.157583955153992601e-03	1.312419202130054880e-03	-1.748099813555450965e-02	5.458839428804060021e-03	-3.090197205668630386e-03	1.299435649743286778e-03	-1.720222597132926856e-03	3.223781645005657933e-06	9.998579793283373512e-03	-5.667912820863800320e-03	1.142832825010002464e-03	-1.721253876806825124e-03	1.659845620958153023e-03	-7.252121884217819017e-04	4.039940247907628998e-03	6.585479518058566734e-05	-2.265449096627176681e-02	9.272132086233751680e-03	0.000000000000000000e+00	2.220716530341088069e-03	-4.374567268331252395e-03	8.473523552612858417e-03	1.007450653579057900e-02	-5.338447071444669262e-03	-1.722428891444401609e-03	-1.094794766001213205e-04	-7.478531832417959282e-03	-3.094801314258072145e-03	-4.865431384023715744e-04	3.676186139851294514e-04	-1.981983893369240659e-03	1.059114051620645527e-04	6.064785046190058343e-03	-1.583219777313987775e-03	1.478531156972409406e-04	1.594863496898993489e-03	7.612519729034345796e-03	-2.275462787388267405e-02	-2.623615529346575402e-03	9.821890080630366754e-03	-5.182324939072449041e-05	1.464744750175408367e-03	1.889038675297688430e-03	1.824120186324688572e-03	-2.543464076355657529e-03	6.103342693017694762e-03	6.781223881262290966e-05	-3.750311862121200480e-03	2.219979380664118679e-03	-8.902304427460205893e-03	3.058722626543331803e-03	-1.662583247096875716e-02	5.147592939897247585e-04	-4.327613300266625052e-15	-3.773173462106022176e-03	-3.052449157207934435e-04	-1.993396656724459679e-03	7.547099395831333678e-03	-3.251223215672031583e-04
-8.546481062801059253e-05	-3.085831043863844665e-03	2.799969524373010533e-03	-1.678761703217609980e-15	-3.591689506336043745e-03	-2.236951368220701586e-04	3.308219278403995867e-05	2.198896543555932132e-03	-3.328370856361294577e-03	2.980041259809985271e-03	-3.174207235431965551e-04	-9.941137280149463587e-03	1.552589711607795040e-04	3.500262239049319046e-03	-2.336544298026204378e-04	-3.723849256807266962e-04	1.518002998479810618e-03	-2.378250139043042426e-04	1.415241122840291905e-05	2.623370887101230016e-03	-5.364591495696445196e-04	7.377516857660521574e-04	-2.269352741307552324e-03	-2.220716530341088069e-03	0.000000000000000000e+00	-9.365824755549794628e-03	5.908522136117254006e-03	-4.701179654398649193e-05	-9.007655085177348510e-04	2.239268595445543988e-04	-3.336464327463859228e-04	3.682769638852523633e-03	-1.550789123278621152e-03	-2.595413665602721540e-05	-3.092448089038724555e-04	6.404867691239720913e-04	-7.237759428005332424e-04	-3.172317931274461211e-03	7.908582236707708060e-03	3.937647605966196557e-04	-8.943688667708408514e-04	1.229945709165265657e-03	2.594970981672741948e-04	-5.392354593102639728e-04	-2.893662893518172616e-03	-1.123814292845279084e-04	7.890632341394282273e-04	-7.871334385464968334e-04	5.491806737896639526e-04	1.176218519989583218e-03	-2.877149704846319617e-03	2.847745677640773243e-05	8.045760051302107418e-03	6.879326306787642443e-04	-1.772317458332703420e-03	-8.549911920985788383e-04	1.876770594829331451e-03	-6.281259959666432450e-04	-2.093184546973539915e-03	4.396633274986223514e-03	4.008323765417642404e-04	-2.594263677882777987e-03	2.882170549203234410e-03	4.019102136608054170e-04
6.280882572062634027e-04	2.510339582305041745e-04	-2.569312024211354737e-04	9.941137280158052203e-03	-1.645622734308135686e-04	-1.635184768771189012e-02	8.064043632914097773e-03	-1.482790797909138824e-03	1.040540410543050031e-03	-2.797066763444552330e-03	8.621131516213296044e-04	-3.234966548110174145e-14	-5.770406723500983847e-05	7.751263270522207056e-04	-1.061054717801492367e-03	2.167988224151134210e-04	-1.072092408698757313e-03	2.654546126683634535e-04	-5.860444191882494078e-04	-1.262287080538703268e-03	7.453419578930217974e-04	-1.183121803703720198e-03	2.007949511964068554e-03	4.374567268331252395e-03	9.365824755549794628e-03	0.000000000000000000e+00	1.130585729069628377e-04	2.491101354375876292e-02	-3.379462542816874960e-04	-9.809273936132956173e-03	-3.195366607353199032e-04	-1.527135159939475503e-03	2.731428419853766925e-04	2.664302672727951590e-04	3.274893366281032489e-04	4.471856603624851348e-04	7.198479528133568811e-04	5.414677496668867393e-04	-9.040099425312715610e-04	-1.277040769384055283e-03	-1.443057405203368795e-02	-3.073420220136355427e-04	-1.334807217142343523e-03	-9.872224281924264072e-03	1.074689362202942535e-03	1.341337332684867673e-04	9.014660987227467170e-03	1.171679920862128427e-03	7.855911037302914374e-03	2.602762163023606117e-04	7.977082562721324755e-04	-2.296583523508780641e-04	-1.292623422859260750e-03	9.253334942838736116e-03	-2.132164824993657004e-02	-9.900974467723236763e-04	-1.473305569228316233e-03	5.941770611603677723e-04	1.720222597140973154e-03	1.745037994509249539e-04	1.427484427894992085e-04	-1.351083727642689910e-04	7.783487115656550267e-04	-2.972842796939220841e-04
-1.349042545919624993e-03	-6.427704883970461404e-05	4.804495423826135472e-05	-2.623370887110241904e-03	-7.590593989244780572e-06	3.169723190595562061e-03	-8.315463061858001945e-04	1.337023762544156192e-04	5.050070700464146575e-04	-1.385342102310311609e-03	-2.077815731872646038e-03	1.262287080559665233e-03	1.282325196658994169e-03	-1.008457968091664922e-03	7.707202639955469062e-04	2.708081128146716532e-03	5.880119100058159732e-04	1.745183211682333532e-03	1.406844242187664865e-03	-3.319129097002077033e-15	-2.866716137731509413e-03	1.632337121678427948e-03	-2.466499847544991256e-03	-8.473523552612858417e-03	-5.908522136117254006e-03	-1.130585729069628377e-04	0.000000000000000000e+00	-7.929237486000249163e-03	5.331003309980095883e-05	3.147411715218955373e-03	1.016155712436705039e-03	2.272098544188235879e-04	-7.910990119057450219e-04	-1.071593918189479768e-03	-1.594697380061466411e-03	-6.932538160383421629e-04	4.187164669866691794e-03	-6.959554485402869983e-04	1.202089503528440666e-03	6.076307621172631103e-03	6.138637800043037634e-03	4.857807881905225073e-04	-4.528836867211898760e-05	4.465428433274567718e-03	-2.940536153365110863e-04	-1.859644025436766115e-03	-2.058886989616457146e-03	-4.441154123926713618e-04	-1.800753496606333302e-03	-2.443521361115435662e-04	-9.257896251382656929e-05	-1.380269496948037782e-03	4.713619710199442496e-04	1.921074256918064776e-03	3.041539384045476198e-03	4.173320597889286043e-04	-1.227635152423323453e-03	1.663982977398172861e-03	-4.039940247893145792e-03	-2.632429052636629796e-03	1.952009849665497457e-03	6.967882089671357474e-04	-6.219034377059080973e-05	8.692449733641285838e-04
-3.675070068839139475e-05	-7.834275680758270854e-03	4.369299364045806620e-03	4.701179653694544585e-05	-5.082898514355508462e-03	-7.550139860539450010e-04	3.596981654635838990e-04	4.504899205310214719e-03	-7.834275680745479004e-03	4.857959169752800593e-03	4.852569240367650633e-04	-2.491101354373504578e-02	4.088490078636602184e-04	7.683586217804350138e-03	1.360754126679954927e-04	1.163027454259764858e-03	4.369299364041556548e-03	4.852569240419920020e-04	8.917933298855111515e-04	7.929237485975466904e-03	-2.875495298015766192e-03	2.680638533900362233e-03	-7.662765301948900980e-03	-1.007450653579057900e-02	4.701179654398649193e-05	-2.491101354375876292e-02	7.929237486000249163e-03	0.000000000000000000e+00	5.956864152802629790e-04	-2.378837623280813428e-04	-4.209857223450588987e-04	9.844073041582090261e-03	-5.082898514362013676e-03	4.088490078604141171e-04	-2.875495298012001842e-03	5.956864152977779398e-04	-4.113251852561022436e-05	-8.253200214256069950e-03	2.171750593329151852e-02	2.212144438547529110e-03	-7.550139860461693199e-04	7.683586217812986459e-03	2.680638533859688605e-03	-2.378837623297931896e-04	-8.253200214221710282e-03	-3.668299320814045659e-04	1.583911509413534922e-03	-5.257255954080298013e-03	3.596981654650615039e-04	1.360754126761714341e-04	-7.662765301943225832e-03	-4.209857223405308367e-04	2.171750593325808693e-02	1.583911509414544314e-03	-3.876303901110248265e-03	5.678017085681439854e-03	4.504899205299221776e-03	1.163027454245420863e-03	-1.007450653576487387e-02	9.844073041604124719e-03	2.212144438543135923e-03	-5.257255954104405465e-03	5.678017085714000614e-03	8.466266390773377159e-05
9.312593553442302056e-04	9.035209196289558276e-05	4.020684351066215089e-05	-6.404867691183245906e-04	-6.223009249006284174e-05	1.135816585003503534e-03	-7.747590792483166492e-04	3.835654731740810713e-05	-5.820577915327637859e-04	1.673437668923676925e-03	7.971009578063427241e-04	-4.471856603605550381e-04	-1.252944524085175190e-03	7.455481117337441760e-04	-4.194689705465266127e-05	-3.317558204866237655e-03	9.673839083581857793e-05	-1.595779174848816710e-03	-3.869666313439448779e-04	6.932538160391871901e-04	2.071829619800888856e-03	-1.157791580779875609e-03	6.082163729412259348e-04	5.338447071444669262e-03	9.007655085177348510e-04	3.379462542816874960e-04	-5.331003309980095883e-05	-5.956864152802629790e-04	0.000000000000000000e+00	-1.261579799284264294e-03	7.004475041993432844e-04	5.418316353579375909e-05	6.106119984723293922e-04	9.664874616842891383e-04	-1.322631958335376227e-04	-1.705470346110432578e-15	-2.472226836333305672e-03	7.838789838279188772e-04	-9.605333687366739669e-04	-3.211486439123178299e-03	2.431924123236095124e-04	-2.129373444623975818e-04	9.588066443926230101e-05	-2.085556544952222582e-04	-3.488876072544422151e-05	1.129306057403539447e-03	-1.107028428708822917e-03	-1.615382998119864325e-05	-1.665387923652352029e-03	5.357337198724129295e-06	1.139117814888257875e-04	8.458787410181373622e-04	-1.257069825177245471e-04	-2.801450345077204258e-03	2.863473299157793216e-03	-6.309418834491018673e-05	1.107271458609277674e-03	-9.654562323964544640e-04	1.981983893357946742e-03	8.072784581658789659e-04	-1.034049523989145469e-03	-8.409055031149436136e-05	-7.109823758213156680e-04	1.250721711342517057e-04
6.697244176083789352e-05	4.848854545021956917e-03	-2.904063192659002597e-03	5.392354593148800720e-04	2.671872471796728037e-03	-2.941158580768825099e-04	-1.556373393739278054e-06	-4.831686628357132569e-04	2.882684027459562343e-03	-3.037864242044040555e-03	4.982722176778526472e-04	9.872224281908956872e-03	-5.453846567536667442e-05	-3.184715385566796661e-03	-2.917842183391654970e-05	2.196699365508071762e-04	-1.871229028493660417e-03	8.960376269082264214e-04	-6.954780363886351856e-04	-4.465428433263661512e-03	3.462098062756975656e-04	1.490466286877237972e-04	2.657773834879265107e-03	1.722428891444401609e-03	-2.239268595445543988e-04	9.809273936132956173e-03	-3.147411715218955373e-03	2.378837623280813428e-04	1.261579799284264294e-03	0.000000000000000000e+00	2.675576390074793360e-04	-1.247007634931568485e-04	2.235546222095826686e-03	-4.056046212615113124e-04	8.010428730499568380e-04	2.085556544898764368e-04	1.365889662645020574e-03	3.214953692030228689e-03	-8.996660537874873187e-03	1.335386217227530273e-04	4.874108393063091558e-04	-2.770493937000480418e-03	-1.931051889100952185e-03	1.895049872233101063e-15	1.441448111549128346e-03	5.343057145523226405e-05	-8.276803192710955812e-04	6.851003633717113114e-04	1.611755241432950516e-05	-1.185704307583733321e-03	6.252508838864499069e-03	2.798326801355203184e-05	-9.299055825329295005e-03	2.514172222939673948e-05	1.084300961744114316e-03	-2.754405316175123977e-03	-2.635995456902301068e-03	9.135413461303727636e-06	2.623615529332539321e-03	-4.141821639311990891e-03	-2.992564598929650416e-04	1.741669865097717363e-03	-1.097170441062279757e-03	2.085975773734545296e-04
7.022288241526156724e-05	-1.575779280869147735e-04	-2.260043089846065366e-04	-2.847745677730170456e-05	2.926170243762726006e-04	2.490397529277029988e-05	-1.459031952445857599e-06	-8.901827935027683712e-04	7.704356944377272441e-04	-1.754347607416714542e-04	-1.822696362266075162e-04	2.296583523518134595e-04	2.048994940879169063e-04	-3.331700929932196074e-04	-6.110051290305054325e-04	4.073721900474339824e-04	-1.008874262970980431e-04	-3.594593216221895083e-04	5.904097755992118810e-04	1.380269496945477981e-03	-2.329512627275578756e-04	-9.193494895518414169e-04	1.228905946669612030e-03	1.094794766001213205e-04	3.336464327463859228e-04	3.195366607353199032e-04	-1.016155712436705039e-03	4.209857223450588987e-04	-7.004475041993432844e-04	-2.675576390074793360e-04	0.000000000000000000e+00	-1.464577199345308382e-03	-5.315423984377553104e-04	3.247899445433807082e-04	-3.554735289107109402e-04	-8.458787410167666054e-04	-1.037331938272464396e-04	5.662465024857139665e-05	-3.418880076779979302e-04	-4.259026135026852070e-04	6.807316977971042903e-06	6.820770003273550139e-04	2.179019487779153903e-04	-2.798326802059033353e-05	1.104864686835665489e-03	1.438286526261737305e-04	9.322607085799359053e-06	1.750011491054658625e-04	-2.057595280229546986e-04	-7.263884723756882733e-04	-5.048955765249404145e-04	2.875255033520617010e-15	-1.690666717727783521e-04	-3.414515040950813723e-04	2.640480975784434978e-04	1.501386015596695113e-03	2.682520971001146979e-04	3.770432578485675046e-04	-6.781223881065374102e-05	3.192784447600479519e-04	-2.623466412071666256e-04	4.666378223300622239e-04	-1.288810430835095723e-03	-7.496158378222999522e-04
6.964840308394176435e-04	3.498118978922293743e-04	-3.638750814785907963e-05	-4.396633274981972574e-03	1.496270593792003100e-04	6.578638215061565278e-03	-3.821341541373593324e-03	2.956642115671185406e-04	-7.511760510334798430e-04	5.053441341936130982e-03	-1.401656601458756320e-03	-1.745037994194814646e-04	-1.638074154725125287e-03	5.724655976619377100e-04	7.043947475670717280e-04	-6.780245852730159770e-03	7.562240517381656202e-04	-3.724205192895093525e-03	1.108797198500413930e-03	2.632429052631730070e-03	2.572880680827626526e-03	-1.823828636633736608e-03	5.037482133022615032e-05	7.478531832417959282e-03	-3.682769638852523633e-03	1.527135159939475503e-03	-2.272098544188235879e-04	-9.844073041582090261e-03	-5.418316353579375909e-05	1.247007634931568485e-04	1.464577199345308382e-03	0.000000000000000000e+00	6.472735472485386613e-04	1.531130967630723715e-03	-1.557404466466485310e-03	-8.072784581718177917e-04	-3.261948528678213811e-03	1.220299027001773640e-03	-1.954693006037567550e-03	-2.969178605608765228e-03	7.022152366226372400e-03	-4.013534297145834873e-04	1.144616862571647836e-04	4.141821639306719066e-03	9.419609708557168245e-05	1.661835489983738007e-03	-4.770016840275529899e-03	-6.363096981513408253e-05	-6.707685845410467015e-03	-1.720585043801939134e-04	4.253197836165482893e-04	-3.192784447567119160e-04	-7.275488619275798270e-04	-5.538778870595784110e-03	1.163434235476483100e-02	-9.905966547284835062e-05	1.905733574319043444e-03	-2.155859545520759195e-03	3.773173462092327402e-03	-1.226793731705366763e-14	-1.518185778248503856e-03	7.703323712524164871e-04	-3.055976897062259723e-03	1.156703110984125780e-03
4.235009715139213338e-04	-1.212172794468248643e-03	5.448840711536448618e-04	3.591689506335280467e-03	-3.514888575507912893e-15	-4.483125727811123999e-03	1.659008713431887796e-03	7.774640909116933840e-04	3.000240102047264132e-04	1.232611695245044471e-03	-1.456970490569695683e-03	1.645622734223599359e-04	9.478279207618913642e-04	-2.062873337295901313e-05	-1.294230670457196001e-04	-9.058047776316485982e-04	-1.322035257451024634e-04	7.967528331918429570e-04	-8.749606707837790385e-04	7.590593990129740267e-06	7.621834118159737277e-04	-4.308759256029937707e-04	4.026921787274693608e-04	3.094801314258072145e-03	1.550789123278621152e-03	-2.731428419853766925e-04	7.910990119057450219e-04	5.082898514362013676e-03	-6.106119984723293922e-04	-2.235546222095826686e-03	5.315423984377553104e-04	-6.472735472485386613e-04	0.000000000000000000e+00	-9.643717274339599650e-04	2.342976802921867101e-03	6.223009248977819801e-05	-2.277150180306084220e-03	3.707403038334444517e-05	-8.180956687145967375e-05	-1.006476726937342858e-03	-3.244070812693505747e-03	-6.998198534866363076e-05	-8.969873850443088516e-04	-2.671872471799057770e-03	1.548111042269922390e-03	6.109468174639576515e-04	2.602299286106041611e-04	8.916997427990336822e-04	2.093964435069194455e-03	6.774394810464105538e-04	-4.125305129081612921e-04	-2.926170243742905706e-04	-6.650764454406568127e-04	2.562500915845164137e-03	-4.697538823142419911e-03	-1.214691074243651539e-03	-1.998816538295305892e-04	-2.198229074694564231e-03	5.534026049349468138e-03	-1.496270593781430232e-04	-3.510067662220579549e-03	1.155880471115564690e-04	-3.458273391267884130e-05	-1.835722215839582778e-04
-2.147610181714730061e-04	-1.032170298087619047e-03	1.240518262514711274e-03	-1.552589711590735661e-04	-9.478279207622087102e-04	2.180656888129431869e-04	-3.666224615818444840e-05	-3.395887485818931302e-04	5.746736664289762856e-04	3.107033594609352571e-04	-2.415063998880803329e-05	5.770406724395045418e-05	7.038352512573828323e-16	1.139152995468880551e-03	-9.630255857159244950e-04	-2.685287760367013454e-05	-7.190087276003340796e-04	-1.891967744592695376e-04	-4.349908530442174112e-05	-1.282325196663742324e-03	1.521076534239670193e-04	-1.201074387745619521e-04	9.917725795944602393e-04	4.865431384023715744e-04	2.595413665602721540e-05	-2.664302672727951590e-04	1.071593918189479768e-03	-4.088490078604141171e-04	-9.664874616842891383e-04	4.056046212615113124e-04	-3.247899445433807082e-04	-1.531130967630723715e-03	9.643717274339599650e-04	0.000000000000000000e+00	1.844930914688605724e-04	1.252944524085250434e-03	-3.072842579048717286e-04	-1.070004753566539514e-03	3.901925583901758748e-04	-3.126051087954909873e-04	-5.162331594383294168e-05	-9.647928250446134810e-04	4.871610453426946665e-04	5.453846567292808690e-05	8.044540986179812055e-04	1.565102749677251882e-04	-1.273075675846458676e-05	9.145971778077554562e-04	8.790779667356140052e-05	1.234183684760843105e-03	-1.846121916916838510e-03	-2.048994940879261492e-04	2.304214871408835890e-04	5.714368593494803376e-06	-2.634447739017606286e-05	-9.213456036278138122e-04	4.294371431461960296e-04	-1.549027134291336969e-04	-3.223781648137430118e-06	1.638074154718994341e-03	-3.344681776528893443e-05	-1.590363497648370449e-03	1.579358109406577655e-03	-3.205231623928277759e-05
2.766410767447382733e-04	3.788703993721335289e-03	-1.672870260982013690e-03	5.364591495688866623e-04	-7.621834118205089454e-04	1.370018905851048876e-03	1.002708462981742675e-05	-5.728146767081327209e-03	1.288665191237081328e-03	-1.221693362189726385e-03	5.572756576696655598e-04	-7.453419579055251421e-04	-1.521076534281834544e-04	2.139080693847057735e-03	-9.797629296248036926e-04	2.498095765929492012e-04	4.344311574816327572e-04	7.084597070060696163e-04	-2.786985598399455274e-04	2.866716137744196313e-03	3.357232027101364480e-15	-7.987097467464194384e-03	2.873340848756246978e-03	-3.676186139851294514e-04	3.092448089038724555e-04	-3.274893366281032489e-04	1.594697380061466411e-03	2.875495298012001842e-03	1.322631958335376227e-04	-8.010428730499568380e-04	3.554735289107109402e-04	1.557404466466485310e-03	-2.342976802921867101e-03	-1.844930914688605724e-04	0.000000000000000000e+00	-2.071829619802168648e-03	3.883719717714458498e-04	3.799981753111703661e-03	-2.703692882337588137e-03	1.965957831067176396e-04	1.886254290552513441e-03	3.717934153060003036e-03	-9.150704384605405639e-03	-3.462098062781979527e-04	1.262585359055143353e-03	1.789546696748438390e-04	-3.163467457300312303e-04	-1.729611453810295588e-03	-1.997887797710047977e-04	-3.283632859807992903e-03	6.869586882399405722e-03	2.329512627272522932e-04	-2.607434659202668634e-03	-3.361283127794201936e-04	-9.913148442379489476e-04	2.098730583392453310e-03	-6.875063995532513031e-03	4.068026371761270183e-04	-6.585479519310592561e-05	-2.572880680816648329e-03	-2.256940234399892458e-05	7.369715059576378759e-04	8.195299555029021080e-04	-2.434497744497297618e-04
9.312593553427031068e-04	-5.820577915336025247e-04	9.673839083679385844e-05	9.007655085141850647e-04	6.106119984730565666e-04	2.431924123239249881e-04	-1.665387923651096740e-03	1.107271458610879691e-03	9.035209196285912646e-05	1.673437668924450394e-03	-1.595779174846855388e-03	3.379462542916822137e-04	9.664874616816457450e-04	-2.129373444667830983e-04	5.357337200929836971e-06	-9.654562324019667647e-04	4.020684350984833519e-05	7.971009578057077069e-04	-3.869666313453336325e-04	-5.331003310458067089e-05	-1.322631958302559595e-04	9.588066444389100403e-05	1.139117814877502047e-04	1.981983893369240659e-03	-6.404867691239720913e-04	-4.471856603624851348e-04	6.932538160383421629e-04	-5.956864152977779398e-04	1.705470346110432578e-15	-2.085556544898764368e-04	8.458787410167666054e-04	8.072784581718177917e-04	-6.223009248977819801e-05	-1.252944524085250434e-03	2.071829619802168648e-03	0.000000000000000000e+00	-2.472226836334796233e-03	-3.488876072651450524e-05	-1.257069825189311828e-04	-1.034049523992578486e-03	1.135816585009790172e-03	7.455481117343465587e-04	-1.157791580778946665e-03	-1.261579799273195458e-03	7.838789838241152792e-04	1.129306057398771343e-03	-2.801450345074132930e-03	-8.409055031554220306e-05	-7.747590792483245638e-04	-4.194689705427908586e-05	6.082163729393085232e-04	7.004475041954077389e-04	-9.605333687328881497e-04	-1.107028428701851497e-03	2.863473299149585372e-03	-7.109823758186659863e-04	3.835654732055344539e-05	-3.317558204864505533e-03	5.338447071442370753e-03	5.418316353082003583e-05	-3.211486439121977003e-03	-1.615382997769448150e-05	-6.309418835096122747e-05	1.250721711343458686e-04
-5.146947385722313705e-04	-3.743124180913044111e-03	6.062255495081311134e-04	7.237759428050468844e-04	2.277150180312872193e-03	-5.958537742027996201e-03	2.049780354007970685e-03	1.118973632012121994e-02	-3.743124180917956848e-03	1.688824344425827496e-03	-8.367188368665267814e-04	-7.198479528128823258e-04	3.072842579130399452e-04	-4.016774263025669686e-03	2.469258300488583018e-03	-3.888600075620062381e-04	6.062255495127808229e-04	-8.367188368571365064e-04	5.343140125237564805e-04	-4.187164669876872886e-03	-3.883719717807118752e-04	1.512669636666189033e-02	-7.249409722147855464e-03	-1.059114051620645527e-04	7.237759428005332424e-04	-7.198479528133568811e-04	-4.187164669866691794e-03	4.113251852561022436e-05	2.472226836333305672e-03	-1.365889662645020574e-03	1.037331938272464396e-04	3.261948528678213811e-03	2.277150180306084220e-03	3.072842579048717286e-04	-3.883719717714458498e-04	2.472226836334796233e-03	0.000000000000000000e+00	-6.390043255640647304e-03	6.756418405512840467e-03	2.622987234688107941e-04	-5.958537742016273807e-03	-4.016774263009278284e-03	1.512669636661937572e-02	-1.365889662634611583e-03	-6.390043255625530924e-03	-2.805077896523251258e-04	2.371218986934725374e-03	-7.334502460763796163e-04	2.049780354003356321e-03	2.469258300475863591e-03	-7.249409722121861500e-03	1.037331938227147726e-04	6.756418405493135743e-03	2.371218986935375896e-03	-3.138742776565050900e-03	-1.120768589944556816e-03	1.118973632011579372e-02	-3.888600075802438197e-04	-1.059114051196764897e-04	3.261948528674129405e-03	2.622987234542971217e-04	-7.334502460724466729e-04	-1.120768589950868390e-03	4.455726822849821289e-04
-8.466782547864883622e-04	-2.798183696074173004e-04	5.385908325511862271e-04	2.893662893523165150e-03	-1.548111042274662955e-03	-6.521940666647437282e-03	5.665100612755609444e-03	-9.286380520910290492e-04	-1.892290711561046227e-04	-5.411010387511980789e-03	3.335837334657445336e-03	-1.074689362229208633e-03	-8.044540986139167484e-04	7.423213788086609763e-04	-1.738480325746590276e-04	2.833123165308232272e-03	-5.676953248021004902e-05	1.700522262947024715e-03	-1.172204189685883578e-04	2.940536153474118718e-04	-1.262585359066949880e-03	-8.174703300372653577e-04	2.364142822345067650e-04	-6.064785046190058343e-03	3.172317931274461211e-03	-5.414677496668867393e-04	6.959554485402869983e-04	8.253200214256069950e-03	-7.838789838279188772e-04	-3.214953692030228689e-03	-5.662465024857139665e-05	-1.220299027001773640e-03	-3.707403038334444517e-05	1.070004753566539514e-03	-3.799981753111703661e-03	3.488876072651450524e-05	6.390043255640647304e-03	0.000000000000000000e+00	4.554228365742229046e-04	3.678746289580801278e-03	-6.010313532381871861e-03	-1.400281956917275418e-03	6.138887715603653364e-04	-1.441448111573292827e-03	-5.922454367202067971e-17	-1.706679754203831341e-03	5.737657707048549223e-03	1.062030068669676114e-03	3.967218072377935896e-03	7.462922995486347740e-04	-5.912691439325982144e-04	-1.104864686826685042e-03	6.878367683637385665e-04	5.937225592440000671e-03	-1.219505094154282529e-02	-9.331325891680727642e-04	-2.257917363137298570e-04	5.957543064281783929e-03	-9.821890080641545312e-03	-9.419609706616164464e-05	4.715088271071227188e-03	-4.114458721094768406e-05	2.075984865936315448e-04	-1.532596140575382066e-04
2.967193335847000406e-04	5.566359627134438888e-04	-4.723195839126242144e-04	-8.045760051302142113e-03	6.650764454545839317e-04	1.581336898889800641e-02	-8.861082230489094116e-03	2.917683854357299117e-04	2.000202912938037203e-04	3.292388988641877824e-03	-1.633183408714702564e-03	1.292623422910197653e-03	-2.304214871483011040e-04	-8.217772503371436905e-04	2.823266547715327359e-04	-1.521993757235960698e-03	1.076936906533011246e-04	-5.793028185341671677e-04	-4.284889327544336764e-04	-4.713619710417877250e-04	2.607434659223869123e-03	1.459365667561286859e-03	-8.758352192299682102e-04	1.583219777313987775e-03	-7.908582236707708060e-03	9.040099425312715610e-04	-1.202089503528440666e-03	-2.171750593329151852e-02	9.605333687366739669e-04	8.996660537874873187e-03	3.418880076779979302e-04	1.954693006037567550e-03	8.180956687145967375e-05	-3.901925583901758748e-04	2.703692882337588137e-03	1.257069825189311828e-04	-6.756418405512840467e-03	-4.554228365742229046e-04	0.000000000000000000e+00	-2.634363084603603446e-03	1.495347823802666183e-02	2.367918600045005326e-04	6.219977900698769272e-04	9.299055825350479448e-03	-6.878367683619173237e-04	9.103163113905936386e-04	-1.122700115357465334e-02	-1.397440790986928961e-03	-8.926821501058640473e-03	-6.081662133285553867e-04	3.398686374393069653e-04	1.690666717616726253e-04	-1.002095287853293007e-14	-1.121421245090213972e-02	2.552013549164242057e-02	1.784133357758935137e-03	6.222670991609961701e-04	-1.836560558543962052e-03	3.750311862138226791e-03	7.275488619019922221e-04	-3.233471662236049766e-03	-3.910227976524735700e-04	1.723066843514261138e-04	-6.121104026129827944e-04
-1.863407592965880691e-04	-9.053065491081698857e-04	-1.321682583714041750e-03	-4.008323765402598557e-04	3.510067662224300097e-03	-2.006749465708280479e-03	3.470890839006961475e-04	6.482527172159377113e-03	-2.344639560819134112e-03	1.065495544230766426e-03	-4.709862216319351961e-04	-1.427484428015641290e-04	3.344681776756322467e-05	-3.536548516990476940e-03	2.112234485527105660e-03	-3.754413910032115918e-04	8.745305591786245100e-04	-6.158045986863923058e-04	2.997631085418942052e-04	-1.952009849669723461e-03	2.256940234629767035e-05	1.005517618490306408e-02	-4.818925786448637928e-03	-1.478531156972409406e-04	-3.937647605966196557e-04	1.277040769384055283e-03	-6.076307621172631103e-03	-2.212144438547529110e-03	3.211486439123178299e-03	-1.335386217227530273e-04	4.259026135026852070e-04	2.969178605608765228e-03	1.006476726937342858e-03	3.126051087954909873e-04	-1.965957831067176396e-04	1.034049523992578486e-03	-2.622987234688107941e-04	-3.678746289580801278e-03	2.634363084603603446e-03	0.000000000000000000e+00	-1.845152051357190062e-03	-9.993741344447681745e-04	9.970817488636750728e-03	2.992564599028281914e-04	-4.715088271068708370e-03	-8.937139236814902084e-05	1.618777612268582902e-04	-2.428478634455107782e-03	1.491487357083727387e-04	-2.678671611711595096e-04	-3.044840866176920166e-03	2.623466412045352128e-04	3.233471662238396847e-03	-1.247828370017327738e-04	1.359877789268732406e-03	2.629225071113691550e-03	6.391093365979807692e-03	-1.157471435305662045e-04	3.052449157382963697e-04	1.518185778255320452e-03	-4.238810366076484204e-15	1.142283176235568145e-04	-1.872111687746547733e-03	2.227140637904342479e-04
3.230481192781251790e-04	3.385262643917797548e-03	-2.727264393642904808e-03	2.236951368227460503e-04	4.483125727808094305e-03	-5.247084505170113156e-15	1.804970920953567889e-05	-2.395891490232304657e-03	4.273041053631323333e-03	-8.278386400797890093e-03	2.624589533719926850e-03	1.635184768768943586e-02	-2.180656888109280616e-04	-6.397177210701134042e-03	1.173209710648806005e-03	2.764213499591774374e-03	-2.133194745922350512e-03	2.371786186307222981e-03	-2.386009539035780880e-04	-3.169723190577161849e-03	-1.370018905849767349e-03	-2.103732882725296155e-03	4.709453507319814360e-03	-1.594863496898993489e-03	8.943688667708408514e-04	1.443057405203368795e-02	-6.138637800043037634e-03	7.550139860461693199e-04	-2.431924123236095124e-04	-4.874108393063091558e-04	-6.807316977971042903e-06	-7.022152366226372400e-03	3.244070812693505747e-03	5.162331594383294168e-05	-1.886254290552513441e-03	-1.135816585009790172e-03	5.958537742016273807e-03	6.010313532381871861e-03	-1.495347823802666183e-02	1.845152051357190062e-03	0.000000000000000000e+00	-4.353059505673367163e-03	-2.378236996063330059e-04	2.941158580773264907e-04	6.521940666644705092e-03	-5.907115802928524558e-05	1.294066898917715187e-04	3.679503737049148911e-03	-3.359025951182246757e-04	3.512585102916092241e-04	3.799317507740221367e-03	-2.490397529068182157e-05	-1.581336898889800641e-02	-5.076502277507551108e-04	1.247464307331131459e-03	-3.673839413375245416e-03	-2.371257145709414031e-04	2.845112492882889785e-03	-2.157583955124340973e-03	-6.578638215059906882e-03	2.006749465695126505e-03	5.058743430692105338e-03	-7.479587741170007527e-03	-2.962076566794912122e-04
1.783534751783173397e-04	-6.842221405939743518e-05	2.004724524487182762e-05	-3.500262239050616619e-03	2.062873337586312996e-05	6.397177210710090420e-03	-2.812781978455016971e-03	4.665688652813719398e-04	-2.064084523554220695e-03	-5.127053058399334319e-03	5.033294578820672605e-03	-7.751263270384094878e-04	-1.139152995470203277e-03	3.060804376880249533e-15	1.028143619686003492e-03	2.642363215912467596e-03	9.399162937770929888e-04	2.340389840163806592e-03	-1.900454163480372240e-04	1.008457968089979204e-03	-2.139080693837642523e-03	-2.077104141893869457e-04	-1.156715785892269664e-03	-7.612519729034345796e-03	-1.229945709165265657e-03	3.073420220136355427e-04	-4.857807881905225073e-04	-7.683586217812986459e-03	2.129373444623975818e-04	2.770493937000480418e-03	-6.820770003273550139e-04	4.013534297145834873e-04	6.998198534866363076e-05	9.647928250446134810e-04	-3.717934153060003036e-03	-7.455481117343465587e-04	4.016774263009278284e-03	1.400281956917275418e-03	-2.367918600045005326e-04	9.993741344447681745e-04	4.353059505673367163e-03	0.000000000000000000e+00	9.803644112604285518e-04	3.184715385574688785e-03	-7.423213787980557444e-04	9.509008045307878760e-04	-2.588217774180357703e-03	-5.945361109675679264e-04	-2.934632083295457723e-03	-1.196544711808492236e-04	-3.241547388295499491e-04	3.331700929910183517e-04	8.217772503162725818e-04	-5.498930057175895059e-03	7.236120262052508564e-03	8.048373245966082513e-04	1.371195420932664775e-03	4.155950536712884474e-03	-9.998579793265943011e-03	-5.724655976670776957e-04	3.536548516985711654e-03	6.357884209682144756e-04	-9.147417182494481467e-04	-8.442228499830955676e-04
4.710727506198066593e-04	5.443106636901539393e-04	-1.674460221128142609e-04	-7.377516857509795788e-04	4.308759256013223104e-04	2.103732882694305320e-03	-2.602879604417016220e-03	3.331883167848216231e-04	1.412836917806861974e-03	1.397178632171658733e-02	-7.291672967289001411e-03	1.183121803716196763e-03	1.201074387739456103e-04	2.077104141646640462e-04	-1.242684761281696078e-03	-8.766174530630069239e-03	-1.129213913546207437e-03	-7.238421272408717203e-03	-7.450891719949395524e-04	-1.632337121689606072e-03	7.987097467443193821e-03	2.824108134846792240e-14	1.643601933810688673e-03	2.275462787388267405e-02	-2.594970981672741948e-04	1.334807217142343523e-03	4.528836867211898760e-05	-2.680638533859688605e-03	-9.588066443926230101e-05	1.931051889100952185e-03	-2.179019487779153903e-04	-1.144616862571647836e-04	8.969873850443088516e-04	-4.871610453426946665e-04	9.150704384605405639e-03	1.157791580778946665e-03	-1.512669636661937572e-02	-6.138887715603653364e-04	-6.219977900698769272e-04	-9.970817488636750728e-03	2.378236996063330059e-04	-9.803644112604285518e-04	0.000000000000000000e+00	-1.490466287035061759e-04	8.174703300305279086e-04	9.553404607558885729e-04	-2.966066803054546747e-03	8.307041666625307073e-04	-9.557166440914161704e-04	2.750112644872628473e-04	2.265453478073688231e-05	9.193494895545479108e-04	-1.459365667544075150e-03	-3.280715942897238172e-03	6.545195043341904897e-03	-1.187440866702891857e-03	-8.393763916003627815e-05	-9.653861575200171907e-03	2.265449096621294234e-02	1.823828636621203448e-03	-1.005517618487797304e-02	-1.151232679240814282e-03	1.645208163659306810e-03	-5.355814196073538890e-04
6.697244175992705527e-05	2.882684027467158697e-03	-1.871229028495799114e-03	-2.239268595384318278e-04	2.235546222091227934e-03	4.874108393042585500e-04	1.611755242236209478e-05	-2.635995456912230625e-03	4.848854545014946033e-03	-3.037864242042895638e-03	8.960376269138148331e-04	9.809273936125597476e-03	-4.056046212666186094e-04	-2.770493936997560011e-03	-1.185704307578949604e-03	9.135413454155691133e-06	-2.904063192655932570e-03	4.982722176767307148e-04	-6.954780363929073759e-04	-3.147411715207429871e-03	8.010428730612419732e-04	-1.931051889123706553e-03	6.252508838865803581e-03	2.623615529346575402e-03	5.392354593102639728e-04	9.872224281924264072e-03	-4.465428433274567718e-03	2.378837623297931896e-04	2.085556544952222582e-04	-1.895049872233101063e-15	2.798326802059033353e-05	-4.141821639306719066e-03	2.671872471799057770e-03	-5.453846567292808690e-05	3.462098062781979527e-04	1.261579799273195458e-03	1.365889662634611583e-03	1.441448111573292827e-03	-9.299055825350479448e-03	-2.992564599028281914e-04	-2.941158580773264907e-04	-3.184715385574688785e-03	1.490466287035061759e-04	0.000000000000000000e+00	3.214953692020491686e-03	5.343057145677212929e-05	2.514172222649628183e-05	1.741669865092436431e-03	-1.556373394930748479e-06	-2.917842183560141343e-05	2.657773834877609313e-03	2.675576390066776770e-04	-8.996660537865176083e-03	-8.276803192722354029e-04	1.084300961742835825e-03	-1.097170441052688038e-03	-4.831686628346322531e-04	2.196699365616929184e-04	1.722428891432646906e-03	-1.247007635087554007e-04	1.335386217220884927e-04	6.851003633861496318e-04	-2.754405316191739159e-03	2.085975773688897674e-04
-8.466782547878181362e-04	-1.892290711482535895e-04	-5.676953248457142166e-05	3.172317931260378292e-03	-3.707403038327611333e-05	-6.010313532361919939e-03	3.967218072371594614e-03	-2.257917363225160146e-04	-2.798183696115757579e-04	-5.411010387496893899e-03	1.700522262935549303e-03	-5.414677496859924416e-04	1.070004753569140515e-03	-1.400281956905536111e-03	7.462922995446208407e-04	5.957543064276536390e-03	5.385908325507052750e-04	3.335837334653316694e-03	-1.172204189695941044e-04	6.959554485494064396e-04	-3.799981753105926598e-03	6.138887715420140220e-04	-5.912691439239028046e-04	-9.821890080630366754e-03	2.893662893518172616e-03	-1.074689362202942535e-03	2.940536153365110863e-04	8.253200214221710282e-03	3.488876072544422151e-05	-1.441448111549128346e-03	-1.104864686835665489e-03	-9.419609708557168245e-05	-1.548111042269922390e-03	-8.044540986179812055e-04	-1.262585359055143353e-03	-7.838789838241152792e-04	6.390043255625530924e-03	5.922454367202067971e-17	6.878367683619173237e-04	4.715088271068708370e-03	-6.521940666644705092e-03	7.423213787980557444e-04	-8.174703300305279086e-04	-3.214953692020491686e-03	0.000000000000000000e+00	-1.706679754211970230e-03	5.937225592447989073e-03	-4.114458720252050583e-05	5.665100612754662285e-03	-1.738480325734540724e-04	2.364142822357768537e-04	-5.662465024863530359e-05	4.554228365730092487e-04	5.737657707047198741e-03	-1.219505094154510819e-02	2.075984865912045040e-04	-9.286380520812968168e-04	2.833123165289893643e-03	-6.064785046151407837e-03	-1.220299026984743209e-03	3.678746289565148434e-03	1.062030068661509469e-03	-9.331325891654540907e-04	-1.532596140543445264e-04
1.060184967478866266e-04	-1.093271340249785204e-03	9.756249948984479364e-04	1.123814292821566092e-04	-6.109468174645681657e-04	5.907115802761061401e-05	-1.868694435889927839e-04	2.535249377098483352e-04	-1.093271340247294141e-03	-9.032497080937025536e-05	-1.875555386552733015e-04	-1.341337332717710325e-04	-1.565102749623039605e-04	-9.509008045283406148e-04	1.494729572175102199e-03	8.924568301672519937e-05	9.756249948961446573e-04	-1.875555386486190378e-04	3.879776659874449498e-04	1.859644025434010507e-03	-1.789546696807939406e-04	-9.553404607523588443e-04	-9.634313772124257361e-04	5.182324939072449041e-05	1.123814292845279084e-04	-1.341337332684867673e-04	1.859644025436766115e-03	3.668299320814045659e-04	-1.129306057403539447e-03	-5.343057145523226405e-05	-1.438286526261737305e-04	-1.661835489983738007e-03	-6.109468174639576515e-04	-1.565102749677251882e-04	-1.789546696748438390e-04	-1.129306057398771343e-03	2.805077896523251258e-04	1.706679754203831341e-03	-9.103163113905936386e-04	8.937139236814902084e-05	5.907115802928524558e-05	-9.509008045307878760e-04	-9.553404607558885729e-04	-5.343057145677212929e-05	1.706679754211970230e-03	0.000000000000000000e+00	1.254646156374705172e-04	1.827532941764585571e-03	-1.868694435851947153e-04	1.494729572178693728e-03	-9.634313772161257929e-04	-1.438286526224350761e-04	-9.103163113959643424e-04	1.254646156379339052e-04	9.194542805517866594e-06	-2.514928321558186804e-03	2.535249377099240125e-04	8.924568300991926931e-05	5.182324940620685000e-05	-1.661835489973894318e-03	8.937139236024063335e-05	1.827532941757587480e-03	-2.514928321551558425e-03	-3.323656431302207301e-04
-3.928262525523440376e-04	-2.092580094245938445e-03	1.496695965146053933e-03	-6.879326306782905564e-04	-2.562500915841142181e-03	5.076502277586410553e-04	4.017519641086683300e-05	1.401663248234204500e-03	-1.904918651398075907e-03	3.321830132548332995e-03	-2.673550838560342490e-04	-9.253334942819772119e-03	-5.714368600253983993e-06	5.498930057165315848e-03	-2.016992827350969422e-03	-7.804913405439293378e-04	-1.805030009369376913e-05	-3.361086665753326925e-04	-2.304847892727364259e-04	-1.921074256922444736e-03	3.361283127888883143e-04	3.280715942909110620e-03	-3.224515576125941505e-03	-1.464744750175408367e-03	-7.890632341394282273e-04	-9.014660987227467170e-03	2.058886989616457146e-03	-1.583911509413534922e-03	1.107028428708822917e-03	8.276803192710955812e-04	-9.322607085799359053e-06	4.770016840275529899e-03	-2.602299286106041611e-04	1.273075675846458676e-05	3.163467457300312303e-04	2.801450345074132930e-03	-2.371218986934725374e-03	-5.737657707048549223e-03	1.122700115357465334e-02	-1.618777612268582902e-04	-1.294066898917715187e-04	2.588217774180357703e-03	2.966066803054546747e-03	-2.514172222649628183e-05	-5.937225592447989073e-03	-1.254646156374705172e-04	0.000000000000000000e+00	-3.304439365139479577e-03	5.059843027993653469e-04	-2.254108684813944377e-04	-3.530979066638313419e-03	3.414515040898803461e-04	1.121421245090729879e-02	-2.416930587958998622e-15	-6.518522258275927022e-04	3.788026082022351478e-03	7.341572658142082484e-04	-5.199298329780061532e-04	-2.219979380689897537e-03	5.538778870585287298e-03	1.247828370138635867e-04	-5.439447518972230673e-03	8.605058168406728297e-03	5.812947513430739063e-04
-7.044948524126987566e-04	-1.741171058578014743e-04	-1.480368507367600068e-06	2.594263677873191905e-03	-1.155880471086594672e-04	-5.058743430683496772e-03	2.905257044747928084e-03	-2.783379972763103897e-04	8.020480752626536151e-04	2.688149245470733721e-04	-2.051064909785838691e-03	1.351083727554587641e-04	1.590363497650410917e-03	-6.357884209705781447e-04	-1.178181915463014871e-04	1.945892748995267998e-03	-1.260121912826301423e-04	7.551728478040055197e-04	-4.645862857494528677e-04	-6.967882089671181833e-04	-7.369715059617444001e-04	1.151232679251112468e-03	-5.765402929340346198e-04	-1.889038675297688430e-03	7.871334385464968334e-04	-1.171679920862128427e-03	4.441154123926713618e-04	5.257255954080298013e-03	1.615382998119864325e-05	-6.851003633717113114e-04	-1.750011491054658625e-04	6.363096981513408253e-05	-8.916997427990336822e-04	-9.145971778077554562e-04	1.729611453810295588e-03	8.409055031554220306e-05	7.334502460763796163e-04	-1.062030068669676114e-03	1.397440790986928961e-03	2.428478634455107782e-03	-3.679503737049148911e-03	5.945361109675679264e-04	-8.307041666625307073e-04	-1.741669865092436431e-03	4.114458720252050583e-05	-1.827532941764585571e-03	3.304439365139479577e-03	0.000000000000000000e+00	3.709606401478245455e-03	-4.468429575143798932e-05	9.649359522979236129e-05	-4.666378223300540924e-04	3.910227976607061340e-04	5.439447518976341100e-03	-7.976872352247765113e-03	-5.186612149435024634e-06	-1.509059659583525479e-03	-6.639709149766019180e-04	1.993396656733676699e-03	-7.703323712441665760e-04	-1.142283176268528162e-04	2.194264260850682657e-16	8.777141366506284546e-04	9.288429994299094187e-04
-1.236646154128386911e-04	-4.355828549684001181e-04	9.724393020993423050e-05	-3.308219278628717096e-05	-1.659008713428183294e-03	-1.804970919718474590e-05	-1.914429986066279454e-15	1.749564589647066744e-03	-1.837702844523148114e-03	2.761255374892143157e-03	-4.886982718405830052e-04	-8.064043632903229730e-03	3.666224615056599013e-05	2.812781978450795521e-03	-7.400294844736273522e-04	-3.421812083495075641e-04	9.100181525177003603e-04	-2.690440663682215411e-04	2.294005778929716953e-04	8.315463061811057075e-04	-1.002708462382986604e-05	2.602879604426258826e-03	-2.839562953812336740e-03	-1.824120186324688572e-03	-5.491806737896639526e-04	-7.855911037302914374e-03	1.800753496606333302e-03	-3.596981654650615039e-04	1.665387923652352029e-03	-1.611755241432950516e-05	2.057595280229546986e-04	6.707685845410467015e-03	-2.093964435069194455e-03	-8.790779667356140052e-05	1.997887797710047977e-04	7.747590792483245638e-04	-2.049780354003356321e-03	-3.967218072377935896e-03	8.926821501058640473e-03	-1.491487357083727387e-04	3.359025951182246757e-04	2.934632083295457723e-03	9.557166440914161704e-04	1.556373394930748479e-06	-5.665100612754662285e-03	1.868694435851947153e-04	-5.059843027993653469e-04	-3.709606401478245455e-03	0.000000000000000000e+00	-1.643002959339318232e-03	1.532080557354015380e-04	1.459031949734403491e-06	8.861082230485754774e-03	-4.017519641196821978e-05	-4.284676542866557546e-06	3.396578648191765377e-03	1.219186113921818436e-04	-3.827325253064121869e-04	-1.312419202154837356e-03	3.821341541370938330e-03	-3.470890838847841796e-04	-2.905257044750832879e-03	4.581653174491379446e-03	-2.349478901056964778e-04
-4.509263659106223709e-04	2.905209547017827750e-05	1.751529701891816574e-05	2.336544298000521797e-04	1.294230670480600402e-04	-1.173209710649414893e-03	7.400294844754027332e-04	2.447355643369857189e-04	8.693300955101282076e-04	2.938859312812451552e-03	-3.133345507470130641e-03	1.061054717805720322e-03	9.630255857166063497e-04	-1.028143619692332197e-03	3.482186327480318866e-16	-1.869818185475632445e-04	-4.855841665484780844e-05	-9.417931524436423587e-04	-8.640635300057511307e-05	-7.707202639973249978e-04	9.797629296179864462e-04	1.242684761294344381e-03	-5.943579443633917412e-04	2.543464076355657529e-03	-1.176218519989583218e-03	-2.602762163023606117e-04	2.443521361115435662e-04	-1.360754126761714341e-04	-5.357337198724129295e-06	1.185704307583733321e-03	7.263884723756882733e-04	1.720585043801939134e-04	-6.774394810464105538e-04	-1.234183684760843105e-03	3.283632859807992903e-03	4.194689705427908586e-05	-2.469258300475863591e-03	-7.462922995486347740e-04	6.081662133285553867e-04	2.678671611711595096e-04	-3.512585102916092241e-04	1.196544711808492236e-04	-2.750112644872628473e-04	2.917842183560141343e-05	1.738480325734540724e-04	-1.494729572178693728e-03	2.254108684813944377e-04	4.468429575143798932e-05	1.643002959339318232e-03	0.000000000000000000e+00	-5.493866878090558192e-05	6.110051290302177937e-04	-2.823266547686897952e-04	2.016992827356720031e-03	-1.224160983351084767e-03	-3.478476083282920151e-04	-1.120394603939384864e-03	-2.275861632266816710e-03	5.667912820856421674e-03	-7.043947475695906549e-04	-2.112234485524592045e-03	1.178181915485745440e-04	5.359443443766946993e-04	1.959489021255060126e-04
5.207282626842849472e-04	-5.519540115049503207e-04	2.230187529851939841e-04	2.269352741299663669e-03	-4.026921787293832487e-04	-4.709453507300579746e-03	2.839562953799249986e-03	-4.383653589473581868e-04	-1.181291374873486314e-03	-4.625199994248487337e-03	3.232734064541234464e-03	-2.007949511976135290e-03	-9.917725795947386624e-04	1.156715785902766910e-03	5.943579443628048626e-04	-1.966435417062814832e-05	6.152273875359233653e-04	1.580881127817001684e-03	9.543462285920769218e-04	2.466499847548677543e-03	-2.873340848740977942e-03	-1.643601933834358108e-03	5.184275318065312277e-15	-6.103342693017694762e-03	2.877149704846319617e-03	-7.977082562721324755e-04	9.257896251382656929e-05	7.662765301943225832e-03	-1.139117814888257875e-04	-6.252508838864499069e-03	5.048955765249404145e-04	-4.253197836165482893e-04	4.125305129081612921e-04	1.846121916916838510e-03	-6.869586882399405722e-03	-6.082163729393085232e-04	7.249409722121861500e-03	5.912691439325982144e-04	-3.398686374393069653e-04	3.044840866176920166e-03	-3.799317507740221367e-03	3.241547388295499491e-04	-2.265453478073688231e-05	-2.657773834877609313e-03	-2.364142822357768537e-04	9.634313772161257929e-04	3.530979066638313419e-03	-9.649359522979236129e-05	-1.532080557354015380e-04	5.493866878090558192e-05	0.000000000000000000e+00	-1.228905946666920173e-03	8.758352192245054575e-04	3.224515576110894080e-03	-7.836799555028939671e-03	4.491135438961958845e-04	1.552826117844504110e-03	3.733068612776647976e-03	-9.272132086197724943e-03	-5.037482132138682619e-05	4.818925786436239860e-03	5.765402929343008999e-04	-2.471744132987323955e-03	1.454707195940902788e-03
7.022288241465948267e-05	7.704356944372011892e-04	-1.008874262954461798e-04	3.336464327433114507e-04	-5.315423984390580878e-04	6.807316981430240756e-06	-2.057595280273511926e-04	2.682520970964332894e-04	-1.575779280848167881e-04	-1.754347607408728038e-04	-3.594593216257874332e-04	3.195366607312301300e-04	3.247899445458749153e-04	6.820770003291448148e-04	-7.263884723777830604e-04	3.770432578527173426e-04	-2.260043089858780889e-04	-1.822696362306436486e-04	5.904097756021570078e-04	-1.016155712439172250e-03	-3.554735289159656345e-04	2.179019487829070571e-04	-5.048955765258522285e-04	-6.781223881262290966e-05	-2.847745677640773243e-05	2.296583523508780641e-04	1.380269496948037782e-03	4.209857223405308367e-04	-8.458787410181373622e-04	-2.798326801355203184e-05	-2.875255033520617010e-15	3.192784447567119160e-04	2.926170243742905706e-04	2.048994940879261492e-04	-2.329512627272522932e-04	-7.004475041954077389e-04	-1.037331938227147726e-04	1.104864686826685042e-03	-1.690666717616726253e-04	-2.623466412045352128e-04	2.490397529068182157e-05	-3.331700929910183517e-04	-9.193494895545479108e-04	-2.675576390066776770e-04	5.662465024863530359e-05	1.438286526224350761e-04	-3.414515040898803461e-04	4.666378223300540924e-04	-1.459031949734403491e-06	-6.110051290302177937e-04	1.228905946666920173e-03	0.000000000000000000e+00	-3.418880076754361773e-04	9.322607086647205152e-06	2.640480975781836145e-04	-1.288810430833367939e-03	-8.901827935024806239e-04	4.073721900435845226e-04	1.094794766059568761e-04	-1.464577199337705089e-03	-4.259026134998561983e-04	1.750011491001676918e-04	1.501386015603272967e-03	-7.496158378219272035e-04
2.967193335832139247e-04	2.000202912762437109e-04	1.076936906577383982e-04	-7.908582236688070990e-03	8.180956687518510084e-05	1.495347823799377668e-02	-8.926821501039306980e-03	6.222670991890629118e-04	5.566359627262261987e-04	3.292388988612901871e-03	-5.793028185133678332e-04	9.040099425628118695e-04	-3.901925583942061795e-04	2.367918599935504159e-04	-6.081662133289725877e-04	-1.836560558532945257e-03	-4.723195839111775634e-04	-1.633183408704019270e-03	-4.284889327532253331e-04	-1.202089503542642414e-03	2.703692882328229304e-03	6.219977900840014794e-04	3.398686374270622028e-04	3.750311862121200480e-03	-8.045760051302107418e-03	1.292623422859260750e-03	-4.713619710199442496e-04	-2.171750593325808693e-02	1.257069825177245471e-04	9.299055825329295005e-03	1.690666717727783521e-04	7.275488619275798270e-04	6.650764454406568127e-04	-2.304214871408835890e-04	2.607434659202668634e-03	9.605333687328881497e-04	-6.756418405493135743e-03	-6.878367683637385665e-04	1.002095287853293007e-14	-3.233471662238396847e-03	1.581336898889800641e-02	-8.217772503162725818e-04	1.459365667544075150e-03	8.996660537865176083e-03	-4.554228365730092487e-04	9.103163113959643424e-04	-1.121421245090729879e-02	-3.910227976607061340e-04	-8.861082230485754774e-03	2.823266547686897952e-04	-8.758352192245054575e-04	3.418880076754361773e-04	0.000000000000000000e+00	-1.122700115356256405e-02	2.552013549162388678e-02	1.723066843421624736e-04	2.917683853987225679e-04	-1.521993757206489915e-03	1.583219777248273414e-03	1.954693006011782620e-03	-2.634363084579053639e-03	-1.397440790983275416e-03	1.784133357779488140e-03	-6.121104026192666133e-04
-3.928262525545335839e-04	-1.904918651400798555e-03	-1.805030009845668283e-05	-7.890632341422631991e-04	-2.602299286023936065e-04	-1.294066898849674453e-04	5.059843028067910475e-04	7.341572658247170948e-04	-2.092580094246723407e-03	3.321830132546730544e-03	-3.361086665578170811e-04	-9.014660987207677445e-03	1.273075674714527553e-05	2.588217774169413767e-03	-2.254108684757412449e-04	-5.199298329905364946e-04	1.496695965151342237e-03	-2.673550838620429517e-04	-2.304847892769506384e-04	2.058886989616861771e-03	3.163467457422396178e-04	2.966066803059150270e-03	-3.530979066645735000e-03	-2.219979380664118679e-03	-6.879326306787642443e-04	-9.253334942838736116e-03	-1.921074256918064776e-03	-1.583911509414544314e-03	2.801450345077204258e-03	-2.514172222939673948e-05	3.414515040950813723e-04	5.538778870595784110e-03	-2.562500915845164137e-03	-5.714368593494803376e-06	3.361283127794201936e-04	1.107028428701851497e-03	-2.371218986935375896e-03	-5.937225592440000671e-03	1.121421245090213972e-02	1.247828370017327738e-04	5.076502277507551108e-04	5.498930057175895059e-03	3.280715942897238172e-03	8.276803192722354029e-04	-5.737657707047198741e-03	-1.254646156379339052e-04	2.416930587958998622e-15	-5.439447518976341100e-03	4.017519641196821978e-05	-2.016992827356720031e-03	-3.224515576110894080e-03	-9.322607086647205152e-06	1.122700115356256405e-02	0.000000000000000000e+00	-6.518522258398795318e-04	8.605058168404216418e-03	1.401663248228774382e-03	-7.804913405346750217e-04	-1.464744750208330816e-03	4.770016840258311901e-03	-1.618777612136741478e-04	-3.304439365130040513e-03	3.788026082017114347e-03	5.812947513456774009e-04
6.913146593185957606e-04	5.322834825186934654e-03	-2.677201353056365973e-03	1.772317458340861608e-03	4.697538823125216659e-03	-1.247464307357438757e-03	4.284676542647765547e-06	-3.669046399680625428e-03	5.322834825184714208e-03	-4.695196558249290983e-03	-6.848203933391337718e-04	2.132164824990076535e-02	2.634447741247556384e-05	-7.236120262032063113e-03	1.224160983340444190e-03	-6.674064107309023598e-04	-2.677201353069176906e-03	-6.848203933107147728e-04	-6.296588548304938335e-05	-3.041539384043091820e-03	9.913148442126725086e-04	-6.545195043357744658e-03	7.836799555053322944e-03	8.902304427460205893e-03	1.772317458332703420e-03	2.132164824993657004e-02	-3.041539384045476198e-03	3.876303901110248265e-03	-2.863473299157793216e-03	-1.084300961744114316e-03	-2.640480975784434978e-04	-1.163434235476483100e-02	4.697538823142419911e-03	2.634447739017606286e-05	9.913148442379489476e-04	-2.863473299149585372e-03	3.138742776565050900e-03	1.219505094154282529e-02	-2.552013549164242057e-02	-1.359877789268732406e-03	-1.247464307331131459e-03	-7.236120262052508564e-03	-6.545195043341904897e-03	-1.084300961742835825e-03	1.219505094154510819e-02	-9.194542805517866594e-06	6.518522258275927022e-04	7.976872352247765113e-03	4.284676542866557546e-06	1.224160983351084767e-03	7.836799555028939671e-03	-2.640480975781836145e-04	-2.552013549162388678e-02	6.518522258398795318e-04	0.000000000000000000e+00	-1.043464220485802382e-02	-3.669046399664329869e-03	-6.674064107587756797e-04	8.902304427532602843e-03	-1.163434235474814990e-02	-1.359877789300600361e-03	7.976872352240196515e-03	-1.043464220486346739e-02	-3.098483712678316284e-04
1.136687664665223408e-03	-4.563791033984116477e-05	1.322662401202821347e-04	-2.882170549186587570e-03	3.458273390250722243e-05	7.479587741149899480e-03	-4.581653174479937210e-03	3.001944584176704069e-04	-8.183806765337402244e-04	-4.486935992249788466e-03	5.920177102146630121e-03	-7.783487115767429455e-04	-1.579358109407093518e-03	9.147417182623646809e-04	-5.359443443798540645e-04	1.497805457231219523e-03	-5.240541963691165315e-04	1.663131485511055389e-03	-8.625778131511820275e-04	6.219034377822568011e-05	-8.195299555024270106e-04	-1.645208163678512150e-03	2.471744132978933098e-03	-3.058722626543331803e-03	8.549911920985788383e-04	9.900974467723236763e-04	-4.173320597889286043e-04	-5.678017085681439854e-03	6.309418834491018673e-05	2.754405316175123977e-03	-1.501386015596695113e-03	9.905966547284835062e-05	1.214691074243651539e-03	9.213456036278138122e-04	-2.098730583392453310e-03	7.109823758186659863e-04	1.120768589944556816e-03	9.331325891680727642e-04	-1.784133357758935137e-03	-2.629225071113691550e-03	3.673839413375245416e-03	-8.048373245966082513e-04	1.187440866702891857e-03	1.097170441052688038e-03	-2.075984865912045040e-04	2.514928321558186804e-03	-3.788026082022351478e-03	5.186612149435024634e-06	-3.396578648191765377e-03	3.478476083282920151e-04	-4.491135438961958845e-04	1.288810430833367939e-03	-1.723066843421624736e-04	-8.605058168404216418e-03	1.043464220485802382e-02	0.000000000000000000e+00	2.048135977147615833e-03	2.364842569086421029e-03	-7.547099395851190190e-03	3.055976897065375286e-03	1.872111687751525522e-03	-8.777141366601596759e-04	1.199913649344019895e-14	-1.627826822443131363e-03
-4.451279561538581519e-04	-9.348915856775111863e-05	8.756527129641969963e-04	-2.198896543553367777e-03	-7.774640909264120790e-04	2.395891490224597280e-03	-1.749564589645397506e-03	-5.866712823009156974e-15	9.396406508967454062e-04	1.097413051600868925e-02	-6.732159285289565122e-03	1.482790797901735458e-03	3.395887485793876474e-04	-4.665688652806287734e-04	-2.447355643308170964e-04	-6.428118719087249841e-03	-3.529960871627804719e-04	-6.323484827012525178e-03	9.394545908406428444e-05	-1.337023762569059231e-04	5.728146767078917678e-03	-3.331883167707881980e-04	4.383653589317773342e-04	1.662583247096875716e-02	-1.876770594829331451e-03	1.473305569228316233e-03	1.227635152423323453e-03	-4.504899205299221776e-03	-1.107271458609277674e-03	2.635995456902301068e-03	-2.682520971001146979e-04	-1.905733574319043444e-03	1.998816538295305892e-04	-4.294371431461960296e-04	6.875063995532513031e-03	-3.835654732055344539e-05	-1.118973632011579372e-02	2.257917363137298570e-04	-6.222670991609961701e-04	-6.391093365979807692e-03	2.371257145709414031e-04	-1.371195420932664775e-03	8.393763916003627815e-05	4.831686628346322531e-04	9.286380520812968168e-04	-2.535249377099240125e-04	-7.341572658142082484e-04	1.509059659583525479e-03	-1.219186113921818436e-04	1.120394603939384864e-03	-1.552826117844504110e-03	8.901827935024806239e-04	-2.917683853987225679e-04	-1.401663248228774382e-03	3.669046399664329869e-03	-2.048135977147615833e-03	0.000000000000000000e+00	-7.850183732324586550e-03	1.748099813552990434e-02	-2.956642115824594051e-04	-6.482527172151254270e-03	2.783379972839626886e-04	-3.001944584245701611e-04	5.702035325473377462e-04
-1.794568392502388210e-06	-2.333219270537546883e-03	6.110771070100145825e-04	3.723849256842816867e-04	9.058047776367072687e-04	-2.764213499593827852e-03	3.421812083409596058e-04	6.428118719083466409e-03	-1.095462105281783572e-04	1.137200288492572816e-03	-1.595248148717559817e-04	-2.167988224039449189e-04	2.685287760332630015e-05	-2.642363215923932383e-03	1.869818185538099837e-04	7.995313395722791761e-17	-1.240304220567940230e-03	-5.300832106292830987e-04	2.649430257786255594e-04	-2.708081128151529522e-03	-2.498095765983367644e-04	8.766174530645015617e-03	1.966435415822885991e-05	-5.147592939897247585e-04	6.281259959666432450e-04	-5.941770611603677723e-04	-1.663982977398172861e-03	-1.163027454245420863e-03	9.654562323964544640e-04	-9.135413461303727636e-06	-3.770432578485675046e-04	2.155859545520759195e-03	2.198229074694564231e-03	1.549027134291336969e-04	-4.068026371761270183e-04	3.317558204864505533e-03	3.888600075802438197e-04	-5.957543064281783929e-03	1.836560558543962052e-03	1.157471435305662045e-04	-2.845112492882889785e-03	-4.155950536712884474e-03	9.653861575200171907e-03	-2.196699365616929184e-04	-2.833123165289893643e-03	-8.924568300991926931e-05	5.199298329780061532e-04	6.639709149766019180e-04	3.827325253064121869e-04	2.275861632266816710e-03	-3.733068612776647976e-03	-4.073721900435845226e-04	1.521993757206489915e-03	7.804913405346750217e-04	6.674064107587756797e-04	-2.364842569086421029e-03	7.850183732324586550e-03	0.000000000000000000e+00	-1.142832825031758932e-03	6.780245852719465199e-03	3.754413910166696849e-04	-1.945892748988929319e-03	-1.497805457234995799e-03	-1.184619772943692811e-04
2.491967736044011644e-04	5.458839428801914168e-03	-1.721253876802585243e-03	2.220716530336559573e-03	-3.094801314272539738e-03	1.594863496894535684e-03	1.824120186347732205e-03	-1.662583247097589728e-02	2.371455001867279078e-03	-3.090197205694239675e-03	1.659845620964494738e-03	-4.374567268366770859e-03	-4.865431384033023078e-04	7.612519729069448793e-03	-2.543464076377748365e-03	5.147592939907908545e-04	1.296769534690932505e-03	1.299435649756790516e-03	-7.252121884301892391e-04	8.473523552630960257e-03	3.676186140005160150e-04	-2.275462787393090630e-02	6.103342693050881757e-03	4.327613300266625052e-15	2.093184546973539915e-03	-1.720222597140973154e-03	4.039940247893145792e-03	1.007450653576487387e-02	-1.981983893357946742e-03	-2.623615529332539321e-03	6.781223881065374102e-05	-3.773173462092327402e-03	-5.534026049349468138e-03	3.223781648137430118e-06	6.585479519310592561e-05	-5.338447071442370753e-03	1.059114051196764897e-04	9.821890080641545312e-03	-3.750311862138226791e-03	-3.052449157382963697e-04	2.157583955124340973e-03	9.998579793265943011e-03	-2.265449096621294234e-02	-1.722428891432646906e-03	6.064785046151407837e-03	-5.182324940620685000e-05	2.219979380689897537e-03	-1.993396656733676699e-03	1.312419202154837356e-03	-5.667912820856421674e-03	9.272132086197724943e-03	-1.094794766059568761e-04	-1.583219777248273414e-03	1.464744750208330816e-03	-8.902304427532602843e-03	7.547099395851190190e-03	-1.748099813552990434e-02	1.142832825031758932e-03	0.000000000000000000e+00	-7.478531832391660875e-03	1.478531156790579757e-04	1.889038675280644989e-03	3.058722626556380393e-03	-3.251223215766996851e-04
6.964840308387246215e-04	-7.511760510469649328e-04	7.562240517420503166e-04	-3.682769638854459585e-03	6.472735472494687984e-04	7.022152366215991814e-03	-6.707685845407405228e-03	1.905733574347340687e-03	3.498118978813608438e-04	5.053441341937924686e-03	-3.724205192889500343e-03	1.527135159940508748e-03	1.531130967626148816e-03	-4.013534297222652223e-04	-1.720585043732127356e-04	-2.155859545531524889e-03	-3.638750814416727636e-05	-1.401656601464544225e-03	1.108797198503603653e-03	-2.272098544286950861e-04	-1.557404466465894637e-03	1.144616862872176074e-04	4.253197835980283273e-04	3.773173462106022176e-03	-4.396633274986223514e-03	-1.745037994509249539e-04	2.632429052636629796e-03	-9.844073041604124719e-03	-8.072784581658789659e-04	4.141821639311990891e-03	-3.192784447600479519e-04	1.226793731705366763e-14	1.496270593781430232e-04	-1.638074154718994341e-03	2.572880680816648329e-03	-5.418316353082003583e-05	-3.261948528674129405e-03	9.419609706616164464e-05	-7.275488619019922221e-04	-1.518185778255320452e-03	6.578638215059906882e-03	5.724655976670776957e-04	-1.823828636621203448e-03	1.247007635087554007e-04	1.220299026984743209e-03	1.661835489973894318e-03	-5.538778870585287298e-03	7.703323712441665760e-04	-3.821341541370938330e-03	7.043947475695906549e-04	5.037482132138682619e-05	1.464577199337705089e-03	-1.954693006011782620e-03	-4.770016840258311901e-03	1.163434235474814990e-02	-3.055976897065375286e-03	2.956642115824594051e-04	-6.780245852719465199e-03	7.478531832391660875e-03	0.000000000000000000e+00	-2.969178605600519653e-03	-6.363096981561199884e-05	-9.905966547292863579e-05	1.156703110982842302e-03
-1.863407592914422288e-04	-2.344639560816921472e-03	8.745305591768399132e-04	-3.937647605923236130e-04	1.006476726944641274e-03	-1.845152051358627497e-03	1.491487357007937318e-04	6.391093365982866009e-03	-9.053065491071371831e-04	1.065495544235167420e-03	-6.158045986909856367e-04	1.277040769399978961e-03	3.126051087984100391e-04	-9.993741344619423705e-04	-2.678671611606309308e-04	-1.157471435228746981e-04	-1.321682583711625714e-03	-4.709862216349383277e-04	2.997631085460916397e-04	-6.076307621178269822e-03	-1.965957831164873583e-04	9.970817488658231809e-03	-3.044840866187656370e-03	3.052449157207934435e-04	-4.008323765417642404e-04	-1.427484427894992085e-04	-1.952009849665497457e-03	-2.212144438543135923e-03	1.034049523989145469e-03	2.992564598929650416e-04	2.623466412071666256e-04	1.518185778248503856e-03	3.510067662220579549e-03	3.344681776528893443e-05	2.256940234399892458e-05	3.211486439121977003e-03	-2.622987234542971217e-04	-4.715088271071227188e-03	3.233471662236049766e-03	4.238810366076484204e-15	-2.006749465695126505e-03	-3.536548516985711654e-03	1.005517618487797304e-02	-1.335386217220884927e-04	-3.678746289565148434e-03	-8.937139236024063335e-05	-1.247828370138635867e-04	1.142283176268528162e-04	3.470890838847841796e-04	2.112234485524592045e-03	-4.818925786436239860e-03	4.259026134998561983e-04	2.634363084579053639e-03	1.618777612136741478e-04	1.359877789300600361e-03	-1.872111687751525522e-03	6.482527172151254270e-03	-3.754413910166696849e-04	-1.478531156790579757e-04	2.969178605600519653e-03	0.000000000000000000e+00	-2.428478634447123717e-03	2.629225071102268829e-03	2.227140637905757363e-04
-7.044948524114061708e-04	8.020480752697978569e-04	-1.260121912810152774e-04	7.871334385503739404e-04	-8.916997428056887319e-04	-3.679503737043650271e-03	3.709606401475802097e-03	-1.509059659605873922e-03	-1.741171058564075155e-04	2.688149245476108111e-04	7.551728477984471404e-04	-1.171679920870447728e-03	-9.145971778042262697e-04	5.945361109754689413e-04	-4.468429575319693794e-05	-6.639709149699715880e-04	-1.480368507253367510e-06	-2.051064909784499485e-03	-4.645862857490365341e-04	4.441154123999105797e-04	1.729611453810345027e-03	-8.307041666800163947e-04	9.649359523658220450e-05	1.993396656724459679e-03	2.594263677882777987e-03	1.351083727642689910e-04	-6.967882089671357474e-04	5.257255954104405465e-03	8.409055031149436136e-05	-1.741669865097717363e-03	-4.666378223300622239e-04	-7.703323712524164871e-04	-1.155880471115564690e-04	1.590363497648370449e-03	-7.369715059576378759e-04	1.615382997769448150e-05	7.334502460724466729e-04	4.114458721094768406e-05	3.910227976524735700e-04	-1.142283176235568145e-04	-5.058743430692105338e-03	-6.357884209682144756e-04	1.151232679240814282e-03	-6.851003633861496318e-04	-1.062030068661509469e-03	-1.827532941757587480e-03	5.439447518972230673e-03	-2.194264260850682657e-16	2.905257044750832879e-03	-1.178181915485745440e-04	-5.765402929343008999e-04	-1.750011491001676918e-04	1.397440790983275416e-03	3.304439365130040513e-03	-7.976872352240196515e-03	8.777141366601596759e-04	-2.783379972839626886e-04	1.945892748988929319e-03	-1.889038675280644989e-03	6.363096981561199884e-05	2.428478634447123717e-03	0.000000000000000000e+00	-5.186612153169965593e-06	9.288429994285698869e-04
1.136687664664401149e-03	-8.183806765380813699e-04	-5.240541963762673870e-04	8.549911920936463690e-04	1.214691074259409117e-03	3.673839413374502955e-03	-3.396578648192399852e-03	2.048135977179711686e-03	-4.563791033419085192e-05	-4.486935992249254171e-03	1.663131485517824280e-03	9.900974467980749958e-04	9.213456036223276408e-04	-8.048373246148097290e-04	3.478476083310167236e-04	2.364842569076032203e-03	1.322662401162218518e-04	5.920177102145908477e-03	-8.625778131545885907e-04	-4.173320598034820669e-04	-2.098730583389663874e-03	1.187440866724267120e-03	-4.491135439001805985e-04	-7.547099395831333678e-03	-2.882170549203234410e-03	-7.783487115656550267e-04	6.219034377059080973e-05	-5.678017085714000614e-03	7.109823758213156680e-04	1.097170441062279757e-03	1.288810430835095723e-03	3.055976897062259723e-03	3.458273391267884130e-05	-1.579358109406577655e-03	-8.195299555029021080e-04	6.309418835096122747e-05	1.120768589950868390e-03	-2.075984865936315448e-04	-1.723066843514261138e-04	1.872111687746547733e-03	7.479587741170007527e-03	9.147417182494481467e-04	-1.645208163659306810e-03	2.754405316191739159e-03	9.331325891654540907e-04	2.514928321551558425e-03	-8.605058168406728297e-03	-8.777141366506284546e-04	-4.581653174491379446e-03	-5.359443443766946993e-04	2.471744132987323955e-03	-1.501386015603272967e-03	-1.784133357779488140e-03	-3.788026082017114347e-03	1.043464220486346739e-02	-1.199913649344019895e-14	3.001944584245701611e-04	1.497805457234995799e-03	-3.058722626556380393e-03	9.905966547292863579e-05	-2.629225071102268829e-03	5.186612153169965593e-06	0.000000000000000000e+00	-1.627826822438845078e-03
-2.466433294958242373e-04	-5.079444247826671310e-04	6.229393325469980564e-04	-4.019102136637817688e-04	1.835722215832522183e-04	2.962076566801632549e-04	2.349478901091368410e-04	-5.702035325477322874e-04	-5.079444247826074999e-04	-2.907544894713094599e-04	8.531951002259209930e-05	2.972842796946807004e-04	3.205231623752026465e-05	8.442228499819714668e-04	-1.959489021243714221e-04	1.184619772969636414e-04	6.229393325466744220e-04	8.531951002187044078e-05	-1.443319909412249210e-04	-8.692449733634986624e-04	2.434497744492742342e-04	5.355814196064481465e-04	-1.454707195937721522e-03	3.251223215672031583e-04	-4.019102136608054170e-04	2.972842796939220841e-04	-8.692449733641285838e-04	-8.466266390773377159e-05	-1.250721711342517057e-04	-2.085975773734545296e-04	7.496158378222999522e-04	-1.156703110984125780e-03	1.835722215839582778e-04	3.205231623928277759e-05	2.434497744497297618e-04	-1.250721711343458686e-04	-4.455726822849821289e-04	1.532596140575382066e-04	6.121104026129827944e-04	-2.227140637904342479e-04	2.962076566794912122e-04	8.442228499830955676e-04	5.355814196073538890e-04	-2.085975773688897674e-04	1.532596140543445264e-04	3.323656431302207301e-04	-5.812947513430739063e-04	-9.288429994299094187e-04	2.349478901056964778e-04	-1.959489021255060126e-04	-1.454707195940902788e-03	7.496158378219272035e-04	6.121104026192666133e-04	-5.812947513456774009e-04	3.098483712678316284e-04	1.627826822443131363e-03	-5.702035325473377462e-04	1.184619772943692811e-04	3.251223215766996851e-04	-1.156703110982842302e-03	-2.227140637905757363e-04	-9.288429994285698869e-04	1.627826822438845078e-03	0.000000000000000000e+00
