6.840000203587481451e-04	-3.727638902651391915e-04	3.470360405483389945e-04	3.941997250117489039e-04	-2.841217370736628728e-04	-3.824679288515041168e-05	-3.304438669034595339e-04	-3.565510161685149948e-05	-3.727638902649046786e-04	5.372428663045323454e-05	7.902210982400673079e-05	2.985168098146930319e-05	-5.785678173631983836e-06	-3.957628790255515901e-04	5.445272659531630831e-04	-1.752606993836578115e-04	3.470360405479494949e-04	7.902210982503061066e-05	-3.915092936160326188e-05	4.031142999482486828e-04	-9.580036017039196224e-05	3.775551112810828316e-05	-5.602841385852833089e-04	9.041485709195774194e-05	3.941997250128942551e-04	2.985168097873523669e-05	4.031142999507332948e-04	7.614641637311825827e-04	-2.831835590114385411e-04	-3.459631874252750827e-04	5.635011046380836771e-04	-6.061805931367158498e-04	-2.841217370731998100e-04	-5.785678174349984866e-06	-9.580036016941153177e-05	-2.831835590111143105e-04	1.083362838969914740e-04	2.839872289334345774e-04	5.077725811554429725e-05	-3.781816537951350585e-05	-3.824679288809434584e-05	-3.957628790244354039e-04	3.775551112604823127e-05	-3.459631874267548018e-04	2.839872289327958197e-04	-1.849750829258424998e-04	-2.249875189001832986e-04	4.881165700125318857e-04	-3.304438669023699107e-04	5.445272659529316059e-04	-5.602841385844369807e-04	5.635011046390601096e-04	5.077725811569615332e-05	-2.249875189011668326e-04	4.700899437030034694e-04	-5.423860985609789929e-04	-3.565510161816932012e-05	-1.752606993840673689e-04	9.041485709303706520e-05	-6.061805931388789415e-04	-3.781816537975095968e-05	4.881165700135705514e-04	-5.423860985603109076e-04	1.285313522986527950e-04
-3.727638902651391915e-04	4.807673096953544306e-03	-3.584433595408770615e-03	6.781119318290493737e-04	1.888475734544303990e-03	-1.460840226533565269e-03	9.745537579847979390e-04	-6.306723514759111828e-04	4.025648381810752771e-04	-1.677693548183703358e-03	7.026747938777468810e-04	7.711643704078020509e-04	3.997606589907974585e-04	-3.375897651033377372e-05	-1.859687078865354735e-04	2.170566107108152717e-03	-1.952952597965122445e-04	1.047891848364267305e-03	-2.345089369749069215e-04	-2.140233823102564580e-04	-1.142134508136580066e-03	-5.876886416241001521e-04	3.145922645779359347e-04	-3.286480112619823667e-03	7.068373895414024801e-04	1.059619205115979465e-03	-2.729346599010895689e-03	1.930287400043380949e-03	3.482459700360049717e-03	7.316487309482410609e-05	-4.136043457712952013e-04	6.449823118782496353e-03	2.513921774115906484e-05	-3.624609186937253645e-04	-3.741311719102525802e-05	-1.254257574922151657e-04	1.583306137477499039e-03	4.431003304613896805e-04	-4.231203619955583944e-04	1.467518634895235465e-03	-2.233387742203942275e-03	2.374158406015459445e-03	-1.539508716126394491e-03	-1.016632232514208360e-03	-3.831602811828194871e-03	-6.872427859280012992e-04	1.864683640949588985e-03	-4.140031350067145156e-03	2.126184913185846532e-03	-4.220551307345001349e-03	6.948926370893887886e-03	2.589067128910758605e-04	-7.210232417786538450e-04	1.511305880539953999e-03	-3.481212111003931763e-03	3.418306964517973598e-03	-6.060459609406446992e-04	8.830003854552026911e-04	-2.457595395958246144e-03	-4.375324028626325474e-04	1.269640885346522922e-03	1.005196069060780508e-04	4.019730162965898593e-04	3.224141543840032011e-07
3.470360405483389945e-04	-3.584433595408770615e-03	3.994619242060968960e-03	-6.704480369793105934e-04	-3.563177327106411239e-03	1.456785281284090142e-03	-8.971028346132181542e-04	6.471179879792199785e-06	-1.952952597966515645e-04	4.271458907839092317e-05	5.969693499958194727e-04	-5.485276393882178693e-04	-6.575749220765759713e-04	2.712579167720068421e-04	-5.639099067481664310e-05	-9.192007625687761453e-04	1.413192271611351104e-04	-2.032657930038617947e-04	2.488867474350063861e-04	2.040483429407168080e-04	2.821975903847713258e-04	-1.135264059842552983e-04	5.212811895877135417e-05	8.066349896210288709e-04	-1.633406884843401140e-04	-6.355961317221449011e-04	5.290002182480736496e-03	-1.583035476170212199e-03	-4.229135813620358772e-03	3.292999560841955572e-05	1.048777832735138581e-04	-5.538562767338186393e-03	-6.250621172811907404e-05	3.272495698599988670e-04	-7.339968279039803950e-04	4.290979086310297121e-05	-1.977783648360570317e-05	-9.262335998477646876e-05	2.416073806392738364e-04	-8.582777087640118454e-04	1.587619692596607852e-03	-3.603354881175200534e-03	1.698532203916051952e-04	8.077759440714868356e-04	3.465229047892190873e-03	7.171845039702715984e-04	-1.435654173712260255e-03	4.636352411969283174e-03	-1.655397068572970944e-03	4.298571599625353873e-03	-5.422065462315047574e-03	-4.259173982445172736e-05	7.652418578680268875e-04	-1.835302374060510458e-03	3.077181080707172729e-03	-5.483431634840319618e-03	6.829593494003374028e-05	2.114034097252010685e-04	-2.314006508344149940e-04	2.752261297669494075e-04	1.035991633999898366e-05	-1.695855971318505409e-04	1.915507495012916720e-05	-3.297948562159842422e-04
3.941997250117489039e-04	6.781119318290493737e-04	-6.704480369793105934e-04	1.304500912469185731e-02	1.425865230766806390e-03	-2.184692091110093659e-02	1.141299827157210393e-02	5.836551008472183610e-04	7.068373895358489797e-04	2.642204792774827875e-04	-4.627294715341264092e-04	3.761465252847138487e-03	1.015956156811463704e-05	-2.888859426435526345e-03	7.791930689787585421e-04	-8.626121475004456824e-04	-1.633406884824153298e-04	1.088847003723246529e-05	-2.561261039688255943e-04	2.432510179280873383e-04	6.045660902947844108e-04	5.549423784927407302e-04	1.070495011789795352e-03	2.208924727111580277e-03	1.193437192870447708e-02	3.918795850741308220e-03	-1.588909032788960026e-03	3.307934895999319058e-02	-1.244281976585895778e-04	-1.426037818337406310e-02	-3.137908489809481945e-05	-1.606038918362494511e-03	5.223099019800146476e-04	-2.002134852900185405e-04	6.139234978991467678e-04	-6.860233104414885028e-04	-3.406927105806720722e-04	1.467193029883505709e-03	-4.346454779833806500e-03	-5.088256015295557341e-04	-2.071674997686111935e-02	-1.814326069295517244e-03	1.066557237583775448e-03	-1.346125703040156399e-02	1.669906383120289698e-03	2.274884716839822656e-04	1.315957967390196139e-02	1.235790498354195650e-03	1.114148547651264837e-02	1.856105878273900151e-04	6.911774102039562650e-04	-7.398371053544895888e-04	-4.299151956162242452e-03	1.376873346397733053e-02	-3.094451483265581865e-02	-1.275292386923882826e-03	1.122306886966866271e-03	-8.167030528820430407e-04	2.493500943880448250e-03	-1.056545639579877438e-03	-9.581189817175585818e-04	1.792827293889954782e-03	-3.250090649605286847e-03	9.409432375143592206e-05
-2.841217370736628728e-04	1.888475734544303990e-03	-3.563177327106411239e-03	1.425865230766806390e-03	4.771682204418355687e-03	-2.890892278671123444e-03	1.619548499373836938e-03	6.240835018757248925e-04	2.513921774010764623e-05	1.451775463805879537e-03	-1.792228995656680243e-03	6.660371465148412409e-04	6.598710754651965086e-04	-5.250806102641841647e-04	2.688836089094240561e-04	-3.499392878028819613e-04	-6.250621172717140002e-05	-6.608992791271642558e-04	6.909854973608356747e-05	-3.855366573738280779e-04	5.533188505868368761e-04	8.327154872540192898e-04	-3.816721886303778115e-04	1.754553727835940664e-03	5.223099019758683332e-04	7.113118034065093499e-04	-6.856845686761960101e-03	3.446974249890674778e-03	4.130326231659044514e-03	-1.213208738062205444e-03	2.139431915918047259e-04	3.391206356188977960e-03	2.307593138518217602e-04	-2.974512993140953276e-04	1.191778221196823986e-03	2.545530377359856691e-05	-1.453158397379075142e-03	-6.568583568797732022e-06	-5.540640015841033451e-04	-1.637424662702532344e-05	-2.354640340730336165e-03	3.897728678948605280e-03	1.185274301229445083e-03	-1.606349253662126431e-03	-2.107055455791516548e-03	-5.988632616014026924e-04	1.844389780337647028e-03	-4.065996427547072939e-03	1.858787965493044004e-03	-3.557145975920395983e-03	2.935415493693972668e-03	-1.338507543819780830e-04	-1.394830565956269378e-03	2.920240474642397596e-03	-4.681630304247516930e-03	6.301898602068605262e-03	3.818679289432564457e-04	-1.161000369226623157e-03	2.685841875767009702e-03	-2.779657361378058494e-04	-1.203932168701963429e-03	2.167211727086374991e-04	-3.909817129996555622e-04	2.332420300101260174e-04
-3.824679288515041168e-05	-1.460840226533565269e-03	1.456785281284090142e-03	-2.184692091110093659e-02	-2.890892278671123444e-03	3.982631551747081722e-02	-2.186242449186914100e-02	-9.888561971362059937e-04	-2.233387742191450531e-03	-4.270036278941517294e-04	8.168155581076044346e-04	-7.433418024544708076e-03	1.406773177654682032e-04	3.795826029228110791e-03	-8.244175116718199629e-05	1.245060562340907003e-03	1.587619692592773246e-03	4.674797839352376081e-04	2.631671779697123412e-04	2.185387578303785942e-03	-1.164540919849652544e-03	-1.342548891812392212e-03	-2.799343911306576786e-03	-3.611637062734155117e-03	-2.071674997686168140e-02	-6.997272395180189480e-03	3.288254836909410700e-03	-5.805109345616051020e-02	-1.621366350455321183e-04	2.547427723053343612e-02	-7.577476677922322318e-04	2.376325925932121219e-03	-2.354640340740496440e-03	1.500364413166395752e-04	-9.340308621135247477e-04	-2.905705624446019378e-04	4.511072117195839381e-04	-1.756622772810807753e-03	7.520147261849257150e-03	7.399983220375448093e-04	3.721757150126253633e-02	3.241269806847016897e-03	-2.336520308022791217e-03	2.409012585353698110e-02	-2.727876548067809624e-03	1.728236964494981242e-04	-2.390070699431729589e-02	-1.970303368397498343e-03	-2.070479409328353573e-02	-1.962762100403723316e-04	-1.475555248431814973e-03	3.996726044671778679e-04	8.115616650297099999e-03	-2.542055151903961641e-02	5.721117305704798844e-02	2.118531551561909747e-03	-2.094380012944279616e-03	1.089591317040581502e-03	-3.903489889711283384e-03	7.025720408078786096e-04	1.093124893184530683e-03	-1.690460263294511160e-03	3.272289092821076620e-03	-1.284991981355033562e-04
-3.304438669034595339e-04	9.745537579847979390e-04	-8.971028346132181542e-04	1.141299827157210393e-02	1.619548499373836938e-03	-2.186242449186914100e-02	1.302442838997096980e-02	6.072291772373562303e-04	2.126184913177965249e-03	3.655678660549805704e-05	-3.663631057692765588e-04	3.940795393116114723e-03	-2.090503288772642746e-04	-1.467783808241703881e-03	-8.021936866093883588e-04	-4.900842781027541558e-04	-1.655397068570120360e-03	-2.597063715192698399e-04	-2.384501512297969913e-04	-1.892881776482922785e-03	1.000669807856331348e-03	6.380242538669810958e-04	3.011948443595918647e-03	1.836952211556668654e-03	1.114148547650774604e-02	3.977132488377780467e-03	-1.823086990813155717e-03	3.125494345128830564e-02	2.137914998729631313e-04	-1.374986256665901123e-02	9.157916294772604649e-04	-1.040000694510950612e-03	1.858787965497369320e-03	-4.104075654410199638e-05	5.569216246164984327e-04	1.045550486286228641e-03	-3.525789036654814585e-04	1.452664184107235366e-04	-4.557006012132460565e-03	-3.787180230542402676e-04	-2.070479409327283249e-02	-1.936614230772733952e-03	1.236621821404653094e-03	-1.317479595981482093e-02	1.377855489827253289e-03	-4.178862778206351124e-04	1.333754705413702120e-02	1.034110187359596348e-03	1.185861849494266110e-02	1.014568176327222009e-04	1.033599625232383074e-03	1.860542469120721729e-04	-4.540568916380756902e-03	1.418949972467916862e-02	-3.248707003158975148e-02	-1.249830178907995358e-03	1.127275390256392805e-03	-2.253001975215195951e-04	1.883666289706219937e-03	1.187919666809457864e-03	-4.806191712563733409e-04	-2.808224387482885980e-05	-1.113090644461602746e-03	-8.416941552028607988e-05
-3.565510161685149948e-05	-6.306723514759111828e-04	6.471179879792199785e-06	5.836551008472183610e-04	6.240835018757248925e-04	-9.888561971362059937e-04	6.072291772373562303e-04	5.537223241223772699e-03	-6.060459609422421626e-04	6.849431185034181996e-03	-3.606797414101628983e-03	8.779204902711841346e-05	-4.466506396851353073e-06	-1.122642110600599727e-03	6.346333311794455281e-04	-4.390650344785193733e-03	6.829593494189664356e-05	-3.976708156907612576e-03	-2.985440854321321598e-04	-9.106180370727092431e-04	4.123351454841369355e-03	3.041949037855661269e-03	-1.036567947468588569e-03	1.128672694378452662e-02	1.122306886949281379e-03	-1.219435667370927017e-04	8.876633165307396770e-04	2.205425512417860754e-03	6.741939053931903392e-04	-5.903042428989713816e-04	-2.302944720896879809e-04	3.387072647849972105e-03	3.818679289399596038e-04	1.892787001042288213e-04	4.136317534362102775e-03	4.344989969420018925e-04	-7.109753747077849143e-03	-9.377747220143167663e-04	1.091797142317711851e-04	-4.928320996609435525e-03	-2.094380012909413408e-03	-1.387748766655170617e-03	5.149748236731709755e-04	-1.257450555455306117e-03	-1.330424998542667145e-03	1.361210920321052507e-04	9.788562234556244003e-04	-1.153480924343120567e-05	1.127275390235142442e-03	6.765847664500182924e-04	8.815594846359941714e-04	2.755795516469261358e-04	-2.280460463555475793e-04	3.519662444432003251e-04	-1.698384927567013047e-03	-3.331120308663627558e-03	1.973084625595448224e-03	-4.266660223553901329e-03	1.078580947832807196e-02	8.075565883104128279e-04	-4.622424559044866800e-03	3.733134028429156096e-05	-8.512336350232997456e-04	-1.473808920450397388e-04
-3.727638902649046786e-04	4.025648381810752771e-04	-1.952952597966515645e-04	7.068373895358489797e-04	2.513921774010764623e-05	-2.233387742191450531e-03	2.126184913177965249e-03	-6.060459609422421626e-04	4.807673096945690346e-03	-1.677693548178976670e-03	1.047891848361611009e-03	1.059619205105172572e-03	-3.624609186927348374e-04	2.374158406018182094e-03	-4.220551307341412206e-03	8.830003854547037413e-04	-3.584433595403784152e-03	7.026747938745939127e-04	-2.345089369726811358e-04	-2.729346599003891743e-03	-3.741311719013372535e-05	-1.539508716129229897e-03	6.948926370890121801e-03	-2.457595395952482525e-03	6.781119318181587797e-04	7.711643704085634861e-04	-2.140233823146275275e-04	1.930287400023815653e-03	-1.254257574901534739e-04	-1.016632232506978466e-03	2.589067128932496316e-04	-4.375324028615364190e-04	1.888475734542216684e-03	3.997606589929050391e-04	-1.142134508137850968e-03	3.482459700358011851e-03	1.583306137471133688e-03	-3.831602811827248146e-03	-7.210232417784632423e-04	1.269640885339241203e-03	-1.460840226518701074e-03	-3.375897651239808788e-05	-5.876886416138140008e-04	7.316487310150753486e-05	4.431003304549573259e-04	-6.872427859256221259e-04	1.511305880528854154e-03	1.005196069037403076e-04	9.745537579749144605e-04	-1.859687078867630205e-04	3.145922645744278360e-04	-4.136043457694712480e-04	-4.231203619876143366e-04	1.864683640936869993e-03	-3.481212110976828443e-03	4.019730163016486382e-04	-6.306723514712881448e-04	2.170566107109017477e-03	-3.286480112623358166e-03	6.449823118784746290e-03	1.467518634894593400e-03	-4.140031350066478155e-03	3.418306964512986268e-03	3.224141514083188591e-07
5.372428663045323454e-05	-1.677693548183703358e-03	4.271458907839092317e-05	2.642204792774827875e-04	1.451775463805879537e-03	-4.270036278941517294e-04	3.655678660549805704e-05	6.849431185034181996e-03	-1.677693548178976670e-03	3.482118262374498535e-02	-1.924268699173974778e-02	1.039625693156556643e-03	8.364586392916039141e-05	-2.446827043696158180e-03	1.358894805295890766e-03	-2.210548336111576098e-02	4.271458908166017219e-05	-1.924268699173299624e-02	7.620597446968610782e-04	-3.324432759623615306e-03	1.745560966161167210e-02	8.339269215877360975e-03	-3.527919574107592649e-03	5.068456781314953363e-02	2.642204792804996342e-04	1.039625693135912566e-03	-3.324432759618255878e-03	1.632621708286824489e-03	1.544081881606209575e-03	-8.939947635228544850e-04	5.123628353917507143e-05	2.154065518077547588e-03	1.451775463798099736e-03	8.364586392518600440e-05	1.745560966161881222e-02	1.544081881604118366e-03	-3.126006461437437489e-02	-3.404824857894631508e-03	2.600420456135501754e-03	-2.035812772732361470e-02	-4.270036279002807243e-04	-2.446827043687119837e-03	8.339269215861668666e-03	-8.939947635238272312e-04	-3.404824857885158616e-03	2.431710465962444478e-04	2.677507459294066515e-04	-4.820062656747505295e-04	3.655678661018278621e-05	1.358894805289055522e-03	-3.527919574089010725e-03	5.123628354027840977e-05	2.600420456119054841e-03	2.677507459311900015e-04	-1.320254286204630397e-04	-1.274242781917457948e-03	6.849431185021754437e-03	-2.210548336112066331e-02	5.068456781316758170e-02	2.154065518058712395e-03	-2.035812772732947112e-02	-4.820062656698305284e-04	-1.274242781918644499e-03	9.419872345987016088e-04
7.902210982400673079e-05	7.026747938777468810e-04	5.969693499958194727e-04	-4.627294715341264092e-04	-1.792228995656680243e-03	8.168155581076044346e-04	-3.663631057692765588e-04	-3.606797414101628983e-03	1.047891848361611009e-03	-1.924268699173974778e-02	1.174931221713705967e-02	-6.467343989328146713e-04	-4.404050635987986949e-04	1.661417325281977454e-03	-9.882471980058092718e-04	1.176274015588042385e-02	-2.032657930044116479e-04	1.052990616899125015e-02	-8.832939549282029738e-04	1.505922621252322189e-03	-9.610777123355902785e-03	-4.624831520224907677e-03	2.032372190015794070e-03	-2.794925383160015014e-02	1.088847003507633276e-05	-6.575036896906626908e-04	3.490255447715348569e-03	-1.389391525643912531e-03	-1.658176800604568455e-03	6.841055327996178577e-04	-1.583690535192679573e-04	-1.526596800982734856e-03	-6.608992791245608695e-04	2.161738627713997388e-04	-9.928885981867889218e-03	-6.960269293073092535e-04	1.776563867745546699e-02	1.839164987925304400e-03	-1.253321672003885863e-03	1.143025112770970977e-02	4.674797839338296090e-04	4.991095278942083487e-04	-5.192728903735693673e-03	6.856417803628223930e-04	2.190348743447309305e-03	-1.558359995462938255e-05	-2.925629931075183219e-04	1.089344298647855914e-03	-2.597063715188715582e-04	-9.968698839823178460e-05	1.768162688545638029e-03	1.408271745333918880e-04	-1.209710271142703034e-03	-8.678460443811905883e-04	9.154614046012030278e-04	-9.068971512123682977e-04	-3.976708156901157670e-03	1.254410254976704234e-02	-2.935534720796278627e-02	-1.139739652145903975e-03	1.205949079276383978e-02	1.005423020216790155e-04	1.209034847541732866e-03	5.438476284138427173e-05
2.985168098146930319e-05	7.711643704078020509e-04	-5.485276393882178693e-04	3.761465252847138487e-03	6.660371465148412409e-04	-7.433418024544708076e-03	3.940795393116114723e-03	8.779204902711841346e-05	1.059619205105172572e-03	1.039625693156556643e-03	-6.467343989328146713e-04	7.077177729064562661e-03	9.646234094662298403e-05	-1.524351343058479588e-03	1.104392909324208725e-04	-5.835904653540644610e-04	-6.355961317118380416e-04	-6.575036897062575296e-04	2.120278391612973295e-04	-3.338415164734723651e-03	-8.049755600994057490e-05	3.595501418038605222e-04	-1.214623918799208335e-03	7.921996999694805395e-04	3.918795850736154357e-03	2.630373315776100666e-03	-1.124783202254111755e-03	1.129170897551823663e-02	2.034221650391863424e-04	-4.757289783751702042e-03	1.152117437913205455e-04	-3.595390890754431761e-04	7.113118033986016130e-04	5.032238423903412827e-05	1.191043088758667544e-04	-6.020668042054209984e-05	3.401793385375554346e-04	1.048802704677545636e-03	7.121699679416400525e-04	2.056334980642902108e-05	-6.997272395164103390e-03	-8.994930500673025331e-04	1.762096389899077322e-04	-5.045102227057339170e-03	5.744034558628346998e-04	-1.174634850043080063e-04	4.734086411041569034e-03	3.613726544401914872e-04	3.977132488365751894e-03	-7.404865832554873083e-05	7.641209538349684428e-04	3.690879102577189572e-04	-1.845144608402331937e-03	4.814160449302183620e-03	-1.111053803164686188e-02	-2.315119087057632510e-04	-1.219435667290933361e-04	-8.238730842362197021e-04	9.782272611090201721e-04	-3.777590079308615605e-03	7.211411751425578047e-05	1.039878909309869095e-03	1.252864921668115326e-03	4.679671192211652892e-04
-5.785678173631983836e-06	3.997606589907974585e-04	-6.575749220765759713e-04	1.015956156811463704e-05	6.598710754651965086e-04	1.406773177654682032e-04	-2.090503288772642746e-04	-4.466506396851353073e-06	-3.624609186927348374e-04	8.364586392916039141e-05	-4.404050635987986949e-04	9.646234094662298403e-05	8.926463586922607669e-04	-5.889997245754795751e-04	5.342861618910408564e-04	3.430839109030365880e-04	3.272495698583081079e-04	2.161738627691873159e-04	-5.730817364957693436e-04	5.839178016100856966e-04	-2.559664397425475465e-04	7.062133810643931708e-05	-6.027635755559110657e-04	-2.821790360023627357e-04	-2.002134852895740176e-04	5.032238423484218254e-05	-1.018158358054722283e-03	-2.238051506405825167e-04	6.083477851355889978e-04	2.273105730272289020e-04	-5.732980529437569077e-05	5.338901320467946948e-04	-2.974512993118953730e-04	1.650708379980158583e-04	3.983097881270367883e-04	-5.515190165659397984e-04	-2.755316967847245657e-04	5.150675779690324632e-04	-7.855953053529572639e-05	1.995863885335094796e-04	1.500364413190035967e-04	6.395594753668092233e-04	2.187691657599319362e-04	-5.701136442865263327e-05	-4.037600446733295126e-04	1.122767315898969566e-05	-2.063841927002659762e-04	-5.395653085986883667e-04	-4.104075654613024049e-05	-6.152740225113734803e-04	5.393341127743688738e-04	-6.944181771950239579e-05	-1.334189997190735044e-04	7.949890015805411055e-05	2.134131783594611230e-04	9.063181761383257455e-04	1.892787001041767525e-04	-4.658275229384658427e-04	9.542912982325799228e-04	-7.597720855623479267e-04	-6.587867059573061400e-04	7.988939973455385767e-04	-8.557655715382736072e-04	7.004793513534684005e-04
-3.957628790255515901e-04	-3.375897651033377372e-05	2.712579167720068421e-04	-2.888859426435526345e-03	-5.250806102641841647e-04	3.795826029228110791e-03	-1.467783808241703881e-03	-1.122642110600599727e-03	2.374158406018182094e-03	-2.446827043696158180e-03	1.661417325281977454e-03	-1.524351343058479588e-03	-5.889997245754795751e-04	6.626071128965490067e-03	-4.955271334624727908e-03	1.464198084648649740e-03	-3.603354881178418012e-03	4.991095278995510802e-04	3.601634752675709995e-04	-6.158754916922152579e-03	-1.087397064731485726e-03	-1.132367192980852878e-03	3.763900698720876875e-03	-3.853469059053379366e-03	-1.814326069294794515e-03	-8.994930500639578778e-04	7.526630641274827159e-04	-5.709843307984923191e-03	-4.170385000906074889e-04	2.534921132492891967e-03	-5.329091855600851229e-04	-4.820041319494478569e-04	3.897728678951940286e-03	6.395594753666024659e-04	-2.118790720015630187e-03	4.265230889463443933e-03	2.699828460635121663e-03	-2.896651117485158841e-03	8.783930873285650514e-04	1.457979335587993031e-03	3.241269806837817659e-03	6.399708059889050796e-04	-1.049366223553739466e-03	2.869718685319419538e-03	2.242907671561606819e-04	-5.726820260663076714e-04	-7.997811798241794782e-04	-1.026397729352108079e-04	-1.936614230769494573e-03	-1.221460986760921242e-04	-2.360972255895198559e-04	-1.920403627097994081e-04	7.085484205850007796e-04	-1.880019564636495680e-03	4.208866864714886843e-03	5.448561115591506188e-04	-1.387748766658213756e-03	2.512887685983131517e-03	-5.304810376422624055e-03	4.421574976631500661e-03	3.104351420660718917e-03	-5.842666629999179392e-03	8.981065419007599332e-03	8.297690607950528876e-05
5.445272659531630831e-04	-1.859687078865354735e-04	-5.639099067481664310e-05	7.791930689787585421e-04	2.688836089094240561e-04	-8.244175116718199629e-05	-8.021936866093883588e-04	6.346333311794455281e-04	-4.220551307341412206e-03	1.358894805295890766e-03	-9.882471980058092718e-04	1.104392909324208725e-04	5.342861618910408564e-04	-4.955271334624727908e-03	5.473199093791048485e-03	-7.075450272558519429e-04	4.298571599623190673e-03	-9.968698840147112320e-05	-3.355349444016622769e-05	5.312400744539868234e-03	2.048007031280922531e-05	1.114979599824881921e-03	-6.471715395622315570e-03	1.984000378476192747e-03	1.856105878345622835e-04	-7.404865832475165249e-05	-2.514560998700721183e-04	1.002398187596400267e-03	3.247490544900189327e-04	-4.001934820577480708e-04	4.085149977959633789e-04	3.921608371466617378e-04	-3.557145975919593674e-03	-6.152740225126726798e-04	1.266969153839267882e-03	-4.649667290095126429e-03	-1.426732021977012875e-03	4.128946496402405818e-03	8.905585865040859461e-05	-8.752572379422945015e-04	-1.962762100461686390e-04	-1.221460986756469779e-04	5.362162150203497821e-04	-1.263616371290084139e-03	-2.436204052978017238e-04	6.444273880688950948e-04	-1.022202196404913433e-03	-2.416407135988449424e-05	1.014568176380183524e-04	1.325058124936330213e-04	6.770574237097859048e-06	5.798439006493335667e-04	-1.174913745561724721e-04	-5.445364756996963007e-04	7.815123201326574110e-04	-3.267776203282073046e-04	6.765847664501071970e-04	-2.018389080483062262e-03	3.274254270391104352e-03	-6.666291932713657581e-03	-1.932592101385761669e-03	5.850171890802141617e-03	-7.115432076407659373e-03	-3.806221750879515723e-05
-1.752606993836578115e-04	2.170566107108152717e-03	-9.192007625687761453e-04	-8.626121475004456824e-04	-3.499392878028819613e-04	1.245060562340907003e-03	-4.900842781027541558e-04	-4.390650344785193733e-03	8.830003854547037413e-04	-2.210548336111576098e-02	1.176274015588042385e-02	-5.835904653540644610e-04	3.430839109030365880e-04	1.464198084648649740e-03	-7.075450272558519429e-04	1.547330724916397456e-02	2.114034097189877227e-04	1.254410254975841729e-02	-4.353427261807477571e-05	2.322963942032598133e-03	-1.170004866549105571e-02	-5.426322834218169286e-03	1.873005315596795077e-03	-3.365862581798868824e-02	-8.167030528837167236e-04	-8.238730842296529064e-04	1.277453613152682499e-03	-2.848441447734143331e-03	5.974370330886770138e-05	1.753722596591592194e-03	-2.077094052049855181e-04	6.284890372050987899e-04	-1.161000369216833028e-03	-4.658275229343554155e-04	-1.114800268129899005e-02	-1.210241965033428306e-03	2.014117881998733761e-02	2.345843504453103655e-03	-1.300506811964527616e-03	1.336512734607796932e-02	1.089591317046341434e-03	2.512887685979401861e-03	-5.623819234811866519e-03	1.109410142809613654e-03	1.027527089627448126e-03	-3.607484277493025948e-04	-6.161189883712554164e-04	-1.082438821501630847e-03	-2.253001975272781994e-04	-2.018389080477005909e-03	3.978104819896054363e-03	4.752731827749274779e-05	-1.728658193884049111e-03	-5.251850286745001189e-04	1.161811991938432875e-03	1.946600182318929204e-03	-4.266660223546030022e-03	1.377529570764171075e-02	-3.202495425801202278e-02	-1.643524732753740870e-03	1.281736251687225388e-02	3.946276894738385784e-04	8.285393079407067781e-04	-1.249070767545038506e-03
3.470360405479494949e-04	-1.952952597965122445e-04	1.413192271611351104e-04	-1.633406884824153298e-04	-6.250621172717140002e-05	1.587619692592773246e-03	-1.655397068570120360e-03	6.829593494189664356e-05	-3.584433595403784152e-03	4.271458908166017219e-05	-2.032657930044116479e-04	-6.355961317118380416e-04	3.272495698583081079e-04	-3.603354881178418012e-03	4.298571599623190673e-03	2.114034097189877227e-04	3.994619242057048485e-03	5.969693499944527275e-04	2.488867474320871718e-04	5.290002182472588500e-03	-7.339968278999490061e-04	1.698532203962597564e-04	-5.422065462312636308e-03	-2.314006508246856889e-04	-6.704480369745169019e-04	-5.485276393865968787e-04	2.040483429416039293e-04	-1.583035476162179562e-03	4.290979086203549286e-05	8.077759440691932059e-04	-4.259173982654145929e-05	2.752261297655087197e-04	-3.563177327103438791e-03	-6.575749220780824703e-04	2.821975903896374962e-04	-4.229135813618465321e-03	-1.977783648594753582e-05	3.465229047892009161e-03	7.652418578651757610e-04	1.035991633906155535e-05	1.456785281279269779e-03	2.712579167715022002e-04	-1.135264059869634727e-04	3.292999560629659978e-05	-9.262335998150636593e-05	7.171845039690738803e-04	-1.835302374055657135e-03	-1.695855971298384785e-04	-8.971028346084483152e-04	-5.639099067378450974e-05	5.212811895885521721e-05	1.048777832717570711e-04	2.416073806343574403e-04	-1.435654173705918323e-03	3.077181080694365266e-03	1.915507494616583905e-05	6.471179878097754420e-06	-9.192007625735953156e-04	8.066349896305922930e-04	-5.538562767340979298e-03	-8.582777087646990127e-04	4.636352411969800122e-03	-5.483431634837519775e-03	-3.297948562121712115e-04
7.902210982503061066e-05	1.047891848364267305e-03	-2.032657930038617947e-04	1.088847003723246529e-05	-6.608992791271642558e-04	4.674797839352376081e-04	-2.597063715192698399e-04	-3.976708156907612576e-03	7.026747938745939127e-04	-1.924268699173299624e-02	1.052990616899125015e-02	-6.575036897062575296e-04	2.161738627691873159e-04	4.991095278995510802e-04	-9.968698840147112320e-05	1.254410254975841729e-02	5.969693499944527275e-04	1.174931221713257194e-02	-8.832939549295975830e-04	3.490255447723856520e-03	-9.928885981860643278e-03	-5.192728903748654659e-03	1.768162688559713359e-03	-2.935534720794297225e-02	-4.627294715371854314e-04	-6.467343989219182226e-04	1.505922621244430498e-03	-1.389391525646719097e-03	-6.960269293056427263e-04	6.856417803637820203e-04	1.408271745334372348e-04	-1.139739652152883852e-03	-1.792228995652939746e-03	-4.404050635964499878e-04	-9.610777123357918533e-03	-1.658176800603863507e-03	1.776563867745200448e-02	2.190348743452258905e-03	-1.209710271155087008e-03	1.205949079275630935e-02	8.168155581157591529e-04	1.661417325279612809e-03	-4.624831520214098615e-03	6.841055328028468286e-04	1.839164987918427089e-03	-1.558359995388149989e-05	-8.678460443833016383e-04	1.005423020208465786e-04	-3.663631057757690867e-04	-9.882471980033604927e-04	2.032372190003859172e-03	-1.583690535219159313e-04	-1.253321671992152194e-03	-2.925629931107899019e-04	9.154614046076957725e-04	1.209034847546651675e-03	-3.606797414090515477e-03	1.176274015587975424e-02	-2.794925383160359530e-02	-1.526596800967343088e-03	1.143025112771098306e-02	1.089344298645033302e-03	-9.068971512185071589e-04	5.438476284279435797e-05
-3.915092936160326188e-05	-2.345089369749069215e-04	2.488867474350063861e-04	-2.561261039688255943e-04	6.909854973608356747e-05	2.631671779697123412e-04	-2.384501512297969913e-04	-2.985440854321321598e-04	-2.345089369726811358e-04	7.620597446968610782e-04	-8.832939549282029738e-04	2.120278391612973295e-04	-5.730817364957693436e-04	3.601634752675709995e-04	-3.355349444016622769e-05	-4.353427261807477571e-05	2.488867474320871718e-04	-8.832939549295975830e-04	2.135398375913133244e-03	-5.714807684799277747e-04	-6.610014629783339838e-04	1.941632186604510103e-04	-6.583726526633011753e-04	2.962454592036421188e-04	-2.561261039662139681e-04	2.120278391584131620e-04	-5.714807684708038881e-04	-3.307512787244893488e-04	8.174449346493301417e-05	-1.434425427116576505e-06	-1.799762044868513268e-05	-3.967410804020824952e-04	6.909854973910320604e-05	-5.730817364951962343e-04	-6.610014629771449393e-04	8.174449346839888326e-05	2.960507351324807813e-04	5.989049905704094275e-05	4.388460579148054444e-04	-2.311534999050908208e-04	2.631671779666399291e-04	3.601634752653871453e-04	1.941632186561999620e-04	-1.434425428396422959e-06	5.989049905850343661e-05	7.134166626621344493e-05	-3.031793391182236201e-05	-4.654259578878787679e-04	-2.384501512282582645e-04	-3.355349443700509396e-05	-6.583726526636715388e-04	-1.799762044692565212e-05	4.388460579143609215e-04	-3.031793391402388873e-05	2.636797699531525123e-04	9.877040791442205300e-04	-2.985440854356219897e-04	-4.353427261927360516e-05	2.962454592050033347e-04	-3.967410804018816468e-04	-2.311534999039859645e-04	-4.654259578906504765e-04	9.877040791537018780e-04	-1.853949320644075662e-03
4.031142999482486828e-04	-2.140233823102564580e-04	2.040483429407168080e-04	2.432510179280873383e-04	-3.855366573738280779e-04	2.185387578303785942e-03	-1.892881776482922785e-03	-9.106180370727092431e-04	-2.729346599003891743e-03	-3.324432759623615306e-03	1.505922621252322189e-03	-3.338415164734723651e-03	5.839178016100856966e-04	-6.158754916922152579e-03	5.312400744539868234e-03	2.322963942032598133e-03	5.290002182472588500e-03	3.490255447723856520e-03	-5.714807684799277747e-04	1.316419551349123397e-02	-1.717332034850535451e-03	-3.640400189256121424e-03	-1.624896054347921368e-03	-5.046417709097242819e-03	-1.588909032775765720e-03	-1.124783202244967811e-03	7.047833594979658516e-04	-3.612411767602284954e-03	-3.279227347322844215e-04	1.489672412745041748e-03	3.740188353893312201e-04	-1.514915133215941241e-04	-6.856845686752955152e-03	-1.018158358059094003e-03	-7.904478956453029346e-04	-6.254258079280945910e-03	2.192231517004024008e-03	3.338247810995727521e-03	-1.034760200766569405e-03	2.041239833309580441e-03	3.288254836886331071e-03	7.526630641264926225e-04	-1.180739697840251824e-03	1.578671152734099480e-03	4.939436651207765403e-04	9.480770535973557980e-04	-3.994860509601873971e-03	-4.809761471208807287e-05	-1.823086990793615358e-03	-2.514560998696695540e-04	3.583125343010705715e-04	-6.778472048571097678e-04	1.625928419413165827e-04	-2.037105998034422025e-03	5.582912633566158508e-03	3.473451669202470360e-04	8.876633165288640073e-04	1.277453613149988256e-03	-3.276476020716862208e-03	-2.290291541233984568e-03	-2.381499983479839263e-04	6.299397554345173046e-03	-1.260965812365356584e-02	-5.795314382077334375e-04
-9.580036017039196224e-05	-1.142134508136580066e-03	2.821975903847713258e-04	6.045660902947844108e-04	5.533188505868368761e-04	-1.164540919849652544e-03	1.000669807856331348e-03	4.123351454841369355e-03	-3.741311719013372535e-05	1.745560966161167210e-02	-9.610777123355902785e-03	-8.049755600994057490e-05	-2.559664397425475465e-04	-1.087397064731485726e-03	2.048007031280922531e-05	-1.170004866549105571e-02	-7.339968278999490061e-04	-9.928885981860643278e-03	-6.610014629783339838e-04	-1.717332034850535451e-03	1.110034098193097077e-02	4.414785507221230358e-03	1.527468224567356280e-04	2.840999348496838287e-02	6.139234978996131915e-04	1.191043088711423841e-04	-7.904478956494750529e-04	1.815558927124007443e-03	4.713682118730003223e-04	-8.426892300521574269e-04	2.143848947126013153e-04	1.283168911391738450e-03	1.191778221189775805e-03	3.983097881236921873e-04	9.922149974840144271e-03	1.622105861767193617e-03	-1.823128966111999677e-02	-2.911450505825657724e-03	4.315493264720260467e-04	-1.202094323625480313e-02	-9.340308621172584147e-04	-2.118790720010550049e-03	4.532735592306037092e-03	-4.119371618233000094e-04	-1.511933697242771359e-03	-3.780522327230200863e-05	4.947284458482617900e-04	4.582575815431224686e-04	5.569216246213233492e-04	1.266969153832935490e-03	-1.739385945419152663e-03	-7.947682574010968065e-06	4.987510221584482220e-04	4.870950124225302872e-04	-1.222328574815098254e-03	-2.299628376702896049e-03	4.136317534355916752e-03	-1.114800268129633246e-02	2.707801868599945400e-02	3.347152262019554431e-03	-1.119191939338369177e-02	-9.964850598240774116e-04	-1.139965530324405212e-03	3.237128563278011831e-04
3.775551112810828316e-05	-5.876886416241001521e-04	-1.135264059842552983e-04	5.549423784927407302e-04	8.327154872540192898e-04	-1.342548891812392212e-03	6.380242538669810958e-04	3.041949037855661269e-03	-1.539508716129229897e-03	8.339269215877360975e-03	-4.624831520224907677e-03	3.595501418038605222e-04	7.062133810643931708e-05	-1.132367192980852878e-03	1.114979599824881921e-03	-5.426322834218169286e-03	1.698532203962597564e-04	-5.192728903748654659e-03	1.941632186604510103e-04	-3.640400189256121424e-03	4.414785507221230358e-03	6.877201061749235386e-03	-4.188764725899245429e-03	1.353801612958472657e-02	1.066557237568600738e-03	1.762096389758057043e-04	-1.180739697833156805e-03	2.606173132447944362e-03	8.638114189968528660e-04	-1.165138093070485154e-03	-3.877003204426376394e-05	1.327844927808301007e-03	1.185274301222512261e-03	2.187691657627552529e-04	4.532735592312238729e-03	6.568993880843496634e-04	-8.324865405989544803e-03	-6.667761693440997246e-04	5.161807767465780624e-04	-5.638851485181329420e-03	-2.336520307991655967e-03	-1.049366223553767005e-03	3.374029857522319389e-03	-1.803747517089769950e-03	-1.488329440051930483e-03	6.780352259502338199e-05	1.617740597741596561e-03	-1.950246432743935456e-04	1.236621821384088380e-03	5.362162150239007611e-04	-1.022694783816145226e-03	5.841637392317959587e-04	3.617199135104463619e-04	7.651931942595142401e-04	-2.632592254196018840e-03	-9.582598447315936359e-04	5.149748236719025674e-04	-5.623819234817955398e-03	1.324062767818827771e-02	-1.827573374608566694e-03	-5.260142128593201828e-03	3.161974888605409645e-04	1.218571547434121579e-03	1.226410602582495013e-04
-5.602841385852833089e-04	3.145922645779359347e-04	5.212811895877135417e-05	1.070495011789795352e-03	-3.816721886303778115e-04	-2.799343911306576786e-03	3.011948443595918647e-03	-1.036567947468588569e-03	6.948926370890121801e-03	-3.527919574107592649e-03	2.032372190015794070e-03	-1.214623918799208335e-03	-6.027635755559110657e-04	3.763900698720876875e-03	-6.471715395622315570e-03	1.873005315596795077e-03	-5.422065462312636308e-03	1.768162688559713359e-03	-6.583726526633011753e-04	-1.624896054347921368e-03	1.527468224567356280e-04	-4.188764725899245429e-03	1.341250130525545835e-02	-4.540303249478106450e-03	6.911774102031865898e-04	7.641209538366672792e-04	3.583125343009429609e-04	1.911207851217675609e-03	-5.494890447514476752e-04	-1.100914613338145609e-03	3.668995746511138694e-04	-9.335549814188822109e-04	2.935415493693048061e-03	5.393341127738319769e-04	-1.739385945431707291e-03	5.338111300681033441e-03	2.382237527058237922e-03	-5.999801407467074757e-03	-3.576974969746247405e-03	1.902347140058050423e-03	-1.475555248438556975e-03	-2.360972255880266655e-04	-1.022694783818456745e-03	1.091610164642795727e-03	8.063899676936793319e-04	-9.766503056442788974e-04	1.591158350765068752e-03	3.895463635052927613e-04	1.033599625236810522e-03	6.770574235095093690e-06	2.686399690475476504e-04	-1.065573703348063166e-03	-6.531601847457107687e-04	2.362268880767837836e-03	-4.176764973793579971e-03	6.807703646296035587e-05	8.815594846334904233e-04	3.978104819909534899e-03	-5.777977666770246767e-03	1.281207269893630540e-02	2.199910261849166281e-03	-6.471423890306913715e-03	2.558990470277155461e-03	-3.852914761797933581e-04
9.041485709195774194e-05	-3.286480112619823667e-03	8.066349896210288709e-04	2.208924727111580277e-03	1.754553727835940664e-03	-3.611637062734155117e-03	1.836952211556668654e-03	1.128672694378452662e-02	-2.457595395952482525e-03	5.068456781314953363e-02	-2.794925383160015014e-02	7.921996999694805395e-04	-2.821790360023627357e-04	-3.853469059053379366e-03	1.984000378476192747e-03	-3.365862581798868824e-02	-2.314006508246856889e-04	-2.935534720794297225e-02	2.962454592036421188e-04	-5.046417709097242819e-03	2.840999348496838287e-02	1.353801612958472657e-02	-4.540303249478106450e-03	8.074023748191044847e-02	2.493500943888311318e-03	9.782272610913056096e-04	-3.276476020708655665e-03	7.139937534387509784e-03	1.523193119858360809e-03	-3.302835852685901113e-03	8.027287743767161279e-05	3.023982059250023870e-03	2.685841875748031828e-03	9.542912982215476236e-04	2.707801868600515083e-02	2.700816443065520017e-03	-4.987000500918925550e-02	-5.459679112784695046e-03	2.232258971404233946e-03	-3.356782261093275987e-02	-3.903489889729560430e-03	-5.304810376414003346e-03	1.324062767815958538e-02	-3.129454326956420535e-03	-4.431458674105911814e-03	5.169039102464659642e-04	2.108944109352832962e-03	6.464491915219008813e-04	1.883666289721947374e-03	3.274254270376659309e-03	-5.777977666728454677e-03	2.183290394085009474e-04	2.373096390608131663e-03	1.667891563171555302e-03	-4.255373999473666818e-03	-4.848579409067573648e-03	1.078580947829840472e-02	-3.202495425801156481e-02	7.718624604374138554e-02	4.241849104838601135e-03	-3.184001134946431999e-02	-7.964745199628244562e-04	-2.857738550790567961e-03	3.456449819689737853e-04
3.941997250128942551e-04	7.068373895414024801e-04	-1.633406884843401140e-04	1.193437192870447708e-02	5.223099019758683332e-04	-2.071674997686168140e-02	1.114148547650774604e-02	1.122306886949281379e-03	6.781119318181587797e-04	2.642204792804996342e-04	1.088847003507633276e-05	3.918795850736154357e-03	-2.002134852895740176e-04	-1.814326069294794515e-03	1.856105878345622835e-04	-8.167030528837167236e-04	-6.704480369745169019e-04	-4.627294715371854314e-04	-2.561261039662139681e-04	-1.588909032775765720e-03	6.139234978996131915e-04	1.066557237568600738e-03	6.911774102031865898e-04	2.493500943888311318e-03	1.304500912468044803e-02	3.761465252849954810e-03	2.432510179136241626e-04	3.307934895997515640e-02	-6.860233104349448005e-04	-1.346125703039742841e-02	-7.398371053512255982e-04	-1.056545639576714386e-03	1.425865230769331714e-03	1.015956156984860158e-05	6.045660902914543923e-04	-1.244281976664805367e-04	-3.406927105811406102e-04	1.669906383132899186e-03	-4.299151956171941291e-03	-9.581189817209287158e-04	-2.184692091107854131e-02	-2.888859426436334726e-03	5.549423785123354077e-04	-1.426037818336324536e-02	1.467193029871076849e-03	2.274884716837180184e-04	1.376873346396322896e-02	1.792827293881089912e-03	1.141299827156161406e-02	7.791930689739303730e-04	1.070495011783796028e-03	-3.137908490252637385e-05	-4.346454779818061283e-03	1.315957967390202037e-02	-3.094451483263726058e-02	-3.250090649583176061e-03	5.836551008673203367e-04	-8.626121474998650921e-04	2.208924727108656401e-03	-1.606038918369734596e-03	-5.088256015299324943e-04	1.235790498364507713e-03	-1.275292386944558128e-03	9.409432374998249484e-05
2.985168097873523669e-05	1.059619205115979465e-03	-6.355961317221449011e-04	3.918795850741308220e-03	7.113118034065093499e-04	-6.997272395180189480e-03	3.977132488377780467e-03	-1.219435667370927017e-04	7.711643704085634861e-04	1.039625693135912566e-03	-6.575036896906626908e-04	2.630373315776100666e-03	5.032238423484218254e-05	-8.994930500639578778e-04	-7.404865832475165249e-05	-8.238730842296529064e-04	-5.485276393865968787e-04	-6.467343989219182226e-04	2.120278391584131620e-04	-1.124783202244967811e-03	1.191043088711423841e-04	1.762096389758057043e-04	7.641209538366672792e-04	9.782272610913056096e-04	3.761465252849954810e-03	7.077177729068287980e-03	-3.338415164749271476e-03	1.129170897553455344e-02	-6.020668040980714985e-05	-5.045102227066508918e-03	3.690879102600026123e-04	-3.777590079299150087e-03	6.660371465152432630e-04	9.646234094870614298e-05	-8.049755602428821527e-05	2.034221650344809050e-04	3.401793385595046739e-04	5.744034558716414572e-04	-1.845144608409875382e-03	7.211411752444589853e-05	-7.433418024558227644e-03	-1.524351343049167376e-03	3.595501417997277603e-04	-4.757289783760079022e-03	1.048802704673330258e-03	-1.174634850054655954e-04	4.814160449314467197e-03	1.039878909298792451e-03	3.940795393131404575e-03	1.104392909216044921e-04	-1.214623918788219513e-03	1.152117437958880182e-04	7.121699679397603712e-04	4.734086411052071050e-03	-1.111053803168229881e-02	1.252864921684554867e-03	8.779204902489639532e-05	-5.835904653373775054e-04	7.921996999216234219e-04	-3.595390890807512131e-04	2.056334983075993407e-05	3.613726544439797980e-04	-2.315119087110058564e-04	4.679671192262040104e-04
4.031142999507332948e-04	-2.729346599010895689e-03	5.290002182480736496e-03	-1.588909032788960026e-03	-6.856845686761960101e-03	3.288254836909410700e-03	-1.823086990813155717e-03	8.876633165307396770e-04	-2.140233823146275275e-04	-3.324432759618255878e-03	3.490255447715348569e-03	-1.124783202254111755e-03	-1.018158358054722283e-03	7.526630641274827159e-04	-2.514560998700721183e-04	1.277453613152682499e-03	2.040483429416039293e-04	1.505922621244430498e-03	-5.714807684708038881e-04	7.047833594979658516e-04	-7.904478956494750529e-04	-1.180739697833156805e-03	3.583125343009429609e-04	-3.276476020708655665e-03	2.432510179136241626e-04	-3.338415164749271476e-03	1.316419551350270570e-02	-3.612411767649681069e-03	-6.254258079285967067e-03	1.578671152752994088e-03	-6.778472048572039849e-04	-2.290291541232233365e-03	-3.855366573741391355e-04	5.839178016133229074e-04	-1.717332034850178749e-03	-3.279227347305668284e-04	2.192231516994840382e-03	4.939436651144910951e-04	1.625928419474489657e-04	-2.381499983602148652e-04	2.185387578332489544e-03	-6.158754916920574848e-03	-3.640400189250088923e-03	1.489672412766822069e-03	3.338247810991245429e-03	9.480770535962253004e-04	-2.037105998057753622e-03	6.299397554344428850e-03	-1.892881776504543295e-03	5.312400744543333345e-03	-1.624896054356815295e-03	3.740188353858972265e-04	-1.034760200753700142e-03	-3.994860509618726810e-03	5.582912633622457224e-03	-1.260965812365525199e-02	-9.106180370670191333e-04	2.322963942037092368e-03	-5.046417709085012152e-03	-1.514915133158797824e-04	2.041239833298960030e-03	-4.809761471571836122e-05	3.473451669214983680e-04	-5.795314382209568009e-04
7.614641637311825827e-04	1.930287400043380949e-03	-1.583035476170212199e-03	3.307934895999319058e-02	3.446974249890674778e-03	-5.805109345616051020e-02	3.125494345128830564e-02	2.205425512417860754e-03	1.930287400023815653e-03	1.632621708286824489e-03	-1.389391525643912531e-03	1.129170897551823663e-02	-2.238051506405825167e-04	-5.709843307984923191e-03	1.002398187596400267e-03	-2.848441447734143331e-03	-1.583035476162179562e-03	-1.389391525646719097e-03	-3.307512787244893488e-04	-3.612411767602284954e-03	1.815558927124007443e-03	2.606173132447944362e-03	1.911207851217675609e-03	7.139937534387509784e-03	3.307934895997515640e-02	1.129170897553455344e-02	-3.612411767649681069e-03	9.137355400009238016e-02	-4.249103254225851693e-04	-3.868086119090012598e-02	4.519537660095963036e-04	-4.021482867942212727e-03	3.446974249899212653e-03	-2.238051506367560962e-04	1.815558927115167726e-03	-4.249103254419028873e-04	-1.372934559508093852e-03	4.127395126243644727e-03	-1.135923884211497044e-02	-2.149725219259177554e-03	-5.805109345612338018e-02	-5.709843307986745518e-03	2.606173132505070975e-03	-3.868086119088490205e-02	4.127395126210771717e-03	5.776594657152433945e-04	3.635491553866522507e-02	3.560696952154798929e-03	3.125494345127827894e-02	1.002398187580981611e-03	1.911207851198471570e-03	4.519537659966922920e-04	-1.135923884207216961e-02	3.635491553868679115e-02	-8.512975811851372643e-02	-4.567034337547380002e-03	2.205425512475903300e-03	-2.848441447727649393e-03	7.139937534369159879e-03	-4.021482867942925699e-03	-2.149725219255358127e-03	3.560696952179634965e-03	-4.567034337616498324e-03	4.251779105106064170e-04
-2.831835590114385411e-04	3.482459700360049717e-03	-4.229135813620358772e-03	-1.244281976585895778e-04	4.130326231659044514e-03	-1.621366350455321183e-04	2.137914998729631313e-04	6.741939053931903392e-04	-1.254257574901534739e-04	1.544081881606209575e-03	-1.658176800604568455e-03	2.034221650391863424e-04	6.083477851355889978e-04	-4.170385000906074889e-04	3.247490544900189327e-04	5.974370330886770138e-05	4.290979086203549286e-05	-6.960269293056427263e-04	8.174449346493301417e-05	-3.279227347322844215e-04	4.713682118730003223e-04	8.638114189968528660e-04	-5.494890447514476752e-04	1.523193119858360809e-03	-6.860233104349448005e-04	-6.020668040980714985e-05	-6.254258079285967067e-03	-4.249103254225851693e-04	5.304470507560190423e-03	8.727733402437555608e-04	1.965891971119895158e-04	7.031954197083797181e-03	2.545530377427582735e-05	-5.515190165689285101e-04	1.622105861770858221e-03	1.774106798679787791e-04	-1.524134838966716967e-03	-3.890798473111649900e-04	3.223413324048507379e-04	-4.653900976941720486e-05	-2.905705624564448950e-04	4.265230889459044675e-03	6.568993880847126543e-04	-5.769145226537368445e-05	-4.665517864496591602e-03	-9.155188300900096807e-04	5.354862712614284152e-04	-5.749487705122247223e-03	1.045550486292698726e-03	-4.649667290094669329e-03	5.338111300681219057e-03	3.231926091387147615e-04	1.999416962933755256e-05	1.138312734037523737e-03	-1.222123396222328691e-03	6.544506472215869120e-03	4.344989969411215745e-04	-1.210241965040957657e-03	2.700816443074772165e-03	7.256634791037128466e-05	-1.135443056652457768e-03	-1.592384051698499505e-05	-7.144710494253561390e-05	-5.215965008067544089e-05
-3.459631874252750827e-04	7.316487309482410609e-05	3.292999560841955572e-05	-1.426037818337406310e-02	-1.213208738062205444e-03	2.547427723053343612e-02	-1.374986256665901123e-02	-5.903042428989713816e-04	-1.016632232506978466e-03	-8.939947635228544850e-04	6.841055327996178577e-04	-4.757289783751702042e-03	2.273105730272289020e-04	2.534921132492891967e-03	-4.001934820577480708e-04	1.753722596591592194e-03	8.077759440691932059e-04	6.856417803637820203e-04	-1.434425427116576505e-06	1.489672412745041748e-03	-8.426892300521574269e-04	-1.165138093070485154e-03	-1.100914613338145609e-03	-3.302835852685901113e-03	-1.346125703039742841e-02	-5.045102227066508918e-03	1.578671152752994088e-03	-3.868086119090012598e-02	8.727733402437555608e-04	1.788756593020932040e-02	-1.302488012080128430e-03	3.742784176547268860e-03	-1.606349253667753007e-03	-5.701136443125019194e-05	-4.119371618191953284e-04	-5.769145225823638833e-05	5.375171516899069973e-04	-1.453068918835992603e-03	4.877728257083165965e-03	9.734749810792879023e-04	2.409012585352819646e-02	2.869718685323156999e-03	-1.803747517114386110e-03	1.625070328425155461e-02	-2.805698501485541160e-03	-4.955046678280241278e-04	-1.491427052348205315e-02	-2.463584725170068525e-03	-1.317479595981697893e-02	-1.263616371286534461e-03	1.091610164653748771e-03	-4.330580182929946688e-04	4.573381575293228481e-03	-1.538104547184986071e-02	3.582907268034080106e-02	2.103399460792816384e-03	-1.257450555482379079e-03	1.109410142804959608e-03	-3.129454326944071038e-03	1.145582744773598069e-03	1.002643109413847667e-03	-1.387257480132991772e-03	2.146816201445899200e-03	-2.163042246600322847e-04
5.635011046380836771e-04	-4.136043457712952013e-04	1.048777832735138581e-04	-3.137908489809481945e-05	2.139431915918047259e-04	-7.577476677922322318e-04	9.157916294772604649e-04	-2.302944720896879809e-04	2.589067128932496316e-04	5.123628353917507143e-05	-1.583690535192679573e-04	1.152117437913205455e-04	-5.732980529437569077e-05	-5.329091855600851229e-04	4.085149977959633789e-04	-2.077094052049855181e-04	-4.259173982654145929e-05	1.408271745334372348e-04	-1.799762044868513268e-05	3.740188353893312201e-04	2.143848947126013153e-04	-3.877003204426376394e-05	3.668995746511138694e-04	8.027287743767161279e-05	-7.398371053512255982e-04	3.690879102600026123e-04	-6.778472048572039849e-04	4.519537660095963036e-04	1.965891971119895158e-04	-1.302488012080128430e-03	2.852253476981425184e-03	-9.189608039766640219e-04	-1.338507543797059747e-04	-6.944181771868821417e-05	-7.947682574603403237e-06	3.231926091411906998e-04	-1.888034200001126794e-04	-3.903196784004047282e-04	-1.982329708993437053e-04	1.950524276948399681e-05	3.996726044622263708e-04	-1.920403627114697571e-04	5.841637392343863346e-04	-4.330580182960242007e-04	3.006104410774112319e-04	-5.827239295337486354e-04	-1.102839855720621955e-03	3.044462311540255999e-04	1.860542469157793041e-04	5.798439006520809350e-04	-1.065573703354956740e-03	1.948502787804792065e-03	1.480921327682329356e-04	-1.975960797857085000e-04	7.143184597221450909e-05	2.697583914862426626e-04	2.755795516500329171e-04	4.752731827961783825e-05	2.183290394048189968e-04	6.473647412401943232e-04	-2.936574913010211443e-04	9.980610652210897705e-05	-9.002339428402436616e-04	-6.641086517892154329e-05
-6.061805931367158498e-04	6.449823118782496353e-03	-5.538562767338186393e-03	-1.606038918362494511e-03	3.391206356188977960e-03	2.376325925932121219e-03	-1.040000694510950612e-03	3.387072647849972105e-03	-4.375324028615364190e-04	2.154065518077547588e-03	-1.526596800982734856e-03	-3.595390890754431761e-04	5.338901320467946948e-04	-4.820041319494478569e-04	3.921608371466617378e-04	6.284890372050987899e-04	2.752261297655087197e-04	-1.139739652152883852e-03	-3.967410804020824952e-04	-1.514915133215941241e-04	1.283168911391738450e-03	1.327844927808301007e-03	-9.335549814188822109e-04	3.023982059250023870e-03	-1.056545639576714386e-03	-3.777590079299150087e-03	-2.290291541232233365e-03	-4.021482867942212727e-03	7.031954197083797181e-03	3.742784176547268860e-03	-9.189608039766640219e-04	1.698109154052900027e-02	-2.779657361377008986e-04	-7.597720855667831810e-04	3.347152262034404531e-03	7.256634791142504786e-05	-3.277604915798111324e-03	-6.884760449891770290e-04	1.045974641074240213e-03	-1.486492698397885812e-03	7.025720408061621007e-04	4.421574976621941468e-03	-1.827573374602783777e-03	1.145582744777897365e-03	-8.886231551288384378e-03	-1.097664228891716276e-03	-1.367730282167464034e-04	-8.535473791043241346e-03	1.187919666803227171e-03	-6.666291932709450009e-03	1.281207269893277351e-02	6.473647412288767704e-04	-1.264122691238012477e-03	-7.877838239201536905e-04	1.613925880001217724e-03	3.371894054310534215e-03	8.075565883131954328e-04	-1.643524732774160734e-03	4.241849104889427666e-03	3.372943728761242099e-04	-1.819228672075421348e-03	-1.631834282793255910e-04	-1.370864720262750767e-05	-8.205622840767009055e-04
-2.841217370731998100e-04	2.513921774115906484e-05	-6.250621172811907404e-05	5.223099019800146476e-04	2.307593138518217602e-04	-2.354640340740496440e-03	1.858787965497369320e-03	3.818679289399596038e-04	1.888475734542216684e-03	1.451775463798099736e-03	-6.608992791245608695e-04	7.113118033986016130e-04	-2.974512993118953730e-04	3.897728678951940286e-03	-3.557145975919593674e-03	-1.161000369216833028e-03	-3.563177327103438791e-03	-1.792228995652939746e-03	6.909854973910320604e-05	-6.856845686752955152e-03	1.191778221189775805e-03	1.185274301222512261e-03	2.935415493693048061e-03	2.685841875748031828e-03	1.425865230769331714e-03	6.660371465152432630e-04	-3.855366573741391355e-04	3.446974249899212653e-03	2.545530377427582735e-05	-1.606349253667753007e-03	-1.338507543797059747e-04	-2.779657361377008986e-04	4.771682204414606082e-03	6.598710754658943011e-04	5.533188505806526953e-04	4.130326231655913338e-03	-1.453158397370924544e-03	-2.107055455789655189e-03	-1.394830565952626025e-03	-1.203932168694866675e-03	-2.890892278675937302e-03	-5.250806102628000722e-04	8.327154872507883674e-04	-1.213208738065245764e-03	-6.568583569010208543e-06	-5.988632616010069586e-04	2.920240474643604096e-03	2.167211727073955455e-04	1.619548499374930898e-03	2.688836089076256358e-04	-3.816721886269671283e-04	2.139431915914444997e-04	-5.540640015838414019e-04	1.844389780342002485e-03	-4.681630304254221636e-03	-3.909817129965912816e-04	6.240835018766335623e-04	-3.499392877973715580e-04	1.754553727826651437e-03	3.391206356191109935e-03	-1.637424662697032729e-05	-4.065996427547409475e-03	6.301898602067055287e-03	2.332420300065850944e-04
-5.785678174349984866e-06	-3.624609186937253645e-04	3.272495698599988670e-04	-2.002134852900185405e-04	-2.974512993140953276e-04	1.500364413166395752e-04	-4.104075654410199638e-05	1.892787001042288213e-04	3.997606589929050391e-04	8.364586392518600440e-05	2.161738627713997388e-04	5.032238423903412827e-05	1.650708379980158583e-04	6.395594753666024659e-04	-6.152740225126726798e-04	-4.658275229343554155e-04	-6.575749220780824703e-04	-4.404050635964499878e-04	-5.730817364951962343e-04	-1.018158358059094003e-03	3.983097881236921873e-04	2.187691657627552529e-04	5.393341127738319769e-04	9.542912982215476236e-04	1.015956156984860158e-05	9.646234094870614298e-05	5.839178016133229074e-04	-2.238051506367560962e-04	-5.515190165689285101e-04	-5.701136443125019194e-05	-6.944181771868821417e-05	-7.597720855667831810e-04	6.598710754658943011e-04	8.926463586920299403e-04	-2.559664397450047281e-04	6.083477851373190592e-04	-2.755316967796194371e-04	-4.037600446750489488e-04	-1.334189997163728653e-04	-6.587867059525142916e-04	1.406773177610758292e-04	-5.889997245779045017e-04	7.062133810507776244e-05	2.273105730240094450e-04	5.150675779707538510e-04	1.122767315973582835e-05	7.949890016003996235e-05	7.988939973483070870e-04	-2.090503288740945282e-04	5.342861618929674837e-04	-6.027635755577384884e-04	-5.732980529195295293e-05	-7.855953053458545200e-05	-2.063841927004316965e-04	2.134131783548356455e-04	-8.557655715410040619e-04	-4.466506400313136071e-06	3.430839109060189571e-04	-2.821790360085999882e-04	5.338901320453340576e-04	1.995863885365570093e-04	-5.395653085998560524e-04	9.063181761425147774e-04	7.004793513533060954e-04
-9.580036016941153177e-05	-3.741311719102525802e-05	-7.339968279039803950e-04	6.139234978991467678e-04	1.191778221196823986e-03	-9.340308621135247477e-04	5.569216246164984327e-04	4.136317534362102775e-03	-1.142134508137850968e-03	1.745560966161881222e-02	-9.928885981867889218e-03	1.191043088758667544e-04	3.983097881270367883e-04	-2.118790720015630187e-03	1.266969153839267882e-03	-1.114800268129899005e-02	2.821975903896374962e-04	-9.610777123357918533e-03	-6.610014629771449393e-04	-7.904478956453029346e-04	9.922149974840144271e-03	4.532735592312238729e-03	-1.739385945431707291e-03	2.707801868600515083e-02	6.045660902914543923e-04	-8.049755602428821527e-05	-1.717332034850178749e-03	1.815558927115167726e-03	1.622105861770858221e-03	-4.119371618191953284e-04	-7.947682574603403237e-06	3.347152262034404531e-03	5.533188505806526953e-04	-2.559664397450047281e-04	1.110034098193642994e-02	4.713682118692751662e-04	-1.823128966112591565e-02	-1.511933697246708097e-03	4.987510221675084659e-04	-1.119191939338434229e-02	-1.164540919841930422e-03	-1.087397064723603793e-03	4.414785507213150016e-03	-8.426892300468174059e-04	-2.911450505821196882e-03	-3.780522327290689857e-05	4.870950124157197628e-04	-9.964850598286661889e-04	1.000669807852046581e-03	2.048007030618004731e-05	1.527468224719808658e-04	2.143848947091970560e-04	4.315493264577637466e-04	4.947284458494257894e-04	-1.222328574805193416e-03	-1.139965530321730269e-03	4.123351454840748324e-03	-1.170004866549921065e-02	2.840999348499007385e-02	1.283168911384472777e-03	-1.202094323626569025e-02	4.582575815463234129e-04	-2.299628376709339679e-03	3.237128563272411927e-04
-2.831835590111143105e-04	-1.254257574922151657e-04	4.290979086310297121e-05	-6.860233104414885028e-04	2.545530377359856691e-05	-2.905705624446019378e-04	1.045550486286228641e-03	4.344989969420018925e-04	3.482459700358011851e-03	1.544081881604118366e-03	-6.960269293073092535e-04	-6.020668042054209984e-05	-5.515190165659397984e-04	4.265230889463443933e-03	-4.649667290095126429e-03	-1.210241965033428306e-03	-4.229135813618465321e-03	-1.658176800603863507e-03	8.174449346839888326e-05	-6.254258079280945910e-03	1.622105861767193617e-03	6.568993880843496634e-04	5.338111300681033441e-03	2.700816443065520017e-03	-1.244281976664805367e-04	2.034221650344809050e-04	-3.279227347305668284e-04	-4.249103254419028873e-04	1.774106798679787791e-04	-5.769145225823638833e-05	3.231926091411906998e-04	7.256634791142504786e-05	4.130326231655913338e-03	6.083477851373190592e-04	4.713682118692751662e-04	5.304470507560967579e-03	-1.524134838967037674e-03	-4.665517864501360357e-03	1.999416963546116709e-05	-1.135443056652851116e-03	-1.621366350361311097e-04	-4.170385000895611254e-04	8.638114189985293678e-04	8.727733402501991911e-04	-3.890798473135663352e-04	-9.155188300890536313e-04	1.138312734029026411e-03	-1.592384051825470421e-05	2.137914998650621977e-04	3.247490544901893150e-04	-5.494890447525099765e-04	1.965891971146484403e-04	3.223413324089031062e-04	5.354862712491640286e-04	-1.222123396198878699e-03	-7.144710494149070050e-05	6.741939053933885314e-04	5.974370331266535666e-05	1.523193119854897651e-03	7.031954197091622519e-03	-4.653900977233452863e-05	-5.749487705126706330e-03	6.544506472217702722e-03	-5.215965008591252363e-05
1.083362838969914740e-04	1.583306137477499039e-03	-1.977783648360570317e-05	-3.406927105806720722e-04	-1.453158397379075142e-03	4.511072117195839381e-04	-3.525789036654814585e-04	-7.109753747077849143e-03	1.583306137471133688e-03	-3.126006461437437489e-02	1.776563867745546699e-02	3.401793385375554346e-04	-2.755316967847245657e-04	2.699828460635121663e-03	-1.426732021977012875e-03	2.014117881998733761e-02	-1.977783648594753582e-05	1.776563867745200448e-02	2.960507351324807813e-04	2.192231517004024008e-03	-1.823128966111999677e-02	-8.324865405989544803e-03	2.382237527058237922e-03	-4.987000500918925550e-02	-3.406927105811406102e-04	3.401793385595046739e-04	2.192231516994840382e-03	-1.372934559508093852e-03	-1.524134838966716967e-03	5.375171516899069973e-04	-1.888034200001126794e-04	-3.277604915798111324e-03	-1.453158397370924544e-03	-2.755316967796194371e-04	-1.823128966112591565e-02	-1.524134838967037674e-03	3.317235411828348135e-02	3.435586412290535067e-03	-8.492657062453658808e-04	2.134346865324758188e-02	4.511072117180938649e-04	2.699828460624907611e-03	-8.324865405969439358e-03	5.375171516890039653e-04	3.435586412277775309e-03	-2.415577158448521363e-04	2.321553787504065285e-04	2.929511232880682931e-04	-3.525789036666448074e-04	-1.426732021971254026e-03	2.382237527038053547e-03	-1.888034199989577873e-04	-8.492657062237610925e-04	2.321553787454375215e-04	-3.680201109407083243e-04	2.927469260721873162e-03	-7.109753747066074707e-03	2.014117881999464774e-02	-4.987000500920853174e-02	-3.277604915782894764e-03	2.134346865325830594e-02	2.929511232858609659e-04	2.927469260720261604e-03	3.579851591662674146e-04
2.839872289334345774e-04	4.431003304613896805e-04	-9.262335998477646876e-05	1.467193029883505709e-03	-6.568583568797732022e-06	-1.756622772810807753e-03	1.452664184107235366e-04	-9.377747220143167663e-04	-3.831602811827248146e-03	-3.404824857894631508e-03	1.839164987925304400e-03	1.048802704677545636e-03	5.150675779690324632e-04	-2.896651117485158841e-03	4.128946496402405818e-03	2.345843504453103655e-03	3.465229047892009161e-03	2.190348743452258905e-03	5.989049905704094275e-05	3.338247810995727521e-03	-2.911450505825657724e-03	-6.667761693440997246e-04	-5.999801407467074757e-03	-5.459679112784695046e-03	1.669906383132899186e-03	5.744034558716414572e-04	4.939436651144910951e-04	4.127395126243644727e-03	-3.890798473111649900e-04	-1.453068918835992603e-03	-3.903196784004047282e-04	-6.884760449891770290e-04	-2.107055455789655189e-03	-4.037600446750489488e-04	-1.511933697246708097e-03	-4.665517864501360357e-03	3.435586412290535067e-03	6.342144238870202344e-03	-1.754676300867566256e-03	2.186245380164533389e-03	-2.727876548082265942e-03	2.242907671565518620e-04	-1.488329440054330689e-03	-2.805698501494964178e-03	9.415256121206273202e-04	7.185081685407880689e-04	1.048950348031720079e-03	3.505710177024385157e-04	1.377855489838002503e-03	-2.436204053009214613e-04	8.063899676972146983e-04	3.006104410730494865e-04	-1.215257466070468429e-03	9.212278599987362270e-04	-2.797681299867936684e-03	-2.947965410112752226e-04	-1.330424998541145359e-03	1.027527089630184869e-03	-4.431458674116667967e-03	-8.886231551296041448e-03	1.675956301522151144e-03	5.631310326203340863e-03	-4.215351117770700304e-03	2.356160861307865463e-04
5.077725811554429725e-05	-4.231203619955583944e-04	2.416073806392738364e-04	-4.346454779833806500e-03	-5.540640015841033451e-04	7.520147261849257150e-03	-4.557006012132460565e-03	1.091797142317711851e-04	-7.210232417784632423e-04	2.600420456135501754e-03	-1.253321672003885863e-03	7.121699679416400525e-04	-7.855953053529572639e-05	8.783930873285650514e-04	8.905585865040859461e-05	-1.300506811964527616e-03	7.652418578651757610e-04	-1.209710271155087008e-03	4.388460579148054444e-04	-1.034760200766569405e-03	4.315493264720260467e-04	5.161807767465780624e-04	-3.576974969746247405e-03	2.232258971404233946e-03	-4.299151956171941291e-03	-1.845144608409875382e-03	1.625928419474489657e-04	-1.135923884211497044e-02	3.223413324048507379e-04	4.877728257083165965e-03	-1.982329708993437053e-04	1.045974641074240213e-03	-1.394830565952626025e-03	-1.334189997163728653e-04	4.987510221675084659e-04	1.999416963546116709e-05	-8.492657062453658808e-04	-1.754676300867566256e-03	7.649292623333108464e-03	-6.237978681022495267e-04	8.115616650307595076e-03	7.085484205818848909e-04	3.617199135183086708e-04	4.573381575305407107e-03	-1.215257466068796156e-03	1.083771996491528645e-04	-4.836320434977997053e-03	-6.745789540773498979e-04	-4.540568916390751511e-03	-1.174913745506016381e-04	-6.531601847546139117e-04	1.480921327707096329e-04	2.833031044129641525e-03	-4.979150976383782748e-03	1.193829597134201184e-02	9.765833757756957681e-04	-2.280460463543456599e-04	-1.728658193892196673e-03	2.373096390633413957e-03	-1.264122691233213365e-03	-5.000129779123466773e-04	-1.002412061178972313e-03	3.652037329175073389e-03	3.674297636927706520e-04
-3.781816537951350585e-05	1.467518634895235465e-03	-8.582777087640118454e-04	-5.088256015295557341e-04	-1.637424662702532344e-05	7.399983220375448093e-04	-3.787180230542402676e-04	-4.928320996609435525e-03	1.269640885339241203e-03	-2.035812772732361470e-02	1.143025112770970977e-02	2.056334980642902108e-05	1.995863885335094796e-04	1.457979335587993031e-03	-8.752572379422945015e-04	1.336512734607796932e-02	1.035991633906155535e-05	1.205949079275630935e-02	-2.311534999050908208e-04	2.041239833309580441e-03	-1.202094323625480313e-02	-5.638851485181329420e-03	1.902347140058050423e-03	-3.356782261093275987e-02	-9.581189817209287158e-04	7.211411752444589853e-05	-2.381499983602148652e-04	-2.149725219259177554e-03	-4.653900976941720486e-05	9.734749810792879023e-04	1.950524276948399681e-05	-1.486492698397885812e-03	-1.203932168694866675e-03	-6.587867059525142916e-04	-1.119191939338434229e-02	-1.135443056652851116e-03	2.134346865324758188e-02	2.186245380164533389e-03	-6.237978681022495267e-04	1.528666798353126022e-02	1.093124893190282809e-03	3.104351420658035734e-03	-5.260142128577222423e-03	1.002643109417898463e-03	1.675956301514903036e-03	-4.801786217446574363e-04	-2.297091036967524439e-04	-8.974165356482873912e-04	-4.806191712613312348e-04	-1.932592101382264900e-03	2.199910261833146110e-03	-2.936574913034720917e-04	-5.000129779018191827e-04	3.627610198625332949e-04	3.798379190155911148e-04	3.820448780562164109e-03	-4.622424559031088759e-03	1.281736251687285756e-02	-3.184001134946601308e-02	-1.819228672059847000e-03	1.351430884111160663e-02	3.716995115176249895e-04	1.320781566202735343e-03	9.028590140775697272e-04
-3.824679288809434584e-05	-2.233387742203942275e-03	1.587619692596607852e-03	-2.071674997686111935e-02	-2.354640340730336165e-03	3.721757150126253633e-02	-2.070479409327283249e-02	-2.094380012909413408e-03	-1.460840226518701074e-03	-4.270036279002807243e-04	4.674797839338296090e-04	-6.997272395164103390e-03	1.500364413190035967e-04	3.241269806837817659e-03	-1.962762100461686390e-04	1.089591317046341434e-03	1.456785281279269779e-03	8.168155581157591529e-04	2.631671779666399291e-04	3.288254836886331071e-03	-9.340308621172584147e-04	-2.336520307991655967e-03	-1.475555248438556975e-03	-3.903489889729560430e-03	-2.184692091107854131e-02	-7.433418024558227644e-03	2.185387578332489544e-03	-5.805109345612338018e-02	-2.905705624564448950e-04	2.409012585352819646e-02	3.996726044622263708e-04	7.025720408061621007e-04	-2.890892278675937302e-03	1.406773177610758292e-04	-1.164540919841930422e-03	-1.621366350361311097e-04	4.511072117180938649e-04	-2.727876548082265942e-03	8.115616650307595076e-03	1.093124893190282809e-03	3.982631551741847020e-02	3.795826029233750377e-03	-1.342548891851960604e-03	2.547427723050500400e-02	-1.756622772785081154e-03	1.728236964517337491e-04	-2.542055151901094490e-02	-1.690460263279496694e-03	-2.186242449184316872e-02	-8.244175115967874805e-05	-2.799343911291975184e-03	-7.577476677805564586e-04	7.520147261813450723e-03	-2.390070699431731324e-02	5.721117305700834654e-02	3.272289092781226986e-03	-9.888561971732228242e-04	1.245060562340104260e-03	-3.611637062726259523e-03	2.376325925930049526e-03	7.399983220350991745e-04	-1.970303368405344497e-03	2.118531551589073782e-03	-1.284991981349160439e-04
-3.957628790244354039e-04	2.374158406015459445e-03	-3.603354881175200534e-03	-1.814326069295517244e-03	3.897728678948605280e-03	3.241269806847016897e-03	-1.936614230772733952e-03	-1.387748766655170617e-03	-3.375897651239808788e-05	-2.446827043687119837e-03	4.991095278942083487e-04	-8.994930500673025331e-04	6.395594753668092233e-04	6.399708059889050796e-04	-1.221460986756469779e-04	2.512887685979401861e-03	2.712579167715022002e-04	1.661417325279612809e-03	3.601634752653871453e-04	7.526630641264926225e-04	-2.118790720010550049e-03	-1.049366223553767005e-03	-2.360972255880266655e-04	-5.304810376414003346e-03	-2.888859426436334726e-03	-1.524351343049167376e-03	-6.158754916920574848e-03	-5.709843307986745518e-03	4.265230889459044675e-03	2.869718685323156999e-03	-1.920403627114697571e-04	4.421574976621941468e-03	-5.250806102628000722e-04	-5.889997245779045017e-04	-1.087397064723603793e-03	-4.170385000895611254e-04	2.699828460624907611e-03	2.242907671565518620e-04	7.085484205818848909e-04	3.104351420658035734e-03	3.795826029233750377e-03	6.626071128952576786e-03	-1.132367192972342325e-03	2.534921132495621121e-03	-2.896651117484495309e-03	-5.726820260655916643e-04	-1.880019564638695526e-03	-5.842666629990271587e-03	-1.467783808247542744e-03	-4.955271334616698740e-03	3.763900698712924469e-03	-5.329091855625312998e-04	8.783930873305032796e-04	-7.997811798289886738e-04	4.208866864723604696e-03	8.981065418997045274e-03	-1.122642110594184936e-03	1.464198084636166453e-03	-3.853469059030585966e-03	-4.820041319445057923e-04	1.457979335578415189e-03	-1.026397729360188095e-04	5.448561115569057782e-04	8.297690608109528480e-05
3.775551112604823127e-05	-1.539508716126394491e-03	1.698532203916051952e-04	1.066557237583775448e-03	1.185274301229445083e-03	-2.336520308022791217e-03	1.236621821404653094e-03	5.149748236731709755e-04	-5.876886416138140008e-04	8.339269215861668666e-03	-5.192728903735693673e-03	1.762096389899077322e-04	2.187691657599319362e-04	-1.049366223553739466e-03	5.362162150203497821e-04	-5.623819234811866519e-03	-1.135264059869634727e-04	-4.624831520214098615e-03	1.941632186561999620e-04	-1.180739697840251824e-03	4.532735592306037092e-03	3.374029857522319389e-03	-1.022694783818456745e-03	1.324062767815958538e-02	5.549423785123354077e-04	3.595501417997277603e-04	-3.640400189250088923e-03	2.606173132505070975e-03	6.568993880847126543e-04	-1.803747517114386110e-03	5.841637392343863346e-04	-1.827573374602783777e-03	8.327154872507883674e-04	7.062133810507776244e-05	4.414785507213150016e-03	8.638114189985293678e-04	-8.324865405969439358e-03	-1.488329440054330689e-03	3.617199135183086708e-04	-5.260142128577222423e-03	-1.342548891851960604e-03	-1.132367192972342325e-03	6.877201061721226541e-03	-1.165138093100356442e-03	-6.667761693327690529e-04	6.780352259709897863e-05	7.651931942838370148e-04	3.161974888597090562e-04	6.380242538941965219e-04	1.114979599819805687e-03	-4.188764725882125443e-03	-3.877003203605253168e-05	5.161807767292007952e-04	1.617740597759902881e-03	-2.632592254253849750e-03	1.218571547432546883e-03	3.041949037834411340e-03	-5.426322834209473117e-03	1.353801612955349981e-02	1.327844927799296925e-03	-5.638851485165994465e-03	-1.950246432753967849e-04	-9.582598447188246616e-04	1.226410602650408895e-04
-3.459631874267548018e-04	-1.016632232514208360e-03	8.077759440714868356e-04	-1.346125703040156399e-02	-1.606349253662126431e-03	2.409012585353698110e-02	-1.317479595981482093e-02	-1.257450555455306117e-03	7.316487310150753486e-05	-8.939947635238272312e-04	6.856417803628223930e-04	-5.045102227057339170e-03	-5.701136442865263327e-05	2.869718685319419538e-03	-1.263616371290084139e-03	1.109410142809613654e-03	3.292999560629659978e-05	6.841055328028468286e-04	-1.434425428396422959e-06	1.578671152734099480e-03	-4.119371618233000094e-04	-1.803747517089769950e-03	1.091610164642795727e-03	-3.129454326956420535e-03	-1.426037818336324536e-02	-4.757289783760079022e-03	1.489672412766822069e-03	-3.868086119088490205e-02	-5.769145226537368445e-05	1.625070328425155461e-02	-4.330580182960242007e-04	1.145582744777897365e-03	-1.213208738065245764e-03	2.273105730240094450e-04	-8.426892300468174059e-04	8.727733402501991911e-04	5.375171516890039653e-04	-2.805698501494964178e-03	4.573381575305407107e-03	1.002643109417898463e-03	2.547427723050500400e-02	2.534921132495621121e-03	-1.165138093100356442e-03	1.788756593019254215e-02	-1.453068918821932018e-03	-4.955046678267547439e-04	-1.538104547183420830e-02	-1.387257480124451294e-03	-1.374986256664531038e-02	-4.001934820528158725e-04	-1.100914613324905332e-03	-1.302488012070477730e-03	4.877728257062043972e-03	-1.491427052348718793e-02	3.582907268032317627e-02	2.146816201417652697e-03	-5.903042429235850477e-04	1.753722596587898534e-03	-3.302835852680947610e-03	3.742784176542826666e-03	9.734749810777147249e-04	-2.463584725176457511e-03	2.103399460816411659e-03	-2.163042246591176518e-04
2.839872289327958197e-04	-3.831602811828194871e-03	3.465229047892190873e-03	1.669906383120289698e-03	-2.107055455791516548e-03	-2.727876548067809624e-03	1.377855489827253289e-03	-1.330424998542667145e-03	4.431003304549573259e-04	-3.404824857885158616e-03	2.190348743447309305e-03	5.744034558628346998e-04	-4.037600446733295126e-04	2.242907671561606819e-04	-2.436204052978017238e-04	1.027527089627448126e-03	-9.262335998150636593e-05	1.839164987918427089e-03	5.989049905850343661e-05	4.939436651207765403e-04	-1.511933697242771359e-03	-1.488329440051930483e-03	8.063899676936793319e-04	-4.431458674105911814e-03	1.467193029871076849e-03	1.048802704673330258e-03	3.338247810991245429e-03	4.127395126210771717e-03	-4.665517864496591602e-03	-2.805698501485541160e-03	3.006104410774112319e-04	-8.886231551288384378e-03	-6.568583569010208543e-06	5.150675779707538510e-04	-2.911450505821196882e-03	-3.890798473135663352e-04	3.435586412277775309e-03	9.415256121206273202e-04	-1.215257466068796156e-03	1.675956301514903036e-03	-1.756622772785081154e-03	-2.896651117484495309e-03	-6.667761693327690529e-04	-1.453068918821932018e-03	6.342144238859091440e-03	7.185081685429796751e-04	9.212278599764671481e-04	5.631310326197055960e-03	1.452664183981177890e-04	4.128946496402463931e-03	-5.999801407470836505e-03	-3.903196783997213556e-04	-1.754676300857802365e-03	1.048950348020314706e-03	-2.797681299829212452e-03	-4.215351117765088473e-03	-9.377747220051629558e-04	2.345843504450883642e-03	-5.459679112774611098e-03	-6.884760449874897936e-04	2.186245380155018864e-03	3.505710177040158673e-04	-2.947965410176570534e-04	2.356160861269252958e-04
-1.849750829258424998e-04	-6.872427859280012992e-04	7.171845039702715984e-04	2.274884716839822656e-04	-5.988632616014026924e-04	1.728236964494981242e-04	-4.178862778206351124e-04	1.361210920321052507e-04	-6.872427859256221259e-04	2.431710465962444478e-04	-1.558359995462938255e-05	-1.174634850043080063e-04	1.122767315898969566e-05	-5.726820260663076714e-04	6.444273880688950948e-04	-3.607484277493025948e-04	7.171845039690738803e-04	-1.558359995388149989e-05	7.134166626621344493e-05	9.480770535973557980e-04	-3.780522327230200863e-05	6.780352259502338199e-05	-9.766503056442788974e-04	5.169039102464659642e-04	2.274884716837180184e-04	-1.174634850054655954e-04	9.480770535962253004e-04	5.776594657152433945e-04	-9.155188300900096807e-04	-4.955046678280241278e-04	-5.827239295337486354e-04	-1.097664228891716276e-03	-5.988632616010069586e-04	1.122767315973582835e-05	-3.780522327290689857e-05	-9.155188300890536313e-04	-2.415577158448521363e-04	7.185081685407880689e-04	1.083771996491528645e-04	-4.801786217446574363e-04	1.728236964517337491e-04	-5.726820260655916643e-04	6.780352259709897863e-05	-4.955046678267547439e-04	7.185081685429796751e-04	1.248655557945714794e-03	-7.797058606302873082e-04	8.371480282352210343e-04	-4.178862778215240497e-04	6.444273880699441688e-04	-9.766503056480094203e-04	-5.827239295346617505e-04	1.083771996493027555e-04	-7.797058606291730736e-04	1.219095145612030797e-03	-9.719043173834885198e-04	1.361210920336885653e-04	-3.607484277478617443e-04	5.169039102467151139e-04	-1.097664228888638660e-03	-4.801786217438045487e-04	8.371480282341719602e-04	-9.719043173845033331e-04	-1.322356215621211053e-04
-2.249875189001832986e-04	1.864683640949588985e-03	-1.435654173712260255e-03	1.315957967390196139e-02	1.844389780337647028e-03	-2.390070699431729589e-02	1.333754705413702120e-02	9.788562234556244003e-04	1.511305880528854154e-03	2.677507459294066515e-04	-2.925629931075183219e-04	4.734086411041569034e-03	-2.063841927002659762e-04	-7.997811798241794782e-04	-1.022202196404913433e-03	-6.161189883712554164e-04	-1.835302374055657135e-03	-8.678460443833016383e-04	-3.031793391182236201e-05	-3.994860509601873971e-03	4.947284458482617900e-04	1.617740597741596561e-03	1.591158350765068752e-03	2.108944109352832962e-03	1.376873346396322896e-02	4.814160449314467197e-03	-2.037105998057753622e-03	3.635491553866522507e-02	5.354862712614284152e-04	-1.491427052348205315e-02	-1.102839855720621955e-03	-1.367730282167464034e-04	2.920240474643604096e-03	7.949890016003996235e-05	4.870950124157197628e-04	1.138312734029026411e-03	2.321553787504065285e-04	1.048950348031720079e-03	-4.836320434977997053e-03	-2.297091036967524439e-04	-2.542055151901094490e-02	-1.880019564638695526e-03	7.651931942838370148e-04	-1.538104547183420830e-02	9.212278599764671481e-04	-7.797058606302873082e-04	1.787287091209649459e-02	6.128930172768140821e-04	1.418949972466645830e-02	-5.445364757085927217e-04	2.362268880765395779e-03	-1.975960797914641227e-04	-4.979150976358466194e-03	1.614381175656157130e-02	-3.818340634282435531e-02	-1.267035981664589150e-03	3.519662444648579140e-04	-5.251850286711052650e-04	1.667891563158927816e-03	-7.877838239234866364e-04	3.627610198643970384e-04	-1.208020139881709051e-05	1.023456656487413538e-03	3.764931875017913710e-04
4.881165700125318857e-04	-4.140031350067145156e-03	4.636352411969283174e-03	1.235790498354195650e-03	-4.065996427547072939e-03	-1.970303368397498343e-03	1.034110187359596348e-03	-1.153480924343120567e-05	1.005196069037403076e-04	-4.820062656747505295e-04	1.089344298647855914e-03	3.613726544401914872e-04	-5.395653085986883667e-04	-1.026397729352108079e-04	-2.416407135988449424e-05	-1.082438821501630847e-03	-1.695855971298384785e-04	1.005423020208465786e-04	-4.654259578878787679e-04	-4.809761471208807287e-05	4.582575815431224686e-04	-1.950246432743935456e-04	3.895463635052927613e-04	6.464491915219008813e-04	1.792827293881089912e-03	1.039878909298792451e-03	6.299397554344428850e-03	3.560696952154798929e-03	-5.749487705122247223e-03	-2.463584725170068525e-03	3.044462311540255999e-04	-8.535473791043241346e-03	2.167211727073955455e-04	7.988939973483070870e-04	-9.964850598286661889e-04	-1.592384051825470421e-05	2.929511232880682931e-04	3.505710177024385157e-04	-6.745789540773498979e-04	-8.974165356482873912e-04	-1.690460263279496694e-03	-5.842666629990271587e-03	3.161974888597090562e-04	-1.387257480124451294e-03	5.631310326197055960e-03	8.371480282352210343e-04	6.128930172768140821e-04	7.415912914468575715e-03	-2.808224388073113446e-05	5.850171890798200325e-03	-6.471423890304663779e-03	9.980610652509916598e-05	-1.002412061174380066e-03	-1.208020140598838315e-05	-1.695296693042776378e-03	-8.474997133896083196e-03	3.733134028459486652e-05	3.946276894835889712e-04	-7.964745199773202392e-04	-1.631834282805938365e-04	3.716995115194806558e-04	3.470723980581897901e-04	-4.010465830776532804e-04	4.554986929793379026e-04
-3.304438669023699107e-04	2.126184913185846532e-03	-1.655397068572970944e-03	1.114148547651264837e-02	1.858787965493044004e-03	-2.070479409328353573e-02	1.185861849494266110e-02	1.127275390235142442e-03	9.745537579749144605e-04	3.655678661018278621e-05	-2.597063715188715582e-04	3.977132488365751894e-03	-4.104075654613024049e-05	-1.936614230769494573e-03	1.014568176380183524e-04	-2.253001975272781994e-04	-8.971028346084483152e-04	-3.663631057757690867e-04	-2.384501512282582645e-04	-1.823086990793615358e-03	5.569216246213233492e-04	1.236621821384088380e-03	1.033599625236810522e-03	1.883666289721947374e-03	1.141299827156161406e-02	3.940795393131404575e-03	-1.892881776504543295e-03	3.125494345127827894e-02	1.045550486292698726e-03	-1.317479595981697893e-02	1.860542469157793041e-04	1.187919666803227171e-03	1.619548499374930898e-03	-2.090503288740945282e-04	1.000669807852046581e-03	2.137914998650621977e-04	-3.525789036666448074e-04	1.377855489838002503e-03	-4.540568916390751511e-03	-4.806191712613312348e-04	-2.186242449184316872e-02	-1.467783808247542744e-03	6.380242538941965219e-04	-1.374986256664531038e-02	1.452664183981177890e-04	-4.178862778215240497e-04	1.418949972466645830e-02	-2.808224388073113446e-05	1.302442838995904358e-02	-8.021936866128269060e-04	3.011948443584056608e-03	9.157916294689278291e-04	-4.557006012113049009e-03	1.333754705414306671e-02	-3.248707003157817047e-02	-1.113090644437860670e-03	6.072291772596135999e-04	-4.900842781026516987e-04	1.836952211554436932e-03	-1.040000694509561315e-03	-3.787180230540398529e-04	1.034110187366343555e-03	-1.249830178928954937e-03	-8.416941552068727534e-05
5.445272659529316059e-04	-4.220551307345001349e-03	4.298571599625353873e-03	1.856105878273900151e-04	-3.557145975920395983e-03	-1.962762100403723316e-04	1.014568176327222009e-04	6.765847664500182924e-04	-1.859687078867630205e-04	1.358894805289055522e-03	-9.968698839823178460e-05	-7.404865832554873083e-05	-6.152740225113734803e-04	-1.221460986760921242e-04	1.325058124936330213e-04	-2.018389080477005909e-03	-5.639099067378450974e-05	-9.882471980033604927e-04	-3.355349443700509396e-05	-2.514560998696695540e-04	1.266969153832935490e-03	5.362162150239007611e-04	6.770574235095093690e-06	3.274254270376659309e-03	7.791930689739303730e-04	1.104392909216044921e-04	5.312400744543333345e-03	1.002398187580981611e-03	-4.649667290094669329e-03	-1.263616371286534461e-03	5.798439006520809350e-04	-6.666291932709450009e-03	2.688836089076256358e-04	5.342861618929674837e-04	2.048007030618004731e-05	3.247490544901893150e-04	-1.426732021971254026e-03	-2.436204053009214613e-04	-1.174913745506016381e-04	-1.932592101382264900e-03	-8.244175115967874805e-05	-4.955271334616698740e-03	1.114979599819805687e-03	-4.001934820528158725e-04	4.128946496402463931e-03	6.444273880699441688e-04	-5.445364757085927217e-04	5.850171890798200325e-03	-8.021936866128269060e-04	5.473199093789692798e-03	-6.471715395622849865e-03	4.085149977987830093e-04	8.905585865213444118e-05	-1.022202196410840550e-03	7.815123201492097087e-04	-7.115432076404081506e-03	6.346333311760877539e-04	-7.075450272458743556e-04	1.984000378459726752e-03	3.921608371460671614e-04	-8.752572379386779284e-04	-2.416407136094733763e-05	-3.267776203254333734e-04	-3.806221751217626204e-05
-5.602841385844369807e-04	6.948926370893887886e-03	-5.422065462315047574e-03	6.911774102039562650e-04	2.935415493693972668e-03	-1.475555248431814973e-03	1.033599625232383074e-03	8.815594846359941714e-04	3.145922645744278360e-04	-3.527919574089010725e-03	1.768162688545638029e-03	7.641209538349684428e-04	5.393341127743688738e-04	-2.360972255895198559e-04	6.770574237097859048e-06	3.978104819896054363e-03	5.212811895885521721e-05	2.032372190003859172e-03	-6.583726526636715388e-04	3.583125343010705715e-04	-1.739385945419152663e-03	-1.022694783816145226e-03	2.686399690475476504e-04	-5.777977666728454677e-03	1.070495011783796028e-03	-1.214623918788219513e-03	-1.624896054356815295e-03	1.911207851198471570e-03	5.338111300681219057e-03	1.091610164653748771e-03	-1.065573703354956740e-03	1.281207269893277351e-02	-3.816721886269671283e-04	-6.027635755577384884e-04	1.527468224719808658e-04	-5.494890447525099765e-04	2.382237527038053547e-03	8.063899676972146983e-04	-6.531601847546139117e-04	2.199910261833146110e-03	-2.799343911291975184e-03	3.763900698712924469e-03	-4.188764725882125443e-03	-1.100914613324905332e-03	-5.999801407470836505e-03	-9.766503056480094203e-04	2.362268880765395779e-03	-6.471423890304663779e-03	3.011948443584056608e-03	-6.471715395622849865e-03	1.341250130525444874e-02	3.668995746405910368e-04	-3.576974969747051883e-03	1.591158350764383320e-03	-4.176764973779750756e-03	2.558990470276386979e-03	-1.036567947456670368e-03	1.873005315579391247e-03	-4.540303249431235956e-03	-9.335549814178067908e-04	1.902347140042022012e-03	3.895463635083905979e-04	6.807703645355669096e-05	-3.852914761803102515e-04
5.635011046390601096e-04	2.589067128910758605e-04	-4.259173982445172736e-05	-7.398371053544895888e-04	-1.338507543819780830e-04	3.996726044671778679e-04	1.860542469120721729e-04	2.755795516469261358e-04	-4.136043457694712480e-04	5.123628354027840977e-05	1.408271745333918880e-04	3.690879102577189572e-04	-6.944181771950239579e-05	-1.920403627097994081e-04	5.798439006493335667e-04	4.752731827749274779e-05	1.048777832717570711e-04	-1.583690535219159313e-04	-1.799762044692565212e-05	-6.778472048571097678e-04	-7.947682574010968065e-06	5.841637392317959587e-04	-1.065573703348063166e-03	2.183290394085009474e-04	-3.137908490252637385e-05	1.152117437958880182e-04	3.740188353858972265e-04	4.519537659966922920e-04	3.231926091387147615e-04	-4.330580182929946688e-04	1.948502787804792065e-03	6.473647412288767704e-04	2.139431915914444997e-04	-5.732980529195295293e-05	2.143848947091970560e-04	1.965891971146484403e-04	-1.888034199989577873e-04	3.006104410730494865e-04	1.480921327707096329e-04	-2.936574913034720917e-04	-7.577476677805564586e-04	-5.329091855625312998e-04	-3.877003203605253168e-05	-1.302488012070477730e-03	-3.903196783997213556e-04	-5.827239295346617505e-04	-1.975960797914641227e-04	9.980610652509916598e-05	9.157916294689278291e-04	4.085149977987830093e-04	3.668995746405910368e-04	2.852253476979386450e-03	-1.982329708932632285e-04	-1.102839855725174303e-03	7.143184598667864699e-05	-9.002339428386568233e-04	-2.302944720875104963e-04	-2.077094052024108903e-04	8.027287743679937214e-05	-9.189608039675829614e-04	1.950524277020818965e-05	3.044462311498984759e-04	2.697583914888687629e-04	-6.641086518014932094e-05
5.077725811569615332e-05	-7.210232417786538450e-04	7.652418578680268875e-04	-4.299151956162242452e-03	-1.394830565956269378e-03	8.115616650297099999e-03	-4.540568916380756902e-03	-2.280460463555475793e-04	-4.231203619876143366e-04	2.600420456119054841e-03	-1.209710271142703034e-03	-1.845144608402331937e-03	-1.334189997190735044e-04	7.085484205850007796e-04	-1.174913745561724721e-04	-1.728658193884049111e-03	2.416073806343574403e-04	-1.253321671992152194e-03	4.388460579143609215e-04	1.625928419413165827e-04	4.987510221584482220e-04	3.617199135104463619e-04	-6.531601847457107687e-04	2.373096390608131663e-03	-4.346454779818061283e-03	7.121699679397603712e-04	-1.034760200753700142e-03	-1.135923884207216961e-02	1.999416962933755256e-05	4.573381575293228481e-03	1.480921327682329356e-04	-1.264122691238012477e-03	-5.540640015838414019e-04	-7.855953053458545200e-05	4.315493264577637466e-04	3.223413324089031062e-04	-8.492657062237610925e-04	-1.215257466070468429e-03	2.833031044129641525e-03	-5.000129779018191827e-04	7.520147261813450723e-03	8.783930873305032796e-04	5.161807767292007952e-04	4.877728257062043972e-03	-1.754676300857802365e-03	1.083771996493027555e-04	-4.979150976358466194e-03	-1.002412061174380066e-03	-4.557006012113049009e-03	8.905585865213444118e-05	-3.576974969747051883e-03	-1.982329708932632285e-04	7.649292623334047816e-03	-4.836320434969836914e-03	1.193829597129509451e-02	3.652037329168758562e-03	1.091797142195852135e-04	-1.300506811952098973e-03	2.232258971363486159e-03	1.045974641076810640e-03	-6.237978680816759231e-04	-6.745789540828433335e-04	9.765833757872511948e-04	3.674297636952655096e-04
-2.249875189011668326e-04	1.511305880539953999e-03	-1.835302374060510458e-03	1.376873346397733053e-02	2.920240474642397596e-03	-2.542055151903961641e-02	1.418949972467916862e-02	3.519662444432003251e-04	1.864683640936869993e-03	2.677507459311900015e-04	-8.678460443811905883e-04	4.814160449302183620e-03	7.949890015805411055e-05	-1.880019564636495680e-03	-5.445364756996963007e-04	-5.251850286745001189e-04	-1.435654173705918323e-03	-2.925629931107899019e-04	-3.031793391402388873e-05	-2.037105998034422025e-03	4.870950124225302872e-04	7.651931942595142401e-04	2.362268880767837836e-03	1.667891563171555302e-03	1.315957967390202037e-02	4.734086411052071050e-03	-3.994860509618726810e-03	3.635491553868679115e-02	1.138312734037523737e-03	-1.538104547184986071e-02	-1.975960797857085000e-04	-7.877838239201536905e-04	1.844389780342002485e-03	-2.063841927004316965e-04	4.947284458494257894e-04	5.354862712491640286e-04	2.321553787454375215e-04	9.212278599987362270e-04	-4.979150976383782748e-03	3.627610198625332949e-04	-2.390070699431731324e-02	-7.997811798289886738e-04	1.617740597759902881e-03	-1.491427052348718793e-02	1.048950348020314706e-03	-7.797058606291730736e-04	1.614381175656157130e-02	-1.208020140598838315e-05	1.333754705414306671e-02	-1.022202196410840550e-03	1.591158350764383320e-03	-1.102839855725174303e-03	-4.836320434969836914e-03	1.787287091211533369e-02	-3.818340634284763530e-02	1.023456656507744714e-03	9.788562234771813753e-04	-6.161189883735709470e-04	2.108944109350104675e-03	-1.367730282254563145e-04	-2.297091036981143374e-04	6.128930172920950444e-04	-1.267035981696347166e-03	3.764931875032677291e-04
4.700899437030034694e-04	-3.481212111003931763e-03	3.077181080707172729e-03	-3.094451483265581865e-02	-4.681630304247516930e-03	5.721117305704798844e-02	-3.248707003158975148e-02	-1.698384927567013047e-03	-3.481212110976828443e-03	-1.320254286204630397e-04	9.154614046012030278e-04	-1.111053803164686188e-02	2.134131783594611230e-04	4.208866864714886843e-03	7.815123201326574110e-04	1.161811991938432875e-03	3.077181080694365266e-03	9.154614046076957725e-04	2.636797699531525123e-04	5.582912633566158508e-03	-1.222328574815098254e-03	-2.632592254196018840e-03	-4.176764973793579971e-03	-4.255373999473666818e-03	-3.094451483263726058e-02	-1.111053803168229881e-02	5.582912633622457224e-03	-8.512975811851372643e-02	-1.222123396222328691e-03	3.582907268034080106e-02	7.143184597221450909e-05	1.613925880001217724e-03	-4.681630304254221636e-03	2.134131783548356455e-04	-1.222328574805193416e-03	-1.222123396198878699e-03	-3.680201109407083243e-04	-2.797681299867936684e-03	1.193829597134201184e-02	3.798379190155911148e-04	5.721117305700834654e-02	4.208866864723604696e-03	-2.632592254253849750e-03	3.582907268032317627e-02	-2.797681299829212452e-03	1.219095145612030797e-03	-3.818340634282435531e-02	-1.695296693042776378e-03	-3.248707003157817047e-02	7.815123201492097087e-04	-4.176764973779750756e-03	7.143184598667864699e-05	1.193829597129509451e-02	-3.818340634284763530e-02	8.924440535114072648e-02	2.304436647550858839e-03	-1.698384927621610866e-03	1.161811991932349851e-03	-4.255373999451764200e-03	1.613925880003213090e-03	3.798379190116419083e-04	-1.695296693067553217e-03	2.304436647619919048e-03	-4.051846782387861536e-04
-5.423860985609789929e-04	3.418306964517973598e-03	-5.483431634840319618e-03	-1.275292386923882826e-03	6.301898602068605262e-03	2.118531551561909747e-03	-1.249830178907995358e-03	-3.331120308663627558e-03	4.019730163016486382e-04	-1.274242781917457948e-03	-9.068971512123682977e-04	-2.315119087057632510e-04	9.063181761383257455e-04	5.448561115591506188e-04	-3.267776203282073046e-04	1.946600182318929204e-03	1.915507494616583905e-05	1.209034847546651675e-03	9.877040791442205300e-04	3.473451669202470360e-04	-2.299628376702896049e-03	-9.582598447315936359e-04	6.807703646296035587e-05	-4.848579409067573648e-03	-3.250090649583176061e-03	1.252864921684554867e-03	-1.260965812365525199e-02	-4.567034337547380002e-03	6.544506472215869120e-03	2.103399460792816384e-03	2.697583914862426626e-04	3.371894054310534215e-03	-3.909817129965912816e-04	-8.557655715410040619e-04	-1.139965530321730269e-03	-7.144710494149070050e-05	2.927469260721873162e-03	-2.947965410112752226e-04	9.765833757756957681e-04	3.820448780562164109e-03	3.272289092781226986e-03	8.981065418997045274e-03	1.218571547432546883e-03	2.146816201417652697e-03	-4.215351117765088473e-03	-9.719043173834885198e-04	-1.267035981664589150e-03	-8.474997133896083196e-03	-1.113090644437860670e-03	-7.115432076404081506e-03	2.558990470276386979e-03	-9.002339428386568233e-04	3.652037329168758562e-03	1.023456656507744714e-03	2.304436647550858839e-03	1.672773019807329009e-02	-8.512336350255328768e-04	8.285393079322403518e-04	-2.857738550794735634e-03	-1.370864719997793441e-05	1.320781566209237303e-03	-4.010465830774445715e-04	7.645071613147605850e-04	4.027377483366254311e-04
-3.565510161816932012e-05	-6.060459609406446992e-04	6.829593494003374028e-05	1.122306886966866271e-03	3.818679289432564457e-04	-2.094380012944279616e-03	1.127275390256392805e-03	1.973084625595448224e-03	-6.306723514712881448e-04	6.849431185021754437e-03	-3.976708156901157670e-03	-1.219435667290933361e-04	1.892787001041767525e-04	-1.387748766658213756e-03	6.765847664501071970e-04	-4.266660223546030022e-03	6.471179878097754420e-06	-3.606797414090515477e-03	-2.985440854356219897e-04	8.876633165288640073e-04	4.136317534355916752e-03	5.149748236719025674e-04	8.815594846334904233e-04	1.078580947829840472e-02	5.836551008673203367e-04	8.779204902489639532e-05	-9.106180370670191333e-04	2.205425512475903300e-03	4.344989969411215745e-04	-1.257450555482379079e-03	2.755795516500329171e-04	8.075565883131954328e-04	6.240835018766335623e-04	-4.466506400313136071e-06	4.123351454840748324e-03	6.741939053933885314e-04	-7.109753747066074707e-03	-1.330424998541145359e-03	-2.280460463543456599e-04	-4.622424559031088759e-03	-9.888561971732228242e-04	-1.122642110594184936e-03	3.041949037834411340e-03	-5.903042429235850477e-04	-9.377747220051629558e-04	1.361210920336885653e-04	3.519662444648579140e-04	3.733134028459486652e-05	6.072291772596135999e-04	6.346333311760877539e-04	-1.036567947456670368e-03	-2.302944720875104963e-04	1.091797142195852135e-04	9.788562234771813753e-04	-1.698384927621610866e-03	-8.512336350255328768e-04	5.537223241214745198e-03	-4.390650344781669642e-03	1.128672694377196202e-02	3.387072647843152474e-03	-4.928320996602810616e-03	-1.153480924132671505e-05	-3.331120308659525804e-03	-1.473808920409011764e-04
-1.752606993840673689e-04	8.830003854552026911e-04	2.114034097252010685e-04	-8.167030528820430407e-04	-1.161000369226623157e-03	1.089591317040581502e-03	-2.253001975215195951e-04	-4.266660223553901329e-03	2.170566107109017477e-03	-2.210548336112066331e-02	1.254410254976704234e-02	-8.238730842362197021e-04	-4.658275229384658427e-04	2.512887685983131517e-03	-2.018389080483062262e-03	1.377529570764171075e-02	-9.192007625735953156e-04	1.176274015587975424e-02	-4.353427261927360516e-05	1.277453613149988256e-03	-1.114800268129633246e-02	-5.623819234817955398e-03	3.978104819909534899e-03	-3.202495425801156481e-02	-8.626121474998650921e-04	-5.835904653373775054e-04	2.322963942037092368e-03	-2.848441447727649393e-03	-1.210241965040957657e-03	1.109410142804959608e-03	4.752731827961783825e-05	-1.643524732774160734e-03	-3.499392877973715580e-04	3.430839109060189571e-04	-1.170004866549921065e-02	5.974370331266535666e-05	2.014117881999464774e-02	1.027527089630184869e-03	-1.728658193892196673e-03	1.281736251687285756e-02	1.245060562340104260e-03	1.464198084636166453e-03	-5.426322834209473117e-03	1.753722596587898534e-03	2.345843504450883642e-03	-3.607484277478617443e-04	-5.251850286711052650e-04	3.946276894835889712e-04	-4.900842781026516987e-04	-7.075450272458743556e-04	1.873005315579391247e-03	-2.077094052024108903e-04	-1.300506811952098973e-03	-6.161189883735709470e-04	1.161811991932349851e-03	8.285393079322403518e-04	-4.390650344781669642e-03	1.547330724916977721e-02	-3.365862581801118414e-02	6.284890372159965396e-04	1.336512734608906114e-02	-1.082438821505482800e-03	1.946600182323796838e-03	-1.249070767543083906e-03
9.041485709303706520e-05	-2.457595395958246144e-03	-2.314006508344149940e-04	2.493500943880448250e-03	2.685841875767009702e-03	-3.903489889711283384e-03	1.883666289706219937e-03	1.078580947832807196e-02	-3.286480112623358166e-03	5.068456781316758170e-02	-2.935534720796278627e-02	9.782272611090201721e-04	9.542912982325799228e-04	-5.304810376422624055e-03	3.274254270391104352e-03	-3.202495425801202278e-02	8.066349896305922930e-04	-2.794925383160359530e-02	2.962454592050033347e-04	-3.276476020716862208e-03	2.707801868599945400e-02	1.324062767818827771e-02	-5.777977666770246767e-03	7.718624604374138554e-02	2.208924727108656401e-03	7.921996999216234219e-04	-5.046417709085012152e-03	7.139937534369159879e-03	2.700816443074772165e-03	-3.129454326944071038e-03	2.183290394048189968e-04	4.241849104889427666e-03	1.754553727826651437e-03	-2.821790360085999882e-04	2.840999348499007385e-02	1.523193119854897651e-03	-4.987000500920853174e-02	-4.431458674116667967e-03	2.373096390633413957e-03	-3.184001134946601308e-02	-3.611637062726259523e-03	-3.853469059030585966e-03	1.353801612955349981e-02	-3.302835852680947610e-03	-5.459679112774611098e-03	5.169039102467151139e-04	1.667891563158927816e-03	-7.964745199773202392e-04	1.836952211554436932e-03	1.984000378459726752e-03	-4.540303249431235956e-03	8.027287743679937214e-05	2.232258971363486159e-03	2.108944109350104675e-03	-4.255373999451764200e-03	-2.857738550794735634e-03	1.128672694377196202e-02	-3.365862581801118414e-02	8.074023748197314831e-02	3.023982059221691932e-03	-3.356782261096243059e-02	6.464491915278130357e-04	-4.848579409067110477e-03	3.456449819671784550e-04
-6.061805931388789415e-04	-4.375324028626325474e-04	2.752261297669494075e-04	-1.056545639579877438e-03	-2.779657361378058494e-04	7.025720408078786096e-04	1.187919666809457864e-03	8.075565883104128279e-04	6.449823118784746290e-03	2.154065518058712395e-03	-1.139739652145903975e-03	-3.777590079308615605e-03	-7.597720855623479267e-04	4.421574976631500661e-03	-6.666291932713657581e-03	-1.643524732753740870e-03	-5.538562767340979298e-03	-1.526596800967343088e-03	-3.967410804018816468e-04	-2.290291541233984568e-03	3.347152262019554431e-03	-1.827573374608566694e-03	1.281207269893630540e-02	4.241849104838601135e-03	-1.606038918369734596e-03	-3.595390890807512131e-04	-1.514915133158797824e-04	-4.021482867942925699e-03	7.256634791037128466e-05	1.145582744773598069e-03	6.473647412401943232e-04	3.372943728761242099e-04	3.391206356191109935e-03	5.338901320453340576e-04	1.283168911384472777e-03	7.031954197091622519e-03	-3.277604915782894764e-03	-8.886231551296041448e-03	-1.264122691233213365e-03	-1.819228672059847000e-03	2.376325925930049526e-03	-4.820041319445057923e-04	1.327844927799296925e-03	3.742784176542826666e-03	-6.884760449874897936e-04	-1.097664228888638660e-03	-7.877838239234866364e-04	-1.631834282805938365e-04	-1.040000694509561315e-03	3.921608371460671614e-04	-9.335549814178067908e-04	-9.189608039675829614e-04	1.045974641076810640e-03	-1.367730282254563145e-04	1.613925880003213090e-03	-1.370864719997793441e-05	3.387072647843152474e-03	6.284890372159965396e-04	3.023982059221691932e-03	1.698109154054121966e-02	-1.486492698388182420e-03	-8.535473791053729484e-03	3.371894054321261745e-03	-8.205622840774681953e-04
-3.781816537975095968e-05	1.269640885346522922e-03	1.035991633999898366e-05	-9.581189817175585818e-04	-1.203932168701963429e-03	1.093124893184530683e-03	-4.806191712563733409e-04	-4.622424559044866800e-03	1.467518634894593400e-03	-2.035812772732947112e-02	1.205949079276383978e-02	7.211411751425578047e-05	-6.587867059573061400e-04	3.104351420660718917e-03	-1.932592101385761669e-03	1.281736251687225388e-02	-8.582777087646990127e-04	1.143025112771098306e-02	-2.311534999039859645e-04	-2.381499983479839263e-04	-1.119191939338369177e-02	-5.260142128593201828e-03	2.199910261849166281e-03	-3.184001134946431999e-02	-5.088256015299324943e-04	2.056334983075993407e-05	2.041239833298960030e-03	-2.149725219255358127e-03	-1.135443056652457768e-03	1.002643109413847667e-03	-2.936574913010211443e-04	-1.819228672075421348e-03	-1.637424662697032729e-05	1.995863885365570093e-04	-1.202094323626569025e-02	-4.653900977233452863e-05	2.134346865325830594e-02	1.675956301522151144e-03	-5.000129779123466773e-04	1.351430884111160663e-02	7.399983220350991745e-04	1.457979335578415189e-03	-5.638851485165994465e-03	9.734749810777147249e-04	2.186245380155018864e-03	-4.801786217438045487e-04	3.627610198643970384e-04	3.716995115194806558e-04	-3.787180230540398529e-04	-8.752572379386779284e-04	1.902347140042022012e-03	1.950524277020818965e-05	-6.237978680816759231e-04	-2.297091036981143374e-04	3.798379190116419083e-04	1.320781566209237303e-03	-4.928320996602810616e-03	1.336512734608906114e-02	-3.356782261096243059e-02	-1.486492698388182420e-03	1.528666798354478065e-02	-8.974165356479943314e-04	3.820448780555491929e-03	9.028590140768893903e-04
4.881165700135705514e-04	1.005196069060780508e-04	-1.695855971318505409e-04	1.792827293889954782e-03	2.167211727086374991e-04	-1.690460263294511160e-03	-2.808224387482885980e-05	3.733134028429156096e-05	-4.140031350066478155e-03	-4.820062656698305284e-04	1.005423020216790155e-04	1.039878909309869095e-03	7.988939973455385767e-04	-5.842666629999179392e-03	5.850171890802141617e-03	3.946276894738385784e-04	4.636352411969800122e-03	1.089344298645033302e-03	-4.654259578906504765e-04	6.299397554345173046e-03	-9.964850598240774116e-04	3.161974888605409645e-04	-6.471423890306913715e-03	-7.964745199628244562e-04	1.235790498364507713e-03	3.613726544439797980e-04	-4.809761471571836122e-05	3.560696952179634965e-03	-1.592384051698499505e-05	-1.387257480132991772e-03	9.980610652210897705e-05	-1.631834282793255910e-04	-4.065996427547409475e-03	-5.395653085998560524e-04	4.582575815463234129e-04	-5.749487705126706330e-03	2.929511232858609659e-04	5.631310326203340863e-03	-1.002412061178972313e-03	3.716995115176249895e-04	-1.970303368405344497e-03	-1.026397729360188095e-04	-1.950246432753967849e-04	-2.463584725176457511e-03	3.505710177040158673e-04	8.371480282341719602e-04	-1.208020139881709051e-05	3.470723980581897901e-04	1.034110187366343555e-03	-2.416407136094733763e-05	3.895463635083905979e-04	3.044462311498984759e-04	-6.745789540828433335e-04	6.128930172920950444e-04	-1.695296693067553217e-03	-4.010465830774445715e-04	-1.153480924132671505e-05	-1.082438821505482800e-03	6.464491915278130357e-04	-8.535473791053729484e-03	-8.974165356479943314e-04	7.415912914477452295e-03	-8.474997133904933755e-03	4.554986929834790128e-04
-5.423860985603109076e-04	4.019730162965898593e-04	1.915507495012916720e-05	-3.250090649605286847e-03	-3.909817129996555622e-04	3.272289092821076620e-03	-1.113090644461602746e-03	-8.512336350232997456e-04	3.418306964512986268e-03	-1.274242781918644499e-03	1.209034847541732866e-03	1.252864921668115326e-03	-8.557655715382736072e-04	8.981065419007599332e-03	-7.115432076407659373e-03	8.285393079407067781e-04	-5.483431634837519775e-03	-9.068971512185071589e-04	9.877040791537018780e-04	-1.260965812365356584e-02	-1.139965530324405212e-03	1.218571547434121579e-03	2.558990470277155461e-03	-2.857738550790567961e-03	-1.275292386944558128e-03	-2.315119087110058564e-04	3.473451669214983680e-04	-4.567034337616498324e-03	-7.144710494253561390e-05	2.146816201445899200e-03	-9.002339428402436616e-04	-1.370864720262750767e-05	6.301898602067055287e-03	9.063181761425147774e-04	-2.299628376709339679e-03	6.544506472217702722e-03	2.927469260720261604e-03	-4.215351117770700304e-03	3.652037329175073389e-03	1.320781566202735343e-03	2.118531551589073782e-03	5.448561115569057782e-04	-9.582598447188246616e-04	2.103399460816411659e-03	-2.947965410176570534e-04	-9.719043173845033331e-04	1.023456656487413538e-03	-4.010465830776532804e-04	-1.249830178928954937e-03	-3.267776203254333734e-04	6.807703645355669096e-05	2.697583914888687629e-04	9.765833757872511948e-04	-1.267035981696347166e-03	2.304436647619919048e-03	7.645071613147605850e-04	-3.331120308659525804e-03	1.946600182323796838e-03	-4.848579409067110477e-03	3.371894054321261745e-03	3.820448780555491929e-03	-8.474997133904933755e-03	1.672773019808172085e-02	4.027377483248910026e-04
1.285313522986527950e-04	3.224141543840032011e-07	-3.297948562159842422e-04	9.409432375143592206e-05	2.332420300101260174e-04	-1.284991981355033562e-04	-8.416941552028607988e-05	-1.473808920450397388e-04	3.224141514083188591e-07	9.419872345987016088e-04	5.438476284138427173e-05	4.679671192211652892e-04	7.004793513534684005e-04	8.297690607950528876e-05	-3.806221750879515723e-05	-1.249070767545038506e-03	-3.297948562121712115e-04	5.438476284279435797e-05	-1.853949320644075662e-03	-5.795314382077334375e-04	3.237128563278011831e-04	1.226410602582495013e-04	-3.852914761797933581e-04	3.456449819689737853e-04	9.409432374998249484e-05	4.679671192262040104e-04	-5.795314382209568009e-04	4.251779105106064170e-04	-5.215965008067544089e-05	-2.163042246600322847e-04	-6.641086517892154329e-05	-8.205622840767009055e-04	2.332420300065850944e-04	7.004793513533060954e-04	3.237128563272411927e-04	-5.215965008591252363e-05	3.579851591662674146e-04	2.356160861307865463e-04	3.674297636927706520e-04	9.028590140775697272e-04	-1.284991981349160439e-04	8.297690608109528480e-05	1.226410602650408895e-04	-2.163042246591176518e-04	2.356160861269252958e-04	-1.322356215621211053e-04	3.764931875017913710e-04	4.554986929793379026e-04	-8.416941552068727534e-05	-3.806221751217626204e-05	-3.852914761803102515e-04	-6.641086518014932094e-05	3.674297636952655096e-04	3.764931875032677291e-04	-4.051846782387861536e-04	4.027377483366254311e-04	-1.473808920409011764e-04	-1.249070767543083906e-03	3.456449819671784550e-04	-8.205622840774681953e-04	9.028590140768893903e-04	4.554986929834790128e-04	4.027377483248910026e-04	3.494167425356391448e-03
