1.947452322731060533e-03	-1.419559360920654399e-04	-1.181287144814918786e-04	2.927484723980757018e-03	2.612711976469692522e-04	-3.288242564272528799e-04	-2.523043420650568185e-03	3.927028543853033730e-05	-1.419559360931545210e-04	2.040317617690406461e-03	-7.766210495165043037e-04	-7.676380348212286488e-04	1.747486445422135617e-05	5.612133968487590090e-04	-2.278785678373651709e-04	-1.508267076726885463e-03	-1.181287144799960997e-04	-7.766210495154055732e-04	4.577633851003302338e-04	-4.169356412044819852e-05	5.954913210767109758e-05	-8.999637597155343404e-05	1.723231286191193935e-04	1.343572200582329734e-03	2.927484723982813532e-03	-7.676380348238230362e-04	-4.169356412101405719e-05	8.377205681189867081e-03	1.756340479967645821e-04	-3.245635919260074498e-03	-4.683347441109123922e-05	3.159769621135467485e-04	2.612711976461268813e-04	1.747486445440558583e-05	5.954913210646400109e-05	1.756340479956591566e-04	-6.810770726909474299e-04	-7.007346814944393886e-05	-1.382545287078440336e-04	-7.072285210477046152e-04	-3.288242564330619267e-04	5.612133968509829245e-04	-8.999637597182123198e-05	-3.245635919263321900e-03	-7.007346815120988736e-05	2.283032298754269097e-03	-2.646262646294799282e-03	-2.381792129560460377e-04	-2.523043420648300901e-03	-2.278785678389845081e-04	1.723231286208081739e-04	-4.683347440822107824e-05	-1.382545287073721346e-04	-2.646262646298022832e-03	7.067717951802478249e-03	3.137880125477580376e-04	3.927028543813812717e-05	-1.508267076725650340e-03	1.343572200579353382e-03	3.159769621114670319e-04	-7.072285210457117431e-04	-2.381792129547219286e-04	3.137880125473137315e-04	6.444578814482246039e-04
-1.419559360920654399e-04	4.618721145208598729e-03	-2.189060855868021037e-03	-1.084884346971942866e-03	-3.871721898928336342e-04	1.100174203978793045e-03	-3.685090588873531016e-04	-6.014278016745073716e-03	1.416601432724379521e-03	1.323106829052124803e-03	-1.048666373974839992e-03	2.391284753057752038e-03	-5.311285807677785419e-05	-7.956182515146382160e-04	-4.950002522555849074e-04	-8.679609172518175549e-04	1.737938482977972085e-04	-2.674650338650604291e-04	-2.748356357480008678e-04	5.848184645051453636e-04	5.784671805303733547e-04	7.861095083346413665e-05	-4.995347738332036160e-04	9.441131527504801300e-04	-1.026093767415500995e-03	6.012575741205842400e-03	-2.187251810115989781e-03	-3.117687266329538347e-03	-6.318529760163415533e-04	1.872980770035795762e-03	-3.411692137507834569e-04	-4.349768285134459830e-03	-9.231606196379799414e-04	-3.716776825233451863e-04	1.433488539856093112e-03	-8.251943756500017876e-04	-1.234034562623994441e-03	1.002273989471348095e-04	5.762550013729190491e-04	-2.011158935124181626e-04	1.544253313238970341e-03	-5.458580527312961944e-04	-1.574723556470209850e-03	1.484882474423405378e-03	1.379507096968148657e-03	-8.590532525071959552e-04	-1.300250133217291393e-04	9.628065158659498621e-04	-5.827333139441121272e-04	-2.337190612603083553e-03	3.749924116053187425e-03	-9.366639490556604624e-05	-2.019977441231381350e-03	8.544432036562351913e-05	7.962363988744201176e-04	1.920366529273470711e-03	-3.613430769081783442e-03	-1.286837349058283456e-03	2.890594982300278247e-03	-1.795376819425942684e-03	-3.220948416305723463e-04	-1.209243849143712331e-04	2.735810527873582497e-03	6.347358960263633360e-04
-1.181287144814918786e-04	-2.189060855868021037e-03	2.953600402507884463e-03	8.082094977613241832e-05	-1.934946608545707204e-03	1.899043789641996103e-04	8.237844469943412661e-05	1.800500761384700530e-04	1.737938482950197535e-04	-4.239983601170575680e-04	1.703800455813734519e-04	-1.487915818709716802e-03	8.174475395436676191e-05	1.384940964017391607e-03	-7.343457866783201053e-04	3.326802062076651125e-04	-2.767896659624097662e-05	-2.224803782955977799e-04	4.707112172310400544e-05	1.598569181234727788e-04	1.741036896142808782e-04	-7.499114702660019446e-04	5.441251483121564052e-04	2.953281102748875038e-04	-1.899523876628563110e-04	-4.583872047984269456e-03	4.865521119261688454e-03	2.185887966975003181e-04	-1.025693236043052556e-03	-4.439222324794173591e-04	2.911392863911109593e-04	2.585498740187710913e-03	-4.930288228015341102e-04	2.105654916777686904e-04	-2.559469621771203731e-04	1.012747780762730549e-04	-1.744715087128131297e-05	-3.910222382295204047e-04	1.146676370766447177e-03	-1.768991137150635715e-04	9.151245653727264071e-05	1.334656642557639945e-03	-1.169493974553679474e-03	-3.378443478357234537e-05	-5.918784754780165519e-04	3.225634856236387358e-04	-7.271449927153083833e-05	-1.980040631867527670e-03	1.014617669045123982e-04	6.860805216499527709e-04	-3.610160716387222392e-03	-2.257691833177010658e-05	3.799069086241265835e-03	-3.465777471629564359e-04	-2.400659848574256735e-04	2.598086977787271608e-03	-6.595572942040633067e-04	4.489686052975233686e-04	-2.861568127410011025e-04	2.841843471482290422e-04	-3.727958953673308259e-04	-8.376029959893799542e-04	7.260958715366724273e-04	-4.832202428753623168e-04
2.927484723980757018e-03	-1.084884346971942866e-03	8.082094977613241832e-05	9.892491934774594320e-03	5.883078928617228604e-04	-6.998423926422285384e-03	-3.638880824670037489e-04	1.545469800073206740e-03	-1.026093767418365891e-03	3.868073536829913506e-03	-2.212956911157508248e-03	-1.266998789114208521e-03	4.669098409062217691e-04	2.260459644384634934e-04	3.843727230151691232e-04	-2.556227881828848983e-03	-1.899523876575672204e-04	-1.066725625279517971e-03	2.426352881584293794e-04	-4.509227044014043695e-04	9.526638709367421824e-04	2.645848797825517146e-04	1.486250916926898933e-04	3.520167667922994518e-03	6.151255422534781039e-03	-1.341879822894445976e-03	-1.617294387733030601e-05	2.354945854575626191e-02	1.235427607509911505e-04	-9.966728886114177913e-03	2.090830459712781850e-03	1.138326501278771148e-03	9.033915877338241987e-04	-2.723293518547681685e-04	1.028543977109961554e-03	3.989479113883404211e-04	-1.960702234568900693e-03	2.913221492616758276e-04	-1.130889847909608134e-03	-1.384551859743369086e-03	-2.535111336649527314e-03	1.032360316783504121e-04	-1.298782134033832814e-04	-7.734865946795456762e-03	7.969517053835181502e-04	4.423927448707294652e-03	-4.853695499265869850e-03	3.073421861769666920e-04	-2.575447237471249935e-03	4.646679185513336702e-04	2.351791892883204975e-04	-1.666274519631154218e-03	-1.563007965387523115e-03	-1.128023505996975789e-03	7.915178588386598268e-03	-1.291504884140705269e-03	2.041288184971522517e-03	-2.105158651881348150e-03	3.634275549796509713e-03	1.103502437393703633e-03	-2.905463977128167063e-03	7.805331586744066244e-05	-1.079374979894368904e-03	-1.485943607331931477e-04
2.612711976469692522e-04	-3.871721898928336342e-04	-1.934946608545707204e-03	5.883078928617228604e-04	4.280893013426060635e-03	-8.617950950859868797e-04	-2.288934867356166609e-04	5.949219884628012718e-03	-9.231606196338669121e-04	-1.072576374062152345e-03	9.029993174114283368e-04	1.594841689264363087e-03	-9.714986958452660661e-05	-1.346325507638615384e-03	1.035490338782312338e-03	2.398731548820027160e-04	-4.930288228049752594e-04	6.004188654620808228e-04	1.503406570850545536e-04	-9.882830880652622874e-04	-9.988250532708626075e-04	6.177267614524449080e-04	8.687034995898812581e-04	-1.449500034563279589e-03	9.033915877368479301e-04	3.398446999097795226e-03	-4.475967709714047046e-03	2.029361754943040733e-03	2.165911996300414963e-03	-8.936015800018290607e-04	-1.897896479073465567e-04	1.206216000613751860e-03	2.186338571999654583e-03	5.954490197219509170e-05	-1.003217821606367400e-03	5.104545916839496947e-04	1.623510142442466777e-03	1.064390502631667752e-03	-4.204943063085784041e-03	6.267868160024587989e-04	-1.044783906664282147e-03	-2.651633717385457924e-03	3.384470613794838406e-03	-1.119034436956333183e-03	5.325718590642704786e-04	4.198556596262908286e-04	-5.352173954183250858e-05	1.697322716530721498e-03	1.281003185518641912e-04	1.417080988030337916e-03	1.187148031892307654e-03	1.897912838235667264e-04	-6.400480033463216631e-03	-3.547784482552996700e-05	6.654131266044271444e-04	-5.602109116388784976e-03	4.342024339352156502e-03	5.004296036170821421e-04	-2.411190743543771380e-03	3.494429706100042545e-04	1.131598739021310663e-03	1.355439177905848423e-03	-3.733143002245419961e-03	3.951625393030568653e-04
-3.288242564272528799e-04	1.100174203978793045e-03	1.899043789641996103e-04	-6.998423926422285384e-03	-8.617950950859868797e-04	1.204288392806942068e-02	-5.805501025003517723e-03	-3.564623325297588182e-03	1.544253313242380157e-03	-8.738583806175611582e-04	1.943917131361222982e-03	9.487841339500529148e-04	-7.794979867421654961e-04	1.128169924482239073e-03	-1.289391173879642864e-03	-2.978544179471545985e-04	9.151245653233157904e-05	-1.044069324375774621e-03	3.178412110715186293e-04	7.209737470809542527e-04	-2.588185097847763103e-05	-1.346422560453229729e-03	-3.461675672334339239e-06	2.297018752675262024e-03	-2.535111336640890126e-03	-7.398012231318777752e-04	1.479021151176553766e-03	-1.337674411557834495e-02	-6.882636849256148614e-04	8.305250499752694221e-03	-2.986002714400264393e-03	-1.623377317840490972e-03	-1.044783906662897187e-03	8.764276742038200948e-04	-1.436857314001398385e-03	-6.927815790966012450e-04	8.848262608263698491e-04	-1.267891231122936701e-04	1.707111363019046119e-03	-1.135785309752056519e-03	2.138624455507845412e-03	1.563317736060867037e-03	-1.244628984393786331e-03	3.302218605233121426e-03	-2.731539071110070690e-04	-1.105900694472267826e-03	5.184177698494169830e-05	-7.997103071220594724e-04	-1.195769455110055716e-03	-1.225800115077240468e-03	-6.568549372679320588e-05	2.096875499650827004e-03	1.618327203730650539e-03	-5.898801987784273171e-03	6.975323469846604618e-03	2.975495644139342869e-03	-4.361028229774214712e-03	1.181440724619744597e-03	-5.181064928980372644e-03	-2.348608243070396135e-03	2.724016204743614968e-03	-6.183882895383014180e-04	3.156192080080454793e-03	5.383572524418553384e-04
-2.523043420650568185e-03	-3.685090588873531016e-04	8.237844469943412661e-05	-3.638880824670037489e-04	-2.288934867356166609e-04	-5.805501025003517723e-03	8.227370369296643088e-03	1.392833879676178693e-03	-5.827333139449643101e-04	-3.930959674377655644e-03	1.343083103757540661e-03	4.253159155825654418e-04	9.979332217138138137e-05	-9.121569213435891084e-04	7.318409155629967142e-04	2.642507892729068289e-03	1.014617669059074412e-04	1.887098851032531586e-03	-1.062303245933901834e-03	-2.100328968893041149e-04	4.065661538040282394e-04	1.153801832148057364e-05	-2.428352037338429490e-04	-2.804371919939354675e-03	-2.575447237477321467e-03	1.489606847382593221e-03	-5.541525373921709404e-04	-6.466105279222691612e-03	-1.617243341157937058e-04	4.490295091822740217e-04	2.256093280501107398e-03	-4.608317277687124609e-05	1.281003185513639132e-04	1.998163373485304165e-04	-1.024466737718429665e-04	-8.215744113578915889e-06	2.065222072361597638e-04	5.100846861837435645e-04	-3.915007233581492877e-04	6.655772686683160974e-04	-1.195769455101109748e-03	-1.580115748182436787e-03	1.081234553006900617e-04	4.205951353212509895e-03	5.974917810210750866e-04	-2.992391047073607660e-03	4.548408894235588668e-03	9.715058384118652191e-04	4.487089299464975048e-03	9.079242017413911197e-04	7.798246238000742375e-05	-1.741237828854812989e-03	-5.873233126921614984e-04	7.254623623664236548e-03	-1.704614476013123492e-02	-1.833937553588739847e-03	1.763618832253183253e-03	3.563730928405804688e-03	-1.540329476030435777e-03	6.159195678907341490e-04	-3.784605907291917508e-04	5.665258848380664387e-04	-1.342816827986930469e-03	-2.159099948018166834e-03
3.927028543853033730e-05	-6.014278016745073716e-03	1.800500761384700530e-04	1.545469800073206740e-03	5.949219884628012718e-03	-3.564623325297588182e-03	1.392833879676178693e-03	1.959771310394604199e-02	-3.613430769077012952e-03	-2.376655416751200043e-03	1.723691620457782443e-03	-7.109488751650411146e-04	-1.609206423789669117e-04	-1.436158815117563603e-03	2.431176476122796741e-03	1.311542836051010933e-03	-6.595572942102085646e-04	1.115521147829173342e-03	4.732688856474155355e-04	-2.948337310362677058e-03	-2.088163608013656001e-03	3.546860388405265185e-03	3.946394480179116291e-05	-3.869519609221346197e-03	2.041288184967396478e-03	-2.099106489919039253e-03	-4.478772677908379393e-03	4.176675927016743235e-03	4.628426799274356490e-03	-2.891037940129553147e-03	2.007959284035355048e-04	1.076257883575615880e-02	4.342024339357583584e-03	1.745749969766322853e-04	-2.351453566961488918e-03	2.253983415726474714e-03	3.838103718931217771e-03	8.998340067232509345e-06	-5.029119601764719949e-03	1.700634525672825928e-03	-4.361028229764576589e-03	-4.433122153253612335e-03	1.064739411851967424e-02	-2.973618124126539697e-03	-3.080012262714720665e-03	9.984242384595905413e-04	1.318603876154272186e-03	4.607063356537010853e-04	1.763618832245922785e-03	5.416319037375334766e-03	-4.820940182062874446e-03	6.049990173021028376e-04	-4.156469053297135244e-03	7.357141904455092403e-04	-2.156736817358720446e-03	-1.192371448805926853e-02	1.264592658873055567e-02	1.500559019275268281e-03	-4.622572682536012223e-03	4.295421350090420851e-03	2.112706556430623585e-03	1.333587670624251237e-03	-8.443508727274617875e-03	1.477034867634506241e-04
-1.419559360931545210e-04	1.416601432724379521e-03	1.737938482950197535e-04	-1.026093767418365891e-03	-9.231606196338669121e-04	1.544253313242380157e-03	-5.827333139449643101e-04	-3.613430769077012952e-03	4.618721145214573116e-03	1.323106829067511366e-03	-2.674650338724293176e-04	6.012575741223448976e-03	-3.716776825233757066e-04	-5.458580527402586433e-04	-2.337190612599720357e-03	-1.286837349066297879e-03	-2.189060855863691167e-03	-1.048666373982657957e-03	-2.748356357464816296e-04	-2.187251810126446261e-03	1.433488539860942315e-03	-1.574723556444570204e-03	3.749924116028298480e-03	2.890594982315226359e-03	-1.084884346974670719e-03	2.391284753066958216e-03	5.848184644958037692e-04	-3.117687266332427095e-03	-8.251943756460552917e-04	1.484882474422370615e-03	-9.366639490274419324e-05	-1.795376819425974560e-03	-3.871721899042259970e-04	-5.311285807784346907e-05	5.784671805353638289e-04	-6.318529760148314765e-04	-1.234034562633304268e-03	1.379507096953279909e-03	-2.019977441200790369e-03	-3.220948416354389504e-04	1.100174203982687065e-03	-7.956182515215818804e-04	7.861095084286051030e-05	1.872980770035007981e-03	1.002273989454892074e-04	-8.590532525044408891e-04	8.544432035964254495e-05	-1.209243849119460084e-04	-3.685090588909750416e-04	-4.950002522516327736e-04	-4.995347738344925155e-04	-3.411692137477467151e-04	5.762550013662217155e-04	-1.300250133304595959e-04	7.962363988905912099e-04	2.735810527864637395e-03	-6.014278016766117646e-03	-8.679609172630175801e-04	9.441131527665647030e-04	-4.349768285141126373e-03	-2.011158935182381056e-04	9.628065158621978720e-04	1.920366529290451485e-03	6.347358960280631481e-04
2.040317617690406461e-03	1.323106829052124803e-03	-4.239983601170575680e-04	3.868073536829913506e-03	-1.072576374062152345e-03	-8.738583806175611582e-04	-3.930959674377655644e-03	-2.376655416751200043e-03	1.323106829067511366e-03	1.929654073606604930e-02	-9.724503766075689656e-03	2.978487119519050187e-03	-4.984055590832570624e-04	-2.060052885067707642e-03	1.064774599337582378e-04	-1.181187183404067663e-02	-4.239983601146086263e-04	-9.724503766057122911e-03	3.062051379098017397e-03	-4.168762639738319078e-03	2.930052538699430380e-03	7.703943615592565193e-03	-3.368554202434126052e-03	1.563340292096711270e-02	3.868073536834512691e-03	2.978487119498351033e-03	-4.168762639738009430e-03	1.786665448009078574e-02	1.357554771830284113e-03	-6.933905006471856661e-03	9.503773411894183773e-04	-5.645971335154605303e-04	-1.072576374076307255e-03	-4.984055590954480485e-04	2.930052538715586293e-03	1.357554771821526795e-03	-2.102489916587792565e-03	-4.170304459556027458e-03	5.223431880322177735e-03	-1.712211684239921608e-03	-8.738583806212360614e-04	-2.060052885060975614e-03	7.703943615586458099e-03	-6.933905006472616470e-03	-4.170304459555962406e-03	3.750559596976143963e-03	-4.813574772975101612e-03	-9.616138841030176260e-04	-3.930959674376510726e-03	1.064774599358049947e-04	-3.368554202424834439e-03	9.503773411910770982e-04	5.223431880305415970e-03	-4.813574772977011543e-03	1.560033350558627172e-02	2.871848078019471721e-03	-2.376655416789569090e-03	-1.181187183406585614e-02	1.563340292103711227e-02	-5.645971335410507374e-04	-1.712211684261546237e-03	-9.616138840980488359e-04	2.871848078033295299e-03	5.522569827275246312e-03
-7.766210495165043037e-04	-1.048666373974839992e-03	1.703800455813734519e-04	-2.212956911157508248e-03	9.029993174114283368e-04	1.943917131361222982e-03	1.343083103757540661e-03	1.723691620457782443e-03	-2.674650338724293176e-04	-9.724503766075689656e-03	1.117435804714691713e-02	-9.994623242207377207e-04	-3.540572813911277428e-03	1.223448556041205511e-03	-5.318536780698042898e-04	8.888287111174966292e-04	-2.224803782983347670e-04	1.221897893543667010e-03	-2.897340761286684285e-03	1.685305130375774636e-03	3.245308137400163863e-03	-4.170258144823371649e-03	2.430759448263466495e-03	5.671744956760777640e-03	-1.066725625286198175e-03	-2.847342644707273780e-03	2.387308081010476417e-03	-9.605135615571250979e-03	-5.574875756232300274e-04	3.573814934027232972e-03	-8.317540021442891736e-04	8.771833436789902355e-04	6.004188654697983907e-04	3.113049420045135504e-03	-5.365535827064962793e-03	-4.559745065519638899e-04	1.168961204304944969e-03	1.700758434588219709e-03	-1.806745136621498628e-03	-4.598245129551064257e-03	-1.044069324367937575e-03	7.889305439538920987e-04	-3.358266944570617411e-03	3.813918948400315222e-03	2.225677237865090596e-03	-1.754813515761535509e-03	3.301135020776353474e-03	8.572004891446336709e-04	1.887098851030363181e-03	3.227338368944790252e-04	1.949790939405659672e-03	-4.565747920574521335e-04	-3.747740181914079125e-03	4.248987102824606653e-04	-6.519258204100316506e-03	-2.451095323548915447e-03	1.115521147849578894e-03	1.042565781871775121e-02	-2.273227633439312001e-02	3.095952196210586095e-04	6.263406300476368621e-03	2.667759683107746816e-04	-8.275104625710297084e-04	-2.958368342117089281e-03
-7.676380348212286488e-04	2.391284753057752038e-03	-1.487915818709716802e-03	-1.266998789114208521e-03	1.594841689264363087e-03	9.487841339500529148e-04	4.253159155825654418e-04	-7.109488751650411146e-04	6.012575741223448976e-03	2.978487119519050187e-03	-9.994623242207377207e-04	2.488020661797748362e-02	-6.420824894666739887e-04	-1.049174084469652393e-02	1.947984554147178275e-03	-3.442070534477472462e-03	-4.583872047985059622e-03	-2.847342644720871844e-03	4.472246763895995213e-04	-1.405609302229349732e-02	1.601201613646560445e-03	9.073605235183815343e-03	2.240218177229334924e-03	8.339055451275990266e-03	-1.341879822888320233e-03	1.394219600951597873e-02	-8.501420543376448855e-03	-2.982430502071083817e-03	1.131063480427624626e-03	1.216463772926792541e-03	8.446866778627417239e-05	-5.333197036531800612e-03	3.398446999084992967e-03	3.048711690592954956e-04	1.095924449746518963e-04	6.983115875065548693e-04	-2.367933262120652891e-04	2.433472172065063478e-03	-1.082718357105677542e-02	-1.544029836808077406e-03	-7.398012231337974635e-04	-7.567566926614529427e-03	9.368556621303453236e-03	4.930604612073013256e-04	-5.439381884783996580e-04	-5.545516081475345251e-04	1.280595997609117534e-03	3.479020790202997856e-03	1.489606847376505208e-03	2.774254195731737545e-03	-2.877433832670458613e-03	7.771117854582986970e-04	-4.262585833092169194e-03	-1.826306341456919360e-04	-1.341691347485669903e-03	-4.129238514415460234e-03	-2.099106489957849354e-03	-1.693346322056586565e-03	1.705876685608881567e-03	-1.306161982971853694e-02	4.201637347634534043e-04	7.164349578227230397e-03	-7.952642650436977934e-03	1.127422860850522696e-03
1.747486445422135617e-05	-5.311285807677785419e-05	8.174475395436676191e-05	4.669098409062217691e-04	-9.714986958452660661e-05	-7.794979867421654961e-04	9.979332217138138137e-05	-1.609206423789669117e-04	-3.716776825233757066e-04	-4.984055590832570624e-04	-3.540572813911277428e-03	-6.420824894666739887e-04	3.172024896342291039e-03	2.023072954767131783e-04	1.442592357931368491e-04	4.539757149085291155e-03	2.105654916778320349e-04	3.113049420039311604e-03	5.353768168423927217e-04	2.736793177892081225e-04	-4.123202467999350501e-03	-4.264101620511662194e-05	-2.987784047722279201e-04	-1.050020855463856470e-02	-2.723293518540351936e-04	3.048711690593083976e-04	-1.529456182713839936e-04	4.733578596906616370e-04	-1.169814570691274299e-04	2.417893584004576801e-04	8.103484213184481886e-05	-4.430406658040509033e-04	5.954490197335930799e-05	-2.149150142270261389e-03	2.649006117473263078e-03	-1.602742231683360421e-04	2.624478771871523587e-04	2.004736299729298365e-04	-3.825623404508535176e-04	3.710378173706371623e-03	8.764276742012308032e-04	5.107574821335816775e-04	-5.178802798364794775e-04	-3.813616778388296451e-04	4.539045849653816449e-05	-7.114883323338774064e-05	-5.932190019572341523e-04	-1.456649447775397780e-04	1.998163373511063724e-04	-2.099074142844257562e-04	-3.490281615862286975e-04	-2.256652155424902165e-04	8.326432839488281988e-04	1.333795710012718790e-03	-1.172949613513532031e-03	5.792910174356453827e-04	1.745749969768634101e-04	-3.103611322575620772e-03	9.147201972121519337e-03	-1.809924820124009584e-05	-4.083646920234146500e-03	-9.279136742642332507e-06	-1.209277061630945277e-04	-4.112693208315109034e-04
5.612133968487590090e-04	-7.956182515146382160e-04	1.384940964017391607e-03	2.260459644384634934e-04	-1.346325507638615384e-03	1.128169924482239073e-03	-9.121569213435891084e-04	-1.436158815117563603e-03	-5.458580527402586433e-04	-2.060052885067707642e-03	1.223448556041205511e-03	-1.049174084469652393e-02	2.023072954767131783e-04	8.943036869235209546e-03	-4.101972974842214500e-03	1.807106851031624892e-03	1.334656642561588610e-03	7.889305439566993150e-04	2.910999959171087226e-06	7.229875477719501300e-03	-6.957500567652410246e-04	-1.073448855185778206e-02	2.659795357252500107e-03	-3.878890156245729318e-03	1.032360316720742368e-04	-7.567566926609257602e-03	5.217715672687851976e-03	-9.547588115851770967e-05	-5.411087648643282287e-04	4.636791468659225710e-04	-5.732240702448561549e-04	4.385822154883879317e-03	-2.651633717383942643e-03	5.107574821340413792e-04	-8.772451626848723222e-04	-1.608046210415403979e-03	-8.774871500779181203e-05	6.770834592789098071e-04	4.791221224630656111e-03	4.934735310389142546e-04	1.563317736065753319e-03	4.343697359816761118e-03	-5.917315105221325824e-03	8.179892592528988570e-04	5.233353578447694308e-04	-2.110950988498005890e-04	-1.640893088965765783e-05	-2.724538106828884587e-03	-1.580115748181927862e-03	-1.317058798186153531e-03	3.631798432222867678e-05	-8.697107323134948848e-04	2.502531248146301363e-03	-2.107344447754272822e-04	7.375645153078380818e-04	3.260584939149385394e-03	-4.433122153242095506e-03	1.801101348013663291e-03	-2.822952487400358888e-03	2.919100615771608610e-03	8.962792426930714113e-05	-4.590692258046051924e-03	8.165327483985341389e-03	-6.521901708158278198e-04
-2.278785678373651709e-04	-4.950002522555849074e-04	-7.343457866783201053e-04	3.843727230151691232e-04	1.035490338782312338e-03	-1.289391173879642864e-03	7.318409155629967142e-04	2.431176476122796741e-03	-2.337190612599720357e-03	1.064774599337582378e-04	-5.318536780698042898e-04	1.947984554147178275e-03	1.442592357931368491e-04	-4.101972974842214500e-03	4.587985741323437686e-03	-8.270626505408823297e-05	6.860805216453195413e-04	3.227338368968450254e-04	1.374904315860275361e-04	-3.500768918433842022e-03	-4.666089905346937393e-04	6.082603980088071259e-03	-5.166563341084482591e-03	2.639739814367182734e-04	4.646679185572300495e-04	2.774254195724261754e-03	-3.061468985345455751e-03	1.740446764860769432e-03	8.158405262029105312e-04	-1.204590440213704206e-03	4.035942465699423731e-04	-1.618084593172727619e-03	1.417080988034987625e-03	-2.099074142848646413e-04	-5.273597804339588083e-06	2.001371705724950319e-03	8.051281171062879983e-04	-1.013235171313723974e-03	-1.138532337446800146e-03	-7.158203171484867674e-05	-1.225800115083309182e-03	-1.317058798183421559e-03	2.119696676221457209e-03	-1.505408144275789195e-03	-3.127358249772598658e-04	5.961791894094252767e-04	-9.557631777559344466e-05	1.352125228248586509e-03	9.079242017441802298e-04	1.152558788209672152e-03	1.235881295980885506e-04	6.225170132419558747e-04	-1.283802588301332682e-03	2.605431681219511639e-04	-5.682004869389943764e-04	-3.188547160801357382e-03	5.416319037377376536e-03	-3.516468036670433424e-04	8.555285770233823483e-04	2.208909152761505922e-03	1.067714555080542067e-04	1.812711606813340297e-03	-6.812705930142997843e-03	-4.461798076537521439e-05
-1.508267076726885463e-03	-8.679609172518175549e-04	3.326802062076651125e-04	-2.556227881828848983e-03	2.398731548820027160e-04	-2.978544179471545985e-04	2.642507892729068289e-03	1.311542836051010933e-03	-1.286837349066297879e-03	-1.181187183404067663e-02	8.888287111174966292e-04	-3.442070534477472462e-03	4.539757149085291155e-03	1.807106851031624892e-03	-8.270626505408823297e-05	1.608500910967203615e-02	4.489686052946025279e-04	1.042565781869772210e-02	-1.839517949810002932e-03	2.620501237976629195e-03	-7.495763847514182870e-03	-4.627376088179398564e-03	2.014469739588756192e-03	-2.839997081330034728e-02	-2.105158651880756175e-03	-1.693346322042323018e-03	2.346799172188813662e-03	-1.110754984407429091e-02	-9.241676592197015485e-04	6.100770046628850238e-03	-1.809119769167665415e-03	-5.145415217263564316e-05	5.004296036282068153e-04	-3.103611322569379237e-03	3.712124068243294502e-03	-8.167346097445267374e-04	1.594217709597595730e-03	2.568215017868107162e-03	-3.365142830837599460e-03	6.872222086894164486e-03	1.181440724614806273e-03	1.801101348008628689e-03	-5.102931649027346410e-03	3.968423712752999419e-03	2.017098172641041375e-03	-3.222996394445595651e-03	3.483145906856405932e-03	1.544859495272886602e-04	3.563730928411222229e-03	-3.516468036674080680e-04	1.439694606094427728e-03	-1.525957571348919171e-04	-8.064353119524448731e-04	4.813759218299862482e-03	-1.189824025141166669e-02	-3.946447786955646652e-04	1.500559019297863271e-03	2.089734315613689473e-03	6.315482900979895592e-03	9.878832554301596094e-04	-4.690437142432404838e-03	3.012639382989864330e-04	-1.609293374643040687e-03	-5.107306070241272693e-03
-1.181287144799960997e-04	1.737938482977972085e-04	-2.767896659624097662e-05	-1.899523876575672204e-04	-4.930288228049752594e-04	9.151245653233157904e-05	1.014617669059074412e-04	-6.595572942102085646e-04	-2.189060855863691167e-03	-4.239983601146086263e-04	-2.224803782983347670e-04	-4.583872047985059622e-03	2.105654916778320349e-04	1.334656642561588610e-03	6.860805216453195413e-04	4.489686052946025279e-04	2.953600402508339828e-03	1.703800455801083506e-04	4.707112172155196325e-05	4.865521119264573299e-03	-2.559469621743968573e-04	-1.169493974557326080e-03	-3.610160716384550918e-03	-2.861568127350576146e-04	8.082094977896917909e-05	-1.487915818708862668e-03	1.598569181263254232e-04	2.185887967041621441e-04	1.012747780746392707e-04	-3.378443478587294106e-05	-2.257691833249710479e-05	2.841843471452782234e-04	-1.934946608551525900e-03	8.174475395410945363e-05	1.741036896189245432e-04	-1.025693236046780910e-03	-1.744715087517462876e-05	-5.918784754769209656e-04	3.799069086246906722e-03	-3.727958953690554121e-04	1.899043789646988312e-04	1.384940964018716069e-03	-7.499114702704405598e-04	-4.439222324790461824e-04	-3.910222382309449379e-04	3.225634856234869475e-04	-3.465777471626725376e-04	-8.376029959905315937e-04	8.237844469983178486e-05	-7.343457866809727144e-04	5.441251483141009218e-04	2.911392863873457962e-04	1.146676370774078009e-03	-7.271449926502486635e-05	-2.400659848664110261e-04	7.260958715431711352e-04	1.800500761287173021e-04	3.326802062054373481e-04	2.953281102838718536e-04	2.585498740182625571e-03	-1.768991137175022403e-04	-1.980040631868464854e-03	2.598086977793630237e-03	-4.832202428741335905e-04
-7.766210495154055732e-04	-2.674650338650604291e-04	-2.224803782955977799e-04	-1.066725625279517971e-03	6.004188654620808228e-04	-1.044069324375774621e-03	1.887098851032531586e-03	1.115521147829173342e-03	-1.048666373982657957e-03	-9.724503766057122911e-03	1.221897893543667010e-03	-2.847342644720871844e-03	3.113049420039311604e-03	7.889305439566993150e-04	3.227338368968450254e-04	1.042565781869772210e-02	1.703800455801083506e-04	1.117435804713555296e-02	-2.897340761285043236e-03	2.387308081010112125e-03	-5.365535827061420487e-03	-3.358266944570593125e-03	1.949790939410644616e-03	-2.273227633436434442e-02	-2.212956911153561752e-03	-9.994623242072055765e-04	1.685305130375056460e-03	-9.605135615556963796e-03	-4.559745065573630541e-04	3.813918948394086263e-03	-4.565747920580101723e-04	3.095952196048524976e-04	9.029993174182282360e-04	-3.540572813909797709e-03	3.245308137393880694e-03	-5.574875756169059846e-04	1.168961204317472274e-03	2.225677237862630758e-03	-3.747740181922880678e-03	6.263406300476417193e-03	1.943917131352054968e-03	1.223448556037758182e-03	-4.170258144819277701e-03	3.573814934019518223e-03	1.700758434588819056e-03	-1.754813515760700240e-03	4.248987102876929708e-04	2.667759683137031659e-04	1.343083103760577077e-03	-5.318536780696814497e-04	2.430759448255248242e-03	-8.317540021442336624e-04	-1.806745136611660144e-03	3.301135020780827760e-03	-6.519258204106510336e-03	-8.275104625640053793e-04	1.723691620479377799e-03	8.888287111125486558e-04	5.671744956744706294e-03	8.771833436966969917e-04	-4.598245129538464961e-03	8.572004891421887950e-04	-2.451095323562333967e-03	-2.958368342108048336e-03
4.577633851003302338e-04	-2.748356357480008678e-04	4.707112172310400544e-05	2.426352881584293794e-04	1.503406570850545536e-04	3.178412110715186293e-04	-1.062303245933901834e-03	4.732688856474155355e-04	-2.748356357464816296e-04	3.062051379098017397e-03	-2.897340761286684285e-03	4.472246763895995213e-04	5.353768168423927217e-04	2.910999959171087226e-06	1.374904315860275361e-04	-1.839517949810002932e-03	4.707112172155196325e-05	-2.897340761285043236e-03	3.957246751955907464e-03	-8.928267223498515849e-04	-2.353865271469132020e-03	1.155733463401993361e-03	-8.446469147639834238e-04	8.805851004730800777e-04	2.426352881600515356e-04	4.472246763880026541e-04	-8.928267223463000639e-04	3.573242261095348812e-03	3.037099011279141385e-04	-1.439876695877111232e-03	1.877108025222342443e-04	-7.957832747461100254e-05	1.503406570869487632e-04	5.353768168397159350e-04	-2.353865271468478897e-03	3.037099011294096870e-04	2.116925602163925463e-03	-5.079536630537490657e-04	4.921153989610116885e-04	1.124952012072115252e-03	3.178412110713930787e-04	2.910999957873514066e-06	1.155733463401795386e-03	-1.439876695878353511e-03	-5.079536630534991571e-04	7.902913485253405725e-04	-5.146120034731305410e-04	-2.363510001996785314e-04	-1.062303245933386188e-03	1.374904315873792652e-04	-8.446469147648893831e-04	1.877108025231829754e-04	4.921153989625071286e-04	-5.146120034723360376e-04	1.805791715319490873e-03	6.276517565202157332e-05	4.732688856446328764e-04	-1.839517949812289298e-03	8.805851004800628818e-04	-7.957832747506048566e-05	1.124952012066549826e-03	-2.363510002012778109e-04	6.276517565648879798e-05	2.670257215528703057e-03
-4.169356412044819852e-05	5.848184645051453636e-04	1.598569181234727788e-04	-4.509227044014043695e-04	-9.882830880652622874e-04	7.209737470809542527e-04	-2.100328968893041149e-04	-2.948337310362677058e-03	-2.187251810126446261e-03	-4.168762639738319078e-03	1.685305130375774636e-03	-1.405609302229349732e-02	2.736793177892081225e-04	7.229875477719501300e-03	-3.500768918433842022e-03	2.620501237976629195e-03	4.865521119264573299e-03	2.387308081010112125e-03	-8.928267223498515849e-04	1.930090678408694083e-02	-8.010268648283819064e-04	-1.527344215380984846e-02	2.866687731083499002e-03	-4.702598305458987639e-03	-1.617294387036601467e-05	-8.501420543369251487e-03	6.111841394007231157e-03	-3.618133392842646915e-04	-1.235146887639113370e-03	2.671880374584253222e-04	-6.816303972385456779e-05	2.358332215562497849e-03	-4.475967709714938694e-03	-1.529456182708172811e-04	1.939060233550338186e-04	-6.087800129062011928e-03	3.077550579137347314e-04	3.413202422594209789e-03	3.676126591402213272e-03	7.770511853127952309e-04	1.479021151166122006e-03	5.217715672688975209e-03	-7.837032030263785254e-03	5.483480324567015403e-04	1.833349273642868524e-03	3.078100108919334553e-04	-1.197697763961260526e-03	-1.895819100914456021e-03	-5.541525373837829019e-04	-3.061468985351887238e-03	4.192101274717230028e-03	-1.879630477106676134e-04	-1.519106153429231553e-04	-1.734596356977904626e-04	3.754479373068494302e-05	2.848559103256481997e-03	-4.478772677889122228e-03	2.346799172188558224e-03	-1.929176231649269322e-03	2.153174100072494448e-03	-1.407491888843361407e-04	-3.747357940277112453e-03	9.802320945120868503e-03	-1.191461085032287631e-03
5.954913210767109758e-05	5.784671805303733547e-04	1.741036896142808782e-04	9.526638709367421824e-04	-9.988250532708626075e-04	-2.588185097847763103e-05	4.065661538040282394e-04	-2.088163608013656001e-03	1.433488539860942315e-03	2.930052538699430380e-03	3.245308137400163863e-03	1.601201613646560445e-03	-4.123202467999350501e-03	-6.957500567652410246e-04	-4.666089905346937393e-04	-7.495763847514182870e-03	-2.559469621743968573e-04	-5.365535827061420487e-03	-2.353865271469132020e-03	-8.010268648283819064e-04	9.764426085074062039e-03	9.972100088078451885e-04	-5.282505436320033112e-04	2.123223012163038756e-02	1.028543977105622793e-03	1.095924449640043805e-04	1.939060233507397275e-04	2.639618073107524200e-03	-2.026735668613198222e-04	-1.570809252077202262e-03	5.597975578726212612e-04	-2.525580450873254781e-04	-1.003217821615047739e-03	2.649006117478310256e-03	-5.225377701196050242e-04	2.412075987988057430e-04	-5.169460333852067373e-03	-1.089922148135672461e-03	2.539578885376671084e-03	-7.698115026924978038e-03	-1.436857313990570458e-03	-8.772451626806150940e-04	1.288091626172769340e-03	1.292021050223838294e-04	-4.584167626873126211e-04	3.633008911295597864e-04	-1.578994507809202417e-04	-8.658739333398306291e-05	-1.024466737806806779e-04	-5.273597806013758868e-06	-3.003984547069414308e-04	-8.293836206608796492e-05	6.805632375917489239e-04	-1.745201214559990478e-03	2.830232229686530446e-03	1.105621977418362167e-03	-2.351453566976540680e-03	3.712124068254928858e-03	-8.376720536489131591e-03	-1.326524596507112409e-04	2.277261538499647693e-03	-4.460467384763331083e-04	1.998532998451879247e-03	-1.003213762430246302e-03
-8.999637597155343404e-05	7.861095083346413665e-05	-7.499114702660019446e-04	2.645848797825517146e-04	6.177267614524449080e-04	-1.346422560453229729e-03	1.153801832148057364e-05	3.546860388405265185e-03	-1.574723556444570204e-03	7.703943615592565193e-03	-4.170258144823371649e-03	9.073605235183815343e-03	-4.264101620511662194e-05	-1.073448855185778206e-02	6.082603980088071259e-03	-4.627376088179398564e-03	-1.169493974557326080e-03	-3.358266944570593125e-03	1.155733463401993361e-03	-1.527344215380984846e-02	9.972100088078451885e-04	2.667529525291559983e-02	-1.182898841943392197e-02	6.672303442521666100e-03	-1.298782134102513227e-04	9.368556621294051034e-03	-7.837032030258039850e-03	2.885730464477539309e-04	1.399090929332163927e-03	-5.704811323846977833e-04	5.441180736247665586e-04	-3.951020660726172959e-03	3.384470613782197910e-03	-5.178802798388711191e-04	1.288091626174457877e-03	6.437867762627498373e-03	-6.213817020254340474e-04	-9.147295115024106291e-03	4.288651174333207687e-03	-7.880926460221476717e-04	-1.244628984378393262e-03	-5.917315105219192982e-03	1.280528345120257247e-02	-9.772263579229116710e-04	-4.128722213153258533e-03	3.348232086538326449e-04	-6.755068480440514118e-04	1.640758818653457064e-03	1.081234552914223557e-04	2.119696676225214620e-03	-4.461074638925147801e-03	4.215961071694773873e-04	3.238210867864239288e-03	-2.678863616692185026e-04	2.646803707049164966e-03	-1.534052918905847839e-03	1.064739411847048095e-02	-5.102931649033313859e-03	6.708662850749459380e-03	4.074688169687249416e-03	-7.375327544247671768e-04	1.208866315430991070e-03	-7.263845695016330622e-03	2.130156759214878268e-03
1.723231286191193935e-04	-4.995347738332036160e-04	5.441251483121564052e-04	1.486250916926898933e-04	8.687034995898812581e-04	-3.461675672334339239e-06	-2.428352037338429490e-04	3.946394480179116291e-05	3.749924116028298480e-03	-3.368554202434126052e-03	2.430759448263466495e-03	2.240218177229334924e-03	-2.987784047722279201e-04	2.659795357252500107e-03	-5.166563341084482591e-03	2.014469739588756192e-03	-3.610160716384550918e-03	1.949790939410644616e-03	-8.446469147639834238e-04	2.866687731083499002e-03	-5.282505436320033112e-04	-1.182898841943392197e-02	1.523630514347223616e-02	-4.402681947145521170e-03	2.351791892886387651e-04	-2.877433832672208515e-03	4.192101274712144686e-03	2.762669250690925633e-04	-1.095734521339875901e-03	-1.573788901419953881e-05	-2.855029858317080201e-04	1.702014506342299210e-03	1.187148031909000465e-03	-3.490281615850412793e-04	-3.003984547159005728e-04	-3.264680577487321690e-03	6.559642913183184095e-04	5.911605681248249117e-03	-1.028265676868527975e-02	1.671155955330569766e-03	-6.568549373738268981e-05	3.631798432410617613e-05	-4.461074638921449370e-03	6.833358091803562679e-04	3.012677182087004392e-03	-2.653196754780896664e-04	5.268714438453585150e-04	8.435555198225603863e-04	7.798246238468002341e-05	1.235881295962698557e-04	2.042077482242446711e-03	-2.627084088635642137e-04	-4.823745431024424428e-03	-4.927492803746000641e-05	-6.250991379413193367e-04	-1.191714407439632348e-03	-4.820940182013609167e-03	1.439694606102191049e-03	-2.461441442932014827e-03	-8.444105535420281389e-03	4.929400915382423521e-04	3.072514676083519611e-03	-4.208034694029599452e-04	-2.228638658913439344e-04
1.343572200582329734e-03	9.441131527504801300e-04	2.953281102748875038e-04	3.520167667922994518e-03	-1.449500034563279589e-03	2.297018752675262024e-03	-2.804371919939354675e-03	-3.869519609221346197e-03	2.890594982315226359e-03	1.563340292096711270e-02	5.671744956760777640e-03	8.339055451275990266e-03	-1.050020855463856470e-02	-3.878890156245729318e-03	2.639739814367182734e-04	-2.839997081330034728e-02	-2.861568127350576146e-04	-2.273227633436434442e-02	8.805851004730800777e-04	-4.702598305458987639e-03	2.123223012163038756e-02	6.672303442521666100e-03	-4.402681947145521170e-03	7.233271176235475663e-02	3.634275549780830415e-03	1.705876685574145464e-03	-1.929176231648131344e-03	1.655343930778911676e-02	1.887370121592900872e-04	-8.244332729277031174e-03	2.488987271592880794e-03	-1.112982079130564071e-03	-2.411190743563518604e-03	9.147201972127406988e-03	-8.376720536482643725e-03	7.903088307413722686e-04	-7.721204401609166670e-03	-4.018994240166610249e-03	7.860004107184822078e-03	-2.313442664864175796e-02	-5.181064928943333696e-03	-2.822952487389593194e-03	6.708662850734356010e-03	-5.990662618548379947e-03	-1.698425272553239895e-03	4.286007470342251789e-03	-2.202219315813185117e-03	3.396861733401156038e-04	-1.540329476055133902e-03	8.555285770204606403e-04	-2.461441442904805689e-03	1.319669550844181560e-03	6.626987865159909841e-04	-8.170149473518701494e-03	1.306806459814272188e-02	7.929854994314499295e-04	-4.622572682583872376e-03	6.315482901018127163e-03	-3.047297013184667100e-02	-2.893652655200878825e-03	1.156119834206207828e-02	-4.266135008152564020e-04	4.101890215268823130e-03	2.785437952216958477e-03
2.927484723982813532e-03	-1.026093767415500995e-03	-1.899523876628563110e-04	6.151255422534781039e-03	9.033915877368479301e-04	-2.535111336640890126e-03	-2.575447237477321467e-03	2.041288184967396478e-03	-1.084884346974670719e-03	3.868073536834512691e-03	-1.066725625286198175e-03	-1.341879822888320233e-03	-2.723293518540351936e-04	1.032360316720742368e-04	4.646679185572300495e-04	-2.105158651880756175e-03	8.082094977896917909e-05	-2.212956911153561752e-03	2.426352881600515356e-04	-1.617294387036601467e-05	1.028543977105622793e-03	-1.298782134102513227e-04	2.351791892886387651e-04	3.634275549780830415e-03	9.892491934781453417e-03	-1.266998789112454933e-03	-4.509227044137525107e-04	2.354945854576996622e-02	3.989479113940627860e-04	-7.734865946795605948e-03	-1.666274519633570471e-03	1.103502437395695313e-03	5.883078928657654166e-04	4.669098409048935130e-04	9.526638709372035104e-04	1.235427607461971067e-04	-1.960702234565067387e-03	7.969517053960171581e-04	-1.563007965406037168e-03	-2.905463977124033217e-03	-6.998423926430566086e-03	2.260459644409453948e-04	2.645848797911419569e-04	-9.966728886123812567e-03	2.913221492550765058e-04	4.423927448710636597e-03	-1.128023505997059923e-03	7.805331586276922830e-05	-3.638880824656130428e-04	3.843727230113928471e-04	1.486250916944799111e-04	2.090830459715260770e-03	-1.130889847905842266e-03	-4.853695499269900480e-03	7.915178588388725039e-03	-1.079374979885558026e-03	1.545469800080212638e-03	-2.556227881835569302e-03	3.520167667935597718e-03	1.138326501271551446e-03	-1.384551859740499637e-03	3.073421861872190162e-04	-1.291504884157739170e-03	-1.485943607287552642e-04
-7.676380348238230362e-04	6.012575741205842400e-03	-4.583872047984269456e-03	-1.341879822894445976e-03	3.398446999097795226e-03	-7.398012231318777752e-04	1.489606847382593221e-03	-2.099106489919039253e-03	2.391284753066958216e-03	2.978487119498351033e-03	-2.847342644707273780e-03	1.394219600951597873e-02	3.048711690593083976e-04	-7.567566926609257602e-03	2.774254195724261754e-03	-1.693346322042323018e-03	-1.487915818708862668e-03	-9.994623242072055765e-04	4.472246763880026541e-04	-8.501420543369251487e-03	1.095924449640043805e-04	9.368556621294051034e-03	-2.877433832672208515e-03	1.705876685574145464e-03	-1.266998789112454933e-03	2.488020661793287347e-02	-1.405609302227004385e-02	-2.982430502075577618e-03	6.983115875043926449e-04	4.930604612115841411e-04	7.771117854559325341e-04	-1.306161982969097045e-02	1.594841689255755389e-03	-6.420824894653167844e-04	1.601201613635766345e-03	1.131063480423141667e-03	-2.367933261927016551e-04	-5.439381884794366974e-04	-4.262585833073185247e-03	4.201637347742990039e-04	9.487841339439707575e-04	-1.049174084467204351e-02	9.073605235138320485e-03	1.216463772928198968e-03	2.433472172089677470e-03	-5.545516081512823952e-04	-1.826306341343275456e-04	7.164349578225977927e-03	4.253159155923281944e-04	1.947984554145062996e-03	2.240218177254079887e-03	8.446866779048131050e-05	-1.082718357109522557e-02	1.280595997612933492e-03	-1.341691347512656996e-03	-7.952642650460649970e-03	-7.109488751833438567e-04	-3.442070534462082429e-03	8.339055451246437517e-03	-5.333197036535767058e-03	-1.544029836796996426e-03	3.479020790199304630e-03	-4.129238514397266455e-03	1.127422860848877745e-03
-4.169356412101405719e-05	-2.187251810115989781e-03	4.865521119261688454e-03	-1.617294387733030601e-05	-4.475967709714047046e-03	1.479021151176553766e-03	-5.541525373921709404e-04	-4.478772677908379393e-03	5.848184644958037692e-04	-4.168762639738009430e-03	2.387308081010476417e-03	-8.501420543376448855e-03	-1.529456182713839936e-04	5.217715672687851976e-03	-3.061468985345455751e-03	2.346799172188813662e-03	1.598569181263254232e-04	1.685305130375056460e-03	-8.928267223463000639e-04	6.111841394007231157e-03	1.939060233507397275e-04	-7.837032030258039850e-03	4.192101274712144686e-03	-1.929176231648131344e-03	-4.509227044137525107e-04	-1.405609302227004385e-02	1.930090678407789598e-02	-3.618133393106914147e-04	-6.087800129060782009e-03	5.483480324656238736e-04	-1.879630477083386116e-04	2.153174100056454762e-03	-9.882830880587683501e-04	2.736793177897307622e-04	-8.010268648306443110e-04	-1.235146887638619842e-03	3.077550579144176703e-04	1.833349273648072044e-03	-1.519106153595651165e-04	-1.407491888874932290e-04	7.209737470963532846e-04	7.229875477701796713e-03	-1.527344215379270939e-02	2.671880374686620339e-04	3.413202422589519530e-03	3.078100108915570203e-04	-1.734596357115364114e-04	-3.747357940269832686e-03	-2.100328968999944025e-04	-3.500768918430208643e-03	2.866687731073739014e-03	-6.816303972592769786e-05	3.676126591409169080e-03	-1.197697763968613369e-03	3.754479376170049773e-05	9.802320945125259088e-03	-2.948337310345946951e-03	2.620501237977693881e-03	-4.702598305463221232e-03	2.358332215568984414e-03	7.770511853151180256e-04	-1.895819100910429078e-03	2.848559103241860881e-03	-1.191461085035804349e-03
8.377205681189867081e-03	-3.117687266329538347e-03	2.185887966975003181e-04	2.354945854575626191e-02	2.029361754943040733e-03	-1.337674411557834495e-02	-6.466105279222691612e-03	4.176675927016743235e-03	-3.117687266332427095e-03	1.786665448009078574e-02	-9.605135615571250979e-03	-2.982430502071083817e-03	4.733578596906616370e-04	-9.547588115851770967e-05	1.740446764860769432e-03	-1.110754984407429091e-02	2.185887967041621441e-04	-9.605135615556963796e-03	3.573242261095348812e-03	-3.618133392842646915e-04	2.639618073107524200e-03	2.885730464477539309e-04	2.762669250690925633e-04	1.655343930778911676e-02	2.354945854576996622e-02	-2.982430502075577618e-03	-3.618133393106914147e-04	8.349793947638939340e-02	3.040347394500703040e-04	-3.217898949301074840e-02	3.113442764341153423e-03	1.331738413495388816e-03	2.029361754945179647e-03	4.733578596900811552e-04	2.639618073111905244e-03	3.040347394375148091e-04	-4.070105409092491730e-03	1.981372833373166824e-03	-5.142859426814455799e-03	-5.763729726300808112e-03	-1.337674411561156317e-02	-9.547588115018800121e-05	2.885730464759700756e-04	-3.217898949302201023e-02	1.981372833348968299e-03	1.558657974036607718e-02	-1.209769333978563677e-02	1.215765296376976291e-03	-6.466105279207261247e-03	1.740446764851613561e-03	2.762669250605426534e-04	3.113442764348128312e-03	-5.142859426782328720e-03	-1.209769333979234668e-02	3.447848575969190976e-02	-4.160233689355608347e-03	4.176675927029839530e-03	-1.110754984408285004e-02	1.655343930782559106e-02	1.331738413486685925e-03	-5.763729726298563380e-03	1.215765296396236275e-03	-4.160233689392572702e-03	2.318009829979462977e-03
1.756340479967645821e-04	-6.318529760163415533e-04	-1.025693236043052556e-03	1.235427607509911505e-04	2.165911996300414963e-03	-6.882636849256148614e-04	-1.617243341157937058e-04	4.628426799274356490e-03	-8.251943756460552917e-04	1.357554771830284113e-03	-5.574875756232300274e-04	1.131063480427624626e-03	-1.169814570691274299e-04	-5.411087648643282287e-04	8.158405262029105312e-04	-9.241676592197015485e-04	1.012747780746392707e-04	-4.559745065573630541e-04	3.037099011279141385e-04	-1.235146887639113370e-03	-2.026735668613198222e-04	1.399090929332163927e-03	-1.095734521339875901e-03	1.887370121592900872e-04	3.989479113940627860e-04	6.983115875043926449e-04	-6.087800129060782009e-03	3.040347394500703040e-04	4.373447922041418835e-03	-3.055294226555155344e-04	-2.335282657492430232e-04	5.813935584397173124e-03	5.104545916820727239e-04	-1.602742231694767583e-04	2.412075988056635385e-04	8.213720649648095827e-04	-8.656503851958317550e-06	-8.396284864368680316e-04	6.547633169997117914e-04	1.148550277568416900e-04	-6.927815791026737530e-04	-1.608046210412727734e-03	6.437867762632332180e-03	-3.813929984061855630e-04	-3.485044388113265994e-03	-4.558426907529832721e-05	3.056532736544153401e-04	-1.168653074272381614e-03	-8.215744111210333941e-06	2.001371705723600705e-03	-3.264680577492044475e-03	1.374810156837073241e-04	9.682487535076574232e-04	2.338493802964714007e-04	4.731281531951084685e-04	-2.902246182574576804e-03	2.253983415716994017e-03	-8.167346097519110216e-04	7.903088307577394930e-04	6.387936627314260742e-04	1.044215250038415160e-04	-2.515760627121047606e-04	-4.113087043706139590e-04	6.121570850638231734e-04
-3.245635919260074498e-03	1.872980770035795762e-03	-4.439222324794173591e-04	-9.966728886114177913e-03	-8.936015800018290607e-04	8.305250499752694221e-03	4.490295091822740217e-04	-2.891037940129553147e-03	1.484882474422370615e-03	-6.933905006471856661e-03	3.573814934027232972e-03	1.216463772926792541e-03	2.417893584004576801e-04	4.636791468659225710e-04	-1.204590440213704206e-03	6.100770046628850238e-03	-3.378443478587294106e-05	3.813918948394086263e-03	-1.439876695877111232e-03	2.671880374584253222e-04	-1.570809252077202262e-03	-5.704811323846977833e-04	-1.573788901419953881e-05	-8.244332729277031174e-03	-7.734865946795605948e-03	4.930604612115841411e-04	5.483480324656238736e-04	-3.217898949301074840e-02	-3.055294226555155344e-04	1.685418329850581209e-02	-4.384465059696911193e-03	-6.725205825100480286e-04	-1.119034436955369111e-03	-3.813616778384540775e-04	1.292021050164468467e-04	-3.813929984016193914e-04	9.553607442099489163e-04	-6.284751104421591912e-04	2.363425763426458930e-03	2.030647167346924086e-03	3.302218605241643689e-03	8.179892592491759236e-04	-9.772263579369366935e-04	1.142795819732876292e-02	-5.557912116582903192e-04	-7.238622828890513630e-03	6.574570022201861944e-03	-7.456032665009890929e-04	4.205951353203377444e-03	-1.505408144273714683e-03	6.833358091912248525e-04	4.583583956318202377e-04	2.107483550385984891e-03	3.357303294622021941e-03	-1.245870718037239179e-02	2.734388595241467584e-03	-2.973618124129923275e-03	3.968423712755943245e-03	-5.990662618571722386e-03	-1.072883089893740842e-03	2.147199395300033835e-03	-8.400061705973595021e-04	3.299254206684745002e-03	-1.406075754191288534e-03
-4.683347441109123922e-05	-3.411692137507834569e-04	2.911392863911109593e-04	2.090830459712781850e-03	-1.897896479073465567e-04	-2.986002714400264393e-03	2.256093280501107398e-03	2.007959284035355048e-04	-9.366639490274419324e-05	9.503773411894183773e-04	-8.317540021442891736e-04	8.446866778627417239e-05	8.103484213184481886e-05	-5.732240702448561549e-04	4.035942465699423731e-04	-1.809119769167665415e-03	-2.257691833249710479e-05	-4.565747920580101723e-04	1.877108025222342443e-04	-6.816303972385456779e-05	5.597975578726212612e-04	5.441180736247665586e-04	-2.855029858317080201e-04	2.488987271592880794e-03	-1.666274519633570471e-03	7.771117854559325341e-04	-1.879630477083386116e-04	3.113442764341153423e-03	-2.335282657492430232e-04	-4.384465059696911193e-03	5.036100071684286930e-03	-7.280423403677570163e-04	1.897912838208838410e-04	-2.256652155423724993e-04	-8.293836206307060317e-05	1.374810156846377864e-04	2.640479697195231607e-04	-1.204361432669263140e-04	-3.201501518356872551e-04	4.379844592327922963e-04	2.096875499649562390e-03	-8.697107323136004861e-04	4.215961071718166619e-04	4.583583956346197561e-04	3.117398576065809703e-04	1.149885789354480881e-03	-3.887658538211372604e-03	6.523552600464106992e-04	-1.741237828849646549e-03	6.225170132444080148e-04	-2.627084088713852687e-04	-2.316080593047467346e-03	-5.797475158499089355e-04	1.094994653450014109e-03	1.950697527946317240e-03	-9.390200931541103392e-04	6.049990173003856782e-04	-1.525957571349899561e-04	1.319669550848905863e-03	1.044886862345367176e-04	-9.119960185788706340e-04	2.706322571046679932e-04	-8.972715067911555317e-04	3.854426857164017380e-04
3.159769621135467485e-04	-4.349768285134459830e-03	2.585498740187710913e-03	1.138326501278771148e-03	1.206216000613751860e-03	-1.623377317840490972e-03	-4.608317277687124609e-05	1.076257883575615880e-02	-1.795376819425974560e-03	-5.645971335154605303e-04	8.771833436789902355e-04	-5.333197036531800612e-03	-4.430406658040509033e-04	4.385822154883879317e-03	-1.618084593172727619e-03	-5.145415217263564316e-05	2.841843471452782234e-04	3.095952196048524976e-04	-7.957832747461100254e-05	2.358332215562497849e-03	-2.525580450873254781e-04	-3.951020660726172959e-03	1.702014506342299210e-03	-1.112982079130564071e-03	1.103502437395695313e-03	-1.306161982969097045e-02	2.153174100056454762e-03	1.331738413495388816e-03	5.813935584397173124e-03	-6.725205825100480286e-04	-7.280423403677570163e-04	2.207619047887229152e-02	3.494429706152613882e-04	-1.809924820286471859e-05	-1.326524596358757773e-04	6.387936627364633859e-04	3.439827638282930426e-04	-4.351359598351531039e-04	1.862065206725758027e-03	5.670111706088817546e-05	-2.348608243069810232e-03	2.919100615758447696e-03	4.074688169724170403e-03	-1.072883089894764112e-03	-6.194710405803455916e-03	3.411287747536774495e-06	1.355709658198636734e-03	-7.973978852089440295e-03	6.159195678852635901e-04	2.208909152763522104e-03	-8.444105535446212035e-03	1.044886862278281354e-04	6.948863230453544704e-03	2.224986864690457885e-04	-3.402785178669468728e-04	1.031634083729051276e-03	4.295421350088076372e-03	9.878832554106992646e-04	-2.893652655157383669e-03	4.468127683417770848e-03	9.279568829496226672e-04	-3.067361180122775855e-03	2.127016632000263557e-03	-1.022309532733770400e-04
2.612711976461268813e-04	-9.231606196379799414e-04	-4.930288228015341102e-04	9.033915877338241987e-04	2.186338571999654583e-03	-1.044783906662897187e-03	1.281003185513639132e-04	4.342024339357583584e-03	-3.871721899042259970e-04	-1.072576374076307255e-03	6.004188654697983907e-04	3.398446999084992967e-03	5.954490197335930799e-05	-2.651633717383942643e-03	1.417080988034987625e-03	5.004296036282068153e-04	-1.934946608551525900e-03	9.029993174182282360e-04	1.503406570869487632e-04	-4.475967709714938694e-03	-1.003217821615047739e-03	3.384470613782197910e-03	1.187148031909000465e-03	-2.411190743563518604e-03	5.883078928657654166e-04	1.594841689255755389e-03	-9.882830880587683501e-04	2.029361754945179647e-03	5.104545916820727239e-04	-1.119034436955369111e-03	1.897912838208838410e-04	3.494429706152613882e-04	4.280893013446543383e-03	-9.714986958250385128e-05	-9.988250532827571727e-04	2.165911996307057219e-03	1.623510142456673078e-03	5.325718590761872699e-04	-6.400480033502357197e-03	1.131598739026595931e-03	-8.617950950985410735e-04	-1.346325507634560902e-03	6.177267614481788977e-04	-8.936015800066553867e-04	1.064390502635142186e-03	4.198556596249951528e-04	-3.547784481755088953e-05	1.355439177904317529e-03	-2.288934867294027187e-04	1.035490338783819162e-03	8.687034995867668873e-04	-1.897896479029739152e-04	-4.204943063088407811e-03	-5.352173954376347265e-05	6.654131266016242649e-04	-3.733143002246756131e-03	5.949219884667502831e-03	2.398731548927887658e-04	-1.449500034587737456e-03	1.206216000633179028e-03	6.267868160106473442e-04	1.697322716535235466e-03	-5.602109116418414053e-03	3.951625392998972292e-04
1.747486445440558583e-05	-3.716776825233451863e-04	2.105654916777686904e-04	-2.723293518547681685e-04	5.954490197219509170e-05	8.764276742038200948e-04	1.998163373485304165e-04	1.745749969766322853e-04	-5.311285807784346907e-05	-4.984055590954480485e-04	3.113049420045135504e-03	3.048711690592954956e-04	-2.149150142270261389e-03	5.107574821340413792e-04	-2.099074142848646413e-04	-3.103611322569379237e-03	8.174475395410945363e-05	-3.540572813909797709e-03	5.353768168397159350e-04	-1.529456182708172811e-04	2.649006117478310256e-03	-5.178802798388711191e-04	-3.490281615850412793e-04	9.147201972127406988e-03	4.669098409048935130e-04	-6.420824894653167844e-04	2.736793177897307622e-04	4.733578596900811552e-04	-1.602742231694767583e-04	-3.813616778384540775e-04	-2.256652155423724993e-04	-1.809924820286471859e-05	-9.714986958250385128e-05	3.172024896345125577e-03	-4.123202467999598567e-03	-1.169814570698813705e-04	2.624478771783982393e-04	4.539045849883348825e-05	8.326432839461813361e-04	-4.083646920241633567e-03	-7.794979867360490779e-04	2.023072954732965862e-04	-4.264101620365040113e-05	2.417893584009643277e-04	2.004736299738948306e-04	-7.114883323132255234e-05	1.333795710006898359e-03	-9.279136740007992278e-06	9.979332216927663324e-05	1.442592357942193979e-04	-2.987784047725274309e-04	8.103484213291499416e-05	-3.825623404509182444e-04	-5.932190019615922114e-04	-1.172949613505588082e-03	-1.209277061644861554e-04	-1.609206423770676605e-04	4.539757149094946626e-03	-1.050020855464360234e-02	-4.430406658057371087e-04	3.710378173700669153e-03	-1.456649447768842422e-04	5.792910174363739666e-04	-4.112693208400543081e-04
5.954913210646400109e-05	1.433488539856093112e-03	-2.559469621771203731e-04	1.028543977109961554e-03	-1.003217821606367400e-03	-1.436857314001398385e-03	-1.024466737718429665e-04	-2.351453566961488918e-03	5.784671805353638289e-04	2.930052538715586293e-03	-5.365535827064962793e-03	1.095924449746518963e-04	2.649006117473263078e-03	-8.772451626848723222e-04	-5.273597804339588083e-06	3.712124068243294502e-03	1.741036896189245432e-04	3.245308137393880694e-03	-2.353865271468478897e-03	1.939060233550338186e-04	-5.225377701196050242e-04	1.288091626174457877e-03	-3.003984547159005728e-04	-8.376720536482643725e-03	9.526638709372035104e-04	1.601201613635766345e-03	-8.010268648306443110e-04	2.639618073111905244e-03	2.412075988056635385e-04	1.292021050164468467e-04	-8.293836206307060317e-05	-1.326524596358757773e-04	-9.988250532827571727e-04	-4.123202467999598567e-03	9.764426085073354272e-03	-2.026735668690772345e-04	-5.169460333837966673e-03	-4.584167626867395118e-04	6.805632376054523720e-04	2.277261538502710781e-03	-2.588185098578583130e-05	-6.957500567617001287e-04	9.972100088069886688e-04	-1.570809252077964456e-03	-1.089922148137727892e-03	3.633008911282667669e-04	-1.745201214552820432e-03	-4.460467384799185649e-04	4.065661538076543536e-04	-4.666089905339024886e-04	-5.282505436243196788e-04	5.597975578699544491e-04	2.539578885363347974e-03	-1.578994507733416414e-04	2.830232229671583201e-03	1.998532998442829195e-03	-2.088163608033241463e-03	-7.495763847524735193e-03	2.123223012163385354e-02	-2.525580451041486638e-04	-7.698115026910267583e-03	-8.658739332931036838e-05	1.105621977422514661e-03	-1.003213762419181802e-03
1.756340479956591566e-04	-8.251943756500017876e-04	1.012747780762730549e-04	3.989479113883404211e-04	5.104545916839496947e-04	-6.927815790966012450e-04	-8.215744113578915889e-06	2.253983415726474714e-03	-6.318529760148314765e-04	1.357554771821526795e-03	-4.559745065519638899e-04	6.983115875065548693e-04	-1.602742231683360421e-04	-1.608046210415403979e-03	2.001371705724950319e-03	-8.167346097445267374e-04	-1.025693236046780910e-03	-5.574875756169059846e-04	3.037099011294096870e-04	-6.087800129062011928e-03	2.412075987988057430e-04	6.437867762627498373e-03	-3.264680577487321690e-03	7.903088307413722686e-04	1.235427607461971067e-04	1.131063480423141667e-03	-1.235146887638619842e-03	3.040347394375148091e-04	8.213720649648095827e-04	-3.813929984016193914e-04	1.374810156846377864e-04	6.387936627364633859e-04	2.165911996307057219e-03	-1.169814570698813705e-04	-2.026735668690772345e-04	4.373447922041312150e-03	-8.656503843736107744e-06	-3.485044388105137080e-03	9.682487534940750805e-04	1.044215250102646956e-04	-6.882636849210895099e-04	-5.411087648643527316e-04	1.399090929333438298e-03	-3.055294226515437766e-04	-8.396284864351098894e-04	-4.558426907607412808e-05	2.338493802940278801e-04	-2.515760627104278251e-04	-1.617243341171044249e-04	8.158405262062469465e-04	-1.095734521343583005e-03	-2.335282657465387790e-04	6.547633169953772595e-04	3.056532736481730461e-04	4.731281532046836000e-04	-4.113087043784662933e-04	4.628426799278497275e-03	-9.241676592152562111e-04	1.887370121429069250e-04	5.813935584394750583e-03	1.148550277614933781e-04	-1.168653074265943838e-03	-2.902246182583399607e-03	6.121570850629628590e-04
-6.810770726909474299e-04	-1.234034562623994441e-03	-1.744715087128131297e-05	-1.960702234568900693e-03	1.623510142442466777e-03	8.848262608263698491e-04	2.065222072361597638e-04	3.838103718931217771e-03	-1.234034562633304268e-03	-2.102489916587792565e-03	1.168961204304944969e-03	-2.367933262120652891e-04	2.624478771871523587e-04	-8.774871500779181203e-05	8.051281171062879983e-04	1.594217709597595730e-03	-1.744715087517462876e-05	1.168961204317472274e-03	2.116925602163925463e-03	3.077550579137347314e-04	-5.169460333852067373e-03	-6.213817020254340474e-04	6.559642913183184095e-04	-7.721204401609166670e-03	-1.960702234565067387e-03	-2.367933261927016551e-04	3.077550579144176703e-04	-4.070105409092491730e-03	-8.656503851958317550e-06	9.553607442099489163e-04	2.640479697195231607e-04	3.439827638282930426e-04	1.623510142456673078e-03	2.624478771783982393e-04	-5.169460333837966673e-03	-8.656503843736107744e-06	8.820968772633157318e-03	1.186033618656095719e-03	-3.475279294741544060e-03	5.001452001633536169e-03	8.848262608204589957e-04	-8.774871501097253595e-05	-6.213817020234025778e-04	9.553607442064474854e-04	1.186033618653250772e-03	-3.752990336013024581e-04	5.385735178654143781e-04	8.904780754529052029e-04	2.065222072403898599e-04	8.051281171045018836e-04	6.559642913057935976e-04	2.640479697228500350e-04	-3.475279294714502757e-03	5.385735178650738302e-04	-1.922638304436365608e-03	-3.448723880744621224e-03	3.838103718959982522e-03	1.594217709589806822e-03	-7.721204401577692715e-03	3.439827638517523045e-04	5.001452001621365349e-03	8.904780754509919113e-04	-3.448723880762906511e-03	2.084175698301318422e-03
-7.007346814944393886e-05	1.002273989471348095e-04	-3.910222382295204047e-04	2.913221492616758276e-04	1.064390502631667752e-03	-1.267891231122936701e-04	5.100846861837435645e-04	8.998340067232509345e-06	1.379507096953279909e-03	-4.170304459556027458e-03	1.700758434588219709e-03	2.433472172065063478e-03	2.004736299729298365e-04	6.770834592789098071e-04	-1.013235171313723974e-03	2.568215017868107162e-03	-5.918784754769209656e-04	2.225677237862630758e-03	-5.079536630537490657e-04	3.413202422594209789e-03	-1.089922148135672461e-03	-9.147295115024106291e-03	5.911605681248249117e-03	-4.018994240166610249e-03	7.969517053960171581e-04	-5.439381884794366974e-04	1.833349273648072044e-03	1.981372833373166824e-03	-8.396284864368680316e-04	-6.284751104421591912e-04	-1.204361432669263140e-04	-4.351359598351531039e-04	5.325718590761872699e-04	4.539045849883348825e-05	-4.584167626867395118e-04	-3.485044388105137080e-03	1.186033618656095719e-03	7.328320925446414960e-03	-9.049924576256470482e-03	4.748698294353815392e-04	-2.731539071300528691e-04	5.233353578456558745e-04	-4.128722213155538827e-03	-5.557912116703768966e-04	2.830253838480343339e-03	3.851434798241309574e-04	1.874677470561095997e-04	1.080339754444551359e-03	5.974917810278596985e-04	-3.127358249792329512e-04	3.012677182087041688e-03	3.117398576066612013e-04	-5.099204515464170889e-03	-2.151730394043883162e-04	-1.424546880848362842e-03	-1.921651657529931025e-03	-3.080012262678500506e-03	2.017098172644010354e-03	-1.698425272552489627e-03	-6.194710405772400896e-03	2.863439722761854447e-04	3.655157113710264753e-03	-2.788686158388241181e-03	-1.144704993789827201e-03
-1.382545287078440336e-04	5.762550013729190491e-04	1.146676370766447177e-03	-1.130889847909608134e-03	-4.204943063085784041e-03	1.707111363019046119e-03	-3.915007233581492877e-04	-5.029119601764719949e-03	-2.019977441200790369e-03	5.223431880322177735e-03	-1.806745136621498628e-03	-1.082718357105677542e-02	-3.825623404508535176e-04	4.791221224630656111e-03	-1.138532337446800146e-03	-3.365142830837599460e-03	3.799069086246906722e-03	-3.747740181922880678e-03	4.921153989610116885e-04	3.676126591402213272e-03	2.539578885376671084e-03	4.288651174333207687e-03	-1.028265676868527975e-02	7.860004107184822078e-03	-1.563007965406037168e-03	-4.262585833073185247e-03	-1.519106153595651165e-04	-5.142859426814455799e-03	6.547633169997117914e-04	2.363425763426458930e-03	-3.201501518356872551e-04	1.862065206725758027e-03	-6.400480033502357197e-03	8.326432839461813361e-04	6.805632376054523720e-04	9.682487534940750805e-04	-3.475279294741544060e-03	-9.049924576256470482e-03	2.262736263040342893e-02	-2.766756400505091321e-03	1.618327203768354754e-03	2.502531248137883184e-03	3.238210867873237732e-03	2.107483550406969840e-03	-5.099204515470232880e-03	-1.077208390838045159e-03	3.008347503436073294e-04	-3.765109163180974799e-03	-5.873233127073293784e-04	-1.283802588300922854e-03	-4.823745431019902004e-03	-5.797475158562459888e-04	1.275106758663814913e-02	4.419931581928619214e-04	-6.623119799048381075e-04	7.530545834335111016e-03	-4.156469053387683472e-03	-8.064353119664953743e-04	6.626987865477784907e-04	6.948863230400240988e-03	-7.985383645675093230e-04	-7.621014663174842038e-03	1.381205317439795563e-02	9.199488794250194282e-05
-7.072285210477046152e-04	-2.011158935124181626e-04	-1.768991137150635715e-04	-1.384551859743369086e-03	6.267868160024587989e-04	-1.135785309752056519e-03	6.655772686683160974e-04	1.700634525672825928e-03	-3.220948416354389504e-04	-1.712211684239921608e-03	-4.598245129551064257e-03	-1.544029836808077406e-03	3.710378173706371623e-03	4.934735310389142546e-04	-7.158203171484867674e-05	6.872222086894164486e-03	-3.727958953690554121e-04	6.263406300476417193e-03	1.124952012072115252e-03	7.770511853127952309e-04	-7.698115026924978038e-03	-7.880926460221476717e-04	1.671155955330569766e-03	-2.313442664864175796e-02	-2.905463977124033217e-03	4.201637347742990039e-04	-1.407491888874932290e-04	-5.763729726300808112e-03	1.148550277568416900e-04	2.030647167346924086e-03	4.379844592327922963e-04	5.670111706088817546e-05	1.131598739026595931e-03	-4.083646920241633567e-03	2.277261538502710781e-03	1.044215250102646956e-04	5.001452001633536169e-03	4.748698294353815392e-04	-2.766756400505091321e-03	1.153230884964434599e-02	2.724016204729945347e-03	8.962792427252190899e-05	-7.375327544225575727e-04	2.147199395297562721e-03	2.863439722747162424e-04	-1.293813409461559705e-03	-6.362490047675458142e-04	3.341789050564542311e-04	-3.784605907194412496e-04	1.067714555054219265e-04	4.929400915284200225e-04	-9.119960185771354769e-04	-7.985383645502223699e-04	3.139741586979914473e-03	-1.855501326165560775e-03	-1.398066769375345009e-03	2.112706556445826268e-03	-4.690437142450103354e-03	1.156119834207428726e-02	9.279568829664308367e-04	-2.556577133763975572e-03	1.640508287026859035e-04	-1.924453379960193314e-03	2.669026668969939464e-03
-3.288242564330619267e-04	1.544253313238970341e-03	9.151245653727264071e-05	-2.535111336649527314e-03	-1.044783906664282147e-03	2.138624455507845412e-03	-1.195769455101109748e-03	-4.361028229764576589e-03	1.100174203982687065e-03	-8.738583806212360614e-04	-1.044069324367937575e-03	-7.398012231337974635e-04	8.764276742012308032e-04	1.563317736065753319e-03	-1.225800115083309182e-03	1.181440724614806273e-03	1.899043789646988312e-04	1.943917131352054968e-03	3.178412110713930787e-04	1.479021151166122006e-03	-1.436857313990570458e-03	-1.244628984378393262e-03	-6.568549373738268981e-05	-5.181064928943333696e-03	-6.998423926430566086e-03	9.487841339439707575e-04	7.209737470963532846e-04	-1.337674411561156317e-02	-6.927815791026737530e-04	3.302218605241643689e-03	2.096875499649562390e-03	-2.348608243069810232e-03	-8.617950950985410735e-04	-7.794979867360490779e-04	-2.588185098578583130e-05	-6.882636849210895099e-04	8.848262608204589957e-04	-2.731539071300528691e-04	1.618327203768354754e-03	2.724016204729945347e-03	1.204288392806682900e-02	1.128169924485422073e-03	-1.346422560468854383e-03	8.305250499767144468e-03	-1.267891231048017789e-04	-1.105900694480299812e-03	-5.898801987770600080e-03	-6.183882895352665193e-04	-5.805501024989464728e-03	-1.289391173877131201e-03	-3.461675673265424960e-06	-2.986002714400237939e-03	1.707111363016004064e-03	5.184177699569921324e-05	6.975323469810871049e-03	3.156192080070312298e-03	-3.564623325309875662e-03	-2.978544179302982904e-04	2.297018752642197327e-03	-1.623377317832300475e-03	-1.135785309748591626e-03	-7.997103071370704683e-04	2.975495644167281892e-03	5.383572524354267785e-04
5.612133968509829245e-04	-5.458580527312961944e-04	1.334656642557639945e-03	1.032360316783504121e-04	-2.651633717385457924e-03	1.563317736060867037e-03	-1.580115748182436787e-03	-4.433122153253612335e-03	-7.956182515215818804e-04	-2.060052885060975614e-03	7.889305439538920987e-04	-7.567566926614529427e-03	5.107574821335816775e-04	4.343697359816761118e-03	-1.317058798183421559e-03	1.801101348008628689e-03	1.384940964018716069e-03	1.223448556037758182e-03	2.910999957873514066e-06	5.217715672688975209e-03	-8.772451626806150940e-04	-5.917315105219192982e-03	3.631798432410617613e-05	-2.822952487389593194e-03	2.260459644409453948e-04	-1.049174084467204351e-02	7.229875477701796713e-03	-9.547588115018800121e-05	-1.608046210412727734e-03	8.179892592491759236e-04	-8.697107323136004861e-04	2.919100615758447696e-03	-1.346325507634560902e-03	2.023072954732965862e-04	-6.957500567617001287e-04	-5.411087648643527316e-04	-8.774871501097253595e-05	5.233353578456558745e-04	2.502531248137883184e-03	8.962792427252190899e-05	1.128169924485422073e-03	8.943036869220072349e-03	-1.073448855183719436e-02	4.636791468656454489e-04	6.770834592721350614e-04	-2.110950988488028519e-04	-2.107344447775924882e-04	-4.590692258038434753e-03	-9.121569213464209361e-04	-4.101972974837555033e-03	2.659795357245382970e-03	-5.732240702480107496e-04	4.791221224635209761e-03	-1.640893088758054331e-05	7.375645153105210485e-04	8.165327483977906364e-03	-1.436158815101977329e-03	1.807106851023364789e-03	-3.878890156238248323e-03	4.385822154887930764e-03	4.934735310378094526e-04	-2.724538106828420549e-03	3.260584939140899127e-03	-6.521901708111099141e-04
-8.999637597182123198e-05	-1.574723556470209850e-03	-1.169493974553679474e-03	-1.298782134033832814e-04	3.384470613794838406e-03	-1.244628984393786331e-03	1.081234553006900617e-04	1.064739411851967424e-02	7.861095084286051030e-05	7.703943615586458099e-03	-3.358266944570617411e-03	9.368556621303453236e-03	-5.178802798364794775e-04	-5.917315105221325824e-03	2.119696676221457209e-03	-5.102931649027346410e-03	-7.499114702704405598e-04	-4.170258144819277701e-03	1.155733463401795386e-03	-7.837032030263785254e-03	1.288091626172769340e-03	1.280528345120257247e-02	-4.461074638921449370e-03	6.708662850734356010e-03	2.645848797911419569e-04	9.073605235138320485e-03	-1.527344215379270939e-02	2.885730464759700756e-04	6.437867762632332180e-03	-9.772263579369366935e-04	4.215961071718166619e-04	4.074688169724170403e-03	6.177267614481788977e-04	-4.264101620365040113e-05	9.972100088069886688e-04	1.399090929333438298e-03	-6.213817020234025778e-04	-4.128722213155538827e-03	3.238210867873237732e-03	-7.375327544225575727e-04	-1.346422560468854383e-03	-1.073448855183719436e-02	2.667529525289027287e-02	-5.704811323978903554e-04	-9.147295115016758002e-03	3.348232086553368670e-04	-2.678863616614104038e-04	1.208866315421095556e-03	1.153801832870754007e-05	6.082603980087413799e-03	-1.182898841941893570e-02	5.441180736268784760e-04	4.288651174314503031e-03	-6.755068480358948505e-04	2.646803707029077302e-03	-7.263845695025904561e-03	3.546860388384723891e-03	-4.627376088172392883e-03	6.672303442522843978e-03	-3.951020660735084233e-03	-7.880926460285819779e-04	1.640758818653009071e-03	-1.534052918894617023e-03	2.130156759210820750e-03
-3.245635919263321900e-03	1.484882474423405378e-03	-3.378443478357234537e-05	-7.734865946795456762e-03	-1.119034436956333183e-03	3.302218605233121426e-03	4.205951353212509895e-03	-2.973618124126539697e-03	1.872980770035007981e-03	-6.933905006472616470e-03	3.813918948400315222e-03	4.930604612073013256e-04	-3.813616778388296451e-04	8.179892592528988570e-04	-1.505408144275789195e-03	3.968423712752999419e-03	-4.439222324790461824e-04	3.573814934019518223e-03	-1.439876695878353511e-03	5.483480324567015403e-04	1.292021050223838294e-04	-9.772263579229116710e-04	6.833358091803562679e-04	-5.990662618548379947e-03	-9.966728886123812567e-03	1.216463772928198968e-03	2.671880374686620339e-04	-3.217898949302201023e-02	-3.813929984061855630e-04	1.142795819732876292e-02	4.583583956346197561e-04	-1.072883089894764112e-03	-8.936015800066553867e-04	2.417893584009643277e-04	-1.570809252077964456e-03	-3.055294226515437766e-04	9.553607442064474854e-04	-5.557912116703768966e-04	2.107483550406969840e-03	2.147199395297562721e-03	8.305250499767144468e-03	4.636791468656454489e-04	-5.704811323978903554e-04	1.685418329851449265e-02	-6.284751104356567971e-04	-7.238622828893350770e-03	3.357303294622531516e-03	-8.400061705940609254e-04	4.490295091813659482e-04	-1.204590440213129795e-03	-1.573788901134472607e-05	-4.384465059698396117e-03	2.363425763421981175e-03	6.574570022206681873e-03	-1.245870718038289901e-02	3.299254206677349442e-03	-2.891037940132582407e-03	6.100770046635028455e-03	-8.244332729295394957e-03	-6.725205825039743280e-04	2.030647167345567099e-03	-7.456032665106679825e-04	2.734388595256876699e-03	-1.406075754193554517e-03
-7.007346815120988736e-05	1.379507096968148657e-03	-5.918784754780165519e-04	7.969517053835181502e-04	5.325718590642704786e-04	-2.731539071110070690e-04	5.974917810210750866e-04	-3.080012262714720665e-03	1.002273989454892074e-04	-4.170304459555962406e-03	2.225677237865090596e-03	-5.439381884783996580e-04	4.539045849653816449e-05	5.233353578447694308e-04	-3.127358249772598658e-04	2.017098172641041375e-03	-3.910222382309449379e-04	1.700758434588819056e-03	-5.079536630534991571e-04	1.833349273642868524e-03	-4.584167626873126211e-04	-4.128722213153258533e-03	3.012677182087004392e-03	-1.698425272553239895e-03	2.913221492550765058e-04	2.433472172089677470e-03	3.413202422589519530e-03	1.981372833348968299e-03	-3.485044388113265994e-03	-5.557912116582903192e-04	3.117398576065809703e-04	-6.194710405803455916e-03	1.064390502635142186e-03	2.004736299738948306e-04	-1.089922148137727892e-03	-8.396284864351098894e-04	1.186033618653250772e-03	2.830253838480343339e-03	-5.099204515470232880e-03	2.863439722747162424e-04	-1.267891231048017789e-04	6.770834592721350614e-04	-9.147295115016758002e-03	-6.284751104356567971e-04	7.328320925444858913e-03	3.851434798241317164e-04	-2.151730394113872749e-04	3.655157113716297253e-03	5.100846861822161404e-04	-1.013235171316305243e-03	5.911605681242573102e-03	-1.204361432630464694e-04	-9.049924576239820606e-03	1.874677470463309093e-04	-1.424546880834803375e-03	-2.788686158375087206e-03	8.998340076054960578e-06	2.568215017868588548e-03	-4.018994240173170973e-03	-4.351359598333720850e-04	4.748698294410093074e-04	1.080339754447842996e-03	-1.921651657540644244e-03	-1.144704993786759776e-03
2.283032298754269097e-03	-8.590532525071959552e-04	3.225634856236387358e-04	4.423927448707294652e-03	4.198556596262908286e-04	-1.105900694472267826e-03	-2.992391047073607660e-03	9.984242384595905413e-04	-8.590532525044408891e-04	3.750559596976143963e-03	-1.754813515761535509e-03	-5.545516081475345251e-04	-7.114883323338774064e-05	-2.110950988498005890e-04	5.961791894094252767e-04	-3.222996394445595651e-03	3.225634856234869475e-04	-1.754813515760700240e-03	7.902913485253405725e-04	3.078100108919334553e-04	3.633008911295597864e-04	3.348232086538326449e-04	-2.653196754780896664e-04	4.286007470342251789e-03	4.423927448710636597e-03	-5.545516081512823952e-04	3.078100108915570203e-04	1.558657974036607718e-02	-4.558426907529832721e-05	-7.238622828890513630e-03	1.149885789354480881e-03	3.411287747536774495e-06	4.198556596249951528e-04	-7.114883323132255234e-05	3.633008911282667669e-04	-4.558426907607412808e-05	-3.752990336013024581e-04	3.851434798241309574e-04	-1.077208390838045159e-03	-1.293813409461559705e-03	-1.105900694480299812e-03	-2.110950988488028519e-04	3.348232086553368670e-04	-7.238622828893350770e-03	3.851434798241317164e-04	5.401396110044787667e-03	-5.601243329839206836e-03	3.949209226816415876e-04	-2.992391047068498032e-03	5.961791894106881554e-04	-2.653196754798230889e-04	1.149885789357949894e-03	-1.077208390838438942e-03	-5.601243329841389985e-03	1.168178783014186400e-02	-1.333940073906507472e-03	9.984242384561644625e-04	-3.222996394444069962e-03	4.286007470341321110e-03	3.411287746070716317e-06	-1.293813409456720260e-03	3.949209226817226859e-04	-1.333940073904951859e-03	1.248875621866244248e-03
-2.646262646294799282e-03	-1.300250133217291393e-04	-7.271449927153083833e-05	-4.853695499265869850e-03	-5.352173954183250858e-05	5.184177698494169830e-05	4.548408894235588668e-03	1.318603876154272186e-03	8.544432035964254495e-05	-4.813574772975101612e-03	3.301135020776353474e-03	1.280595997609117534e-03	-5.932190019572341523e-04	-1.640893088965765783e-05	-9.557631777559344466e-05	3.483145906856405932e-03	-3.465777471626725376e-04	4.248987102876929708e-04	-5.146120034731305410e-04	-1.197697763961260526e-03	-1.578994507809202417e-04	-6.755068480440514118e-04	5.268714438453585150e-04	-2.202219315813185117e-03	-1.128023505997059923e-03	-1.826306341343275456e-04	-1.734596357115364114e-04	-1.209769333978563677e-02	3.056532736544153401e-04	6.574570022201861944e-03	-3.887658538211372604e-03	1.355709658198636734e-03	-3.547784481755088953e-05	1.333795710006898359e-03	-1.745201214552820432e-03	2.338493802940278801e-04	5.385735178654143781e-04	1.874677470561095997e-04	3.008347503436073294e-04	-6.362490047675458142e-04	-5.898801987770600080e-03	-2.107344447775924882e-04	-2.678863616614104038e-04	3.357303294622531516e-03	-2.151730394113872749e-04	-5.601243329839206836e-03	1.272827278630592890e-02	-1.074173470725918629e-04	7.254623623649516552e-03	2.605431681162044587e-04	-4.927492803126509203e-05	1.094994653444865884e-03	4.419931581946135585e-04	6.689446136509923958e-03	-2.193549928501933866e-02	-4.180973519480463141e-04	7.357141904577272230e-04	4.813759218290320635e-03	-8.170149473495730286e-03	2.224986864658086590e-04	3.139741586970128465e-03	-1.961088488132271303e-06	-5.311326562483498475e-05	-1.970885083718323851e-03
-2.381792129560460377e-04	9.628065158659498621e-04	-1.980040631867527670e-03	3.073421861769666920e-04	1.697322716530721498e-03	-7.997103071220594724e-04	9.715058384118652191e-04	4.607063356537010853e-04	-1.209243849119460084e-04	-9.616138841030176260e-04	8.572004891446336709e-04	3.479020790202997856e-03	-1.456649447775397780e-04	-2.724538106828884587e-03	1.352125228248586509e-03	1.544859495272886602e-04	-8.376029959905315937e-04	2.667759683137031659e-04	-2.363510001996785314e-04	-1.895819100914456021e-03	-8.658739333398306291e-05	1.640758818653457064e-03	8.435555198225603863e-04	3.396861733401156038e-04	7.805331586276922830e-05	7.164349578225977927e-03	-3.747357940269832686e-03	1.215765296376976291e-03	-1.168653074272381614e-03	-7.456032665009890929e-04	6.523552600464106992e-04	-7.973978852089440295e-03	1.355439177904317529e-03	-9.279136740007992278e-06	-4.460467384799185649e-04	-2.515760627104278251e-04	8.904780754529052029e-04	1.080339754444551359e-03	-3.765109163180974799e-03	3.341789050564542311e-04	-6.183882895352665193e-04	-4.590692258038434753e-03	1.208866315421095556e-03	-8.400061705940609254e-04	3.655157113716297253e-03	3.949209226816415876e-04	-1.074173470725918629e-04	6.595014684669873485e-03	5.665258848370447950e-04	1.812711606808275772e-03	3.072514676085144614e-03	2.706322571091286720e-04	-7.621014663173102111e-03	-1.961088496931168244e-06	-7.953675051888023069e-04	-8.424382526327442791e-03	1.333587670622558364e-03	3.012639383051804801e-04	-4.266135008235646432e-04	-3.067361180122203830e-03	1.640508287066478222e-04	2.962275810461379756e-03	-4.054335752558026369e-03	-6.803685509742239158e-05
-2.523043420648300901e-03	-5.827333139441121272e-04	1.014617669045123982e-04	-2.575447237471249935e-03	1.281003185518641912e-04	-1.195769455110055716e-03	4.487089299464975048e-03	1.763618832245922785e-03	-3.685090588909750416e-04	-3.930959674376510726e-03	1.887098851030363181e-03	1.489606847376505208e-03	1.998163373511063724e-04	-1.580115748181927862e-03	9.079242017441802298e-04	3.563730928411222229e-03	8.237844469983178486e-05	1.343083103760577077e-03	-1.062303245933386188e-03	-5.541525373837829019e-04	-1.024466737806806779e-04	1.081234552914223557e-04	7.798246238468002341e-05	-1.540329476055133902e-03	-3.638880824656130428e-04	4.253159155923281944e-04	-2.100328968999944025e-04	-6.466105279207261247e-03	-8.215744111210333941e-06	4.205951353203377444e-03	-1.741237828849646549e-03	6.159195678852635901e-04	-2.288934867294027187e-04	9.979332216927663324e-05	4.065661538076543536e-04	-1.617243341171044249e-04	2.065222072403898599e-04	5.974917810278596985e-04	-5.873233127073293784e-04	-3.784605907194412496e-04	-5.805501024989464728e-03	-9.121569213464209361e-04	1.153801832870754007e-05	4.490295091813659482e-04	5.100846861822161404e-04	-2.992391047068498032e-03	7.254623623649516552e-03	5.665258848370447950e-04	8.227370369290592372e-03	7.318409155630051710e-04	-2.428352037375313506e-04	2.256093280499113334e-03	-3.915007233542919674e-04	4.548408894237327728e-03	-1.704614476012353969e-02	-1.342816827978510338e-03	1.392833879685379667e-03	2.642507892721115449e-03	-2.804371919920467440e-03	-4.608317277631545695e-05	6.655772686632176367e-04	9.715058384170548612e-04	-1.833937553602674880e-03	-2.159099948016098176e-03
-2.278785678389845081e-04	-2.337190612603083553e-03	6.860805216499527709e-04	4.646679185513336702e-04	1.417080988030337916e-03	-1.225800115077240468e-03	9.079242017413911197e-04	5.416319037375334766e-03	-4.950002522516327736e-04	1.064774599358049947e-04	3.227338368944790252e-04	2.774254195731737545e-03	-2.099074142844257562e-04	-1.317058798186153531e-03	1.152558788209672152e-03	-3.516468036674080680e-04	-7.343457866809727144e-04	-5.318536780696814497e-04	1.374904315873792652e-04	-3.061468985351887238e-03	-5.273597806013758868e-06	2.119696676225214620e-03	1.235881295962698557e-04	8.555285770204606403e-04	3.843727230113928471e-04	1.947984554145062996e-03	-3.500768918430208643e-03	1.740446764851613561e-03	2.001371705723600705e-03	-1.505408144273714683e-03	6.225170132444080148e-04	2.208909152763522104e-03	1.035490338783819162e-03	1.442592357942193979e-04	-4.666089905339024886e-04	8.158405262062469465e-04	8.051281171045018836e-04	-3.127358249792329512e-04	-1.283802588300922854e-03	1.067714555054219265e-04	-1.289391173877131201e-03	-4.101972974837555033e-03	6.082603980087413799e-03	-1.204590440213129795e-03	-1.013235171316305243e-03	5.961791894106881554e-04	2.605431681162044587e-04	1.812711606808275772e-03	7.318409155630051710e-04	4.587985741324524490e-03	-5.166563341092668751e-03	4.035942465728539980e-04	-1.138532337438903901e-03	-9.557631778025365730e-05	-5.682004869285433180e-04	-6.812705930136519518e-03	2.431176476118304675e-03	-8.270626505264255779e-05	2.639739814392515118e-04	-1.618084593172694008e-03	-7.158203171648090245e-05	1.352125228248019905e-03	-3.188547160801075489e-03	-4.461798076759879107e-05
1.723231286208081739e-04	3.749924116053187425e-03	-3.610160716387222392e-03	2.351791892883204975e-04	1.187148031892307654e-03	-6.568549372679320588e-05	7.798246238000742375e-05	-4.820940182062874446e-03	-4.995347738344925155e-04	-3.368554202424834439e-03	1.949790939405659672e-03	-2.877433832670458613e-03	-3.490281615862286975e-04	3.631798432222867678e-05	1.235881295980885506e-04	1.439694606094427728e-03	5.441251483141009218e-04	2.430759448255248242e-03	-8.446469147648893831e-04	4.192101274717230028e-03	-3.003984547069414308e-04	-4.461074638925147801e-03	2.042077482242446711e-03	-2.461441442904805689e-03	1.486250916944799111e-04	2.240218177254079887e-03	2.866687731073739014e-03	2.762669250605426534e-04	-3.264680577492044475e-03	6.833358091912248525e-04	-2.627084088713852687e-04	-8.444105535446212035e-03	8.687034995867668873e-04	-2.987784047725274309e-04	-5.282505436243196788e-04	-1.095734521343583005e-03	6.559642913057935976e-04	3.012677182087041688e-03	-4.823745431019902004e-03	4.929400915284200225e-04	-3.461675673265424960e-06	2.659795357245382970e-03	-1.182898841941893570e-02	-1.573788901134472607e-05	5.911605681242573102e-03	-2.653196754798230889e-04	-4.927492803126509203e-05	3.072514676085144614e-03	-2.428352037375313506e-04	-5.166563341092668751e-03	1.523630514346480287e-02	-2.855029858353641667e-04	-1.028265676865655620e-02	5.268714438415565433e-04	-6.250991379399800218e-04	-4.208034693786739250e-04	3.946394480556028334e-05	2.014469739580474188e-03	-4.402681947128809711e-03	1.702014506339576561e-03	1.671155955325885362e-03	8.435555198251902271e-04	-1.191714407441938663e-03	-2.228638658912610742e-04
-4.683347440822107824e-05	-9.366639490556604624e-05	-2.257691833177010658e-05	-1.666274519631154218e-03	1.897912838235667264e-04	2.096875499650827004e-03	-1.741237828854812989e-03	6.049990173021028376e-04	-3.411692137477467151e-04	9.503773411910770982e-04	-4.565747920574521335e-04	7.771117854582986970e-04	-2.256652155424902165e-04	-8.697107323134948848e-04	6.225170132419558747e-04	-1.525957571348919171e-04	2.911392863873457962e-04	-8.317540021442336624e-04	1.877108025231829754e-04	-1.879630477106676134e-04	-8.293836206608796492e-05	4.215961071694773873e-04	-2.627084088635642137e-04	1.319669550844181560e-03	2.090830459715260770e-03	8.446866779048131050e-05	-6.816303972592769786e-05	3.113442764348128312e-03	1.374810156837073241e-04	4.583583956318202377e-04	-2.316080593047467346e-03	1.044886862278281354e-04	-1.897896479029739152e-04	8.103484213291499416e-05	5.597975578699544491e-04	-2.335282657465387790e-04	2.640479697228500350e-04	3.117398576066612013e-04	-5.797475158562459888e-04	-9.119960185771354769e-04	-2.986002714400237939e-03	-5.732240702480107496e-04	5.441180736268784760e-04	-4.384465059698396117e-03	-1.204361432630464694e-04	1.149885789357949894e-03	1.094994653444865884e-03	2.706322571091286720e-04	2.256093280499113334e-03	4.035942465728539980e-04	-2.855029858353641667e-04	5.036100071683368394e-03	-3.201501518411605787e-04	-3.887658538212196598e-03	1.950697527951441180e-03	-8.972715067949771275e-04	2.007959284032583285e-04	-1.809119769168607370e-03	2.488987271591348600e-03	-7.280423403652338610e-04	4.379844592353668970e-04	6.523552600460904259e-04	-9.390200931543256618e-04	3.854426857179103511e-04
-1.382545287073721346e-04	-2.019977441231381350e-03	3.799069086241265835e-03	-1.563007965387523115e-03	-6.400480033463216631e-03	1.618327203730650539e-03	-5.873233126921614984e-04	-4.156469053297135244e-03	5.762550013662217155e-04	5.223431880305415970e-03	-3.747740181914079125e-03	-4.262585833092169194e-03	8.326432839488281988e-04	2.502531248146301363e-03	-1.283802588301332682e-03	-8.064353119524448731e-04	1.146676370774078009e-03	-1.806745136611660144e-03	4.921153989625071286e-04	-1.519106153429231553e-04	6.805632375917489239e-04	3.238210867864239288e-03	-4.823745431024424428e-03	6.626987865159909841e-04	-1.130889847905842266e-03	-1.082718357109522557e-02	3.676126591409169080e-03	-5.142859426782328720e-03	9.682487535076574232e-04	2.107483550385984891e-03	-5.797475158499089355e-04	6.948863230453544704e-03	-4.204943063088407811e-03	-3.825623404509182444e-04	2.539578885363347974e-03	6.547633169953772595e-04	-3.475279294714502757e-03	-5.099204515464170889e-03	1.275106758663814913e-02	-7.985383645502223699e-04	1.707111363016004064e-03	4.791221224635209761e-03	4.288651174314503031e-03	2.363425763421981175e-03	-9.049924576239820606e-03	-1.077208390838438942e-03	4.419931581946135585e-04	-7.621014663173102111e-03	-3.915007233542919674e-04	-1.138532337438903901e-03	-1.028265676865655620e-02	-3.201501518411605787e-04	2.262736263033526818e-02	3.008347503630683789e-04	-6.623119799266468342e-04	1.381205317434742313e-02	-5.029119601764368667e-03	-3.365142830825618592e-03	7.860004107156787212e-03	1.862065206733535226e-03	-2.766756400496376070e-03	-3.765109163187175135e-03	7.530545834344759548e-03	9.199488794155611195e-05
-2.646262646298022832e-03	8.544432036562351913e-05	-3.465777471629564359e-04	-1.128023505996975789e-03	-3.547784482552996700e-05	-5.898801987784273171e-03	7.254623623664236548e-03	7.357141904455092403e-04	-1.300250133304595959e-04	-4.813574772977011543e-03	4.248987102824606653e-04	-1.826306341456919360e-04	1.333795710012718790e-03	-2.107344447754272822e-04	2.605431681219511639e-04	4.813759218299862482e-03	-7.271449926502486635e-05	3.301135020780827760e-03	-5.146120034723360376e-04	-1.734596356977904626e-04	-1.745201214559990478e-03	-2.678863616692185026e-04	-4.927492803746000641e-05	-8.170149473518701494e-03	-4.853695499269900480e-03	1.280595997612933492e-03	-1.197697763968613369e-03	-1.209769333979234668e-02	2.338493802964714007e-04	3.357303294622021941e-03	1.094994653450014109e-03	2.224986864690457885e-04	-5.352173954376347265e-05	-5.932190019615922114e-04	-1.578994507733416414e-04	3.056532736481730461e-04	5.385735178650738302e-04	-2.151730394043883162e-04	4.419931581928619214e-04	3.139741586979914473e-03	5.184177699569921324e-05	-1.640893088758054331e-05	-6.755068480358948505e-04	6.574570022206681873e-03	1.874677470463309093e-04	-5.601243329841389985e-03	6.689446136509923958e-03	-1.961088496931168244e-06	4.548408894237327728e-03	-9.557631778025365730e-05	5.268714438415565433e-04	-3.887658538212196598e-03	3.008347503630683789e-04	1.272827278631481762e-02	-2.193549928503966961e-02	-5.311326560812059880e-05	1.318603876164293901e-03	3.483145906851035228e-03	-2.202219315789010444e-03	1.355709658195765766e-03	-6.362490047802368343e-04	-1.074173470675188809e-04	-4.180973519599894515e-04	-1.970885083719792728e-03
7.067717951802478249e-03	7.962363988744201176e-04	-2.400659848574256735e-04	7.915178588386598268e-03	6.654131266044271444e-04	6.975323469846604618e-03	-1.704614476013123492e-02	-2.156736817358720446e-03	7.962363988905912099e-04	1.560033350558627172e-02	-6.519258204100316506e-03	-1.341691347485669903e-03	-1.172949613513532031e-03	7.375645153078380818e-04	-5.682004869389943764e-04	-1.189824025141166669e-02	-2.400659848664110261e-04	-6.519258204106510336e-03	1.805791715319490873e-03	3.754479373068494302e-05	2.830232229686530446e-03	2.646803707049164966e-03	-6.250991379413193367e-04	1.306806459814272188e-02	7.915178588388725039e-03	-1.341691347512656996e-03	3.754479376170049773e-05	3.447848575969190976e-02	4.731281531951084685e-04	-1.245870718037239179e-02	1.950697527946317240e-03	-3.402785178669468728e-04	6.654131266016242649e-04	-1.172949613505588082e-03	2.830232229671583201e-03	4.731281532046836000e-04	-1.922638304436365608e-03	-1.424546880848362842e-03	-6.623119799048381075e-04	-1.855501326165560775e-03	6.975323469810871049e-03	7.375645153105210485e-04	2.646803707029077302e-03	-1.245870718038289901e-02	-1.424546880834803375e-03	1.168178783014186400e-02	-2.193549928501933866e-02	-7.953675051888023069e-04	-1.704614476012353969e-02	-5.682004869285433180e-04	-6.250991379399800218e-04	1.950697527951441180e-03	-6.623119799266468342e-04	-2.193549928503966961e-02	6.029512192549218996e-02	8.860058343965753098e-04	-2.156736817383383877e-03	-1.189824025139858861e-02	1.306806459809501005e-02	-3.402785178680465790e-04	-1.855501326143498561e-03	-7.953675052007350360e-04	8.860058344307920799e-04	6.457594843024584697e-03
3.137880125477580376e-04	1.920366529273470711e-03	2.598086977787271608e-03	-1.291504884140705269e-03	-5.602109116388784976e-03	2.975495644139342869e-03	-1.833937553588739847e-03	-1.192371448805926853e-02	2.735810527864637395e-03	2.871848078019471721e-03	-2.451095323548915447e-03	-4.129238514415460234e-03	5.792910174356453827e-04	3.260584939149385394e-03	-3.188547160801357382e-03	-3.946447786955646652e-04	7.260958715431711352e-04	-8.275104625640053793e-04	6.276517565202157332e-05	2.848559103256481997e-03	1.105621977418362167e-03	-1.534052918905847839e-03	-1.191714407439632348e-03	7.929854994314499295e-04	-1.079374979885558026e-03	-7.952642650460649970e-03	9.802320945125259088e-03	-4.160233689355608347e-03	-2.902246182574576804e-03	2.734388595241467584e-03	-9.390200931541103392e-04	1.031634083729051276e-03	-3.733143002246756131e-03	-1.209277061644861554e-04	1.998532998442829195e-03	-4.113087043784662933e-04	-3.448723880744621224e-03	-1.921651657529931025e-03	7.530545834335111016e-03	-1.398066769375345009e-03	3.156192080070312298e-03	8.165327483977906364e-03	-7.263845695025904561e-03	3.299254206677349442e-03	-2.788686158375087206e-03	-1.333940073906507472e-03	-4.180973519480463141e-04	-8.424382526327442791e-03	-1.342816827978510338e-03	-6.812705930136519518e-03	-4.208034693786739250e-04	-8.972715067949771275e-04	1.381205317434742313e-02	-5.311326560812059880e-05	8.860058343965753098e-04	2.204906848456814755e-02	-8.443508727270961078e-03	-1.609293374637249963e-03	4.101890215241864660e-03	2.127016631997460244e-03	-1.924453379950048868e-03	-4.054335752555949038e-03	9.385269562433969093e-03	-3.025465489077911818e-04
3.927028543813812717e-05	-3.613430769081783442e-03	-6.595572942040633067e-04	2.041288184971522517e-03	4.342024339352156502e-03	-4.361028229774214712e-03	1.763618832253183253e-03	1.264592658873055567e-02	-6.014278016766117646e-03	-2.376655416789569090e-03	1.115521147849578894e-03	-2.099106489957849354e-03	1.745749969768634101e-04	-4.433122153242095506e-03	5.416319037377376536e-03	1.500559019297863271e-03	1.800500761287173021e-04	1.723691620479377799e-03	4.732688856446328764e-04	-4.478772677889122228e-03	-2.351453566976540680e-03	1.064739411847048095e-02	-4.820940182013609167e-03	-4.622572682583872376e-03	1.545469800080212638e-03	-7.109488751833438567e-04	-2.948337310345946951e-03	4.176675927029839530e-03	2.253983415716994017e-03	-2.973618124129923275e-03	6.049990173003856782e-04	4.295421350088076372e-03	5.949219884667502831e-03	-1.609206423770676605e-04	-2.088163608033241463e-03	4.628426799278497275e-03	3.838103718959982522e-03	-3.080012262678500506e-03	-4.156469053387683472e-03	2.112706556445826268e-03	-3.564623325309875662e-03	-1.436158815101977329e-03	3.546860388384723891e-03	-2.891037940132582407e-03	8.998340076054960578e-06	9.984242384561644625e-04	7.357141904577272230e-04	1.333587670622558364e-03	1.392833879685379667e-03	2.431176476118304675e-03	3.946394480556028334e-05	2.007959284032583285e-04	-5.029119601764368667e-03	1.318603876164293901e-03	-2.156736817383383877e-03	-8.443508727270961078e-03	1.959771310401803995e-02	1.311542836076741003e-03	-3.869519609274976474e-03	1.076257883579170155e-02	1.700634525693399748e-03	4.607063356633292342e-04	-1.192371448811385508e-02	1.477034867606498588e-04
-1.508267076725650340e-03	-1.286837349058283456e-03	4.489686052975233686e-04	-2.105158651881348150e-03	5.004296036170821421e-04	1.181440724619744597e-03	3.563730928405804688e-03	1.500559019275268281e-03	-8.679609172630175801e-04	-1.181187183406585614e-02	1.042565781871775121e-02	-1.693346322056586565e-03	-3.103611322575620772e-03	1.801101348013663291e-03	-3.516468036670433424e-04	2.089734315613689473e-03	3.326802062054373481e-04	8.888287111125486558e-04	-1.839517949812289298e-03	2.346799172188558224e-03	3.712124068254928858e-03	-5.102931649033313859e-03	1.439694606102191049e-03	6.315482901018127163e-03	-2.556227881835569302e-03	-3.442070534462082429e-03	2.620501237977693881e-03	-1.110754984408285004e-02	-8.167346097519110216e-04	3.968423712755943245e-03	-1.525957571349899561e-04	9.878832554106992646e-04	2.398731548927887658e-04	4.539757149094946626e-03	-7.495763847524735193e-03	-9.241676592152562111e-04	1.594217709589806822e-03	2.017098172644010354e-03	-8.064353119664953743e-04	-4.690437142450103354e-03	-2.978544179302982904e-04	1.807106851023364789e-03	-4.627376088172392883e-03	6.100770046635028455e-03	2.568215017868588548e-03	-3.222996394444069962e-03	4.813759218290320635e-03	3.012639383051804801e-04	2.642507892721115449e-03	-8.270626505264255779e-05	2.014469739580474188e-03	-1.809119769168607370e-03	-3.365142830825618592e-03	3.483145906851035228e-03	-1.189824025139858861e-02	-1.609293374637249963e-03	1.311542836076741003e-03	1.608500910970005193e-02	-2.839997081334568602e-02	-5.145415215853884651e-05	6.872222086899696519e-03	1.544859495250956987e-04	-3.946447787027530340e-04	-5.107306070251433835e-03
1.343572200579353382e-03	2.890594982300278247e-03	-2.861568127410011025e-04	3.634275549796509713e-03	-2.411190743543771380e-03	-5.181064928980372644e-03	-1.540329476030435777e-03	-4.622572682536012223e-03	9.441131527665647030e-04	1.563340292103711227e-02	-2.273227633439312001e-02	1.705876685608881567e-03	9.147201972121519337e-03	-2.822952487400358888e-03	8.555285770233823483e-04	6.315482900979895592e-03	2.953281102838718536e-04	5.671744956744706294e-03	8.805851004800628818e-04	-1.929176231649269322e-03	-8.376720536489131591e-03	6.708662850749459380e-03	-2.461441442932014827e-03	-3.047297013184667100e-02	3.520167667935597718e-03	8.339055451246437517e-03	-4.702598305463221232e-03	1.655343930782559106e-02	7.903088307577394930e-04	-5.990662618571722386e-03	1.319669550848905863e-03	-2.893652655157383669e-03	-1.449500034587737456e-03	-1.050020855464360234e-02	2.123223012163385354e-02	1.887370121429069250e-04	-7.721204401577692715e-03	-1.698425272552489627e-03	6.626987865477784907e-04	1.156119834207428726e-02	2.297018752642197327e-03	-3.878890156238248323e-03	6.672303442522843978e-03	-8.244332729295394957e-03	-4.018994240173170973e-03	4.286007470341321110e-03	-8.170149473495730286e-03	-4.266135008235646432e-04	-2.804371919920467440e-03	2.639739814392515118e-04	-4.402681947128809711e-03	2.488987271591348600e-03	7.860004107156787212e-03	-2.202219315789010444e-03	1.306806459809501005e-02	4.101890215241864660e-03	-3.869519609274976474e-03	-2.839997081334568602e-02	7.233271176240047007e-02	-1.112982079178452197e-03	-2.313442664862379317e-02	3.396861733506425021e-04	7.929854994470839080e-04	2.785437952244425655e-03
3.159769621114670319e-04	-1.795376819425942684e-03	2.841843471482290422e-04	1.103502437393703633e-03	3.494429706100042545e-04	-2.348608243070396135e-03	6.159195678907341490e-04	4.295421350090420851e-03	-4.349768285141126373e-03	-5.645971335410507374e-04	3.095952196210586095e-04	-1.306161982971853694e-02	-1.809924820124009584e-05	2.919100615771608610e-03	2.208909152761505922e-03	9.878832554301596094e-04	2.585498740182625571e-03	8.771833436966969917e-04	-7.957832747506048566e-05	2.153174100072494448e-03	-1.326524596507112409e-04	4.074688169687249416e-03	-8.444105535420281389e-03	-2.893652655200878825e-03	1.138326501271551446e-03	-5.333197036535767058e-03	2.358332215568984414e-03	1.331738413486685925e-03	6.387936627314260742e-04	-1.072883089893740842e-03	1.044886862345367176e-04	4.468127683417770848e-03	1.206216000633179028e-03	-4.430406658057371087e-04	-2.525580451041486638e-04	5.813935584394750583e-03	3.439827638517523045e-04	-6.194710405772400896e-03	6.948863230400240988e-03	9.279568829664308367e-04	-1.623377317832300475e-03	4.385822154887930764e-03	-3.951020660735084233e-03	-6.725205825039743280e-04	-4.351359598333720850e-04	3.411287746070716317e-06	2.224986864658086590e-04	-3.067361180122203830e-03	-4.608317277631545695e-05	-1.618084593172694008e-03	1.702014506339576561e-03	-7.280423403652338610e-04	1.862065206733535226e-03	1.355709658195765766e-03	-3.402785178680465790e-04	2.127016631997460244e-03	1.076257883579170155e-02	-5.145415215853884651e-05	-1.112982079178452197e-03	2.207619047889205349e-02	5.670111707709903082e-05	-7.973978852081786695e-03	1.031634083699701273e-03	-1.022309532736348904e-04
-7.072285210457117431e-04	-3.220948416305723463e-04	-3.727958953673308259e-04	-2.905463977128167063e-03	1.131598739021310663e-03	2.724016204743614968e-03	-3.784605907291917508e-04	2.112706556430623585e-03	-2.011158935182381056e-04	-1.712211684261546237e-03	6.263406300476368621e-03	4.201637347634534043e-04	-4.083646920234146500e-03	8.962792426930714113e-05	1.067714555080542067e-04	-4.690437142432404838e-03	-1.768991137175022403e-04	-4.598245129538464961e-03	1.124952012066549826e-03	-1.407491888843361407e-04	2.277261538499647693e-03	-7.375327544247671768e-04	4.929400915382423521e-04	1.156119834206207828e-02	-1.384551859740499637e-03	-1.544029836796996426e-03	7.770511853151180256e-04	-5.763729726298563380e-03	1.044215250038415160e-04	2.147199395300033835e-03	-9.119960185788706340e-04	9.279568829496226672e-04	6.267868160106473442e-04	3.710378173700669153e-03	-7.698115026910267583e-03	1.148550277614933781e-04	5.001452001621365349e-03	2.863439722761854447e-04	-7.985383645675093230e-04	-2.556577133763975572e-03	-1.135785309748591626e-03	4.934735310378094526e-04	-7.880926460285819779e-04	2.030647167345567099e-03	4.748698294410093074e-04	-1.293813409456720260e-03	3.139741586970128465e-03	1.640508287066478222e-04	6.655772686632176367e-04	-7.158203171648090245e-05	1.671155955325885362e-03	4.379844592353668970e-04	-2.766756400496376070e-03	-6.362490047802368343e-04	-1.855501326143498561e-03	-1.924453379950048868e-03	1.700634525693399748e-03	6.872222086899696519e-03	-2.313442664862379317e-02	5.670111707709903082e-05	1.153230884963024790e-02	3.341789050578449372e-04	-1.398066769390454885e-03	2.669026668960884641e-03
-2.381792129547219286e-04	-1.209243849143712331e-04	-8.376029959893799542e-04	7.805331586744066244e-05	1.355439177905848423e-03	-6.183882895383014180e-04	5.665258848380664387e-04	1.333587670624251237e-03	9.628065158621978720e-04	-9.616138840980488359e-04	2.667759683107746816e-04	7.164349578227230397e-03	-9.279136742642332507e-06	-4.590692258046051924e-03	1.812711606813340297e-03	3.012639382989864330e-04	-1.980040631868464854e-03	8.572004891421887950e-04	-2.363510002012778109e-04	-3.747357940277112453e-03	-4.460467384763331083e-04	1.208866315430991070e-03	3.072514676083519611e-03	-4.266135008152564020e-04	3.073421861872190162e-04	3.479020790199304630e-03	-1.895819100910429078e-03	1.215765296396236275e-03	-2.515760627121047606e-04	-8.400061705973595021e-04	2.706322571046679932e-04	-3.067361180122775855e-03	1.697322716535235466e-03	-1.456649447768842422e-04	-8.658739332931036838e-05	-1.168653074265943838e-03	8.904780754509919113e-04	3.655157113710264753e-03	-7.621014663174842038e-03	1.640508287026859035e-04	-7.997103071370704683e-04	-2.724538106828420549e-03	1.640758818653009071e-03	-7.456032665106679825e-04	1.080339754447842996e-03	3.949209226817226859e-04	-1.961088488132271303e-06	2.962275810461379756e-03	9.715058384170548612e-04	1.352125228248019905e-03	8.435555198251902271e-04	6.523552600460904259e-04	-3.765109163187175135e-03	-1.074173470675188809e-04	-7.953675052007350360e-04	-4.054335752555949038e-03	4.607063356633292342e-04	1.544859495250956987e-04	3.396861733506425021e-04	-7.973978852081786695e-03	3.341789050578449372e-04	6.595014684670749520e-03	-8.424382526336066102e-03	-6.803685509604615956e-05
3.137880125473137315e-04	2.735810527873582497e-03	7.260958715366724273e-04	-1.079374979894368904e-03	-3.733143002245419961e-03	3.156192080080454793e-03	-1.342816827986930469e-03	-8.443508727274617875e-03	1.920366529290451485e-03	2.871848078033295299e-03	-8.275104625710297084e-04	-7.952642650436977934e-03	-1.209277061630945277e-04	8.165327483985341389e-03	-6.812705930142997843e-03	-1.609293374643040687e-03	2.598086977793630237e-03	-2.451095323562333967e-03	6.276517565648879798e-05	9.802320945120868503e-03	1.998532998451879247e-03	-7.263845695016330622e-03	-4.208034694029599452e-04	4.101890215268823130e-03	-1.291504884157739170e-03	-4.129238514397266455e-03	2.848559103241860881e-03	-4.160233689392572702e-03	-4.113087043706139590e-04	3.299254206684745002e-03	-8.972715067911555317e-04	2.127016632000263557e-03	-5.602109116418414053e-03	5.792910174363739666e-04	1.105621977422514661e-03	-2.902246182583399607e-03	-3.448723880762906511e-03	-2.788686158388241181e-03	1.381205317439795563e-02	-1.924453379960193314e-03	2.975495644167281892e-03	3.260584939140899127e-03	-1.534052918894617023e-03	2.734388595256876699e-03	-1.921651657540644244e-03	-1.333940073904951859e-03	-5.311326562483498475e-05	-4.054335752558026369e-03	-1.833937553602674880e-03	-3.188547160801075489e-03	-1.191714407441938663e-03	-9.390200931543256618e-04	7.530545834344759548e-03	-4.180973519599894515e-04	8.860058344307920799e-04	9.385269562433969093e-03	-1.192371448811385508e-02	-3.946447787027530340e-04	7.929854994470839080e-04	1.031634083699701273e-03	-1.398066769390454885e-03	-8.424382526336066102e-03	2.204906848460576330e-02	-3.025465489129848897e-04
6.444578814482246039e-04	6.347358960263633360e-04	-4.832202428753623168e-04	-1.485943607331931477e-04	3.951625393030568653e-04	5.383572524418553384e-04	-2.159099948018166834e-03	1.477034867634506241e-04	6.347358960280631481e-04	5.522569827275246312e-03	-2.958368342117089281e-03	1.127422860850522696e-03	-4.112693208315109034e-04	-6.521901708158278198e-04	-4.461798076537521439e-05	-5.107306070241272693e-03	-4.832202428741335905e-04	-2.958368342108048336e-03	2.670257215528703057e-03	-1.191461085032287631e-03	-1.003213762430246302e-03	2.130156759214878268e-03	-2.228638658913439344e-04	2.785437952216958477e-03	-1.485943607287552642e-04	1.127422860848877745e-03	-1.191461085035804349e-03	2.318009829979462977e-03	6.121570850638231734e-04	-1.406075754191288534e-03	3.854426857164017380e-04	-1.022309532733770400e-04	3.951625392998972292e-04	-4.112693208400543081e-04	-1.003213762419181802e-03	6.121570850629628590e-04	2.084175698301318422e-03	-1.144704993789827201e-03	9.199488794250194282e-05	2.669026668969939464e-03	5.383572524354267785e-04	-6.521901708111099141e-04	2.130156759210820750e-03	-1.406075754193554517e-03	-1.144704993786759776e-03	1.248875621866244248e-03	-1.970885083718323851e-03	-6.803685509742239158e-05	-2.159099948016098176e-03	-4.461798076759879107e-05	-2.228638658912610742e-04	3.854426857179103511e-04	9.199488794155611195e-05	-1.970885083719792728e-03	6.457594843024584697e-03	-3.025465489077911818e-04	1.477034867606498588e-04	-5.107306070251433835e-03	2.785437952244425655e-03	-1.022309532736348904e-04	2.669026668960884641e-03	-6.803685509604615956e-05	-3.025465489129848897e-04	6.850913226691061897e-03
