0.000000000000000000e+00	-1.062839913230722699e-03	1.047215550395313522e-03	-1.269407396216700899e-04	-6.798466658437753076e-04	3.449809067601313298e-05	-1.087360468593537153e-04	3.606671966377291653e-04	-1.062839913231422226e-03	1.475597313570964808e-04	-1.083451080560679524e-04	-4.718674465466584289e-04	1.947919374750395859e-04	-4.193899978019072260e-04	6.651396174918739607e-04	-9.311286698401821345e-06	1.047215550396415505e-03	-1.083451080590901931e-04	6.976042166369901640e-05	1.537402077652811477e-03	-3.658945946214325678e-04	-2.758093682186280753e-04	-1.004724633463956445e-03	-3.853398494648992514e-04	-1.269407396226976967e-04	-4.718674465473564382e-04	1.537402077654419566e-03	-2.536080585793687881e-04	-1.262982435583515821e-03	4.974177888016594051e-05	-1.627651106862919710e-05	-1.204857548427286807e-03	-6.798466658458566505e-04	1.947919374758997377e-04	-3.658945946234291261e-04	-1.262982435584274112e-03	6.162114833742058685e-04	1.007463500349573948e-03	-5.878495928986611453e-06	3.039526850317529681e-04	3.449809067181529190e-05	-4.193899978013638239e-04	-2.758093682199818644e-04	4.974177887607740734e-05	1.007463500349780813e-03	-4.746875793716603926e-05	1.140578517000129884e-04	9.269842498910310993e-04	-1.087360468562054090e-04	6.651396174917011388e-04	-1.004724633460703405e-03	-1.627651106649369151e-05	-5.878495934505458009e-06	1.140578516971436880e-04	-8.435594120571301893e-05	-1.231160701556323692e-03	3.606671966372368291e-04	-9.311286699099203900e-06	-3.853398494724145614e-04	-1.204857548428108632e-03	3.039526850344984391e-04	9.269842498909803587e-04	-1.231160701553354712e-03	2.680271499791461818e-04
1.062839913230722699e-03	0.000000000000000000e+00	-9.456797933869213698e-05	3.842795052466833373e-03	-2.359985848850458447e-04	-4.517838999201280459e-03	1.873643198218099843e-03	-8.725560803558513392e-04	5.805794213442627694e-15	-4.894725203131585281e-03	3.468430048540896340e-03	-1.617355060948816748e-03	-6.138522134869952435e-04	1.906610522652331993e-03	-7.900920513669339781e-04	4.446668129601544098e-04	-4.750521955314205950e-04	2.570385932777035851e-03	-1.591267773875398059e-04	1.889659144638322717e-04	-1.970089003144146790e-03	-1.472381496616296734e-03	1.222342353287302584e-03	-4.606181032980799506e-03	3.488583153175469232e-03	-6.984202090666302709e-04	1.077379092504484541e-04	9.006411066924943642e-03	3.276485353195968283e-05	-5.789864121326388641e-03	2.544024946086364180e-04	1.259147093190626885e-04	8.150519784983752212e-04	1.118402389415842999e-03	-4.670232545916799469e-03	4.043477996852029273e-04	4.949543601140107135e-03	2.057451042849754198e-04	-6.044152252214367348e-04	1.803383696337117724e-03	-3.305663766482726598e-03	4.634202394280011118e-04	-6.914806675186943585e-04	-3.132579061503978912e-03	2.071463697800395135e-05	1.613537000621081486e-03	1.817019921356117715e-03	-2.025224263704001237e-04	-3.244989263152194849e-06	-2.732498981422739172e-04	7.487641414596893016e-04	-1.099940460092660357e-03	-6.043541200870436155e-05	1.875033148470416208e-03	-5.496197555618953165e-03	3.817846367008516308e-04	-2.951658664683446754e-04	2.929799823263795101e-03	-7.097536165217036008e-03	8.708030116696542471e-04	2.858788892373793911e-03	-7.177736194835062679e-04	5.591953659082696823e-04	8.700641481729376068e-04
-1.047215550395313522e-03	9.456797933869213698e-05	0.000000000000000000e+00	-1.986490141031055368e-03	7.758347084442789206e-05	2.530657762887842700e-03	-9.887756622583088531e-04	2.431884439176559473e-04	4.750521955302854354e-04	1.188926642254541956e-03	-2.538967166367554762e-03	1.227880145778583853e-03	9.294781927941447646e-04	-8.445673720958387937e-04	1.068298391914484179e-04	1.655031343240733963e-03	-2.727175039615725716e-16	-6.383399834831249102e-05	9.830157722372371079e-04	-9.170088660713378824e-04	-6.291416414365357760e-04	1.341288132436097621e-03	-1.054230307541058993e-03	-1.312395922925767115e-03	-3.351577077894048098e-03	8.666785057940008786e-05	4.172647256216408256e-05	-5.509098686113126850e-03	-6.005534417138966416e-05	3.776544419639533794e-03	1.485653972739081315e-04	1.130866713615710263e-05	-3.660579522306579132e-04	-1.523831558147733991e-03	1.958971521969167864e-03	-1.172709263694221376e-04	-7.649613216015431223e-04	-4.977571248130298505e-04	9.531713559247675764e-04	1.596999465306011157e-03	2.681120951410213143e-03	7.392364503372276813e-05	2.039630292540611811e-04	2.209297358110014556e-03	-1.268126776812518724e-05	-1.469009067631193034e-03	-1.281627262582259782e-03	-1.724940529912123352e-06	3.032043201836147621e-04	-1.111623718383306786e-04	-2.316666197535322132e-04	2.045475232509160303e-04	5.877917110553792195e-05	3.685279324995699695e-04	2.518200541230427615e-03	-3.428244381548229124e-05	-4.866438631433680139e-04	-6.478799286903193840e-04	2.066907910327331517e-03	-1.094695116564909764e-03	-1.003650853294952953e-03	1.812891882191218799e-04	7.706504995456725168e-04	-9.406520851426974092e-04
1.269407396216700899e-04	-3.842795052466833373e-03	1.986490141031055368e-03	0.000000000000000000e+00	-2.462876268775827677e-03	-1.957635344446769388e-04	5.549392707114954911e-05	7.763336133111088579e-04	-3.488583153173914486e-03	1.479495023755161192e-03	6.644976298167340348e-04	-1.179251259664853418e-02	-9.403203317106411828e-05	1.884096605157979751e-03	1.250264593730983712e-03	2.066679768919227203e-04	3.351577077896314080e-03	2.255142995710929309e-04	1.573726695644880793e-04	7.758498844428593846e-03	-1.174252404832318904e-03	-1.191498149820337162e-03	-2.716990216395025019e-03	-3.806422462580009731e-03	-1.649667815545319272e-15	-1.175974658839620997e-02	3.245201979779037491e-03	2.588571527624391241e-04	5.699558856261744202e-04	-5.342588551740091009e-04	5.260104078836192550e-05	4.503314478497730602e-03	-4.794063072851595733e-03	4.072755491451716297e-04	-1.838233003098252872e-03	-1.248547640338706129e-03	1.244299665044500732e-03	-3.531051214698435574e-03	9.868753766680650463e-03	1.418389558925299207e-03	1.872710227166806719e-04	4.073044637890507400e-03	5.694651815457441599e-04	5.338989424602485860e-05	-3.945500227247367847e-03	8.254037041207009523e-05	3.697765135467280290e-04	-3.026190435412160103e-03	-3.912605336533148343e-04	-1.505101665772606867e-04	-2.976753123360605102e-03	-3.075138095742381951e-04	1.010461476457548587e-02	4.130699089282197567e-04	-1.102743077847634801e-03	3.920680818995902518e-03	1.674161927018822998e-03	8.828746760846245545e-04	-4.917800657559959557e-03	4.495316219480328945e-03	1.831591355005508966e-03	-1.169043480788357296e-03	-9.253155707415522315e-04	5.292888336560488613e-04
6.798466658437753076e-04	2.359985848850458447e-04	-7.758347084442789206e-05	2.462876268775827677e-03	0.000000000000000000e+00	-4.623363869222931605e-03	2.748232380790390731e-03	-3.112343346814099411e-04	-8.150519785027454233e-04	1.853911056877456491e-03	1.055927231676168174e-03	-2.289333170044290664e-04	-1.412201985608305121e-03	1.496708080000470870e-05	4.803011943754494735e-04	-3.067841751346933425e-03	3.660579522302934586e-04	-2.088640702063323390e-03	-1.125700375339152431e-03	8.132356474955481068e-04	3.437814530822964551e-03	-1.285278219351478329e-03	2.454834604722293647e-04	7.445018371267479729e-03	4.794063072843053955e-03	6.862188365190893986e-04	-1.816920996670467591e-04	7.549252540926939745e-03	-7.251780738920491514e-05	-3.909442295895435709e-03	-2.473079164371556503e-04	-5.065377348409166782e-04	9.884874494457684957e-16	1.265369145010372329e-03	9.989609946761766196e-04	-4.026974962787821044e-04	-3.311635367243451200e-03	1.508717908869613815e-03	-1.286026459827294740e-03	-4.823865952824205050e-03	-5.448388623259973335e-03	-4.404801414431670043e-04	-2.887825845668102282e-04	-3.214685985023726759e-03	3.949930551074289325e-04	1.021291600424632231e-03	2.896651418341407609e-03	3.758024935118692332e-04	1.809478591475737960e-03	1.879085594054580766e-04	2.105048732478519884e-04	5.447623680719590467e-04	-5.466914732358734222e-04	3.427972841992441531e-04	-5.523376518442540614e-03	-3.194100045597083031e-04	4.076675189855231887e-04	-1.231192716760973801e-03	3.686330820390670143e-03	-1.583163499723791543e-06	-1.303087656147941184e-03	6.257847126820903147e-04	-1.334698933335813631e-03	-2.442465760247539835e-04
-3.449809067601313298e-05	4.517838999201280459e-03	-2.530657762887842700e-03	1.957635344446769388e-04	4.623363869222931605e-03	0.000000000000000000e+00	-2.687640593753541380e-04	2.510866818737657151e-03	3.305663766481198741e-03	-5.433795317289274660e-03	7.269229878218957507e-04	1.912358443303891625e-02	1.649432588827369126e-04	-7.313403555522046337e-03	1.569957607645698378e-03	1.294829955200773892e-03	-2.681120951411098720e-03	1.515031503802092292e-03	-3.132195047201143329e-04	-8.143909707105542045e-03	-5.791681818287276609e-04	3.703781866045185393e-03	1.906294783923236221e-03	3.700674124598127973e-04	-1.872710227238577108e-04	1.970727066971873082e-02	-4.337527595013875720e-03	-8.373659562931829500e-04	-9.999349170124783876e-04	6.801618083974259130e-04	-1.260939807364813659e-04	-6.703386055427518891e-03	5.448388623268176842e-03	-5.971989661094753623e-04	5.319867812208694874e-04	-7.311165206209254645e-04	3.017738009916777313e-03	7.702154909361632988e-03	-1.805552463804159513e-02	7.511782884135868735e-04	2.810760250850780073e-15	-8.263621615974221790e-03	-1.777525605165596143e-04	3.182415030586284769e-04	6.785862731753188569e-03	-1.393586283763906784e-04	-5.714718437159905639e-04	5.870787809934698877e-03	1.737392627118433935e-04	1.667341550073307786e-03	4.855056889185820415e-03	1.045304807331516410e-04	-1.808319326923712306e-02	-3.467479082637687799e-04	1.894519483819096656e-03	-9.595566632890340647e-03	-9.897515864889217495e-04	6.278146597456437262e-04	2.484794969456839264e-03	-9.801678765195713516e-03	-2.735269026211870590e-04	5.518210391027096075e-03	-5.163434757906580110e-03	-2.075100406539296012e-04
1.087360468593537153e-04	-1.873643198218099843e-03	9.887756622583088531e-04	-5.549392707114954911e-05	-2.748232380790390731e-03	2.687640593753541380e-04	0.000000000000000000e+00	-9.614611249665447508e-04	3.244989265511608512e-06	1.247387990840600949e-03	6.078881150184976606e-04	-1.077265011922412877e-02	-7.805565098191526185e-05	4.782371739723352555e-03	-2.784694255915584615e-03	5.233974968442596260e-04	-3.032043201831391226e-04	1.519780786913040027e-04	2.245862809134379994e-04	2.700745282573286006e-03	-6.083055048816775464e-04	-9.537113573693804976e-04	2.021808093796053762e-03	-2.742287966968892481e-03	3.912605336625418284e-04	-1.028820174463344894e-02	1.659275947836347589e-03	5.984453075881456755e-04	8.249169446923091623e-04	-3.343408147640510681e-04	4.379346087386159505e-06	4.483259898975749599e-03	-1.809478591478167874e-03	2.074917660637630120e-04	-8.904870962232660364e-04	2.372653484441872209e-03	-5.199046581288209326e-04	-6.770220688542100476e-03	9.519199833341721040e-03	2.225812947692315275e-04	-1.737392627144809321e-04	4.127884865288989832e-03	1.145552236947606703e-03	-4.911746786727015169e-04	-4.536750164820961551e-03	3.354738748106713634e-04	7.445540238117429694e-05	-3.532639759061246762e-03	-4.815424656788060143e-17	-1.285734676295134660e-03	-2.391219980076300482e-03	1.208429959698330747e-04	1.047463541490063071e-02	-3.357959954652886027e-04	-5.555504125949091172e-04	5.625742895350140799e-03	1.158624642975844467e-03	5.969254144107126632e-04	-3.429295155927466858e-03	9.223203515469458047e-03	7.204666551329341317e-04	-5.125295338301022810e-03	4.340048314625120224e-03	-3.950383902063349709e-04
-3.606671966377291653e-04	8.725560803558513392e-04	-2.431884439176559473e-04	-7.763336133111088579e-04	3.112343346814099411e-04	-2.510866818737657151e-03	9.614611249665447508e-04	0.000000000000000000e+00	2.951658664442318022e-04	1.576048920250871371e-02	-9.146393715060940205e-03	2.533648869141697305e-03	-5.427608939490004237e-04	-1.410299234672365148e-03	1.132101771174045136e-03	-1.124806301145305984e-02	4.866438631436978282e-04	-9.532155771002037009e-03	2.444799532287507361e-04	4.826000609449299507e-04	9.696535993140662640e-03	-4.371460064011296995e-04	-9.314819322344071364e-04	2.540081318908902347e-02	-1.674161927034233197e-03	2.591026824455648463e-03	-3.550168539132760709e-04	-2.568138955559822433e-03	-1.736229673707596812e-04	-9.778809039926680304e-04	1.231756174226074840e-03	-8.688484691419124653e-04	-4.076675189742052022e-04	4.860020823487062229e-04	8.196527992116902847e-03	-8.483207279706861826e-04	-1.602085007448825205e-02	1.410558118096681430e-03	-1.432353260811878096e-03	-9.965100355258466047e-03	9.897515865107150805e-04	-1.063444380834078877e-03	-6.591834504061945803e-04	1.400352426831993034e-03	9.363091125542974489e-04	-3.561639048023657332e-04	-5.183133580077372345e-04	8.333664711155763360e-04	-1.158624642988437259e-03	2.697374343989093499e-04	2.555494135816951929e-04	-2.661125967082769088e-04	-1.427947684917403766e-03	6.968127245156993839e-04	1.985772894166217863e-03	-1.091032493021991748e-03	2.275289060892776716e-14	-9.386184173955470361e-03	2.371521654914732560e-02	-1.705856659664108013e-03	-9.331249144449563215e-03	1.634397812530526909e-03	-2.698836295785258729e-03	4.805525233793146896e-04
1.062839913231422226e-03	-5.805794213442627694e-15	-4.750521955302854354e-04	3.488583153173914486e-03	8.150519785027454233e-04	-3.305663766481198741e-03	-3.244989265511608512e-06	-2.951658664442318022e-04	0.000000000000000000e+00	-4.894725203126715912e-03	2.570385932771568436e-03	-6.984202090614369425e-04	1.118402389417931173e-03	4.634202394189376154e-04	-2.732498981395927937e-04	2.929799823264994229e-03	-9.456797933746290922e-05	3.468430048543718301e-03	-1.591267773855601069e-04	1.077379092379113364e-04	-4.670232545921356587e-03	-6.914806674835837722e-04	7.487641414427891919e-04	-7.097536165234698095e-03	3.842795052468039006e-03	-1.617355060980972883e-03	1.889659144729312215e-04	9.006411066921758690e-03	4.043477996887399201e-04	-3.132579061504483717e-03	-1.099940460092916229e-03	8.708030116891583936e-04	-2.359985848938547163e-04	-6.138522134882511833e-04	-1.970089003143951200e-03	3.276485353318812454e-05	4.949543601140478366e-03	2.071463696028883324e-05	-6.043541197978316017e-05	2.858788892381208119e-03	-4.517838999203154828e-03	1.906610522666816500e-03	-1.472381496623477405e-03	-5.789864121326445887e-03	2.057451042801604780e-04	1.613537000622368434e-03	1.875033148469348702e-03	-7.177736194890327716e-04	1.873643198216641808e-03	-7.900920513687424273e-04	1.222342353288959679e-03	2.544024946100769975e-04	-6.044152252127222430e-04	1.817019921351891928e-03	-5.496197555610789556e-03	5.591953659043597240e-04	-8.725560803613931302e-04	4.446668129598230776e-04	-4.606181032976577189e-03	1.259147093144134398e-04	1.803383696335021094e-03	-2.025224263734790140e-04	3.817846367113785291e-04	8.700641481736264005e-04
-1.475597313570964808e-04	4.894725203131585281e-03	-1.188926642254541956e-03	-1.479495023755161192e-03	-1.853911056877456491e-03	5.433795317289274660e-03	-1.247387990840600949e-03	-1.576048920250871371e-02	4.894725203126715912e-03	0.000000000000000000e+00	-6.174622026190065794e-04	2.681103491643359489e-03	-1.665621918878090908e-04	7.543522773372899996e-03	-4.152286356956098184e-03	-1.380706103663806913e-03	-1.188926642251508792e-03	-6.174622026313086962e-04	-7.859477595155458900e-04	2.520609828336588601e-03	2.402284392036647259e-03	-2.001235879554275413e-02	6.225930574019446738e-03	5.449363832205064012e-03	-1.479495023754146595e-03	2.681103491656991814e-03	2.520609828334923700e-03	-1.179876040535403760e-05	-2.657665033790399325e-03	1.428690674973981476e-03	1.669225432417308541e-05	-7.364958890214799020e-03	-1.853911056882451194e-03	-1.665621918801381707e-04	2.402284392022725236e-03	-2.657665033785805778e-03	-3.963753168363042673e-03	7.998453348897902743e-03	-3.726868652538512308e-03	-2.321745199828360081e-03	5.433795317297488575e-03	7.543522773367773021e-03	-2.001235879554202207e-02	1.428690674979860888e-03	7.998453348905951860e-03	-2.706927770465564968e-04	-1.094628896788725578e-03	-6.636377319936217654e-05	-1.247387990846273061e-03	-4.152286356958362866e-03	6.225930574025810571e-03	1.669225432347762393e-05	-3.726868652553363276e-03	-1.094628896792083786e-03	-2.464661971572757295e-04	6.717115777409320143e-03	-1.576048920250870330e-02	-1.380706103655553098e-03	5.449363832173205816e-03	-7.364958890204656092e-03	-2.321745199817364103e-03	-6.636377320476090705e-05	6.717115777407918487e-03	-4.386883071875775382e-05
1.083451080560679524e-04	-3.468430048540896340e-03	2.538967166367554762e-03	-6.644976298167340348e-04	-1.055927231676168174e-03	-7.269229878218957507e-04	-6.078881150184976606e-04	9.146393715060940205e-03	-2.570385932771568436e-03	6.174622026190065794e-04	0.000000000000000000e+00	-5.895877770751229222e-04	1.987302483533070119e-04	-3.503123596912775198e-03	1.541411900535477261e-03	6.100173743674540535e-04	6.383399834603142452e-05	7.825076713983622478e-15	5.704078306263695407e-04	-2.580283994165048951e-03	-1.538752549095029863e-03	1.077951234859530344e-02	-2.261323474088884015e-03	-2.669443542564375882e-03	-2.255142995812535044e-04	-5.504064617240687299e-04	2.335624119921980019e-03	-3.013379472619615376e-03	-8.976093797046441961e-04	5.884264766506006831e-04	7.278801041342471546e-05	2.028630633189316967e-03	2.088640702067588208e-03	-4.468284793193617605e-05	-1.155934369534602092e-03	2.322117487091440377e-03	2.187994474828539298e-03	-4.676619767021075041e-03	1.351355680307405075e-03	1.149964586780185052e-03	-1.515031503800981852e-03	-7.103888638492582633e-03	1.046684440532177907e-02	-2.195831166508106216e-04	-2.775567574610673764e-03	2.800229493334541837e-04	-6.148466519476727694e-04	2.650909307031064539e-03	-1.519780786856092308e-04	4.380184459447997516e-03	-4.573625937015705911e-03	5.767096408253331299e-04	9.915921173415929470e-04	-8.886434472096907703e-04	3.112056158198400757e-03	-8.264703963985570168e-03	9.532155771003674588e-03	-3.728980145306156496e-05	-2.375474814165128359e-03	5.182658671128048677e-03	1.177373861514396935e-03	-9.025035273596865477e-04	-2.802774167218927137e-03	1.227839063236752415e-04
4.718674465466584289e-04	1.617355060948816748e-03	-1.227880145778583853e-03	1.179251259664853418e-02	2.289333170044290664e-04	-1.912358443303891625e-02	1.077265011922412877e-02	-2.533648869141697305e-03	6.984202090614369425e-04	-2.681103491643359489e-03	5.895877770751229222e-04	0.000000000000000000e+00	-3.432708625150980922e-04	2.576891352461737087e-04	-2.590054059017774446e-06	-6.333840305230960602e-04	-8.666785057647306725e-05	5.504064617244603438e-04	-1.198803666160304891e-03	6.166964981571191988e-04	2.270868172963048937e-03	-2.582028055643062741e-03	7.350206799687361223e-04	4.469826454861897808e-03	1.175974658838981404e-02	-4.165497970425730001e-14	-1.191254968668506616e-03	3.084312446891077086e-02	6.460585925473563695e-04	-1.300195432819743757e-02	1.335091120007255057e-04	5.247849988247550376e-04	-6.862188365334993129e-04	8.871370463887080066e-05	1.558244962329820727e-03	-8.540122154491156014e-04	-1.643740108240934750e-03	1.893968686680390714e-03	-1.188292139361121682e-03	-1.428962252810338403e-03	-1.970727066971753039e-02	1.381710551992756161e-03	-2.307487176153024018e-03	-1.199666363840574262e-02	5.923480860550182827e-04	2.683658938240174145e-04	1.169370947667423832e-02	-6.930501444064726332e-04	1.028820174463196749e-02	-1.430684589027125244e-03	2.482624626173874152e-03	-4.929998979860703099e-04	-1.117942932567223338e-03	1.177689296163010255e-02	-2.834876016865722076e-02	1.429581129395827901e-03	-2.591026824454449769e-03	5.023729786161484651e-04	4.182422169963062597e-03	-1.808581488306700708e-03	-1.765537951892649088e-03	1.065492768115538971e-03	-5.693872738082559910e-04	-3.543293073295689273e-04
-1.947919374750395859e-04	6.138522134869952435e-04	-9.294781927941447646e-04	9.403203317106411828e-05	1.412201985608305121e-03	-1.649432588827369126e-04	7.805565098191526185e-05	5.427608939490004237e-04	-1.118402389417931173e-03	1.665621918878090908e-04	-1.987302483533070119e-04	3.432708625150980922e-04	0.000000000000000000e+00	-1.437323109909197094e-03	1.634658656392725968e-03	-2.231859181597457007e-04	1.523831558148038869e-03	4.468284792397918921e-05	-9.265144830833975571e-05	1.245112864225212919e-03	2.901252859396842750e-04	5.947066150667701607e-04	-2.414506638164613458e-03	1.998158961885695593e-04	-4.072755491417469603e-04	-8.871370463502582673e-05	-1.740118586376514318e-03	-4.841500652881784326e-04	1.670541957214195707e-03	-1.281439298325053673e-04	3.160506765478031025e-05	2.145959140849497231e-03	-1.265369145009201390e-03	1.873115107031003701e-15	1.720392850286690941e-04	-1.341135209416116202e-03	-3.832405360180785796e-04	1.047181323365500068e-03	4.072287487040464988e-04	-4.003541074628830568e-05	5.971989661085712461e-04	1.533565430477807235e-03	-9.571308688468654858e-05	5.543607540923842919e-04	-1.153657531734587991e-03	1.760297639160557565e-04	-3.308222918114161071e-04	-2.015496238866132037e-03	-2.074917660675707843e-04	-1.231276881899993469e-03	1.355820734849088032e-03	-3.414816352464094358e-04	-5.950549551102985205e-05	1.207454806129325459e-06	3.398914166607078235e-04	1.960497471113338726e-03	-4.860020823464134606e-04	9.814038197842223261e-05	4.524155723492458625e-04	-2.354501912336704611e-03	-3.493372971429205861e-04	1.306702759345548977e-03	-1.359201568048955516e-03	-4.518086847023367340e-06
4.193899978019072260e-04	-1.906610522652331993e-03	8.445673720958387937e-04	-1.884096605157979751e-03	-1.496708080000470870e-05	7.313403555522046337e-03	-4.782371739723352555e-03	1.410299234672365148e-03	-4.634202394189376154e-04	-7.543522773372899996e-03	3.503123596912775198e-03	-2.576891352461737087e-04	1.437323109909197094e-03	0.000000000000000000e+00	-1.480462012924707951e-04	6.283608673648584386e-03	-7.392364503729778927e-05	7.103888638493607854e-03	-2.928650185652636475e-04	-7.504348233590136912e-04	-5.594384539326133221e-03	1.573789035108956891e-03	-4.372355832581885024e-04	-1.434191833783468248e-02	-4.073044637881840721e-03	-1.381710551966312036e-03	1.146793560332464140e-03	-1.006237048106065589e-02	-6.448072809259147546e-04	4.983008794408275849e-03	-1.086767900725302814e-05	-1.756667494462579095e-05	4.404801414450673939e-04	-1.533565430480438811e-03	-3.230472342908842238e-03	5.690152245603303724e-04	6.576123992039972430e-03	-1.120226275001862636e-03	1.038724163753901482e-03	5.195694496932296361e-03	8.263621615967164935e-03	9.183192400952222556e-17	4.088264640811300706e-04	3.662737600529176844e-03	8.732516943592539237e-04	1.495658876601997991e-03	-7.754522583718049394e-03	4.146265011038752701e-04	-4.127884865284542001e-03	7.052161588816901854e-04	-7.894708020100350051e-04	-8.385053432033860894e-04	-1.363151147900340575e-04	-4.671618270112732306e-03	1.155524180155174940e-02	-6.681796639713027171e-04	1.063444380818277281e-03	3.570085291695880309e-03	-1.023675656270442783e-02	8.232497856498768255e-04	1.676443353755525858e-03	-8.016160333877793073e-04	1.224373627242979733e-03	-1.163753576006569274e-03
-6.651396174918739607e-04	7.900920513669339781e-04	-1.068298391914484179e-04	-1.250264593730983712e-03	-4.803011943754494735e-04	-1.569957607645698378e-03	2.784694255915584615e-03	-1.132101771174045136e-03	2.732498981395927937e-04	4.152286356956098184e-03	-1.541411900535477261e-03	2.590054059017774446e-06	-1.634658656392725968e-03	1.480462012924707951e-04	0.000000000000000000e+00	-3.267747964467791755e-03	1.111623718402298078e-04	-4.380184459449885763e-03	1.641330027372078150e-05	5.319631496094542628e-04	4.505671834529349426e-03	-7.626001314914112889e-04	2.376388528597786259e-05	7.852342304739145379e-03	1.505101665722210981e-04	1.430684589029135789e-03	-1.123853384411177114e-03	3.001431494813226134e-04	6.685434896788988420e-05	-5.842957844942639044e-04	1.089432123686256970e-03	-1.073728923061584989e-03	-1.879085594035221794e-04	1.231276881902762087e-03	1.513475588220052764e-03	-2.721180545576688337e-04	-3.841022693490090366e-03	4.346863845983091378e-04	-3.558006244878716539e-04	-2.839089396717666899e-03	-1.667341550068710768e-03	-7.052161588861106944e-04	7.596570077492101900e-04	1.433570807849103915e-03	-4.933070658524932837e-04	-2.159487401990531873e-03	3.081060757367669063e-03	4.393582051811634046e-05	1.285734676292990975e-03	-4.294728093122424095e-16	-7.580044499009850126e-04	9.002525515873669674e-04	8.226350070074692038e-04	1.268542530476676799e-03	-3.286288263278336688e-03	8.773801158869962667e-04	-2.697374343904785938e-04	-3.212955365267537765e-04	3.878612245839077426e-03	-1.927636883083544428e-04	-2.663662370454989429e-05	1.974694043961684915e-04	-4.969119580412100032e-04	1.573039120117387750e-04
9.311286698401821345e-06	-4.446668129601544098e-04	-1.655031343240733963e-03	-2.066679768919227203e-04	3.067841751346933425e-03	-1.294829955200773892e-03	-5.233974968442596260e-04	1.124806301145305984e-02	-2.929799823264994229e-03	1.380706103663806913e-03	-6.100173743674540535e-04	6.333840305230960602e-04	2.231859181597457007e-04	-6.283608673648584386e-03	3.267747964467791755e-03	0.000000000000000000e+00	6.478799286900518029e-04	3.728980145270155563e-05	5.191734731462330742e-04	-2.862757707705453764e-03	-8.769599563289618392e-04	1.381278913244732287e-02	-5.112929049962725361e-03	-1.852642994556850334e-03	-8.828746760828783385e-04	-5.023729786123013906e-04	-3.638372320019440161e-03	-4.529626844948289426e-03	4.427513286375961248e-03	7.536535626190938534e-04	-1.408222435836541434e-04	9.450324167231419215e-03	1.231192716766041795e-03	-9.814038197991965134e-05	-7.254026982669364507e-04	1.432550896080710817e-03	1.151478171945158682e-03	-4.451797240141908488e-03	2.263602211931709136e-03	7.482318878126528478e-04	-6.278146597444556574e-04	-3.570085291700638222e-03	1.200613131208278991e-02	1.178407982668494992e-03	-7.836816633342166827e-03	1.219535371213813105e-04	-9.577329352877994497e-04	-2.532181841486401928e-03	-5.969254144165209511e-04	3.212955365308742869e-04	4.145524761714610372e-04	-3.298244654601383062e-04	1.485640560296757218e-03	-6.323809359632809324e-04	3.773172959394120556e-03	-2.872784729336689755e-03	9.386184173958804500e-03	-2.585187753700434604e-15	-1.225745162741829868e-03	2.729998350008581987e-03	3.109614234753940807e-04	1.019937017058996417e-03	-4.005696966569799455e-03	-1.062535877228670784e-04
-1.047215550396415505e-03	4.750521955314205950e-04	2.727175039615725716e-16	-3.351577077896314080e-03	-3.660579522302934586e-04	2.681120951411098720e-03	3.032043201831391226e-04	-4.866438631436978282e-04	9.456797933746290922e-05	1.188926642251508792e-03	-6.383399834603142452e-05	8.666785057647306725e-05	-1.523831558148038869e-03	7.392364503729778927e-05	-1.111623718402298078e-04	-6.478799286900518029e-04	0.000000000000000000e+00	-2.538967166368220896e-03	9.830157722367474822e-04	4.172647256684835094e-05	1.958971521970892180e-03	2.039630292492697122e-04	-2.316666197508880339e-04	2.066907910336212434e-03	-1.986490141032929736e-03	1.227880145788079295e-03	-9.170088660770496763e-04	-5.509098686122312211e-03	-1.172709263680340606e-04	2.209297358115353601e-03	2.045475232483027778e-04	-1.094695116563768967e-03	7.758347084943923713e-05	9.294781927952158480e-04	-6.291416414364299579e-04	-6.005534416961517757e-05	-7.649613216020620214e-04	-1.268126776847858802e-05	5.877917110106649600e-05	-1.003650853300612055e-03	2.530657762887602875e-03	-8.445673721030080806e-04	1.341288132447480009e-03	3.776544419642644587e-03	-4.977571248159775794e-04	-1.469009067633640945e-03	3.685279325024252701e-04	1.812891882160396558e-04	-9.887756622572324572e-04	1.068298391922693216e-04	-1.054230307546131541e-03	1.485653972728991187e-04	9.531713559247697448e-04	-1.281627262579914002e-03	2.518200541227804713e-03	7.706504995517423143e-04	2.431884439283717408e-04	1.655031343242979779e-03	-1.312395922927936821e-03	1.130866714408416550e-05	1.596999465305666815e-03	-1.724940532502774892e-06	-3.428244381815626584e-05	-9.406520851455224064e-04
1.083451080590901931e-04	-2.570385932777035851e-03	6.383399834831249102e-05	-2.255142995710929309e-04	2.088640702063323390e-03	-1.515031503802092292e-03	-1.519780786913040027e-04	9.532155771002037009e-03	-3.468430048543718301e-03	6.174622026313086962e-04	-7.825076713983622478e-15	-5.504064617244603438e-04	-4.468284792397918921e-05	-7.103888638493607854e-03	4.380184459449885763e-03	-3.728980145270155563e-05	2.538967166368220896e-03	0.000000000000000000e+00	5.704078306297739355e-04	2.335624119926777396e-03	-1.155934369535027966e-03	1.046684440531796614e-02	-4.573625937014134252e-03	-2.375474814169434810e-03	-6.644976298172747264e-04	-5.895877770806833614e-04	-2.580283994167893030e-03	-3.013379472607684816e-03	2.322117487094514741e-03	-2.195831166593917565e-04	5.767096408323683010e-04	5.182658671132290076e-03	-1.055927231671157209e-03	1.987302483509496040e-04	-1.538752549086237851e-03	-8.976093797086254948e-04	2.187994474813173551e-03	-2.775567574603154605e-03	9.915921173313357439e-04	1.177373861513160078e-03	-7.269229878226030842e-04	-3.503123596914764926e-03	1.077951234860176702e-02	5.884264766426027405e-04	-4.676619767026079719e-03	2.800229493448106594e-04	-8.886434472352852058e-04	-9.025035273612059487e-04	-6.078881150256853789e-04	1.541411900539496182e-03	-2.261323474093216487e-03	7.278801041213326804e-05	1.351355680317203010e-03	-6.148466519567588173e-04	3.112056158232423889e-03	-2.802774167219257168e-03	9.146393715068833197e-03	6.100173743595217052e-04	-2.669443542532747970e-03	2.028630633184498773e-03	1.149964586756232424e-03	2.650909307036273914e-03	-8.264703963989893098e-03	1.227839063177963450e-04
-6.976042166369901640e-05	1.591267773875398059e-04	-9.830157722372371079e-04	-1.573726695644880793e-04	1.125700375339152431e-03	3.132195047201143329e-04	-2.245862809134379994e-04	-2.444799532287507361e-04	1.591267773855601069e-04	7.859477595155458900e-04	-5.704078306263695407e-04	1.198803666160304891e-03	9.265144830833975571e-05	2.928650185652636475e-04	-1.641330027372078150e-05	-5.191734731462330742e-04	-9.830157722367474822e-04	-5.704078306297739355e-04	0.000000000000000000e+00	-1.887547033227690617e-03	6.421156406066989408e-04	5.054830240805428289e-04	-8.835657673709597457e-04	1.540727256820435560e-03	-1.573726695595010746e-04	1.198803666165869451e-03	-1.887547033231140765e-03	-1.065123469725248132e-03	3.864616573747562452e-04	7.955128946858438122e-04	-6.981771211765300938e-04	-1.558561189640956992e-03	1.125700375338378745e-03	9.265144831049268307e-05	6.421156406074450887e-04	3.864616573756216554e-04	-1.175160949925202480e-03	4.046667923536745662e-04	2.755298728616286763e-04	-6.420416503211162813e-04	3.132195047148706975e-04	2.928650185631605663e-04	5.054830240852042477e-04	7.955128946819298424e-04	4.046667923530700151e-04	-4.204673722591690719e-04	2.978821379072533982e-04	7.072859876220389348e-04	-2.245862809131361846e-04	-1.641330027312458211e-05	-8.835657673758904804e-04	-6.981771211739707262e-04	2.755298728644645155e-04	2.978821378991157562e-04	1.799930148108712076e-04	1.014685559690904930e-03	-2.444799532252692545e-04	-5.191734731462791528e-04	1.540727256819763788e-03	-1.558561189632466822e-03	-6.420416503164153976e-04	7.072859876195049375e-04	1.014685559687707184e-03	1.482532575847370603e-04
-1.537402077652811477e-03	-1.889659144638322717e-04	9.170088660713378824e-04	-7.758498844428593846e-03	-8.132356474955481068e-04	8.143909707105542045e-03	-2.700745282573286006e-03	-4.826000609449299507e-04	-1.077379092379113364e-04	-2.520609828336588601e-03	2.580283994165048951e-03	-6.166964981571191988e-04	-1.245112864225212919e-03	7.504348233590136912e-04	-5.319631496094542628e-04	2.862757707705453764e-03	-4.172647256684835094e-05	-2.335624119926777396e-03	1.887547033227690617e-03	0.000000000000000000e+00	-2.767677455495518978e-03	4.822494153273050696e-04	3.041232536750600179e-05	-6.645409733288190277e-03	-3.245201979774361110e-03	1.191254968696192802e-03	-4.710174036828135291e-15	-1.034962310270691813e-02	-1.086891033998305459e-03	5.719081458363412321e-03	-1.726416223315169890e-03	-3.509426821297761956e-03	1.816920996734482140e-04	1.740118586375312805e-03	-4.182949909982662182e-03	3.011288197002681189e-04	6.050831324324292687e-03	-7.642843629113668137e-04	6.776031097947986161e-04	2.986979016927049889e-03	4.337527595013233872e-03	-1.146793560338271560e-03	2.128446675969177752e-03	4.209825271584994449e-03	-3.648131954169330339e-04	-2.287382479905477467e-03	2.013641005418190244e-03	1.162627775439101663e-03	-1.659275947839488740e-03	1.123853384412607827e-03	-3.612718511607373659e-03	1.335279056053772064e-03	2.193877435409205545e-03	-3.238524036458863276e-03	5.159905950774354433e-03	8.396914031319938185e-05	3.550168539031302696e-04	3.638372320011995162e-03	-1.072711597447749757e-02	6.601255012623930430e-04	8.011290775660886987e-03	-7.265712427458061694e-04	7.782012297800383789e-04	1.045259351668636474e-03
3.658945946214325678e-04	1.970089003144146790e-03	6.291416414365357760e-04	1.174252404832318904e-03	-3.437814530822964551e-03	5.791681818287276609e-04	6.083055048816775464e-04	-9.696535993140662640e-03	4.670232545921356587e-03	-2.402284392036647259e-03	1.538752549095029863e-03	-2.270868172963048937e-03	-2.901252859396842750e-04	5.594384539326133221e-03	-4.505671834529349426e-03	8.769599563289618392e-04	-1.958971521970892180e-03	1.155934369535027966e-03	-6.421156406066989408e-04	2.767677455495518978e-03	0.000000000000000000e+00	-1.237110114718392023e-02	8.801444779753472142e-03	-5.979741505516208977e-04	1.838233003092056873e-03	-1.558244962339350864e-03	4.182949909995035964e-03	6.027570155136541957e-03	-2.760564463759591566e-03	-1.399031109846483704e-03	5.020878169342388902e-05	-3.494833427634319589e-03	-9.989609946799483421e-04	-1.720392850255807985e-04	-6.926059660690431219e-15	2.397593933324127890e-04	2.698972515802783734e-04	1.679399371113171266e-03	-2.997704057983387529e-03	-6.649689449939583363e-06	-5.319867812124712573e-04	3.230472342916658902e-03	-1.094073910370105610e-02	-2.080149138414648553e-03	4.542848709069149254e-03	2.553347558510677892e-04	1.041209082985157779e-03	6.470448113675519690e-04	8.904870962280009641e-04	-1.513475588225255634e-03	3.435278604701478937e-03	4.223928436455537568e-04	-1.925308829816104426e-03	5.658626931377931310e-04	-4.055221314638823155e-03	1.975873758751107469e-03	-8.196527992129234996e-03	7.254026982799062192e-04	-9.210918210865700131e-04	2.466876574908069726e-03	2.694321220009708541e-04	-2.655675193788870504e-03	3.695862287450349826e-03	-4.023983296626274832e-04
2.758093682186280753e-04	1.472381496616296734e-03	-1.341288132436097621e-03	1.191498149820337162e-03	1.285278219351478329e-03	-3.703781866045185393e-03	9.537113573693804976e-04	4.371460064011296995e-04	6.914806674835837722e-04	2.001235879554275413e-02	-1.077951234859530344e-02	2.582028055643062741e-03	-5.947066150667701607e-04	-1.573789035108956891e-03	7.626001314914112889e-04	-1.381278913244732287e-02	-2.039630292492697122e-04	-1.046684440531796614e-02	-5.054830240805428289e-04	-4.822494153273050696e-04	1.237110114718392023e-02	0.000000000000000000e+00	4.386345255219004124e-05	3.183546025708456489e-02	-5.694651815576212694e-04	2.307487176158789371e-03	-2.128446675988509944e-03	-1.401029730636860074e-03	1.360607339144053992e-03	-1.683489504967908019e-03	1.286369961765565506e-03	1.698789498029441066e-03	2.887825845801711769e-04	9.571308688623705256e-05	1.094073910368401591e-02	-1.081308005308545062e-04	-2.029513563609505744e-02	9.466450573581239748e-04	-1.993364356335202304e-03	-1.351365743892603277e-02	1.777525605232347489e-04	-4.088264641127159699e-04	5.722378408797024196e-14	1.046383845551380771e-03	-3.558904771351714159e-04	4.483705841618600163e-04	-1.527872364140371933e-03	-6.445836021779933469e-04	-1.145552236951544525e-03	-7.596570077377185143e-04	1.872724771701906894e-03	-5.210733271475091050e-04	-1.691257712349903287e-03	-1.850512979798987453e-04	2.854266092520285104e-03	2.594569059901402543e-04	6.591834504763112359e-04	-1.200613131207202422e-02	3.063169064611856451e-02	-4.515253379547048409e-04	-1.329844851726705648e-02	1.279514812436877147e-03	-2.509934457842416013e-03	-5.070256909230263977e-04
1.004724633463956445e-03	-1.222342353287302584e-03	1.054230307541058993e-03	2.716990216395025019e-03	-2.454834604722293647e-04	-1.906294783923236221e-03	-2.021808093796053762e-03	9.314819322344071364e-04	-7.487641414427891919e-04	-6.225930574019446738e-03	2.261323474088884015e-03	-7.350206799687361223e-04	2.414506638164613458e-03	4.372355832581885024e-04	-2.376388528597786259e-05	5.112929049962725361e-03	2.316666197508880339e-04	4.573625937014134252e-03	8.835657673709597457e-04	-3.041232536750600179e-05	-8.801444779753472142e-03	-4.386345255219004124e-05	0.000000000000000000e+00	-1.274932991296326770e-02	2.976753123370421035e-03	-2.482624626186058416e-03	3.612718511615042004e-03	8.721360256295503099e-03	-1.167496359571571808e-03	-2.245338646761734815e-03	-1.930159140240847448e-03	-2.097074732649678542e-04	-2.105048732580988916e-04	-1.355820734852812050e-03	-3.435278604689284265e-03	-5.561271747057943023e-05	9.214992875513843690e-03	-1.535298485714149176e-04	7.883568888909516610e-04	6.068450360103342517e-03	-4.855056889184892338e-03	7.894708020297748572e-04	-1.872724771758972791e-03	-7.714330860437799281e-03	9.840238043128369215e-04	1.872446894900986047e-03	2.362818532328346370e-03	9.336849439557729771e-04	2.391219980073767785e-03	7.580044499003193124e-04	1.188621683717583366e-14	9.757327847978781478e-04	-7.486257684967705019e-04	2.018631380713863544e-03	-5.704992414783588428e-03	-2.995178329962499414e-03	-2.555494136274898869e-04	-4.145524761823949993e-04	-7.616804398154968653e-03	-3.530770968398546381e-04	3.862254312364190364e-03	-2.642084599617118817e-04	8.107958346448443463e-04	2.048824225615479729e-03
3.853398494648992514e-04	4.606181032980799506e-03	1.312395922925767115e-03	3.806422462580009731e-03	-7.445018371267479729e-03	-3.700674124598127973e-04	2.742287966968892481e-03	-2.540081318908902347e-02	7.097536165234698095e-03	-5.449363832205064012e-03	2.669443542564375882e-03	-4.469826454861897808e-03	-1.998158961885695593e-04	1.434191833783468248e-02	-7.852342304739145379e-03	1.852642994556850334e-03	-2.066907910336212434e-03	2.375474814169434810e-03	-1.540727256820435560e-03	6.645409733288190277e-03	5.979741505516208977e-04	-3.183546025708456489e-02	1.274932991296326770e-02	0.000000000000000000e+00	4.917800657548637884e-03	-4.182422169975443318e-03	1.072711597450909382e-02	1.732249371469689325e-02	-6.976575323855456826e-03	-3.996063171876819420e-03	-6.257971812419407115e-04	-1.100749170493470555e-02	-3.686330820399774839e-03	-4.524155723449964405e-04	9.210918210573112996e-04	-2.775352692691043441e-03	-8.057875259329973228e-04	9.379175099653920544e-03	-3.572595513705206435e-03	-9.029090755422592134e-05	-2.484794969454535984e-03	1.023675656272669821e-02	-3.063169064617211196e-02	-5.462429881921904845e-03	1.263195208244374118e-02	1.043890268240351327e-04	4.428844945295698846e-03	1.908311697435094694e-03	3.429295155953235308e-03	-3.878612245852786078e-03	7.616804398184994981e-03	1.113745247263639166e-04	-3.383133136897639899e-03	3.991091265215464604e-03	-1.475750095191134467e-02	6.229016479219987891e-03	-2.371521654918010147e-02	1.225745162763078929e-03	-3.804144905984394032e-14	-4.785324610069623813e-03	-3.596067205639431473e-04	-2.797698430986341606e-03	1.112222960440212467e-02	-3.791938094113940288e-04
1.269407396226976967e-04	-3.488583153175469232e-03	3.351577077894048098e-03	1.649667815545319272e-15	-4.794063072843053955e-03	1.872710227238577108e-04	-3.912605336625418284e-04	1.674161927034233197e-03	-3.842795052468039006e-03	1.479495023754146595e-03	2.255142995812535044e-04	-1.175974658838981404e-02	4.072755491417469603e-04	4.073044637881840721e-03	-1.505101665722210981e-04	8.828746760828783385e-04	1.986490141032929736e-03	6.644976298172747264e-04	1.573726695595010746e-04	3.245201979774361110e-03	-1.838233003092056873e-03	5.694651815576212694e-04	-2.976753123370421035e-03	-4.917800657548637884e-03	0.000000000000000000e+00	-1.179251259664871980e-02	7.758498844427823629e-03	2.588571527747762606e-04	-1.248547640335592734e-03	5.338989424389967327e-05	-3.075138095754107056e-04	4.495316219490997495e-03	-2.462876268777306095e-03	-9.403203317389898170e-05	-1.174252404833367545e-03	5.699558856237216297e-04	1.244299665044201059e-03	-3.945500227246149204e-03	1.010461476457910276e-02	1.831591355003662136e-03	-1.957635344476888254e-04	1.884096605157499016e-03	-1.191498149818095466e-03	-5.342588551827491799e-04	-3.531051214695926296e-03	8.254037041512524142e-05	4.130699089275691269e-04	-1.169043480790368274e-03	5.549392707743256846e-05	1.250264593731592166e-03	-2.716990216387302898e-03	5.260104079329506571e-05	9.868753766658782539e-03	3.697765135418570881e-04	-1.102743077844824549e-03	-9.253155707537119926e-04	7.763336133118038315e-04	2.066679768862919435e-04	-3.806422462594239234e-03	4.503314478489818529e-03	1.418389558928426480e-03	-3.026190435405064216e-03	3.920680818991910919e-03	5.292888336601384719e-04
4.718674465473564382e-04	6.984202090666302709e-04	-8.666785057940008786e-05	1.175974658839620997e-02	-6.862188365190893986e-04	-1.970727066971873082e-02	1.028820174463344894e-02	-2.591026824455648463e-03	1.617355060980972883e-03	-2.681103491656991814e-03	5.504064617240687299e-04	4.165497970425730001e-14	8.871370463502582673e-05	1.381710551966312036e-03	-1.430684589029135789e-03	5.023729786123013906e-04	-1.227880145788079295e-03	5.895877770806833614e-04	-1.198803666165869451e-03	-1.191254968696192802e-03	1.558244962339350864e-03	-2.307487176158789371e-03	2.482624626186058416e-03	4.182422169975443318e-03	1.179251259664871980e-02	0.000000000000000000e+00	6.166964981854103703e-04	3.084312446892949894e-02	-8.540122154586095261e-04	-1.199666363841457584e-02	-4.929998979821399686e-04	-1.808581488315724305e-03	2.289333169972234587e-04	-3.432708625161524788e-04	2.270868172972826705e-03	6.460585925392484889e-04	-1.643740108247840467e-03	5.923480860836519537e-04	-1.117942932611495866e-03	-1.765537951900921117e-03	-1.912358443302405314e-02	2.576891352612596230e-04	-2.582028055708633987e-03	-1.300195432819736471e-02	1.893968686714669718e-03	2.683658938278087069e-04	1.177689296162045401e-02	1.065492768127329452e-03	1.077265011922052748e-02	-2.590054062292200532e-06	7.350206800003018012e-04	1.335091119976391345e-04	-1.188292139418852412e-03	1.169370947667330157e-02	-2.834876016865269660e-02	-5.693872738331447192e-04	-2.533648869206943290e-03	-6.333840305234102620e-04	4.469826454889707160e-03	5.247849987802966770e-04	-1.428962252816864866e-03	-6.930501443931768452e-04	1.429581129408271940e-03	-3.543293073316974330e-04
-1.537402077654419566e-03	-1.077379092504484541e-04	-4.172647256216408256e-05	-3.245201979779037491e-03	1.816920996670467591e-04	4.337527595013875720e-03	-1.659275947836347589e-03	3.550168539132760709e-04	-1.889659144729312215e-04	-2.520609828334923700e-03	-2.335624119921980019e-03	1.191254968668506616e-03	1.740118586376514318e-03	-1.146793560332464140e-03	1.123853384411177114e-03	3.638372320019440161e-03	9.170088660770496763e-04	2.580283994167893030e-03	1.887547033231140765e-03	4.710174036828135291e-15	-4.182949909995035964e-03	2.128446675988509944e-03	-3.612718511615042004e-03	-1.072711597450909382e-02	-7.758498844427823629e-03	-6.166964981854103703e-04	0.000000000000000000e+00	-1.034962310270874652e-02	3.011288197028689573e-04	4.209825271587525411e-03	1.335279056055087635e-03	6.601255012753528368e-04	-8.132356475018826664e-04	-1.245112864223889976e-03	-2.767677455508659075e-03	-1.086891033999269531e-03	6.050831324339356158e-03	-3.648131954376092030e-04	2.193877435445722342e-03	8.011290775675146414e-03	8.143909707097187617e-03	7.504348233611521715e-04	4.822494153444928724e-04	5.719081458356166381e-03	-7.642843629234404891e-04	-2.287382479902818136e-03	-3.238524036458256990e-03	-7.265712427523496547e-04	-2.700745282568002038e-03	-5.319631496063821760e-04	3.041232535980754295e-05	-1.726416223305590747e-03	6.776031098164351715e-04	2.013641005409690966e-03	5.159905950772496544e-03	7.782012297845870407e-04	-4.826000609317401433e-04	2.862757707713020627e-03	-6.645409733323072096e-03	-3.509426821295211912e-03	2.986979016942233923e-03	1.162627775434864168e-03	8.396914031697793484e-05	1.045259351672148205e-03
2.536080585793687881e-04	-9.006411066924943642e-03	5.509098686113126850e-03	-2.588571527624391241e-04	-7.549252540926939745e-03	8.373659562931829500e-04	-5.984453075881456755e-04	2.568138955559822433e-03	-9.006411066921758690e-03	1.179876040535403760e-05	3.013379472619615376e-03	-3.084312446891077086e-02	4.841500652881784326e-04	1.006237048106065589e-02	-3.001431494813226134e-04	4.529626844948289426e-03	5.509098686122312211e-03	3.013379472607684816e-03	1.065123469725248132e-03	1.034962310270691813e-02	-6.027570155136541957e-03	1.401029730636860074e-03	-8.721360256295503099e-03	-1.732249371469689325e-02	-2.588571527747762606e-04	-3.084312446892949894e-02	1.034962310270874652e-02	0.000000000000000000e+00	3.618903239068261852e-04	1.722454387675827203e-04	-3.192398206271797323e-04	1.128158051915262826e-02	-7.549252540942916548e-03	4.841500652971829485e-04	-6.027570155159560003e-03	3.618903238948517143e-04	6.376236763522322160e-03	-1.077078803822320227e-02	2.805804040395897328e-02	6.393669733611943157e-03	8.373659562959927683e-04	1.006237048107496562e-02	1.401029730620132786e-03	1.722454387712229291e-04	-1.077078803822166010e-02	-1.904791084858371928e-04	6.686461830842110486e-04	-7.140921787638211324e-03	-5.984453075801078343e-04	-3.001431494915319490e-04	-8.721360256261028940e-03	-3.192398206291349283e-04	2.805804040391979975e-02	6.686461830872950617e-04	-2.240544616377319539e-03	8.628537493966293576e-03	2.568138955533609893e-03	4.529626844969923162e-03	-1.732249371476140415e-02	1.128158051911605508e-02	6.393669733624251020e-03	-7.140921787622163397e-03	8.628537493974131056e-03	5.916198345854704367e-04
1.262982435583515821e-03	-3.276485353195968283e-05	6.005534417138966416e-05	-5.699558856261744202e-04	7.251780738920491514e-05	9.999349170124783876e-04	-8.249169446923091623e-04	1.736229673707596812e-04	-4.043477996887399201e-04	2.657665033790399325e-03	8.976093797046441961e-04	-6.460585925473563695e-04	-1.670541957214195707e-03	6.448072809259147546e-04	-6.685434896788988420e-05	-4.427513286375961248e-03	1.172709263680340606e-04	-2.322117487094514741e-03	-3.864616573747562452e-04	1.086891033998305459e-03	2.760564463759591566e-03	-1.360607339144053992e-03	1.167496359571571808e-03	6.976575323855456826e-03	1.248547640335592734e-03	8.540122154586095261e-04	-3.011288197028689573e-04	-3.618903239068261852e-04	0.000000000000000000e+00	-1.948993054003608002e-03	9.885906116225532964e-04	-2.020114298133193634e-04	4.026974962846302910e-04	1.341135209415697267e-03	-2.397593933283026870e-04	2.487274980162573756e-15	-3.103708105647844800e-03	7.125368068410895418e-04	-1.558355485352053019e-03	-4.287782857503166095e-03	7.311165206225485151e-04	-5.690152245638435127e-04	1.081308005366532260e-04	-1.434667874458660794e-04	1.965096321337226845e-04	1.484080564240050117e-03	-1.605265479855463558e-03	2.167733300147113790e-04	-2.372653484442704443e-03	2.721180545586075901e-04	5.561271746273747045e-05	9.380418440327975647e-04	-5.366851599635639493e-04	-3.447101032659578325e-03	3.846745529123151916e-03	-3.821136824814511329e-04	8.483207279807402062e-04	-1.432550896086225503e-03	2.775352692706205791e-03	1.269627944897401810e-03	-1.349887995608923565e-03	-1.248658013579114704e-04	-1.226296464094985082e-03	1.315558240313661423e-04
-4.974177888016594051e-05	5.789864121326388641e-03	-3.776544419639533794e-03	5.342588551740091009e-04	3.909442295895435709e-03	-6.801618083974259130e-04	3.343408147640510681e-04	9.778809039926680304e-04	3.132579061504483717e-03	-1.428690674973981476e-03	-5.884264766506006831e-04	1.300195432819743757e-02	1.281439298325053673e-04	-4.983008794408275849e-03	5.842957844942639044e-04	-7.536535626190938534e-04	-2.209297358115353601e-03	2.195831166593917565e-04	-7.955128946858438122e-04	-5.719081458363412321e-03	1.399031109846483704e-03	1.683489504967908019e-03	2.245338646761734815e-03	3.996063171876819420e-03	-5.338989424389967327e-05	1.199666363841457584e-02	-4.209825271587525411e-03	-1.722454387675827203e-04	1.948993054003608002e-03	0.000000000000000000e+00	1.693331467073918130e-04	8.998131906985953280e-04	3.214685985032293258e-03	-5.543607541031174597e-04	2.080149138440514148e-03	1.434667874538088903e-04	-1.074270413494651062e-03	4.073085722568189036e-03	-1.083398824145035202e-02	-1.186483688246266080e-03	-3.182415030637667820e-04	-3.662737600538252050e-03	-1.046383845539765279e-03	-4.910324534132537444e-15	1.495265607721066141e-03	1.546936807632562773e-05	-4.823713826364156012e-04	7.192376228001136308e-04	4.911746786800486129e-04	-1.433570807841931050e-03	7.714330860422188504e-03	8.538610467638982847e-05	-1.199300957307693552e-02	1.249827799515220046e-04	4.475431942539360780e-04	-3.996002231908882957e-03	-1.400352426818625689e-03	-1.178407982681767144e-03	5.462429881952623328e-03	-5.439434562313399772e-03	-2.139782303882542622e-03	2.915427157305083838e-03	-2.380157110617547173e-03	-6.557475807405815005e-05
1.627651106862919710e-05	-2.544024946086364180e-04	-1.485653972739081315e-04	-5.260104078836192550e-05	2.473079164371556503e-04	1.260939807364813659e-04	-4.379346087386159505e-06	-1.231756174226074840e-03	1.099940460092916229e-03	-1.669225432417308541e-05	-7.278801041342471546e-05	-1.335091120007255057e-04	-3.160506765478031025e-05	1.086767900725302814e-05	-1.089432123686256970e-03	1.408222435836541434e-04	-2.045475232483027778e-04	-5.767096408323683010e-04	6.981771211765300938e-04	1.726416223315169890e-03	-5.020878169342388902e-05	-1.286369961765565506e-03	1.930159140240847448e-03	6.257971812419407115e-04	3.075138095754107056e-04	4.929998979821399686e-04	-1.335279056055087635e-03	3.192398206271797323e-04	-9.885906116225532964e-04	-1.693331467073918130e-04	0.000000000000000000e+00	-2.170146274968159754e-03	-5.447623680749956801e-04	3.414816352537985988e-04	-4.223928436553929457e-04	-9.380418440366536381e-04	-1.288088257597345206e-04	2.682968109172250394e-05	-8.424588865727136028e-04	-7.038513010870398696e-04	-1.045304807284395357e-04	8.385053432071031682e-04	5.210733271434069176e-04	-8.538610466689709635e-05	1.352213473629049721e-03	1.721312892838268557e-04	4.277904552880059676e-05	2.567906399419294305e-04	-1.208429959778069209e-04	-9.002525515907746148e-04	-9.757327847955607741e-04	-4.384960818927530202e-15	8.941188079708752977e-05	-4.134883375036533300e-04	2.841630704537801084e-04	2.103838580911414693e-03	2.661125967011205781e-04	3.298244654687676339e-04	-1.113745247295997451e-04	9.313155192965461363e-04	-1.438909421497547303e-04	1.991862260814969074e-04	-1.374620252784497986e-03	-8.797675208576578344e-04
1.204857548427286807e-03	-1.259147093190626885e-04	-1.130866713615710263e-05	-4.503314478497730602e-03	5.065377348409166782e-04	6.703386055427518891e-03	-4.483259898975749599e-03	8.688484691419124653e-04	-8.708030116891583936e-04	7.364958890214799020e-03	-2.028630633189316967e-03	-5.247849988247550376e-04	-2.145959140849497231e-03	1.756667494462579095e-05	1.073728923061584989e-03	-9.450324167231419215e-03	1.094695116563768967e-03	-5.182658671132290076e-03	1.558561189640956992e-03	3.509426821297761956e-03	3.494833427634319589e-03	-1.698789498029441066e-03	2.097074732649678542e-04	1.100749170493470555e-02	-4.495316219490997495e-03	1.808581488315724305e-03	-6.601255012753528368e-04	-1.128158051915262826e-02	2.020114298133193634e-04	-8.998131906985953280e-04	2.170146274968159754e-03	0.000000000000000000e+00	1.583163513419602792e-06	2.354501912338200810e-03	-2.466876574916338719e-03	-1.269627944887129212e-03	-3.996286543454101101e-03	1.468935453978307843e-03	-2.518615592619400257e-03	-4.503663914789757597e-03	9.801678765200095428e-03	-8.232497856638385306e-04	4.515253380009310474e-04	5.439434562328112829e-03	7.288952475710861563e-05	2.217366755366953143e-03	-6.595925504504549994e-03	1.519246033342498605e-04	-9.223203515475082021e-03	1.927636883142062885e-04	3.530770968062281077e-04	-9.313155192996483639e-04	-1.081460570462817192e-03	-6.470729575114665677e-03	1.527461506792140468e-02	-4.344901703008085527e-04	1.705856659713689879e-03	-2.729998350014506935e-03	4.785324610067495307e-03	1.641930677791919591e-14	-1.955111611760074284e-03	1.352844697439250631e-03	-4.381619314195053447e-03	1.413697201078238045e-03
6.798466658458566505e-04	-8.150519784983752212e-04	3.660579522306579132e-04	4.794063072851595733e-03	-9.884874494457684957e-16	-5.448388623268176842e-03	1.809478591478167874e-03	4.076675189742052022e-04	2.359985848938547163e-04	1.853911056882451194e-03	-2.088640702067588208e-03	6.862188365334993129e-04	1.265369145009201390e-03	-4.404801414450673939e-04	1.879085594035221794e-04	-1.231192716766041795e-03	-7.758347084943923713e-05	1.055927231671157209e-03	-1.125700375338378745e-03	-1.816920996734482140e-04	9.989609946799483421e-04	-2.887825845801711769e-04	2.105048732580988916e-04	3.686330820399774839e-03	2.462876268777306095e-03	-2.289333169972234587e-04	8.132356475018826664e-04	7.549252540942916548e-03	-4.026974962846302910e-04	-3.214685985032293258e-03	5.447623680749956801e-04	-1.583163513419602792e-06	0.000000000000000000e+00	-1.412201985607176033e-03	3.437814530823459381e-03	-7.251780739117965387e-05	-3.311635367245816929e-03	3.949930551220196375e-04	-5.466914732544606590e-04	-1.303087656149873666e-03	-4.623363869218451681e-03	1.496708080118411060e-05	-1.285278219366998466e-03	-3.909442295897897282e-03	1.508717908879911133e-03	1.021291600426516358e-03	3.427972841955541795e-04	6.257847126910967821e-04	2.748232380786954678e-03	4.803011943768295544e-04	2.454834604760184344e-04	-2.473079164403013544e-04	-1.286026459836355634e-03	2.896651418343637596e-03	-5.523376518441903971e-03	-1.334698933343955989e-03	-3.112343347008938131e-04	-3.067841751352116779e-03	7.445018371277163823e-03	-5.065377348533689570e-04	-4.823865952824493014e-03	3.758024935187087058e-04	-3.194100045609374631e-04	-2.442465760214461911e-04
-1.947919374758997377e-04	-1.118402389415842999e-03	1.523831558147733991e-03	-4.072755491451716297e-04	-1.265369145010372329e-03	5.971989661094753623e-04	-2.074917660637630120e-04	-4.860020823487062229e-04	6.138522134882511833e-04	1.665621918801381707e-04	4.468284793193617605e-05	-8.871370463887080066e-05	-1.873115107031003701e-15	1.533565430480438811e-03	-1.231276881902762087e-03	9.814038197991965134e-05	-9.294781927952158480e-04	-1.987302483509496040e-04	-9.265144831049268307e-05	-1.740118586375312805e-03	1.720392850255807985e-04	-9.571308688623705256e-05	1.355820734852812050e-03	4.524155723449964405e-04	9.403203317389898170e-05	3.432708625161524788e-04	1.245112864223889976e-03	-4.841500652971829485e-04	-1.341135209415697267e-03	5.543607541031174597e-04	-3.414816352537985988e-04	-2.354501912338200810e-03	1.412201985607176033e-03	0.000000000000000000e+00	2.901252859370618067e-04	1.670541957215061768e-03	-3.832405360047906519e-04	-1.153657531736731676e-03	-5.950549550956481032e-05	-3.493372971391124344e-04	-1.649432588865154385e-04	-1.437323109908346646e-03	5.947066150676686390e-04	-1.281439298256836757e-04	1.047181323363028304e-03	1.760297639057416600e-04	1.207454825350620615e-06	1.306702759344414034e-03	7.805565098753282501e-05	1.634658656391720262e-03	-2.414506638166760179e-03	3.160506765278373162e-05	4.072287487080842303e-04	-3.308222918022832217e-04	3.398914166351517147e-04	-1.359201568045854697e-03	5.427608939485987268e-04	-2.231859181587681569e-04	1.998158961809665102e-04	2.145959140854603823e-03	-4.003541073407837318e-05	-2.015496238869197727e-03	1.960497471115170160e-03	-4.518086842873763943e-06
3.658945946234291261e-04	4.670232545916799469e-03	-1.958971521969167864e-03	1.838233003098252872e-03	-9.989609946761766196e-04	-5.319867812208694874e-04	8.904870962232660364e-04	-8.196527992116902847e-03	1.970089003143951200e-03	-2.402284392022725236e-03	1.155934369534602092e-03	-1.558244962329820727e-03	-1.720392850286690941e-04	3.230472342908842238e-03	-1.513475588220052764e-03	7.254026982669364507e-04	6.291416414364299579e-04	1.538752549086237851e-03	-6.421156406074450887e-04	4.182949909982662182e-03	6.926059660690431219e-15	-1.094073910368401591e-02	3.435278604689284265e-03	-9.210918210573112996e-04	1.174252404833367545e-03	-2.270868172972826705e-03	2.767677455508659075e-03	6.027570155159560003e-03	2.397593933283026870e-04	-2.080149138440514148e-03	4.223928436553929457e-04	2.466876574916338719e-03	-3.437814530823459381e-03	-2.901252859370618067e-04	0.000000000000000000e+00	-2.760564463756775243e-03	2.698972515617938106e-04	4.542848709064588666e-03	-1.925308829807474611e-03	2.694321219853510786e-04	5.791681818376447901e-04	5.594384539331422393e-03	-1.237110114720073491e-02	-1.399031109853838065e-03	1.679399371123851958e-03	2.553347558665252596e-04	5.658626931138740048e-04	-2.655675193788149292e-03	6.083055048771021048e-04	-4.505671834530332147e-03	8.801444779764317633e-03	5.020878169776029113e-05	-2.997704058000591650e-03	1.041209082974323564e-03	-4.055221314611135233e-03	3.695862287440445856e-03	-9.696535993147167853e-03	8.769599563290383839e-04	-5.979741505617429008e-04	-3.494833427642396028e-03	-6.649689455949431201e-06	6.470448113708343911e-04	1.975873758754412984e-03	-4.023983296663591986e-04
1.262982435584274112e-03	-4.043477996852029273e-04	1.172709263694221376e-04	1.248547640338706129e-03	4.026974962787821044e-04	7.311165206209254645e-04	-2.372653484441872209e-03	8.483207279706861826e-04	-3.276485353318812454e-05	2.657665033785805778e-03	-2.322117487091440377e-03	8.540122154491156014e-04	1.341135209416116202e-03	-5.690152245603303724e-04	2.721180545576688337e-04	-1.432550896080710817e-03	6.005534416961517757e-05	8.976093797086254948e-04	-3.864616573756216554e-04	-3.011288197002681189e-04	-2.397593933324127890e-04	1.081308005308545062e-04	5.561271747057943023e-05	2.775352692691043441e-03	-5.699558856237216297e-04	-6.460585925392484889e-04	1.086891033999269531e-03	-3.618903238948517143e-04	-2.487274980162573756e-15	-1.434667874538088903e-04	9.380418440366536381e-04	1.269627944887129212e-03	7.251780739117965387e-05	-1.670541957215061768e-03	2.760564463756775243e-03	0.000000000000000000e+00	-3.103708105642091590e-03	1.965096321367149198e-04	-5.366851599730140723e-04	-1.349887995601923522e-03	9.999349170110556975e-04	6.448072809227922524e-04	-1.360607339138654014e-03	-1.948993054007882794e-03	7.125368068401251439e-04	1.484080564244230366e-03	-3.447101032664121566e-03	-1.248658013559696914e-04	-8.249169446913099616e-04	-6.685434896964756566e-05	1.167496359570581281e-03	9.885906116240922130e-04	-1.558355485344370146e-03	-1.605265479858855810e-03	3.846745529123840601e-03	-1.226296464088860207e-03	1.736229673720675543e-04	-4.427513286374763421e-03	6.976575323846599327e-03	-2.020114298123402204e-04	-4.287782857498053865e-03	2.167733300156461781e-04	-3.821136824871351170e-04	1.315558240335127542e-04
-6.162114833742058685e-04	-4.949543601140107135e-03	7.649613216015431223e-04	-1.244299665044500732e-03	3.311635367243451200e-03	-3.017738009916777313e-03	5.199046581288209326e-04	1.602085007448825205e-02	-4.949543601140478366e-03	3.963753168363042673e-03	-2.187994474828539298e-03	1.643740108240934750e-03	3.832405360180785796e-04	-6.576123992039972430e-03	3.841022693490090366e-03	-1.151478171945158682e-03	7.649613216020620214e-04	-2.187994474813173551e-03	1.175160949925202480e-03	-6.050831324324292687e-03	-2.698972515802783734e-04	2.029513563609505744e-02	-9.214992875513843690e-03	8.057875259329973228e-04	-1.244299665044201059e-03	1.643740108247840467e-03	-6.050831324339356158e-03	-6.376236763522322160e-03	3.103708105647844800e-03	1.074270413494651062e-03	1.288088257597345206e-04	3.996286543454101101e-03	3.311635367245816929e-03	3.832405360047906519e-04	-2.698972515617938106e-04	3.103708105642091590e-03	0.000000000000000000e+00	-7.783437667648234262e-03	6.869212154336031342e-03	2.071500937503778159e-05	-3.017738009928177482e-03	-6.576123992048541964e-03	2.029513563612122401e-02	1.074270413479082352e-03	-7.783437667660184772e-03	-5.143802081044677316e-04	3.583452381774383149e-04	-2.450986254945323800e-04	5.199046581304336834e-04	3.841022693496209169e-03	-9.214992875530401625e-03	1.288088257626045935e-04	6.869212154353153063e-03	3.583452381758108190e-04	2.184956880884473054e-03	-3.267067497344407646e-03	1.602085007449308152e-02	-1.151478171963195470e-03	8.057875259793584582e-04	3.996286543456026644e-03	2.071500935520593492e-05	-2.450986254952751669e-04	-3.267067497347005828e-03	4.838552973237822885e-04
-1.007463500349573948e-03	-2.057451042849754198e-04	4.977571248130298505e-04	3.531051214698435574e-03	-1.508717908869613815e-03	-7.702154909361632988e-03	6.770220688542100476e-03	-1.410558118096681430e-03	-2.071463696028883324e-05	-7.998453348897902743e-03	4.676619767021075041e-03	-1.893968686680390714e-03	-1.047181323365500068e-03	1.120226275001862636e-03	-4.346863845983091378e-04	4.451797240141908488e-03	1.268126776847858802e-05	2.775567574603154605e-03	-4.046667923536745662e-04	7.642843629113668137e-04	-1.679399371113171266e-03	-9.466450573581239748e-04	1.535298485714149176e-04	-9.379175099653920544e-03	3.945500227246149204e-03	-5.923480860836519537e-04	3.648131954376092030e-04	1.077078803822320227e-02	-7.125368068410895418e-04	-4.073085722568189036e-03	-2.682968109172250394e-05	-1.468935453978307843e-03	-3.949930551220196375e-04	1.153657531736731676e-03	-4.542848709064588666e-03	-1.965096321367149198e-04	7.783437667648234262e-03	0.000000000000000000e+00	8.922475521646817996e-04	5.105605990177389773e-03	-6.785862731747747609e-03	-8.732516943339398629e-04	3.558904770742270566e-04	-1.495265607717752819e-03	1.196078792378620775e-14	-1.954005053943168486e-03	6.579157442710798984e-03	6.823597681076248173e-04	4.536750164819864338e-03	4.933070658477230110e-04	-9.840238042862770040e-04	-1.352213473632829467e-03	1.465150978113657042e-03	6.847173441083933068e-03	-1.448135746588881216e-02	2.113101551779715548e-04	-9.363091125986460882e-04	7.836816633337493482e-03	-1.263195208242318818e-02	-7.288952477965607703e-05	6.000737268691264462e-03	-2.728753509372929572e-04	8.289468248951841704e-04	-2.438397048173907922e-04
5.878495928986611453e-06	6.044152252214367348e-04	-9.531713559247675764e-04	-9.868753766680650463e-03	1.286026459827294740e-03	1.805552463804159513e-02	-9.519199833341721040e-03	1.432353260811878096e-03	6.043541197978316017e-05	3.726868652538512308e-03	-1.351355680307405075e-03	1.188292139361121682e-03	-4.072287487040464988e-04	-1.038724163753901482e-03	3.558006244878716539e-04	-2.263602211931709136e-03	-5.877917110106649600e-05	-9.915921173313357439e-04	-2.755298728616286763e-04	-6.776031097947986161e-04	2.997704057983387529e-03	1.993364356335202304e-03	-7.883568888909516610e-04	3.572595513705206435e-03	-1.010461476457910276e-02	1.117942932611495866e-03	-2.193877435445722342e-03	-2.805804040395897328e-02	1.558355485352053019e-03	1.083398824145035202e-02	8.424588865727136028e-04	2.518615592619400257e-03	5.466914732544606590e-04	5.950549550956481032e-05	1.925308829807474611e-03	5.366851599730140723e-04	-6.869212154336031342e-03	-8.922475521646817996e-04	0.000000000000000000e+00	-3.484381748237266787e-03	1.808319326922385242e-02	1.363151147550794066e-04	1.691257712430033634e-03	1.199300957308460300e-02	-1.465150978145564244e-03	6.902587090121662695e-04	-1.301419823340069053e-02	-1.570476705570139977e-03	-1.047463541489130484e-02	-8.226350070055088578e-04	7.486257684643022247e-04	-8.941188078817637725e-05	2.243711672619136399e-14	-1.263182428658930941e-02	2.921852738190561932e-02	1.719090625758914678e-03	1.427947684992023764e-03	-1.485640560285889610e-03	3.383133136864966382e-03	1.081460570510284214e-03	-3.397885413920206932e-03	-2.898011095697287909e-04	-2.231945090397117679e-04	-9.756648224767015473e-04
-3.039526850317529681e-04	-1.803383696337117724e-03	-1.596999465306011157e-03	-1.418389558925299207e-03	4.823865952824205050e-03	-7.511782884135868735e-04	-2.225812947692315275e-04	9.965100355258466047e-03	-2.858788892381208119e-03	2.321745199828360081e-03	-1.149964586780185052e-03	1.428962252810338403e-03	4.003541074628830568e-05	-5.195694496932296361e-03	2.839089396717666899e-03	-7.482318878126528478e-04	1.003650853300612055e-03	-1.177373861513160078e-03	6.420416503211162813e-04	-2.986979016927049889e-03	6.649689449939583363e-06	1.351365743892603277e-02	-6.068450360103342517e-03	9.029090755422592134e-05	-1.831591355003662136e-03	1.765537951900921117e-03	-8.011290775675146414e-03	-6.393669733611943157e-03	4.287782857503166095e-03	1.186483688246266080e-03	7.038513010870398696e-04	4.503663914789757597e-03	1.303087656149873666e-03	3.493372971391124344e-04	-2.694321219853510786e-04	1.349887995601923522e-03	-2.071500937503778159e-05	-5.105605990177389773e-03	3.484381748237266787e-03	0.000000000000000000e+00	2.735269026172417015e-04	-1.676443353767248469e-03	1.329844851729239039e-02	2.139782303869556049e-03	-6.000737268699540827e-03	-3.189183213996775543e-04	-1.208783033380180080e-03	-2.903559556611366374e-03	-7.204666551436090778e-04	2.663662371179443156e-05	-3.862254312375931406e-03	1.438909421509577068e-04	3.397885413928761721e-03	-9.954681089700259319e-04	4.195001385168668079e-03	2.330695594501127829e-03	9.331249144458715616e-03	-3.109614234830875793e-04	3.596067206065162972e-04	1.955111611755283411e-03	-1.316414899722555265e-14	2.646017282051077012e-04	-3.118981932269023101e-03	1.475296958177843619e-04
-3.449809067181529190e-05	3.305663766482726598e-03	-2.681120951410213143e-03	-1.872710227166806719e-04	5.448388623259973335e-03	-2.810760250850780073e-15	1.737392627144809321e-04	-9.897515865107150805e-04	4.517838999203154828e-03	-5.433795317297488575e-03	1.515031503800981852e-03	1.970727066971753039e-02	-5.971989661085712461e-04	-8.263621615967164935e-03	1.667341550068710768e-03	6.278146597444556574e-04	-2.530657762887602875e-03	7.269229878226030842e-04	-3.132195047148706975e-04	-4.337527595013233872e-03	5.319867812124712573e-04	-1.777525605232347489e-04	4.855056889184892338e-03	2.484794969454535984e-03	1.957635344476888254e-04	1.912358443302405314e-02	-8.143909707097187617e-03	-8.373659562959927683e-04	-7.311165206225485151e-04	3.182415030637667820e-04	1.045304807284395357e-04	-9.801678765200095428e-03	4.623363869218451681e-03	1.649432588865154385e-04	-5.791681818376447901e-04	-9.999349170110556975e-04	3.017738009928177482e-03	6.785862731747747609e-03	-1.808319326922385242e-02	-2.735269026172417015e-04	0.000000000000000000e+00	-7.313403555509764495e-03	3.703781866026796890e-03	6.801618084036210442e-04	7.702154909358939830e-03	-1.393586283820962652e-04	-3.467479082555613695e-04	5.518210391023651781e-03	-2.687640593837203841e-04	1.569957607640694568e-03	1.906294783925151139e-03	-1.260939807472603142e-04	-1.805552463801899515e-02	-5.714718437033263236e-04	1.894519483806667362e-03	-5.163434757890834892e-03	2.510866818730905607e-03	1.294829955208976098e-03	3.700674124533878694e-04	-6.703386055423629641e-03	7.511782884201900984e-04	5.870787809925636681e-03	-9.595566632877305935e-03	-2.075100406543050604e-04
4.193899978013638239e-04	-4.634202394280011118e-04	-7.392364503372276813e-05	-4.073044637890507400e-03	4.404801414431670043e-04	8.263621615974221790e-03	-4.127884865288989832e-03	1.063444380834078877e-03	-1.906610522666816500e-03	-7.543522773367773021e-03	7.103888638492582633e-03	-1.381710551992756161e-03	-1.533565430477807235e-03	-9.183192400952222556e-17	7.052161588861106944e-04	3.570085291700638222e-03	8.445673721030080806e-04	3.503123596914764926e-03	-2.928650185631605663e-04	1.146793560338271560e-03	-3.230472342916658902e-03	4.088264641127159699e-04	-7.894708020297748572e-04	-1.023675656272669821e-02	-1.884096605157499016e-03	-2.576891352612596230e-04	-7.504348233611521715e-04	-1.006237048107496562e-02	5.690152245638435127e-04	3.662737600538252050e-03	-8.385053432071031682e-04	8.232497856638385306e-04	-1.496708080118411060e-05	1.437323109908346646e-03	-5.594384539331422393e-03	-6.448072809227922524e-04	6.576123992048541964e-03	8.732516943339398629e-04	-1.363151147550794066e-04	1.676443353767248469e-03	7.313403555509764495e-03	0.000000000000000000e+00	1.573789035126574309e-03	4.983008794406043260e-03	-1.120226275012064761e-03	1.495658876599467030e-03	-4.671618270105263454e-03	-8.016160333945586067e-04	-4.782371739718764211e-03	-1.480462012936943172e-04	-4.372355832652504532e-04	-1.086767900238758957e-05	1.038724163773172308e-03	-7.754522583719780648e-03	1.155524180154859915e-02	1.224373627252221689e-03	1.410299234700867523e-03	6.283608673649697211e-03	-1.434191833784350528e-02	-1.756667493142083868e-05	5.195694496933864551e-03	4.146265010988744960e-04	-6.681796639748630202e-04	-1.163753576005624717e-03
2.758093682199818644e-04	6.914806675186943585e-04	-2.039630292540611811e-04	-5.694651815457441599e-04	2.887825845668102282e-04	1.777525605165596143e-04	-1.145552236947606703e-03	6.591834504061945803e-04	1.472381496623477405e-03	2.001235879554202207e-02	-1.046684440532177907e-02	2.307487176153024018e-03	9.571308688468654858e-05	-4.088264640811300706e-04	-7.596570077492101900e-04	-1.200613131208278991e-02	-1.341288132447480009e-03	-1.077951234860176702e-02	-5.054830240852042477e-04	-2.128446675969177752e-03	1.094073910370105610e-02	-5.722378408797024196e-14	1.872724771758972791e-03	3.063169064617211196e-02	1.191498149818095466e-03	2.582028055708633987e-03	-4.822494153444928724e-04	-1.401029730620132786e-03	-1.081308005366532260e-04	1.046383845539765279e-03	-5.210733271434069176e-04	-4.515253380009310474e-04	1.285278219366998466e-03	-5.947066150676686390e-04	1.237110114720073491e-02	1.360607339138654014e-03	-2.029513563612122401e-02	-3.558904770742270566e-04	-1.691257712430033634e-03	-1.329844851729239039e-02	-3.703781866026796890e-03	-1.573789035126574309e-03	0.000000000000000000e+00	-1.683489504962035112e-03	9.466450573646541244e-04	4.483705841621250495e-04	-1.850512979863776393e-04	1.279514812449799753e-03	9.537113573606572237e-04	7.626001314915960370e-04	4.386345254270177467e-05	1.286369961753434151e-03	-1.993364356338677389e-03	-1.527872364128555430e-03	2.854266092515775691e-03	-2.509934457834762413e-03	4.371460063843981832e-04	-1.381278913245808163e-02	3.183546025711806587e-02	1.698789498032410045e-03	-1.351365743894106936e-02	-6.445836021716350433e-04	2.594569059778636163e-04	-5.070256909251282321e-04
-4.974177887607740734e-05	3.132579061503978912e-03	-2.209297358110014556e-03	-5.338989424602485860e-05	3.214685985023726759e-03	-3.182415030586284769e-04	4.911746786727015169e-04	-1.400352426831993034e-03	5.789864121326445887e-03	-1.428690674979860888e-03	2.195831166508106216e-04	1.199666363840574262e-02	-5.543607540923842919e-04	-3.662737600529176844e-03	-1.433570807849103915e-03	-1.178407982668494992e-03	-3.776544419642644587e-03	-5.884264766426027405e-04	-7.955128946819298424e-04	-4.209825271584994449e-03	2.080149138414648553e-03	-1.046383845551380771e-03	7.714330860437799281e-03	5.462429881921904845e-03	5.342588551827491799e-04	1.300195432819736471e-02	-5.719081458356166381e-03	-1.722454387712229291e-04	1.434667874458660794e-04	4.910324534132537444e-15	8.538610466689709635e-05	-5.439434562328112829e-03	3.909442295897897282e-03	1.281439298256836757e-04	1.399031109853838065e-03	1.948993054007882794e-03	-1.074270413479082352e-03	1.495265607717752819e-03	-1.199300957308460300e-02	-2.139782303869556049e-03	-6.801618084036210442e-04	-4.983008794406043260e-03	1.683489504962035112e-03	0.000000000000000000e+00	4.073085722570449381e-03	1.546936807129151441e-05	1.249827799592382986e-04	2.915427157310428088e-03	3.343408147621118641e-04	5.842957844962761837e-04	2.245338646752203376e-03	1.693331467027586377e-04	-1.083398824143464237e-02	-4.823713826286317886e-04	4.475431942470809929e-04	-2.380157110615470709e-03	9.778809039953104479e-04	-7.536535626352610425e-04	3.996063171908929151e-03	8.998131907104231064e-04	-1.186483688249790822e-03	7.192376227905851200e-04	-3.996002231903005714e-03	-6.557475807147335786e-05
-1.007463500349780813e-03	-2.071463697800395135e-05	1.268126776812518724e-05	3.945500227247367847e-03	-3.949930551074289325e-04	-6.785862731753188569e-03	4.536750164820961551e-03	-9.363091125542974489e-04	-2.057451042801604780e-04	-7.998453348905951860e-03	2.775567574610673764e-03	-5.923480860550182827e-04	1.153657531734587991e-03	-8.732516943592539237e-04	4.933070658524932837e-04	7.836816633342166827e-03	4.977571248159775794e-04	4.676619767026079719e-03	-4.046667923530700151e-04	3.648131954169330339e-04	-4.542848709069149254e-03	3.558904771351714159e-04	-9.840238043128369215e-04	-1.263195208244374118e-02	3.531051214695926296e-03	-1.893968686714669718e-03	7.642843629234404891e-04	1.077078803822166010e-02	-1.965096321337226845e-04	-1.495265607721066141e-03	-1.352213473629049721e-03	-7.288952475710861563e-05	-1.508717908879911133e-03	-1.047181323363028304e-03	-1.679399371123851958e-03	-7.125368068401251439e-04	7.783437667660184772e-03	-1.196078792378620775e-14	1.465150978145564244e-03	6.000737268699540827e-03	-7.702154909358939830e-03	1.120226275012064761e-03	-9.466450573646541244e-04	-4.073085722570449381e-03	0.000000000000000000e+00	-1.954005053938796116e-03	6.847173441076332377e-03	-2.728753509400528481e-04	6.770220688540390039e-03	-4.346863845979693488e-04	1.535298485838914825e-04	-2.682968108874563375e-05	8.922475521495508910e-04	6.579157442704586939e-03	-1.448135746587906128e-02	8.289468248774917256e-04	-1.410558118103145443e-03	4.451797240154861668e-03	-9.379175099682134087e-03	-1.468935453988684525e-03	5.105605990188869306e-03	6.823597681072431781e-04	2.113101551897177198e-04	-2.438397048177744371e-04
4.746875793716603926e-05	-1.613537000621081486e-03	1.469009067631193034e-03	-8.254037041207009523e-05	-1.021291600424632231e-03	1.393586283763906784e-04	-3.354738748106713634e-04	3.561639048023657332e-04	-1.613537000622368434e-03	2.706927770465564968e-04	-2.800229493334541837e-04	-2.683658938240174145e-04	-1.760297639160557565e-04	-1.495658876601997991e-03	2.159487401990531873e-03	-1.219535371213813105e-04	1.469009067633640945e-03	-2.800229493448106594e-04	4.204673722591690719e-04	2.287382479905477467e-03	-2.553347558510677892e-04	-4.483705841618600163e-04	-1.872446894900986047e-03	-1.043890268240351327e-04	-8.254037041512524142e-05	-2.683658938278087069e-04	2.287382479902818136e-03	1.904791084858371928e-04	-1.484080564240050117e-03	-1.546936807632562773e-05	-1.721312892838268557e-04	-2.217366755366953143e-03	-1.021291600426516358e-03	-1.760297639057416600e-04	-2.553347558665252596e-04	-1.484080564244230366e-03	5.143802081044677316e-04	1.954005053943168486e-03	-6.902587090121662695e-04	3.189183213996775543e-04	1.393586283820962652e-04	-1.495658876599467030e-03	-4.483705841621250495e-04	-1.546936807129151441e-05	1.954005053938796116e-03	0.000000000000000000e+00	8.668324643564135343e-05	2.362607573378834071e-03	-3.354738748165422097e-04	2.159487401987348655e-03	-1.872446894895082783e-03	-1.721312892868872332e-04	-6.902587090135336653e-04	8.668324643449789961e-05	3.833376326355225064e-04	-3.126391596118329244e-03	3.561639048034509654e-04	-1.219535371088091731e-04	-1.043890268509393792e-04	-2.217366755372018536e-03	3.189183214098894378e-04	2.362607573383698235e-03	-3.126391596123604538e-03	-3.712728206814062612e-05
-1.140578517000129884e-04	-1.817019921356117715e-03	1.281627262582259782e-03	-3.697765135467280290e-04	-2.896651418341407609e-03	5.714718437159905639e-04	-7.445540238117429694e-05	5.183133580077372345e-04	-1.875033148469348702e-03	1.094628896788725578e-03	6.148466519476727694e-04	-1.169370947667423832e-02	3.308222918114161071e-04	7.754522583718049394e-03	-3.081060757367669063e-03	9.577329352877994497e-04	-3.685279325024252701e-04	8.886434472352852058e-04	-2.978821379072533982e-04	-2.013641005418190244e-03	-1.041209082985157779e-03	1.527872364140371933e-03	-2.362818532328346370e-03	-4.428844945295698846e-03	-4.130699089275691269e-04	-1.177689296162045401e-02	3.238524036458256990e-03	-6.686461830842110486e-04	1.605265479855463558e-03	4.823713826364156012e-04	-4.277904552880059676e-05	6.595925504504549994e-03	-3.427972841955541795e-04	-1.207454825350620615e-06	-5.658626931138740048e-04	3.447101032664121566e-03	-3.583452381774383149e-04	-6.579157442710798984e-03	1.301419823340069053e-02	1.208783033380180080e-03	3.467479082555613695e-04	4.671618270105263454e-03	1.850512979863776393e-04	-1.249827799592382986e-04	-6.847173441076332377e-03	-8.668324643564135343e-05	0.000000000000000000e+00	-4.648476197843545710e-03	3.357959954792748649e-04	-1.268542530471825644e-03	-2.018631380717270975e-03	4.134883375121784117e-04	1.263182428657531886e-02	-8.098312602108914682e-16	-9.144077506283088607e-04	5.019031465356478365e-03	-6.968127245143658152e-04	6.323809359453237255e-04	-3.991091265180860340e-03	6.470729575114006482e-03	9.954681089558432665e-04	-6.828685336904583361e-03	1.105828459539685144e-02	4.689298716090675636e-04
-9.269842498910310993e-04	2.025224263704001237e-04	1.724940529912123352e-06	3.026190435412160103e-03	-3.758024935118692332e-04	-5.870787809934698877e-03	3.532639759061246762e-03	-8.333664711155763360e-04	7.177736194890327716e-04	6.636377319936217654e-05	-2.650909307031064539e-03	6.930501444064726332e-04	2.015496238866132037e-03	-4.146265011038752701e-04	-4.393582051811634046e-05	2.532181841486401928e-03	-1.812891882160396558e-04	9.025035273612059487e-04	-7.072859876220389348e-04	-1.162627775439101663e-03	-6.470448113675519690e-04	6.445836021779933469e-04	-9.336849439557729771e-04	-1.908311697435094694e-03	1.169043480790368274e-03	-1.065492768127329452e-03	7.265712427523496547e-04	7.140921787638211324e-03	-2.167733300147113790e-04	-7.192376228001136308e-04	-2.567906399419294305e-04	-1.519246033342498605e-04	-6.257847126910967821e-04	-1.306702759344414034e-03	2.655675193788149292e-03	1.248658013559696914e-04	2.450986254945323800e-04	-6.823597681076248173e-04	1.570476705570139977e-03	2.903559556611366374e-03	-5.518210391023651781e-03	8.016160333945586067e-04	-1.279514812449799753e-03	-2.915427157310428088e-03	2.728753509400528481e-04	-2.362607573378834071e-03	4.648476197843545710e-03	0.000000000000000000e+00	5.125295338300717499e-03	-1.974694043961135767e-04	2.642084599715373554e-04	-1.991862260810190995e-04	2.898011095576400993e-04	6.828685336903369055e-03	-1.075105414098543460e-02	-5.992087802839951108e-07	-1.634397812550373230e-03	-1.019937017052107830e-03	2.797698430972477696e-03	-1.352844697443790836e-03	-2.646017281991572745e-04	-2.057066946252114614e-15	1.350169674825034850e-03	1.243178894871888995e-03
1.087360468562054090e-04	3.244989263152194849e-06	-3.032043201836147621e-04	3.912605336533148343e-04	-1.809478591475737960e-03	-1.737392627118433935e-04	4.815424656788060143e-17	1.158624642988437259e-03	-1.873643198216641808e-03	1.247387990846273061e-03	1.519780786856092308e-04	-1.028820174463196749e-02	2.074917660675707843e-04	4.127884865284542001e-03	-1.285734676292990975e-03	5.969254144165209511e-04	9.887756622572324572e-04	6.078881150256853789e-04	2.245862809131361846e-04	1.659275947839488740e-03	-8.904870962280009641e-04	1.145552236951544525e-03	-2.391219980073767785e-03	-3.429295155953235308e-03	-5.549392707743256846e-05	-1.077265011922052748e-02	2.700745282568002038e-03	5.984453075801078343e-04	2.372653484442704443e-03	-4.911746786800486129e-04	1.208429959778069209e-04	9.223203515475082021e-03	-2.748232380786954678e-03	-7.805565098753282501e-05	-6.083055048771021048e-04	8.249169446913099616e-04	-5.199046581304336834e-04	-4.536750164819864338e-03	1.047463541489130484e-02	7.204666551436090778e-04	2.687640593837203841e-04	4.782371739718764211e-03	-9.537113573606572237e-04	-3.343408147621118641e-04	-6.770220688540390039e-03	3.354738748165422097e-04	-3.357959954792748649e-04	-5.125295338300717499e-03	0.000000000000000000e+00	-2.784694255914131784e-03	2.021808093794571007e-03	4.379346092440154379e-06	9.519199833335947880e-03	7.445540237699084865e-05	-5.555504125859750744e-04	4.340048314621248321e-03	-9.614611249653751135e-04	5.233974968394891365e-04	-2.742287966958282912e-03	4.483259898971120490e-03	2.225812947614319126e-04	-3.532639759055421561e-03	5.625742895340904264e-03	-3.950383902058996095e-04
-6.651396174917011388e-04	2.732498981422739172e-04	1.111623718383306786e-04	1.505101665772606867e-04	-1.879085594054580766e-04	-1.667341550073307786e-03	1.285734676295134660e-03	-2.697374343989093499e-04	7.900920513687424273e-04	4.152286356958362866e-03	-4.380184459447997516e-03	1.430684589027125244e-03	1.231276881899993469e-03	-7.052161588816901854e-04	4.294728093122424095e-16	-3.212955365308742869e-04	-1.068298391922693216e-04	-1.541411900539496182e-03	1.641330027312458211e-05	-1.123853384412607827e-03	1.513475588225255634e-03	7.596570077377185143e-04	-7.580044499003193124e-04	3.878612245852786078e-03	-1.250264593731592166e-03	2.590054062292200532e-06	5.319631496063821760e-04	3.001431494915319490e-04	-2.721180545586075901e-04	1.433570807841931050e-03	9.002525515907746148e-04	-1.927636883142062885e-04	-4.803011943768295544e-04	-1.634658656391720262e-03	4.505671834530332147e-03	6.685434896964756566e-05	-3.841022693496209169e-03	-4.933070658477230110e-04	8.226350070055088578e-04	-2.663662371179443156e-05	-1.569957607640694568e-03	1.480462012936943172e-04	-7.626001314915960370e-04	-5.842957844962761837e-04	4.346863845979693488e-04	-2.159487401987348655e-03	1.268542530471825644e-03	1.974694043961135767e-04	2.784694255914131784e-03	0.000000000000000000e+00	2.376388528585595761e-05	1.089432123685883354e-03	-3.558006244836332908e-04	3.081060757366301667e-03	-3.286288263274826042e-03	-4.969119580384563466e-04	-1.132101771180509366e-03	-3.267747964467760530e-03	7.852342304732248118e-03	-1.073728923059616728e-03	-2.839089396713624126e-03	4.393582051796786575e-05	8.773801158859890429e-04	1.573039120123231600e-04
1.004724633460703405e-03	-7.487641414596893016e-04	2.316666197535322132e-04	2.976753123360605102e-03	-2.105048732478519884e-04	-4.855056889185820415e-03	2.391219980076300482e-03	-2.555494135816951929e-04	-1.222342353288959679e-03	-6.225930574025810571e-03	4.573625937015705911e-03	-2.482624626173874152e-03	-1.355820734849088032e-03	7.894708020100350051e-04	7.580044499009850126e-04	-4.145524761714610372e-04	1.054230307546131541e-03	2.261323474093216487e-03	8.835657673758904804e-04	3.612718511607373659e-03	-3.435278604701478937e-03	-1.872724771701906894e-03	-1.188621683717583366e-14	-7.616804398184994981e-03	2.716990216387302898e-03	-7.350206800003018012e-04	-3.041232535980754295e-05	8.721360256261028940e-03	-5.561271746273747045e-05	-7.714330860422188504e-03	9.757327847955607741e-04	-3.530770968062281077e-04	-2.454834604760184344e-04	2.414506638166760179e-03	-8.801444779764317633e-03	-1.167496359570581281e-03	9.214992875530401625e-03	9.840238042862770040e-04	-7.486257684643022247e-04	3.862254312375931406e-03	-1.906294783925151139e-03	4.372355832652504532e-04	-4.386345254270177467e-05	-2.245338646752203376e-03	-1.535298485838914825e-04	1.872446894895082783e-03	2.018631380717270975e-03	-2.642084599715373554e-04	-2.021808093794571007e-03	-2.376388528585595761e-05	0.000000000000000000e+00	-1.930159140239239794e-03	7.883568888925754706e-04	2.362818532328507699e-03	-5.704992414781972533e-03	8.107958346346463407e-04	9.314819322467182520e-04	5.112929049971457959e-03	-1.274932991297453994e-02	-2.097074732628025670e-04	6.068450360104178654e-03	9.336849439475359679e-04	-2.995178329943586591e-03	2.048824225610173209e-03
1.627651106649369151e-05	1.099940460092660357e-03	-2.045475232509160303e-04	3.075138095742381951e-04	-5.447623680719590467e-04	-1.045304807331516410e-04	-1.208429959698330747e-04	2.661125967082769088e-04	-2.544024946100769975e-04	-1.669225432347762393e-05	-5.767096408253331299e-04	4.929998979860703099e-04	3.414816352464094358e-04	8.385053432033860894e-04	-9.002525515873669674e-04	3.298244654601383062e-04	-1.485653972728991187e-04	-7.278801041213326804e-05	6.981771211739707262e-04	-1.335279056053772064e-03	-4.223928436455537568e-04	5.210733271475091050e-04	-9.757327847978781478e-04	-1.113745247263639166e-04	-5.260104079329506571e-05	-1.335091119976391345e-04	1.726416223305590747e-03	3.192398206291349283e-04	-9.380418440327975647e-04	-8.538610467638982847e-05	4.384960818927530202e-15	9.313155192996483639e-04	2.473079164403013544e-04	-3.160506765278373162e-05	-5.020878169776029113e-05	-9.885906116240922130e-04	-1.288088257626045935e-04	1.352213473632829467e-03	8.941188078817637725e-05	-1.438909421509577068e-04	1.260939807472603142e-04	1.086767900238758957e-05	-1.286369961753434151e-03	-1.693331467027586377e-04	2.682968108874563375e-05	1.721312892868872332e-04	-4.134883375121784117e-04	1.991862260810190995e-04	-4.379346092440154379e-06	-1.089432123685883354e-03	1.930159140239239794e-03	0.000000000000000000e+00	-8.424588865733184792e-04	4.277904552713054595e-05	2.841630704561471927e-04	-1.374620252783466477e-03	-1.231756174218144552e-03	1.408222435916279354e-04	6.257971812264786875e-04	-2.170146274968795530e-03	-7.038513010826190353e-04	2.567906399459101872e-04	2.103838580900266927e-03	-8.797675208541398152e-04
5.878495934505458009e-06	6.043541200870436155e-05	-5.877917110553792195e-05	-1.010461476457548587e-02	5.466914732358734222e-04	1.808319326923712306e-02	-1.047463541490063071e-02	1.427947684917403766e-03	6.044152252127222430e-04	3.726868652553363276e-03	-9.915921173415929470e-04	1.117942932567223338e-03	5.950549551102985205e-05	1.363151147900340575e-04	-8.226350070074692038e-04	-1.485640560296757218e-03	-9.531713559247697448e-04	-1.351355680317203010e-03	-2.755298728644645155e-04	-2.193877435409205545e-03	1.925308829816104426e-03	1.691257712349903287e-03	7.486257684967705019e-04	3.383133136897639899e-03	-9.868753766658782539e-03	1.188292139418852412e-03	-6.776031098164351715e-04	-2.805804040391979975e-02	5.366851599635639493e-04	1.199300957307693552e-02	-8.941188079708752977e-05	1.081460570462817192e-03	1.286026459836355634e-03	-4.072287487080842303e-04	2.997704058000591650e-03	1.558355485344370146e-03	-6.869212154353153063e-03	-1.465150978113657042e-03	-2.243711672619136399e-14	-3.397885413928761721e-03	1.805552463801899515e-02	-1.038724163773172308e-03	1.993364356338677389e-03	1.083398824143464237e-02	-8.922475521495508910e-04	6.902587090135336653e-04	-1.263182428657531886e-02	-2.898011095576400993e-04	-9.519199833335947880e-03	3.558006244836332908e-04	-7.883568888925754706e-04	8.424588865733184792e-04	0.000000000000000000e+00	-1.301419823340001052e-02	2.921852738189430199e-02	-2.231945090136630517e-04	1.432353260818910665e-03	-2.263602211950890841e-03	3.572595513743116215e-03	2.518615592624551085e-03	-3.484381748249578987e-03	-1.570476705561835423e-03	1.719090625727988679e-03	-9.756648224717850157e-04
-1.140578516971436880e-04	-1.875033148470416208e-03	-3.685279324995699695e-04	-4.130699089282197567e-04	-3.427972841992441531e-04	3.467479082637687799e-04	3.357959954652886027e-04	-6.968127245156993839e-04	-1.817019921351891928e-03	1.094628896792083786e-03	8.886434472096907703e-04	-1.177689296163010255e-02	-1.207454806129325459e-06	4.671618270112732306e-03	-1.268542530476676799e-03	6.323809359632809324e-04	1.281627262579914002e-03	6.148466519567588173e-04	-2.978821378991157562e-04	3.238524036458863276e-03	-5.658626931377931310e-04	1.850512979798987453e-04	-2.018631380713863544e-03	-3.991091265215464604e-03	-3.697765135418570881e-04	-1.169370947667330157e-02	-2.013641005409690966e-03	-6.686461830872950617e-04	3.447101032659578325e-03	-1.249827799515220046e-04	4.134883375036533300e-04	6.470729575114665677e-03	-2.896651418343637596e-03	3.308222918022832217e-04	-1.041209082974323564e-03	1.605265479858855810e-03	-3.583452381758108190e-04	-6.847173441083933068e-03	1.263182428658930941e-02	9.954681089700259319e-04	5.714718437033263236e-04	7.754522583719780648e-03	1.527872364128555430e-03	4.823713826286317886e-04	-6.579157442704586939e-03	-8.668324643449789961e-05	8.098312602108914682e-16	-6.828685336903369055e-03	-7.445540237699084865e-05	-3.081060757366301667e-03	-2.362818532328507699e-03	-4.277904552713054595e-05	1.301419823340001052e-02	0.000000000000000000e+00	-9.144077506216949022e-04	1.105828459539321545e-02	5.183133579910654577e-04	9.577329352722535084e-04	-4.428844945253529453e-03	6.595925504503516966e-03	1.208783033360203221e-03	-4.648476197848974527e-03	5.019031465370884376e-03	4.689298716046205458e-04
8.435594120571301893e-05	5.496197555618953165e-03	-2.518200541230427615e-03	1.102743077847634801e-03	5.523376518442540614e-03	-1.894519483819096656e-03	5.555504125949091172e-04	-1.985772894166217863e-03	5.496197555610789556e-03	2.464661971572757295e-04	-3.112056158198400757e-03	2.834876016865722076e-02	-3.398914166607078235e-04	-1.155524180155174940e-02	3.286288263278336688e-03	-3.773172959394120556e-03	-2.518200541227804713e-03	-3.112056158232423889e-03	-1.799930148108712076e-04	-5.159905950774354433e-03	4.055221314638823155e-03	-2.854266092520285104e-03	5.704992414783588428e-03	1.475750095191134467e-02	1.102743077844824549e-03	2.834876016865269660e-02	-5.159905950772496544e-03	2.240544616377319539e-03	-3.846745529123151916e-03	-4.475431942539360780e-04	-2.841630704537801084e-04	-1.527461506792140468e-02	5.523376518441903971e-03	-3.398914166351517147e-04	4.055221314611135233e-03	-3.846745529123840601e-03	-2.184956880884473054e-03	1.448135746588881216e-02	-2.921852738190561932e-02	-4.195001385168668079e-03	-1.894519483806667362e-03	-1.155524180154859915e-02	-2.854266092515775691e-03	-4.475431942470809929e-04	1.448135746587906128e-02	-3.833376326355225064e-04	9.144077506283088607e-04	1.075105414098543460e-02	5.555504125859750744e-04	3.286288263274826042e-03	5.704992414781972533e-03	-2.841630704561471927e-04	-2.921852738189430199e-02	9.144077506216949022e-04	0.000000000000000000e+00	-1.366193536913895903e-02	-1.985772894146592936e-03	-3.773172959363674858e-03	1.475750095182479585e-02	-1.527461506790683821e-02	-4.195001385126088424e-03	1.075105414098472684e-02	-1.366193536914805592e-02	-1.985304459326484581e-04
1.231160701556323692e-03	-3.817846367008516308e-04	3.428244381548229124e-05	-3.920680818995902518e-03	3.194100045597083031e-04	9.595566632890340647e-03	-5.625742895350140799e-03	1.091032493021991748e-03	-5.591953659043597240e-04	-6.717115777409320143e-03	8.264703963985570168e-03	-1.429581129395827901e-03	-1.960497471113338726e-03	6.681796639713027171e-04	-8.773801158869962667e-04	2.872784729336689755e-03	-7.706504995517423143e-04	2.802774167219257168e-03	-1.014685559690904930e-03	-8.396914031319938185e-05	-1.975873758751107469e-03	-2.594569059901402543e-04	2.995178329962499414e-03	-6.229016479219987891e-03	9.253155707537119926e-04	5.693872738331447192e-04	-7.782012297845870407e-04	-8.628537493966293576e-03	3.821136824814511329e-04	3.996002231908882957e-03	-2.103838580911414693e-03	4.344901703008085527e-04	1.334698933343955989e-03	1.359201568045854697e-03	-3.695862287440445856e-03	1.226296464088860207e-03	3.267067497344407646e-03	-2.113101551779715548e-04	-1.719090625758914678e-03	-2.330695594501127829e-03	5.163434757890834892e-03	-1.224373627252221689e-03	2.509934457834762413e-03	2.380157110615470709e-03	-8.289468248774917256e-04	3.126391596118329244e-03	-5.019031465356478365e-03	5.992087802839951108e-07	-4.340048314621248321e-03	4.969119580384563466e-04	-8.107958346346463407e-04	1.374620252783466477e-03	2.231945090136630517e-04	-1.105828459539321545e-02	1.366193536913895903e-02	0.000000000000000000e+00	2.698836295788270209e-03	4.005696966562471983e-03	-1.112222960436931758e-02	4.381619314173332974e-03	3.118981932258386644e-03	-1.350169674808715005e-03	-1.084936719457363363e-14	-2.219668325101683583e-03
-3.606671966372368291e-04	2.951658664683446754e-04	4.866438631433680139e-04	-1.674161927018822998e-03	-4.076675189855231887e-04	9.897515864889217495e-04	-1.158624642975844467e-03	-2.275289060892776716e-14	8.725560803613931302e-04	1.576048920250870330e-02	-9.532155771003674588e-03	2.591026824454449769e-03	4.860020823464134606e-04	-1.063444380818277281e-03	2.697374343904785938e-04	-9.386184173958804500e-03	-2.431884439283717408e-04	-9.146393715068833197e-03	2.444799532252692545e-04	-3.550168539031302696e-04	8.196527992129234996e-03	-6.591834504763112359e-04	2.555494136274898869e-04	2.371521654918010147e-02	-7.763336133118038315e-04	2.533648869206943290e-03	4.826000609317401433e-04	-2.568138955533609893e-03	-8.483207279807402062e-04	1.400352426818625689e-03	-2.661125967011205781e-04	-1.705856659713689879e-03	3.112343347008938131e-04	-5.427608939485987268e-04	9.696535993147167853e-03	-1.736229673720675543e-04	-1.602085007449308152e-02	9.363091125986460882e-04	-1.427947684992023764e-03	-9.331249144458715616e-03	-2.510866818730905607e-03	-1.410299234700867523e-03	-4.371460063843981832e-04	-9.778809039953104479e-04	1.410558118103145443e-03	-3.561639048034509654e-04	6.968127245143658152e-04	1.634397812550373230e-03	9.614611249653751135e-04	1.132101771180509366e-03	-9.314819322467182520e-04	1.231756174218144552e-03	-1.432353260818910665e-03	-5.183133579910654577e-04	1.985772894146592936e-03	-2.698836295788270209e-03	0.000000000000000000e+00	-1.124806301145962230e-02	2.540081318910258207e-02	-8.688484691364378948e-04	-9.965100355260509551e-03	8.333664711227399850e-04	-1.091032493040104429e-03	4.805525233811988161e-04
9.311286699099203900e-06	-2.929799823263795101e-03	6.478799286903193840e-04	-8.828746760846245545e-04	1.231192716760973801e-03	-6.278146597456437262e-04	-5.969254144107126632e-04	9.386184173955470361e-03	-4.446668129598230776e-04	1.380706103655553098e-03	3.728980145306156496e-05	-5.023729786161484651e-04	-9.814038197842223261e-05	-3.570085291695880309e-03	3.212955365267537765e-04	2.585187753700434604e-15	-1.655031343242979779e-03	-6.100173743595217052e-04	5.191734731462791528e-04	-3.638372320011995162e-03	-7.254026982799062192e-04	1.200613131207202422e-02	4.145524761823949993e-04	-1.225745162763078929e-03	-2.066679768862919435e-04	6.333840305234102620e-04	-2.862757707713020627e-03	-4.529626844969923162e-03	1.432550896086225503e-03	1.178407982681767144e-03	-3.298244654687676339e-04	2.729998350014506935e-03	3.067841751352116779e-03	2.231859181587681569e-04	-8.769599563290383839e-04	4.427513286374763421e-03	1.151478171963195470e-03	-7.836816633337493482e-03	1.485640560285889610e-03	3.109614234830875793e-04	-1.294829955208976098e-03	-6.283608673649697211e-03	1.381278913245808163e-02	7.536535626352610425e-04	-4.451797240154861668e-03	1.219535371088091731e-04	-6.323809359453237255e-04	1.019937017052107830e-03	-5.233974968394891365e-04	3.267747964467760530e-03	-5.112929049971457959e-03	-1.408222435916279354e-04	2.263602211950890841e-03	-9.577329352722535084e-04	3.773172959363674858e-03	-4.005696966562471983e-03	1.124806301145962230e-02	0.000000000000000000e+00	-1.852642994544498670e-03	9.450324167236647671e-03	7.482318878158646883e-04	-2.532181841488742938e-03	-2.872784729336256941e-03	-1.062535877215125169e-04
3.853398494724145614e-04	7.097536165217036008e-03	-2.066907910327331517e-03	4.917800657559959557e-03	-3.686330820390670143e-03	-2.484794969456839264e-03	3.429295155927466858e-03	-2.371521654914732560e-02	4.606181032976577189e-03	-5.449363832173205816e-03	2.375474814165128359e-03	-4.182422169963062597e-03	-4.524155723492458625e-04	1.023675656270442783e-02	-3.878612245839077426e-03	1.225745162741829868e-03	1.312395922927936821e-03	2.669443542532747970e-03	-1.540727256819763788e-03	1.072711597447749757e-02	9.210918210865700131e-04	-3.063169064611856451e-02	7.616804398154968653e-03	3.804144905984394032e-14	3.806422462594239234e-03	-4.469826454889707160e-03	6.645409733323072096e-03	1.732249371476140415e-02	-2.775352692706205791e-03	-5.462429881952623328e-03	1.113745247295997451e-04	-4.785324610067495307e-03	-7.445018371277163823e-03	-1.998158961809665102e-04	5.979741505617429008e-04	-6.976575323846599327e-03	-8.057875259793584582e-04	1.263195208242318818e-02	-3.383133136864966382e-03	-3.596067206065162972e-04	-3.700674124533878694e-04	1.434191833784350528e-02	-3.183546025711806587e-02	-3.996063171908929151e-03	9.379175099682134087e-03	1.043890268509393792e-04	3.991091265180860340e-03	-2.797698430972477696e-03	2.742287966958282912e-03	-7.852342304732248118e-03	1.274932991297453994e-02	-6.257971812264786875e-04	-3.572595513743116215e-03	4.428844945253529453e-03	-1.475750095182479585e-02	1.112222960436931758e-02	-2.540081318910258207e-02	1.852642994544498670e-03	0.000000000000000000e+00	-1.100749170494158546e-02	-9.029090756527231518e-05	1.908311697438462009e-03	6.229016479227280668e-03	-3.791938094176494959e-04
1.204857548428108632e-03	-8.708030116696542471e-04	1.094695116564909764e-03	-4.495316219480328945e-03	1.583163499723791543e-06	9.801678765195713516e-03	-9.223203515469458047e-03	1.705856659664108013e-03	-1.259147093144134398e-04	7.364958890204656092e-03	-5.182658671128048677e-03	1.808581488306700708e-03	2.354501912336704611e-03	-8.232497856498768255e-04	1.927636883083544428e-04	-2.729998350008581987e-03	-1.130866714408416550e-05	-2.028630633184498773e-03	1.558561189632466822e-03	-6.601255012623930430e-04	-2.466876574908069726e-03	4.515253379547048409e-04	3.530770968398546381e-04	4.785324610069623813e-03	-4.503314478489818529e-03	-5.247849987802966770e-04	3.509426821295211912e-03	-1.128158051911605508e-02	-1.269627944897401810e-03	5.439434562313399772e-03	-9.313155192965461363e-04	-1.641930677791919591e-14	5.065377348533689570e-04	-2.145959140854603823e-03	3.494833427642396028e-03	2.020114298123402204e-04	-3.996286543456026644e-03	7.288952477965607703e-05	-1.081460570510284214e-03	-1.955111611755283411e-03	6.703386055423629641e-03	1.756667493142083868e-05	-1.698789498032410045e-03	-8.998131907104231064e-04	1.468935453988684525e-03	2.217366755372018536e-03	-6.470729575114006482e-03	1.352844697443790836e-03	-4.483259898971120490e-03	1.073728923059616728e-03	2.097074732628025670e-04	2.170146274968795530e-03	-2.518615592624551085e-03	-6.595925504503516966e-03	1.527461506790683821e-02	-4.381619314173332974e-03	8.688484691364378948e-04	-9.450324167236647671e-03	1.100749170494158546e-02	0.000000000000000000e+00	-4.503663914790064643e-03	1.519246033379832023e-04	-4.344901703157195852e-04	1.413697201082037957e-03
-3.039526850344984391e-04	-2.858788892373793911e-03	1.003650853294952953e-03	-1.831591355005508966e-03	1.303087656147941184e-03	2.735269026211870590e-04	-7.204666551329341317e-04	9.331249144449563215e-03	-1.803383696335021094e-03	2.321745199817364103e-03	-1.177373861514396935e-03	1.765537951892649088e-03	3.493372971429205861e-04	-1.676443353755525858e-03	2.663662370454989429e-05	-3.109614234753940807e-04	-1.596999465305666815e-03	-1.149964586756232424e-03	6.420416503164153976e-04	-8.011290775660886987e-03	-2.694321220009708541e-04	1.329844851726705648e-02	-3.862254312364190364e-03	3.596067205639431473e-04	-1.418389558928426480e-03	1.428962252816864866e-03	-2.986979016942233923e-03	-6.393669733624251020e-03	1.349887995608923565e-03	2.139782303882542622e-03	1.438909421497547303e-04	1.955111611760074284e-03	4.823865952824493014e-03	4.003541073407837318e-05	6.649689455949431201e-06	4.287782857498053865e-03	-2.071500935520593492e-05	-6.000737268691264462e-03	3.397885413920206932e-03	1.316414899722555265e-14	-7.511782884201900984e-04	-5.195694496933864551e-03	1.351365743894106936e-02	1.186483688249790822e-03	-5.105605990188869306e-03	-3.189183214098894378e-04	-9.954681089558432665e-04	2.646017281991572745e-04	-2.225812947614319126e-04	2.839089396713624126e-03	-6.068450360104178654e-03	7.038513010826190353e-04	3.484381748249578987e-03	-1.208783033360203221e-03	4.195001385126088424e-03	-3.118981932258386644e-03	9.965100355260509551e-03	-7.482318878158646883e-04	9.029090756527231518e-05	4.503663914790064643e-03	0.000000000000000000e+00	-2.903559556613414215e-03	2.330695594501301302e-03	1.475296958247330949e-04
-9.269842498909803587e-04	7.177736194835062679e-04	-1.812891882191218799e-04	1.169043480788357296e-03	-6.257847126820903147e-04	-5.518210391027096075e-03	5.125295338301022810e-03	-1.634397812530526909e-03	2.025224263734790140e-04	6.636377320476090705e-05	9.025035273596865477e-04	-1.065492768115538971e-03	-1.306702759345548977e-03	8.016160333877793073e-04	-1.974694043961684915e-04	-1.019937017058996417e-03	1.724940532502774892e-06	-2.650909307036273914e-03	-7.072859876195049375e-04	7.265712427458061694e-04	2.655675193788870504e-03	-1.279514812436877147e-03	2.642084599617118817e-04	2.797698430986341606e-03	3.026190435405064216e-03	6.930501443931768452e-04	-1.162627775434864168e-03	7.140921787622163397e-03	1.248658013579114704e-04	-2.915427157305083838e-03	-1.991862260814969074e-04	-1.352844697439250631e-03	-3.758024935187087058e-04	2.015496238869197727e-03	-6.470448113708343911e-04	-2.167733300156461781e-04	2.450986254952751669e-04	2.728753509372929572e-04	2.898011095697287909e-04	-2.646017282051077012e-04	-5.870787809925636681e-03	-4.146265010988744960e-04	6.445836021716350433e-04	-7.192376227905851200e-04	-6.823597681072431781e-04	-2.362607573383698235e-03	6.828685336904583361e-03	2.057066946252114614e-15	3.532639759055421561e-03	-4.393582051796786575e-05	-9.336849439475359679e-04	-2.567906399459101872e-04	1.570476705561835423e-03	4.648476197848974527e-03	-1.075105414098472684e-02	1.350169674808715005e-03	-8.333664711227399850e-04	2.532181841488742938e-03	-1.908311697438462009e-03	-1.519246033379832023e-04	2.903559556613414215e-03	0.000000000000000000e+00	-5.992087704014643565e-07	1.243178894871340822e-03
1.231160701553354712e-03	-5.591953659082696823e-04	-7.706504995456725168e-04	9.253155707415522315e-04	1.334698933335813631e-03	5.163434757906580110e-03	-4.340048314625120224e-03	2.698836295785258729e-03	-3.817846367113785291e-04	-6.717115777407918487e-03	2.802774167218927137e-03	5.693872738082559910e-04	1.359201568048955516e-03	-1.224373627242979733e-03	4.969119580412100032e-04	4.005696966569799455e-03	3.428244381815626584e-05	8.264703963989893098e-03	-1.014685559687707184e-03	-7.782012297800383789e-04	-3.695862287450349826e-03	2.509934457842416013e-03	-8.107958346448443463e-04	-1.112222960440212467e-02	-3.920680818991910919e-03	-1.429581129408271940e-03	-8.396914031697793484e-05	-8.628537493974131056e-03	1.226296464094985082e-03	2.380157110617547173e-03	1.374620252784497986e-03	4.381619314195053447e-03	3.194100045609374631e-04	-1.960497471115170160e-03	-1.975873758754412984e-03	3.821136824871351170e-04	3.267067497347005828e-03	-8.289468248951841704e-04	2.231945090397117679e-04	3.118981932269023101e-03	9.595566632877305935e-03	6.681796639748630202e-04	-2.594569059778636163e-04	3.996002231903005714e-03	-2.113101551897177198e-04	3.126391596123604538e-03	-1.105828459539685144e-02	-1.350169674825034850e-03	-5.625742895340904264e-03	-8.773801158859890429e-04	2.995178329943586591e-03	-2.103838580900266927e-03	-1.719090625727988679e-03	-5.019031465370884376e-03	1.366193536914805592e-02	1.084936719457363363e-14	1.091032493040104429e-03	2.872784729336256941e-03	-6.229016479227280668e-03	4.344901703157195852e-04	-2.330695594501301302e-03	5.992087704014643565e-07	0.000000000000000000e+00	-2.219668325101551310e-03
-2.680271499791461818e-04	-8.700641481729376068e-04	9.406520851426974092e-04	-5.292888336560488613e-04	2.442465760247539835e-04	2.075100406539296012e-04	3.950383902063349709e-04	-4.805525233793146896e-04	-8.700641481736264005e-04	4.386883071875775382e-05	-1.227839063236752415e-04	3.543293073295689273e-04	4.518086847023367340e-06	1.163753576006569274e-03	-1.573039120117387750e-04	1.062535877228670784e-04	9.406520851455224064e-04	-1.227839063177963450e-04	-1.482532575847370603e-04	-1.045259351668636474e-03	4.023983296626274832e-04	5.070256909230263977e-04	-2.048824225615479729e-03	3.791938094113940288e-04	-5.292888336601384719e-04	3.543293073316974330e-04	-1.045259351672148205e-03	-5.916198345854704367e-04	-1.315558240313661423e-04	6.557475807405815005e-05	8.797675208576578344e-04	-1.413697201078238045e-03	2.442465760214461911e-04	4.518086842873763943e-06	4.023983296663591986e-04	-1.315558240335127542e-04	-4.838552973237822885e-04	2.438397048173907922e-04	9.756648224767015473e-04	-1.475296958177843619e-04	2.075100406543050604e-04	1.163753576005624717e-03	5.070256909251282321e-04	6.557475807147335786e-05	2.438397048177744371e-04	3.712728206814062612e-05	-4.689298716090675636e-04	-1.243178894871888995e-03	3.950383902058996095e-04	-1.573039120123231600e-04	-2.048824225610173209e-03	8.797675208541398152e-04	9.756648224717850157e-04	-4.689298716046205458e-04	1.985304459326484581e-04	2.219668325101683583e-03	-4.805525233811988161e-04	1.062535877215125169e-04	3.791938094176494959e-04	-1.413697201082037957e-03	-1.475296958247330949e-04	-1.243178894871340822e-03	2.219668325101551310e-03	0.000000000000000000e+00
