0.000000000000000000e+00	3.362220258908910010e-04	-4.379619383279614495e-04	-1.045682776742991820e-04	4.623227811796556128e-04	2.098606927401471466e-04	-1.055680668082092092e-04	1.594819440237461102e-04	3.362220258913131352e-04	1.079558900788032700e-04	-2.417028558788638523e-05	4.008043506225559931e-05	-1.253449875016141425e-04	2.952178525010837936e-04	-3.046938702572166363e-04	-1.201359368314272542e-04	-4.379619383284553036e-04	-2.417028558835811821e-05	4.771667027522658630e-06	-5.654530500270705346e-04	1.910034573620144726e-04	-4.234984674499577191e-05	5.874652264852228429e-04	2.963851288068644553e-04	-1.045682776744198401e-04	4.008043506367648691e-05	-5.654530500272842309e-04	-3.107820906166361636e-04	6.116436514795691153e-04	1.608132574524477544e-04	-6.533043090184632211e-06	6.940468494657412672e-04	4.623227811799621167e-04	-1.253449875021092706e-04	1.910034573627884846e-04	6.116436514797058332e-04	-2.924153903360923040e-04	-4.131081998615352834e-04	-1.832713710189681940e-04	-1.024008172515755179e-04	2.098606927384882631e-04	2.952178524998757755e-04	-4.234984674371173772e-05	1.608132574511744132e-04	-4.131081998612804417e-04	-3.663936830549021772e-05	-1.287531940786310470e-04	-4.770272776758657926e-04	-1.055680668069318429e-04	-3.046938702559798869e-04	5.874652264827651734e-04	-6.533043089909257565e-06	-1.832713710178955385e-04	-1.287531940789456283e-04	3.069773334246756174e-04	4.415922587705934776e-04	1.594819440244056846e-04	-1.201359368325068350e-04	2.963851288074981715e-04	6.940468494679810120e-04	-1.024008172518011946e-04	-4.770272776769198539e-04	4.415922587707749730e-04	-7.768043664238196159e-05
-3.362220258908910010e-04	0.000000000000000000e+00	-1.217377897808801434e-06	-1.091068488408451428e-03	7.124094426470507161e-05	1.617391062842241968e-03	-6.982045158953451187e-04	3.107710048080986314e-04	2.215363851566787279e-15	1.967097336489058088e-03	-1.553750264936488773e-03	5.916361533294456961e-04	3.326730800249810176e-04	-1.028423975469012087e-03	4.616998416913290870e-04	-1.855125697084183619e-04	3.117751623743369874e-04	-1.034046712311794455e-03	2.687493646584116597e-05	3.886364914296717337e-04	8.563694964041576336e-04	2.733208655623875168e-04	-4.175145828199069878e-04	2.309213938278632805e-03	-1.257073126132267436e-03	2.134064926500458626e-04	-1.070382978975280844e-04	-3.087652920099530178e-03	1.025192363985862249e-04	2.328438808126444617e-03	-1.776807763309367575e-04	1.130962470765402468e-04	-6.611254251965500983e-04	-5.227264740982845524e-04	2.213157316264504487e-03	-3.209138455969121886e-04	-2.306281922472307178e-03	-1.223396825195812799e-04	6.228406134881266662e-04	-9.203002309371270413e-04	1.331426676050982260e-03	-1.966769731590611327e-04	2.248806396537913620e-04	1.115027284517123175e-03	-1.353932564955187632e-04	-6.720756633198932128e-04	-6.267549065397521029e-04	3.425663554773864178e-05	1.503372858011907723e-04	1.029527931702173987e-04	-2.223694116413852426e-04	3.701649370384473524e-04	2.220275770939299828e-04	-5.776869498035647893e-04	1.809041461477432170e-03	-9.070648267324628311e-05	2.227155439568695493e-04	-1.172373800489099477e-03	3.209899563501238291e-03	-2.020337419725297574e-04	-1.340818904809992253e-03	3.950626283481556856e-04	-5.585328126059205256e-04	-4.749031755271637570e-04
4.379619383279614495e-04	1.217377897808801434e-06	0.000000000000000000e+00	8.387309437957750271e-04	-5.646180595195682500e-05	-1.024739290405082565e-03	4.496199436317515198e-04	-2.045486181236878484e-04	-3.117751623763794075e-04	-2.385853948789661482e-04	9.999059480804753895e-04	-6.168012692930979583e-04	-4.248561383145172689e-04	5.266936829791525696e-04	-8.768202938497243358e-05	-9.162570368381403596e-04	3.979614896084879283e-16	-9.254574570229554225e-05	-4.583131879228161576e-04	5.043303801643509587e-05	5.671075774267976370e-04	-2.333835469233828421e-04	1.235540312238069633e-04	9.735931334350127414e-04	1.469758244092011622e-03	-2.744227387919915146e-05	-6.662194066521703645e-05	2.605510412163367789e-03	-2.452884055863966959e-05	-1.723308204595743343e-03	9.894861663239104134e-06	-1.040038815230709022e-04	2.943457054532762004e-04	6.763747270241908353e-04	-6.920221782200247120e-04	6.606860353867329417e-05	-2.155724421019359271e-04	3.163215852618255983e-04	-4.456986846032224875e-04	-1.011194939647457915e-03	-1.131048116163460310e-03	5.214424383540058167e-05	2.731478320829064480e-05	-1.032479583032356761e-03	9.044290707148898461e-07	7.210922347981234357e-04	3.710274921086621530e-04	-4.299741107927525631e-05	-1.600841165738450670e-04	-4.078722533020256362e-05	-6.665746963558855163e-06	2.740001521862436680e-05	4.644930811531946104e-05	-3.566063538510349335e-04	-9.152341484183611642e-04	1.783162263062025154e-04	-2.136360723974079596e-05	4.074696781161470951e-05	-4.325283898504256536e-04	1.417549397323459876e-04	5.269664638808968526e-05	-6.443664423812307178e-05	5.991412013702125802e-05	3.752986227305014802e-04
1.045682776742991820e-04	1.091068488408451428e-03	-8.387309437957750271e-04	0.000000000000000000e+00	1.496330038660682220e-03	3.010290919534056855e-04	-3.572133329860892196e-04	4.509202086042142510e-04	1.257073126127836518e-03	-1.980278824532692369e-03	6.471244030930747675e-04	4.465476724756259688e-03	-5.214006635249934015e-06	-5.530623634572638496e-04	-6.451373914530438621e-04	7.170925766116034196e-04	-1.469758244087008246e-03	7.453632625581816567e-04	-1.424291685122870384e-04	-3.244075999164422550e-03	-3.300677253204415350e-04	8.878618807406232164e-04	1.437913128228068653e-03	-9.541759253942300265e-04	-2.707930451054108012e-15	4.154676140132358350e-03	-1.303158196510468061e-03	-2.439615831794793212e-05	3.693231069136798282e-05	2.794256598967475181e-04	-1.379864269834662062e-04	-1.432283272581143544e-03	2.339798535050175744e-03	-1.318660735103322759e-04	-1.498363891456349121e-04	7.592895945563917642e-04	1.038300700484575106e-03	9.986332727284466700e-04	-4.448561186292559685e-03	4.366885754537120972e-04	3.767098784255323201e-04	-1.330112602483319358e-03	1.171542156072061984e-04	3.634506660555713448e-04	1.282349647418486779e-03	-7.265427102342115280e-05	-3.346546179520445540e-04	8.582586217982771278e-04	-3.240933337384738298e-04	-3.980487010783703196e-06	1.481985007234434739e-03	-1.291722501318097579e-04	-4.611628444153961434e-03	-2.912890218965939358e-04	6.860890964964391726e-04	-1.570887652112593069e-03	-1.362369140274152530e-04	5.008315657645070508e-04	-6.479365967461387212e-04	-1.503017874253632750e-03	3.369511740399095930e-04	9.344074370033856269e-05	4.395318797228760926e-04	-6.264470771151644342e-05
-4.623227811796556128e-04	-7.124094426470507161e-05	5.646180595195682500e-05	-1.496330038660682220e-03	0.000000000000000000e+00	2.103858291180447926e-03	-1.132734368218565922e-03	4.671372257739399454e-05	6.611254251972890905e-04	-1.460674843205931640e-03	-1.427815888395056660e-04	4.460076010764586264e-04	5.420450894096794266e-04	-7.029657001171344083e-05	-3.105728798630122628e-04	1.729350285758317340e-03	-2.943457054534439265e-04	1.206362222982423210e-03	4.697709385425752511e-04	-2.546987315378482350e-04	-1.852816842530068250e-03	2.365261571639440819e-04	3.410652658827522180e-04	-4.142296949954403507e-03	-2.339798535053358962e-03	-1.915105478239885256e-04	1.637243367440564335e-04	-4.319237191817799568e-03	-2.795733648730820806e-05	1.937341924760962227e-03	1.410301196577930564e-04	6.324886906875818956e-05	-7.261715100764787323e-16	-5.164379365451506922e-04	-8.536844336827639160e-04	2.344667515731920426e-04	2.603996761784677788e-03	-7.362799488524793918e-04	3.400802038832203482e-04	2.797525358156653132e-03	2.236920485274976333e-03	1.451499584668393319e-04	-9.825661407368927998e-05	1.721646248477918650e-03	3.103383655951046549e-05	-5.696822110832971747e-04	-1.140214680754585586e-03	-1.876556553696112053e-05	-7.623267276262244829e-04	-7.315635280687894056e-06	2.415943315711930055e-05	-3.008325985630883178e-04	-1.021876877798431313e-04	-7.149150950273135683e-05	2.644108152505223342e-03	-1.052767485769456424e-04	-9.543227970419806624e-05	1.127506207378934679e-03	-2.563415570929536598e-03	2.948917653498591513e-04	1.320067385544701054e-03	-3.643894269244948988e-04	3.140417688797048968e-04	1.955474335055434366e-04
-2.098606927401471466e-04	-1.617391062842241968e-03	1.024739290405082565e-03	-3.010290919534056855e-04	-2.103858291180447926e-03	0.000000000000000000e+00	3.333859408722699672e-04	-8.190660211612210174e-04	-1.331426676042473008e-03	5.133265995601861940e-03	-2.044260773533394457e-03	-7.369669611763426942e-03	-2.224187792731872632e-05	2.706786171282289655e-03	-5.141333796821963330e-04	-2.289667434414992264e-03	1.131048116154890126e-03	-2.174862684735464572e-03	2.729205142672057067e-04	3.028094678200572362e-03	1.637274955937714598e-03	-1.547607039769103698e-03	-1.272413445301663615e-03	4.293705307988832445e-03	-3.767098784160521105e-04	-7.309938721642313814e-03	1.619406830604236749e-03	-8.331912371245202677e-04	1.808526483096404647e-04	1.288624642072846592e-05	2.108954276183347366e-04	2.640737935693928361e-03	-2.236920485270781772e-03	1.751762345645740677e-04	1.303923192297266019e-03	3.040355809388508158e-04	-3.859651086636506530e-03	-2.790740798049294938e-03	7.951867477766372955e-03	-1.945111592154341856e-03	-1.331145480301665351e-14	2.712013623069760813e-03	-8.421235847039431819e-05	-2.454145171587919245e-04	-2.291258464447256706e-03	5.266518329675472557e-06	2.638681850880387559e-04	-1.850213309034745568e-03	2.421127562098341745e-04	-4.192621583288591905e-04	-2.282174984640100018e-03	2.154051657836456837e-04	7.789647535155133987e-03	2.016214700975360119e-04	-5.052135904148459360e-04	3.451193822324353112e-03	5.246620076156745423e-04	-1.972709406507208978e-03	3.760693311112467668e-03	4.047301723574368501e-03	-1.709968656730013331e-03	-1.992481930967792379e-03	2.150369157443102891e-03	2.663792220628187545e-05
1.055680668082092092e-04	6.982045158953451187e-04	-4.496199436317515198e-04	3.572133329860892196e-04	1.132734368218565922e-03	-3.333859408722699672e-04	0.000000000000000000e+00	3.027852839255338224e-04	-1.503372858069111856e-04	-2.208545522831167375e-03	7.643613703734924774e-04	4.477232406218976252e-03	4.945504707447873484e-05	-2.108354767407488034e-03	1.284262099532121684e-03	8.621430987649854501e-04	1.600841165785781787e-04	8.188406316057278292e-04	-9.844699801629850874e-05	-1.243909316410616531e-03	-6.485401183940375965e-04	1.045416537144228369e-03	-1.101225212465101883e-03	-1.512967258424351407e-03	3.240933337353396181e-04	4.078982259816010814e-03	-9.853568393077246149e-04	9.784025492689230573e-04	-1.509224567635110230e-04	-2.197077050063551637e-04	-1.291169166079438448e-04	-1.757645123212179996e-03	7.623267276246734232e-04	3.497537230667975821e-06	-5.857905963188366361e-04	-9.981210697149818685e-04	1.706098614669524774e-03	2.571081081627846644e-03	-3.932198012307579899e-03	6.895430199658292639e-04	-2.421127561967924421e-04	-1.693121703976169581e-03	3.474141655869469230e-04	-2.857665370875048022e-05	1.348505385215302641e-03	3.756239034894020049e-06	9.532746878221991477e-05	1.191039565082084931e-03	-3.077534971654416474e-15	4.834690227473893015e-04	7.988750829724987693e-04	-1.588059256222981101e-04	-4.102256322515186737e-03	1.034519449662907054e-04	-2.952584996985997841e-04	-1.884295099370688568e-03	-3.586967687662496432e-04	8.250569490146515955e-04	-1.433877443171254536e-03	-4.115920341296230335e-03	6.573086665645428220e-04	2.163468544563357503e-03	-1.840767492234374886e-03	5.030505980956729260e-05
-1.594819440237461102e-04	-3.107710048080986314e-04	2.045486181236878484e-04	-4.509202086042142510e-04	-4.671372257739399454e-05	8.190660211612210174e-04	-3.027852839255338224e-04	0.000000000000000000e+00	-2.227155439628499814e-04	-8.259944016939311032e-03	4.812439862197204210e-03	-4.873195231396838085e-04	2.251651941106301810e-05	1.543832739982709467e-04	-4.259473899621874394e-05	5.609619141199456357e-03	2.136360724457064559e-05	4.751267034730109404e-03	-2.071167841750103816e-04	8.887927808323402572e-05	-4.721750750477453004e-03	1.930752573369607316e-04	1.175468066042482398e-04	-1.284802620060768001e-02	1.362369140235927356e-04	-1.115851900180962926e-03	6.409763591743340705e-04	-4.778929863754227984e-04	-1.369934191851773678e-04	4.736682723771015648e-04	-2.648990667557792078e-04	2.449213636825974330e-04	9.543227969879826509e-05	-3.859412744454057426e-05	-4.489023787551194369e-03	-6.613963988926132708e-05	8.753089621263563519e-03	5.932586429209087760e-05	-3.906475438262522483e-04	5.404584638293821047e-03	-5.246620076099161277e-04	3.351597667726615533e-04	5.788903322482434800e-05	-3.112303418505735241e-05	7.771989053217712661e-05	3.712289167078392942e-05	1.408020636308098613e-04	-2.712773897849166626e-05	3.586967687608109056e-04	-2.623795434862198579e-06	1.700891201553149010e-04	1.311193186421662985e-04	-6.159812535890893262e-04	-3.658725178943786371e-04	2.799691880354480814e-04	-3.655231720509266504e-04	1.667997608523902331e-15	5.306586295170197601e-03	-1.264055867078990592e-02	-4.347216491615301954e-05	5.462287733108071343e-03	-5.837930991890341148e-05	7.083162361134131765e-05	-7.125419684970707294e-05
-3.362220258913131352e-04	-2.215363851566787279e-15	3.117751623763794075e-04	-1.257073126127836518e-03	-6.611254251972890905e-04	1.331426676042473008e-03	1.503372858069111856e-04	2.227155439628499814e-04	0.000000000000000000e+00	1.967097336477097169e-03	-1.034046712302992468e-03	2.134064926542135086e-04	-5.227264740984053325e-04	-1.966769731634498747e-04	1.029527931698932222e-04	-1.172373800478308196e-03	-1.217377899257898624e-06	-1.553750264926833085e-03	2.687493646587347859e-05	-1.070382979021531147e-04	2.213157316256176080e-03	2.248806396627625929e-04	-2.223694116402950231e-04	3.209899563470487716e-03	-1.091068488402464464e-03	5.916361533177475884e-04	3.886364914320220129e-04	-3.087652920082338201e-03	-3.209138455954294337e-04	1.115027284510576545e-03	3.701649370390527709e-04	-2.020337419663679112e-04	7.124094426512643323e-05	3.326730800241688418e-04	8.563694963948620094e-04	1.025192363998903846e-04	-2.306281922457292279e-03	-1.353932565002825849e-04	2.220275770963586227e-04	-1.340818904794740130e-03	1.617391062829794026e-03	-1.028423975464890167e-03	2.733208655615083915e-04	2.328438808112873876e-03	-1.223396825218057375e-04	-6.720756633177499620e-04	-5.776869497965224625e-04	3.950626283466481567e-04	-6.982045158881387522e-04	4.616998416914787611e-04	-4.175145828221099240e-04	-1.776807763259815199e-04	6.228406134945920890e-04	-6.267549065379946112e-04	1.809041461462403827e-03	-5.585328126070355191e-04	3.107710048107780202e-04	-1.855125696980818766e-04	2.309213938253012674e-03	1.130962470741076088e-04	-9.203002309273928573e-04	3.425663554867377971e-05	-9.070648267378003584e-05	-4.749031755254666553e-04
-1.079558900788032700e-04	-1.967097336489058088e-03	2.385853948789661482e-04	1.980278824532692369e-03	1.460674843205931640e-03	-5.133265995601861940e-03	2.208545522831167375e-03	8.259944016939311032e-03	-1.967097336477097169e-03	0.000000000000000000e+00	1.092915336499062414e-04	5.156728660401326252e-04	4.379954485889504064e-05	-4.920237527452533954e-03	2.395825602856342402e-03	5.882555104515059183e-04	2.385853948856154517e-04	1.092915336362401576e-04	4.102575693499030786e-04	-2.238619323958113659e-03	-7.552986630006663623e-04	1.133398579428614855e-02	-3.416226916160298738e-03	-2.172493179236426215e-03	1.980278824525391786e-03	5.156728660099361853e-04	-2.238619323944731135e-03	3.325144111199042525e-03	1.809091953905102778e-03	-2.431514884874114157e-03	-2.972722891381508701e-05	3.657569200577237816e-03	1.460674843185390129e-03	4.379954486870570149e-05	-7.552986630129175216e-04	1.809091953902834194e-03	1.047810411484786496e-03	-4.550753988589791021e-03	1.809434705082800477e-03	6.034088782528907076e-04	-5.133265995590266181e-03	-4.920237527428232213e-03	1.133398579423767517e-02	-2.431514884872787094e-03	-4.550753988567135533e-03	1.239838787426657187e-04	2.379847544532209293e-03	2.077255502168391253e-04	2.208545522826595078e-03	2.395825602850999020e-03	-3.416226916127829052e-03	-2.972722891724566871e-05	1.809434705035395038e-03	2.379847544533962231e-03	-3.675342213921358771e-03	-3.822521268139184632e-03	8.259944016912806192e-03	5.882555104665777379e-04	-2.172493179279655524e-03	3.657569200563701335e-03	6.034088782708741522e-04	2.077255502143383859e-04	-3.822521268116787184e-03	-2.509950230924202878e-04
2.417028558788638523e-05	1.553750264936488773e-03	-9.999059480804753895e-04	-6.471244030930747675e-04	1.427815888395056660e-04	2.044260773533394457e-03	-7.643613703734924774e-04	-4.812439862197204210e-03	1.034046712302992468e-03	-1.092915336499062414e-04	0.000000000000000000e+00	-2.975982087371882253e-04	-5.626896793563254868e-05	2.297916583573643944e-03	-9.840844568477684698e-04	-3.318239192320646775e-04	9.254574570051067443e-05	6.297473122401225920e-15	-2.197019630094930204e-04	1.751479562453274940e-03	3.220017328568217053e-04	-6.134116106834493730e-03	1.524808085360832878e-03	1.050931477878698159e-03	-7.453632625513348115e-04	-2.670496890277800333e-04	-4.432541626194521603e-04	-7.232231088757109074e-04	-6.957891637274641922e-05	8.320087170330526909e-04	1.526812486581545839e-06	-1.357886678782786478e-03	-1.206362222971746421e-03	-2.534161584719987962e-05	3.905705163346185303e-04	-1.355072305178190361e-03	-4.038633925701092518e-04	2.645449285051277959e-03	-8.460114730712359676e-04	-1.554978367710534810e-04	2.174862684721062030e-03	3.877034855739619479e-03	-6.064684121155289667e-03	9.404249674248488147e-04	1.971384093579024374e-03	-4.561769820952212728e-05	-8.668491953312138171e-04	-1.136959432685110283e-03	-8.188406315982475932e-04	-2.255543483652328301e-03	2.527137703632622266e-03	-4.511367358821982205e-05	-9.470057401858265889e-04	-8.792715922209136305e-04	9.818856117448570772e-04	3.980253778731915326e-03	-4.751267034712722270e-03	-1.905182295130611520e-04	1.076992936208887898e-03	-2.410719521219840261e-03	-1.906756018703420984e-04	2.867434629405388787e-04	1.598714526518022318e-03	2.113939310614891781e-04
-4.008043506225559931e-05	-5.916361533294456961e-04	6.168012692930979583e-04	-4.465476724756259688e-03	-4.460076010764586264e-04	7.369669611763426942e-03	-4.477232406218976252e-03	4.873195231396838085e-04	-2.134064926542135086e-04	-5.156728660401326252e-04	2.975982087371882253e-04	0.000000000000000000e+00	2.624302617457628878e-04	9.069962788607957571e-05	-8.438251212888681692e-05	1.178000463168710861e-03	2.744227387787787493e-05	2.670496890437348814e-04	4.952026636972028072e-04	3.115028942154037504e-05	-1.421667560873281786e-03	-8.067398959148569255e-05	1.538035770090095738e-04	-2.752487959148582249e-03	-4.154676140114214877e-03	-7.221708040600072209e-15	7.569028951029020073e-04	-1.142317288021446262e-02	-5.724536211889961861e-04	4.632324636639050669e-03	-9.167164456990437894e-05	-6.152725125176336258e-04	1.915105478260900346e-04	-1.601962668934139541e-05	-1.081335890282096417e-03	3.548079371292758247e-04	1.664781191714212807e-03	-5.446294085840558364e-04	5.580151885512106991e-04	1.119574391021714056e-03	7.309938721605504716e-03	-7.283834350610262492e-04	5.305104360216624480e-04	4.119232153182073378e-03	2.490757833262321900e-04	2.039291345172732344e-04	-4.667479980666047051e-03	6.041248759283551761e-04	-4.078982259797482232e-03	6.609971462182390959e-04	-9.484609116545946253e-04	3.635060793193420955e-04	3.246845286758555859e-04	-4.987093930532376582e-03	1.194678566071879708e-02	-7.949280712797511745e-04	1.115851900193559404e-03	3.447536745573814669e-04	-2.367688191220686592e-03	8.157652974265957018e-04	1.246581039410901703e-03	-2.907971188322197543e-04	-8.510289858073797492e-05	1.554092321888884932e-04
1.253449875016141425e-04	-3.326730800249810176e-04	4.248561383145172689e-04	5.214006635249934015e-06	-5.420450894096794266e-04	2.224187792731872632e-05	-4.945504707447873484e-05	-2.251651941106301810e-05	5.227264740984053325e-04	-4.379954485889504064e-05	5.626896793563254868e-05	-2.624302617457628878e-04	0.000000000000000000e+00	5.525399006366025177e-04	-6.685344515193643571e-04	8.296573714084852676e-05	-6.763747270233152337e-04	2.534161584313917657e-05	-1.155736041482541016e-05	-6.018104277150698907e-04	-3.942682863360353810e-06	-1.112077582250746666e-04	9.652125805060176190e-04	-9.239248433005219823e-05	1.318660735062191381e-04	1.601962669073300278e-05	8.016545812115280761e-04	9.598965008734242923e-05	-6.336550227728598821e-04	5.627364885170796675e-05	3.523964204117467348e-05	-8.125063654126993967e-04	5.164379365435977894e-04	-3.868979687679258844e-16	-6.032450788418464648e-05	5.829979551253724850e-04	5.766183734502598800e-05	-4.693928180284053300e-04	-1.954727445025176069e-04	3.682972376848363185e-05	-1.751762345576344420e-04	-6.906163440311000653e-04	1.018511703769148040e-04	-5.948505480809518646e-05	4.399713532669731757e-04	-1.827898790614308940e-04	1.388345052478517547e-04	8.808989532746744431e-04	-3.497537234784366209e-06	6.089625984554746310e-04	-6.622136817296057475e-04	7.689038749935408730e-05	1.024481900064986591e-04	1.048686016287737226e-04	-1.189226955344486369e-04	-9.943601109646412438e-04	3.859412744261146689e-05	-9.854622404246288396e-06	-1.365597867313218718e-04	9.576036207206127266e-04	5.316018165055977341e-05	-5.337551198254466720e-04	6.592430947878932497e-04	-6.515669344633698283e-06
-2.952178525010837936e-04	1.028423975469012087e-03	-5.266936829791525696e-04	5.530623634572638496e-04	7.029657001171344083e-05	-2.706786171282289655e-03	2.108354767407488034e-03	-1.543832739982709467e-04	1.966769731634498747e-04	4.920237527452533954e-03	-2.297916583573643944e-03	-9.069962788607957571e-05	-5.525399006366025177e-04	0.000000000000000000e+00	-7.484018045042685344e-06	-3.294258948869302137e-03	-5.214424383590943841e-05	-3.877034855758059589e-03	3.158976495450110814e-04	1.375119880638647134e-04	2.676395745330900112e-03	-1.890337663963455469e-04	1.308979279177210041e-04	7.177055600418536831e-03	1.330112602478121693e-03	7.283834350569366387e-04	-4.206702240066632036e-04	3.659482620496874727e-03	4.723988209139968943e-04	-1.585580652637462364e-03	-1.010274335022387786e-04	6.046594534185282133e-04	-1.451499584698915236e-04	6.906163440351035902e-04	1.777718184800390882e-03	-9.740989386140011487e-05	-3.500167654327135218e-03	1.262540453931919869e-04	-8.871764734944481224e-05	-2.647559487035167254e-03	-2.712013623059144306e-03	3.871469117511239233e-15	-2.775922173246474353e-04	-1.041885880737736638e-03	-8.661323465596220718e-04	-9.716518542278678285e-04	3.509215491129750140e-03	-4.749527097941440897e-04	1.693121703972379644e-03	-4.389404200740265301e-04	6.645299749674130844e-04	2.783044342742786986e-04	4.567866855458709800e-04	2.245640890230475410e-03	-5.553482665374311414e-03	3.142606846819480902e-04	-3.351597667816763691e-04	-2.317942182506299922e-03	5.614546086456548291e-03	2.506145986288325629e-05	-1.163151795434393555e-03	9.160811647098495054e-05	-1.715247417815489927e-04	5.611784408941307336e-04
3.046938702572166363e-04	-4.616998416913290870e-04	8.768202938497243358e-05	6.451373914530438621e-04	3.105728798630122628e-04	5.141333796821963330e-04	-1.284262099532121684e-03	4.259473899621874394e-05	-1.029527931698932222e-04	-2.395825602856342402e-03	9.840844568477684698e-04	8.438251212888681692e-05	6.685344515193643571e-04	7.484018045042685344e-06	0.000000000000000000e+00	1.603240038873192993e-03	4.078722533041032386e-05	2.255543483655894459e-03	-1.180264932453018730e-04	-9.172045255066894561e-05	-2.073487981419699575e-03	1.003268690783054432e-04	-6.507302924314184889e-05	-3.740697180713774099e-03	3.980487007018906866e-06	-6.609971462122055108e-04	1.280901552862741570e-04	3.072153279054694384e-05	-5.790859037825144202e-05	1.475573259532798399e-04	-4.450112435716534458e-04	-2.908604476333830213e-05	7.315635281785442927e-06	-6.089625984570584336e-04	-7.187433048776017746e-04	-1.657558081168011252e-05	1.879775517514184480e-03	-5.669375375653239028e-06	5.284390047114987017e-05	1.348301303720539053e-03	4.192621583362739950e-04	4.389404200702639149e-04	5.364217398728588133e-07	-8.440183989226349246e-04	4.552782699406571080e-04	1.061725811600221616e-03	-1.470546751414448551e-03	5.657812787683670966e-05	-4.834690227529095169e-04	4.074906102650988071e-17	-9.108884116456252310e-06	-3.487618122503584480e-04	-6.211437435303798424e-04	-7.004545988744373310e-04	1.792730995591421128e-03	-4.700998560878365793e-05	2.623795436795205692e-06	3.964719760201494865e-04	-2.284481856231797801e-03	-1.727333372165483602e-04	2.322271778227359717e-04	-1.411853440505178398e-05	1.276527372805821977e-04	-2.866313897468655936e-05
1.201359368314272542e-04	1.855125697084183619e-04	9.162570368381403596e-04	-7.170925766116034196e-04	-1.729350285758317340e-03	2.289667434414992264e-03	-8.621430987649854501e-04	-5.609619141199456357e-03	1.172373800478308196e-03	-5.882555104515059183e-04	3.318239192320646775e-04	-1.178000463168710861e-03	-8.296573714084852676e-05	3.294258948869302137e-03	-1.603240038873192993e-03	0.000000000000000000e+00	-4.074696781214495213e-05	1.905182295142541539e-04	-3.344781855284344445e-04	1.903886776638413336e-03	3.386897683172351197e-04	-7.267753684078914235e-03	2.486632121212544247e-03	7.350300988443925383e-04	-5.008315657634232823e-04	-3.447536745342797749e-04	2.190512601219080958e-03	-3.436338236598331900e-04	-2.185564054000194156e-03	9.099175932913313152e-04	4.892925329904471168e-06	-4.313363834760650106e-03	-1.127506207369481303e-03	9.854622398223289524e-06	2.133226950222694477e-04	-1.164653887254026628e-03	-2.202700649843770410e-04	2.681266762717559107e-03	-1.222775031360876299e-03	-7.749232616390448823e-05	1.972709406507644828e-03	2.317942182495934082e-03	-6.589241323368338205e-03	8.010584110200820104e-04	3.821466596021745772e-03	-1.595419034629397921e-04	-6.867638145272192841e-04	9.431666108399633028e-04	-8.250569490168334439e-04	-3.964719760210749615e-04	4.114768425844544128e-05	6.443601908830276091e-05	-5.242708745053451663e-04	-8.255467202201364867e-04	6.959509272310047349e-04	1.732956919777375697e-03	-5.306586295154848767e-03	-8.494825665377597756e-15	5.943636796948729636e-04	-1.799868037447725951e-03	-3.718532965727817734e-05	-3.269700613997729021e-04	2.287763791028449289e-03	1.333696707526150073e-04
4.379619383284553036e-04	-3.117751623743369874e-04	-3.979614896084879283e-16	1.469758244087008246e-03	2.943457054534439265e-04	-1.131048116154890126e-03	-1.600841165785781787e-04	-2.136360724457064559e-05	1.217377899257898624e-06	-2.385853948856154517e-04	-9.254574570051067443e-05	-2.744227387787787493e-05	6.763747270233152337e-04	5.214424383590943841e-05	-4.078722533041032386e-05	4.074696781214495213e-05	0.000000000000000000e+00	9.999059480849557466e-04	-4.583131879256155134e-04	-6.662194066444135756e-05	-6.920221782196731052e-04	2.731478320801196418e-05	-6.665746964824295281e-06	-4.325283898487453029e-04	8.387309437915619259e-04	-6.168012692869054292e-04	5.043303801531335320e-05	2.605510412146775159e-03	6.606860353706418907e-05	-1.032479583025094124e-03	2.740001521687032419e-05	1.417549397277677813e-04	-5.646180595130582936e-05	-4.248561383157883333e-04	5.671075774292125889e-04	-2.452884055846814542e-05	-2.155724421009125487e-04	9.044290706521941614e-07	4.644930811594871842e-05	5.269664638564421305e-05	-1.024739290396749821e-03	5.266936829764093213e-04	-2.333835469204650101e-04	-1.723308204585693440e-03	3.163215852620330061e-04	7.210922347964631969e-04	-3.566063538548333274e-04	-6.443664423802472109e-05	4.496199436254898728e-04	-8.768202938528511748e-05	1.235540312247006441e-04	9.894861659094792152e-06	-4.456986846059186273e-04	3.710274921075621757e-04	-9.152341484079582444e-04	5.991412014039843259e-05	-2.045486181229801625e-04	-9.162570368382342515e-04	9.735931334346364149e-04	-1.040038815206437259e-04	-1.011194939644380515e-03	-4.299741108101657987e-05	1.783162263076771116e-04	3.752986227304953544e-04
2.417028558835811821e-05	1.034046712311794455e-03	9.254574570229554225e-05	-7.453632625581816567e-04	-1.206362222982423210e-03	2.174862684735464572e-03	-8.188406316057278292e-04	-4.751267034730109404e-03	1.553750264926833085e-03	-1.092915336362401576e-04	-6.297473122401225920e-15	-2.670496890437348814e-04	-2.534161584313917657e-05	3.877034855758059589e-03	-2.255543483655894459e-03	-1.905182295142541539e-04	-9.999059480849557466e-04	0.000000000000000000e+00	-2.197019630079081066e-04	-4.432541626171511038e-04	3.905705163339595522e-04	-6.064684121186101826e-03	2.527137703649087394e-03	1.076992936202402634e-03	-6.471244030939755226e-04	-2.975982087213898276e-04	1.751479562445520076e-03	-7.232231088820770173e-04	-1.355072305178790792e-03	9.404249674257779759e-04	-4.511367358740705667e-05	-2.410719521225420867e-03	1.427815888557403467e-04	-5.626896793942302112e-05	3.220017328654095623e-04	-6.957891637136140515e-05	-4.038633925777490282e-04	1.971384093597396830e-03	-9.470057402164091132e-04	-1.906756018671334563e-04	2.044260773536055089e-03	2.297916583563490173e-03	-6.134116106814793343e-03	8.320087170340998133e-04	2.645449285041251257e-03	-4.561769820609116950e-05	-8.792715922306604997e-04	2.867434629384582405e-04	-7.643613703770022567e-04	-9.840844568479475800e-04	1.524808085350227429e-03	1.526812490079371783e-06	-8.460114730500763527e-04	-8.668491953411958497e-04	9.818856117629417863e-04	1.598714526531241562e-03	-4.812439862180828420e-03	-3.318239192464385963e-04	1.050931477914222260e-03	-1.357886678781159307e-03	-1.554978367861186057e-04	-1.136959432682394140e-03	3.980253778722269396e-03	2.113939310618554216e-04
-4.771667027522658630e-06	-2.687493646584116597e-05	4.583131879228161576e-04	1.424291685122870384e-04	-4.697709385425752511e-04	-2.729205142672057067e-04	9.844699801629850874e-05	2.071167841750103816e-04	-2.687493646587347859e-05	-4.102575693499030786e-04	2.197019630094930204e-04	-4.952026636972028072e-04	1.155736041482541016e-05	-3.158976495450110814e-04	1.180264932453018730e-04	3.344781855284344445e-04	4.583131879256155134e-04	2.197019630079081066e-04	0.000000000000000000e+00	8.534678248396222831e-04	-2.367183163867166227e-04	1.090637374526379731e-04	2.521072647793347462e-04	-6.650308166695081090e-04	1.424291685127937945e-04	-4.952026636953414489e-04	8.534678248331574024e-04	3.960586717433193572e-04	-4.704764052810857228e-05	-1.892382704586101990e-04	3.673842450579566793e-05	8.385861687619026702e-04	-4.697709385483574097e-04	1.155736041477140334e-05	-2.367183163858152712e-04	-4.704764053040573241e-05	3.840660804992674271e-04	-4.470429850603902791e-04	-5.588129940313376454e-05	1.924632796303261950e-04	-2.729205142676420981e-04	-3.158976495403241296e-04	1.090637374529305180e-04	-1.892382704596855920e-04	-4.470429850592301827e-04	3.495556859537403118e-05	1.805616863568270942e-04	-3.568935418717683757e-04	9.844699801689257021e-05	1.180264932434650854e-04	2.521072647779209466e-04	3.673842450612612598e-05	-5.588129940534753597e-05	1.805616863559806034e-04	-3.165096181653369268e-04	-6.190485607024374688e-04	2.071167841718653279e-04	3.344781855292163712e-04	-6.650308166716036549e-04	8.385861687636103970e-04	1.924632796305997392e-04	-3.568935418701572513e-04	-6.190485607055990023e-04	-1.400427512409412522e-04
5.654530500270705346e-04	-3.886364914296717337e-04	-5.043303801643509587e-05	3.244075999164422550e-03	2.546987315378482350e-04	-3.028094678200572362e-03	1.243909316410616531e-03	-8.887927808323402572e-05	1.070382979021531147e-04	2.238619323958113659e-03	-1.751479562453274940e-03	-3.115028942154037504e-05	6.018104277150698907e-04	-1.375119880638647134e-04	9.172045255066894561e-05	-1.903886776638413336e-03	6.662194066444135756e-05	4.432541626171511038e-04	-8.534678248396222831e-04	0.000000000000000000e+00	1.853242027597890723e-03	2.470939064327931775e-04	-2.821307525322138549e-04	4.338517813025332022e-03	1.303158196499877575e-03	-7.569028950966695795e-04	-1.055186211844361122e-15	4.660173210099396307e-03	1.296237308317833446e-04	-2.180101994407604264e-03	8.785816761248291078e-04	4.942092570751975122e-04	-1.637243367441136251e-04	-8.016545812159657156e-04	2.786509282953662618e-03	-1.425027521366837983e-04	-4.249915736068959199e-03	1.347492675712434621e-04	-1.709315143971531896e-04	-2.210253224598147936e-03	-1.619406830581027667e-03	4.206702240059056715e-04	-3.621716372227991570e-04	-1.744940148207708205e-03	5.050111937537457747e-04	9.093164288359431753e-04	-1.099146195728812128e-03	-3.695256674115645419e-05	9.853568392915118893e-04	-1.280901552855455731e-04	4.898425913775760225e-04	-4.822893993388944209e-04	-7.753945571150812777e-04	1.286570380482826570e-03	-2.568468352638055442e-03	1.415010231127059216e-05	-6.409763591791499881e-04	-2.190512601235363940e-03	6.218626100888077074e-03	-3.467145278917087813e-04	-4.507861567047114285e-03	8.929512658129631214e-05	9.849132812611121864e-05	-6.308283747883148022e-04
-1.910034573620144726e-04	-8.563694964041576336e-04	-5.671075774267976370e-04	3.300677253204415350e-04	1.852816842530068250e-03	-1.637274955937714598e-03	6.485401183940375965e-04	4.721750750477453004e-03	-2.213157316256176080e-03	7.552986630006663623e-04	-3.220017328568217053e-04	1.421667560873281786e-03	3.942682863360353810e-06	-2.676395745330900112e-03	2.073487981419699575e-03	-3.386897683172351197e-04	6.920221782196731052e-04	-3.905705163339595522e-04	2.367183163867166227e-04	-1.853242027597890723e-03	0.000000000000000000e+00	6.094984781598143317e-03	-4.095509483050817010e-03	2.920269659356482250e-06	1.498363891500757500e-04	1.081335890263823707e-03	-2.786509282936622429e-03	-2.268152121750093627e-04	1.563398200083413944e-03	-6.263639563423579592e-04	7.036060320932332210e-05	1.843358077552628834e-03	8.536844336766242960e-04	6.032450788860489808e-05	-5.771872237970987474e-15	2.553901509465495638e-04	-2.640888187900847749e-04	-1.065341725590943697e-03	1.753574185753990463e-03	-1.873416604828540585e-04	-1.303923192302152518e-03	-1.777718184798765446e-03	5.713789819219135604e-03	-5.122002142922130793e-04	-2.235762490359531271e-03	2.114963126745647158e-04	3.019087910839637814e-04	-3.258242937092883929e-04	5.857905963222059028e-04	7.187433048816392351e-04	-1.640839428341628933e-03	1.535197976753265129e-05	9.641780896756995886e-04	4.160271054456343405e-04	-2.477683709751447990e-04	-6.982649578804879086e-04	4.489023787539070387e-03	-2.133226950095368484e-04	-1.138426918729137092e-04	-7.988093503091857816e-04	-1.057251190724530507e-04	1.107070189187852813e-03	-1.634587851969150022e-03	4.023650449961596446e-05
4.234984674499577191e-05	-2.733208655623875168e-04	2.333835469233828421e-04	-8.878618807406232164e-04	-2.365261571639440819e-04	1.547607039769103698e-03	-1.045416537144228369e-03	-1.930752573369607316e-04	-2.248806396627625929e-04	-1.133398579428614855e-02	6.134116106834493730e-03	8.067398959148569255e-05	1.112077582250746666e-04	1.890337663963455469e-04	-1.003268690783054432e-04	7.267753684078914235e-03	-2.731478320801196418e-05	6.064684121186101826e-03	-1.090637374526379731e-04	-2.470939064327931775e-04	-6.094984781598143317e-03	0.000000000000000000e+00	-7.977126047515356415e-06	-1.636030213499675007e-02	-1.171542155979684029e-04	-5.305104360080084396e-04	3.621716372203589432e-04	-1.307226465990905893e-03	-2.098728804199167662e-04	8.955349551830610322e-04	-4.446099292982376439e-04	-1.992526363875473912e-04	9.825661407929955188e-05	-1.018511703816930185e-04	-5.713789819235520935e-03	-4.471709919568103963e-05	1.041883932078830309e-02	3.977451474026342279e-05	1.607816446495201573e-04	6.871402916193054128e-03	8.421235845069562510e-05	2.775922173133206668e-04	9.382539911022627632e-15	6.730158837908443883e-05	1.232181875461609997e-05	9.822754038903532469e-05	-1.828203188484770955e-04	-9.611857286709534441e-05	-3.474141655757092759e-04	-5.364217368172992644e-07	-1.513808434435780865e-04	1.781539681771570033e-04	2.230870145794638167e-04	-7.831314124778042526e-04	1.464761111790392669e-03	1.806077578095338480e-04	-5.788903321074017553e-05	6.589241323392770917e-03	-1.594313444231548055e-02	-4.850747633170500277e-04	6.911739780011917113e-03	-6.206135250800566940e-05	5.206453065391223461e-04	1.054520783166765143e-04
-5.874652264852228429e-04	4.175145828199069878e-04	-1.235540312238069633e-04	-1.437913128228068653e-03	-3.410652658827522180e-04	1.272413445301663615e-03	1.101225212465101883e-03	-1.175468066042482398e-04	2.223694116402950231e-04	3.416226916160298738e-03	-1.524808085360832878e-03	-1.538035770090095738e-04	-9.652125805060176190e-04	-1.308979279177210041e-04	6.507302924314184889e-05	-2.486632121212544247e-03	6.665746964824295281e-06	-2.527137703649087394e-03	-2.521072647793347462e-04	2.821307525322138549e-04	4.095509483050817010e-03	7.977126047515356415e-06	0.000000000000000000e+00	6.282271006987347195e-03	-1.481985007232186104e-03	9.484609116425934830e-04	-4.898425913759706443e-04	-4.141806830474612303e-03	7.276616503803709762e-05	1.268708782354190448e-03	8.371291366172887039e-04	5.380838440788696841e-06	-2.415943315988653686e-05	6.622136817315278211e-04	1.640839428350516355e-03	-9.157887606008506071e-06	-4.151538109265211218e-03	2.189523578711233471e-05	-3.848486371154520016e-04	-2.540238633904309904e-03	2.282174984634613088e-03	-6.645299749615302034e-04	1.513808434339901615e-04	3.601538694065400253e-03	-2.840132951211779902e-04	-1.060987098895233797e-03	-7.691052372105142143e-04	-3.883322271148730590e-05	-7.988750829676361225e-04	9.108884117210345414e-06	1.117378758963560870e-15	-4.123112135021255419e-04	4.736517915586029069e-04	-5.058881142912509616e-04	1.724371293369435449e-03	2.971576998727045371e-04	-1.700891201591922248e-04	-4.114768427180136193e-05	4.141926591583704534e-03	2.158825573482361167e-04	-1.905014446557556571e-03	7.252886910954253383e-05	-3.438847105772506072e-04	-8.372339253587164631e-04
-2.963851288068644553e-04	-2.309213938278632805e-03	-9.735931334350127414e-04	9.541759253942300265e-04	4.142296949954403507e-03	-4.293705307988832445e-03	1.512967258424351407e-03	1.284802620060768001e-02	-3.209899563470487716e-03	2.172493179236426215e-03	-1.050931477878698159e-03	2.752487959148582249e-03	9.239248433005219823e-05	-7.177055600418536831e-03	3.740697180713774099e-03	-7.350300988443925383e-04	4.325283898487453029e-04	-1.076992936202402634e-03	6.650308166695081090e-04	-4.338517813025332022e-03	-2.920269659356482250e-06	1.636030213499675007e-02	-6.282271006987347195e-03	0.000000000000000000e+00	6.479365967536235109e-04	2.367688191171009315e-03	-6.218626100858293607e-03	-5.567165340017905546e-04	3.834837269393340763e-03	-1.559483945330299246e-03	1.777058227932997272e-04	5.568520963846357308e-03	2.563415570905977318e-03	1.365597867414719828e-04	1.138426918430720202e-04	2.437399201356463870e-03	-8.113396697403477131e-04	-5.787635364431744506e-03	3.242809434479987721e-03	-6.803551398353618234e-04	-3.760693311129400303e-03	-5.614546086438577423e-03	1.594313444227171001e-02	-1.389380346209313994e-03	-6.413777027747960893e-03	3.326826481738957928e-04	1.071284542831318562e-03	-7.098297625802130976e-04	1.433877443184872766e-03	2.284481856237139449e-03	-4.141926591559891985e-03	8.892529112025211139e-05	2.135994906322410784e-03	1.170066662471698580e-03	-3.853640841442050775e-04	-3.253680831338184604e-03	1.264055867074640079e-02	-5.943636796532057731e-04	-4.964225645137654297e-14	3.545255784814001741e-03	-6.056110171213672979e-04	8.015632886591945658e-04	-5.061885608134822356e-03	-2.611276387554527147e-04
1.045682776744198401e-04	1.257073126132267436e-03	-1.469758244092011622e-03	2.707930451054108012e-15	2.339798535053358962e-03	3.767098784160521105e-04	-3.240933337353396181e-04	-1.362369140235927356e-04	1.091068488402464464e-03	-1.980278824525391786e-03	7.453632625513348115e-04	4.154676140114214877e-03	-1.318660735062191381e-04	-1.330112602478121693e-03	-3.980487007018906866e-06	5.008315657634232823e-04	-8.387309437915619259e-04	6.471244030939755226e-04	-1.424291685127937945e-04	-1.303158196499877575e-03	-1.498363891500757500e-04	1.171542155979684029e-04	1.481985007232186104e-03	-6.479365967536235109e-04	0.000000000000000000e+00	4.465476724771326629e-03	-3.244075999179371964e-03	-2.439615830933166904e-05	7.592895945655897018e-04	3.634506660501192173e-04	-1.291722501307096451e-04	-1.503017874244499865e-03	1.496330038658938606e-03	-5.214006639319744368e-06	-3.300677253099291650e-04	3.693231068551509357e-05	1.038300700477954534e-03	1.282349647427071491e-03	-4.611628444161601156e-03	3.369511740419775460e-04	3.010290919535598591e-04	-5.530623634600790890e-04	8.878618807529567751e-04	2.794256598945994968e-04	9.986332727166288663e-04	-7.265427102332396763e-05	-2.912890218932284638e-04	9.344074369179926440e-05	-3.572133329823203160e-04	-6.451373914575021015e-04	1.437913128228028971e-03	-1.379864269830957072e-04	-4.448561186280440907e-03	-3.346546179490597996e-04	6.860890964873547510e-04	4.395318797348817886e-04	4.509202086003307472e-04	7.170925766027363805e-04	-9.541759253680014412e-04	-1.432283272585067489e-03	4.366885754412799304e-04	8.582586218028817344e-04	-1.570887652118887947e-03	-6.264470771065825674e-05
-4.008043506367648691e-05	-2.134064926500458626e-04	2.744227387919915146e-05	-4.154676140132358350e-03	1.915105478239885256e-04	7.309938721642313814e-03	-4.078982259816010814e-03	1.115851900180962926e-03	-5.916361533177475884e-04	-5.156728660099361853e-04	2.670496890277800333e-04	7.221708040600072209e-15	-1.601962669073300278e-05	-7.283834350569366387e-04	6.609971462122055108e-04	3.447536745342797749e-04	6.168012692869054292e-04	2.975982087213898276e-04	4.952026636953414489e-04	7.569028950966695795e-04	-1.081335890263823707e-03	5.305104360080084396e-04	-9.484609116425934830e-04	-2.367688191171009315e-03	-4.465476724771326629e-03	0.000000000000000000e+00	3.115028943500075856e-05	-1.142317288025049976e-02	3.548079371211777561e-04	4.119232153199330407e-03	3.635060793208235493e-04	8.157652974161084310e-04	-4.460076010745234881e-04	2.624302617444072556e-04	-1.421667560854320391e-03	-5.724536211866213496e-04	1.664781191682856596e-03	2.490757833315999665e-04	3.246845286607221836e-04	1.246581039392071280e-03	7.369669611796194134e-03	9.069962789188447546e-05	-8.067398961641925254e-05	4.632324636656578315e-03	-5.446294085689651517e-04	2.039291345200465694e-04	-4.987093930558585651e-03	-2.907971188261391149e-04	-4.477232406234185440e-03	-8.438251213094417186e-05	1.538035770193264622e-04	-9.167164457121351241e-05	5.580151885332911140e-04	-4.667479980685815960e-03	1.194678566076646034e-02	-8.510289858519609228e-05	4.873195231236668898e-04	1.178000463144465281e-03	-2.752487959097713217e-03	-6.152725125179700537e-04	1.119574391001694480e-03	6.041248759239901782e-04	-7.949280712731892577e-04	1.554092321918413449e-04
5.654530500272842309e-04	1.070382978975280844e-04	6.662194066521703645e-05	1.303158196510468061e-03	-1.637243367440564335e-04	-1.619406830604236749e-03	9.853568393077246149e-04	-6.409763591743340705e-04	-3.886364914320220129e-04	2.238619323944731135e-03	4.432541626194521603e-04	-7.569028951029020073e-04	-8.016545812115280761e-04	4.206702240066632036e-04	-1.280901552862741570e-04	-2.190512601219080958e-03	-5.043303801531335320e-05	-1.751479562445520076e-03	-8.534678248331574024e-04	1.055186211844361122e-15	2.786509282936622429e-03	-3.621716372203589432e-04	4.898425913759706443e-04	6.218626100858293607e-03	3.244075999179371964e-03	-3.115028943500075856e-05	0.000000000000000000e+00	4.660173210132365594e-03	-1.425027521343352809e-04	-1.744940148221038687e-03	-4.822893993357020418e-04	-3.467145278837225481e-04	2.546987315379360553e-04	6.018104277196563911e-04	1.853242027580039985e-03	1.296237308332061973e-04	-4.249915736045103282e-03	5.050111937498311544e-04	-7.753945571069140912e-04	-4.507861567040965557e-03	-3.028094678229952506e-03	-1.375119880637202976e-04	2.470939064389588184e-04	-2.180101994425885648e-03	1.347492675681096299e-04	9.093164288344370016e-04	1.286570380497767743e-03	8.929512658111367828e-05	1.243909316421831519e-03	9.172045255294422519e-05	-2.821307525334500622e-04	8.785816761289386677e-04	-1.709315143967801969e-04	-1.099146195716230829e-03	-2.568468352669528096e-03	9.849132812058742541e-05	-8.887927807186703330e-05	-1.903886776621528405e-03	4.338517812985319758e-03	4.942092570814869690e-04	-2.210253224581478545e-03	-3.695256674271550981e-05	1.415010230925574472e-05	-6.308283747916562049e-04
3.107820906166361636e-04	3.087652920099530178e-03	-2.605510412163367789e-03	2.439615831794793212e-05	4.319237191817799568e-03	8.331912371245202677e-04	-9.784025492689230573e-04	4.778929863754227984e-04	3.087652920082338201e-03	-3.325144111199042525e-03	7.232231088757109074e-04	1.142317288021446262e-02	-9.598965008734242923e-05	-3.659482620496874727e-03	-3.072153279054694384e-05	3.436338236598331900e-04	-2.605510412146775159e-03	7.232231088820770173e-04	-3.960586717433193572e-04	-4.660173210099396307e-03	2.268152121750093627e-04	1.307226465990905893e-03	4.141806830474612303e-03	5.567165340017905546e-04	2.439615830933166904e-05	1.142317288025049976e-02	-4.660173210132365594e-03	0.000000000000000000e+00	6.588618739907230615e-04	7.172664785946494120e-04	-3.730284892799930066e-04	-3.578410455270298642e-03	4.319237191808567369e-03	-9.598965009295764780e-05	2.268152121866395994e-04	6.588618739647694299e-04	1.219114209457297735e-03	3.190079536576332590e-03	-1.300655180527729785e-02	-9.935980230794819526e-05	8.331912371383047057e-04	-3.659482620502159562e-03	1.307226466011634971e-03	7.172664786014467091e-04	3.190079536544015992e-03	1.033206793311274366e-05	-9.702106718463773555e-04	1.999759259510080350e-03	-9.784025492697192954e-04	-3.072153280819115513e-05	4.141806830492547609e-03	-3.730284892832620930e-04	-1.300655180525659219e-02	-9.702106718452870818e-04	2.106882273692712616e-03	-3.707547202090246720e-03	4.778929863608463507e-04	3.436338236605722364e-04	5.567165340277341031e-04	-3.578410455302702409e-03	-9.935980232162388778e-05	1.999759259532857270e-03	-3.707547202113650308e-03	2.308498209649607110e-05
-6.116436514795691153e-04	-1.025192363985862249e-04	2.452884055863966959e-05	-3.693231069136798282e-05	2.795733648730820806e-05	-1.808526483096404647e-04	1.509224567635110230e-04	1.369934191851773678e-04	3.209138455954294337e-04	-1.809091953905102778e-03	6.957891637274641922e-05	5.724536211889961861e-04	6.336550227728598821e-04	-4.723988209139968943e-04	5.790859037825144202e-05	2.185564054000194156e-03	-6.606860353706418907e-05	1.355072305178790792e-03	4.704764052810857228e-05	-1.296237308317833446e-04	-1.563398200083413944e-03	2.098728804199167662e-04	-7.276616503803709762e-05	-3.834837269393340763e-03	-7.592895945655897018e-04	-3.548079371211777561e-04	1.425027521343352809e-04	-6.588618739907230615e-04	0.000000000000000000e+00	1.117043368328750385e-03	-4.849078978329947158e-04	1.443482933817972710e-04	-2.344667515743569094e-04	-5.829979551282313092e-04	-2.553901509416765087e-04	-7.195714293514732240e-16	2.267583236375907228e-03	-3.964615320435597870e-04	5.182150546152723041e-04	2.434990565623497416e-03	-3.040355809247331483e-04	9.740989385923938125e-05	4.471709919749048496e-05	3.208215057011347729e-04	-1.336420131651185777e-05	-7.226550052687520133e-04	7.732161507045568708e-04	-1.236565680745330551e-05	9.981210697079545037e-04	1.657558081228214288e-05	9.157887602590013233e-06	-4.516022707751314873e-04	-6.166288284256164960e-05	1.440498758763471016e-03	-1.248779536547163678e-03	-1.137781733117029277e-04	6.613963988779853506e-05	1.164653887250888514e-03	-2.437399201345277072e-03	-9.055439261148082956e-05	1.291000881974784485e-03	-5.752223858866876917e-06	2.194036159670168131e-05	7.234428207874631729e-05
-1.608132574524477544e-04	-2.328438808126444617e-03	1.723308204595743343e-03	-2.794256598967475181e-04	-1.937341924760962227e-03	-1.288624642072846592e-05	2.197077050063551637e-04	-4.736682723771015648e-04	-1.115027284510576545e-03	2.431514884874114157e-03	-8.320087170330526909e-04	-4.632324636639050669e-03	-5.627364885170796675e-05	1.585580652637462364e-03	-1.475573259532798399e-04	-9.099175932913313152e-04	1.032479583025094124e-03	-9.404249674257779759e-04	1.892382704586101990e-04	2.180101994407604264e-03	6.263639563423579592e-04	-8.955349551830610322e-04	-1.268708782354190448e-03	1.559483945330299246e-03	-3.634506660501192173e-04	-4.119232153199330407e-03	1.744940148221038687e-03	-7.172664785946494120e-04	-1.117043368328750385e-03	0.000000000000000000e+00	1.991906347740315648e-04	-8.901592131995133411e-04	-1.721646248472958208e-03	5.948505480883625220e-05	5.122002142920753856e-04	-3.208215056884361634e-04	-1.718268225432666250e-03	-1.257402992054394274e-03	4.960563002022502256e-03	-7.565443493689637169e-04	2.454145171456196270e-04	1.041885880737136640e-03	-6.730158838307019641e-05	-4.421819457627301081e-15	-1.317150167478902604e-04	7.938724133813219487e-06	5.447968062992910394e-05	1.923126968646161536e-04	2.857665371505521072e-05	8.440183989345394645e-04	-3.601538694080579951e-03	8.846957191450317858e-05	5.490222523929869439e-03	1.315752176830743789e-04	-1.713027196144819566e-04	1.439579131901817886e-03	3.112303419302378537e-05	-8.010584110212533825e-04	1.389380346202211819e-03	1.661075730186412774e-03	-6.124533784543880529e-04	-7.980117418009743252e-04	1.190291911772472632e-03	-7.110936629338846979e-05
6.533043090184632211e-06	1.776807763309367575e-04	-9.894861663239104134e-06	1.379864269834662062e-04	-1.410301196577930564e-04	-2.108954276183347366e-04	1.291169166079438448e-04	2.648990667557792078e-04	-3.701649370390527709e-04	2.972722891381508701e-05	-1.526812486581545839e-06	9.167164456990437894e-05	-3.523964204117467348e-05	1.010274335022387786e-04	4.450112435716534458e-04	-4.892925329904471168e-06	-2.740001521687032419e-05	4.511367358740705667e-05	-3.673842450579566793e-05	-8.785816761248291078e-04	-7.036060320932332210e-05	4.446099292982376439e-04	-8.371291366172887039e-04	-1.777058227932997272e-04	1.291722501307096451e-04	-3.635060793208235493e-04	4.822893993357020418e-04	3.730284892799930066e-04	4.849078978329947158e-04	-1.991906347740315648e-04	0.000000000000000000e+00	1.059204041020663217e-03	3.008325985606225168e-04	-7.689038749767309960e-05	-1.535197977232294786e-05	4.516022707718700987e-04	1.312044871332291533e-04	6.489238154029210539e-05	3.913364245171965642e-04	1.297330548612277428e-04	-2.154051657802640843e-04	-2.783044342694287912e-04	-1.781539681808894235e-04	-8.846957191101539506e-05	-5.408152292728736271e-04	7.326757434226708639e-06	1.231081144458814566e-04	-1.181238871102170115e-04	1.588059256196036237e-04	3.487618122452993980e-04	4.123112135100058485e-04	-8.691455893753211037e-16	3.487058114640010991e-05	1.574958659085089945e-04	-3.879230424247589971e-04	-7.028322191657833092e-04	-1.311193186441024126e-04	-6.443601908388425759e-05	-8.892529112914475116e-05	-3.998317508782971630e-04	6.980716046000559789e-05	-4.466885574157001892e-05	5.857148017866561484e-04	1.446539504645313380e-04
-6.940468494657412672e-04	-1.130962470765402468e-04	1.040038815230709022e-04	1.432283272581143544e-03	-6.324886906875818956e-05	-2.640737935693928361e-03	1.757645123212179996e-03	-2.449213636825974330e-04	2.020337419663679112e-04	-3.657569200577237816e-03	1.357886678782786478e-03	6.152725125176336258e-04	8.125063654126993967e-04	-6.046594534185282133e-04	2.908604476333830213e-05	4.313363834760650106e-03	-1.417549397277677813e-04	2.410719521225420867e-03	-8.385861687619026702e-04	-4.942092570751975122e-04	-1.843358077552628834e-03	1.992526363875473912e-04	-5.380838440788696841e-06	-5.568520963846357308e-03	1.503017874244499865e-03	-8.157652974161084310e-04	3.467145278837225481e-04	3.578410455270298642e-03	-1.443482933817972710e-04	8.901592131995133411e-04	-1.059204041020663217e-03	0.000000000000000000e+00	-2.948917653533338025e-04	-9.576036207232762861e-04	7.988093503058769050e-04	9.055439260768430591e-05	2.642686438377725607e-03	-3.482638646108471335e-04	6.968010712036645316e-04	2.441382634880856842e-03	-4.047301723563966232e-03	-2.506145987016158679e-05	4.850747633319929357e-04	-1.661075730171970334e-03	9.201414321183883516e-05	-1.290802545794692609e-03	3.307905223881166517e-03	1.150116257311005203e-04	4.115920341286113428e-03	1.727333372219521865e-04	-2.158825573623538926e-04	3.998317508752350508e-04	-4.443793789152902666e-04	2.787676037631078158e-03	-6.411401624281746689e-03	-3.181826585783155501e-04	4.347216492521701069e-05	1.799868037452801751e-03	-3.545255784819858168e-03	-1.415344621016889626e-15	1.721523773640955095e-03	-1.050363395366371165e-04	4.513124464383659758e-04	-5.247654978628495332e-04
-4.623227811799621167e-04	6.611254251965500983e-04	-2.943457054532762004e-04	-2.339798535050175744e-03	7.261715100764787323e-16	2.236920485270781772e-03	-7.623267276246734232e-04	-9.543227969879826509e-05	-7.124094426512643323e-05	-1.460674843185390129e-03	1.206362222971746421e-03	-1.915105478260900346e-04	-5.164379365435977894e-04	1.451499584698915236e-04	-7.315635281785442927e-06	1.127506207369481303e-03	5.646180595130582936e-05	-1.427815888557403467e-04	4.697709385483574097e-04	1.637243367441136251e-04	-8.536844336766242960e-04	-9.825661407929955188e-05	2.415943315988653686e-05	-2.563415570905977318e-03	-1.496330038658938606e-03	4.460076010745234881e-04	-2.546987315379360553e-04	-4.319237191808567369e-03	2.344667515743569094e-04	1.721646248472958208e-03	-3.008325985606225168e-04	2.948917653533338025e-04	0.000000000000000000e+00	5.420450894129025428e-04	-1.852816842527429302e-03	-2.795733648790072455e-05	2.603996761771525982e-03	3.103383656289748598e-05	-1.021876877835325222e-04	1.320067385535052523e-03	2.103858291176422066e-03	-7.029657001082644148e-05	2.365261571619122058e-04	1.937341924755105584e-03	-7.362799488500699693e-04	-5.696822110814033988e-04	-7.149150950418619351e-05	-3.643894269231105353e-04	-1.132734368214608801e-03	-3.105728798621479911e-04	3.410652658819399337e-04	1.410301196612570281e-04	3.400802038804112346e-04	-1.140214680756561003e-03	2.644108152504810044e-03	3.140417688738318279e-04	4.671372257515701441e-05	1.729350285750806421e-03	-4.142296949934750824e-03	6.324886906753843501e-05	2.797525358144450219e-03	-1.876556553600443409e-05	-1.052767485768584454e-04	1.955474335033388742e-04
1.253449875021092706e-04	5.227264740982845524e-04	-6.763747270241908353e-04	1.318660735103322759e-04	5.164379365451506922e-04	-1.751762345645740677e-04	-3.497537230667975821e-06	3.859412744454057426e-05	-3.326730800241688418e-04	-4.379954486870570149e-05	2.534161584719987962e-05	1.601962668934139541e-05	3.868979687679258844e-16	-6.906163440351035902e-04	6.089625984570584336e-04	-9.854622398223289524e-06	4.248561383157883333e-04	5.626896793942302112e-05	-1.155736041477140334e-05	8.016545812159657156e-04	-6.032450788860489808e-05	1.018511703816930185e-04	-6.622136817315278211e-04	-1.365597867414719828e-04	5.214006639319744368e-06	-2.624302617444072556e-04	-6.018104277196563911e-04	9.598965009295764780e-05	5.829979551282313092e-04	-5.948505480883625220e-05	7.689038749767309960e-05	9.576036207232762861e-04	-5.420450894129025428e-04	0.000000000000000000e+00	-3.942682866525909057e-06	-6.336550227741075819e-04	5.766183735158621752e-05	4.399713532639394154e-04	1.024481900098442088e-04	5.316018165443866253e-05	2.224187792089909750e-05	5.525399006355079072e-04	-1.112077582190790286e-04	5.627364885098746019e-05	-4.693928180321156867e-04	-1.827898790636813995e-04	1.048686016359948344e-04	-5.337551198279057510e-04	-4.945504707106986768e-05	-6.685344515189033544e-04	9.652125805037104368e-04	3.523964203892735955e-05	-1.954727445002957514e-04	1.388345052545295999e-04	-1.189226955472755482e-04	6.592430947898204191e-04	-2.251651941185312705e-05	8.296573714635457973e-05	-9.239248433991426382e-05	-8.125063654111919220e-04	3.682972377220602317e-05	8.808989532753783071e-04	-9.943601109679053428e-04	-6.515669345079549322e-06
-1.910034573627884846e-04	-2.213157316264504487e-03	6.920221782200247120e-04	1.498363891456349121e-04	8.536844336827639160e-04	-1.303923192297266019e-03	5.857905963188366361e-04	4.489023787551194369e-03	-8.563694963948620094e-04	7.552986630129175216e-04	-3.905705163346185303e-04	1.081335890282096417e-03	6.032450788418464648e-05	-1.777718184800390882e-03	7.187433048776017746e-04	-2.133226950222694477e-04	-5.671075774292125889e-04	-3.220017328654095623e-04	2.367183163858152712e-04	-2.786509282953662618e-03	5.771872237970987474e-15	5.713789819235520935e-03	-1.640839428350516355e-03	-1.138426918430720202e-04	3.300677253099291650e-04	1.421667560854320391e-03	-1.853242027580039985e-03	-2.268152121866395994e-04	2.553901509416765087e-04	-5.122002142920753856e-04	1.535197977232294786e-05	-7.988093503058769050e-04	1.852816842527429302e-03	3.942682866525909057e-06	0.000000000000000000e+00	1.563398200087752921e-03	-2.640888188001678551e-04	-2.235762490369533687e-03	9.641780896936489893e-04	-1.057251190859164565e-04	-1.637274955920157028e-03	-2.676395745319502979e-03	6.094984781562831286e-03	-6.263639563373736650e-04	-1.065341725573305462e-03	2.114963126773785999e-04	4.160271054341704204e-04	1.107070189194051413e-03	6.485401183859464125e-04	2.073487981418102328e-03	-4.095509483030244056e-03	7.036060321061025653e-05	1.753574185726880855e-03	3.019087910751695465e-04	-2.477683709573420909e-04	-1.634587851984627442e-03	4.721750750466149546e-03	-3.386897683203581098e-04	2.920269657623913626e-06	1.843358077549907270e-03	-1.873416604813500533e-04	-3.258242937166296884e-04	-6.982649578607120610e-04	4.023650450016370340e-05
-6.116436514797058332e-04	3.209138455969121886e-04	-6.606860353867329417e-05	-7.592895945563917642e-04	-2.344667515731920426e-04	-3.040355809388508158e-04	9.981210697149818685e-04	6.613963988926132708e-05	-1.025192363998903846e-04	-1.809091953902834194e-03	1.355072305178190361e-03	-3.548079371292758247e-04	-5.829979551253724850e-04	9.740989386140011487e-05	1.657558081168011252e-05	1.164653887254026628e-03	2.452884055846814542e-05	6.957891637136140515e-05	4.704764053040573241e-05	1.425027521366837983e-04	-2.553901509465495638e-04	4.471709919568103963e-05	9.157887606008506071e-06	-2.437399201356463870e-03	-3.693231068551509357e-05	5.724536211866213496e-04	-1.296237308332061973e-04	-6.588618739647694299e-04	7.195714293514732240e-16	3.208215056884361634e-04	-4.516022707718700987e-04	-9.055439260768430591e-05	2.795733648790072455e-05	6.336550227741075819e-04	-1.563398200087752921e-03	0.000000000000000000e+00	2.267583236380728024e-03	-1.336420131491683374e-05	-6.166288284821541156e-05	1.291000881980949692e-03	-1.808526483194513560e-04	-4.723988209112874731e-04	2.098728804176644988e-04	1.117043368315767497e-03	-3.964615320428667108e-04	-7.226550052660868275e-04	1.440498758768191633e-03	-5.752223860330382137e-06	1.509224567707643898e-04	5.790859037604652716e-05	-7.276616503500518045e-05	-4.849078978284346157e-04	5.182150546126659905e-04	7.732161507064223491e-04	-1.248779536559831713e-03	2.194036159559313879e-05	1.369934191837616437e-04	2.185564054002353887e-03	-3.834837269395974073e-03	1.443482933828321149e-04	2.434990565621997748e-03	-1.236565680621431993e-05	-1.137781733144193285e-04	7.234428207952329722e-05
2.924153903360923040e-04	2.306281922472307178e-03	2.155724421019359271e-04	-1.038300700484575106e-03	-2.603996761784677788e-03	3.859651086636506530e-03	-1.706098614669524774e-03	-8.753089621263563519e-03	2.306281922457292279e-03	-1.047810411484786496e-03	4.038633925701092518e-04	-1.664781191714212807e-03	-5.766183734502598800e-05	3.500167654327135218e-03	-1.879775517514184480e-03	2.202700649843770410e-04	2.155724421009125487e-04	4.038633925777490282e-04	-3.840660804992674271e-04	4.249915736068959199e-03	2.640888187900847749e-04	-1.041883932078830309e-02	4.151538109265211218e-03	8.113396697403477131e-04	-1.038300700477954534e-03	-1.664781191682856596e-03	4.249915736045103282e-03	-1.219114209457297735e-03	-2.267583236375907228e-03	1.718268225432666250e-03	-1.312044871332291533e-04	-2.642686438377725607e-03	-2.603996761771525982e-03	-5.766183735158621752e-05	2.640888188001678551e-04	-2.267583236380728024e-03	0.000000000000000000e+00	3.894800210283862717e-03	-2.786124017652241713e-03	-9.113118137123350782e-05	3.859651086623127909e-03	3.500167654310475801e-03	-1.041883932073909419e-02	1.718268225427380114e-03	3.894800210258598204e-03	-2.287060169143329870e-04	-1.523236389080138628e-03	2.462932407485289360e-04	-1.706098614664273982e-03	-1.879775517513454378e-03	4.151538109236501545e-03	-1.312044871286235166e-04	-2.786124017610422735e-03	-1.523236389083045157e-03	2.275418563430150164e-03	1.605969299947235945e-03	-8.753089621239776991e-03	2.202700649754979945e-04	8.113396697666127276e-04	-2.642686438371136259e-03	-9.113118138255404217e-05	2.462932407579144405e-04	1.605969299920254490e-03	-9.833016389533736734e-05
4.131081998615352834e-04	1.223396825195812799e-04	-3.163215852618255983e-04	-9.986332727284466700e-04	7.362799488524793918e-04	2.790740798049294938e-03	-2.571081081627846644e-03	-5.932586429209087760e-05	1.353932565002825849e-04	4.550753988589791021e-03	-2.645449285051277959e-03	5.446294085840558364e-04	4.693928180284053300e-04	-1.262540453931919869e-04	5.669375375653239028e-06	-2.681266762717559107e-03	-9.044290706521941614e-07	-1.971384093597396830e-03	4.470429850603902791e-04	-1.347492675712434621e-04	1.065341725590943697e-03	-3.977451474026342279e-05	-2.189523578711233471e-05	5.787635364431744506e-03	-1.282349647427071491e-03	-2.490757833315999665e-04	-5.050111937498311544e-04	-3.190079536576332590e-03	3.964615320435597870e-04	1.257402992054394274e-03	-6.489238154029210539e-05	3.482638646108471335e-04	-3.103383656289748598e-05	-4.399713532639394154e-04	2.235762490369533687e-03	1.336420131491683374e-05	-3.894800210283862717e-03	0.000000000000000000e+00	1.719590209942918743e-05	-2.697867903979365815e-03	2.291258464461974100e-03	8.661323465618483725e-04	-1.232181875997205871e-05	1.317150167642095902e-04	2.828615705378900724e-16	7.693353745751290579e-04	-2.230771671486941887e-03	-4.452940072482328799e-04	-1.348505385224115904e-03	-4.552782699404455801e-04	2.840132951229428545e-04	5.408152292696205869e-04	-5.631713324275623711e-04	-2.351962336691043945e-03	4.658391515266056826e-03	5.931940491270852253e-04	-7.771989053637973818e-05	-3.821466596034424432e-03	6.413777027773235814e-03	-9.201414321756855904e-05	-3.014292629742699407e-03	1.687704696016988478e-05	-4.068321471802993308e-06	1.391028134816388187e-04
1.832713710189681940e-04	-6.228406134881266662e-04	4.456986846032224875e-04	4.448561186292559685e-03	-3.400802038832203482e-04	-7.951867477766372955e-03	3.932198012307579899e-03	3.906475438262522483e-04	-2.220275770963586227e-04	-1.809434705082800477e-03	8.460114730712359676e-04	-5.580151885512106991e-04	1.954727445025176069e-04	8.871764734944481224e-05	-5.284390047114987017e-05	1.222775031360876299e-03	-4.644930811594871842e-05	9.470057402164091132e-04	5.588129940313376454e-05	1.709315143971531896e-04	-1.753574185753990463e-03	-1.607816446495201573e-04	3.848486371154520016e-04	-3.242809434479987721e-03	4.611628444161601156e-03	-3.246845286607221836e-04	7.753945571069140912e-04	1.300655180527729785e-02	-5.182150546152723041e-04	-4.960563002022502256e-03	-3.913364245171965642e-04	-6.968010712036645316e-04	1.021876877835325222e-04	-1.024481900098442088e-04	-9.641780896936489893e-04	6.166288284821541156e-05	2.786124017652241713e-03	-1.719590209942918743e-05	0.000000000000000000e+00	1.579672296901429287e-03	-7.789647535163833625e-03	-4.567866855507100995e-04	-2.230870145704880593e-04	-5.490222523935106569e-03	5.631713324262908188e-04	-1.305736232085383350e-04	5.517914408822392237e-03	7.550664736117849735e-04	4.102256322518872157e-03	6.211437435286687545e-04	-4.736517915596316522e-04	-3.487058115048218530e-05	1.278853731896331669e-15	5.301265238776680169e-03	-1.238043455006259709e-02	-1.031332524930900219e-03	6.159812535913402384e-04	5.242708745292213581e-04	-2.135994906374123758e-03	4.443793789279648068e-04	1.546632062286794687e-03	-7.811124881158403206e-06	-2.486400191667098906e-04	5.188342609511012492e-04
1.024008172515755179e-04	9.203002309371270413e-04	1.011194939647457915e-03	-4.366885754537120972e-04	-2.797525358156653132e-03	1.945111592154341856e-03	-6.895430199658292639e-04	-5.404584638293821047e-03	1.340818904794740130e-03	-6.034088782528907076e-04	1.554978367710534810e-04	-1.119574391021714056e-03	-3.682972376848363185e-05	2.647559487035167254e-03	-1.348301303720539053e-03	7.749232616390448823e-05	-5.269664638564421305e-05	1.906756018671334563e-04	-1.924632796303261950e-04	2.210253224598147936e-03	1.873416604828540585e-04	-6.871402916193054128e-03	2.540238633904309904e-03	6.803551398353618234e-04	-3.369511740419775460e-04	-1.246581039392071280e-03	4.507861567040965557e-03	9.935980230794819526e-05	-2.434990565623497416e-03	7.565443493689637169e-04	-1.297330548612277428e-04	-2.441382634880856842e-03	-1.320067385535052523e-03	-5.316018165443866253e-05	1.057251190859164565e-04	-1.291000881980949692e-03	9.113118137123350782e-05	2.697867903979365815e-03	-1.579672296901429287e-03	0.000000000000000000e+00	1.709968656733603341e-03	1.163151795425233781e-03	-6.911739779994107574e-03	6.124533784558356796e-04	3.014292629732622832e-03	-8.125731533887461228e-05	-5.894704473715427304e-04	1.323237278969601437e-03	-6.573086665676618548e-04	-2.322271778224511518e-04	1.905014446543622838e-03	-6.980716045415985083e-05	-1.546632062262025004e-03	-5.837198761288950322e-04	4.662271419998216711e-04	-8.973196519566367267e-04	-5.462287733089593936e-03	3.718532964085869438e-05	6.056110171610629752e-04	-1.721523773643130438e-03	-7.748359245884905988e-15	2.908236366645153010e-05	1.652175456362995655e-03	2.064192513460238315e-05
-2.098606927384882631e-04	-1.331426676050982260e-03	1.131048116163460310e-03	-3.767098784255323201e-04	-2.236920485274976333e-03	1.331145480301665351e-14	2.421127561967924421e-04	5.246620076099161277e-04	-1.617391062829794026e-03	5.133265995590266181e-03	-2.174862684721062030e-03	-7.309938721605504716e-03	1.751762345576344420e-04	2.712013623059144306e-03	-4.192621583362739950e-04	-1.972709406507644828e-03	1.024739290396749821e-03	-2.044260773536055089e-03	2.729205142676420981e-04	1.619406830581027667e-03	1.303923192302152518e-03	-8.421235845069562510e-05	-2.282174984634613088e-03	3.760693311129400303e-03	-3.010290919535598591e-04	-7.369669611796194134e-03	3.028094678229952506e-03	-8.331912371383047057e-04	3.040355809247331483e-04	-2.454145171456196270e-04	2.154051657802640843e-04	4.047301723563966232e-03	-2.103858291176422066e-03	-2.224187792089909750e-05	1.637274955920157028e-03	1.808526483194513560e-04	-3.859651086623127909e-03	-2.291258464461974100e-03	7.789647535163833625e-03	-1.709968656733603341e-03	0.000000000000000000e+00	2.706786171289228115e-03	-1.547607039791104328e-03	1.288624642344917640e-05	-2.790740798030031701e-03	5.266518329707524284e-06	2.016214700902695806e-04	-1.992481930954559909e-03	3.333859408643906905e-04	-5.141333796747910153e-04	-1.272413445300164814e-03	2.108954276181561414e-04	7.951867477743231744e-03	2.638681850782580596e-04	-5.052135903901495452e-04	2.150369157419302919e-03	-8.190660211562020288e-04	-2.289667434401509126e-03	4.293705307941199541e-03	2.640737935698823750e-03	-1.945111592131980403e-03	-1.850213309042364907e-03	3.451193822336267626e-03	2.663792220687048881e-05
-2.952178524998757755e-04	1.966769731590611327e-04	-5.214424383540058167e-05	1.330112602483319358e-03	-1.451499584668393319e-04	-2.712013623069760813e-03	1.693121703976169581e-03	-3.351597667726615533e-04	1.028423975464890167e-03	4.920237527428232213e-03	-3.877034855739619479e-03	7.283834350610262492e-04	6.906163440311000653e-04	-3.871469117511239233e-15	-4.389404200702639149e-04	-2.317942182495934082e-03	-5.266936829764093213e-04	-2.297916583563490173e-03	3.158976495403241296e-04	-4.206702240059056715e-04	1.777718184798765446e-03	-2.775922173133206668e-04	6.645299749615302034e-04	5.614546086438577423e-03	5.530623634600790890e-04	-9.069962789188447546e-05	1.375119880637202976e-04	3.659482620502159562e-03	-9.740989385923938125e-05	-1.041885880737136640e-03	2.783044342694287912e-04	2.506145987016158679e-05	7.029657001082644148e-05	-5.525399006355079072e-04	2.676395745319502979e-03	4.723988209112874731e-04	-3.500167654310475801e-03	-8.661323465618483725e-04	4.567866855507100995e-04	-1.163151795425233781e-03	-2.706786171289228115e-03	0.000000000000000000e+00	-1.890337663895445093e-04	-1.585580652637922933e-03	1.262540453887739714e-04	-9.716518542328766257e-04	2.245640890244725296e-03	9.160811646649594697e-05	2.108354767412834452e-03	-7.484018044606063577e-06	1.308979279132592411e-04	-1.010274335039100085e-04	-8.871764734342347863e-05	3.509215491140945612e-03	-5.553482665398847343e-03	-1.715247417764349195e-04	-1.543832739935082363e-04	-3.294258948852276693e-03	7.177055600383891801e-03	6.046594534102258268e-04	-2.647559487022095245e-03	-4.749527097885600149e-04	3.142606846783173140e-04	5.611784408922863973e-04
4.234984674371173772e-05	-2.248806396537913620e-04	-2.731478320829064480e-05	-1.171542156072061984e-04	9.825661407368927998e-05	8.421235847039431819e-05	-3.474141655869469230e-04	-5.788903322482434800e-05	-2.733208655615083915e-04	-1.133398579423767517e-02	6.064684121155289667e-03	-5.305104360216624480e-04	-1.018511703769148040e-04	2.775922173246474353e-04	-5.364217398728588133e-07	6.589241323368338205e-03	2.333835469204650101e-04	6.134116106814793343e-03	-1.090637374529305180e-04	3.621716372227991570e-04	-5.713789819219135604e-03	-9.382539911022627632e-15	-1.513808434339901615e-04	-1.594313444227171001e-02	-8.878618807529567751e-04	8.067398961641925254e-05	-2.470939064389588184e-04	-1.307226466011634971e-03	-4.471709919749048496e-05	6.730158838307019641e-05	1.781539681808894235e-04	-4.850747633319929357e-04	-2.365261571619122058e-04	1.112077582190790286e-04	-6.094984781562831286e-03	-2.098728804176644988e-04	1.041883932073909419e-02	1.232181875997205871e-05	2.230870145704880593e-04	6.911739779994107574e-03	1.547607039791104328e-03	1.890337663895445093e-04	0.000000000000000000e+00	8.955349551919929065e-04	3.977451473967315602e-05	9.822754039485217777e-05	-7.831314124981368380e-04	-6.206135250448713519e-05	-1.045416537153853482e-03	-1.003268690792320295e-04	-7.977126049256286948e-06	-4.446099292979290799e-04	1.607816446557066149e-04	-1.828203188644300192e-04	1.464761111825567006e-03	5.206453065417136978e-04	-1.930752573428467297e-04	7.267753684037837718e-03	-1.636030213490150681e-02	-1.992526363796535320e-04	6.871402916154303875e-03	-9.611857286980801825e-05	1.806077578098681075e-04	1.054520783216682624e-04
-1.608132574511744132e-04	-1.115027284517123175e-03	1.032479583032356761e-03	-3.634506660555713448e-04	-1.721646248477918650e-03	2.454145171587919245e-04	2.857665370875048022e-05	3.112303418505735241e-05	-2.328438808112873876e-03	2.431514884872787094e-03	-9.404249674248488147e-04	-4.119232153182073378e-03	5.948505480809518646e-05	1.041885880737736638e-03	8.440183989226349246e-04	-8.010584110200820104e-04	1.723308204585693440e-03	-8.320087170340998133e-04	1.892382704596855920e-04	1.744940148207708205e-03	5.122002142922130793e-04	-6.730158837908443883e-05	-3.601538694065400253e-03	1.389380346209313994e-03	-2.794256598945994968e-04	-4.632324636656578315e-03	2.180101994425885648e-03	-7.172664786014467091e-04	-3.208215057011347729e-04	4.421819457627301081e-15	8.846957191101539506e-05	1.661075730171970334e-03	-1.937341924755105584e-03	-5.627364885098746019e-05	6.263639563373736650e-04	-1.117043368315767497e-03	-1.718268225427380114e-03	-1.317150167642095902e-04	5.490222523935106569e-03	-6.124533784558356796e-04	-1.288624642344917640e-05	1.585580652637922933e-03	-8.955349551919929065e-04	0.000000000000000000e+00	-1.257402992039536585e-03	7.938724132282651280e-06	1.315752176817781881e-04	-7.980117417890114553e-04	2.197077050029458628e-04	-1.475573259452161675e-04	-1.268708782359491329e-03	1.991906347734539561e-04	4.960563002009322695e-03	5.447968062879935173e-05	-1.713027196073213976e-04	1.190291911757781259e-03	-4.736682723725431452e-04	-9.099175932921260354e-04	1.559483945318611113e-03	-8.901592131807434163e-04	-7.565443493616103325e-04	1.923126968510480682e-04	1.439579131914865175e-03	-7.110936629325085743e-05
4.131081998612804417e-04	1.353932564955187632e-04	-9.044290707148898461e-07	-1.282349647418486779e-03	-3.103383655951046549e-05	2.291258464447256706e-03	-1.348505385215302641e-03	-7.771989053217712661e-05	1.223396825218057375e-04	4.550753988567135533e-03	-1.971384093579024374e-03	-2.490757833262321900e-04	-4.399713532669731757e-04	8.661323465596220718e-04	-4.552782699406571080e-04	-3.821466596021745772e-03	-3.163215852620330061e-04	-2.645449285041251257e-03	4.470429850592301827e-04	-5.050111937537457747e-04	2.235762490359531271e-03	-1.232181875461609997e-05	2.840132951211779902e-04	6.413777027747960893e-03	-9.986332727166288663e-04	5.446294085689651517e-04	-1.347492675681096299e-04	-3.190079536544015992e-03	1.336420131651185777e-05	1.317150167478902604e-04	5.408152292728736271e-04	-9.201414321183883516e-05	7.362799488500699693e-04	4.693928180321156867e-04	1.065341725573305462e-03	3.964615320428667108e-04	-3.894800210258598204e-03	-2.828615705378900724e-16	-5.631713324262908188e-04	-3.014292629732622832e-03	2.790740798030031701e-03	-1.262540453887739714e-04	-3.977451473967315602e-05	1.257402992039536585e-03	0.000000000000000000e+00	7.693353745778831482e-04	-2.351962336684255105e-03	1.687704695898434358e-05	-2.571081081616565737e-03	5.669375375299721357e-06	-2.189523578476667686e-05	-6.489238153690253703e-05	1.719590209408092653e-05	-2.230771671478935271e-03	4.658391515244485540e-03	-4.068321473499488493e-06	-5.932586429572666827e-05	-2.681266762696137874e-03	5.787635364375506505e-03	3.482638646081575532e-04	-2.697867903954345899e-03	-4.452940072483598400e-04	5.931940491276476010e-04	1.391028134829304830e-04
3.663936830549021772e-05	6.720756633198932128e-04	-7.210922347981234357e-04	7.265427102342115280e-05	5.696822110832971747e-04	-5.266518329675472557e-06	-3.756239034894020049e-06	-3.712289167078392942e-05	6.720756633177499620e-04	-1.239838787426657187e-04	4.561769820952212728e-05	-2.039291345172732344e-04	1.827898790614308940e-04	9.716518542278678285e-04	-1.061725811600221616e-03	1.595419034629397921e-04	-7.210922347964631969e-04	4.561769820609116950e-05	-3.495556859537403118e-05	-9.093164288359431753e-04	-2.114963126745647158e-04	-9.822754038903532469e-05	1.060987098895233797e-03	-3.326826481738957928e-04	7.265427102332396763e-05	-2.039291345200465694e-04	-9.093164288344370016e-04	-1.033206793311274366e-05	7.226550052687520133e-04	-7.938724133813219487e-06	-7.326757434226708639e-06	1.290802545794692609e-03	5.696822110814033988e-04	1.827898790636813995e-04	-2.114963126773785999e-04	7.226550052660868275e-04	2.287060169143329870e-04	-7.693353745751290579e-04	1.305736232085383350e-04	8.125731533887461228e-05	-5.266518329707524284e-06	9.716518542328766257e-04	-9.822754039485217777e-05	-7.938724132282651280e-06	-7.693353745778831482e-04	0.000000000000000000e+00	-1.789494143736178539e-05	-1.141884491981584506e-03	-3.756239034594095847e-06	-1.061725811604661424e-03	1.060987098901485307e-03	-7.326757434645681628e-06	1.305736232091594473e-04	-1.789494143805225954e-05	2.432600331376621008e-05	1.346908441604758797e-03	-3.712289167280516009e-05	1.595419034650565071e-04	-3.326826481800822504e-04	1.290802545787379883e-03	8.125731534119046812e-05	-1.141884491976554892e-03	1.346908441600742044e-03	1.347281868674548883e-04
1.287531940786310470e-04	6.267549065397521029e-04	-3.710274921086621530e-04	3.346546179520445540e-04	1.140214680754585586e-03	-2.638681850880387559e-04	-9.532746878221991477e-05	-1.408020636308098613e-04	5.776869497965224625e-04	-2.379847544532209293e-03	8.668491953312138171e-04	4.667479980666047051e-03	-1.388345052478517547e-04	-3.509215491129750140e-03	1.470546751414448551e-03	6.867638145272192841e-04	3.566063538548333274e-04	8.792715922306604997e-04	-1.805616863568270942e-04	1.099146195728812128e-03	-3.019087910839637814e-04	1.828203188484770955e-04	7.691052372105142143e-04	-1.071284542831318562e-03	2.912890218932284638e-04	4.987093930558585651e-03	-1.286570380497767743e-03	9.702106718463773555e-04	-7.732161507045568708e-04	-5.447968062992910394e-05	-1.231081144458814566e-04	-3.307905223881166517e-03	7.149150950418619351e-05	-1.048686016359948344e-04	-4.160271054341704204e-04	-1.440498758768191633e-03	1.523236389080138628e-03	2.230771671486941887e-03	-5.517914408822392237e-03	5.894704473715427304e-04	-2.016214700902695806e-04	-2.245640890244725296e-03	7.831314124981368380e-04	-1.315752176817781881e-04	2.351962336684255105e-03	1.789494143736178539e-05	0.000000000000000000e+00	1.958757107961431234e-03	-1.034519449666866154e-04	7.004545988773479802e-04	5.058881142822513246e-04	-1.574958659085931557e-04	-5.301265238764306387e-03	1.324136113256546565e-15	3.184251052163077273e-05	-2.242312045241704258e-03	3.658725178929163736e-04	8.255467202117486650e-04	-1.170066662441921618e-03	-2.787676037636035130e-03	5.837198761152742003e-04	2.781642612278456203e-03	-4.812727630645821306e-03	-1.193572506266475034e-04
4.770272776758657926e-04	-3.425663554773864178e-05	4.299741107927525631e-05	-8.582586217982771278e-04	1.876556553696112053e-05	1.850213309034745568e-03	-1.191039565082084931e-03	2.712773897849166626e-05	-3.950626283466481567e-04	-2.077255502168391253e-04	1.136959432685110283e-03	-6.041248759283551761e-04	-8.808989532746744431e-04	4.749527097941440897e-04	-5.657812787683670966e-05	-9.431666108399633028e-04	6.443664423802472109e-05	-2.867434629384582405e-04	3.568935418717683757e-04	3.695256674115645419e-05	3.258242937092883929e-04	9.611857286709534441e-05	3.883322271148730590e-05	7.098297625802130976e-04	-9.344074369179926440e-05	2.907971188261391149e-04	-8.929512658111367828e-05	-1.999759259510080350e-03	1.236565680745330551e-05	-1.923126968646161536e-04	1.181238871102170115e-04	-1.150116257311005203e-04	3.643894269231105353e-04	5.337551198279057510e-04	-1.107070189194051413e-03	5.752223860330382137e-06	-2.462932407485289360e-04	4.452940072482328799e-04	-7.550664736117849735e-04	-1.323237278969601437e-03	1.992481930954559909e-03	-9.160811646649594697e-05	6.206135250448713519e-05	7.980117417890114553e-04	-1.687704695898434358e-05	1.141884491981584506e-03	-1.958757107961431234e-03	0.000000000000000000e+00	-2.163468544556205672e-03	1.411853440231911169e-05	-7.252886910350121025e-05	4.466885574477790887e-05	7.811124875024204155e-06	-2.781642612277398889e-03	4.309712716173419444e-03	8.389683728523232836e-05	5.837930991489136199e-05	3.269700614056846228e-04	-8.015632886784265776e-04	1.050363395424323804e-04	-2.908236365654012992e-05	-2.753166245602223922e-15	-3.281169637829975969e-05	-5.933887435177966248e-04
1.055680668069318429e-04	-1.503372858011907723e-04	1.600841165738450670e-04	3.240933337384738298e-04	7.623267276262244829e-04	-2.421127562098341745e-04	3.077534971654416474e-15	-3.586967687608109056e-04	6.982045158881387522e-04	-2.208545522826595078e-03	8.188406315982475932e-04	4.078982259797482232e-03	3.497537234784366209e-06	-1.693121703972379644e-03	4.834690227529095169e-04	8.250569490168334439e-04	-4.496199436254898728e-04	7.643613703770022567e-04	-9.844699801689257021e-05	-9.853568392915118893e-04	-5.857905963222059028e-04	3.474141655757092759e-04	7.988750829676361225e-04	-1.433877443184872766e-03	3.572133329823203160e-04	4.477232406234185440e-03	-1.243909316421831519e-03	9.784025492697192954e-04	-9.981210697079545037e-04	-2.857665371505521072e-05	-1.588059256196036237e-04	-4.115920341286113428e-03	1.132734368214608801e-03	4.945504707106986768e-05	-6.485401183859464125e-04	-1.509224567707643898e-04	1.706098614664273982e-03	1.348505385224115904e-03	-4.102256322518872157e-03	6.573086665676618548e-04	-3.333859408643906905e-04	-2.108354767412834452e-03	1.045416537153853482e-03	-2.197077050029458628e-04	2.571081081616565737e-03	3.756239034594095847e-06	1.034519449666866154e-04	2.163468544556205672e-03	0.000000000000000000e+00	1.284262099528629686e-03	-1.101225212461934711e-03	-1.291169166088239188e-04	-3.932198012298269638e-03	9.532746878666728497e-05	-2.952584997059216725e-04	-1.840767492226106326e-03	3.027852839221655858e-04	8.621430987601336454e-04	-1.512967258401792196e-03	-1.757645123218088030e-03	6.895430199537972218e-04	1.191039565087865897e-03	-1.884295099379076606e-03	5.030505980741907475e-05
3.046938702559798869e-04	-1.029527931702173987e-04	4.078722533020256362e-05	3.980487010783703196e-06	7.315635280687894056e-06	4.192621583288591905e-04	-4.834690227473893015e-04	2.623795434862198579e-06	-4.616998416914787611e-04	-2.395825602850999020e-03	2.255543483652328301e-03	-6.609971462182390959e-04	-6.089625984554746310e-04	4.389404200740265301e-04	-4.074906102650988071e-17	3.964719760210749615e-04	8.768202938528511748e-05	9.840844568479475800e-04	-1.180264932434650854e-04	1.280901552855455731e-04	-7.187433048816392351e-04	5.364217368172992644e-07	-9.108884117210345414e-06	-2.284481856237139449e-03	6.451373914575021015e-04	8.438251213094417186e-05	-9.172045255294422519e-05	3.072153280819115513e-05	-1.657558081228214288e-05	-8.440183989345394645e-04	-3.487618122452993980e-04	-1.727333372219521865e-04	3.105728798621479911e-04	6.685344515189033544e-04	-2.073487981418102328e-03	-5.790859037604652716e-05	1.879775517513454378e-03	4.552782699404455801e-04	-6.211437435286687545e-04	2.322271778224511518e-04	5.141333796747910153e-04	7.484018044606063577e-06	1.003268690792320295e-04	1.475573259452161675e-04	-5.669375375299721357e-06	1.061725811604661424e-03	-7.004545988773479802e-04	-1.411853440231911169e-05	-1.284262099528629686e-03	0.000000000000000000e+00	-6.507302924187787245e-05	-4.450112435702678355e-04	5.284390047060095216e-05	-1.470546751413635833e-03	1.792730995587816806e-03	1.276527372786507458e-04	4.259473899624680444e-05	1.603240038871456535e-03	-3.740697180715266829e-03	-2.908604475731094781e-05	1.348301303722859029e-03	5.657812787440171355e-05	-4.700998560959465471e-05	-2.866313897321885455e-05
-5.874652264827651734e-04	2.223694116413852426e-04	6.665746963558855163e-06	-1.481985007234434739e-03	-2.415943315711930055e-05	2.282174984640100018e-03	-7.988750829724987693e-04	-1.700891201553149010e-04	4.175145828221099240e-04	3.416226916127829052e-03	-2.527137703632622266e-03	9.484609116545946253e-04	6.622136817296057475e-04	-6.645299749674130844e-04	9.108884116456252310e-06	-4.114768425844544128e-05	-1.235540312247006441e-04	-1.524808085350227429e-03	-2.521072647779209466e-04	-4.898425913775760225e-04	1.640839428341628933e-03	1.513808434435780865e-04	-1.117378758963560870e-15	4.141926591559891985e-03	-1.437913128228028971e-03	-1.538035770193264622e-04	2.821307525334500622e-04	-4.141806830492547609e-03	-9.157887602590013233e-06	3.601538694080579951e-03	-4.123112135100058485e-04	2.158825573623538926e-04	-3.410652658819399337e-04	-9.652125805037104368e-04	4.095509483030244056e-03	7.276616503500518045e-05	-4.151538109236501545e-03	-2.840132951229428545e-04	4.736517915596316522e-04	-1.905014446543622838e-03	1.272413445300164814e-03	-1.308979279132592411e-04	7.977126049256286948e-06	1.268708782359491329e-03	2.189523578476667686e-05	-1.060987098901485307e-03	-5.058881142822513246e-04	7.252886910350121025e-05	1.101225212461934711e-03	6.507302924187787245e-05	0.000000000000000000e+00	8.371291366166820928e-04	-3.848486371171168483e-04	-7.691052372118156906e-04	1.724371293374718766e-03	-3.438847105761439621e-04	-1.175468066070151237e-04	-2.486632121191816036e-03	6.282271006945326988e-03	5.380838432236130633e-06	-2.540238633890331069e-03	-3.883322271167857949e-05	2.971576998803139016e-04	-8.372339253627783182e-04
6.533043089909257565e-06	-3.701649370384473524e-04	-2.740001521862436680e-05	1.291722501318097579e-04	3.008325985630883178e-04	-2.154051657836456837e-04	1.588059256222981101e-04	-1.311193186421662985e-04	1.776807763259815199e-04	2.972722891724566871e-05	4.511367358821982205e-05	-3.635060793193420955e-04	-7.689038749935408730e-05	-2.783044342742786986e-04	3.487618122503584480e-04	-6.443601908830276091e-05	-9.894861659094792152e-06	-1.526812490079371783e-06	-3.673842450612612598e-05	4.822893993388944209e-04	-1.535197976753265129e-05	-1.781539681771570033e-04	4.123112135021255419e-04	-8.892529112025211139e-05	1.379864269830957072e-04	9.167164457121351241e-05	-8.785816761289386677e-04	3.730284892832620930e-04	4.516022707751314873e-04	-8.846957191450317858e-05	8.691455893753211037e-16	-3.998317508752350508e-04	-1.410301196612570281e-04	-3.523964203892735955e-05	-7.036060321061025653e-05	4.849078978284346157e-04	1.312044871286235166e-04	-5.408152292696205869e-04	3.487058115048218530e-05	6.980716045415985083e-05	-2.108954276181561414e-04	1.010274335039100085e-04	4.446099292979290799e-04	-1.991906347734539561e-04	6.489238153690253703e-05	7.326757434645681628e-06	1.574958659085931557e-04	-4.466885574477790887e-05	1.291169166088239188e-04	4.450112435702678355e-04	-8.371291366166820928e-04	0.000000000000000000e+00	3.913364245204994235e-04	1.231081144472342969e-04	-3.879230424290034318e-04	5.857148017922278634e-04	2.648990667558985242e-04	-4.892925329028813589e-06	-1.777058227945512488e-04	1.059204041013900397e-03	1.297330548595142425e-04	-1.181238871059718044e-04	-7.028322191693258314e-04	1.446539504645078921e-04
1.832713710178955385e-04	-2.220275770939299828e-04	-4.644930811531946104e-05	4.611628444153961434e-03	1.021876877798431313e-04	-7.789647535155133987e-03	4.102256322515186737e-03	6.159812535890893262e-04	-6.228406134945920890e-04	-1.809434705035395038e-03	9.470057401858265889e-04	-3.246845286758555859e-04	-1.024481900064986591e-04	-4.567866855458709800e-04	6.211437435303798424e-04	5.242708745053451663e-04	4.456986846059186273e-04	8.460114730500763527e-04	5.588129940534753597e-05	7.753945571150812777e-04	-9.641780896756995886e-04	-2.230870145794638167e-04	-4.736517915586029069e-04	-2.135994906322410784e-03	4.448561186280440907e-03	-5.580151885332911140e-04	1.709315143967801969e-04	1.300655180525659219e-02	6.166288284256164960e-05	-5.490222523929869439e-03	-3.487058114640010991e-05	4.443793789152902666e-04	-3.400802038804112346e-04	1.954727445002957514e-04	-1.753574185726880855e-03	-5.182150546126659905e-04	2.786124017610422735e-03	5.631713324275623711e-04	-1.278853731896331669e-15	1.546632062262025004e-03	-7.951867477743231744e-03	8.871764734342347863e-05	-1.607816446557066149e-04	-4.960563002009322695e-03	-1.719590209408092653e-05	-1.305736232091594473e-04	5.301265238764306387e-03	-7.811124875024204155e-06	3.932198012298269638e-03	-5.284390047060095216e-05	3.848486371171168483e-04	-3.913364245204994235e-04	0.000000000000000000e+00	5.517914408819490912e-03	-1.238043455005107679e-02	-2.486400191676545017e-04	3.906475438416794153e-04	1.222775031329278745e-03	-3.242809434402636401e-03	-6.968010711909697168e-04	1.579672296869705315e-03	7.550664736124628167e-04	-1.031332524941348458e-03	5.188342609494425283e-04
1.287531940789456283e-04	5.776869498035647893e-04	3.566063538510349335e-04	2.912890218965939358e-04	7.149150950273135683e-05	-2.016214700975360119e-04	-1.034519449662907054e-04	3.658725178943786371e-04	6.267549065379946112e-04	-2.379847544533962231e-03	8.792715922209136305e-04	4.987093930532376582e-03	-1.048686016287737226e-04	-2.245640890230475410e-03	7.004545988744373310e-04	8.255467202201364867e-04	-3.710274921075621757e-04	8.668491953411958497e-04	-1.805616863559806034e-04	-1.286570380482826570e-03	-4.160271054456343405e-04	7.831314124778042526e-04	5.058881142912509616e-04	-1.170066662471698580e-03	3.346546179490597996e-04	4.667479980685815960e-03	1.099146195716230829e-03	9.702106718452870818e-04	-1.440498758763471016e-03	-1.315752176830743789e-04	-1.574958659085089945e-04	-2.787676037631078158e-03	1.140214680756561003e-03	-1.388345052545295999e-04	-3.019087910751695465e-04	-7.732161507064223491e-04	1.523236389083045157e-03	2.351962336691043945e-03	-5.301265238776680169e-03	5.837198761288950322e-04	-2.638681850782580596e-04	-3.509215491140945612e-03	1.828203188644300192e-04	-5.447968062879935173e-05	2.230771671478935271e-03	1.789494143805225954e-05	-1.324136113256546565e-15	2.781642612277398889e-03	-9.532746878666728497e-05	1.470546751413635833e-03	7.691052372118156906e-04	-1.231081144472342969e-04	-5.517914408819490912e-03	0.000000000000000000e+00	3.184251052747253535e-05	-4.812727630647647969e-03	-1.408020636323479647e-04	6.867638145220975130e-04	-1.071284542804728721e-03	-3.307905223875693898e-03	5.894704473618738155e-04	1.958757107960864847e-03	-2.242312045247251470e-03	-1.193572506274967861e-04
-3.069773334246756174e-04	-1.809041461477432170e-03	9.152341484183611642e-04	-6.860890964964391726e-04	-2.644108152505223342e-03	5.052135904148459360e-04	2.952584996985997841e-04	-2.799691880354480814e-04	-1.809041461462403827e-03	3.675342213921358771e-03	-9.818856117448570772e-04	-1.194678566071879708e-02	1.189226955344486369e-04	5.553482665374311414e-03	-1.792730995591421128e-03	-6.959509272310047349e-04	9.152341484079582444e-04	-9.818856117629417863e-04	3.165096181653369268e-04	2.568468352638055442e-03	2.477683709751447990e-04	-1.464761111790392669e-03	-1.724371293369435449e-03	3.853640841442050775e-04	-6.860890964873547510e-04	-1.194678566076646034e-02	2.568468352669528096e-03	-2.106882273692712616e-03	1.248779536547163678e-03	1.713027196144819566e-04	3.879230424247589971e-04	6.411401624281746689e-03	-2.644108152504810044e-03	1.189226955472755482e-04	2.477683709573420909e-04	1.248779536559831713e-03	-2.275418563430150164e-03	-4.658391515266056826e-03	1.238043455006259709e-02	-4.662271419998216711e-04	5.052135903901495452e-04	5.553482665398847343e-03	-1.464761111825567006e-03	1.713027196073213976e-04	-4.658391515244485540e-03	-2.432600331376621008e-05	-3.184251052163077273e-05	-4.309712716173419444e-03	2.952584997059216725e-04	-1.792730995587816806e-03	-1.724371293374718766e-03	3.879230424290034318e-04	1.238043455005107679e-02	-3.184251052747253535e-05	0.000000000000000000e+00	6.131951992933959081e-03	-2.799691880280596231e-04	-6.959509272175053336e-04	3.853640840883990775e-04	6.411401624294455273e-03	-4.662271419767040955e-04	-4.309712716180331450e-03	6.131951992940980374e-03	-2.992599241497036103e-05
-4.415922587705934776e-04	9.070648267324628311e-05	-1.783162263062025154e-04	1.570887652112593069e-03	1.052767485769456424e-04	-3.451193822324353112e-03	1.884295099370688568e-03	3.655231720509266504e-04	5.585328126070355191e-04	3.822521268139184632e-03	-3.980253778731915326e-03	7.949280712797511745e-04	9.943601109646412438e-04	-3.142606846819480902e-04	4.700998560878365793e-05	-1.732956919777375697e-03	-5.991412014039843259e-05	-1.598714526531241562e-03	6.190485607024374688e-04	-1.415010231127059216e-05	6.982649578804879086e-04	-1.806077578095338480e-04	-2.971576998727045371e-04	3.253680831338184604e-03	-4.395318797348817886e-04	8.510289858519609228e-05	-9.849132812058742541e-05	3.707547202090246720e-03	1.137781733117029277e-04	-1.439579131901817886e-03	7.028322191657833092e-04	3.181826585783155501e-04	-3.140417688738318279e-04	-6.592430947898204191e-04	1.634587851984627442e-03	-2.194036159559313879e-05	-1.605969299947235945e-03	-5.931940491270852253e-04	1.031332524930900219e-03	8.973196519566367267e-04	-2.150369157419302919e-03	1.715247417764349195e-04	-5.206453065417136978e-04	-1.190291911757781259e-03	4.068321473499488493e-06	-1.346908441604758797e-03	2.242312045241704258e-03	-8.389683728523232836e-05	1.840767492226106326e-03	-1.276527372786507458e-04	3.438847105761439621e-04	-5.857148017922278634e-04	2.486400191676545017e-04	4.812727630647647969e-03	-6.131951992933959081e-03	0.000000000000000000e+00	-7.083162360586680141e-05	-2.287763791046620518e-03	5.061885608181203658e-03	-4.513124464431606431e-04	-1.652175456382257591e-03	3.281169638322392135e-05	-3.181487937139147737e-15	1.106234816016284702e-03
-1.594819440244056846e-04	-2.227155439568695493e-04	2.136360723974079596e-05	1.362369140274152530e-04	9.543227970419806624e-05	-5.246620076156745423e-04	3.586967687662496432e-04	-1.667997608523902331e-15	-3.107710048107780202e-04	-8.259944016912806192e-03	4.751267034712722270e-03	-1.115851900193559404e-03	-3.859412744261146689e-05	3.351597667816763691e-04	-2.623795436795205692e-06	5.306586295154848767e-03	2.045486181229801625e-04	4.812439862180828420e-03	-2.071167841718653279e-04	6.409763591791499881e-04	-4.489023787539070387e-03	5.788903321074017553e-05	1.700891201591922248e-04	-1.264055867074640079e-02	-4.509202086003307472e-04	-4.873195231236668898e-04	8.887927807186703330e-05	-4.778929863608463507e-04	-6.613963988779853506e-05	-3.112303419302378537e-05	1.311193186441024126e-04	-4.347216492521701069e-05	-4.671372257515701441e-05	2.251651941185312705e-05	-4.721750750466149546e-03	-1.369934191837616437e-04	8.753089621239776991e-03	7.771989053637973818e-05	-6.159812535913402384e-04	5.462287733089593936e-03	8.190660211562020288e-04	1.543832739935082363e-04	1.930752573428467297e-04	4.736682723725431452e-04	5.932586429572666827e-05	3.712289167280516009e-05	-3.658725178929163736e-04	-5.837930991489136199e-05	-3.027852839221655858e-04	-4.259473899624680444e-05	1.175468066070151237e-04	-2.648990667558985242e-04	-3.906475438416794153e-04	1.408020636323479647e-04	2.799691880280596231e-04	7.083162360586680141e-05	0.000000000000000000e+00	5.609619141183388481e-03	-1.284802620056911190e-02	2.449213636902257711e-04	5.404584638277469544e-03	-2.712773898188028593e-05	-3.655231720476959448e-04	-7.125419684987641176e-05
1.201359368325068350e-04	1.172373800489099477e-03	-4.074696781161470951e-05	-5.008315657645070508e-04	-1.127506207378934679e-03	1.972709406507208978e-03	-8.250569490146515955e-04	-5.306586295170197601e-03	1.855125696980818766e-04	-5.882555104665777379e-04	1.905182295130611520e-04	-3.447536745573814669e-04	9.854622404246288396e-06	2.317942182506299922e-03	-3.964719760201494865e-04	8.494825665377597756e-15	9.162570368382342515e-04	3.318239192464385963e-04	-3.344781855292163712e-04	2.190512601235363940e-03	2.133226950095368484e-04	-6.589241323392770917e-03	4.114768427180136193e-05	5.943636796532057731e-04	-7.170925766027363805e-04	-1.178000463144465281e-03	1.903886776621528405e-03	-3.436338236605722364e-04	-1.164653887250888514e-03	8.010584110212533825e-04	6.443601908388425759e-05	-1.799868037452801751e-03	-1.729350285750806421e-03	-8.296573714635457973e-05	3.386897683203581098e-04	-2.185564054002353887e-03	-2.202700649754979945e-04	3.821466596034424432e-03	-5.242708745292213581e-04	-3.718532964085869438e-05	2.289667434401509126e-03	3.294258948852276693e-03	-7.267753684037837718e-03	9.099175932921260354e-04	2.681266762696137874e-03	-1.595419034650565071e-04	-8.255467202117486650e-04	-3.269700614056846228e-04	-8.621430987601336454e-04	-1.603240038871456535e-03	2.486632121191816036e-03	4.892925329028813589e-06	-1.222775031329278745e-03	-6.867638145220975130e-04	6.959509272175053336e-04	2.287763791046620518e-03	-5.609619141183388481e-03	0.000000000000000000e+00	7.350300988555752164e-04	-4.313363834751889753e-03	-7.749232616948516141e-05	9.431666108425981309e-04	1.732956919761013785e-03	1.333696707511698200e-04
-2.963851288074981715e-04	-3.209899563501238291e-03	4.325283898504256536e-04	6.479365967461387212e-04	2.563415570929536598e-03	-3.760693311112467668e-03	1.433877443171254536e-03	1.264055867078990592e-02	-2.309213938253012674e-03	2.172493179279655524e-03	-1.076992936208887898e-03	2.367688191220686592e-03	1.365597867313218718e-04	-5.614546086456548291e-03	2.284481856231797801e-03	-5.943636796948729636e-04	-9.735931334346364149e-04	-1.050931477914222260e-03	6.650308166716036549e-04	-6.218626100888077074e-03	1.138426918729137092e-04	1.594313444231548055e-02	-4.141926591583704534e-03	4.964225645137654297e-14	9.541759253680014412e-04	2.752487959097713217e-03	-4.338517812985319758e-03	-5.567165340277341031e-04	2.437399201345277072e-03	-1.389380346202211819e-03	8.892529112914475116e-05	3.545255784819858168e-03	4.142296949934750824e-03	9.239248433991426382e-05	-2.920269657623913626e-06	3.834837269395974073e-03	-8.113396697666127276e-04	-6.413777027773235814e-03	2.135994906374123758e-03	-6.056110171610629752e-04	-4.293705307941199541e-03	-7.177055600383891801e-03	1.636030213490150681e-02	-1.559483945318611113e-03	-5.787635364375506505e-03	3.326826481800822504e-04	1.170066662441921618e-03	8.015632886784265776e-04	1.512967258401792196e-03	3.740697180715266829e-03	-6.282271006945326988e-03	1.777058227945512488e-04	3.242809434402636401e-03	1.071284542804728721e-03	-3.853640840883990775e-04	-5.061885608181203658e-03	1.284802620056911190e-02	-7.350300988555752164e-04	0.000000000000000000e+00	5.568520963831658996e-03	-6.803551398331495088e-04	-7.098297625887587791e-04	-3.253680831298425610e-03	-2.611276387524267065e-04
-6.940468494679810120e-04	2.020337419725297574e-04	-1.417549397323459876e-04	1.503017874253632750e-03	-2.948917653498591513e-04	-4.047301723574368501e-03	4.115920341296230335e-03	4.347216491615301954e-05	-1.130962470741076088e-04	-3.657569200563701335e-03	2.410719521219840261e-03	-8.157652974265957018e-04	-9.576036207206127266e-04	-2.506145986288325629e-05	1.727333372165483602e-04	1.799868037447725951e-03	1.040038815206437259e-04	1.357886678781159307e-03	-8.385861687636103970e-04	3.467145278917087813e-04	7.988093503091857816e-04	4.850747633170500277e-04	-2.158825573482361167e-04	-3.545255784814001741e-03	1.432283272585067489e-03	6.152725125179700537e-04	-4.942092570814869690e-04	3.578410455302702409e-03	9.055439261148082956e-05	-1.661075730186412774e-03	3.998317508782971630e-04	1.415344621016889626e-15	-6.324886906753843501e-05	8.125063654111919220e-04	-1.843358077549907270e-03	-1.443482933828321149e-04	2.642686438371136259e-03	9.201414321756855904e-05	-4.443793789279648068e-04	1.721523773643130438e-03	-2.640737935698823750e-03	-6.046594534102258268e-04	1.992526363796535320e-04	8.901592131807434163e-04	-3.482638646081575532e-04	-1.290802545787379883e-03	2.787676037636035130e-03	-1.050363395424323804e-04	1.757645123218088030e-03	2.908604475731094781e-05	-5.380838432236130633e-06	-1.059204041013900397e-03	6.968010711909697168e-04	3.307905223875693898e-03	-6.411401624294455273e-03	4.513124464431606431e-04	-2.449213636902257711e-04	4.313363834751889753e-03	-5.568520963831658996e-03	0.000000000000000000e+00	2.441382634876016096e-03	1.150116257318168256e-04	-3.181826585787286311e-04	-5.247654978556756927e-04
1.024008172518011946e-04	1.340818904809992253e-03	-5.269664638808968526e-05	-3.369511740399095930e-04	-1.320067385544701054e-03	1.709968656730013331e-03	-6.573086665645428220e-04	-5.462287733108071343e-03	9.203002309273928573e-04	-6.034088782708741522e-04	1.906756018703420984e-04	-1.246581039410901703e-03	-5.316018165055977341e-05	1.163151795434393555e-03	-2.322271778227359717e-04	3.718532965727817734e-05	1.011194939644380515e-03	1.554978367861186057e-04	-1.924632796305997392e-04	4.507861567047114285e-03	1.057251190724530507e-04	-6.911739780011917113e-03	1.905014446557556571e-03	6.056110171213672979e-04	-4.366885754412799304e-04	-1.119574391001694480e-03	2.210253224581478545e-03	9.935980232162388778e-05	-1.291000881974784485e-03	6.124533784543880529e-04	-6.980716046000559789e-05	-1.721523773640955095e-03	-2.797525358144450219e-03	-3.682972377220602317e-05	1.873416604813500533e-04	-2.434990565621997748e-03	9.113118138255404217e-05	3.014292629742699407e-03	-1.546632062286794687e-03	7.748359245884905988e-15	1.945111592131980403e-03	2.647559487022095245e-03	-6.871402916154303875e-03	7.565443493616103325e-04	2.697867903954345899e-03	-8.125731534119046812e-05	-5.837198761152742003e-04	2.908236365654012992e-05	-6.895430199537972218e-04	-1.348301303722859029e-03	2.540238633890331069e-03	-1.297330548595142425e-04	-1.579672296869705315e-03	-5.894704473618738155e-04	4.662271419767040955e-04	1.652175456382257591e-03	-5.404584638277469544e-03	7.749232616948516141e-05	6.803551398331495088e-04	-2.441382634876016096e-03	0.000000000000000000e+00	1.323237278972667127e-03	-8.973196519708900821e-04	2.064192513368128565e-05
4.770272776769198539e-04	-3.950626283481556856e-04	6.443664423812307178e-05	-9.344074370033856269e-05	3.643894269244948988e-04	1.992481930967792379e-03	-2.163468544563357503e-03	5.837930991890341148e-05	-3.425663554867377971e-05	-2.077255502143383859e-04	-2.867434629405388787e-04	2.907971188322197543e-04	5.337551198254466720e-04	-9.160811647098495054e-05	1.411853440505178398e-05	3.269700613997729021e-04	4.299741108101657987e-05	1.136959432682394140e-03	3.568935418701572513e-04	-8.929512658129631214e-05	-1.107070189187852813e-03	6.206135250800566940e-05	-7.252886910954253383e-05	-8.015632886591945658e-04	-8.582586218028817344e-04	-6.041248759239901782e-04	3.695256674271550981e-05	-1.999759259532857270e-03	5.752223858866876917e-06	7.980117418009743252e-04	4.466885574157001892e-05	1.050363395366371165e-04	1.876556553600443409e-05	-8.808989532753783071e-04	3.258242937166296884e-04	1.236565680621431993e-05	-2.462932407579144405e-04	-1.687704696016988478e-05	7.811124881158403206e-06	-2.908236366645153010e-05	1.850213309042364907e-03	4.749527097885600149e-04	9.611857286980801825e-05	-1.923126968510480682e-04	4.452940072483598400e-04	1.141884491976554892e-03	-2.781642612278456203e-03	2.753166245602223922e-15	-1.191039565087865897e-03	-5.657812787440171355e-05	3.883322271167857949e-05	1.181238871059718044e-04	-7.550664736124628167e-04	-1.958757107960864847e-03	4.309712716180331450e-03	-3.281169638322392135e-05	2.712773898188028593e-05	-9.431666108425981309e-04	7.098297625887587791e-04	-1.150116257318168256e-04	-1.323237278972667127e-03	0.000000000000000000e+00	8.389683728656259021e-05	-5.933887435209297522e-04
-4.415922587707749730e-04	5.585328126059205256e-04	-5.991412013702125802e-05	-4.395318797228760926e-04	-3.140417688797048968e-04	-2.150369157443102891e-03	1.840767492234374886e-03	-7.083162361134131765e-05	9.070648267378003584e-05	3.822521268116787184e-03	-1.598714526518022318e-03	8.510289858073797492e-05	-6.592430947878932497e-04	1.715247417815489927e-04	-1.276527372805821977e-04	-2.287763791028449289e-03	-1.783162263076771116e-04	-3.980253778722269396e-03	6.190485607055990023e-04	-9.849132812611121864e-05	1.634587851969150022e-03	-5.206453065391223461e-04	3.438847105772506072e-04	5.061885608134822356e-03	1.570887652118887947e-03	7.949280712731892577e-04	-1.415010230925574472e-05	3.707547202113650308e-03	-2.194036159670168131e-05	-1.190291911772472632e-03	-5.857148017866561484e-04	-4.513124464383659758e-04	1.052767485768584454e-04	9.943601109679053428e-04	6.982649578607120610e-04	1.137781733144193285e-04	-1.605969299920254490e-03	4.068321471802993308e-06	2.486400191667098906e-04	-1.652175456362995655e-03	-3.451193822336267626e-03	-3.142606846783173140e-04	-1.806077578098681075e-04	-1.439579131914865175e-03	-5.931940491276476010e-04	-1.346908441600742044e-03	4.812727630645821306e-03	3.281169637829975969e-05	1.884295099379076606e-03	4.700998560959465471e-05	-2.971576998803139016e-04	7.028322191693258314e-04	1.031332524941348458e-03	2.242312045247251470e-03	-6.131951992940980374e-03	3.181487937139147737e-15	3.655231720476959448e-04	-1.732956919761013785e-03	3.253680831298425610e-03	3.181826585787286311e-04	8.973196519708900821e-04	-8.389683728656259021e-05	0.000000000000000000e+00	1.106234816017097203e-03
7.768043664238196159e-05	4.749031755271637570e-04	-3.752986227305014802e-04	6.264470771151644342e-05	-1.955474335055434366e-04	-2.663792220628187545e-05	-5.030505980956729260e-05	7.125419684970707294e-05	4.749031755254666553e-04	2.509950230924202878e-04	-2.113939310614891781e-04	-1.554092321888884932e-04	6.515669344633698283e-06	-5.611784408941307336e-04	2.866313897468655936e-05	-1.333696707526150073e-04	-3.752986227304953544e-04	-2.113939310618554216e-04	1.400427512409412522e-04	6.308283747883148022e-04	-4.023650449961596446e-05	-1.054520783166765143e-04	8.372339253587164631e-04	2.611276387554527147e-04	6.264470771065825674e-05	-1.554092321918413449e-04	6.308283747916562049e-04	-2.308498209649607110e-05	-7.234428207874631729e-05	7.110936629338846979e-05	-1.446539504645313380e-04	5.247654978628495332e-04	-1.955474335033388742e-04	6.515669345079549322e-06	-4.023650450016370340e-05	-7.234428207952329722e-05	9.833016389533736734e-05	-1.391028134816388187e-04	-5.188342609511012492e-04	-2.064192513460238315e-05	-2.663792220687048881e-05	-5.611784408922863973e-04	-1.054520783216682624e-04	7.110936629325085743e-05	-1.391028134829304830e-04	-1.347281868674548883e-04	1.193572506266475034e-04	5.933887435177966248e-04	-5.030505980741907475e-05	2.866313897321885455e-05	8.372339253627783182e-04	-1.446539504645078921e-04	-5.188342609494425283e-04	1.193572506274967861e-04	2.992599241497036103e-05	-1.106234816016284702e-03	7.125419684987641176e-05	-1.333696707511698200e-04	2.611276387524267065e-04	5.247654978556756927e-04	-2.064192513368128565e-05	5.933887435209297522e-04	-1.106234816017097203e-03	0.000000000000000000e+00
