1.466086831844709776e-03	8.974583169280337422e-05	-3.050933896905325972e-04	1.690748821982569197e-03	3.183533187553704664e-04	3.169416188317329816e-04	-2.078137765794282454e-03	2.073017583116744530e-04	8.974583169122977674e-05	1.658677636982524347e-03	-5.422720310889947697e-04	2.497090964970775581e-04	-1.661017261979920543e-04	-4.582892978139072320e-05	-1.109563471800283779e-04	-1.337871624029994804e-03	-3.050933896906354338e-04	-5.422720310914530897e-04	1.151696262125348106e-04	-8.745217570748700913e-04	4.394287237454412446e-04	8.009256687093013315e-04	-1.786053275312576242e-05	1.271320444077773081e-03	1.690748821980691142e-03	2.497090965017960060e-04	-8.745217570781384188e-04	4.251298299554806884e-03	4.573419525820237837e-04	-1.633348499525619181e-03	-8.256694602900644308e-05	3.247906286392349996e-04	3.183533187565264428e-04	-1.661017261971378385e-04	4.394287237446343813e-04	4.573419525812070542e-04	-7.639725616652005922e-04	-5.928337176874358145e-04	1.597165380909080536e-04	-4.312563169497290278e-04	3.169416188295566626e-04	-4.582892978465531015e-05	8.009256687178509162e-04	-1.633348499532610116e-03	-5.928337176905346811e-04	1.490194777692536044e-03	-2.154927220345183130e-03	-2.960699268689256187e-04	-2.078137765790613514e-03	-1.109563471789111211e-04	-1.786053275857788988e-05	-8.256694602623561535e-05	1.597165380965183119e-04	-2.154927220344677024e-03	5.470025729303594833e-03	3.432193688116602160e-04	2.073017583120851759e-04	-1.337871624029290506e-03	1.271320444078571487e-03	3.247906286402521981e-04	-4.312563169520146344e-04	-2.960699268700540563e-04	3.432193688113929601e-04	6.975796874220325291e-04
8.974583169280337422e-05	4.620812612943316078e-03	-2.341422627249508098e-03	-8.897121176450425474e-04	-5.285993457818035117e-05	1.375841755034050949e-03	-7.410398582304735362e-04	-5.080164322753925876e-03	6.801630083719325008e-04	8.033906348477854158e-04	1.524273707502066136e-04	1.337686001122764465e-03	-5.343883713386971034e-04	-6.868413396418544554e-04	-1.303589270265948798e-04	-1.601860008234444899e-03	5.501157844526862947e-04	-7.919400707491010055e-04	-2.161693448836674654e-04	3.751283976788988891e-04	1.116447884285473417e-03	1.044151918509916887e-03	-1.442685847649918546e-03	3.178777995344168016e-03	-3.062916272802568025e-04	6.219013124692396831e-03	-3.154327261780585662e-03	-2.020891194590427892e-03	3.134883507556361290e-04	8.117210805323106949e-04	-3.403928340863122959e-05	-2.642405005670750776e-03	-9.426345372459035005e-04	2.491509278929178407e-04	1.548345121741233322e-04	-4.845518201628190103e-04	-1.084167064658973518e-03	-2.314311612663660250e-04	1.280986818123041986e-03	-1.204767731187266801e-03	5.840801556798698793e-04	-6.602343390995842358e-04	-2.217451209028465709e-04	9.632578817109483087e-04	1.476719506177141469e-04	-2.244581859326807353e-04	-5.351394806652829805e-04	-6.035747962310356724e-05	-6.839702998662291773e-04	-2.434741410557821062e-03	3.270045581890469039e-03	4.414714262559793273e-05	-1.194701335664836691e-03	-9.697606999678068732e-04	2.150618212296125532e-03	2.688711978084464427e-03	-2.334894560778442898e-03	-2.048929155617513077e-04	-6.942090959798780103e-05	-5.058730420674682152e-04	1.647196696350846799e-04	-4.615654186877049927e-04	2.588818285154038945e-03	3.941875165209887395e-04
-3.050933896905325972e-04	-2.341422627249508098e-03	2.855210231537081127e-03	2.042306868544975414e-05	-2.132464307836692916e-03	-2.204346213307937922e-04	4.730583410985562433e-04	9.260682030245377173e-05	5.501157844537567275e-04	5.079919871296986831e-04	-3.091384093575268058e-04	2.020978972548358188e-04	9.027623500278775194e-05	4.544536565949374991e-04	-6.016257124426740294e-04	-1.657430450449014453e-04	-3.984892972658774131e-04	-3.676471292510758511e-04	4.806072182538059258e-05	-7.170977326248158300e-04	1.843473924633611417e-04	1.786577722987859923e-04	6.260641004974412758e-04	5.409297807133776241e-04	-4.253172858405872910e-04	-3.740136135149909301e-03	3.682143206634202505e-03	3.190346086477698203e-04	-1.172761174756823841e-03	-1.882406855362319753e-04	2.687557338326572627e-04	1.201750198880962390e-03	-1.833776924940147708e-04	6.345188058827947266e-05	1.296646731866389309e-04	2.652793081502821931e-04	-2.388509901796504094e-04	-6.765387428166937545e-04	8.399920726085650111e-04	-9.421088119054984392e-06	1.144392505695132650e-05	3.549069534133888668e-04	3.452938970494202485e-04	-2.802073960961871360e-04	-5.368091128058350564e-04	7.433709537900984213e-05	1.476802717183069212e-04	-8.522677018483991451e-04	3.418498570814140053e-04	1.412798281948378538e-03	-4.051733856165383452e-03	1.929784425514115406e-04	3.581763001728950711e-03	9.861959428176262027e-05	-6.174240369762925684e-04	1.005735240546401814e-03	-8.697117128491849624e-04	-1.999142736544831450e-04	5.903931369838210253e-04	-6.786655685772095738e-04	-2.752861160392852972e-04	-4.350528183779926055e-04	5.025387799400231207e-04	4.054520674613194559e-05
1.690748821982569197e-03	-8.897121176450425474e-04	2.042306868544975414e-05	9.177757721028028878e-03	1.535698278817652506e-04	-9.744952908630616362e-03	3.058551159193043795e-03	1.379487140505425424e-03	-3.062916272874780226e-04	3.146779827318509862e-03	-9.967993859942483187e-04	-1.425126891596234209e-03	-1.866901111086983220e-04	1.103644727482938452e-03	-5.954212918174372430e-04	-2.595750889482668911e-03	-4.253172858370768070e-04	-1.569821197503775377e-03	-6.954781386056515310e-05	-6.037771749056486696e-04	1.659604299706706138e-03	-3.520530399945219751e-04	7.449784930216969085e-04	4.868247252235145123e-03	5.270883467884636929e-03	-1.984524852341090599e-03	6.059659211641776812e-04	1.935137784089618201e-02	-6.347933276598569888e-05	-9.282792472149040131e-03	1.881553379630318285e-03	1.177432752669128370e-03	4.312849444022666076e-04	1.196389917399467929e-04	8.451836253489296508e-04	5.219333691823221152e-04	-2.232434047824971134e-03	-3.591298590310385464e-04	2.945941447083484047e-04	-2.071497691839683034e-03	-4.769506880535644144e-03	7.237234184833589781e-04	-1.074051457492723955e-03	-6.593959536250007872e-03	3.595871039032940341e-04	2.785128965858602295e-03	-6.426979161765617159e-04	-1.573733287641286723e-04	8.458318932979321664e-04	-1.666783043468119318e-04	7.962220228693416956e-04	-1.666786273971124829e-03	-2.593285352770210257e-04	2.735676219047145259e-03	-2.452873818929401234e-03	-1.113839512919367718e-04	8.743982691182780901e-04	-9.308212261048676552e-04	1.327225081742493002e-03	1.175574228710954232e-03	-1.944419623036160606e-03	-6.534520651286304660e-04	7.050619997153795889e-04	-5.031949998131727848e-04
3.183533187553704664e-04	-5.285993457818035117e-05	-2.132464307836692916e-03	1.535698278817652506e-04	4.375763494088354827e-03	-2.033002742010007265e-04	-5.548256513555084850e-04	4.875371154612321081e-03	-9.426345372454271020e-04	-1.935848789331989306e-03	5.734072311656759641e-04	-6.116019117126182984e-04	3.761313585196160479e-04	-3.536221432010944795e-05	6.820081256799138568e-04	1.999247881898877713e-03	-1.833776924947763958e-04	1.409723314925857840e-03	3.024177034712568612e-05	5.478478188519177649e-04	-1.612907582413487459e-03	-1.447414655495546897e-03	1.086836393850270852e-03	-4.603281133440782595e-03	4.312849444032389743e-04	2.200974779793557490e-03	-2.783380264408707398e-03	-3.224569246548043746e-04	1.579915300868147765e-03	2.959309734380564743e-04	-6.076670813587854800e-04	7.279350635588107505e-04	1.429415095356949186e-03	-1.375976226013786463e-04	-5.202719273436519484e-04	9.621914105141189178e-05	1.729659508088587623e-03	1.408851541591784901e-03	-3.355315522663261836e-03	1.306531524645628255e-03	3.833245883649884483e-04	-9.994947207182251943e-04	2.312075461467729993e-05	3.575691814400176510e-04	1.613867075797705084e-03	-1.345683793094981477e-04	-3.804656842737951482e-05	1.379233470427066116e-03	-2.764435826267156674e-04	3.475402890431248532e-04	2.839496966423562651e-03	-3.800775562897247745e-04	-6.937515311317232411e-03	4.294813910716477248e-04	-3.460226127174502106e-05	-4.261008318763348339e-03	3.228475430940683059e-03	7.961232629079910937e-04	-1.304547029480917792e-03	1.041228118011263250e-03	5.701933876747320318e-04	9.871486776907669770e-04	-3.064902461173727236e-03	-3.375659210571483140e-04
3.169416188317329816e-04	1.375841755034050949e-03	-2.204346213307937922e-04	-9.744952908630616362e-03	-2.033002742010007265e-04	1.864153576053204781e-02	-1.064787556746419998e-02	-2.847264691622765961e-03	5.840801556850676530e-04	1.988246549402356499e-04	-9.263462549846516493e-05	3.408407664225204803e-03	-1.851266210771771847e-04	-1.975754457592268035e-03	1.119008660673248643e-03	-4.325585477785822471e-04	1.144392504727302640e-05	-7.947723256845190803e-05	4.042967858487223108e-04	-1.675487181043684628e-03	-5.230526773692760999e-04	2.533956363635595128e-03	-1.970595374602810475e-03	-1.203840019808606436e-04	-4.769506880531593565e-03	3.610863693661937532e-03	-2.574937670190390396e-03	-1.876043982247253133e-02	8.018358677787083572e-04	1.189789648880310892e-02	-3.350975528572829563e-03	-2.039225722887240931e-03	3.833245883781143419e-04	-3.281295176786093188e-04	5.456517658970926250e-05	4.906172498979290055e-04	8.038652275300371989e-04	-5.179446814699592387e-04	-3.653882598287657812e-04	6.468885883031326401e-04	7.958891882150823799e-03	-1.215337715166206999e-03	3.654905334832021010e-03	5.988883184782610621e-03	-1.870962421375934248e-03	-5.415927335214026092e-04	-5.041134588618356380e-03	-2.280769615991793417e-04	-5.659196934167590523e-03	3.944733747277371239e-04	-2.348634479410520014e-03	2.108146126064747595e-03	1.724463440918826487e-03	-1.092710603594604368e-02	1.920173778438804407e-02	1.238335813208571792e-03	-7.468167137926875815e-04	-1.396049995161555059e-03	-1.627894138072956019e-04	-1.361424594534296328e-03	1.902452125626495107e-03	5.650091064767341111e-04	-8.143442786912030848e-04	1.934043301545677190e-03
-2.078137765794282454e-03	-7.410398582304735362e-04	4.730583410985562433e-04	3.058551159193043795e-03	-5.548256513555084850e-04	-1.064787556746419998e-02	1.012792832090145603e-02	8.101573177269399614e-04	-6.839702998700965264e-04	-3.458752606117980292e-03	1.477399639733696689e-03	-1.909954314462158518e-03	4.042489146757273673e-04	1.194109241542693021e-03	-2.345813850200368310e-04	2.973634025840024304e-03	3.418498570888192688e-04	9.634412214685086732e-04	-3.312905886740240584e-04	1.528352888224859731e-03	-5.184123290208292410e-04	-2.530278852151171196e-03	7.301152461368860857e-04	-2.506998428086265086e-03	8.458318932956024327e-04	-1.944595058240442551e-03	2.303680227574342841e-03	3.286607042436994440e-03	-1.174943297877122182e-03	-3.819274261271447726e-03	1.969369783758659429e-03	2.520396207120103454e-04	-2.764435826360443597e-04	8.415539589924657176e-04	-1.301422802535104556e-03	-8.044255198175590026e-04	8.175351214369119433e-04	1.513303865689272568e-03	-4.088022032717172688e-04	2.813108141264233962e-05	-5.659196934166401370e-03	8.316798659873243750e-04	-3.184187068581647521e-03	-1.693523797790021925e-04	1.863214549149104851e-03	-2.344398362316838132e-03	7.302596899986692550e-03	5.360408510694802953e-04	6.423244637097285346e-03	-1.627834079139206893e-04	1.314372883643699511e-03	-1.416375983883884403e-03	-9.606216246462473147e-04	9.633118990374740093e-03	-2.177782006355151456e-02	-8.490812202785533299e-04	3.713805467460981418e-04	4.089488106909120943e-03	-3.308853123224148388e-03	4.160439312851605884e-05	-4.007091306200271253e-04	2.986761284375949758e-04	-1.959834735461156744e-04	-2.878112025923470780e-03
2.073017583116744530e-04	-5.080164322753925876e-03	9.260682030245377173e-05	1.379487140505425424e-03	4.875371154612321081e-03	-2.847264691622765961e-03	8.101573177269399614e-04	1.693307394734218721e-02	-2.334894560780214050e-03	-3.929153311709079020e-03	7.931256109239948711e-04	-1.521794540848857595e-03	9.400005174624141441e-04	-1.112275220262800429e-05	1.628914151464781659e-03	4.083718180739193647e-03	-8.697117128525370987e-04	3.040083497786894885e-03	1.234346653600759116e-04	-9.891181689292904630e-04	-3.340024681346947643e-03	-7.126356370905313547e-04	1.705654089069969306e-03	-9.508079359947109455e-03	8.743982691210888843e-04	-2.730291485070854285e-03	-6.064043882259065581e-04	2.478061316190593825e-03	2.234065996440057558e-03	-1.512016576903742584e-03	-1.785026470272412262e-04	7.322651478441155951e-03	3.228475430945063670e-03	-5.082099351907449656e-04	-1.149033925316890210e-03	1.234038043756107480e-03	3.930377614118525653e-03	1.044076831211804583e-03	-4.901803368617834757e-03	3.393803579521193110e-03	-7.468167138146850677e-04	-2.808002935814393405e-03	3.846680288419749780e-03	-1.348472620245615801e-03	-3.802738875004742442e-04	4.378537023842208101e-04	5.369923179838519481e-04	1.817324577246355903e-03	3.713805467530625687e-04	4.072332483728265465e-03	-1.092474345706855900e-03	-2.609555986478769821e-04	-5.154853784935995581e-03	1.565267957422494327e-03	-2.373520266635328457e-03	-1.174354593414338524e-02	8.900141540379583396e-03	1.478028276403807548e-03	-2.129126425645220307e-03	2.754511093632418944e-03	1.100260684401378492e-03	1.617940088003506395e-03	-7.759497425622407726e-03	-4.979911546342202875e-04
8.974583169122977674e-05	6.801630083719325008e-04	5.501157844537567275e-04	-3.062916272874780226e-04	-9.426345372454271020e-04	5.840801556850676530e-04	-6.839702998700965264e-04	-2.334894560780214050e-03	4.620812612948131670e-03	8.033906348492868190e-04	-7.919400707434723699e-04	6.219013124720601700e-03	2.491509278885122936e-04	-6.602343391184171528e-04	-2.434741410555147853e-03	-2.048929155661830112e-04	-2.341422627254310680e-03	1.524273707484735706e-04	-2.161693448875208555e-04	-3.154327261797230768e-03	1.548345121803226647e-04	-2.217451208729071953e-04	3.270045581890194085e-03	-6.942090959318261700e-05	-8.897121176604871158e-04	1.337686001109644968e-03	3.751283976937180896e-04	-2.020891194621665058e-03	-4.845518201664281567e-04	9.632578817161595265e-04	4.414714263008858970e-05	-5.058730420650921862e-04	-5.285993456606527280e-05	-5.343883713387084875e-04	1.116447884282960020e-03	3.134883507621133696e-04	-1.084167064654525253e-03	1.476719506124482583e-04	-1.194701335682544314e-03	1.647196696413257813e-04	1.375841755054857656e-03	-6.868413396292669766e-04	1.044151918482899219e-03	8.117210805405263453e-04	-2.314311612562085685e-04	-2.244581859273600403e-04	-9.697606999827439265e-04	-4.615654186897807519e-04	-7.410398582410556746e-04	-1.303589270326556784e-04	-1.442685847637392976e-03	-3.403928340664583857e-05	1.280986818111438420e-03	-5.351394806797320344e-04	2.150618212320169233e-03	2.588818285157050425e-03	-5.080164322732565359e-03	-1.601860008233145808e-03	3.178777995331914796e-03	-2.642405005664547404e-03	-1.204767731177713679e-03	-6.035747962326801360e-05	2.688711978073204337e-03	3.941875165269933222e-04
1.658677636982524347e-03	8.033906348477854158e-04	5.079919871296986831e-04	3.146779827318509862e-03	-1.935848789331989306e-03	1.988246549402356499e-04	-3.458752606117980292e-03	-3.929153311709079020e-03	8.033906348492868190e-04	1.783907605086613307e-02	-9.137516298060074926e-03	1.888974347172615821e-04	-5.631268423516783746e-04	3.178477820354629795e-04	-5.741283624783218020e-04	-1.144707029199979950e-02	5.079919871305629006e-04	-9.137516298048332583e-03	2.185704423670415709e-03	-2.273478596185337752e-04	4.367712592237664448e-03	3.222805735394123445e-04	-1.012026839113158369e-03	1.688469472922887737e-02	3.146779827308500508e-03	1.888974347046642370e-04	-2.273478596000482366e-04	1.679231206561146786e-02	-6.747681474068346376e-05	-6.387238637878752366e-03	1.421901416353125091e-03	-2.579309380857707033e-04	-1.935848789334527857e-03	-5.631268423621632602e-04	4.367712592248754536e-03	-6.747681473331198674e-05	-5.311865908641463102e-03	-1.186993916198378785e-03	2.924381759412033894e-03	-3.374787579567713885e-03	1.988246549503823728e-04	3.178477820477663973e-04	3.222805734938785096e-04	-6.387238637880138410e-03	-1.186993916173835701e-03	3.814707752966336497e-03	-5.343234697084635332e-03	-1.248248233120560595e-03	-3.458752606128113680e-03	-5.741283624801903161e-04	-1.012026839091158389e-03	1.421901416347639245e-03	2.924381759379370352e-03	-5.343234697081577014e-03	1.466152137331158331e-02	3.263180711898980811e-03	-3.929153311703712653e-03	-1.144707029200813658e-02	1.688469472925861747e-02	-2.579309380815095177e-04	-3.374787579589965184e-03	-1.248248233127219331e-03	3.263180711910792543e-03	4.644575615938820526e-03
-5.422720310889947697e-04	1.524273707502066136e-04	-3.091384093575268058e-04	-9.967993859942483187e-04	5.734072311656759641e-04	-9.263462549846516493e-05	1.477399639733696689e-03	7.931256109239948711e-04	-7.919400707434723699e-04	-9.137516298060074926e-03	1.015195910741069005e-02	-1.205680857635138244e-03	-3.016710566287625003e-03	4.195863644168097749e-04	1.396086126857450159e-04	1.816531844292583464e-03	-3.676471292563934833e-04	2.599517253609706126e-03	-3.041798344959739664e-03	2.959392212943048211e-04	1.668422658655002635e-03	-5.259157604812329540e-04	9.817810115947918966e-04	2.547246122414210901e-04	-1.569821197489439189e-03	-3.981569852089280985e-04	-3.561312673581269392e-06	-9.464005527196256429e-03	3.099507946952198122e-04	2.898795067724750305e-03	-4.977111891851756283e-04	5.653443549053313198e-04	1.409723314928553167e-03	1.970344962168313514e-03	-4.169669187051182682e-03	4.654277492800662974e-04	2.479447216980064199e-03	2.775981347115746259e-04	-1.579730145915049034e-03	-1.690797756522809201e-03	-7.947723257888811288e-05	4.437878288399105622e-04	-3.521089569904964616e-04	4.186239421206439104e-03	-5.697215795039715588e-05	-1.659223728236606469e-03	2.560737463142389887e-03	-1.069164956953913001e-04	9.634412214764199881e-04	-2.341604730714496837e-04	6.262007438403764887e-04	-1.253905980689423369e-03	-5.662582607590243297e-04	9.262344683835748273e-04	-4.881168377237834685e-03	-3.674191984003382727e-04	3.040083497775617448e-03	8.604270360146770713e-03	-1.842823415010213378e-02	1.588480338410061445e-03	5.604563090750738427e-03	1.556255463021162847e-06	-1.571263006825913142e-03	-1.997225917616134161e-03
2.497090964970775581e-04	1.337686001122764465e-03	2.020978972548358188e-04	-1.425126891596234209e-03	-6.116019117126182984e-04	3.408407664225204803e-03	-1.909954314462158518e-03	-1.521794540848857595e-03	6.219013124720601700e-03	1.888974347172615821e-04	-1.205680857635138244e-03	2.538749335808385479e-02	4.632673115344058110e-04	-1.107177455479201218e-02	1.976468458947008323e-03	1.472513469734351623e-04	-3.740136135174425280e-03	-3.981569852150076538e-04	1.245384008465612855e-04	-1.422501108717540846e-02	7.438613698013802310e-05	1.147578428506011543e-02	-6.668242106956940706e-04	1.083989232511049306e-03	-1.984524852393190417e-03	1.131335375637614743e-02	-7.841144449752032036e-03	-6.277530470176173952e-03	8.726335826904347941e-04	3.586240086069054749e-03	-4.911517924188206659e-04	-3.911228253693298240e-03	2.200974779839273091e-03	-7.607652165507732423e-05	9.386563197811072538e-04	1.049547949384863326e-03	-4.370767202835857063e-04	6.499835449590381014e-04	-6.335784481146241459e-03	-1.591796775328327505e-04	3.610863693740883930e-03	-6.845943930913506170e-03	1.121390429037743587e-02	3.059512201285159022e-03	-1.857370770364231722e-03	-1.059306602552054785e-03	-1.516593243363889044e-03	1.994815808137409031e-03	-1.944595058281156728e-03	3.253183728089907144e-03	-6.807329132160134383e-03	-4.886783009378189210e-04	1.230311382704542310e-03	-1.270796669160134023e-03	4.249764570740088496e-03	-1.220558065250093365e-03	-2.730291485046701730e-03	-7.914106721719901469e-04	3.850894305235017488e-03	-1.158398628677095865e-02	-1.173744013367005422e-03	5.741456065915733625e-03	-4.812956245357688338e-03	-9.537858254426404177e-05
-1.661017261979920543e-04	-5.343883713386971034e-04	9.027623500278775194e-05	-1.866901111086983220e-04	3.761313585196160479e-04	-1.851266210771771847e-04	4.042489146757273673e-04	9.400005174624141441e-04	2.491509278885122936e-04	-5.631268423516783746e-04	-3.016710566287625003e-03	4.632673115344058110e-04	2.861898266422857606e-03	-1.856698704835740713e-04	-2.282884013592623336e-05	3.912840994714875467e-03	6.345188059152325648e-05	1.970344962158689702e-03	9.831168851312372097e-04	-9.469755377973358181e-05	-3.683000266317420449e-03	1.964289507888646426e-04	-3.424682729450503112e-04	-7.655096965670325944e-03	1.196389917357748101e-04	-7.607652165037427205e-05	5.612777114191014717e-05	2.588142893376062887e-04	-2.132892684749331728e-04	5.120443709479622534e-04	-2.697186767632552538e-04	-4.456354039646530135e-04	-1.375976226030932578e-04	-1.263156963638965803e-03	1.221415955700544745e-03	-1.521375142434484395e-04	7.293471807573735687e-04	8.174589639551465723e-05	1.560534907829314304e-04	2.617479270536870496e-03	-3.281295176770644391e-04	-1.492357655920994314e-04	2.232266676455497197e-04	-5.650897825142624361e-04	4.573116837670277660e-04	-3.916964268162226358e-04	6.541873500131181827e-04	4.313946174998722904e-04	8.415539589908505817e-04	3.544429775900208215e-04	-3.047569980567059055e-04	1.299700883715088792e-05	-5.198559415207581157e-04	1.757314712987471418e-03	-3.120496319613133215e-03	-7.384915046239383125e-04	-5.082099351876026225e-04	-1.754085305488305505e-03	5.571079016567814443e-03	-5.875373322694662365e-04	-2.841767477810719193e-03	1.411584233147184897e-04	2.483040413521890068e-04	-5.652355732706918542e-04
-4.582892978139072320e-05	-6.868413396418544554e-04	4.544536565949374991e-04	1.103644727482938452e-03	-3.536221432010944795e-05	-1.975754457592268035e-03	1.194109241542693021e-03	-1.112275220262800429e-05	-6.602343391184171528e-04	3.178477820354629795e-04	4.195863644168097749e-04	-1.107177455479201218e-02	-1.856698704835740713e-04	9.383433343226277312e-03	-4.321298662689172093e-03	-3.255363653011668877e-04	3.549069534245494813e-04	4.437878288390004829e-04	-2.761960754609404847e-04	6.543764539334603544e-03	1.875794668860139005e-04	-1.170391906696573864e-02	4.590886210471036184e-03	-9.127564065291315660e-04	7.237234185107318304e-04	-6.845943930928107338e-03	4.829187125358670903e-03	2.635298180232771310e-03	-3.543839682429989054e-04	-1.493660373778162020e-03	1.903099056733964370e-04	4.184977120489844979e-03	-9.994947207327266152e-04	-1.492357655848031302e-04	2.177679154018160793e-05	-9.077779677855708860e-04	-6.639048867325470817e-04	1.306302360564463340e-03	1.889403247431533164e-03	1.470596317431428269e-04	-1.215337715210820834e-03	4.025987196945198833e-03	-6.841963787416749376e-03	-9.715940028420155718e-04	1.479809859111640234e-03	2.977458868060768983e-04	7.224824584065921845e-04	-1.784540819243439404e-03	8.316798660104211338e-04	-1.596871075717768568e-03	2.514599722166948811e-03	-4.708622285824699610e-05	-6.537246304410554302e-04	8.413577719698214427e-04	-2.511544698539929996e-03	1.391707532542237145e-03	-2.808002935794314849e-03	1.662890504545186214e-05	-1.198250812984147330e-03	3.623765544171870037e-03	-4.444824803530609885e-05	-4.321686363443285814e-03	6.556786768797532791e-03	2.291636582867526920e-04
-1.109563471800283779e-04	-1.303589270265948798e-04	-6.016257124426740294e-04	-5.954212918174372430e-04	6.820081256799138568e-04	1.119008660673248643e-03	-2.345813850200368310e-04	1.628914151464781659e-03	-2.434741410555147853e-03	-5.741283624783218020e-04	1.396086126857450159e-04	1.976468458947008323e-03	-2.282884013592623336e-05	-4.321298662689172093e-03	4.742772690774166300e-03	2.830912005261758684e-04	1.412798281947080098e-03	-2.341604730659898313e-04	3.146414132556483957e-04	-1.880835913407577845e-03	-3.869755208469169341e-04	5.628396381490069489e-03	-5.741980347713780339e-03	1.475233320568922809e-04	-1.666783043490631150e-04	3.253183728098817118e-03	-2.943264947083622587e-03	-8.451791535944132771e-04	5.237343028748911661e-04	4.707157804066802189e-04	-1.228732645012602640e-04	-2.350540963575954191e-03	3.475402890446116196e-04	3.544429775845854991e-04	-7.031894457134447822e-04	6.166851823882644936e-04	1.205539912693522151e-03	-4.051414564581507665e-04	-1.473499423634699608e-04	2.152786580393788814e-05	3.944733747328195385e-04	-1.596871075721136100e-03	2.366918082999868670e-03	4.450635703349368208e-04	-5.023986578546917655e-04	-3.008846210146259143e-05	-2.845338195682430997e-05	1.407032449405394743e-03	-1.627834079168874730e-04	1.286122999600338920e-03	-7.598398394909298970e-04	-7.982921237392414889e-05	-2.393868753234444928e-04	-2.251069507456344651e-04	1.942189536144955453e-04	-2.775782176869339563e-03	4.072332483716146687e-03	8.018066470439176455e-04	-1.089037021071399781e-03	1.582717119767535169e-04	8.430069016133793190e-04	2.493733928674041027e-03	-6.201215890607311362e-03	-1.749476449820011072e-04
-1.337871624029994804e-03	-1.601860008234444899e-03	-1.657430450449014453e-04	-2.595750889482668911e-03	1.999247881898877713e-03	-4.325585477785822471e-04	2.973634025840024304e-03	4.083718180739193647e-03	-2.048929155661830112e-04	-1.144707029199979950e-02	1.816531844292583464e-03	1.472513469734351623e-04	3.912840994714875467e-03	-3.255363653011668877e-04	2.830912005261758684e-04	1.508437653240189517e-02	-1.999142736509786783e-04	8.604270360138669554e-03	-6.075445522093039005e-04	2.195966667246516057e-04	-7.465168322049983360e-03	-4.077244345531858493e-04	3.911483522865648993e-04	-2.509321346367264158e-02	-9.308212261092481572e-04	-7.914106721580789656e-04	1.208615632494875174e-04	-1.085449903944371748e-02	-4.024185287422736736e-05	6.117736582256655571e-03	-2.603994512347516076e-03	-2.278109824706181822e-04	7.961232629042951569e-04	-1.754085305490336432e-03	1.711768046226298790e-04	-2.136058741786304831e-04	4.228495648142834192e-03	9.748651039855200625e-04	-1.519399958271614674e-03	6.369600786533964262e-03	-1.396049995155348653e-03	1.662890502999151863e-05	-3.798258767738097808e-05	3.692596716089917644e-03	1.319248616015564375e-03	-3.893024162659200482e-03	5.816802690148097782e-03	1.180691930075582294e-03	4.089488106909821771e-03	8.018066470530931401e-04	1.129110068379658390e-04	-7.274292044993051079e-04	-2.546767611674782567e-03	6.442246868360843731e-03	-1.500368112383688654e-02	-2.866028143344740656e-03	1.478028276396689111e-03	4.139067146135936431e-03	-9.635246076161815441e-04	-3.168885024541684197e-04	-1.541767018371192465e-03	9.063341397265369404e-04	-1.503337377285229089e-03	-4.720569684859055731e-03
-3.050933896906354338e-04	5.501157844526862947e-04	-3.984892972658774131e-04	-4.253172858370768070e-04	-1.833776924947763958e-04	1.144392504727302640e-05	3.418498570888192688e-04	-8.697117128525370987e-04	-2.341422627254310680e-03	5.079919871305629006e-04	-3.676471292563934833e-04	-3.740136135174425280e-03	6.345188059152325648e-05	3.549069534245494813e-04	1.412798281947080098e-03	-1.999142736509786783e-04	2.855210231541886745e-03	-3.091384093526157494e-04	4.806072182528357004e-05	3.682143206643638533e-03	1.296646731844375939e-04	3.452938970487179023e-04	-4.051733856178909958e-03	5.903931369808693933e-04	2.042306868957756254e-05	2.020978972571548730e-04	-7.170977326310093349e-04	3.190346086630321343e-04	2.652793081523347504e-04	-2.802073961064349607e-04	1.929784425540682154e-04	-6.786655685760962066e-04	-2.132464307848838149e-03	9.027623499848589522e-05	1.843473924721573552e-04	-1.172761174758623400e-03	-2.388509901882551799e-04	-5.368091128157818524e-04	3.581763001763893679e-03	-2.752861160420428570e-04	-2.204346213330632442e-04	4.544536565932892950e-04	1.786577723048669570e-04	-1.882406855351938788e-04	-6.765387428185881810e-04	7.433709537660357738e-05	9.861959428636435376e-05	-4.350528183791768796e-04	4.730583411016452437e-04	-6.016257124406702069e-04	6.260641004922204086e-04	2.687557338291127348e-04	8.399920726112780102e-04	1.476802717299015419e-04	-6.174240369946301134e-04	5.025387799416608080e-04	9.260682029212795221e-05	-1.657430450502394876e-04	5.409297807284460828e-04	1.201750198887637606e-03	-9.421088128135584163e-06	-8.522677018546948903e-04	1.005735240564119195e-03	4.054520674254003801e-05
-5.422720310914530897e-04	-7.919400707491010055e-04	-3.676471292510758511e-04	-1.569821197503775377e-03	1.409723314925857840e-03	-7.947723256845190803e-05	9.634412214685086732e-04	3.040083497786894885e-03	1.524273707484735706e-04	-9.137516298048332583e-03	2.599517253609706126e-03	-3.981569852150076538e-04	1.970344962158689702e-03	4.437878288390004829e-04	-2.341604730659898313e-04	8.604270360138669554e-03	-3.091384093526157494e-04	1.015195910739368976e-02	-3.041798344953034090e-03	-3.561312652394468163e-06	-4.169669187051030027e-03	-3.521089570153713663e-04	6.262007438463042556e-04	-1.842823415010109642e-02	-9.967993859940032890e-04	-1.205680857636034446e-03	2.959392212892804656e-04	-9.464005527212104862e-03	4.654277492843600633e-04	4.186239421213980814e-03	-1.253905980692195674e-03	1.588480338417881579e-03	5.734072311598069609e-04	-3.016710566282550070e-03	1.668422658646673360e-03	3.099507946874803434e-04	2.479447216994238624e-03	-5.697215794006653877e-05	-5.662582607685313733e-04	5.604563090756785673e-03	-9.263462549730004062e-05	4.195863644105875929e-04	-5.259157604538424293e-04	2.898795067728276564e-03	2.775981346940989674e-04	-1.659223728237707151e-03	9.262344683812303485e-04	1.556255456568872431e-06	1.477399639738238412e-03	1.396086126913243474e-04	9.817810115759723153e-04	-4.977111891793073841e-04	-1.579730145896282145e-03	2.560737463138707502e-03	-4.881168377231148194e-03	-1.571263006825251995e-03	7.931256109191915302e-04	1.816531844288462195e-03	2.547246122311233921e-04	5.653443549006280508e-04	-1.690797756491110165e-03	-1.069164956881308182e-04	-3.674191984133905490e-04	-1.997225917601477482e-03
1.151696262125348106e-04	-2.161693448836674654e-04	4.806072182538059258e-05	-6.954781386056515310e-05	3.024177034712568612e-05	4.042967858487223108e-04	-3.312905886740240584e-04	1.234346653600759116e-04	-2.161693448875208555e-04	2.185704423670415709e-03	-3.041798344959739664e-03	1.245384008465612855e-04	9.831168851312372097e-04	-2.761960754609404847e-04	3.146414132556483957e-04	-6.075445522093039005e-04	4.806072182528357004e-05	-3.041798344953034090e-03	4.049976464325172332e-03	9.580995570612874145e-05	-2.667602919478697862e-03	-1.197035291637679006e-04	-1.785685440134169037e-04	3.972361227368529377e-04	-6.954781386407844247e-05	1.245384008474236328e-04	9.580995571391686381e-05	2.647911639208498820e-03	-2.153881252280910044e-04	-8.117179350989253694e-04	3.513181635113595490e-05	-3.601366526496329549e-04	3.024177035238336192e-05	9.831168851281990584e-04	-2.667602919481762251e-03	-2.153881252226617265e-04	2.098779740977899967e-03	4.711077736142695017e-04	-4.113702325872812355e-04	5.085324349115810487e-04	4.042967858475113112e-04	-2.761960754639426405e-04	-1.197035291700795836e-04	-8.117179350981174220e-04	4.711077736177702278e-04	1.130636058806464738e-04	6.179814221322059041e-04	4.394738891805429555e-04	-3.312905886753157768e-04	3.146414132560455931e-04	-1.785685440108810090e-04	3.513181634959856978e-05	-4.113702325846744340e-04	6.179814221306393403e-04	-1.572735061870896012e-03	-5.548006001347124743e-04	1.234346653664780170e-04	-6.075445522087655941e-04	3.972361227423155277e-04	-3.601366526458624792e-04	5.085324349018588994e-04	4.394738891760819515e-04	-5.548006001326010990e-04	1.004416614272429743e-03
-8.745217570748700913e-04	3.751283976788988891e-04	-7.170977326248158300e-04	-6.037771749056486696e-04	5.478478188519177649e-04	-1.675487181043684628e-03	1.528352888224859731e-03	-9.891181689292904630e-04	-3.154327261797230768e-03	-2.273478596185337752e-04	2.959392212943048211e-04	-1.422501108717540846e-02	-9.469755377973358181e-05	6.543764539334603544e-03	-1.880835913407577845e-03	2.195966667246516057e-04	3.682143206643638533e-03	-3.561312652394468163e-06	9.580995570612874145e-05	1.695025385087825867e-02	-4.331813775851542630e-04	-1.597821818457289059e-02	4.543018082523090154e-03	-7.485473646464393602e-04	6.059659211983580221e-04	-7.841144449761746488e-03	5.886966443476328130e-03	2.345188030317786262e-03	-9.788721506423687935e-04	-1.948341083960729780e-03	5.520078028819333299e-04	2.025102960968761575e-03	-2.783380264423801660e-03	5.612777113694124862e-05	-4.732195846145066361e-04	-5.297179226058577189e-03	7.571240902848285197e-04	5.001442244287898978e-03	-1.003704544766759275e-03	3.163820704998617341e-04	-2.574937670240370381e-03	4.829187125349339825e-03	-9.310899118516055561e-03	-1.689000031811624912e-03	2.886752180442626360e-03	3.969548325014887876e-04	1.359091731579908620e-03	-5.291641275697304319e-04	2.303680227597245528e-03	-2.943264947072007746e-03	6.990440687281249815e-03	1.003849857171486802e-03	-4.423990117662817897e-03	1.054331892129413677e-03	-3.735911874549492466e-03	-6.161439119429954966e-04	-6.064043882155164319e-04	1.208615632584617841e-04	-9.417686770958509038e-04	2.771659338182736257e-03	6.832120773756597976e-04	-1.445077953407711193e-03	2.695218026394653917e-03	1.560627427991141800e-04
4.394287237454412446e-04	1.116447884285473417e-03	1.843473924633611417e-04	1.659604299706706138e-03	-1.612907582413487459e-03	-5.230526773692760999e-04	-5.184123290208292410e-04	-3.340024681346947643e-03	1.548345121803226647e-04	4.367712592237664448e-03	1.668422658655002635e-03	7.438613698013802310e-05	-3.683000266317420449e-03	1.875794668860139005e-04	-3.869755208469169341e-04	-7.465168322049983360e-03	1.296646731844375939e-04	-4.169669187051030027e-03	-2.667602919478697862e-03	-4.331813775851542630e-04	9.339146000318730712e-03	8.499876889717040886e-04	-4.199931718903232797e-04	1.733106190334362390e-02	8.451836253510093674e-04	9.386563197834117255e-04	-4.732195846225857854e-04	4.500903432850178985e-03	-1.490525277568845760e-04	-2.569047401373860881e-03	1.090091863869016315e-03	-8.541044551407275765e-04	-5.202719273487044389e-04	1.221415955702596489e-03	2.033414252240482722e-03	1.602845823559769303e-04	-6.853915543574605820e-03	-8.935653956911007896e-04	1.555176854983164039e-03	-6.195264616673770014e-03	5.456517659043098878e-05	2.177679155057512909e-05	5.736501074139093489e-04	-5.349034565714356993e-04	-9.686068382343667946e-04	1.239538989041346533e-03	-2.376308702636526805e-03	-7.008600577035069929e-04	-1.301422802533375254e-03	-7.031894457206859517e-04	-5.214454190249001109e-04	1.864740639366778690e-04	2.543339096857085216e-03	-3.272261486795569833e-03	7.467284732437172792e-03	2.612151773275399064e-03	-1.149033925320486291e-03	1.711768046194313199e-04	-9.739745683949809938e-04	-1.473544257585366474e-05	-2.236079929262535493e-05	-7.435011753408025687e-04	1.728305081199077269e-03	1.891251371309167050e-04
8.009256687093013315e-04	1.044151918509916887e-03	1.786577722987859923e-04	-3.520530399945219751e-04	-1.447414655495546897e-03	2.533956363635595128e-03	-2.530278852151171196e-03	-7.126356370905313547e-04	-2.217451208729071953e-04	3.222805735394123445e-04	-5.259157604812329540e-04	1.147578428506011543e-02	1.964289507888646426e-04	-1.170391906696573864e-02	5.628396381490069489e-03	-4.077244345531858493e-04	3.452938970487179023e-04	-3.521089570153713663e-04	-1.197035291637679006e-04	-1.597821818457289059e-02	8.499876889717040886e-04	3.257473556814033389e-02	-1.696778431164028267e-02	1.966670926999610977e-03	-1.074051457544354963e-03	1.121390429040150516e-02	-9.310899118532590946e-03	-3.730553942526618118e-03	1.940323944769048892e-03	2.162484370253855460e-03	-4.390852943387643279e-04	-4.763937085425112503e-03	2.312075459674062510e-05	2.232266676428231139e-04	5.736501074300364225e-04	5.830671830062221159e-03	-1.290610827948937686e-03	-1.284890033314466107e-02	1.242764909315726904e-02	-9.077489434313106096e-04	3.654905334915651595e-03	-6.841963787407909225e-03	1.779048407116519404e-02	2.104772494592680593e-03	-7.802716438319399345e-03	-4.472862363991321217e-05	-2.723041991179773937e-03	-5.258530349004939073e-04	-3.184187068610435691e-03	2.366918082984147739e-03	-9.563836785916053629e-03	-8.978335735366864672e-04	1.051895716008293021e-02	-1.933109853274332397e-03	6.941846229010898567e-03	3.961324992329907056e-03	3.846680288323806561e-03	-3.798258771112454808e-05	1.294541943487519196e-03	1.005974530933288411e-03	-7.801939655135740285e-04	-6.311151658201437668e-04	-1.112652393168196024e-04	-1.646199020129802764e-04
-1.786053275312576242e-05	-1.442685847649918546e-03	6.260641004974412758e-04	7.449784930216969085e-04	1.086836393850270852e-03	-1.970595374602810475e-03	7.301152461368860857e-04	1.705654089069969306e-03	3.270045581890194085e-03	-1.012026839113158369e-03	9.817810115947918966e-04	-6.668242106956940706e-04	-3.424682729450503112e-04	4.590886210471036184e-03	-5.741980347713780339e-03	3.911483522865648993e-04	-4.051733856178909958e-03	6.262007438463042556e-04	-1.785685440134169037e-04	4.543018082523090154e-03	-4.199931718903232797e-04	-1.696778431164028267e-02	1.771594671191722634e-02	-1.554182859767411868e-03	7.962220228886524205e-04	-6.807329132168549526e-03	6.990440687294902956e-03	1.926861526540466158e-03	-1.950597949133946445e-03	-1.182819255948007898e-03	-2.157625535935647461e-05	3.215702407071024862e-03	2.839496966453103691e-03	-3.047569980506409869e-04	-5.214454190443638167e-04	-2.199504598959560464e-03	1.137692933407400461e-03	7.436530515779020412e-03	-1.364641844741013542e-02	9.929299714053589632e-04	-2.348634479442839214e-03	2.514599722158661170e-03	-9.563836785916638231e-03	-1.386255778655413017e-03	5.559219086839902249e-03	4.716682721586504994e-05	1.372237484182841066e-03	1.211740152772390004e-03	1.314372883650356729e-03	-7.598398394819958542e-04	5.603274905794814256e-03	3.533257465694432387e-04	-8.436943637878235175e-03	1.028170617193760635e-03	-2.681506124401690939e-03	-3.015717781153216120e-03	-1.092474345657315233e-03	1.129110068625599353e-04	-1.422901663262544567e-03	-3.137740838956889176e-03	5.829020235215482586e-04	2.117160592615704648e-03	-2.295196874032034463e-03	2.201380892431588549e-04
1.271320444077773081e-03	3.178777995344168016e-03	5.409297807133776241e-04	4.868247252235145123e-03	-4.603281133440782595e-03	-1.203840019808606436e-04	-2.506998428086265086e-03	-9.508079359947109455e-03	-6.942090959318261700e-05	1.688469472922887737e-02	2.547246122414210901e-04	1.083989232511049306e-03	-7.655096965670325944e-03	-9.127564065291315660e-04	1.475233320568922809e-04	-2.509321346367264158e-02	5.903931369808693933e-04	-1.842823415010109642e-02	3.972361227368529377e-04	-7.485473646464393602e-04	1.733106190334362390e-02	1.966670926999610977e-03	-1.554182859767411868e-03	5.806129875122842399e-02	1.327225081754813876e-03	3.850894305241030040e-03	-9.417686770910004002e-04	1.919506845482707100e-02	-1.085804566882376436e-03	-1.084476062249189500e-02	4.677802694759074058e-03	-3.707360388053351427e-03	-1.304547029482945684e-03	5.571079016578458706e-03	-9.739745683861276157e-04	-2.073682597896145006e-04	-1.090886695165829354e-02	-9.603799245467882235e-04	2.374389757201357358e-03	-1.905386040792406144e-02	-1.627894138347278684e-04	-1.198250812966106423e-03	1.294541943426840954e-03	-6.703579348217237471e-03	-1.709476686667810857e-03	5.930890505944575591e-03	-6.214236345709736598e-03	-5.317160541459949822e-04	-3.308853123210350397e-03	-1.089037021087844743e-03	-1.422901663213480515e-03	2.116469108278686961e-03	5.853594653661987543e-03	-1.010475758961033865e-02	1.796076001861132004e-02	5.364962629810193610e-03	-2.129126425638124855e-03	-9.635246075924953045e-04	-8.019390402054477757e-03	-9.778624801164668978e-04	3.767898290738760751e-03	-4.329026838904581360e-04	1.958843438877680768e-03	3.021506166355320770e-03
1.690748821980691142e-03	-3.062916272802568025e-04	-4.253172858405872910e-04	5.270883467884636929e-03	4.312849444032389743e-04	-4.769506880531593565e-03	8.458318932956024327e-04	8.743982691210888843e-04	-8.897121176604871158e-04	3.146779827308500508e-03	-1.569821197489439189e-03	-1.984524852393190417e-03	1.196389917357748101e-04	7.237234185107318304e-04	-1.666783043490631150e-04	-9.308212261092481572e-04	2.042306868957756254e-05	-9.967993859940032890e-04	-6.954781386407844247e-05	6.059659211983580221e-04	8.451836253510093674e-04	-1.074051457544354963e-03	7.962220228886524205e-04	1.327225081754813876e-03	9.177757721018441062e-03	-1.425126891565777452e-03	-6.037771749143393089e-04	1.935137784089255297e-02	5.219333691804126183e-04	-6.593959536244206956e-03	-1.666786273974181411e-03	1.175574228699541269e-03	1.535698278892981517e-04	-1.866901111073109498e-04	1.659604299700040463e-03	-6.347933276864257696e-05	-2.232434047818244310e-03	3.595871039169317796e-04	-2.593285352991507847e-04	-1.944419623035697434e-03	-9.744952908641248482e-03	1.103644727464418978e-03	-3.520530399787345820e-04	-9.282792472154490632e-03	-3.591298590293904506e-04	2.785128965850041435e-03	2.735676219064327695e-03	-6.534520651171022527e-04	3.058551159196756103e-03	-5.954212918142702884e-04	7.449784930258799773e-04	1.881553379627397228e-03	2.945941446968954351e-04	-6.426979161585434685e-04	-2.452873818949423846e-03	7.050619997003539563e-04	1.379487140525539977e-03	-2.595750889468697014e-03	4.868247252201120256e-03	1.177432752689684843e-03	-2.071497691830710610e-03	-1.573733287695893920e-04	-1.113839513036604125e-04	-5.031949998140776599e-04
2.497090965017960060e-04	6.219013124692396831e-03	-3.740136135149909301e-03	-1.984524852341090599e-03	2.200974779793557490e-03	3.610863693661937532e-03	-1.944595058240442551e-03	-2.730291485070854285e-03	1.337686001109644968e-03	1.888974347046642370e-04	-3.981569852089280985e-04	1.131335375637614743e-02	-7.607652165037427205e-05	-6.845943930928107338e-03	3.253183728098817118e-03	-7.914106721580789656e-04	2.020978972571548730e-04	-1.205680857636034446e-03	1.245384008474236328e-04	-7.841144449761746488e-03	9.386563197834117255e-04	1.121390429040150516e-02	-6.807329132168549526e-03	3.850894305241030040e-03	-1.425126891565777452e-03	2.538749335796091841e-02	-1.422501108712631232e-02	-6.277530470053706811e-03	1.049547949378860532e-03	3.059512201226382254e-03	-4.886783009307575122e-04	-1.158398628673780982e-02	-6.116019117113000170e-04	4.632673115383912840e-04	7.438613698229406754e-05	8.726335826890683741e-04	-4.370767203043618388e-04	-1.857370770366176564e-03	1.230311382710342358e-03	-1.173744013387836198e-03	3.408407664192765474e-03	-1.107177455473878219e-02	1.147578428503594206e-02	3.586240086033619552e-03	6.499835449238471757e-04	-1.059306602549700115e-03	-1.270796669125715157e-03	5.741456065885882504e-03	-1.909954314446746151e-03	1.976468458939853456e-03	-6.668242107276631811e-04	-4.911517924266992378e-04	-6.335784481023243493e-03	-1.516593243323279168e-03	4.249764570659463753e-03	-4.812956245307285948e-03	-1.521794540826912692e-03	1.472513469848643337e-04	1.083989232500239160e-03	-3.911228253696792841e-03	-1.591796775485405089e-04	1.994815808147752754e-03	-1.220558065262505312e-03	-9.537858256161471887e-05
-8.745217570781384188e-04	-3.154327261780585662e-03	3.682143206634202505e-03	6.059659211641776812e-04	-2.783380264408707398e-03	-2.574937670190390396e-03	2.303680227574342841e-03	-6.064043882259065581e-04	3.751283976937180896e-04	-2.273478596000482366e-04	-3.561312673581269392e-06	-7.841144449752032036e-03	5.612777114191014717e-05	4.829187125358670903e-03	-2.943264947083622587e-03	1.208615632494875174e-04	-7.170977326310093349e-04	2.959392212892804656e-04	9.580995571391686381e-05	5.886966443476328130e-03	-4.732195846225857854e-04	-9.310899118532590946e-03	6.990440687294902956e-03	-9.417686770910004002e-04	-6.037771749143393089e-04	-1.422501108712631232e-02	1.695025385086341638e-02	2.345188030241800604e-03	-5.297179226055851939e-03	-1.689000031771892806e-03	1.003849857161589988e-03	2.771659338162202335e-03	5.478478188485970705e-04	-9.469755378152256960e-05	-4.331813775810870412e-04	-9.788721506396960183e-04	7.571240902860125769e-04	2.886752180438807800e-03	-4.423990117657634544e-03	6.832120773794884408e-04	-1.675487181032458799e-03	6.543764539316847782e-03	-1.597821818458620285e-02	-1.948341083933007815e-03	5.001442244307083285e-03	3.969548324960507548e-04	1.054331892117815967e-03	-1.445077953392642084e-03	1.528352888220267918e-03	-1.880835913408814269e-03	4.543018082541833841e-03	5.520078028868391279e-04	-1.003704544810720854e-03	1.359091731556447136e-03	-3.735911874510255623e-03	2.695218026383070734e-03	-9.891181689486809852e-04	2.195966667124749040e-04	-7.485473646198291357e-04	2.025102960964235681e-03	3.163820704971719369e-04	-5.291641275774650217e-04	-6.161439119297188989e-04	1.560627428061232488e-04
4.251298299554806884e-03	-2.020891194590427892e-03	3.190346086477698203e-04	1.935137784089618201e-02	-3.224569246548043746e-04	-1.876043982247253133e-02	3.286607042436994440e-03	2.478061316190593825e-03	-2.020891194621665058e-03	1.679231206561146786e-02	-9.464005527196256429e-03	-6.277530470176173952e-03	2.588142893376062887e-04	2.635298180232771310e-03	-8.451791535944132771e-04	-1.085449903944371748e-02	3.190346086630321343e-04	-9.464005527212104862e-03	2.647911639208498820e-03	2.345188030317786262e-03	4.500903432850178985e-03	-3.730553942526618118e-03	1.926861526540466158e-03	1.919506845482707100e-02	1.935137784089255297e-02	-6.277530470053706811e-03	2.345188030241800604e-03	6.844426937264157240e-02	-3.533046297506595829e-04	-2.955087983656771305e-02	4.041354252048493662e-03	3.120374230234711915e-03	-3.224569246515511718e-04	2.588142893388555607e-04	4.500903432852058558e-03	-3.533046297579521978e-04	-7.276454468854018018e-03	7.693608732285278640e-04	2.510933437501832420e-04	-7.664827695148314704e-03	-1.876043982249859382e-02	2.635298180167847983e-03	-3.730553942429159185e-03	-2.955087983658187534e-02	7.693608732096252328e-04	1.207335061566716834e-02	-2.524289296900472396e-03	-8.500443032383093490e-04	3.286607042436519126e-03	-8.451791535843619640e-04	1.926861526520040873e-03	4.041354252048404323e-03	2.510933437601713461e-04	-2.524289296912247266e-03	5.295744059970960288e-03	4.177454945799444555e-04	2.478061316228845345e-03	-1.085449903942390520e-02	1.919506845478073653e-02	3.120374230291758730e-03	-7.664827695145941602e-03	-8.500443032600848992e-04	4.177454945781875601e-04	5.687174253616684647e-04
4.573419525820237837e-04	3.134883507556361290e-04	-1.172761174756823841e-03	-6.347933276598569888e-05	1.579915300868147765e-03	8.018358677787083572e-04	-1.174943297877122182e-03	2.234065996440057558e-03	-4.845518201664281567e-04	-6.747681474068346376e-05	3.099507946952198122e-04	8.726335826904347941e-04	-2.132892684749331728e-04	-3.543839682429989054e-04	5.237343028748911661e-04	-4.024185287422736736e-05	2.652793081523347504e-04	4.654277492843600633e-04	-2.153881252280910044e-04	-9.788721506423687935e-04	-1.490525277568845760e-04	1.940323944769048892e-03	-1.950597949133946445e-03	-1.085804566882376436e-03	5.219333691804126183e-04	1.049547949378860532e-03	-5.297179226055851939e-03	-3.533046297506595829e-04	3.913738572041855664e-03	3.760987918282066305e-04	-6.059855547375315923e-04	4.292307473821288175e-03	9.621914105240755529e-05	-1.521375142428352961e-04	1.602845823547111785e-04	7.905106067968460789e-04	-1.618969885538106652e-05	-1.510401959835525922e-03	2.265698789963662210e-03	1.570468026721896879e-04	4.906172498968278898e-04	-9.077779677837351149e-04	5.830671830070487116e-03	3.684493820924502586e-04	-4.137897454305193047e-03	1.235578898148824445e-04	-5.377310097489167943e-04	-1.913486130888538989e-03	-8.044255198169167212e-04	6.166851823881787332e-04	-2.199504598962060201e-03	-2.474190707845512049e-04	2.380011216561484910e-03	-6.995292957488483208e-04	2.018329371898182952e-03	8.809142290851396139e-05	1.234038043762200696e-03	-2.136058741731495429e-04	-2.073682597968078026e-04	9.136835902869671873e-04	3.591198473429359716e-04	-9.809442492884859911e-04	1.336407376269556488e-03	2.701762358275596387e-04
-1.633348499525619181e-03	8.117210805323106949e-04	-1.882406855362319753e-04	-9.282792472149040131e-03	2.959309734380564743e-04	1.189789648880310892e-02	-3.819274261271447726e-03	-1.512016576903742584e-03	9.632578817161595265e-04	-6.387238637878752366e-03	2.898795067724750305e-03	3.586240086069054749e-03	5.120443709479622534e-04	-1.493660373778162020e-03	4.707157804066802189e-04	6.117736582256655571e-03	-2.802073961064349607e-04	4.186239421213980814e-03	-8.117179350989253694e-04	-1.948341083960729780e-03	-2.569047401373860881e-03	2.162484370253855460e-03	-1.182819255948007898e-03	-1.084476062249189500e-02	-6.593959536244206956e-03	3.059512201226382254e-03	-1.689000031771892806e-03	-2.955087983656771305e-02	3.760987918282066305e-04	1.807126915601492412e-02	-5.527733217089332574e-03	-1.964490792613693589e-03	3.575691814515977434e-04	-5.650897825137861461e-04	-5.349034565762195246e-04	3.684493821016513945e-04	2.037834330859796678e-03	-3.165726564095550110e-04	-2.992816316755241533e-04	3.382294119654711152e-03	5.988883184796104167e-03	-9.715940028051895608e-04	2.104772494524331621e-03	1.178527234389669699e-02	-5.071939883940230608e-04	-6.824043665162022806e-03	3.516097783240018995e-03	3.820050776916795185e-04	-1.693523797944021189e-04	4.450635703241427208e-04	-1.386255778622878278e-03	-4.774083562496743665e-04	2.444350575259536052e-04	-7.927357928244922335e-05	-1.332615560546595787e-03	2.104292582739764658e-04	-1.348472620239999850e-03	3.692596716080692384e-03	-6.703579348203636372e-03	-1.746117233971352430e-03	3.027529806373740508e-03	4.713028443174199019e-04	1.282493035287020485e-04	-2.434405722342586082e-04
-8.256694602900644308e-05	-3.403928340863122959e-05	2.687557338326572627e-04	1.881553379630318285e-03	-6.076670813587854800e-04	-3.350975528572829563e-03	1.969369783758659429e-03	-1.785026470272412262e-04	4.414714263008858970e-05	1.421901416353125091e-03	-4.977111891851756283e-04	-4.911517924188206659e-04	-2.697186767632552538e-04	1.903099056733964370e-04	-1.228732645012602640e-04	-2.603994512347516076e-03	1.929784425540682154e-04	-1.253905980692195674e-03	3.513181635113595490e-05	5.520078028819333299e-04	1.090091863869016315e-03	-4.390852943387643279e-04	-2.157625535935647461e-05	4.677802694759074058e-03	-1.666786273974181411e-03	-4.886783009307575122e-04	1.003849857161589988e-03	4.041354252048493662e-03	-6.059855547375315923e-04	-5.527733217089332574e-03	5.121301554800525811e-03	6.009673845779585030e-05	-3.800775562972082090e-04	1.299700883555909956e-05	1.864740639421733916e-04	-2.474190707874658656e-04	-2.573501854185819581e-04	9.364703349224796263e-05	2.716161943041846358e-04	-4.312834239917293371e-04	2.108146126071568961e-03	-4.708622286477882630e-05	-8.978335735186532577e-04	-4.774083562442400742e-04	4.588835567872763771e-04	1.906112224451970635e-03	-4.533596947960776696e-03	1.065308284779316149e-04	-1.416375983883750179e-03	-7.982921236961688471e-05	3.533257465535517079e-04	-1.020300386192456946e-03	-1.391744124755357075e-04	1.550679128394834164e-04	2.874315243515003851e-03	-1.177545166112913683e-04	-2.609555986582620126e-04	-7.274292045028078399e-04	2.116469108291885604e-03	2.460752462140399378e-05	-1.215653634076980941e-03	-3.358914533075480196e-06	1.221101228492413470e-05	3.355567553358630131e-04
3.247906286392349996e-04	-2.642405005670750776e-03	1.201750198880962390e-03	1.177432752669128370e-03	7.279350635588107505e-04	-2.039225722887240931e-03	2.520396207120103454e-04	7.322651478441155951e-03	-5.058730420650921862e-04	-2.579309380857707033e-04	5.653443549053313198e-04	-3.911228253693298240e-03	-4.456354039646530135e-04	4.184977120489844979e-03	-2.350540963575954191e-03	-2.278109824706181822e-04	-6.786655685760962066e-04	1.588480338417881579e-03	-3.601366526496329549e-04	2.025102960968761575e-03	-8.541044551407275765e-04	-4.763937085425112503e-03	3.215702407071024862e-03	-3.707360388053351427e-03	1.175574228699541269e-03	-1.158398628673780982e-02	2.771659338162202335e-03	3.120374230234711915e-03	4.292307473821288175e-03	-1.964490792613693589e-03	6.009673845779585030e-05	1.720179188964957723e-02	1.041228118008419388e-03	-5.875373322701532954e-04	-1.473544258250730505e-05	9.136835902854214403e-04	6.915260681483654560e-04	-5.999683755225676714e-04	1.027766599715601234e-03	1.286641695670776237e-03	-1.361424594529003253e-03	3.623765544147024460e-03	1.005974530970007953e-03	-1.746117233960038130e-03	-5.361958540985544558e-03	8.697832440850009669e-04	-8.475082963214052023e-05	-7.013662899890095101e-03	4.160439312486793537e-05	1.582717119874479245e-04	-3.137740838954755033e-03	2.460752462591709374e-05	5.426698082421816532e-03	2.230523732150052922e-04	-1.419364659324029345e-04	2.000760301218073786e-03	2.754511093631960977e-03	-3.168885024508991707e-04	-9.778624801248495153e-04	3.976553776705075982e-03	1.020000835731702882e-03	-3.244975651952710337e-03	3.022326793732601873e-03	8.302241485658589000e-04
3.183533187565264428e-04	-9.426345372459035005e-04	-1.833776924940147708e-04	4.312849444022666076e-04	1.429415095356949186e-03	3.833245883781143419e-04	-2.764435826360443597e-04	3.228475430945063670e-03	-5.285993456606527280e-05	-1.935848789334527857e-03	1.409723314928553167e-03	2.200974779839273091e-03	-1.375976226030932578e-04	-9.994947207327266152e-04	3.475402890446116196e-04	7.961232629042951569e-04	-2.132464307848838149e-03	5.734072311598069609e-04	3.024177035238336192e-05	-2.783380264423801660e-03	-5.202719273487044389e-04	2.312075459674062510e-05	2.839496966453103691e-03	-1.304547029482945684e-03	1.535698278892981517e-04	-6.116019117113000170e-04	5.478478188485970705e-04	-3.224569246515511718e-04	9.621914105240755529e-05	3.575691814515977434e-04	-3.800775562972082090e-04	1.041228118008419388e-03	4.375763494107148821e-03	3.761313585264234281e-04	-1.612907582428814608e-03	1.579915300865990637e-03	1.729659508104981411e-03	1.613867075827710596e-03	-6.937515311386124352e-03	5.701933876782347638e-04	-2.033002742189775845e-04	-3.536221432607958011e-05	-1.447414655478510177e-03	2.959309734255115504e-04	1.408851541584463067e-03	-1.345683793079951182e-04	4.294813910750420907e-04	9.871486776936028162e-04	-5.548256513512441011e-04	6.820081256822274358e-04	1.086836393843662422e-03	-6.076670813516628139e-04	-3.355315522655215321e-03	-3.804656844113077623e-05	-3.460226125312959502e-05	-3.064902461176824584e-03	4.875371154613448652e-03	1.999247881907387399e-03	-4.603281133460833396e-03	7.279350635314883137e-04	1.306531524657293403e-03	1.379233470449349941e-03	-4.261008318797457339e-03	-3.375659210538552667e-04
-1.661017261971378385e-04	2.491509278929178407e-04	6.345188058827947266e-05	1.196389917399467929e-04	-1.375976226013786463e-04	-3.281295176786093188e-04	8.415539589924657176e-04	-5.082099351907449656e-04	-5.343883713387084875e-04	-5.631268423621632602e-04	1.970344962168313514e-03	-7.607652165507732423e-05	-1.263156963638965803e-03	-1.492357655848031302e-04	3.544429775845854991e-04	-1.754085305490336432e-03	9.027623499848589522e-05	-3.016710566282550070e-03	9.831168851281990584e-04	5.612777113694124862e-05	1.221415955702596489e-03	2.232266676428231139e-04	-3.047569980506409869e-04	5.571079016578458706e-03	-1.866901111073109498e-04	4.632673115383912840e-04	-9.469755378152256960e-05	2.588142893388555607e-04	-1.521375142428352961e-04	-5.650897825137861461e-04	1.299700883555909956e-05	-5.875373322701532954e-04	3.761313585264234281e-04	2.861898266426750759e-03	-3.683000266322853603e-03	-2.132892684710784004e-04	7.293471807502346395e-04	4.573116837674297882e-04	-5.198559415248721208e-04	-2.841767477825929249e-03	-1.851266210823956666e-04	-1.856698704841726864e-04	1.964289507856644844e-04	5.120443709507628560e-04	8.174589639837803517e-05	-3.916964268197395708e-04	1.757314712994250284e-03	1.411584233158295529e-04	4.042489146776403336e-04	-2.282884013974449526e-05	-3.424682729374871879e-04	-2.697186767672071165e-04	1.560534907796956561e-04	6.541873500188592500e-04	-3.120496319623044992e-03	2.483040413556078215e-04	9.400005174665551459e-04	3.912840994721458743e-03	-7.655096965680611987e-03	-4.456354039588033633e-04	2.617479270526947011e-03	4.313946174966060230e-04	-7.384915046202224264e-04	-5.652355732795695184e-04
4.394287237446343813e-04	1.548345121741233322e-04	1.296646731866389309e-04	8.451836253489296508e-04	-5.202719273436519484e-04	5.456517658970926250e-05	-1.301422802535104556e-03	-1.149033925316890210e-03	1.116447884282960020e-03	4.367712592248754536e-03	-4.169669187051182682e-03	9.386563197811072538e-04	1.221415955700544745e-03	2.177679154018160793e-05	-7.031894457134447822e-04	1.711768046226298790e-04	1.843473924721573552e-04	1.668422658646673360e-03	-2.667602919481762251e-03	-4.732195846145066361e-04	2.033414252240482722e-03	5.736501074300364225e-04	-5.214454190443638167e-04	-9.739745683861276157e-04	1.659604299700040463e-03	7.438613698229406754e-05	-4.331813775810870412e-04	4.500903432852058558e-03	1.602845823547111785e-04	-5.349034565762195246e-04	1.864740639421733916e-04	-1.473544258250730505e-05	-1.612907582428814608e-03	-3.683000266322853603e-03	9.339146000334617309e-03	-1.490525277628391770e-04	-6.853915543567865552e-03	-9.686068382447989879e-04	2.543339096885384627e-03	-2.236079928746605692e-05	-5.230526773522168292e-04	1.875794668874301396e-04	8.499876889559636415e-04	-2.569047401373473170e-03	-8.935653956798964275e-04	1.239538989045845755e-03	-3.272261486809554740e-03	-7.435011753359687618e-04	-5.184123290286361471e-04	-3.869755208412383168e-04	-4.199931718879119057e-04	1.090091863870663218e-03	1.555176854960265472e-03	-2.376308702641914856e-03	7.467284732455616372e-03	1.728305081186602872e-03	-3.340024681351421929e-03	-7.465168322053770261e-03	1.733106190334197244e-02	-8.541044551447145132e-04	-6.195264616658742972e-03	-7.008600577031396653e-04	2.612151773279307830e-03	1.891251371336100258e-04
4.573419525812070542e-04	-4.845518201628190103e-04	2.652793081502821931e-04	5.219333691823221152e-04	9.621914105141189178e-05	4.906172498979290055e-04	-8.044255198175590026e-04	1.234038043756107480e-03	3.134883507621133696e-04	-6.747681473331198674e-05	4.654277492800662974e-04	1.049547949384863326e-03	-1.521375142434484395e-04	-9.077779677855708860e-04	6.166851823882644936e-04	-2.136058741786304831e-04	-1.172761174758623400e-03	3.099507946874803434e-04	-2.153881252226617265e-04	-5.297179226058577189e-03	1.602845823559769303e-04	5.830671830062221159e-03	-2.199504598959560464e-03	-2.073682597896145006e-04	-6.347933276864257696e-05	8.726335826890683741e-04	-9.788721506396960183e-04	-3.533046297579521978e-04	7.905106067968460789e-04	3.684493821016513945e-04	-2.474190707874658656e-04	9.136835902854214403e-04	1.579915300865990637e-03	-2.132892684710784004e-04	-1.490525277628391770e-04	3.913738572045214956e-03	-1.618969885859282572e-05	-4.137897454302544124e-03	2.380011216563988116e-03	3.591198473395367267e-04	8.018358677806495128e-04	-3.543839682363884164e-04	1.940323944761991170e-03	3.760987918283070818e-04	-1.510401959836768634e-03	1.235578898145743684e-04	-6.995292957489015551e-04	-9.809442492931842728e-04	-1.174943297876954130e-03	5.237343028682681003e-04	-1.950597949127122043e-03	-6.059855547375990296e-04	2.265698789967030610e-03	-5.377310097526704106e-04	2.018329371901242137e-03	1.336407376279762733e-03	2.234065996424968933e-03	-4.024185287024127774e-05	-1.085804566887862282e-03	4.292307473815358022e-03	1.570468026727912846e-04	-1.913486130883928528e-03	8.809142291059404392e-05	2.701762358275178427e-04
-7.639725616652005922e-04	-1.084167064658973518e-03	-2.388509901796504094e-04	-2.232434047824971134e-03	1.729659508088587623e-03	8.038652275300371989e-04	8.175351214369119433e-04	3.930377614118525653e-03	-1.084167064654525253e-03	-5.311865908641463102e-03	2.479447216980064199e-03	-4.370767202835857063e-04	7.293471807573735687e-04	-6.639048867325470817e-04	1.205539912693522151e-03	4.228495648142834192e-03	-2.388509901882551799e-04	2.479447216994238624e-03	2.098779740977899967e-03	7.571240902848285197e-04	-6.853915543574605820e-03	-1.290610827948937686e-03	1.137692933407400461e-03	-1.090886695165829354e-02	-2.232434047818244310e-03	-4.370767203043618388e-04	7.571240902860125769e-04	-7.276454468854018018e-03	-1.618969885538106652e-05	2.037834330859796678e-03	-2.573501854185819581e-04	6.915260681483654560e-04	1.729659508104981411e-03	7.293471807502346395e-04	-6.853915543567865552e-03	-1.618969885859282572e-05	1.162938786446859538e-02	1.655935228942844589e-03	-4.348437476298086177e-03	5.723816682228085283e-03	8.038652275171925474e-04	-6.639048867344218841e-04	-1.290610827914758646e-03	2.037834330853834867e-03	1.655935228911474500e-03	-9.953665238260143815e-04	2.092932561481065240e-03	1.615956489654520696e-03	8.175351214403327096e-04	1.205539912695936669e-03	1.137692933376262174e-03	-2.573501854133932376e-04	-4.348437476235593631e-03	2.092932561473971088e-03	-6.285230232285242413e-03	-4.811814316613887213e-03	3.930377614121260445e-03	4.228495648129413503e-03	-1.090886695161738702e-02	6.915260681346324092e-04	5.723816682213923868e-03	1.615956489668522733e-03	-4.811814316638173342e-03	4.209087083633624360e-04
-5.928337176874358145e-04	-2.314311612663660250e-04	-6.765387428166937545e-04	-3.591298590310385464e-04	1.408851541591784901e-03	-5.179446814699592387e-04	1.513303865689272568e-03	1.044076831211804583e-03	1.476719506124482583e-04	-1.186993916198378785e-03	2.775981347115746259e-04	6.499835449590381014e-04	8.174589639551465723e-05	1.306302360564463340e-03	-4.051414564581507665e-04	9.748651039855200625e-04	-5.368091128157818524e-04	-5.697215794006653877e-05	4.711077736142695017e-04	5.001442244287898978e-03	-8.935653956911007896e-04	-1.284890033314466107e-02	7.436530515779020412e-03	-9.603799245467882235e-04	3.595871039169317796e-04	-1.857370770366176564e-03	2.886752180438807800e-03	7.693608732285278640e-04	-1.510401959835525922e-03	-3.165726564095550110e-04	9.364703349224796263e-05	-5.999683755225676714e-04	1.613867075827710596e-03	4.573116837674297882e-04	-9.686068382447989879e-04	-4.137897454302544124e-03	1.655935228942844589e-03	1.038247202093083021e-02	-1.315570465108277000e-02	-4.581720241068432207e-05	-1.870962421402112309e-03	1.479809859099986795e-03	-7.802716438303563054e-03	-5.071939884110313740e-04	5.114938218979498893e-03	-4.215095547876377378e-04	1.982399904395270186e-03	2.291042290386098058e-03	1.863214549152447230e-03	-5.023986578436356138e-04	5.559219086831977165e-03	4.588835567932070172e-04	-8.032196408522283837e-03	1.097982532262502687e-03	-4.613885482726934675e-03	-4.499359973765620739e-03	-3.802738874451932691e-04	1.319248616023447826e-03	-1.709476686691680869e-03	-5.361958540986911520e-03	9.552310182809867125e-04	4.986616057450658085e-03	-5.991004652938490896e-03	-7.249032899345077665e-04
1.597165380909080536e-04	1.280986818123041986e-03	8.399920726085650111e-04	2.945941447083484047e-04	-3.355315522663261836e-03	-3.653882598287657812e-04	-4.088022032717172688e-04	-4.901803368617834757e-03	-1.194701335682544314e-03	2.924381759412033894e-03	-1.579730145915049034e-03	-6.335784481146241459e-03	1.560534907829314304e-04	1.889403247431533164e-03	-1.473499423634699608e-04	-1.519399958271614674e-03	3.581763001763893679e-03	-5.662582607685313733e-04	-4.113702325872812355e-04	-1.003704544766759275e-03	1.555176854983164039e-03	1.242764909315726904e-02	-1.364641844741013542e-02	2.374389757201357358e-03	-2.593285352991507847e-04	1.230311382710342358e-03	-4.423990117657634544e-03	2.510933437501832420e-04	2.265698789963662210e-03	-2.992816316755241533e-04	2.716161943041846358e-04	1.027766599715601234e-03	-6.937515311386124352e-03	-5.198559415248721208e-04	2.543339096885384627e-03	2.380011216563988116e-03	-4.348437476298086177e-03	-1.315570465108277000e-02	2.651736522252649483e-02	-1.383064711111281443e-03	1.724463440958918115e-03	-6.537246304238655131e-04	1.051895716005065914e-02	2.444350575548849980e-04	-8.032196408513674404e-03	4.585853158492224965e-04	-1.638561436126748398e-03	-4.303817570400041148e-03	-9.606216246471223743e-04	-2.393868753376765979e-04	-8.436943637864496165e-03	-1.391744124926946706e-04	1.455674492965403077e-02	-6.763783561976126867e-04	2.782128871384164075e-03	8.657384204726205346e-03	-5.154853785002045177e-03	-2.546767611693361889e-03	5.853594653711154810e-03	5.426698082473418484e-03	-2.795984397869646573e-03	-8.037751683623760995e-03	1.434893704939266615e-02	2.310303944668962292e-04
-4.312563169497290278e-04	-1.204767731187266801e-03	-9.421088119054984392e-06	-2.071497691839683034e-03	1.306531524645628255e-03	6.468885883031326401e-04	2.813108141264233962e-05	3.393803579521193110e-03	1.647196696413257813e-04	-3.374787579567713885e-03	-1.690797756522809201e-03	-1.591796775328327505e-04	2.617479270536870496e-03	1.470596317431428269e-04	2.152786580393788814e-05	6.369600786533964262e-03	-2.752861160420428570e-04	5.604563090756785673e-03	5.085324349115810487e-04	3.163820704998617341e-04	-6.195264616673770014e-03	-9.077489434313106096e-04	9.929299714053589632e-04	-1.905386040792406144e-02	-1.944419623035697434e-03	-1.173744013387836198e-03	6.832120773794884408e-04	-7.664827695148314704e-03	1.570468026721896879e-04	3.382294119654711152e-03	-4.312834239917293371e-04	1.286641695670776237e-03	5.701933876782347638e-04	-2.841767477825929249e-03	-2.236079928746605692e-05	3.591198473395367267e-04	5.723816682228085283e-03	-4.581720241068432207e-05	-1.383064711111281443e-03	9.900047222774217837e-03	1.902452125635475770e-03	-4.444824803531095066e-05	-7.801939654898920173e-04	3.027529806367774360e-03	9.552310182642094428e-04	-1.640685936655139968e-03	3.239907930121311067e-05	6.716389851946359506e-04	-4.007091306296680679e-04	8.430069016209857562e-04	5.829020234960238626e-04	-1.215653634068865037e-03	-2.795984397835019758e-03	2.787526077012657776e-03	-2.297378793923842127e-03	-3.162700848389145888e-03	1.100260684397260909e-03	-1.541767018401796023e-03	3.767898290781568956e-03	1.020000835719011211e-03	-4.900399256226382720e-04	-1.571864989901338016e-05	-1.339428934313563729e-03	1.699836962427673289e-03
3.169416188295566626e-04	5.840801556798698793e-04	1.144392505695132650e-05	-4.769506880535644144e-03	3.833245883649884483e-04	7.958891882150823799e-03	-5.659196934166401370e-03	-7.468167138146850677e-04	1.375841755054857656e-03	1.988246549503823728e-04	-7.947723257888811288e-05	3.610863693740883930e-03	-3.281295176770644391e-04	-1.215337715210820834e-03	3.944733747328195385e-04	-1.396049995155348653e-03	-2.204346213330632442e-04	-9.263462549730004062e-05	4.042967858475113112e-04	-2.574937670240370381e-03	5.456517659043098878e-05	3.654905334915651595e-03	-2.348634479442839214e-03	-1.627894138347278684e-04	-9.744952908641248482e-03	3.408407664192765474e-03	-1.675487181032458799e-03	-1.876043982249859382e-02	4.906172498968278898e-04	5.988883184796104167e-03	2.108146126071568961e-03	-1.361424594529003253e-03	-2.033002742189775845e-04	-1.851266210823956666e-04	-5.230526773522168292e-04	8.018358677806495128e-04	8.038652275171925474e-04	-1.870962421402112309e-03	1.724463440958918115e-03	1.902452125635475770e-03	1.864153576056781780e-02	-1.975754457572591501e-03	2.533956363632274434e-03	1.189789648882342080e-02	-5.179446814814006074e-04	-5.415927335193253863e-04	-1.092710603598052825e-02	5.650091064604969909e-04	-1.064787556747450251e-02	1.119008660670672145e-03	-1.970595374627991288e-03	-3.350975528575106388e-03	-3.653882597865326914e-04	-5.041134588629586112e-03	1.920173778442591656e-02	-8.143442786588925590e-04	-2.847264691659819654e-03	-4.325585478035595547e-04	-1.203840019202250108e-04	-2.039225722924530981e-03	6.468885882858668290e-04	-2.280769615930665556e-04	1.238335813231836603e-03	1.934043301549479704e-03
-4.582892978465531015e-05	-6.602343390995842358e-04	3.549069534133888668e-04	7.237234184833589781e-04	-9.994947207182251943e-04	-1.215337715166206999e-03	8.316798659873243750e-04	-2.808002935814393405e-03	-6.868413396292669766e-04	3.178477820477663973e-04	4.437878288399105622e-04	-6.845943930913506170e-03	-1.492357655920994314e-04	4.025987196945198833e-03	-1.596871075721136100e-03	1.662890502999151863e-05	4.544536565932892950e-04	4.195863644105875929e-04	-2.761960754639426405e-04	4.829187125349339825e-03	2.177679155057512909e-05	-6.841963787407909225e-03	2.514599722158661170e-03	-1.198250812966106423e-03	1.103644727464418978e-03	-1.107177455473878219e-02	6.543764539316847782e-03	2.635298180167847983e-03	-9.077779677837351149e-04	-9.715940028051895608e-04	-4.708622286477882630e-05	3.623765544147024460e-03	-3.536221432607958011e-05	-1.856698704841726864e-04	1.875794668874301396e-04	-3.543839682363884164e-04	-6.639048867344218841e-04	1.479809859099986795e-03	-6.537246304238655131e-04	-4.444824803531095066e-05	-1.975754457572591501e-03	9.383433343215702438e-03	-1.170391906698341374e-02	-1.493660373756242705e-03	1.306302360587777156e-03	2.977458867988017391e-04	8.413577719562551462e-04	-4.321686363432387414e-03	1.194109241536323116e-03	-4.321298662690861714e-03	4.590886210490209215e-03	1.903099056736431744e-04	1.889403247378695005e-03	7.224824583953900993e-04	-2.511544698507666741e-03	6.556786768789375254e-03	-1.112275222895330040e-05	-3.255363653115010149e-04	-9.127564065164428227e-04	4.184977120487914232e-03	1.470596317456102542e-04	-1.784540819250545265e-03	1.391707532557795446e-03	2.291636582948387802e-04
8.009256687178509162e-04	-2.217451209028465709e-04	3.452938970494202485e-04	-1.074051457492723955e-03	2.312075461467729993e-05	3.654905334832021010e-03	-3.184187068581647521e-03	3.846680288419749780e-03	1.044151918482899219e-03	3.222805734938785096e-04	-3.521089569904964616e-04	1.121390429037743587e-02	2.232266676455497197e-04	-6.841963787416749376e-03	2.366918082999868670e-03	-3.798258767738097808e-05	1.786577723048669570e-04	-5.259157604538424293e-04	-1.197035291700795836e-04	-9.310899118516055561e-03	5.736501074139093489e-04	1.779048407116519404e-02	-9.563836785916638231e-03	1.294541943426840954e-03	-3.520530399787345820e-04	1.147578428503594206e-02	-1.597821818458620285e-02	-3.730553942429159185e-03	5.830671830070487116e-03	2.104772494524331621e-03	-8.978335735186532577e-04	1.005974530970007953e-03	-1.447414655478510177e-03	1.964289507856644844e-04	8.499876889559636415e-04	1.940323944761991170e-03	-1.290610827914758646e-03	-7.802716438303563054e-03	1.051895716005065914e-02	-7.801939654898920173e-04	2.533956363632274434e-03	-1.170391906698341374e-02	3.257473556821274818e-02	2.162484370227927416e-03	-1.284890033316453406e-02	-4.472862362400666526e-05	-1.933109853278501804e-03	-6.311151658193906800e-04	-2.530278852161427748e-03	5.628396381506894572e-03	-1.696778431165672438e-02	-4.390852943514354529e-04	1.242764909315056954e-02	-2.723041991158938607e-03	6.941846228996915828e-03	-1.112652393619966806e-04	-7.126356370283983303e-04	-4.077244345256658166e-04	1.966670926938859660e-03	-4.763937085408384564e-03	-9.077489434144619994e-04	-5.258530348861482863e-04	3.961324992290957310e-03	-1.646199020206067713e-04
-1.633348499532610116e-03	9.632578817109483087e-04	-2.802073960961871360e-04	-6.593959536250007872e-03	3.575691814400176510e-04	5.988883184782610621e-03	-1.693523797790021925e-04	-1.348472620245615801e-03	8.117210805405263453e-04	-6.387238637880138410e-03	4.186239421206439104e-03	3.059512201285159022e-03	-5.650897825142624361e-04	-9.715940028420155718e-04	4.450635703349368208e-04	3.692596716089917644e-03	-1.882406855351938788e-04	2.898795067728276564e-03	-8.117179350981174220e-04	-1.689000031811624912e-03	-5.349034565714356993e-04	2.104772494592680593e-03	-1.386255778655413017e-03	-6.703579348217237471e-03	-9.282792472154490632e-03	3.586240086033619552e-03	-1.948341083933007815e-03	-2.955087983658187534e-02	3.684493820924502586e-04	1.178527234389669699e-02	-4.774083562442400742e-04	-1.746117233960038130e-03	2.959309734255115504e-04	5.120443709507628560e-04	-2.569047401373473170e-03	3.760987918283070818e-04	2.037834330853834867e-03	-5.071939884110313740e-04	2.444350575548849980e-04	3.027529806367774360e-03	1.189789648882342080e-02	-1.493660373756242705e-03	2.162484370227927416e-03	1.807126915604300929e-02	-3.165726564062824010e-04	-6.824043665169043232e-03	-7.927357929214564995e-05	4.713028443067405105e-04	-3.819274261269977981e-03	4.707157804009583961e-04	-1.182819255953750266e-03	-5.527733217092625946e-03	-2.992816316607983026e-04	3.516097783244468127e-03	-1.332615560544294676e-03	1.282493035438369688e-04	-1.512016576933718388e-03	6.117736582249659431e-03	-1.084476062246211847e-02	-1.964490792655435372e-03	3.382294119651529669e-03	3.820050777027008131e-04	2.104292582849182341e-04	-2.434405722365161611e-04
-5.928337176905346811e-04	1.476719506177141469e-04	-5.368091128058350564e-04	3.595871039032940341e-04	1.613867075797705084e-03	-1.870962421375934248e-03	1.863214549149104851e-03	-3.802738875004742442e-04	-2.314311612562085685e-04	-1.186993916173835701e-03	-5.697215795039715588e-05	-1.857370770364231722e-03	4.573116837670277660e-04	1.479809859111640234e-03	-5.023986578546917655e-04	1.319248616015564375e-03	-6.765387428185881810e-04	2.775981346940989674e-04	4.711077736177702278e-04	2.886752180442626360e-03	-9.686068382343667946e-04	-7.802716438319399345e-03	5.559219086839902249e-03	-1.709476686667810857e-03	-3.591298590293904506e-04	6.499835449238471757e-04	5.001442244307083285e-03	7.693608732096252328e-04	-4.137897454305193047e-03	-5.071939883940230608e-04	4.588835567872763771e-04	-5.361958540985544558e-03	1.408851541584463067e-03	8.174589639837803517e-05	-8.935653956798964275e-04	-1.510401959836768634e-03	1.655935228911474500e-03	5.114938218979498893e-03	-8.032196408513674404e-03	9.552310182642094428e-04	-5.179446814814006074e-04	1.306302360587777156e-03	-1.284890033316453406e-02	-3.165726564062824010e-04	1.038247202091394095e-02	-4.215095547911633465e-04	1.097982532272039763e-03	4.986616057433763613e-03	1.513303865700091821e-03	-4.051414564685932597e-04	7.436530515762831105e-03	9.364703349642720964e-05	-1.315570465101214767e-02	1.982399904392593507e-03	-4.613885482746601235e-03	-5.991004652887691254e-03	1.044076831185404911e-03	9.748651039742535756e-04	-9.603799245230162235e-04	-5.999683755257250849e-04	-4.581720242256384396e-05	2.291042290374537861e-03	-4.499359973739373506e-03	-7.249032899361038205e-04
1.490194777692536044e-03	-2.244581859326807353e-04	7.433709537900984213e-05	2.785128965858602295e-03	-1.345683793094981477e-04	-5.415927335214026092e-04	-2.344398362316838132e-03	4.378537023842208101e-04	-2.244581859273600403e-04	3.814707752966336497e-03	-1.659223728236606469e-03	-1.059306602552054785e-03	-3.916964268162226358e-04	2.977458868060768983e-04	-3.008846210146259143e-05	-3.893024162659200482e-03	7.433709537660357738e-05	-1.659223728237707151e-03	1.130636058806464738e-04	3.969548325014887876e-04	1.239538989041346533e-03	-4.472862363991321217e-05	4.716682721586504994e-05	5.930890505944575591e-03	2.785128965850041435e-03	-1.059306602549700115e-03	3.969548324960507548e-04	1.207335061566716834e-02	1.235578898148824445e-04	-6.824043665162022806e-03	1.906112224451970635e-03	8.697832440850009669e-04	-1.345683793079951182e-04	-3.916964268197395708e-04	1.239538989045845755e-03	1.235578898145743684e-04	-9.953665238260143815e-04	-4.215095547876377378e-04	4.585853158492224965e-04	-1.640685936655139968e-03	-5.415927335193253863e-04	2.977458867988017391e-04	-4.472862362400666526e-05	-6.824043665169043232e-03	-4.215095547911633465e-04	5.763966164833097400e-03	-6.143018855777548741e-03	-3.779460099644598565e-04	-2.344398362315559640e-03	-3.008846209610497929e-05	4.716682720593446277e-05	1.906112224448581203e-03	4.585853158569191393e-04	-6.143018855769521308e-03	1.084609953513057320e-02	-9.974115642071056456e-05	4.378537023859984138e-04	-3.893024162660988115e-03	5.930890505950178748e-03	8.697832440933790307e-04	-1.640685936665506675e-03	-3.779460099687808358e-04	-9.974115641790974509e-05	1.223334128071286182e-03
-2.154927220345183130e-03	-5.351394806652829805e-04	1.476802717183069212e-04	-6.426979161765617159e-04	-3.804656842737951482e-05	-5.041134588618356380e-03	7.302596899986692550e-03	5.369923179838519481e-04	-9.697606999827439265e-04	-5.343234697084635332e-03	2.560737463142389887e-03	-1.516593243363889044e-03	6.541873500131181827e-04	7.224824584065921845e-04	-2.845338195682430997e-05	5.816802690148097782e-03	9.861959428636435376e-05	9.262344683812303485e-04	6.179814221322059041e-04	1.359091731579908620e-03	-2.376308702636526805e-03	-2.723041991179773937e-03	1.372237484182841066e-03	-6.214236345709736598e-03	2.735676219064327695e-03	-1.270796669125715157e-03	1.054331892117815967e-03	-2.524289296900472396e-03	-5.377310097489167943e-04	3.516097783240018995e-03	-4.533596947960776696e-03	-8.475082963214052023e-05	4.294813910750420907e-04	1.757314712994250284e-03	-3.272261486809554740e-03	-6.995292957489015551e-04	2.092932561481065240e-03	1.982399904395270186e-03	-1.638561436126748398e-03	3.239907930121311067e-05	-1.092710603598052825e-02	8.413577719562551462e-04	-1.933109853278501804e-03	-7.927357929214564995e-05	1.097982532272039763e-03	-6.143018855777548741e-03	1.711042688393794864e-02	3.646895985753886003e-04	9.633118990388595329e-03	-2.251069507471387956e-04	1.028170617216257613e-03	1.550679128526154900e-04	-6.763783562368139678e-04	1.077672738278479675e-02	-2.983232737003821411e-02	-3.308078792558724482e-04	1.565267957440089194e-03	6.442246868372211374e-03	-1.010475758965037434e-02	2.230523732310853656e-04	2.787526077036820739e-03	6.252166222557491507e-04	-8.998288388028634083e-04	-3.241977636732094187e-03
-2.960699268689256187e-04	-6.035747962310356724e-05	-8.522677018483991451e-04	-1.573733287641286723e-04	1.379233470427066116e-03	-2.280769615991793417e-04	5.360408510694802953e-04	1.817324577246355903e-03	-4.615654186897807519e-04	-1.248248233120560595e-03	-1.069164956953913001e-04	1.994815808137409031e-03	4.313946174998722904e-04	-1.784540819243439404e-03	1.407032449405394743e-03	1.180691930075582294e-03	-4.350528183791768796e-04	1.556255456568872431e-06	4.394738891805429555e-04	-5.291641275697304319e-04	-7.008600577035069929e-04	-5.258530349004939073e-04	1.211740152772390004e-03	-5.317160541459949822e-04	-6.534520651171022527e-04	5.741456065885882504e-03	-1.445077953392642084e-03	-8.500443032383093490e-04	-1.913486130888538989e-03	3.820050776916795185e-04	1.065308284779316149e-04	-7.013662899890095101e-03	9.871486776936028162e-04	1.411584233158295529e-04	-7.435011753359687618e-04	-9.809442492931842728e-04	1.615956489654520696e-03	2.291042290386098058e-03	-4.303817570400041148e-03	6.716389851946359506e-04	5.650091064604969909e-04	-4.321686363432387414e-03	-6.311151658193906800e-04	4.713028443067405105e-04	4.986616057433763613e-03	-3.779460099644598565e-04	3.646895985753886003e-04	7.046209079754745669e-03	2.986761284454681809e-04	2.493733928668767467e-03	2.117160592602390645e-03	-3.358914529828836790e-06	-8.037751683567174316e-03	6.252166222554773412e-04	-1.320831187140144485e-03	-9.474246741957769932e-03	1.617940088001821545e-03	9.063341397258090071e-04	-4.329026838839414304e-04	-3.244975651955527528e-03	-1.571864990721373991e-05	3.344483828823663872e-03	-5.021613849728242054e-03	-7.030361813433591480e-04
-2.078137765790613514e-03	-6.839702998662291773e-04	3.418498570814140053e-04	8.458318932979321664e-04	-2.764435826267156674e-04	-5.659196934167590523e-03	6.423244637097285346e-03	3.713805467530625687e-04	-7.410398582410556746e-04	-3.458752606128113680e-03	9.634412214764199881e-04	-1.944595058281156728e-03	8.415539589908505817e-04	8.316798660104211338e-04	-1.627834079168874730e-04	4.089488106909821771e-03	4.730583411016452437e-04	1.477399639738238412e-03	-3.312905886753157768e-04	2.303680227597245528e-03	-1.301422802533375254e-03	-3.184187068610435691e-03	1.314372883650356729e-03	-3.308853123210350397e-03	3.058551159196756103e-03	-1.909954314446746151e-03	1.528352888220267918e-03	3.286607042436519126e-03	-8.044255198169167212e-04	-1.693523797944021189e-04	-1.416375983883750179e-03	4.160439312486793537e-05	-5.548256513512441011e-04	4.042489146776403336e-04	-5.184123290286361471e-04	-1.174943297876954130e-03	8.175351214403327096e-04	1.863214549152447230e-03	-9.606216246471223743e-04	-4.007091306296680679e-04	-1.064787556747450251e-02	1.194109241536323116e-03	-2.530278852161427748e-03	-3.819274261269977981e-03	1.513303865700091821e-03	-2.344398362315559640e-03	9.633118990388595329e-03	2.986761284454681809e-04	1.012792832090016366e-02	-2.345813850202876612e-04	7.301152461569606310e-04	1.969369783752251794e-03	-4.088022032999725532e-04	7.302596899997620440e-03	-2.177782006358152875e-02	-1.959834735609088541e-04	8.101573177420255505e-04	2.973634025856429584e-03	-2.506998428129079796e-03	2.520396207324581816e-04	2.813108142791676957e-05	5.360408510608587196e-04	-8.490812202791095257e-04	-2.878112025926003910e-03
-1.109563471789111211e-04	-2.434741410557821062e-03	1.412798281948378538e-03	-1.666783043468119318e-04	3.475402890431248532e-04	3.944733747277371239e-04	-1.627834079139206893e-04	4.072332483728265465e-03	-1.303589270326556784e-04	-5.741283624801903161e-04	-2.341604730714496837e-04	3.253183728089907144e-03	3.544429775900208215e-04	-1.596871075717768568e-03	1.286122999600338920e-03	8.018066470530931401e-04	-6.016257124406702069e-04	1.396086126913243474e-04	3.146414132560455931e-04	-2.943264947072007746e-03	-7.031894457206859517e-04	2.366918082984147739e-03	-7.598398394819958542e-04	-1.089037021087844743e-03	-5.954212918142702884e-04	1.976468458939853456e-03	-1.880835913408814269e-03	-8.451791535843619640e-04	6.166851823881787332e-04	4.450635703241427208e-04	-7.982921236961688471e-05	1.582717119874479245e-04	6.820081256822274358e-04	-2.282884013974449526e-05	-3.869755208412383168e-04	5.237343028682681003e-04	1.205539912695936669e-03	-5.023986578436356138e-04	-2.393868753376765979e-04	8.430069016209857562e-04	1.119008660670672145e-03	-4.321298662690861714e-03	5.628396381506894572e-03	4.707157804009583961e-04	-4.051414564685932597e-04	-3.008846209610497929e-05	-2.251069507471387956e-04	2.493733928668767467e-03	-2.345813850202876612e-04	4.742772690773351847e-03	-5.741980347718567308e-03	-1.228732644972440810e-04	-1.473499423535772936e-04	-2.845338196191578436e-05	1.942189536142852643e-04	-6.201215890610312434e-03	1.628914151477575461e-03	2.830912005248808973e-04	1.475233320604215758e-04	-2.350540963577771314e-03	2.152786580415625323e-05	1.407032449410122732e-03	-2.775782176876276722e-03	-1.749476449814243387e-04
-1.786053275857788988e-05	3.270045581890469039e-03	-4.051733856165383452e-03	7.962220228693416956e-04	2.839496966423562651e-03	-2.348634479410520014e-03	1.314372883643699511e-03	-1.092474345706855900e-03	-1.442685847637392976e-03	-1.012026839091158389e-03	6.262007438403764887e-04	-6.807329132160134383e-03	-3.047569980567059055e-04	2.514599722166948811e-03	-7.598398394909298970e-04	1.129110068379658390e-04	6.260641004922204086e-04	9.817810115759723153e-04	-1.785685440108810090e-04	6.990440687281249815e-03	-5.214454190249001109e-04	-9.563836785916053629e-03	5.603274905794814256e-03	-1.422901663213480515e-03	7.449784930258799773e-04	-6.668242107276631811e-04	4.543018082541833841e-03	1.926861526520040873e-03	-2.199504598962060201e-03	-1.386255778622878278e-03	3.533257465535517079e-04	-3.137740838954755033e-03	1.086836393843662422e-03	-3.424682729374871879e-04	-4.199931718879119057e-04	-1.950597949127122043e-03	1.137692933376262174e-03	5.559219086831977165e-03	-8.436943637864496165e-03	5.829020234960238626e-04	-1.970595374627991288e-03	4.590886210490209215e-03	-1.696778431165672438e-02	-1.182819255953750266e-03	7.436530515762831105e-03	4.716682720593446277e-05	1.028170617216257613e-03	2.117160592602390645e-03	7.301152461569606310e-04	-5.741980347718567308e-03	1.771594671189184733e-02	-2.157625534931616618e-05	-1.364641844733564119e-02	1.372237484179868617e-03	-2.681506124422894898e-03	-2.295196873983503839e-03	1.705654089032929057e-03	3.911483522793428118e-04	-1.554182859741595280e-03	3.215702407066511979e-03	9.929299713887374933e-04	1.211740152760428868e-03	-3.015717781128287710e-03	2.201380892411126944e-04
-8.256694602623561535e-05	4.414714262559793273e-05	1.929784425514115406e-04	-1.666786273971124829e-03	-3.800775562897247745e-04	2.108146126064747595e-03	-1.416375983883884403e-03	-2.609555986478769821e-04	-3.403928340664583857e-05	1.421901416347639245e-03	-1.253905980689423369e-03	-4.886783009378189210e-04	1.299700883715088792e-05	-4.708622285824699610e-05	-7.982921237392414889e-05	-7.274292044993051079e-04	2.687557338291127348e-04	-4.977111891793073841e-04	3.513181634959856978e-05	1.003849857171486802e-03	1.864740639366778690e-04	-8.978335735366864672e-04	3.533257465694432387e-04	2.116469108278686961e-03	1.881553379627397228e-03	-4.911517924266992378e-04	5.520078028868391279e-04	4.041354252048404323e-03	-2.474190707845512049e-04	-4.774083562496743665e-04	-1.020300386192456946e-03	2.460752462591709374e-05	-6.076670813516628139e-04	-2.697186767672071165e-04	1.090091863870663218e-03	-6.059855547375990296e-04	-2.573501854133932376e-04	4.588835567932070172e-04	-1.391744124926946706e-04	-1.215653634068865037e-03	-3.350975528575106388e-03	1.903099056736431744e-04	-4.390852943514354529e-04	-5.527733217092625946e-03	9.364703349642720964e-05	1.906112224448581203e-03	1.550679128526154900e-04	-3.358914529828836790e-06	1.969369783752251794e-03	-1.228732644972440810e-04	-2.157625534931616618e-05	5.121301554793356199e-03	2.716161942886605955e-04	-4.533596947943155375e-03	2.874315243496431034e-03	1.221101227105443436e-05	-1.785026470119419951e-04	-2.603994512347194284e-03	4.677802694753159518e-03	6.009673847257935349e-05	-4.312834239922360390e-04	1.065308284756453036e-04	-1.177545166209640373e-04	3.355567553370239226e-04
1.597165380965183119e-04	-1.194701335664836691e-03	3.581763001728950711e-03	-2.593285352770210257e-04	-6.937515311317232411e-03	1.724463440918826487e-03	-9.606216246462473147e-04	-5.154853784935995581e-03	1.280986818111438420e-03	2.924381759379370352e-03	-5.662582607590243297e-04	1.230311382704542310e-03	-5.198559415207581157e-04	-6.537246304410554302e-04	-2.393868753234444928e-04	-2.546767611674782567e-03	8.399920726112780102e-04	-1.579730145896282145e-03	-4.113702325846744340e-04	-4.423990117662817897e-03	2.543339096857085216e-03	1.051895716008293021e-02	-8.436943637878235175e-03	5.853594653661987543e-03	2.945941446968954351e-04	-6.335784481023243493e-03	-1.003704544810720854e-03	2.510933437601713461e-04	2.380011216561484910e-03	2.444350575259536052e-04	-1.391744124755357075e-04	5.426698082421816532e-03	-3.355315522655215321e-03	1.560534907796956561e-04	1.555176854960265472e-03	2.265698789967030610e-03	-4.348437476235593631e-03	-8.032196408522283837e-03	1.455674492965403077e-02	-2.795984397835019758e-03	-3.653882597865326914e-04	1.889403247378695005e-03	1.242764909315056954e-02	-2.992816316607983026e-04	-1.315570465101214767e-02	4.585853158569191393e-04	-6.763783562368139678e-04	-8.037751683567174316e-03	-4.088022032999725532e-04	-1.473499423535772936e-04	-1.364641844733564119e-02	2.716161942886605955e-04	2.651736522232486792e-02	-1.638561436121017088e-03	2.782128871435572172e-03	1.434893704928359021e-02	-4.901803368584746641e-03	-1.519399958256637288e-03	2.374389757156606263e-03	1.027766599715691006e-03	-1.383064711080814061e-03	-4.303817570382588095e-03	8.657384204691243729e-03	2.310303944746147729e-04
-2.154927220344677024e-03	-9.697606999678068732e-04	9.861959428176262027e-05	2.735676219047145259e-03	4.294813910716477248e-04	-1.092710603594604368e-02	9.633118990374740093e-03	1.565267957422494327e-03	-5.351394806797320344e-04	-5.343234697081577014e-03	9.262344683835748273e-04	-1.270796669160134023e-03	1.757314712987471418e-03	8.413577719698214427e-04	-2.251069507456344651e-04	6.442246868360843731e-03	1.476802717299015419e-04	2.560737463138707502e-03	6.179814221306393403e-04	1.054331892129413677e-03	-3.272261486795569833e-03	-1.933109853274332397e-03	1.028170617193760635e-03	-1.010475758961033865e-02	-6.426979161585434685e-04	-1.516593243323279168e-03	1.359091731556447136e-03	-2.524289296912247266e-03	-6.995292957488483208e-04	-7.927357928244922335e-05	1.550679128394834164e-04	2.230523732150052922e-04	-3.804656844113077623e-05	6.541873500188592500e-04	-2.376308702641914856e-03	-5.377310097526704106e-04	2.092932561473971088e-03	1.097982532262502687e-03	-6.763783561976126867e-04	2.787526077012657776e-03	-5.041134588629586112e-03	7.224824583953900993e-04	-2.723041991158938607e-03	3.516097783244468127e-03	1.982399904392593507e-03	-6.143018855769521308e-03	1.077672738278479675e-02	6.252166222554773412e-04	7.302596899997620440e-03	-2.845338196191578436e-05	1.372237484179868617e-03	-4.533596947943155375e-03	-1.638561436121017088e-03	1.711042688389558669e-02	-2.983232737001928481e-02	-8.998288387857880915e-04	5.369923179683571812e-04	5.816802690157963154e-03	-6.214236345741758726e-03	-8.475082963567762140e-05	3.239907932206387699e-05	3.646895985681371851e-04	-3.308078792343728276e-04	-3.241977636733468955e-03
5.470025729303594833e-03	2.150618212296125532e-03	-6.174240369762925684e-04	-2.452873818929401234e-03	-3.460226127174502106e-05	1.920173778438804407e-02	-2.177782006355151456e-02	-2.373520266635328457e-03	2.150618212320169233e-03	1.466152137331158331e-02	-4.881168377237834685e-03	4.249764570740088496e-03	-3.120496319613133215e-03	-2.511544698539929996e-03	1.942189536144955453e-04	-1.500368112383688654e-02	-6.174240369946301134e-04	-4.881168377231148194e-03	-1.572735061870896012e-03	-3.735911874549492466e-03	7.467284732437172792e-03	6.941846229010898567e-03	-2.681506124401690939e-03	1.796076001861132004e-02	-2.452873818949423846e-03	4.249764570659463753e-03	-3.735911874510255623e-03	5.295744059970960288e-03	2.018329371898182952e-03	-1.332615560546595787e-03	2.874315243515003851e-03	-1.419364659324029345e-04	-3.460226125312959502e-05	-3.120496319623044992e-03	7.467284732455616372e-03	2.018329371901242137e-03	-6.285230232285242413e-03	-4.613885482726934675e-03	2.782128871384164075e-03	-2.297378793923842127e-03	1.920173778442591656e-02	-2.511544698507666741e-03	6.941846228996915828e-03	-1.332615560544294676e-03	-4.613885482746601235e-03	1.084609953513057320e-02	-2.983232737003821411e-02	-1.320831187140144485e-03	-2.177782006358152875e-02	1.942189536142852643e-04	-2.681506124422894898e-03	2.874315243496431034e-03	2.782128871435572172e-03	-2.983232737001928481e-02	7.312941668430436581e-02	1.795340113684418953e-03	-2.373520266632582823e-03	-1.500368112385377581e-02	1.796076001868459476e-02	-1.419364659574360514e-04	-2.297378793966969521e-03	-1.320831187120021259e-03	1.795340113664318712e-03	8.864599948759578629e-03
3.432193688116602160e-04	2.688711978084464427e-03	1.005735240546401814e-03	-1.113839512919367718e-04	-4.261008318763348339e-03	1.238335813208571792e-03	-8.490812202785533299e-04	-1.174354593414338524e-02	2.588818285157050425e-03	3.263180711898980811e-03	-3.674191984003382727e-04	-1.220558065250093365e-03	-7.384915046239383125e-04	1.391707532542237145e-03	-2.775782176869339563e-03	-2.866028143344740656e-03	5.025387799416608080e-04	-1.571263006825251995e-03	-5.548006001347124743e-04	-6.161439119429954966e-04	2.612151773275399064e-03	3.961324992329907056e-03	-3.015717781153216120e-03	5.364962629810193610e-03	7.050619997003539563e-04	-4.812956245307285948e-03	2.695218026383070734e-03	4.177454945799444555e-04	8.809142290851396139e-05	2.104292582739764658e-04	-1.177545166112913683e-04	2.000760301218073786e-03	-3.064902461176824584e-03	2.483040413556078215e-04	1.728305081186602872e-03	1.336407376279762733e-03	-4.811814316613887213e-03	-4.499359973765620739e-03	8.657384204726205346e-03	-3.162700848389145888e-03	-8.143442786588925590e-04	6.556786768789375254e-03	-1.112652393619966806e-04	1.282493035438369688e-04	-5.991004652887691254e-03	-9.974115642071056456e-05	-3.308078792558724482e-04	-9.474246741957769932e-03	-1.959834735609088541e-04	-6.201215890610312434e-03	-2.295196873983503839e-03	1.221101227105443436e-05	1.434893704928359021e-02	-8.998288387857880915e-04	1.795340113684418953e-03	2.171485419142680715e-02	-7.759497425617514071e-03	-1.503337377278126481e-03	1.958843438857524582e-03	3.022326793743050979e-03	-1.339428934298675681e-03	-5.021613849732885042e-03	1.062794486576259384e-02	2.759805221618202896e-04
2.073017583120851759e-04	-2.334894560778442898e-03	-8.697117128491849624e-04	8.743982691182780901e-04	3.228475430940683059e-03	-7.468167137926875815e-04	3.713805467460981418e-04	8.900141540379583396e-03	-5.080164322732565359e-03	-3.929153311703712653e-03	3.040083497775617448e-03	-2.730291485046701730e-03	-5.082099351876026225e-04	-2.808002935794314849e-03	4.072332483716146687e-03	1.478028276396689111e-03	9.260682029212795221e-05	7.931256109191915302e-04	1.234346653664780170e-04	-6.064043882155164319e-04	-1.149033925320486291e-03	3.846680288323806561e-03	-1.092474345657315233e-03	-2.129126425638124855e-03	1.379487140525539977e-03	-1.521794540826912692e-03	-9.891181689486809852e-04	2.478061316228845345e-03	1.234038043762200696e-03	-1.348472620239999850e-03	-2.609555986582620126e-04	2.754511093631960977e-03	4.875371154613448652e-03	9.400005174665551459e-04	-3.340024681351421929e-03	2.234065996424968933e-03	3.930377614121260445e-03	-3.802738874451932691e-04	-5.154853785002045177e-03	1.100260684397260909e-03	-2.847264691659819654e-03	-1.112275222895330040e-05	-7.126356370283983303e-04	-1.512016576933718388e-03	1.044076831185404911e-03	4.378537023859984138e-04	1.565267957440089194e-03	1.617940088001821545e-03	8.101573177420255505e-04	1.628914151477575461e-03	1.705654089032929057e-03	-1.785026470119419951e-04	-4.901803368584746641e-03	5.369923179683571812e-04	-2.373520266632582823e-03	-7.759497425617514071e-03	1.693307394728936141e-02	4.083718180742200790e-03	-9.508079359934121580e-03	7.322651478393879532e-03	3.393803579513540378e-03	1.817324577271132091e-03	-1.174354593416154433e-02	-4.979911546371993498e-04
-1.337871624029290506e-03	-2.048929155617513077e-04	-1.999142736544831450e-04	-9.308212261048676552e-04	7.961232629079910937e-04	-1.396049995161555059e-03	4.089488106909120943e-03	1.478028276403807548e-03	-1.601860008233145808e-03	-1.144707029200813658e-02	8.604270360146770713e-03	-7.914106721719901469e-04	-1.754085305488305505e-03	1.662890504545186214e-05	8.018066470439176455e-04	4.139067146135936431e-03	-1.657430450502394876e-04	1.816531844288462195e-03	-6.075445522087655941e-04	1.208615632584617841e-04	1.711768046194313199e-04	-3.798258771112454808e-05	1.129110068625599353e-04	-9.635246075924953045e-04	-2.595750889468697014e-03	1.472513469848643337e-04	2.195966667124749040e-04	-1.085449903942390520e-02	-2.136058741731495429e-04	3.692596716080692384e-03	-7.274292045028078399e-04	-3.168885024508991707e-04	1.999247881907387399e-03	3.912840994721458743e-03	-7.465168322053770261e-03	-4.024185287024127774e-05	4.228495648129413503e-03	1.319248616023447826e-03	-2.546767611693361889e-03	-1.541767018401796023e-03	-4.325585478035595547e-04	-3.255363653115010149e-04	-4.077244345256658166e-04	6.117736582249659431e-03	9.748651039742535756e-04	-3.893024162660988115e-03	6.442246868372211374e-03	9.063341397258090071e-04	2.973634025856429584e-03	2.830912005248808973e-04	3.911483522793428118e-04	-2.603994512347194284e-03	-1.519399958256637288e-03	5.816802690157963154e-03	-1.500368112385377581e-02	-1.503337377278126481e-03	4.083718180742200790e-03	1.508437653239897390e-02	-2.509321346367999334e-02	-2.278109824542265361e-04	6.369600786528852032e-03	1.180691930069202632e-03	-2.866028143345218139e-03	-4.720569684868501301e-03
1.271320444078571487e-03	-6.942090959798780103e-05	5.903931369838210253e-04	1.327225081742493002e-03	-1.304547029480917792e-03	-1.627894138072956019e-04	-3.308853123224148388e-03	-2.129126425645220307e-03	3.178777995331914796e-03	1.688469472925861747e-02	-1.842823415010213378e-02	3.850894305235017488e-03	5.571079016567814443e-03	-1.198250812984147330e-03	-1.089037021071399781e-03	-9.635246076161815441e-04	5.409297807284460828e-04	2.547246122311233921e-04	3.972361227423155277e-04	-9.417686770958509038e-04	-9.739745683949809938e-04	1.294541943487519196e-03	-1.422901663262544567e-03	-8.019390402054477757e-03	4.868247252201120256e-03	1.083989232500239160e-03	-7.485473646198291357e-04	1.919506845478073653e-02	-2.073682597968078026e-04	-6.703579348203636372e-03	2.116469108291885604e-03	-9.778624801248495153e-04	-4.603281133460833396e-03	-7.655096965680611987e-03	1.733106190334197244e-02	-1.085804566887862282e-03	-1.090886695161738702e-02	-1.709476686691680869e-03	5.853594653711154810e-03	3.767898290781568956e-03	-1.203840019202250108e-04	-9.127564065164428227e-04	1.966670926938859660e-03	-1.084476062246211847e-02	-9.603799245230162235e-04	5.930890505950178748e-03	-1.010475758965037434e-02	-4.329026838839414304e-04	-2.506998428129079796e-03	1.475233320604215758e-04	-1.554182859741595280e-03	4.677802694753159518e-03	2.374389757156606263e-03	-6.214236345741758726e-03	1.796076001868459476e-02	1.958843438857524582e-03	-9.508079359934121580e-03	-2.509321346367999334e-02	5.806129875119425687e-02	-3.707360388060230039e-03	-1.905386040787638430e-02	-5.317160541434809342e-04	5.364962629807804029e-03	3.021506166388235413e-03
3.247906286402521981e-04	-5.058730420674682152e-04	-6.786655685772095738e-04	1.175574228710954232e-03	1.041228118011263250e-03	-1.361424594534296328e-03	4.160439312851605884e-05	2.754511093632418944e-03	-2.642405005664547404e-03	-2.579309380815095177e-04	1.588480338410061445e-03	-1.158398628677095865e-02	-5.875373322694662365e-04	3.623765544171870037e-03	1.582717119767535169e-04	-3.168885024541684197e-04	1.201750198887637606e-03	5.653443549006280508e-04	-3.601366526458624792e-04	2.771659338182736257e-03	-1.473544257585366474e-05	1.005974530933288411e-03	-3.137740838956889176e-03	-9.778624801164668978e-04	1.177432752689684843e-03	-3.911228253696792841e-03	2.025102960964235681e-03	3.120374230291758730e-03	9.136835902869671873e-04	-1.746117233971352430e-03	2.460752462140399378e-05	3.976553776705075982e-03	7.279350635314883137e-04	-4.456354039588033633e-04	-8.541044551447145132e-04	4.292307473815358022e-03	6.915260681346324092e-04	-5.361958540986911520e-03	5.426698082473418484e-03	1.020000835719011211e-03	-2.039225722924530981e-03	4.184977120487914232e-03	-4.763937085408384564e-03	-1.964490792655435372e-03	-5.999683755257250849e-04	8.697832440933790307e-04	2.230523732310853656e-04	-3.244975651955527528e-03	2.520396207324581816e-04	-2.350540963577771314e-03	3.215702407066511979e-03	6.009673847257935349e-05	1.027766599715691006e-03	-8.475082963567762140e-05	-1.419364659574360514e-04	3.022326793743050979e-03	7.322651478393879532e-03	-2.278109824542265361e-04	-3.707360388060230039e-03	1.720179188964173628e-02	1.286641695662720832e-03	-7.013662899893056274e-03	2.000760301246688917e-03	8.302241485547872443e-04
-4.312563169520146344e-04	1.647196696350846799e-04	-2.752861160392852972e-04	-1.944419623036160606e-03	5.701933876747320318e-04	1.902452125626495107e-03	-4.007091306200271253e-04	1.100260684401378492e-03	-1.204767731177713679e-03	-3.374787579589965184e-03	5.604563090750738427e-03	-1.173744013367005422e-03	-2.841767477810719193e-03	-4.444824803530609885e-05	8.430069016133793190e-04	-1.541767018371192465e-03	-9.421088128135584163e-06	-1.690797756491110165e-03	5.085324349018588994e-04	6.832120773756597976e-04	-2.236079929262535493e-05	-7.801939655135740285e-04	5.829020235215482586e-04	3.767898290738760751e-03	-2.071497691830710610e-03	-1.591796775485405089e-04	3.163820704971719369e-04	-7.664827695145941602e-03	3.591198473429359716e-04	3.027529806373740508e-03	-1.215653634076980941e-03	1.020000835731702882e-03	1.306531524657293403e-03	2.617479270526947011e-03	-6.195264616658742972e-03	1.570468026727912846e-04	5.723816682213923868e-03	9.552310182809867125e-04	-2.795984397869646573e-03	-4.900399256226382720e-04	6.468885882858668290e-04	1.470596317456102542e-04	-9.077489434144619994e-04	3.382294119651529669e-03	-4.581720242256384396e-05	-1.640685936665506675e-03	2.787526077036820739e-03	-1.571864990721373991e-05	2.813108142791676957e-05	2.152786580415625323e-05	9.929299713887374933e-04	-4.312834239922360390e-04	-1.383064711080814061e-03	3.239907932206387699e-05	-2.297378793966969521e-03	-1.339428934298675681e-03	3.393803579513540378e-03	6.369600786528852032e-03	-1.905386040787638430e-02	1.286641695662720832e-03	9.900047222729952898e-03	6.716389851997828751e-04	-3.162700848390441292e-03	1.699836962405315522e-03
-2.960699268700540563e-04	-4.615654186877049927e-04	-4.350528183779926055e-04	-6.534520651286304660e-04	9.871486776907669770e-04	5.650091064767341111e-04	2.986761284375949758e-04	1.617940088003506395e-03	-6.035747962326801360e-05	-1.248248233127219331e-03	1.556255463021162847e-06	5.741456065915733625e-03	1.411584233147184897e-04	-4.321686363443285814e-03	2.493733928674041027e-03	9.063341397265369404e-04	-8.522677018546948903e-04	-1.069164956881308182e-04	4.394738891760819515e-04	-1.445077953407711193e-03	-7.435011753408025687e-04	-6.311151658201437668e-04	2.117160592615704648e-03	-4.329026838904581360e-04	-1.573733287695893920e-04	1.994815808147752754e-03	-5.291641275774650217e-04	-8.500443032600848992e-04	-9.809442492884859911e-04	4.713028443174199019e-04	-3.358914533075480196e-06	-3.244975651952710337e-03	1.379233470449349941e-03	4.313946174966060230e-04	-7.008600577031396653e-04	-1.913486130883928528e-03	1.615956489668522733e-03	4.986616057450658085e-03	-8.037751683623760995e-03	-1.571864989901338016e-05	-2.280769615930665556e-04	-1.784540819250545265e-03	-5.258530348861482863e-04	3.820050777027008131e-04	2.291042290374537861e-03	-3.779460099687808358e-04	6.252166222557491507e-04	3.344483828823663872e-03	5.360408510608587196e-04	1.407032449410122732e-03	1.211740152760428868e-03	1.065308284756453036e-04	-4.303817570382588095e-03	3.646895985681371851e-04	-1.320831187120021259e-03	-5.021613849732885042e-03	1.817324577271132091e-03	1.180691930069202632e-03	-5.317160541434809342e-04	-7.013662899893056274e-03	6.716389851997828751e-04	7.046209079761187564e-03	-9.474246741984940906e-03	-7.030361813365587067e-04
3.432193688113929601e-04	2.588818285154038945e-03	5.025387799400231207e-04	7.050619997153795889e-04	-3.064902461173727236e-03	-8.143442786912030848e-04	-1.959834735461156744e-04	-7.759497425622407726e-03	2.688711978073204337e-03	3.263180711910792543e-03	-1.571263006825913142e-03	-4.812956245357688338e-03	2.483040413521890068e-04	6.556786768797532791e-03	-6.201215890607311362e-03	-1.503337377285229089e-03	1.005735240564119195e-03	-3.674191984133905490e-04	-5.548006001326010990e-04	2.695218026394653917e-03	1.728305081199077269e-03	-1.112652393168196024e-04	-2.295196874032034463e-03	1.958843438877680768e-03	-1.113839513036604125e-04	-1.220558065262505312e-03	-6.161439119297188989e-04	4.177454945781875601e-04	1.336407376269556488e-03	1.282493035287020485e-04	1.221101228492413470e-05	3.022326793732601873e-03	-4.261008318797457339e-03	-7.384915046202224264e-04	2.612151773279307830e-03	8.809142291059404392e-05	-4.811814316638173342e-03	-5.991004652938490896e-03	1.434893704939266615e-02	-1.339428934313563729e-03	1.238335813231836603e-03	1.391707532557795446e-03	3.961324992290957310e-03	2.104292582849182341e-04	-4.499359973739373506e-03	-9.974115641790974509e-05	-8.998288388028634083e-04	-5.021613849728242054e-03	-8.490812202791095257e-04	-2.775782176876276722e-03	-3.015717781128287710e-03	-1.177545166209640373e-04	8.657384204691243729e-03	-3.308078792343728276e-04	1.795340113664318712e-03	1.062794486576259384e-02	-1.174354593416154433e-02	-2.866028143345218139e-03	5.364962629807804029e-03	2.000760301246688917e-03	-3.162700848390441292e-03	-9.474246741984940906e-03	2.171485419147161505e-02	2.759805221594085361e-04
6.975796874220325291e-04	3.941875165209887395e-04	4.054520674613194559e-05	-5.031949998131727848e-04	-3.375659210571483140e-04	1.934043301545677190e-03	-2.878112025923470780e-03	-4.979911546342202875e-04	3.941875165269933222e-04	4.644575615938820526e-03	-1.997225917616134161e-03	-9.537858254426404177e-05	-5.652355732706918542e-04	2.291636582867526920e-04	-1.749476449820011072e-04	-4.720569684859055731e-03	4.054520674254003801e-05	-1.997225917601477482e-03	1.004416614272429743e-03	1.560627427991141800e-04	1.891251371309167050e-04	-1.646199020129802764e-04	2.201380892431588549e-04	3.021506166355320770e-03	-5.031949998140776599e-04	-9.537858256161471887e-05	1.560627428061232488e-04	5.687174253616684647e-04	2.701762358275596387e-04	-2.434405722342586082e-04	3.355567553358630131e-04	8.302241485658589000e-04	-3.375659210538552667e-04	-5.652355732795695184e-04	1.891251371336100258e-04	2.701762358275178427e-04	4.209087083633624360e-04	-7.249032899345077665e-04	2.310303944668962292e-04	1.699836962427673289e-03	1.934043301549479704e-03	2.291636582948387802e-04	-1.646199020206067713e-04	-2.434405722365161611e-04	-7.249032899361038205e-04	1.223334128071286182e-03	-3.241977636732094187e-03	-7.030361813433591480e-04	-2.878112025926003910e-03	-1.749476449814243387e-04	2.201380892411126944e-04	3.355567553370239226e-04	2.310303944746147729e-04	-3.241977636733468955e-03	8.864599948759578629e-03	2.759805221618202896e-04	-4.979911546371993498e-04	-4.720569684868501301e-03	3.021506166388235413e-03	8.302241485547872443e-04	1.699836962405315522e-03	-7.030361813365587067e-04	2.759805221594085361e-04	5.748076441023490697e-03
