0.000000000000000000e+00	2.017081793822183086e-05	-3.146205580623928665e-05	1.409713860283798509e-06	3.886376488777511717e-05	-4.874515320391542005e-06	3.714316081935509299e-06	-4.454240219923553005e-06	2.017081794150252499e-05	6.595162018223099212e-06	-2.523073151325422759e-05	3.047929667486286604e-07	-6.320192167795142828e-05	3.601528884142754858e-05	-2.637163852586165268e-05	2.117715975346968685e-05	-3.146205580920523011e-05	-2.523073151314773183e-05	1.367823415454373919e-04	-5.894862861213714825e-05	-2.595094997585073758e-05	9.861824655603025134e-06	2.613682983253842751e-05	9.028265945526504297e-07	1.409713860362542292e-06	3.047929678549801621e-07	-5.894862861138693455e-05	7.584040235791325377e-06	4.749411189664490697e-05	-5.971359000240895795e-06	6.490436359279464131e-06	4.190653601921108789e-05	3.886376488933826565e-05	-6.320192167788416708e-05	-2.595094997593748053e-05	4.749411190006425022e-05	5.305014865162931083e-06	-3.060257343602663883e-05	1.662240715511123120e-06	-2.254255497884512195e-05	-4.874515320382399979e-06	3.601528883940240122e-05	9.861824658200155205e-06	-5.971359000411301036e-06	-3.060257343232000910e-05	5.884477148581286795e-07	5.067412081682086049e-07	-4.292414140394623483e-05	3.714316081882457931e-06	-2.637163852236306441e-05	2.613682982435253847e-05	6.490436359204160361e-06	1.662240716462970465e-06	5.067412083041599340e-07	-7.224294764784338615e-06	6.458196468413571201e-05	-4.454240218018112579e-06	2.117715975347609042e-05	9.028265945018247470e-07	4.190653602849093691e-05	-2.254255497880424075e-05	-4.292414140805578119e-05	6.458196468529761082e-05	-1.705175276880666036e-04
-2.017081793822183086e-05	0.000000000000000000e+00	-4.261811713507368538e-06	-1.660747781949588537e-04	-2.672051351373678357e-08	3.035663887369323063e-04	-1.495770250291488597e-04	7.767205135580717776e-06	1.502636448429128802e-17	8.954580696327325948e-05	-8.164430367114193618e-05	-2.378468312762920499e-04	3.775720448042068494e-05	-6.938549412323332180e-04	3.844604405173179243e-04	1.536988094976336159e-05	3.480293545362075458e-04	-5.093191650399910800e-05	-3.467269731420427245e-05	1.227197376962070466e-03	5.444127034302182941e-05	-2.851282037683208997e-04	2.651742286349706218e-04	1.068570207065769936e-04	-1.667111467378295934e-04	-4.533671935537969944e-06	2.092626121305662297e-06	-4.321273647240049900e-04	8.008030649137611441e-06	2.605237749244630578e-04	-4.042620447178612360e-06	4.185954153859404469e-05	-6.286448796671746404e-04	-1.293457125613847096e-05	1.369468096825430582e-04	-4.209972705964944791e-04	-1.126310313241394082e-04	4.051030508045950151e-05	-2.432235577896128234e-04	-3.971550328965243461e-05	2.527220261244820642e-04	8.001918875397350948e-07	-1.528824833784411398e-05	1.708516354551497846e-04	3.521845608950709307e-07	-2.726762973176035437e-05	-1.693127185950116958e-04	-1.409602503749605499e-05	-9.078406547794838426e-05	-7.944452896005416075e-06	3.030853305985612179e-05	4.080849269541818878e-06	-1.093681411225207742e-05	-1.533805271115607242e-04	4.005427233691999768e-04	3.658203060275464918e-06	2.069115408119753872e-04	-7.907712314386916791e-05	1.926779073887473497e-04	2.512679900403136249e-04	-8.638977678900679105e-05	4.660351304817971396e-04	-1.362477450274615295e-03	-8.164884056527446711e-07
3.146205580623928665e-05	4.261811713507368538e-06	0.000000000000000000e+00	8.620668555895801238e-05	4.281899948418489178e-06	-1.504782473462846809e-04	6.761477633437346199e-05	8.727290356449746145e-07	-3.480293545362703753e-04	9.907513502821154892e-05	2.229609934971930963e-06	2.636522052885031725e-04	-2.808165907906742922e-05	3.600542824302916702e-04	2.197836079878846127e-05	-1.286368834156259773e-04	3.202885683452685872e-17	-6.140908468160741012e-05	3.956993696551596728e-06	-8.235924100335734448e-04	6.032606620855062330e-05	3.097361500949754199e-04	-8.240290496835586936e-04	1.987679204149611829e-04	1.234085019471680561e-04	-5.294823156021652109e-06	9.814722915832586411e-06	2.462261433808655541e-04	-3.611734007416471581e-06	-1.557067011279386962e-04	8.688607194057920713e-06	-1.551509563597467769e-05	3.450278825990180966e-04	2.725305654083795816e-05	7.872812561980278395e-06	2.080504672733777351e-05	-1.134074820912367703e-04	3.589331199902835246e-04	2.729872336274125890e-04	-1.147505187628671604e-04	-1.361459875210017717e-04	4.425925142091669493e-06	-1.137837687075667945e-06	-9.212904240867253285e-05	-4.109837016034264642e-06	2.117898799480095464e-05	8.057221828062797520e-05	9.031524990364615569e-06	3.377355224773954592e-05	3.953341966733326285e-06	-1.057566765911667786e-05	2.676416177425289857e-05	5.684437798885087859e-06	2.552067881430823687e-05	-1.845240744002627897e-04	-1.795824990272339264e-05	-2.273658867587624913e-04	-4.674695650454810869e-05	1.286118908315400915e-04	-8.894190649060153666e-04	-5.366294286558987960e-05	1.387959979549088975e-06	8.864463391514232436e-04	1.604940594483198412e-05
-1.409713860283798509e-06	1.660747781949588537e-04	-8.620668555895801238e-05	0.000000000000000000e+00	8.152019318939627570e-05	2.597680888007190131e-05	6.999278887193875059e-06	3.127882643883892413e-06	1.667111467276366564e-04	-3.831665746598995025e-03	2.117252922145534434e-03	3.054794905054232729e-04	1.999640490766805976e-05	1.182516581517782447e-05	-1.317377124812234225e-04	2.431794922575812763e-03	-1.234085019471284556e-04	2.117932387946590105e-03	-4.538463715973416472e-05	-1.666120937685182965e-04	-2.099158378717080539e-03	1.552367608075656450e-05	2.249002569334423952e-04	-5.821782177940723960e-03	4.227022896763815750e-16	2.985590676785437577e-04	-4.971406671355481127e-05	6.306221037288703901e-05	4.715315703748825877e-05	-1.704566034604213995e-05	1.972040596963146566e-06	6.804664461459564823e-05	1.491531364815055268e-04	1.968986191710345911e-05	-2.100927259376823234e-03	9.554442464449948728e-05	3.821147468658464032e-03	-4.646423435137919840e-05	-2.813235658822937045e-04	2.446167446147140892e-03	2.644057991195122078e-05	-5.637927555557324932e-05	-1.859912580868125501e-05	-1.689052295746337409e-05	-3.380140300535240748e-05	-2.845564979214437859e-07	1.663481303150273174e-05	-5.527951859670736314e-05	6.759342375420745724e-06	-9.048846101457958446e-05	2.417077849339883803e-04	3.450152844081354610e-06	-2.905919731895132254e-04	1.705700254000362088e-05	-7.548858681045095894e-05	-7.392079836714759477e-06	-2.093983826765559062e-05	2.432911533585577039e-03	-5.824225465842708740e-03	5.892635879249346877e-05	2.446176070867093870e-03	-1.078856290952498530e-04	1.270443631098302746e-04	5.382218655794950924e-05
-3.886376488777511717e-05	2.672051351373678357e-08	-4.281899948418489178e-06	-8.152019318939627570e-05	0.000000000000000000e+00	1.350373471434741378e-04	-6.803847948946046707e-05	-8.659573929552062872e-06	6.286448796673281634e-04	-2.201257792487641457e-04	5.616098622249856193e-05	-2.432594716551351511e-04	2.376062755898107528e-05	3.970344802936380795e-05	-4.220577179474759803e-04	1.782271561736687370e-04	-3.450278825990549594e-04	1.364795033953529685e-04	3.223562480473504749e-06	2.713405144893849203e-04	-1.332853032150003037e-04	-2.785453389680562575e-04	1.225754362180810422e-03	-3.919790788151106698e-04	-1.491531364651831342e-04	1.193947700940632650e-05	-3.121909332391897341e-05	-2.675160682181445442e-04	1.017708220865953477e-05	1.303298604876887716e-04	-1.973602442539742319e-05	4.779283047727125421e-06	-1.539855076131482758e-16	-2.465694864177373234e-05	-1.160584897590494701e-04	3.813683824047903810e-04	2.668983795352716511e-04	-6.916080472642695612e-04	-2.477143796534302827e-04	2.213732110378465096e-04	1.598936943913390070e-04	2.078725528581580826e-06	1.470376476958168562e-05	1.061268382046586293e-04	-4.878763361188389613e-06	-7.520661194350433090e-06	-8.179774900113242738e-05	-1.701706527954675218e-05	-6.403344434432071204e-05	-1.021313818222849763e-05	8.641385003117867058e-07	-5.995482427756746179e-05	5.489164664458664566e-06	5.956500875975090728e-07	1.855586744975777733e-04	4.567127531982148310e-05	2.054724873509973949e-04	1.300671041825899503e-04	-3.506652572923153873e-04	1.362050621562214958e-03	1.531535155417206983e-04	-4.679943543627640727e-04	-2.468925626204988757e-04	2.762913636365977701e-06
4.874515320391542005e-06	-3.035663887369323063e-04	1.504782473462846809e-04	-2.597680888007190131e-05	-1.350373471434741378e-04	0.000000000000000000e+00	-3.880204924859836230e-05	-3.991846943160112115e-05	-2.527220261003556385e-04	6.944160928248882710e-03	-3.825114180184100831e-03	-5.296442049014229905e-04	5.377152968080969167e-08	9.820473154898844322e-05	1.330593399305682193e-04	-4.424359827493993570e-03	1.361459875148310892e-04	-3.824317509849597691e-03	4.745744674662645096e-06	1.189852545198114768e-04	3.822539285683638870e-03	-9.312903195232302242e-06	-3.531206902302834721e-04	1.056066967186592917e-02	-2.644057991355197075e-05	-5.399194294235791936e-04	4.820921717768758232e-05	-1.876709556603387030e-04	-8.735350539908636640e-05	6.065161725724573601e-05	-1.335778995176105477e-06	-1.629512608729044880e-04	-1.598936944152095068e-04	9.213815073654044248e-07	3.821125026257974830e-03	-7.314166343756967536e-05	-6.934822870689487731e-03	2.305147815658703812e-05	5.328349169414175850e-04	-4.424195635089049616e-03	1.474284138102159233e-15	1.220535644754238466e-04	6.533316723220008570e-05	6.013320655186685969e-05	7.716065434705470330e-05	-2.182083061964862538e-06	-6.189725722013870979e-05	9.692933816819539780e-05	-4.020295943343453384e-05	1.521068902381595539e-04	-4.637349522711586717e-04	-3.952426459420142743e-06	5.224275009031672558e-04	-5.978356783575086589e-05	2.082575005862354631e-04	5.842445222566661754e-05	2.546711686032243605e-05	-4.424861323865535503e-03	1.056033509273321749e-02	-4.181225459367532351e-05	-4.424160746870735295e-03	7.760190579762680986e-05	-1.628101498794516246e-05	2.204870963776155846e-06
-3.714316081935509299e-06	1.495770250291488597e-04	-6.761477633437346199e-05	-6.999278887193875059e-06	6.803847948946046707e-05	3.880204924859836230e-05	0.000000000000000000e+00	1.657225898875925113e-05	9.078406545842048012e-05	-3.824829572318593635e-03	2.099782672761101292e-03	3.183556363853148712e-04	-2.035462907884493287e-05	-8.560650381984042756e-05	-2.180789431549951381e-05	2.445178292717178296e-03	-3.377355224141870824e-05	2.098806715722496830e-03	4.163614290457888262e-05	-4.262385913032443316e-05	-2.114262748688771135e-03	6.196519242657357718e-06	1.051931830243705012e-04	-5.819494862928394248e-03	-6.759342375004454442e-06	2.912208718712156526e-04	-1.020612892903097664e-05	4.512207668526028683e-05	3.577336629412029086e-05	-8.992500581962382925e-06	3.400501351028469565e-08	6.442900625976518336e-05	6.403344435847825112e-05	-2.027608132060733929e-05	-2.113970884843375392e-03	-4.853131010455133466e-06	3.823240236461258445e-03	4.591225800492043738e-05	-2.701967829748345984e-04	2.429993212893232640e-03	4.020295943274008880e-05	-8.342601702859725227e-05	-2.806033359668266619e-05	-7.284377776942823840e-06	-2.632909911445889027e-05	2.530687567089954555e-06	7.946195678869578458e-06	-3.365460769094313920e-05	-9.653197748493832966e-17	-6.298976451824724195e-05	2.294627354797097881e-04	1.633381107839441492e-06	-2.949703994774685503e-04	6.456181753349806289e-06	-5.346155625858977657e-05	-4.929158711824943009e-05	-1.305807102989706825e-05	2.446370369189286575e-03	-5.819537606504583162e-03	-7.839713680557851825e-05	2.431031508746191172e-03	1.439019254944075684e-05	-2.220604755754944837e-05	-5.585902756592096277e-05
4.454240219923553005e-06	-7.767205135580717776e-06	-8.727290356449746145e-07	-3.127882643883892413e-06	8.659573929552062872e-06	3.991846943160112115e-05	-1.657225898875925113e-05	0.000000000000000000e+00	-2.069115408121957513e-04	-3.676460386264627156e-04	2.306827054708404212e-04	-2.065977196847866501e-06	-1.667962421168791758e-06	-2.386435038433015244e-04	2.612042181497861736e-04	2.478417508234651424e-04	2.273658867592236025e-04	2.045834109857149862e-04	-1.270841176146906731e-05	3.153858470726846226e-04	-2.081944065431863555e-04	5.321681405699636091e-06	-3.102655714350162743e-04	-5.611289479146688896e-04	2.093983829311095001e-05	-2.496667058899210068e-06	-7.374407146512160536e-06	1.197551648183528281e-05	5.264033388368508575e-08	2.658653538103631720e-05	-9.721819168000742745e-06	-6.746959615173289904e-06	-2.054724873520604551e-04	8.953446776625825176e-07	-1.909712718630825136e-04	-2.646895676873600375e-04	3.808660523775580153e-04	2.380912377701725909e-04	-7.122414995840798001e-06	2.360547438829680821e-04	-2.546711690382558744e-05	1.194646854305550672e-05	4.133295318226943893e-06	-7.660215562786036689e-06	5.190008462656009928e-06	-1.907047138973983295e-06	5.200462173965318044e-06	-4.608276621414531354e-06	1.305807105264393138e-05	-4.046132176190065657e-06	-2.709417190611758689e-06	1.422627481701855688e-05	-4.719669669216464226e-06	-3.837544233813461753e-05	2.614831134427269090e-05	1.383007332135178892e-05	-9.106976376358280612e-16	2.414270183563568036e-04	-5.703930617946494606e-04	-3.659737861656245849e-04	2.439753508342445846e-04	3.037048270721196853e-04	-3.620383849040485942e-04	3.027223868248351516e-06
-2.017081794150252499e-05	-1.502636448429128802e-17	3.480293545362703753e-04	-1.667111467276366564e-04	-6.286448796673281634e-04	2.527220261003556385e-04	-9.078406545842048012e-05	2.069115408121957513e-04	0.000000000000000000e+00	8.954580694362773295e-05	-5.093191649174057614e-05	-4.533671936083900466e-06	-1.293457125395116084e-05	8.001918871880162043e-07	-7.944452896137006032e-06	-7.907712312526698269e-05	-4.261811713221752416e-06	-8.164430365888782244e-05	-3.467269731303044742e-05	2.092626121842495262e-06	1.369468096684786250e-04	-1.528824833700944433e-05	3.030853305977734773e-05	1.926779073445733211e-04	-1.660747781878905874e-04	-2.378468312774331185e-04	1.227197376962616687e-03	-4.321273646898989712e-04	-4.209972705966124403e-04	1.708516354369039902e-04	4.080849277167307524e-06	2.512679900405480836e-04	-2.672051358756294441e-08	3.775720448141526425e-05	5.444127032824407926e-05	8.008030648661368861e-06	-1.126310313052976820e-04	3.521845609890873527e-07	-1.093681411249163697e-05	-8.638977677262948355e-05	3.035663887126252526e-04	-6.938549412319470252e-04	-2.851282037689709331e-04	2.605237749020728735e-04	4.051030508084017844e-05	-2.726762972769103868e-05	-1.533805270987175634e-04	4.660351304819573305e-04	-1.495770250139230562e-04	3.844604405174069915e-04	2.651742286355324553e-04	-4.042620438217971090e-06	-2.432235577904103354e-04	-1.693127185889864049e-04	4.005427233364140284e-04	-1.362477450275382911e-03	7.767205135775960564e-06	1.536988096490665050e-05	1.068570206649539030e-04	4.185954153800116229e-05	-3.971550327659655337e-05	-1.409602503748980728e-05	3.658203060538201833e-06	-8.164884059989490595e-07
-6.595162018223099212e-06	-8.954580696327325948e-05	-9.907513502821154892e-05	3.831665746598995025e-03	2.201257792487641457e-04	-6.944160928248882710e-03	3.824829572318593635e-03	3.676460386264627156e-04	-8.954580694362773295e-05	0.000000000000000000e+00	-3.244452977626752221e-05	-1.631586209120827616e-04	2.867159444276316654e-06	1.102377715140488094e-05	-5.452957806484905282e-05	-4.979782417286089669e-05	-9.907513501880509219e-05	-3.244452977502372548e-05	5.003380349113233060e-06	-2.946155111844677181e-04	2.185844585158866694e-05	6.529470398502258428e-04	6.370994123843101479e-06	1.831791326796247221e-04	3.831665746598327156e-03	-1.631586209602992380e-04	-2.946155111668539864e-04	1.056954447660506287e-02	1.229511889422255761e-04	-4.423363325361738888e-03	-1.757340962523657867e-05	1.120009854877847049e-04	2.201257792192602941e-04	2.867159445322224467e-06	2.185844585172113611e-05	1.229511889368969393e-04	1.956822538719890111e-05	-1.663887619243059352e-04	-1.722826570499544580e-04	-5.261246756517835784e-05	-6.944160928248293771e-03	1.102377718344931640e-05	6.529470397866291454e-04	-4.423363325363758973e-03	-1.663887618927050198e-04	8.153363058645289368e-06	4.428662258176691707e-03	-7.481808419745620479e-05	3.824829572318547664e-03	-5.452957807615578393e-05	6.370994177397633708e-06	-1.757340962478279940e-05	-1.722826571157492397e-04	4.428662258175919755e-03	-1.056433516708323722e-02	7.132297439343800524e-06	3.676460385662743162e-04	-4.979782417208754883e-05	1.831791326809051920e-04	1.120009854424004221e-04	-5.261246756600153156e-05	-7.481808419265172550e-05	7.132297465685007301e-06	-2.589217454267765878e-06
2.523073151325422759e-05	8.164430367114193618e-05	-2.229609934971930963e-06	-2.117252922145534434e-03	-5.616098622249856193e-05	3.825114180184100831e-03	-2.099782672761101292e-03	-2.306827054708404212e-04	5.093191649174057614e-05	3.244452977626752221e-05	0.000000000000000000e+00	8.013057965977854425e-05	-3.296279680980662642e-06	-2.771001375364872310e-05	4.182298466728745208e-05	7.454426393682135610e-06	6.140908467599061945e-05	-6.344561986809917824e-16	-6.062465190943031338e-07	1.911619309075266501e-04	4.875799906990399469e-06	-3.593059699405997103e-04	-1.449309656322348257e-06	-5.273275793564253437e-05	-2.117932387944305474e-03	9.086226613392559166e-05	4.359490495259775130e-05	-5.818370137626097810e-03	-4.613206087753405202e-06	2.425130368153218148e-03	6.827533821026405441e-05	-2.225269935293369773e-05	-1.364795033768333317e-04	-3.926865779840317774e-06	7.209620355815684058e-06	-7.952672856247918311e-05	-4.420984987303523803e-05	1.000063137747100493e-04	8.102200850359185785e-05	8.652024465556091149e-06	3.824317509846012451e-03	7.079006409264383551e-05	-3.287823183127853207e-04	2.424845810994714218e-03	5.355026177956193599e-05	-3.081830988917093968e-05	-2.449928413096989430e-03	-2.890302513713912611e-05	-2.098806715720672768e-03	-3.201989178192077604e-05	2.763357480899376965e-05	6.692735322230255394e-05	9.738731803417223411e-05	-2.450821330811631289e-03	5.821912846774896996e-03	1.303701340729153542e-04	-2.045834109523391505e-04	5.850695202436599651e-06	-4.879072813744564791e-05	-5.934368116440556502e-05	7.331023949816521273e-06	6.188732616609242464e-05	-4.312401069595285394e-05	-6.553606898676801410e-07
-3.047929667486286604e-07	2.378468312762920499e-04	-2.636522052885031725e-04	-3.054794905054232729e-04	2.432594716551351511e-04	5.296442049014229905e-04	-3.183556363853148712e-04	2.065977196847866501e-06	4.533671936083900466e-06	1.631586209120827616e-04	-8.013057965977854425e-05	0.000000000000000000e+00	-9.840983703966737502e-06	-1.341886453318133065e-05	5.244773389685829115e-06	-9.188214850023076064e-05	5.294823155988527191e-06	-9.086226611054517839e-05	1.921296986987462967e-05	1.553130502523475664e-05	4.425080268265368000e-05	-2.366477634127948660e-06	3.571235829871810414e-07	1.799125656982713563e-04	-2.985590676489313774e-04	-7.863100022985868021e-16	-3.673840925543877698e-04	-8.161029477282489338e-04	3.118199848175771146e-04	3.305198452189199573e-04	-8.661761014564952393e-06	4.327682940257347906e-04	-1.193947701045488383e-05	-1.405882231171618342e-05	7.581273452022282804e-05	5.969416068696441736e-07	-9.849579849641269249e-05	-1.273476184954494417e-05	7.789356198748634025e-06	-6.767458081918346902e-05	5.399194293703821635e-04	2.814243116977871093e-04	-3.213048392260382777e-06	3.370475176656230281e-04	-2.834415021467421008e-04	2.236919725513835601e-06	-3.208072468382216222e-04	-3.619520252958094127e-04	-2.912208718411533285e-04	-3.059573228549636683e-04	3.589023603770914771e-04	1.247512657032863378e-06	7.600703499871242856e-06	-3.448058402314678472e-04	8.205365108013183088e-04	4.336952824542454317e-04	2.496667057582150068e-06	-1.181591960138285457e-04	2.221737911949869023e-04	1.487326871841654348e-05	-6.184006439209697829e-05	-7.782302407380036321e-07	-9.964586744136073773e-06	-1.009854418615865684e-06
6.320192167795142828e-05	-3.775720448042068494e-05	2.808165907906742922e-05	-1.999640490766805976e-05	-2.376062755898107528e-05	-5.377152968080969167e-08	2.035462907884493287e-05	1.667962421168791758e-06	1.293457125395116084e-05	-2.867159444276316654e-06	3.296279680980662642e-06	9.840983703966737502e-06	0.000000000000000000e+00	2.037037645669172010e-05	-1.983124421095984507e-05	-2.829821037774310477e-07	-2.725305653703271686e-05	3.926865778962259704e-06	-6.029229687455046878e-06	-4.285597268295931897e-05	1.316006114824353351e-06	4.358965081491426459e-06	9.790131411234591910e-06	-2.480575734628371264e-06	-1.968986191831758936e-05	1.405882231588044811e-05	2.946484237814906142e-05	1.275650370101717989e-05	-4.275422518435261431e-05	-3.226639510922409853e-05	1.668579124903902329e-04	-8.074146551668203776e-05	2.465694863765064023e-05	6.954180822012667744e-17	4.582764623692702357e-07	2.129113121716629989e-05	1.593040808945417779e-06	-6.484227634838709766e-06	3.854545855497659075e-06	2.837310087325453972e-06	-9.213815052292428125e-07	-3.598557435173362843e-05	2.119577334504553117e-06	-3.412894543029498784e-05	5.221981277065371348e-05	-7.476690238573802777e-05	-3.387303970235033384e-05	6.377870381578693991e-05	2.027608131942881152e-05	4.434782877596581818e-05	-6.783667259545120970e-05	1.671072308661847284e-04	7.891300962847308276e-06	-3.263100332933776149e-05	1.087037968968943278e-05	-4.788211125268148537e-05	-8.953446762334915047e-07	-6.718186408190264710e-07	-4.234914771786593974e-06	9.206299153083933397e-06	3.256368117239626607e-06	-1.049952386376408372e-05	3.635049040869049307e-05	9.110857595057355885e-06
-3.601528884142754858e-05	6.938549412323332180e-04	-3.600542824302916702e-04	-1.182516581517782447e-05	-3.970344802936380795e-05	-9.820473154898844322e-05	8.560650381984042756e-05	2.386435038433015244e-04	-8.001918871880162043e-07	-1.102377715140488094e-05	2.771001375364872310e-05	1.341886453318133065e-05	-2.037037645669172010e-05	0.000000000000000000e+00	-8.373834634821863618e-06	-1.561016007121394841e-05	-4.425925142448854816e-06	-7.079006411630604648e-05	-1.521996609067161114e-05	-3.507164855001009994e-05	6.589534002878818352e-06	1.351313807699972832e-05	-6.091340121604960650e-07	-3.188757167693697812e-05	5.637927554211427525e-05	-2.814243116984808902e-04	3.730554959666543681e-04	1.197584333051519053e-04	3.931606626919157028e-04	-6.771166326346387534e-05	-4.437968972021352223e-05	1.512420301982627269e-03	-2.078725527809345123e-06	3.598557435527895598e-05	-9.168117057966893913e-06	8.256632379913864375e-06	5.905377874859684979e-05	1.360013675586980972e-06	4.904907578614157757e-06	2.430390965332212378e-05	-1.220535644604196540e-04	5.017933293817618268e-16	-3.290446297420357154e-04	-2.819837884254920959e-05	-7.551497845320980212e-04	-1.934743343114277278e-05	1.774244094474013590e-04	-4.822381458953960923e-04	8.342601701848416677e-05	-4.401837640315262208e-04	1.367312004255887177e-03	-7.477854998626876835e-07	-2.873459915820547952e-04	7.893008858999127765e-05	-2.087915046086173969e-04	-3.624893534420006204e-04	-1.194646854246986984e-05	5.313094078038199739e-05	-8.262247199635670857e-05	-5.644369849426759458e-07	9.238812563480533122e-05	-1.237049136728891373e-05	4.307771868467737700e-05	2.356705297087523102e-05
2.637163852586165268e-05	-3.844604405173179243e-04	-2.197836079878846127e-05	1.317377124812234225e-04	4.220577179474759803e-04	-1.330593399305682193e-04	2.180789431549951381e-05	-2.612042181497861736e-04	7.944452896137006032e-06	5.452957806484905282e-05	-4.182298466728745208e-05	-5.244773389685829115e-06	1.983124421095984507e-05	8.373834634821863618e-06	0.000000000000000000e+00	-9.351748613982785883e-06	-3.953341966842185265e-06	3.201989179068314892e-05	3.073582959992062998e-05	4.469545466601284669e-06	-3.186329888755517104e-05	3.898935186114929247e-06	-7.361039228416826517e-06	5.567347703437500113e-05	9.048846101504262010e-05	3.059573228560545383e-04	-9.869673175334596482e-04	2.465927078641355933e-04	5.060230957294021377e-05	-8.664204606306831892e-05	3.934215739522846315e-06	-9.951568341082964002e-04	1.021313818178711892e-05	-4.434782877896388791e-05	2.937324568139565613e-05	1.497785336601211746e-06	-6.641047487687332107e-05	-1.095428818735079606e-05	4.984160173467825524e-06	-2.624974020350753944e-05	-1.521068902258310368e-04	4.401837640311820950e-04	3.648034626301211933e-04	-1.622602720223472014e-04	3.915522565953823467e-04	3.638675395657656067e-05	2.207489443002099677e-05	-2.915793584193954150e-05	6.298976451141470828e-05	-1.883106707676815428e-16	-9.256993324437722600e-04	-1.549298381275796476e-05	3.141028315856643927e-04	8.366031297663805019e-05	-1.800679738841495488e-04	1.064757812442395420e-03	4.046132175392442682e-06	-1.075568681933412597e-04	1.382829395386457648e-04	-1.071839451041730639e-05	-9.455804133753963146e-05	3.857774418133929348e-06	-1.289059816637746858e-05	-1.246452854796844512e-05
-2.117715975346968685e-05	-1.536988094976336159e-05	1.286368834156259773e-04	-2.431794922575812763e-03	-1.782271561736687370e-04	4.424359827493993570e-03	-2.445178292717178296e-03	-2.478417508234651424e-04	7.907712312526698269e-05	4.979782417286089669e-05	-7.454426393682135610e-06	9.188214850023076064e-05	2.829821037774310477e-07	1.561016007121394841e-05	9.351748613982785883e-06	0.000000000000000000e+00	4.674695650632549552e-05	-5.850695203670686844e-06	-4.918538448600552425e-06	1.726414620679657202e-04	1.444842153912584868e-05	-4.138017404833603833e-04	3.403283106496779497e-05	-3.863385142761812784e-05	-2.432911533585849391e-03	1.181591960479484965e-04	2.292723081719810264e-04	-6.737891294176677134e-03	-1.483591736188290917e-04	2.831835867618376877e-03	-5.605464205027164786e-05	-2.143033890347941233e-04	-1.300671041717166765e-04	6.718186401434726969e-07	1.266734347676194805e-05	-5.554542228376750819e-05	-6.343582594109376232e-05	7.520168126268013983e-05	1.047912384480313599e-04	1.062930425629504890e-06	4.424861323866562460e-03	-5.313094079666926190e-05	-3.998769230158966429e-04	2.831348677857102071e-03	1.905528374036359910e-04	2.596458344198856024e-05	-2.811126820379651527e-03	1.276421148586069686e-04	-2.446370369189966587e-03	1.075568681967656445e-04	-1.336293045423894797e-04	-5.797320586745546340e-05	1.242771150774833527e-04	-2.807905959293977016e-03	6.727752987523626278e-03	-5.487143982309411347e-05	-2.414270183171317243e-04	-5.075815290268240881e-16	-4.112960158431021128e-05	-2.592092642444727025e-05	8.955944860130858734e-07	1.168601781480166421e-05	2.351471988924694058e-05	4.161079412383086876e-06
3.146205580920523011e-05	-3.480293545362075458e-04	-3.202885683452685872e-17	1.234085019471284556e-04	3.450278825990549594e-04	-1.361459875148310892e-04	3.377355224141870824e-05	-2.273658867592236025e-04	4.261811713221752416e-06	9.907513501880509219e-05	-6.140908467599061945e-05	-5.294823155988527191e-06	2.725305653703271686e-05	4.425925142448854816e-06	3.953341966842185265e-06	-4.674695650632549552e-05	0.000000000000000000e+00	2.229609942329729246e-06	3.956993692373493213e-06	9.814722915247979518e-06	7.872812560428802027e-06	-1.137837687285605485e-06	-1.057566765935952051e-05	1.286118908289850065e-04	8.620668556037200175e-05	2.636522052896715087e-04	-8.235924100338243292e-04	2.462261433785249785e-04	2.080504672707255732e-05	-9.212904240409245629e-05	2.676416177037099401e-05	-8.894190649071545378e-04	4.281899948268090008e-06	-2.808165908181178887e-05	6.032606620984527589e-05	-3.611734007245779195e-06	-1.134074820818477692e-04	-4.109837016113770543e-06	5.684437799122986380e-06	-5.366294286189058856e-05	-1.504782473381479334e-04	3.600542824297725542e-04	3.097361500957697606e-04	-1.557067011198131159e-04	3.589331199901896327e-04	2.117898799135048123e-05	2.552067881243938065e-05	1.387959979826908158e-06	6.761477632976905865e-05	2.197836079864647822e-05	-8.240290496837028925e-04	8.688607188013642679e-06	2.729872336274435972e-04	8.057221828524046940e-05	-1.845240743993162270e-04	8.864463391517925228e-04	8.727290353358613754e-07	-1.286368834126990651e-04	1.987679204097486099e-04	-1.551509563601945186e-05	-1.147505187533642504e-04	9.031524990177865132e-06	-1.795824990255194640e-05	1.604940594846471192e-05
2.523073151314773183e-05	5.093191650399910800e-05	6.140908468160741012e-05	-2.117932387946590105e-03	-1.364795033953529685e-04	3.824317509849597691e-03	-2.098806715722496830e-03	-2.045834109857149862e-04	8.164430365888782244e-05	3.244452977502372548e-05	6.344561986809917824e-16	9.086226611054517839e-05	-3.926865778962259704e-06	7.079006411630604648e-05	-3.201989179068314892e-05	5.850695203670686844e-06	-2.229609942329729246e-06	0.000000000000000000e+00	-6.062465192239395147e-07	4.359490495156642431e-05	7.209620355311599504e-06	-3.287823183457444162e-04	2.763357483339447815e-05	-4.879072813858929825e-05	-2.117252922147185457e-03	8.013057968528769363e-05	1.911619309010736956e-04	-5.818370137631380043e-03	-7.952672856552974855e-05	2.424845810995862605e-03	6.692735322242958178e-05	-5.934368118566355768e-05	-5.616098620059523181e-05	-3.296279681404024532e-06	4.875799906167455292e-06	-4.613206081532836742e-06	-4.420984987205405539e-05	5.355026179800760307e-05	9.738731800132901270e-05	7.331023950107251780e-06	3.825114180187121418e-03	-2.771001377361622379e-05	-3.593059699054802335e-04	2.425130368156608665e-03	1.000063137556661194e-04	-3.081830988923486017e-05	-2.450821330814245518e-03	6.188732616895553152e-05	-2.099782672762821271e-03	4.182298467376538388e-05	-1.449309683367122834e-06	6.827533821019318824e-05	8.102200853914978598e-05	-2.449928413098847318e-03	5.821912846779945042e-03	-4.312401068504588851e-05	-2.306827054382990416e-04	7.454426394081748814e-06	-5.273275793822366738e-05	-2.225269933255364456e-05	8.652024466616766135e-06	-2.890302514254577807e-05	1.303701340693272956e-04	-6.553606895452051688e-07
-1.367823415454373919e-04	3.467269731420427245e-05	-3.956993696551596728e-06	4.538463715973416472e-05	-3.223562480473504749e-06	-4.745744674662645096e-06	-4.163614290457888262e-05	1.270841176146906731e-05	3.467269731303044742e-05	-5.003380349113233060e-06	6.062465190943031338e-07	-1.921296986987462967e-05	6.029229687455046878e-06	1.521996609067161114e-05	-3.073582959992062998e-05	4.918538448600552425e-06	-3.956993692373493213e-06	6.062465192239395147e-07	0.000000000000000000e+00	2.187017793493852780e-05	-6.869800749830651254e-06	-2.149082014446934555e-05	7.883471781906702873e-05	-1.068112923528514047e-05	4.538463716006197325e-05	-1.921296986981510697e-05	2.187017792637168740e-05	-1.966289808996019695e-05	2.645041919024230097e-05	6.723063601684147969e-05	-3.618646540911815441e-04	9.451141300112391786e-05	-3.223562487967210740e-06	6.029229687457237306e-06	-6.869800749536031172e-06	2.645041918531438187e-05	9.001181061109643454e-06	-5.822961645767463516e-05	-6.013250200154239902e-06	3.932036911695372083e-06	-4.745744674976142154e-06	1.521996609947429263e-05	-2.149082014420887615e-05	6.723063601688585066e-05	-5.822961645976047751e-05	1.627437753320912510e-04	7.623723681707473459e-05	-6.217879818299560974e-05	-4.163614290434983136e-05	-3.073582960481115428e-05	7.883471781964756478e-05	-3.618646540911279845e-04	-6.013250198867524011e-06	7.623723681687925293e-05	-3.276172127574147853e-05	5.018878616610370104e-06	1.270841176081079227e-05	4.918538448476426523e-06	-1.068112923453002585e-05	9.451141299948520049e-05	3.932036911518764020e-06	-6.217879817712588825e-05	5.018878606734831607e-06	-2.302127614164868143e-06
5.894862861213714825e-05	-1.227197376962070466e-03	8.235924100335734448e-04	1.666120937685182965e-04	-2.713405144893849203e-04	-1.189852545198114768e-04	4.262385913032443316e-05	-3.153858470726846226e-04	-2.092626121842495262e-06	2.946155111844677181e-04	-1.911619309075266501e-04	-1.553130502523475664e-05	4.285597268295931897e-05	3.507164855001009994e-05	-4.469545466601284669e-06	-1.726414620679657202e-04	-9.814722915247979518e-06	-4.359490495156642431e-05	-2.187017793493852780e-05	0.000000000000000000e+00	1.889169160118996788e-04	-2.163247545487355025e-05	-4.759183185371398950e-06	5.076635746870375356e-04	4.971406669137455559e-05	3.673840925584242545e-04	-6.439589157324499685e-16	2.064628443083476586e-04	-9.259841286757435931e-04	-6.533369238201628315e-05	9.683336622198047495e-05	-2.549522814391096473e-03	3.121909332370180094e-05	-2.946484238681309716e-05	1.825623411339232925e-04	4.025576373955017575e-06	-3.966137346564206916e-04	7.471228399335384318e-06	1.198823604654749621e-06	-2.247757545577026448e-04	-4.820921712581981118e-05	-3.730554959680760282e-04	4.218600102230975722e-04	-9.128700398508744242e-05	1.365559279539665851e-03	1.220454719687950003e-05	-1.276680272380605735e-04	1.111227478504378486e-03	1.020612890309156164e-05	9.869673175337968351e-04	-2.276929310195619643e-03	1.594933942345319681e-05	3.796305490095516289e-04	4.396934512362112718e-05	-6.263335053198305978e-05	-9.939802907654595278e-05	7.374407147079089852e-06	-2.292723081886785530e-04	5.497735389891886043e-04	-6.830675672856319328e-06	-3.330367349995323615e-04	1.142196765871042164e-06	-1.128698438888023940e-05	-4.311781278595275285e-06
2.595094997585073758e-05	-5.444127034302182941e-05	-6.032606620855062330e-05	2.099158378717080539e-03	1.332853032150003037e-04	-3.822539285683638870e-03	2.114262748688771135e-03	2.081944065431863555e-04	-1.369468096684786250e-04	-2.185844585158866694e-05	-4.875799906990399469e-06	-4.425080268265368000e-05	-1.316006114824353351e-06	-6.589534002878818352e-06	3.186329888755517104e-05	-1.444842153912584868e-05	-7.872812560428802027e-06	-7.209620355311599504e-06	6.869800749830651254e-06	-1.889169160118996788e-04	0.000000000000000000e+00	3.824765113354187517e-04	-1.621246189555768775e-04	6.852084903179265357e-05	2.100927259377390922e-03	-7.581273454903200422e-05	-1.825623411122963323e-04	5.824916628798582074e-03	7.007305902928762055e-05	-2.450991558068224899e-03	6.759259346766707138e-05	4.370200943292022728e-05	1.160584897464502548e-04	-4.582764617437675326e-07	-1.661394774941818246e-16	1.094823004575851387e-05	3.166718848638662117e-05	3.362738978896734034e-06	-5.008940994241427118e-05	-1.679064377503108684e-05	-3.821125026259713023e-03	9.168117066656821760e-06	3.586987161307552416e-04	-2.448296574083591408e-03	-8.055372029571735782e-05	-3.074052714642000114e-05	2.421777785769647223e-03	-3.362313841495171416e-05	2.113970884844449186e-03	-2.937324568035800011e-05	-1.143332302815502352e-05	6.951806637115254587e-05	-8.722903435205730562e-05	2.419306761672016665e-03	-5.807793898155701184e-03	1.596864675663625693e-05	1.909712718294314803e-04	-1.266734347602599501e-05	6.837186388354885664e-05	-1.264333536734829025e-04	-1.538806351583261390e-05	3.160022593489444616e-05	2.387591703486867647e-05	-3.479871317284353571e-06
-9.861824655603025134e-06	2.851282037683208997e-04	-3.097361500949754199e-04	-1.552367608075656450e-05	2.785453389680562575e-04	9.312903195232302242e-06	-6.196519242657357718e-06	-5.321681405699636091e-06	1.528824833700944433e-05	-6.529470398502258428e-04	3.593059699405997103e-04	2.366477634127948660e-06	-4.358965081491426459e-06	-1.351313807699972832e-05	-3.898935186114929247e-06	4.138017404833603833e-04	1.137837687285605485e-06	3.287823183457444162e-04	2.149082014446934555e-05	2.163247545487355025e-05	-3.824765113354187517e-04	0.000000000000000000e+00	2.277637310569105046e-05	-9.958084967471160336e-04	1.859912583751294194e-05	3.213048390407200050e-06	-4.218600102226487667e-04	1.669044193137421075e-05	3.569288794822214877e-04	-1.452746368631392906e-06	-2.992442183949469125e-05	4.959325408299671088e-04	-1.470376477003367426e-05	-2.119577334434557279e-06	-3.586987161654387607e-04	-3.331607481910939817e-06	6.484474132726614475e-04	-1.409753040955151988e-05	-1.102244286539727166e-05	4.117327514592981560e-04	-6.533316728393624825e-05	3.290446297420501352e-04	1.537313977289719857e-15	-4.613784581603425907e-05	-3.290956689378381249e-04	7.952191439023028111e-06	6.166562823757554138e-05	-4.207638063250310461e-04	2.806033362402784418e-05	-3.648034626304017848e-04	4.379069846287533189e-04	-3.772673651620598623e-07	-7.273006182371646137e-06	1.259130381980309865e-05	-6.254106472319003352e-05	5.029626196714744252e-04	-4.133295317018246512e-06	3.998769230542102877e-04	-9.994684233286788531e-04	1.139459172506669080e-05	4.237809759215837918e-04	-1.457911192668436043e-06	-1.242530614259186333e-05	-8.356576847674034237e-06
-2.613682983253842751e-05	-2.651742286349706218e-04	8.240290496835586936e-04	-2.249002569334423952e-04	-1.225754362180810422e-03	3.531206902302834721e-04	-1.051931830243705012e-04	3.102655714350162743e-04	-3.030853305977734773e-05	-6.370994123843101479e-06	1.449309656322348257e-06	-3.571235829871810414e-07	-9.790131411234591910e-06	6.091340121604960650e-07	7.361039228416826517e-06	-3.403283106496779497e-05	1.057566765935952051e-05	-2.763357483339447815e-05	-7.883471781906702873e-05	4.759183185371398950e-06	1.621246189555768775e-04	-2.277637310569105046e-05	0.000000000000000000e+00	1.117700330806684897e-04	-2.417077849545732325e-04	-3.589023603765643380e-04	2.276929310194524166e-03	-6.201999862383673293e-04	-9.846169999626779891e-04	2.493728819038179686e-04	2.336762177116740843e-05	-9.373257379861887895e-05	-8.641384994613406393e-07	6.783667259521936662e-05	1.143332305286079263e-05	-1.008169308989054439e-05	-6.043508405748415153e-05	3.919157161175009825e-05	-1.559445812152134323e-05	-5.115485741305501649e-05	4.637349522900139232e-04	-1.367312004255966541e-03	-4.379069846297230294e-04	4.022627908866674277e-04	3.744486806128641265e-04	-4.552612872253155977e-05	-2.573451763392401630e-04	1.106779201914770937e-03	-2.294627354872278086e-04	9.256993324444134572e-04	-3.993747640809817284e-16	-9.284262447197196924e-06	-3.737505335270383628e-04	-2.411117652250100829e-04	5.934140565275285422e-04	-2.547225235299338357e-03	2.709417192113270278e-06	1.336293045110098770e-04	-3.789929328173250172e-05	5.827083223928605921e-06	6.828871144704810501e-06	2.757152531311979081e-06	3.995156827510359029e-06	1.061841366258745087e-05
-9.028265945526504297e-07	-1.068570207065769936e-04	-1.987679204149611829e-04	5.821782177940723960e-03	3.919790788151106698e-04	-1.056066967186592917e-02	5.819494862928394248e-03	5.611289479146688896e-04	-1.926779073445733211e-04	-1.831791326796247221e-04	5.273275793564253437e-05	-1.799125656982713563e-04	2.480575734628371264e-06	3.188757167693697812e-05	-5.567347703437500113e-05	3.863385142761812784e-05	-1.286118908289850065e-04	4.879072813858929825e-05	1.068112923528514047e-05	-5.076635746870375356e-04	-6.852084903179265357e-05	9.958084967471160336e-04	-1.117700330806684897e-04	0.000000000000000000e+00	5.824225465844818164e-03	-2.221737912701556689e-04	-5.497735389585643381e-04	1.607601280667313864e-02	2.418611063705941437e-04	-6.734003534985794071e-03	-1.309956192874066919e-06	2.057506856981949884e-04	3.506652572546937888e-04	4.234914773283534973e-06	-6.837186388343135623e-05	1.621158321155654193e-04	2.128348079794149166e-04	-1.899939714070709746e-04	-1.968070595626968036e-04	3.575887710674253419e-05	-1.056033509273779716e-02	8.262247203925549856e-05	9.994684232400130163e-04	-6.730966281881993127e-03	-2.866178650271598979e-04	2.945301322279682571e-07	6.731873113712424223e-03	-1.764085902100984279e-04	5.819537606507182645e-03	-1.382829395450822123e-04	3.789929334200890445e-05	4.231829142402160994e-07	-2.388517977114083433e-04	6.727678114884427449e-03	-1.606517178373187416e-02	1.276145794832443908e-04	5.703930617020119744e-04	4.112960158507586130e-05	1.258905311895104845e-15	3.640734643913899214e-05	3.764960311179607827e-05	-8.242210518860954992e-05	7.439670141630917342e-05	-3.297666312619142521e-06
-1.409713860362542292e-06	1.667111467378295934e-04	-1.234085019471680561e-04	-4.227022896763815750e-16	1.491531364651831342e-04	2.644057991355197075e-05	6.759342375004454442e-06	-2.093983829311095001e-05	1.660747781878905874e-04	-3.831665746598327156e-03	2.117932387944305474e-03	2.985590676489313774e-04	1.968986191831758936e-05	-5.637927554211427525e-05	-9.048846101504262010e-05	2.432911533585849391e-03	-8.620668556037200175e-05	2.117252922147185457e-03	-4.538463716006197325e-05	-4.971406669137455559e-05	-2.100927259377390922e-03	-1.859912583751294194e-05	2.417077849545732325e-04	-5.824225465844818164e-03	0.000000000000000000e+00	3.054794905328036062e-04	-1.666120937892392431e-04	6.306221037187444839e-05	9.554442464709977001e-05	-1.689052295703735718e-05	3.450152844394803811e-06	5.892635878475771337e-05	8.152019320529536872e-05	1.999640490648978272e-05	-2.099158378715239130e-03	4.715315703654876370e-05	3.821147468657715065e-03	-3.380140299185692291e-05	-2.905919732287339137e-04	2.446176070867714901e-03	2.597680888008693445e-05	1.182516580099754256e-05	1.552367611046822379e-05	-1.704566034562888952e-05	-4.646423436784492258e-05	-2.845564977996296484e-07	1.705700253981205252e-05	-1.078856291002339846e-04	6.999278886710729160e-06	-1.317377124827298672e-04	2.249002569192963758e-04	1.972040596495827478e-06	-2.813235658465647977e-04	1.663481303071176221e-05	-7.548858680919281008e-05	1.270443631328532536e-04	3.127882667375565158e-06	2.431794922574349958e-03	-5.821782177936976957e-03	6.804664462753043765e-05	2.446167446145707143e-03	-5.527951859258486056e-05	-7.392079862377015984e-06	5.382218655817444731e-05
-3.047929678549801621e-07	4.533671935537969944e-06	5.294823156021652109e-06	-2.985590676785437577e-04	-1.193947700940632650e-05	5.399194294235791936e-04	-2.912208718712156526e-04	2.496667058899210068e-06	2.378468312774331185e-04	1.631586209602992380e-04	-9.086226613392559166e-05	7.863100022985868021e-16	-1.405882231588044811e-05	2.814243116984808902e-04	-3.059573228560545383e-04	-1.181591960479484965e-04	-2.636522052896715087e-04	-8.013057968528769363e-05	1.921296986981510697e-05	-3.673840925584242545e-04	7.581273454903200422e-05	-3.213048390407200050e-06	3.589023603765643380e-04	2.221737912701556689e-04	-3.054794905328036062e-04	0.000000000000000000e+00	1.553130502521130399e-05	-8.161029478041645531e-04	5.969416073879393989e-07	3.370475176971061450e-04	1.247512655191280555e-06	1.487326871875188552e-05	2.432594716562916154e-04	-9.840983706229616514e-06	4.425080270878901034e-05	3.118199848200421025e-04	-9.849579854361174001e-05	-2.834415021490511262e-04	7.600703501844131668e-06	-6.184006442118971400e-05	5.296442049518150811e-04	-1.341886453261172810e-05	-2.366477636232094121e-06	3.305198452534609038e-04	-1.273476184905495594e-05	2.236919726110919289e-06	-3.448058402619682975e-04	-7.782302411121058977e-07	-3.183556364091230835e-04	5.244773389890499380e-06	3.571235825851167359e-07	-8.661761015043283757e-06	7.789356198858748308e-06	-3.208072468688603083e-04	8.205365108701134303e-04	-9.964586743756172720e-06	2.065977195372351201e-06	-9.188214853091038886e-05	1.799125657646646718e-04	4.327682940275507208e-04	-6.767458084505624625e-05	-3.619520252979076150e-04	4.336952824581622747e-04	-1.009854417843956936e-06
5.894862861138693455e-05	-2.092626121305662297e-06	-9.814722915832586411e-06	4.971406671355481127e-05	3.121909332391897341e-05	-4.820921717768758232e-05	1.020612892903097664e-05	7.374407146512160536e-06	-1.227197376962616687e-03	2.946155111668539864e-04	-4.359490495259775130e-05	3.673840925543877698e-04	-2.946484237814906142e-05	-3.730554959666543681e-04	9.869673175334596482e-04	-2.292723081719810264e-04	8.235924100338243292e-04	-1.911619309010736956e-04	-2.187017792637168740e-05	6.439589157324499685e-16	1.825623411122963323e-04	4.218600102226487667e-04	-2.276929310194524166e-03	5.497735389585643381e-04	1.666120937892392431e-04	-1.553130502521130399e-05	0.000000000000000000e+00	2.064628443590575289e-04	4.025576373595718058e-06	-9.128700401252312418e-05	1.594933942817657440e-05	-6.830675673382465701e-06	-2.713405144897624395e-04	4.285597269258189785e-05	1.889169159967597441e-04	-9.259841286758847562e-04	-3.966137346372579061e-04	1.365559279539734373e-03	3.796305490087712202e-04	-3.330367350021887652e-04	-1.189852545653663453e-04	3.507164855029458781e-05	-2.163247545293091746e-05	-6.533369240833739153e-05	7.471228399219723664e-06	1.220454719710999803e-05	4.396934514362251596e-05	1.142196766413840147e-06	4.262385915108874790e-05	-4.469545467300834780e-06	-4.759183184716701774e-06	9.683336622272824918e-05	1.198823604236407883e-06	-1.276680272106679075e-04	-6.263335058012009125e-05	-1.128698438854564614e-05	-3.153858470719348968e-04	-1.726414620451017666e-04	5.076635746529606277e-04	-2.549522814388878629e-03	-2.247757545458917258e-04	1.111227478503575092e-03	-9.939802907716862364e-05	-4.311781287035755316e-06
-7.584040235791325377e-06	4.321273647240049900e-04	-2.462261433808655541e-04	-6.306221037288703901e-05	2.675160682181445442e-04	1.876709556603387030e-04	-4.512207668526028683e-05	-1.197551648183528281e-05	4.321273646898989712e-04	-1.056954447660506287e-02	5.818370137626097810e-03	8.161029477282489338e-04	-1.275650370101717989e-05	-1.197584333051519053e-04	-2.465927078641355933e-04	6.737891294176677134e-03	-2.462261433785249785e-04	5.818370137631380043e-03	1.966289808996019695e-05	-2.064628443083476586e-04	-5.824916628798582074e-03	-1.669044193137421075e-05	6.201999862383673293e-04	-1.607601280667313864e-02	-6.306221037187444839e-05	8.161029478041645531e-04	-2.064628443590575289e-04	0.000000000000000000e+00	1.593323956664878397e-04	2.599209510346922603e-05	2.465305224774953227e-06	1.641045183773381108e-04	2.675160682645257373e-04	-1.275650370421755158e-05	-5.824916628795407531e-03	1.593323956569150934e-04	1.055818725666270511e-02	-9.298648243001459085e-05	-8.027485635520423182e-04	6.731008961447152925e-03	1.876709556586904988e-04	-1.197584333443799662e-04	-1.669044185846090992e-05	2.599209510410264404e-05	-9.298648248237570109e-05	5.752218297252390775e-06	-2.763427756270733559e-05	-1.741983026733728845e-04	-4.512207668536640312e-05	-2.465927078721964196e-04	6.201999862107611568e-04	2.465305223823208796e-06	-8.027485634508615357e-04	-2.763427756356431271e-05	-3.117798908437327906e-05	5.737723996557286040e-05	-1.197551642016499927e-05	6.737891294174935472e-03	-1.607601280666564464e-02	1.641045183848675968e-04	6.731008961444370428e-03	-1.741983026549550815e-04	5.737723990495960282e-05	-3.375373843285266629e-05
-4.749411189664490697e-05	-8.008030649137611441e-06	3.611734007416471581e-06	-4.715315703748825877e-05	-1.017708220865953477e-05	8.735350539908636640e-05	-3.577336629412029086e-05	-5.264033388368508575e-08	4.209972705966124403e-04	-1.229511889422255761e-04	4.613206087753405202e-06	-3.118199848175771146e-04	4.275422518435261431e-05	-3.931606626919157028e-04	-5.060230957294021377e-05	1.483591736188290917e-04	-2.080504672707255732e-05	7.952672856552974855e-05	-2.645041919024230097e-05	9.259841286757435931e-04	-7.007305902928762055e-05	-3.569288794822214877e-04	9.846169999626779891e-04	-2.418611063705941437e-04	-9.554442464709977001e-05	-5.969416073879393989e-07	-4.025576373595718058e-06	-1.593323956664878397e-04	0.000000000000000000e+00	1.282541287328696424e-04	-3.864660857797442791e-05	1.554440795556596110e-05	-3.813683824053868548e-04	-2.129113122167807171e-05	-1.094823004405804610e-05	-3.403903542495076429e-16	1.398036076195029198e-04	-4.396098936036976963e-04	-3.138452623072910015e-04	1.433420228344992357e-04	7.314166344937492940e-05	-8.256632379697339036e-06	3.331607480806943331e-06	6.024465131029894840e-05	5.416546690354869010e-06	-1.152928553474679435e-05	-3.132522167544478749e-05	-6.863752245254356079e-06	4.853131000903767183e-06	-1.497785336220744875e-06	1.008169308994027200e-05	-6.102456361679082922e-05	-4.624148041655472640e-06	3.099303180082968966e-05	8.266298790525094706e-05	1.362255365073955889e-05	2.646895676864406341e-04	5.554542227876125887e-05	-1.621158321103215671e-04	1.065470067789434224e-03	7.131057362214933935e-05	-3.078547050561415596e-05	-9.930327516459622975e-04	1.028251934882535283e-05
5.971359000240895795e-06	-2.605237749244630578e-04	1.557067011279386962e-04	1.704566034604213995e-05	-1.303298604876887716e-04	-6.065161725724573601e-05	8.992500581962382925e-06	-2.658653538103631720e-05	-1.708516354369039902e-04	4.423363325361738888e-03	-2.425130368153218148e-03	-3.305198452189199573e-04	3.226639510922409853e-05	6.771166326346387534e-05	8.664204606306831892e-05	-2.831835867618376877e-03	9.212904240409245629e-05	-2.424845810995862605e-03	-6.723063601684147969e-05	6.533369238201628315e-05	2.450991558068224899e-03	1.452746368631392906e-06	-2.493728819038179686e-04	6.734003534985794071e-03	1.689052295703735718e-05	-3.370475176971061450e-04	9.128700401252312418e-05	-2.599209510346922603e-05	-1.282541287328696424e-04	0.000000000000000000e+00	2.968006136720894943e-06	-2.275256816458752572e-04	-1.061268382213072313e-04	3.412894543170010031e-05	2.448296574081202694e-03	-6.024465130221356491e-05	-4.424157280209268725e-03	3.119142492829875176e-05	3.474167958228809245e-04	-2.810079358418820714e-03	-6.013320655139864021e-05	2.819837885323020358e-05	4.613784578686102136e-05	-3.365795794895901473e-16	1.222661172201248807e-04	-4.661167159226437668e-06	-2.164026386899884999e-06	1.407758547405999871e-04	7.284377777175509720e-06	1.622602720334498654e-04	-4.022627908867785042e-04	1.001680371446956128e-06	3.434876722653781985e-04	-1.521418819143250349e-07	4.194262729039431695e-05	-3.280606326448993039e-05	7.660215537786828257e-06	-2.831348677855005658e-03	6.730966281875225971e-03	-6.068514077019896352e-05	-2.807751029739816336e-03	5.811051521922505560e-05	-2.134654458183385007e-06	9.060642411350933287e-05
-6.490436359279464131e-06	4.042620447178612360e-06	-8.688607194057920713e-06	-1.972040596963146566e-06	1.973602442539742319e-05	1.335778995176105477e-06	-3.400501351028469565e-08	9.721819168000742745e-06	-4.080849277167307524e-06	1.757340962523657867e-05	-6.827533821026405441e-05	8.661761014564952393e-06	-1.668579124903902329e-04	4.437968972021352223e-05	-3.934215739522846315e-06	5.605464205027164786e-05	-2.676416177037099401e-05	-6.692735322242958178e-05	3.618646540911815441e-04	-9.683336622198047495e-05	-6.759259346766707138e-05	2.992442183949469125e-05	-2.336762177116740843e-05	1.309956192874066919e-06	-3.450152844394803811e-06	-1.247512655191280555e-06	-1.594933942817657440e-05	-2.465305224774953227e-06	3.864660857797442791e-05	-2.968006136720894943e-06	0.000000000000000000e+00	3.823617734072287433e-05	5.995482427672565334e-05	-1.671072308661574607e-04	-6.951806637116489222e-05	6.102456361260686594e-05	1.662286682605865646e-05	-1.540986379297813882e-05	1.191830701913467066e-05	-5.809009202916995071e-05	3.952426460376896103e-06	7.477855037069766784e-07	3.772673644760265436e-07	-1.001680370872759057e-06	-2.177098850555914225e-05	9.070831284424257649e-06	-6.342877304050332092e-06	-1.406162949009197445e-05	-1.633381108217069955e-06	1.549298380558455793e-05	9.284262456697301620e-06	-6.841610184681601856e-17	1.919037709942563928e-06	-4.715059843249356430e-06	5.161072837255864995e-06	1.219627873044017014e-05	-1.422627481772903118e-05	5.797320586740406544e-05	-4.231829139340420645e-07	4.973145969798424342e-06	-5.844925961652079529e-05	-3.830403042782828461e-05	1.014770806706798438e-04	-4.509778887702085002e-04
-4.190653601921108789e-05	-4.185954153859404469e-05	1.551509563597467769e-05	-6.804664461459564823e-05	-4.779283047727125421e-06	1.629512608729044880e-04	-6.442900625976518336e-05	6.746959615173289904e-06	-2.512679900405480836e-04	-1.120009854877847049e-04	2.225269935293369773e-05	-4.327682940257347906e-04	8.074146551668203776e-05	-1.512420301982627269e-03	9.951568341082964002e-04	2.143033890347941233e-04	8.894190649071545378e-04	5.934368118566355768e-05	-9.451141300112391786e-05	2.549522814391096473e-03	-4.370200943292022728e-05	-4.959325408299671088e-04	9.373257379861887895e-05	-2.057506856981949884e-04	-5.892635878475771337e-05	-1.487326871875188552e-05	6.830675673382465701e-06	-1.641045183773381108e-04	-1.554440795556596110e-05	2.275256816458752572e-04	-3.823617734072287433e-05	0.000000000000000000e+00	-1.362050621564415889e-03	-9.206299155172262635e-06	1.264333536545374182e-04	-1.065470067791530638e-03	4.112332855390555056e-05	3.604963601498960973e-04	-4.316583565392501836e-04	8.047403571323301884e-05	4.181225459012791564e-05	5.644369856635108306e-07	-1.139459172558444816e-05	6.068514077187716618e-05	4.451517500273530849e-05	-3.941724106744354640e-05	-3.423769010858218197e-05	6.356615254316106669e-06	7.839713679402077401e-05	1.071839451076898600e-05	-5.827083223470871858e-06	-4.973145978696124288e-06	-1.429422347298278681e-05	-5.099978721804208654e-05	1.250505336043905493e-04	1.858382087656324322e-06	3.659737861643576947e-04	2.592092644349544542e-05	-3.640734648022590412e-05	-1.315753028177570755e-15	9.187772836268739493e-06	1.193500163981687286e-03	-2.849507102730430320e-03	2.099964019057344551e-05
-3.886376488933826565e-05	6.286448796671746404e-04	-3.450278825990180966e-04	-1.491531364815055268e-04	1.539855076131482758e-16	1.598936944152095068e-04	-6.403344435847825112e-05	2.054724873520604551e-04	2.672051358756294441e-08	-2.201257792192602941e-04	1.364795033768333317e-04	1.193947701045488383e-05	-2.465694863765064023e-05	2.078725527809345123e-06	-1.021313818178711892e-05	1.300671041717166765e-04	-4.281899948268090008e-06	5.616098620059523181e-05	3.223562487967210740e-06	-3.121909332370180094e-05	-1.160584897464502548e-04	1.470376477003367426e-05	8.641384994613406393e-07	-3.506652572546937888e-04	-8.152019320529536872e-05	-2.432594716562916154e-04	2.713405144897624395e-04	-2.675160682645257373e-04	3.813683824053868548e-04	1.061268382213072313e-04	-5.995482427672565334e-05	1.362050621564415889e-03	0.000000000000000000e+00	2.376062756237351677e-05	-1.332853032064514238e-04	1.017708220842159644e-05	2.668983795066953886e-04	-4.878763360881060648e-06	5.489164664766212065e-06	1.531535155231876987e-04	1.350373471640910824e-04	3.970344803014390497e-05	-2.785453389697087985e-04	1.303298605023808223e-04	-6.916080472643907750e-04	-7.520661192785831100e-06	5.956500707539315385e-07	-4.679943543635445356e-04	-6.803847950232196442e-05	-4.220577179473952072e-04	1.225754362181008181e-03	-1.973602442219131540e-05	-2.477143796530644729e-04	-8.179774902282590339e-05	1.855586745454833276e-04	-2.468925626205913581e-04	-8.659573929806216802e-06	1.782271561582349836e-04	-3.919790787751582534e-04	4.779283047244384404e-06	2.213732110117994740e-04	-1.701706527882797696e-05	4.567127531961430562e-05	2.762913628513454155e-06
6.320192167788416708e-05	1.293457125613847096e-05	-2.725305654083795816e-05	-1.968986191710345911e-05	2.465694864177373234e-05	-9.213815073654044248e-07	2.027608132060733929e-05	-8.953446776625825176e-07	-3.775720448141526425e-05	-2.867159445322224467e-06	3.926865779840317774e-06	1.405882231171618342e-05	-6.954180822012667744e-17	-3.598557435527895598e-05	4.434782877896388791e-05	-6.718186401434726969e-07	2.808165908181178887e-05	3.296279681404024532e-06	-6.029229687457237306e-06	2.946484238681309716e-05	4.582764617437675326e-07	2.119577334434557279e-06	-6.783667259521936662e-05	-4.234914773283534973e-06	-1.999640490648978272e-05	9.840983706229616514e-06	-4.285597269258189785e-05	1.275650370421755158e-05	2.129113122167807171e-05	-3.412894543170010031e-05	1.671072308661574607e-04	9.206299155172262635e-06	-2.376062756237351677e-05	0.000000000000000000e+00	1.316006114236852146e-06	-4.275422518768152156e-05	1.593040810087015539e-06	5.221981277184620034e-05	7.891300959199855656e-06	3.256368117880169863e-06	-5.377153171046802818e-08	2.037037646113464847e-05	4.358965083112122360e-06	-3.226639511055099936e-05	-6.484227637356343254e-06	-7.476690238567332801e-05	-3.263100332789878127e-05	-1.049952386875515760e-05	2.035462907998673328e-05	-1.983124421520759332e-05	9.790131413047140774e-06	1.668579124901068225e-04	3.854545857218555585e-06	-3.387303970092568541e-05	1.087037968655747255e-05	3.635049041944090649e-05	1.667962421053618147e-06	-2.829821030731666684e-07	-2.480575736458444392e-06	-8.074146551653266181e-05	2.837310088182354853e-06	6.377870381938687059e-05	-4.788211126229892107e-05	9.110857594973977350e-06
2.595094997593748053e-05	-1.369468096825430582e-04	-7.872812561980278395e-06	2.100927259376823234e-03	1.160584897590494701e-04	-3.821125026257974830e-03	2.113970884843375392e-03	1.909712718630825136e-04	-5.444127032824407926e-05	-2.185844585172113611e-05	-7.209620355815684058e-06	-7.581273452022282804e-05	-4.582764623692702357e-07	9.168117057966893913e-06	-2.937324568139565613e-05	-1.266734347676194805e-05	-6.032606620984527589e-05	-4.875799906167455292e-06	6.869800749536031172e-06	-1.825623411339232925e-04	1.661394774941818246e-16	3.586987161654387607e-04	-1.143332305286079263e-05	6.837186388343135623e-05	2.099158378715239130e-03	-4.425080270878901034e-05	-1.889169159967597441e-04	5.824916628795407531e-03	1.094823004405804610e-05	-2.448296574081202694e-03	6.951806637116489222e-05	-1.264333536545374182e-04	1.332853032064514238e-04	-1.316006114236852146e-06	0.000000000000000000e+00	7.007305903342764654e-05	3.166718848622834120e-05	-8.055372031798031102e-05	-8.722903431332032053e-05	-1.538806351544233161e-05	-3.822539285680942242e-03	-6.589533989722257923e-06	3.824765112994218301e-04	-2.450991558068024538e-03	3.362739000371839443e-06	-3.074052714638679745e-05	2.419306761670791950e-03	3.160022593748486265e-05	2.114262748687499582e-03	3.186329888571511732e-05	-1.621246189301264241e-04	6.759259346801958616e-05	-5.008940997908335068e-05	2.421777785768006175e-03	-5.807793898153010628e-03	2.387591701418028637e-05	2.081944065102810364e-04	-1.444842153872874777e-05	6.852084903194662383e-05	4.370200941344815277e-05	-1.679064377538913783e-05	-3.362313842133525938e-05	1.596864678579736513e-05	-3.479871316893057383e-06
-4.749411190006425022e-05	4.209972705964944791e-04	-2.080504672733777351e-05	-9.554442464449948728e-05	-3.813683824047903810e-04	7.314166343756967536e-05	4.853131010455133466e-06	2.646895676873600375e-04	-8.008030648661368861e-06	-1.229511889368969393e-04	7.952672856247918311e-05	-5.969416068696441736e-07	-2.129113121716629989e-05	-8.256632379913864375e-06	-1.497785336601211746e-06	5.554542228376750819e-05	3.611734007245779195e-06	4.613206081532836742e-06	-2.645041918531438187e-05	-4.025576373955017575e-06	-1.094823004575851387e-05	3.331607481910939817e-06	1.008169308989054439e-05	-1.621158321155654193e-04	-4.715315703654876370e-05	-3.118199848200421025e-04	9.259841286758847562e-04	-1.593323956569150934e-04	3.403903542495076429e-16	6.024465130221356491e-05	-6.102456361260686594e-05	1.065470067791530638e-03	-1.017708220842159644e-05	4.275422518768152156e-05	-7.007305903342764654e-05	0.000000000000000000e+00	1.398036076142261078e-04	5.416546690016231166e-06	-4.624148041148901198e-06	7.131057362184413644e-05	8.735350538497868708e-05	-3.931606626906815555e-04	-3.569288794830499266e-04	1.282541287208418016e-04	-4.396098936036769338e-04	-1.152928553078940899e-05	3.099303180594660892e-05	-3.078547050632961420e-05	-3.577336628634206184e-05	-5.060230957316471138e-05	9.846169999636932360e-04	-3.864660857125671125e-05	-3.138452623084754924e-04	-3.132522167780130769e-05	8.266298789730489711e-05	-9.930327516464222161e-04	-5.264033397856045208e-08	1.483591736195521461e-04	-2.418611063728392282e-04	1.554440795522529461e-05	1.433420228261713162e-04	-6.863752245350817038e-06	1.362255365175165654e-05	1.028251934451416011e-05
-5.305014865162931083e-06	1.126310313241394082e-04	1.134074820912367703e-04	-3.821147468658464032e-03	-2.668983795352716511e-04	6.934822870689487731e-03	-3.823240236461258445e-03	-3.808660523775580153e-04	1.126310313052976820e-04	-1.956822538719890111e-05	4.420984987303523803e-05	9.849579849641269249e-05	-1.593040808945417779e-06	-5.905377874859684979e-05	6.641047487687332107e-05	6.343582594109376232e-05	1.134074820818477692e-04	4.420984987205405539e-05	-9.001181061109643454e-06	3.966137346564206916e-04	-3.166718848638662117e-05	-6.484474132726614475e-04	6.043508405748415153e-05	-2.128348079794149166e-04	-3.821147468657715065e-03	9.849579854361174001e-05	3.966137346372579061e-04	-1.055818725666270511e-02	-1.398036076195029198e-04	4.424157280209268725e-03	-1.662286682605865646e-05	-4.112332855390555056e-05	-2.668983795066953886e-04	-1.593040810087015539e-06	-3.166718848622834120e-05	-1.398036076142261078e-04	0.000000000000000000e+00	1.421658104400090800e-04	1.088517130222347256e-04	6.500902070346106787e-05	6.934822870688943028e-03	-5.905377877968635386e-05	-6.484474132070641803e-04	4.424157280211274065e-03	1.421658104092004182e-04	7.766170002295640432e-06	-4.415728275986265799e-03	8.869774272108807683e-05	-3.823240236461314823e-03	6.641047488822341349e-05	6.043508400214592376e-05	-1.662286682654351167e-05	1.088517130870436558e-04	-4.415728275985516399e-03	1.054896692758708343e-02	-1.160461480843556976e-04	-3.808660523156680148e-04	6.343582594003972807e-05	-2.128348079798963836e-04	-4.112332850665966551e-05	6.500902070417761709e-05	8.869774271627996545e-05	-1.160461481123046813e-04	1.858182435877872330e-06
3.060257343602663883e-05	-4.051030508045950151e-05	-3.589331199902835246e-04	4.646423435137919840e-05	6.916080472642695612e-04	-2.305147815658703812e-05	-4.591225800492043738e-05	-2.380912377701725909e-04	-3.521845609890873527e-07	1.663887619243059352e-04	-1.000063137747100493e-04	1.273476184954494417e-05	6.484227634838709766e-06	-1.360013675586980972e-06	1.095428818735079606e-05	-7.520168126268013983e-05	4.109837016113770543e-06	-5.355026179800760307e-05	5.822961645767463516e-05	-7.471228399335384318e-06	-3.362738978896734034e-06	1.409753040955151988e-05	-3.919157161175009825e-05	1.899939714070709746e-04	3.380140299185692291e-05	2.834415021490511262e-04	-1.365559279539734373e-03	9.298648243001459085e-05	4.396098936036976963e-04	-3.119142492829875176e-05	1.540986379297813882e-05	-3.604963601498960973e-04	4.878763360881060648e-06	-5.221981277184620034e-05	8.055372031798031102e-05	-5.416546690016231166e-06	-1.421658104400090800e-04	0.000000000000000000e+00	1.481592176329196904e-05	-8.397329609901221575e-05	-7.716065430993559180e-05	7.551497845315227435e-04	3.290956689367679090e-04	-1.222661171887547376e-04	-9.018486844358623855e-17	2.331908549626895749e-05	-1.335936894145496113e-06	-4.809912574050089862e-04	2.632909909230379486e-05	-3.915522565955467660e-04	-3.744486806130216611e-04	2.177098849558338451e-05	2.838559282106564068e-04	1.268366295514710398e-05	-5.096930730699992162e-05	1.509627034839372637e-03	-5.190008463409027301e-06	-1.905528374271960837e-04	2.866178650882286695e-04	-4.451517500214212793e-05	-1.307683550753840722e-04	1.491839637075525050e-05	-2.220014795475566981e-06	-2.468269592365829511e-05
-1.662240715511123120e-06	2.432235577896128234e-04	-2.729872336274125890e-04	2.813235658822937045e-04	2.477143796534302827e-04	-5.328349169414175850e-04	2.701967829748345984e-04	7.122414995840798001e-06	1.093681411249163697e-05	1.722826570499544580e-04	-8.102200850359185785e-05	-7.789356198748634025e-06	-3.854545855497659075e-06	-4.904907578614157757e-06	-4.984160173467825524e-06	-1.047912384480313599e-04	-5.684437799122986380e-06	-9.738731800132901270e-05	6.013250200154239902e-06	-1.198823604654749621e-06	5.008940994241427118e-05	1.102244286539727166e-05	1.559445812152134323e-05	1.968070595626968036e-04	2.905919732287339137e-04	-7.600703501844131668e-06	-3.796305490087712202e-04	8.027485635520423182e-04	3.138452623072910015e-04	-3.474167958228809245e-04	-1.191830701913467066e-05	4.316583565392501836e-04	-5.489164664766212065e-06	-7.891300959199855656e-06	8.722903431332032053e-05	4.624148041148901198e-06	-1.088517130222347256e-04	-1.481592176329196904e-05	0.000000000000000000e+00	-6.981285929875960462e-05	-5.224275009726990927e-04	2.873459915822532042e-04	7.273006184050788158e-06	-3.434876723078483492e-04	-2.838559282092169116e-04	3.617616522370201150e-06	3.583351479821502328e-04	-3.609565005010654019e-04	2.949703995157367670e-04	-3.141028315856184226e-04	3.737505335279553810e-04	-1.919037708481724321e-06	-1.747645810620118700e-15	3.371194829057535614e-04	-7.988688035862185049e-04	4.295289096520313104e-04	4.719669668437035519e-06	-1.242771150312616457e-04	2.388517976101488748e-04	1.429422347174400112e-05	-7.039011237015854283e-05	-2.439798728661433167e-06	-8.478154315541004994e-06	1.535613782659605626e-05
2.254255497884512195e-05	3.971550328965243461e-05	1.147505187628671604e-04	-2.446167446147140892e-03	-2.213732110378465096e-04	4.424195635089049616e-03	-2.429993212893232640e-03	-2.360547438829680821e-04	8.638977677262948355e-05	5.261246756517835784e-05	-8.652024465556091149e-06	6.767458081918346902e-05	-2.837310087325453972e-06	-2.430390965332212378e-05	2.624974020350753944e-05	-1.062930425629504890e-06	5.366294286189058856e-05	-7.331023950107251780e-06	-3.932036911695372083e-06	2.247757545577026448e-04	1.679064377503108684e-05	-4.117327514592981560e-04	5.115485741305501649e-05	-3.575887710674253419e-05	-2.446176070867714901e-03	6.184006442118971400e-05	3.330367350021887652e-04	-6.731008961447152925e-03	-1.433420228344992357e-04	2.810079358418820714e-03	5.809009202916995071e-05	-8.047403571323301884e-05	-1.531535155231876987e-04	-3.256368117880169863e-06	1.538806351544233161e-05	-7.131057362184413644e-05	-6.500902070346106787e-05	8.397329609901221575e-05	6.981285929875960462e-05	0.000000000000000000e+00	4.424160746872374608e-03	-9.238812566308780198e-05	-4.237809758854467371e-04	2.807751029742338623e-03	1.307683550552956220e-04	-2.595037982857560194e-05	-2.831864873603373578e-03	1.212874013145412021e-04	-2.431031508747198613e-03	9.455804134881351801e-05	-6.828871174745011852e-06	5.844925961650099505e-05	7.039011241009503499e-05	-2.829418458447048763e-03	6.735107290331013297e-03	-1.663310147061819954e-04	-2.439753507919344621e-04	-8.955944860067784425e-07	-3.764960311353736117e-05	-9.187772815311599390e-06	4.754461577991800011e-16	4.517915207772966373e-05	-5.061790205892892998e-05	-9.139167728053565015e-07
4.874515320382399979e-06	-2.527220261244820642e-04	1.361459875210017717e-04	-2.644057991195122078e-05	-1.598936943913390070e-04	-1.474284138102159233e-15	-4.020295943274008880e-05	2.546711690382558744e-05	-3.035663887126252526e-04	6.944160928248293771e-03	-3.824317509846012451e-03	-5.399194293703821635e-04	9.213815052292428125e-07	1.220535644604196540e-04	1.521068902258310368e-04	-4.424861323866562460e-03	1.504782473381479334e-04	-3.825114180187121418e-03	4.745744674976142154e-06	4.820921712581981118e-05	3.821125026259713023e-03	6.533316728393624825e-05	-4.637349522900139232e-04	1.056033509273779716e-02	-2.597680888008693445e-05	-5.296442049518150811e-04	1.189852545653663453e-04	-1.876709556586904988e-04	-7.314166344937492940e-05	6.013320655139864021e-05	-3.952426460376896103e-06	-4.181225459012791564e-05	-1.350373471640910824e-04	5.377153171046802818e-08	3.822539285680942242e-03	-8.735350538497868708e-05	-6.934822870688943028e-03	7.716065430993559180e-05	5.224275009726990927e-04	-4.424160746872374608e-03	0.000000000000000000e+00	9.820473156754422458e-05	-9.312903246970418054e-06	6.065161725656974950e-05	2.305147819336539843e-05	-2.182083062167459690e-06	-5.978356783538623515e-05	7.760190581591419699e-05	-3.880204924776866981e-05	1.330593399407521303e-04	-3.531206902125981831e-04	-1.335778994797839832e-06	5.328349168746155523e-04	-6.189725721810851412e-05	2.082575005835586492e-04	-1.628101504092955681e-05	-3.991846947466640394e-05	-4.424359827492322164e-03	1.056066967186041969e-02	-1.629512608776235321e-04	-4.424195635086964479e-03	9.692933814738443525e-05	5.842445228557561804e-05	2.204870963573187694e-06
-3.601528883940240122e-05	-8.001918875397350948e-07	-4.425925142091669493e-06	5.637927555557324932e-05	-2.078725528581580826e-06	-1.220535644754238466e-04	8.342601702859725227e-05	-1.194646854305550672e-05	6.938549412319470252e-04	-1.102377718344931640e-05	-7.079006409264383551e-05	-2.814243116977871093e-04	3.598557435173362843e-05	-5.017933293817618268e-16	-4.401837640311820950e-04	5.313094079666926190e-05	-3.600542824297725542e-04	2.771001377361622379e-05	-1.521996609947429263e-05	3.730554959680760282e-04	-9.168117066656821760e-06	-3.290446297420501352e-04	1.367312004255966541e-03	-8.262247203925549856e-05	-1.182516580099754256e-05	1.341886453261172810e-05	-3.507164855029458781e-05	1.197584333443799662e-04	8.256632379697339036e-06	-2.819837885323020358e-05	-7.477855037069766784e-07	-5.644369856635108306e-07	-3.970344803014390497e-05	-2.037037646113464847e-05	6.589533989722257923e-06	3.931606626906815555e-04	5.905377877968635386e-05	-7.551497845315227435e-04	-2.873459915822532042e-04	9.238812566308780198e-05	-9.820473156754422458e-05	0.000000000000000000e+00	1.351313807761525022e-05	-6.771166327703529472e-05	1.360013675355824410e-06	-1.934743343322391918e-05	7.893008860925855314e-05	-1.237049136741251616e-05	8.560650383061319587e-05	-8.373834634617210293e-06	-6.091340126079184554e-07	-4.437968972141494021e-05	4.904907578939342175e-06	1.774244094614868257e-04	-2.087915046495422613e-04	4.307771868450984744e-05	2.386435038435657716e-04	-1.561016006015211486e-05	-3.188757171713442419e-05	1.512420301980768730e-03	2.430390967310661453e-05	-4.822381458940734741e-04	-3.624893534433348396e-04	2.356705298015317930e-05
-9.861824658200155205e-06	1.528824833784411398e-05	1.137837687075667945e-06	1.859912580868125501e-05	-1.470376476958168562e-05	-6.533316723220008570e-05	2.806033359668266619e-05	-4.133295318226943893e-06	2.851282037689709331e-04	-6.529470397866291454e-04	3.287823183127853207e-04	3.213048392260382777e-06	-2.119577334504553117e-06	3.290446297420357154e-04	-3.648034626301211933e-04	3.998769230158966429e-04	-3.097361500957697606e-04	3.593059699054802335e-04	2.149082014420887615e-05	-4.218600102230975722e-04	-3.586987161307552416e-04	-1.537313977289719857e-15	4.379069846297230294e-04	-9.994684232400130163e-04	-1.552367611046822379e-05	2.366477636232094121e-06	2.163247545293091746e-05	1.669044185846090992e-05	-3.331607480806943331e-06	-4.613784578686102136e-05	-3.772673644760265436e-07	1.139459172558444816e-05	2.785453389697087985e-04	-4.358965083112122360e-06	-3.824765112994218301e-04	3.569288794830499266e-04	6.484474132070641803e-04	-3.290956689367679090e-04	-7.273006184050788158e-06	4.237809758854467371e-04	9.312903246970418054e-06	-1.351313807761525022e-05	0.000000000000000000e+00	-1.452746338793452858e-06	-1.409753041018750271e-05	7.952191443228121483e-06	1.259130378407605531e-05	-1.457911193427971334e-06	-6.196519269684432483e-06	-3.898935185861408898e-06	2.277637310411847281e-05	-2.992442183922814015e-05	-1.102244286365591084e-05	6.166562820154429124e-05	-6.254106464381129632e-05	-1.242530614080705649e-05	-5.321681404362973208e-06	4.138017404423249574e-04	-9.958084966499849630e-04	4.959325408310841623e-04	4.117327514148177861e-04	-4.207638063249523330e-04	5.029626196704252428e-04	-8.356576848260004853e-06
5.971359000411301036e-06	-1.708516354551497846e-04	9.212904240867253285e-05	1.689052295746337409e-05	-1.061268382046586293e-04	-6.013320655186685969e-05	7.284377776942823840e-06	7.660215562786036689e-06	-2.605237749020728735e-04	4.423363325363758973e-03	-2.424845810994714218e-03	-3.370475176656230281e-04	3.412894543029498784e-05	2.819837884254920959e-05	1.622602720223472014e-04	-2.831348677857102071e-03	1.557067011198131159e-04	-2.425130368156608665e-03	-6.723063601688585066e-05	9.128700398508744242e-05	2.448296574083591408e-03	4.613784581603425907e-05	-4.022627908866674277e-04	6.730966281881993127e-03	1.704566034562888952e-05	-3.305198452534609038e-04	6.533369240833739153e-05	-2.599209510410264404e-05	-6.024465131029894840e-05	3.365795794895901473e-16	1.001680370872759057e-06	-6.068514077187716618e-05	-1.303298605023808223e-04	3.226639511055099936e-05	2.450991558068024538e-03	-1.282541287208418016e-04	-4.424157280211274065e-03	1.222661171887547376e-04	3.434876723078483492e-04	-2.807751029742338623e-03	-6.065161725656974950e-05	6.771166327703529472e-05	1.452746338793452858e-06	0.000000000000000000e+00	3.119142495455001042e-05	-4.661167159498531755e-06	-1.521418822392553438e-07	5.811051523097670939e-05	8.992500582005923807e-06	8.664204607026330138e-05	-2.493728818970147084e-04	2.968006136899050536e-06	3.474167957787962883e-04	-2.164026386017223305e-06	4.194262729012094892e-05	-2.134654487913709519e-06	-2.658653540499931296e-05	-2.831835867619035205e-03	6.734003534986361325e-03	-2.275256816340911993e-04	-2.810079358419226639e-03	1.407758547228840423e-04	-3.280606323180546328e-05	9.060642411337063631e-05
3.060257343232000910e-05	-3.521845608950709307e-07	4.109837016034264642e-06	3.380140300535240748e-05	4.878763361188389613e-06	-7.716065434705470330e-05	2.632909911445889027e-05	-5.190008462656009928e-06	-4.051030508084017844e-05	1.663887618927050198e-04	-5.355026177956193599e-05	2.834415021467421008e-04	-5.221981277065371348e-05	7.551497845320980212e-04	-3.915522565953823467e-04	-1.905528374036359910e-04	-3.589331199901896327e-04	-1.000063137556661194e-04	5.822961645976047751e-05	-1.365559279539665851e-03	8.055372029571735782e-05	3.290956689378381249e-04	-3.744486806128641265e-04	2.866178650271598979e-04	4.646423436784492258e-05	1.273476184905495594e-05	-7.471228399219723664e-06	9.298648248237570109e-05	-5.416546690354869010e-06	-1.222661172201248807e-04	2.177098850555914225e-05	-4.451517500273530849e-05	6.916080472643907750e-04	6.484227637356343254e-06	-3.362739000371839443e-06	4.396098936036769338e-04	-1.421658104092004182e-04	9.018486844358623855e-17	2.838559282092169116e-04	-1.307683550552956220e-04	-2.305147819336539843e-05	-1.360013675355824410e-06	1.409753041018750271e-05	-3.119142495455001042e-05	0.000000000000000000e+00	2.331908550083405511e-05	1.268366296820818093e-05	1.491839637040529715e-05	-4.591225797766126373e-05	1.095428818659305564e-05	-3.919157161105896680e-05	1.540986380136839996e-05	1.481592176310190839e-05	-1.335936873872411347e-06	-5.096930735779021943e-05	-2.220014794454149855e-06	-2.380912377701849508e-04	-7.520168123542682087e-05	1.899939713431601296e-04	-3.604963601497861050e-04	-8.397329607444487215e-05	-4.809912574049292431e-04	1.509627034838813622e-03	-2.468269592494111295e-05
-5.884477148581286795e-07	2.726762973176035437e-05	-2.117898799480095464e-05	2.845564979214437859e-07	7.520661194350433090e-06	2.182083061964862538e-06	-2.530687567089954555e-06	1.907047138973983295e-06	2.726762972769103868e-05	-8.153363058645289368e-06	3.081830988917093968e-05	-2.236919725513835601e-06	7.476690238573802777e-05	1.934743343114277278e-05	-3.638675395657656067e-05	-2.596458344198856024e-05	-2.117898799135048123e-05	3.081830988923486017e-05	-1.627437753320912510e-04	-1.220454719687950003e-05	3.074052714642000114e-05	-7.952191439023028111e-06	4.552612872253155977e-05	-2.945301322279682571e-07	2.845564977996296484e-07	-2.236919726110919289e-06	-1.220454719710999803e-05	-5.752218297252390775e-06	1.152928553474679435e-05	4.661167159226437668e-06	-9.070831284424257649e-06	3.941724106744354640e-05	7.520661192785831100e-06	7.476690238567332801e-05	3.074052714638679745e-05	1.152928553078940899e-05	-7.766170002295640432e-06	-2.331908549626895749e-05	-3.617616522370201150e-06	2.595037982857560194e-05	2.182083062167459690e-06	1.934743343322391918e-05	-7.952191443228121483e-06	4.661167159498531755e-06	-2.331908550083405511e-05	0.000000000000000000e+00	2.417111767958787219e-06	-2.760527018105586345e-05	-2.530687567123577528e-06	-3.638675396065499043e-05	4.552612873270550967e-05	-9.070831284313032059e-06	-3.617616522804294524e-06	2.417111767824807782e-06	1.484242940360210957e-06	1.851155144274845840e-05	1.907047135652646619e-06	-2.596458344201561786e-05	-2.945301321454846122e-07	3.941724105595925687e-05	2.595037982871799834e-05	-2.760527017628753552e-05	1.851155144210101691e-05	2.022530488306822851e-04
-5.067412081682086049e-07	1.693127185950116958e-04	-8.057221828062797520e-05	-1.663481303150273174e-05	8.179774900113242738e-05	6.189725722013870979e-05	-7.946195678869578458e-06	-5.200462173965318044e-06	1.533805270987175634e-04	-4.428662258176691707e-03	2.449928413096989430e-03	3.208072468382216222e-04	3.387303970235033384e-05	-1.774244094474013590e-04	-2.207489443002099677e-05	2.811126820379651527e-03	-2.552067881243938065e-05	2.450821330814245518e-03	-7.623723681707473459e-05	1.276680272380605735e-04	-2.421777785769647223e-03	-6.166562823757554138e-05	2.573451763392401630e-04	-6.731873113712424223e-03	-1.705700253981205252e-05	3.448058402619682975e-04	-4.396934514362251596e-05	2.763427756270733559e-05	3.132522167544478749e-05	2.164026386899884999e-06	6.342877304050332092e-06	3.423769010858218197e-05	-5.956500707539315385e-07	3.263100332789878127e-05	-2.419306761670791950e-03	-3.099303180594660892e-05	4.415728275986265799e-03	1.335936894145496113e-06	-3.583351479821502328e-04	2.831864873603373578e-03	5.978356783538623515e-05	-7.893008860925855314e-05	-1.259130378407605531e-05	1.521418822392553438e-07	-1.268366296820818093e-05	-2.417111767958787219e-06	0.000000000000000000e+00	-3.867889331440881880e-05	-6.456181753918944667e-06	-8.366031297273160200e-05	2.411117651988835210e-04	4.715059842782722592e-06	-3.371194828641048023e-04	-4.496883093896503550e-16	-3.949488122779406293e-05	-2.464172443788083838e-05	3.837544236916463956e-05	2.807905959293497365e-03	-6.727678114882035265e-03	5.099978722531700180e-05	2.829418458446166657e-03	3.257130965784973324e-05	-2.116166701106459022e-04	8.730665039063375881e-05
4.292414140394623483e-05	1.409602503749605499e-05	-9.031524990364615569e-06	5.527951859670736314e-05	1.701706527954675218e-05	-9.692933816819539780e-05	3.365460769094313920e-05	4.608276621414531354e-06	-4.660351304819573305e-04	7.481808419745620479e-05	2.890302513713912611e-05	3.619520252958094127e-04	-6.377870381578693991e-05	4.822381458953960923e-04	2.915793584193954150e-05	-1.276421148586069686e-04	-1.387959979826908158e-06	-6.188732616895553152e-05	6.217879818299560974e-05	-1.111227478504378486e-03	3.362313841495171416e-05	4.207638063250310461e-04	-1.106779201914770937e-03	1.764085902100984279e-04	1.078856291002339846e-04	7.782302411121058977e-07	-1.142196766413840147e-06	1.741983026733728845e-04	6.863752245254356079e-06	-1.407758547405999871e-04	1.406162949009197445e-05	-6.356615254316106669e-06	4.679943543635445356e-04	1.049952386875515760e-05	-3.160022593748486265e-05	3.078547050632961420e-05	-8.869774272108807683e-05	4.809912574050089862e-04	3.609565005010654019e-04	-1.212874013145412021e-04	-7.760190581591419699e-05	1.237049136741251616e-05	1.457911193427971334e-06	-5.811051523097670939e-05	-1.491839637040529715e-05	2.760527018105586345e-05	3.867889331440881880e-05	0.000000000000000000e+00	-1.439019253500024100e-05	-3.857774418575904364e-06	-2.757152531572873276e-06	3.830403043273751139e-05	2.439798728820598281e-06	-3.257130964970963820e-05	-9.130995437066233506e-05	-9.457866352744067226e-06	-3.037048270719366720e-04	-1.168601780713337838e-05	8.242210518076846428e-05	-1.193500163980526756e-03	-4.517915207743692914e-05	-3.518913676073265329e-16	1.194414084212874500e-03	-4.952501837866899988e-05
-3.714316081882457931e-06	9.078406547794838426e-05	-3.377355224773954592e-05	-6.759342375420745724e-06	6.403344434432071204e-05	4.020295943343453384e-05	9.653197748493832966e-17	-1.305807105264393138e-05	1.495770250139230562e-04	-3.824829572318547664e-03	2.098806715720672768e-03	2.912208718411533285e-04	-2.027608131942881152e-05	-8.342601701848416677e-05	-6.298976451141470828e-05	2.446370369189966587e-03	-6.761477632976905865e-05	2.099782672762821271e-03	4.163614290434983136e-05	-1.020612890309156164e-05	-2.113970884844449186e-03	-2.806033362402784418e-05	2.294627354872278086e-04	-5.819537606507182645e-03	-6.999278886710729160e-06	3.183556364091230835e-04	-4.262385915108874790e-05	4.512207668536640312e-05	-4.853131000903767183e-06	-7.284377777175509720e-06	1.633381108217069955e-06	-7.839713679402077401e-05	6.803847950232196442e-05	-2.035462907998673328e-05	-2.114262748687499582e-03	3.577336628634206184e-05	3.823240236461314823e-03	-2.632909909230379486e-05	-2.949703995157367670e-04	2.431031508747198613e-03	3.880204924776866981e-05	-8.560650383061319587e-05	6.196519269684432483e-06	-8.992500582005923807e-06	4.591225797766126373e-05	2.530687567123577528e-06	6.456181753918944667e-06	1.439019253500024100e-05	0.000000000000000000e+00	-2.180789432434783681e-05	1.051931830257605432e-04	3.400501326307264413e-08	-2.701967829414621508e-04	7.946195678437423943e-06	-5.346155625869132566e-05	-2.220604753251604352e-05	1.657225901168283582e-05	2.445178292716601066e-03	-5.819494862925846806e-03	6.442900625996904047e-05	2.429993212892287216e-03	-3.365460767996844501e-05	-4.929158714732186411e-05	-5.585902756593840487e-05
2.637163852236306441e-05	7.944452896005416075e-06	-3.953341966733326285e-06	9.048846101457958446e-05	1.021313818222849763e-05	-1.521068902381595539e-04	6.298976451824724195e-05	4.046132176190065657e-06	-3.844604405174069915e-04	5.452957807615578393e-05	3.201989178192077604e-05	3.059573228549636683e-04	-4.434782877596581818e-05	4.401837640315262208e-04	1.883106707676815428e-16	-1.075568681967656445e-04	-2.197836079864647822e-05	-4.182298467376538388e-05	3.073582960481115428e-05	-9.869673175337968351e-04	2.937324568035800011e-05	3.648034626304017848e-04	-9.256993324444134572e-04	1.382829395450822123e-04	1.317377124827298672e-04	-5.244773389890499380e-06	4.469545467300834780e-06	2.465927078721964196e-04	1.497785336220744875e-06	-1.622602720334498654e-04	-1.549298380558455793e-05	-1.071839451076898600e-05	4.220577179473952072e-04	1.983124421520759332e-05	-3.186329888571511732e-05	5.060230957316471138e-05	-6.641047488822341349e-05	3.915522565955467660e-04	3.141028315856184226e-04	-9.455804134881351801e-05	-1.330593399407521303e-04	8.373834634617210293e-06	3.898935185861408898e-06	-8.664204607026330138e-05	-1.095428818659305564e-05	3.638675396065499043e-05	8.366031297273160200e-05	3.857774418575904364e-06	2.180789432434783681e-05	0.000000000000000000e+00	-7.361039228296391984e-06	3.934215744254476544e-06	4.984160172842539026e-06	2.207489443385307208e-05	-1.800679738905703567e-04	-1.289059816662603379e-05	-2.612042181503340752e-04	-9.351748612382974427e-06	5.567347703778033785e-05	-9.951568341080791261e-04	-2.624974020780470360e-05	-2.915793584201880007e-05	1.064757812442413201e-03	-1.246452855224259200e-05
-2.613682982435253847e-05	-3.030853305985612179e-05	1.057566765911667786e-05	-2.417077849339883803e-04	-8.641385003117867058e-07	4.637349522711586717e-04	-2.294627354797097881e-04	2.709417190611758689e-06	-2.651742286355324553e-04	-6.370994177397633708e-06	-2.763357480899376965e-05	-3.589023603770914771e-04	6.783667259545120970e-05	-1.367312004255887177e-03	9.256993324437722600e-04	1.336293045423894797e-04	8.240290496837028925e-04	1.449309683367122834e-06	-7.883471781964756478e-05	2.276929310195619643e-03	1.143332302815502352e-05	-4.379069846287533189e-04	3.993747640809817284e-16	-3.789929334200890445e-05	-2.249002569192963758e-04	-3.571235825851167359e-07	4.759183184716701774e-06	-6.201999862107611568e-04	-1.008169308994027200e-05	4.022627908867785042e-04	-9.284262456697301620e-06	5.827083223470871858e-06	-1.225754362181008181e-03	-9.790131413047140774e-06	1.621246189301264241e-04	-9.846169999636932360e-04	-6.043508400214592376e-05	3.744486806130216611e-04	-3.737505335279553810e-04	6.828871174745011852e-06	3.531206902125981831e-04	6.091340126079184554e-07	-2.277637310411847281e-05	2.493728818970147084e-04	3.919157161105896680e-05	-4.552612873270550967e-05	-2.411117651988835210e-04	2.757152531572873276e-06	-1.051931830257605432e-04	7.361039228296391984e-06	0.000000000000000000e+00	2.336762176303880593e-05	-1.559445812120006025e-05	-2.573451763243253358e-04	5.934140564986793319e-04	3.995156827475720464e-06	3.102655714355430881e-04	-3.403283103972045331e-05	1.117700330245222399e-04	-9.373257379938259096e-05	-5.115485738492152865e-05	1.106779201914911016e-03	-2.547225235299440706e-03	1.061841366186348673e-05
-6.490436359204160361e-06	-4.080849269541818878e-06	-2.676416177425289857e-05	-3.450152844081354610e-06	5.995482427756746179e-05	3.952426459420142743e-06	-1.633381107839441492e-06	-1.422627481701855688e-05	4.042620438217971090e-06	1.757340962478279940e-05	-6.692735322230255394e-05	-1.247512657032863378e-06	-1.671072308661847284e-04	7.477854998626876835e-07	1.549298381275796476e-05	5.797320586745546340e-05	-8.688607188013642679e-06	-6.827533821019318824e-05	3.618646540911279845e-04	-1.594933942345319681e-05	-6.951806637115254587e-05	3.772673651620598623e-07	9.284262447197196924e-06	-4.231829142402160994e-07	-1.972040596495827478e-06	8.661761015043283757e-06	-9.683336622272824918e-05	-2.465305223823208796e-06	6.102456361679082922e-05	-1.001680371446956128e-06	6.841610184681601856e-17	4.973145978696124288e-06	1.973602442219131540e-05	-1.668579124901068225e-04	-6.759259346801958616e-05	3.864660857125671125e-05	1.662286682654351167e-05	-2.177098849558338451e-05	1.919037708481724321e-06	-5.844925961650099505e-05	1.335778994797839832e-06	4.437968972141494021e-05	2.992442183922814015e-05	-2.968006136899050536e-06	-1.540986380136839996e-05	9.070831284313032059e-06	-4.715059842782722592e-06	-3.830403043273751139e-05	-3.400501326307264413e-08	-3.934215744254476544e-06	-2.336762176303880593e-05	0.000000000000000000e+00	1.191830701923364815e-05	-6.342877303777761972e-06	5.161072836645166098e-06	1.014770806719097221e-04	9.721819166771941884e-06	5.605464205096552370e-05	1.309956191940482875e-06	3.823617733012602460e-05	-5.809009202885486800e-05	-1.406162948231265106e-05	1.219627872473756826e-05	-4.509778887702790276e-04
-1.662240716462970465e-06	1.093681411225207742e-05	-5.684437798885087859e-06	2.905919731895132254e-04	-5.489164664458664566e-06	-5.224275009031672558e-04	2.949703994774685503e-04	4.719669669216464226e-06	2.432235577904103354e-04	1.722826571157492397e-04	-9.738731803417223411e-05	-7.600703499871242856e-06	-7.891300962847308276e-06	2.873459915820547952e-04	-3.141028315856643927e-04	-1.242771150774833527e-04	-2.729872336274435972e-04	-8.102200853914978598e-05	6.013250198867524011e-06	-3.796305490095516289e-04	8.722903435205730562e-05	7.273006182371646137e-06	3.737505335270383628e-04	2.388517977114083433e-04	2.813235658465647977e-04	-7.789356198858748308e-06	-1.198823604236407883e-06	8.027485634508615357e-04	4.624148041655472640e-06	-3.434876722653781985e-04	-1.919037709942563928e-06	1.429422347298278681e-05	2.477143796530644729e-04	-3.854545857218555585e-06	5.008940997908335068e-05	3.138452623084754924e-04	-1.088517130870436558e-04	-2.838559282106564068e-04	1.747645810620118700e-15	-7.039011241009503499e-05	-5.328349168746155523e-04	-4.904907578939342175e-06	1.102244286365591084e-05	-3.474167957787962883e-04	-1.481592176310190839e-05	3.617616522804294524e-06	3.371194828641048023e-04	-2.439798728820598281e-06	2.701967829414621508e-04	-4.984160172842539026e-06	1.559445812120006025e-05	-1.191830701923364815e-05	0.000000000000000000e+00	3.583351479418710921e-04	-7.988688034921576780e-04	-8.478154316322872308e-06	7.122414995132381996e-06	-1.047912384900460102e-04	1.968070596551490267e-04	4.316583565406309150e-04	-6.981285933630354719e-05	-3.609565005019325467e-04	4.295289096536536021e-04	1.535613782885368367e-05
-5.067412083041599340e-07	1.533805271115607242e-04	-2.552067881430823687e-05	-1.705700254000362088e-05	-5.956500875975090728e-07	5.978356783575086589e-05	-6.456181753349806289e-06	3.837544233813461753e-05	1.693127185889864049e-04	-4.428662258175919755e-03	2.450821330811631289e-03	3.448058402314678472e-04	3.263100332933776149e-05	-7.893008858999127765e-05	-8.366031297663805019e-05	2.807905959293977016e-03	-8.057221828524046940e-05	2.449928413098847318e-03	-7.623723681687925293e-05	-4.396934512362112718e-05	-2.419306761672016665e-03	-1.259130381980309865e-05	2.411117652250100829e-04	-6.727678114884427449e-03	-1.663481303071176221e-05	3.208072468688603083e-04	1.276680272106679075e-04	2.763427756356431271e-05	-3.099303180082968966e-05	1.521418819143250349e-07	4.715059843249356430e-06	5.099978721804208654e-05	8.179774902282590339e-05	3.387303970092568541e-05	-2.421777785768006175e-03	3.132522167780130769e-05	4.415728275985516399e-03	-1.268366295514710398e-05	-3.371194829057535614e-04	2.829418458447048763e-03	6.189725721810851412e-05	-1.774244094614868257e-04	-6.166562820154429124e-05	2.164026386017223305e-06	1.335936873872411347e-06	-2.417111767824807782e-06	4.496883093896503550e-16	3.257130964970963820e-05	-7.946195678437423943e-06	-2.207489443385307208e-05	2.573451763243253358e-04	6.342877303777761972e-06	-3.583351479418710921e-04	0.000000000000000000e+00	-3.949488122895541964e-05	-2.116166700801556705e-04	-5.200462144113236781e-06	2.811126820378104588e-03	-6.731873113708541044e-03	3.423769012635312294e-05	2.831864873601686559e-03	-3.867889331357926184e-05	-2.464172446124991158e-05	8.730665039059681463e-05
7.224294764784338615e-06	-4.005427233691999768e-04	1.845240744002627897e-04	7.548858681045095894e-05	-1.855586744975777733e-04	-2.082575005862354631e-04	5.346155625858977657e-05	-2.614831134427269090e-05	-4.005427233364140284e-04	1.056433516708323722e-02	-5.821912846774896996e-03	-8.205365108013183088e-04	-1.087037968968943278e-05	2.087915046086173969e-04	1.800679738841495488e-04	-6.727752987523626278e-03	1.845240743993162270e-04	-5.821912846779945042e-03	3.276172127574147853e-05	6.263335053198305978e-05	5.807793898155701184e-03	6.254106472319003352e-05	-5.934140565275285422e-04	1.606517178373187416e-02	7.548858680919281008e-05	-8.205365108701134303e-04	6.263335058012009125e-05	3.117798908437327906e-05	-8.266298790525094706e-05	-4.194262729039431695e-05	-5.161072837255864995e-06	-1.250505336043905493e-04	-1.855586745454833276e-04	-1.087037968655747255e-05	5.807793898153010628e-03	-8.266298789730489711e-05	-1.054896692758708343e-02	5.096930730699992162e-05	7.988688035862185049e-04	-6.735107290331013297e-03	-2.082575005835586492e-04	2.087915046495422613e-04	6.254106464381129632e-05	-4.194262729012094892e-05	5.096930735779021943e-05	-1.484242940360210957e-06	3.949488122779406293e-05	9.130995437066233506e-05	5.346155625869132566e-05	1.800679738905703567e-04	-5.934140564986793319e-04	-5.161072836645166098e-06	7.988688034921576780e-04	3.949488122895541964e-05	0.000000000000000000e+00	1.037945152036804069e-04	-2.614831141261803792e-05	-6.727752987521734562e-03	1.606517178372521976e-02	-1.250505336134386772e-04	-6.735107290328178758e-03	9.130995435412841456e-05	1.037945152612988135e-04	-2.772914919792937962e-05
-6.458196468413571201e-05	-3.658203060275464918e-06	1.795824990272339264e-05	7.392079836714759477e-06	-4.567127531982148310e-05	-5.842445222566661754e-05	4.929158711824943009e-05	-1.383007332135178892e-05	1.362477450275382911e-03	-7.132297439343800524e-06	-1.303701340729153542e-04	-4.336952824542454317e-04	4.788211125268148537e-05	3.624893534420006204e-04	-1.064757812442395420e-03	5.487143982309411347e-05	-8.864463391517925228e-04	4.312401068504588851e-05	-5.018878616610370104e-06	9.939802907654595278e-05	-1.596864675663625693e-05	-5.029626196714744252e-04	2.547225235299338357e-03	-1.276145794832443908e-04	-1.270443631328532536e-04	9.964586743756172720e-06	1.128698438854564614e-05	-5.737723996557286040e-05	-1.362255365073955889e-05	3.280606326448993039e-05	-1.219627873044017014e-05	-1.858382087656324322e-06	2.468925626205913581e-04	-3.635049041944090649e-05	-2.387591701418028637e-05	9.930327516464222161e-04	1.160461480843556976e-04	-1.509627034839372637e-03	-4.295289096520313104e-04	1.663310147061819954e-04	1.628101504092955681e-05	-4.307771868450984744e-05	1.242530614080705649e-05	2.134654487913709519e-06	2.220014794454149855e-06	-1.851155144274845840e-05	2.464172443788083838e-05	9.457866352744067226e-06	2.220604753251604352e-05	1.289059816662603379e-05	-3.995156827475720464e-06	-1.014770806719097221e-04	8.478154316322872308e-06	2.116166700801556705e-04	-1.037945152036804069e-04	0.000000000000000000e+00	3.620383849046206735e-04	-2.351471992062841352e-05	-7.439670136793682942e-05	2.849507102730024395e-03	5.061790204149295327e-05	-1.194414084212443421e-03	1.037801707634913861e-16	3.806334457817941004e-05
4.454240218018112579e-06	-2.069115408119753872e-04	2.273658867587624913e-04	2.093983826765559062e-05	-2.054724873509973949e-04	-2.546711686032243605e-05	1.305807102989706825e-05	9.106976376358280612e-16	-7.767205135775960564e-06	-3.676460385662743162e-04	2.045834109523391505e-04	-2.496667057582150068e-06	8.953446762334915047e-07	1.194646854246986984e-05	-4.046132175392442682e-06	2.414270183171317243e-04	-8.727290353358613754e-07	2.306827054382990416e-04	-1.270841176081079227e-05	-7.374407147079089852e-06	-1.909712718294314803e-04	4.133295317018246512e-06	-2.709417192113270278e-06	-5.703930617020119744e-04	-3.127882667375565158e-06	-2.065977195372351201e-06	3.153858470719348968e-04	1.197551642016499927e-05	-2.646895676864406341e-04	-7.660215537786828257e-06	1.422627481772903118e-05	-3.659737861643576947e-04	8.659573929806216802e-06	-1.667962421053618147e-06	-2.081944065102810364e-04	5.264033397856045208e-08	3.808660523156680148e-04	5.190008463409027301e-06	-4.719669668437035519e-06	2.439753507919344621e-04	3.991846947466640394e-05	-2.386435038435657716e-04	5.321681404362973208e-06	2.658653540499931296e-05	2.380912377701849508e-04	-1.907047135652646619e-06	-3.837544236916463956e-05	3.037048270719366720e-04	-1.657225901168283582e-05	2.612042181503340752e-04	-3.102655714355430881e-04	-9.721819166771941884e-06	-7.122414995132381996e-06	5.200462144113236781e-06	2.614831141261803792e-05	-3.620383849046206735e-04	0.000000000000000000e+00	2.478417507877940778e-04	-5.611289478303351994e-04	-6.746959615528227202e-06	2.360547438474011551e-04	-4.608276621090753010e-06	1.383007332150391943e-05	3.027223866581322913e-06
-2.117715975347609042e-05	7.907712314386916791e-05	4.674695650454810869e-05	-2.432911533585577039e-03	-1.300671041825899503e-04	4.424861323865535503e-03	-2.446370369189286575e-03	-2.414270183563568036e-04	-1.536988096490665050e-05	4.979782417208754883e-05	-5.850695202436599651e-06	1.181591960138285457e-04	6.718186408190264710e-07	-5.313094078038199739e-05	1.075568681933412597e-04	5.075815290268240881e-16	1.286368834126990651e-04	-7.454426394081748814e-06	-4.918538448476426523e-06	2.292723081886785530e-04	1.266734347602599501e-05	-3.998769230542102877e-04	-1.336293045110098770e-04	-4.112960158507586130e-05	-2.431794922574349958e-03	9.188214853091038886e-05	1.726414620451017666e-04	-6.737891294174935472e-03	-5.554542227876125887e-05	2.831348677855005658e-03	-5.797320586740406544e-05	-2.592092644349544542e-05	-1.782271561582349836e-04	2.829821030731666684e-07	1.444842153872874777e-05	-1.483591736195521461e-04	-6.343582594003972807e-05	1.905528374271960837e-04	1.242771150312616457e-04	8.955944860067784425e-07	4.424359827492322164e-03	1.561016006015211486e-05	-4.138017404423249574e-04	2.831835867619035205e-03	7.520168123542682087e-05	2.596458344201561786e-05	-2.807905959293497365e-03	1.168601780713337838e-05	-2.445178292716601066e-03	9.351748612382974427e-06	3.403283103972045331e-05	-5.605464205096552370e-05	1.047912384900460102e-04	-2.811126820378104588e-03	6.727752987521734562e-03	2.351471992062841352e-05	-2.478417507877940778e-04	0.000000000000000000e+00	-3.863385142911443526e-05	-2.143033890106053017e-04	1.062930426570015546e-06	1.276421148601016768e-04	-5.487143984606157447e-05	4.161079412198215159e-06
-9.028265945018247470e-07	-1.926779073887473497e-04	-1.286118908315400915e-04	5.824225465842708740e-03	3.506652572923153873e-04	-1.056033509273321749e-02	5.819537606504583162e-03	5.703930617946494606e-04	-1.068570206649539030e-04	-1.831791326809051920e-04	4.879072813744564791e-05	-2.221737911949869023e-04	4.234914771786593974e-06	8.262247199635670857e-05	-1.382829395386457648e-04	4.112960158431021128e-05	-1.987679204097486099e-04	5.273275793822366738e-05	1.068112923453002585e-05	-5.497735389891886043e-04	-6.837186388354885664e-05	9.994684233286788531e-04	3.789929328173250172e-05	-1.258905311895104845e-15	5.821782177936976957e-03	-1.799125657646646718e-04	-5.076635746529606277e-04	1.607601280666564464e-02	1.621158321103215671e-04	-6.730966281875225971e-03	4.231829139340420645e-07	3.640734648022590412e-05	3.919790787751582534e-04	2.480575736458444392e-06	-6.852084903194662383e-05	2.418611063728392282e-04	2.128348079798963836e-04	-2.866178650882286695e-04	-2.388517976101488748e-04	3.764960311353736117e-05	-1.056066967186041969e-02	3.188757171713442419e-05	9.958084966499849630e-04	-6.734003534986361325e-03	-1.899939713431601296e-04	2.945301321454846122e-07	6.727678114882035265e-03	-8.242210518076846428e-05	5.819494862925846806e-03	-5.567347703778033785e-05	-1.117700330245222399e-04	-1.309956191940482875e-06	-1.968070596551490267e-04	6.731873113708541044e-03	-1.606517178372521976e-02	7.439670136793682942e-05	5.611289478303351994e-04	3.863385142911443526e-05	0.000000000000000000e+00	2.057506856524112990e-04	3.575887710622824289e-05	-1.764085902145136244e-04	1.276145795277826300e-04	-3.297666311684083369e-06
-4.190653602849093691e-05	-2.512679900403136249e-04	8.894190649060153666e-04	-5.892635879249346877e-05	-1.362050621562214958e-03	4.181225459367532351e-05	7.839713680557851825e-05	3.659737861656245849e-04	-4.185954153800116229e-05	-1.120009854424004221e-04	5.934368116440556502e-05	-1.487326871841654348e-05	-9.206299153083933397e-06	5.644369849426759458e-07	1.071839451041730639e-05	2.592092642444727025e-05	1.551509563601945186e-05	2.225269933255364456e-05	-9.451141299948520049e-05	6.830675672856319328e-06	1.264333536734829025e-04	-1.139459172506669080e-05	-5.827083223928605921e-06	-3.640734643913899214e-05	-6.804664462753043765e-05	-4.327682940275507208e-04	2.549522814388878629e-03	-1.641045183848675968e-04	-1.065470067789434224e-03	6.068514077019896352e-05	-4.973145969798424342e-06	1.315753028177570755e-15	-4.779283047244384404e-06	8.074146551653266181e-05	-4.370200941344815277e-05	-1.554440795522529461e-05	4.112332850665966551e-05	4.451517500214212793e-05	-1.429422347174400112e-05	9.187772815311599390e-06	1.629512608776235321e-04	-1.512420301980768730e-03	-4.959325408310841623e-04	2.275256816340911993e-04	3.604963601497861050e-04	-3.941724105595925687e-05	-5.099978722531700180e-05	1.193500163980526756e-03	-6.442900625996904047e-05	9.951568341080791261e-04	9.373257379938259096e-05	-3.823617733012602460e-05	-4.316583565406309150e-04	-3.423769012635312294e-05	1.250505336134386772e-04	-2.849507102730024395e-03	6.746959615528227202e-06	2.143033890106053017e-04	-2.057506856524112990e-04	0.000000000000000000e+00	8.047403568758957747e-05	6.356615253379823555e-06	1.858382089548458495e-06	2.099964019025816629e-05
2.254255497880424075e-05	8.638977678900679105e-05	5.366294286558987960e-05	-2.446176070867093870e-03	-1.531535155417206983e-04	4.424160746870735295e-03	-2.431031508746191172e-03	-2.439753508342445846e-04	3.971550327659655337e-05	5.261246756600153156e-05	-7.331023949816521273e-06	6.184006439209697829e-05	-3.256368117239626607e-06	-9.238812563480533122e-05	9.455804133753963146e-05	-8.955944860130858734e-07	1.147505187533642504e-04	-8.652024466616766135e-06	-3.932036911518764020e-06	3.330367349995323615e-04	1.538806351583261390e-05	-4.237809759215837918e-04	-6.828871144704810501e-06	-3.764960311179607827e-05	-2.446167446145707143e-03	6.767458084505624625e-05	2.247757545458917258e-04	-6.731008961444370428e-03	-7.131057362214933935e-05	2.807751029739816336e-03	5.844925961652079529e-05	-9.187772836268739493e-06	-2.213732110117994740e-04	-2.837310088182354853e-06	1.679064377538913783e-05	-1.433420228261713162e-04	-6.500902070417761709e-05	1.307683550753840722e-04	7.039011237015854283e-05	-4.754461577991800011e-16	4.424195635086964479e-03	-2.430390967310661453e-05	-4.117327514148177861e-04	2.810079358419226639e-03	8.397329607444487215e-05	-2.595037982871799834e-05	-2.829418458446166657e-03	4.517915207743692914e-05	-2.429993212892287216e-03	2.624974020780470360e-05	5.115485738492152865e-05	5.809009202885486800e-05	6.981285933630354719e-05	-2.831864873601686559e-03	6.735107290328178758e-03	-5.061790204149295327e-05	-2.360547438474011551e-04	-1.062930426570015546e-06	-3.575887710622824289e-05	-8.047403568758957747e-05	0.000000000000000000e+00	1.212874013069523696e-04	-1.663310147086391499e-04	-9.139167729933317472e-07
4.292414140805578119e-05	-4.660351304817971396e-04	-1.387959979549088975e-06	1.078856290952498530e-04	4.679943543627640727e-04	-7.760190579762680986e-05	-1.439019254944075684e-05	-3.037048270721196853e-04	1.409602503748980728e-05	7.481808419265172550e-05	-6.188732616609242464e-05	7.782302407380036321e-07	1.049952386376408372e-05	1.237049136728891373e-05	-3.857774418133929348e-06	-1.168601781480166421e-05	-9.031524990177865132e-06	2.890302514254577807e-05	6.217879817712588825e-05	-1.142196765871042164e-06	-3.160022593489444616e-05	1.457911192668436043e-06	-2.757152531311979081e-06	8.242210518860954992e-05	5.527951859258486056e-05	3.619520252979076150e-04	-1.111227478503575092e-03	1.741983026549550815e-04	3.078547050561415596e-05	-5.811051521922505560e-05	3.830403042782828461e-05	-1.193500163981687286e-03	1.701706527882797696e-05	-6.377870381938687059e-05	3.362313842133525938e-05	6.863752245350817038e-06	-8.869774271627996545e-05	-1.491839637075525050e-05	2.439798728661433167e-06	-4.517915207772966373e-05	-9.692933814738443525e-05	4.822381458940734741e-04	4.207638063249523330e-04	-1.407758547228840423e-04	4.809912574049292431e-04	2.760527017628753552e-05	-3.257130965784973324e-05	3.518913676073265329e-16	3.365460767996844501e-05	2.915793584201880007e-05	-1.106779201914911016e-03	1.406162948231265106e-05	3.609565005019325467e-04	3.867889331357926184e-05	-9.130995435412841456e-05	1.194414084212443421e-03	4.608276621090753010e-06	-1.276421148601016768e-04	1.764085902145136244e-04	-6.356615253379823555e-06	-1.212874013069523696e-04	0.000000000000000000e+00	-9.457866354087469951e-06	-4.952501837345812095e-05
-6.458196468529761082e-05	1.362477450274615295e-03	-8.864463391514232436e-04	-1.270443631098302746e-04	2.468925626204988757e-04	1.628101498794516246e-05	2.220604755754944837e-05	3.620383849040485942e-04	-3.658203060538201833e-06	-7.132297465685007301e-06	4.312401069595285394e-05	9.964586744136073773e-06	-3.635049040869049307e-05	-4.307771868467737700e-05	1.289059816637746858e-05	-2.351471988924694058e-05	1.795824990255194640e-05	-1.303701340693272956e-04	-5.018878606734831607e-06	1.128698438888023940e-05	-2.387591703486867647e-05	1.242530614259186333e-05	-3.995156827510359029e-06	-7.439670141630917342e-05	7.392079862377015984e-06	-4.336952824581622747e-04	9.939802907716862364e-05	-5.737723990495960282e-05	9.930327516459622975e-04	2.134654458183385007e-06	-1.014770806706798438e-04	2.849507102730430320e-03	-4.567127531961430562e-05	4.788211126229892107e-05	-1.596864678579736513e-05	-1.362255365175165654e-05	1.160461481123046813e-04	2.220014795475566981e-06	8.478154315541004994e-06	5.061790205892892998e-05	-5.842445228557561804e-05	3.624893534433348396e-04	-5.029626196704252428e-04	3.280606323180546328e-05	-1.509627034838813622e-03	-1.851155144210101691e-05	2.116166701106459022e-04	-1.194414084212874500e-03	4.929158714732186411e-05	-1.064757812442413201e-03	2.547225235299440706e-03	-1.219627872473756826e-05	-4.295289096536536021e-04	2.464172446124991158e-05	-1.037945152612988135e-04	-1.037801707634913861e-16	-1.383007332150391943e-05	5.487143984606157447e-05	-1.276145795277826300e-04	-1.858382089548458495e-06	1.663310147086391499e-04	9.457866354087469951e-06	0.000000000000000000e+00	3.806334456843679643e-05
1.705175276880666036e-04	8.164884056527446711e-07	-1.604940594483198412e-05	-5.382218655794950924e-05	-2.762913636365977701e-06	-2.204870963776155846e-06	5.585902756592096277e-05	-3.027223868248351516e-06	8.164884059989490595e-07	2.589217454267765878e-06	6.553606898676801410e-07	1.009854418615865684e-06	-9.110857595057355885e-06	-2.356705297087523102e-05	1.246452854796844512e-05	-4.161079412383086876e-06	-1.604940594846471192e-05	6.553606895452051688e-07	2.302127614164868143e-06	4.311781278595275285e-06	3.479871317284353571e-06	8.356576847674034237e-06	-1.061841366258745087e-05	3.297666312619142521e-06	-5.382218655817444731e-05	1.009854417843956936e-06	4.311781287035755316e-06	3.375373843285266629e-05	-1.028251934882535283e-05	-9.060642411350933287e-05	4.509778887702085002e-04	-2.099964019057344551e-05	-2.762913628513454155e-06	-9.110857594973977350e-06	3.479871316893057383e-06	-1.028251934451416011e-05	-1.858182435877872330e-06	2.468269592365829511e-05	-1.535613782659605626e-05	9.139167728053565015e-07	-2.204870963573187694e-06	-2.356705298015317930e-05	8.356576848260004853e-06	-9.060642411337063631e-05	2.468269592494111295e-05	-2.022530488306822851e-04	-8.730665039063375881e-05	4.952501837866899988e-05	5.585902756593840487e-05	1.246452855224259200e-05	-1.061841366186348673e-05	4.509778887702790276e-04	-1.535613782885368367e-05	-8.730665039059681463e-05	2.772914919792937962e-05	-3.806334457817941004e-05	-3.027223866581322913e-06	-4.161079412198215159e-06	3.297666311684083369e-06	-2.099964019025816629e-05	9.139167729933317472e-07	4.952501837345812095e-05	-3.806334456843679643e-05	0.000000000000000000e+00
