9.482595362452111206e-04	-1.954855624700831942e-04	4.627620367559059618e-05	1.057972292885043164e-03	3.125035902233742706e-05	-1.518463797135039895e-05	-1.038795179680683002e-03	-2.320826053029578133e-05	-1.954855624693079084e-04	1.268082114517396237e-03	-5.095182977762613679e-04	-3.362972802535236171e-04	-4.485825690295450636e-05	1.533231318410407387e-04	2.947185812232143394e-05	-9.741385371107181418e-04	4.627620367463674222e-05	-5.095182977785817774e-04	3.779099621595717997e-04	-1.866187217055534408e-05	-1.006772136640641960e-04	1.614030401687889353e-04	-2.148307750481030906e-04	9.353846867889605964e-04	1.057972292882108228e-03	-3.362972802553134723e-04	-1.866187216760087960e-05	3.554673435896677208e-03	-2.256105245992953766e-05	-1.691021177050530070e-03	5.761084526085989092e-04	-1.133597146103286176e-04	3.125035902304148085e-05	-4.485825690123126187e-05	-1.006772136656720271e-04	-2.256105245812458499e-05	2.882438279181901526e-04	1.019885778160567339e-05	6.528547167900479648e-05	-6.641345549130721793e-05	-1.518463796643104504e-05	1.533231318410423650e-04	1.614030401671709262e-04	-1.691021177047978509e-03	1.019885778411825771e-05	1.167645521621939143e-03	-1.567856135973356340e-03	2.416481104618795398e-05	-1.038795179682103307e-03	2.947185812323565354e-05	-2.148307750482304572e-04	5.761084526058974026e-04	6.528547167640815939e-05	-1.567856135971879873e-03	3.337860124236394395e-03	-1.490711704861476293e-05	-2.320826052966913958e-05	-9.741385371069948831e-04	9.353846867792028853e-04	-1.133597146081064910e-04	-6.641345548750624906e-05	2.416481104382230615e-05	-1.490711704565660540e-05	6.166559057411157051e-04
-1.954855624700831942e-04	4.197186552646892110e-03	-3.009282081060833235e-03	-1.128111162116434644e-03	1.439240687737267576e-03	1.089758393620962780e-03	-3.862001802115804763e-04	-1.528019378875006273e-03	2.353382722071653663e-04	-5.862918349526413837e-04	2.002215250350797770e-04	1.767746856782486482e-04	-7.669665691611160800e-05	-1.398828446536185867e-05	-3.076137482646629424e-04	1.151926947750725341e-04	2.299210806254159130e-04	1.520860828358913924e-04	6.857686919647552545e-05	1.339293651344933798e-03	-2.680147379700869074e-04	-1.054988613076623949e-03	4.199574769236231976e-04	-7.738357539517077676e-04	-1.030502514471327933e-03	2.374897902612383219e-03	-2.002511913232860648e-03	-2.623365037217162410e-03	1.570647843000243932e-03	8.829192437451915867e-04	5.574515700528800488e-06	2.065805600555163310e-03	-3.348944602802369618e-05	-2.692866727260309514e-06	-2.925072163670161107e-04	-5.537593555357346641e-04	5.597010689918273472e-04	6.806455464609209062e-04	-9.343086560005390596e-04	4.550952762176744171e-04	1.757996137191276736e-03	1.348755679411307471e-03	-2.352628665327017275e-03	1.160381675316312896e-03	-6.712888985790669769e-04	-1.174961345005447904e-04	-7.549018114003678897e-04	-1.584477998693969904e-03	-7.222198798918090090e-04	-3.310030008993028374e-03	6.018228335604443140e-03	9.885559383313301815e-06	-2.449376633338010145e-03	-4.100655348328210276e-04	1.154948046253983325e-03	1.867777097865586013e-03	-8.347460972900935501e-04	1.177603910184959947e-04	-5.824570457027322722e-05	-1.161268707646064219e-04	1.938117000962418348e-04	-9.938095288764204260e-05	1.013262200115973939e-03	4.444447777087940136e-05
4.627620367559059618e-05	-3.009282081060833235e-03	3.535891474177414555e-03	3.480530046343097237e-04	-2.862767269559406483e-03	6.707044884012312901e-05	-7.894302879675548672e-05	1.828187391722246597e-05	2.299210806272594090e-04	-1.916793191101199125e-04	-1.050345606565713375e-04	-4.390622277747100008e-04	1.812587250250666541e-04	5.635210778649191437e-04	-3.147448856240613849e-04	4.012681329528055923e-04	-7.146473476461367012e-06	1.915226619600801346e-04	-7.823987532123028712e-05	-2.146963286359871088e-04	-7.500691570090737290e-05	-3.975352053103878801e-05	-1.075642148465473882e-04	-5.348702586228584873e-04	1.068092904287028022e-04	-2.485783225214313000e-03	4.731195119472043908e-03	3.906435875010339670e-04	-2.674341343473258300e-03	1.967805666773923985e-04	-1.644863992855097226e-04	-1.583815305131329194e-03	-4.024559634953316090e-04	2.556601041703513967e-05	4.567580700141712658e-05	1.211656915814341925e-04	-3.499529445482726719e-05	-3.463929561582164049e-04	1.248370246211784199e-03	1.000334432307300276e-04	-3.097757334143828086e-04	-1.302600092909720177e-03	-2.477711088885430220e-05	6.579215292161339737e-05	1.455593236129696343e-03	-2.332148675855918085e-04	3.464437836285257739e-04	1.461749701902196122e-03	2.006950010141684063e-04	2.745031438004384705e-03	-4.772348536177258883e-03	-2.775127316910310556e-04	2.148672058914416656e-03	3.222805159008811354e-04	-4.918476255978874133e-04	-1.770524333948833530e-03	-2.046437612146902521e-04	4.843949395734500462e-04	-9.336899553881455741e-04	2.104978647444211441e-04	1.946552276373587909e-04	-4.337902047305526934e-04	3.975553577914832468e-04	-1.078347323473276222e-04
1.057972292885043164e-03	-1.128111162116434644e-03	3.480530046343097237e-04	1.132850102286940205e-02	1.513711539480867255e-04	-1.602478492113026259e-02	7.152871618567361277e-03	1.244301425587043212e-03	-1.030502514473929584e-03	1.904379826858250153e-03	-9.870198069984968941e-04	-2.010577461925524678e-03	2.522845417577971238e-04	5.086362324720905418e-04	5.299704446420631281e-04	-8.846417448637656404e-04	1.068092904284086717e-04	6.906083012821464195e-05	3.278865543206765975e-04	-4.232694459969718733e-04	-6.945411671858615259e-04	1.220726661488765342e-03	-1.045900706093683954e-03	-2.990171016376004629e-04	9.036032634896783849e-03	-1.893155520845245503e-03	5.254762809659525250e-05	2.762148552945942886e-02	1.561807504773192175e-04	-1.284617381496048170e-02	1.382240205148348037e-03	4.173553884376076046e-04	3.661357026837697495e-04	-4.833930279513563291e-04	-1.483591812040490059e-04	3.803815035885181649e-04	1.490201438226316805e-03	-5.179704683541447221e-04	5.635529721848062243e-04	1.025971177269950326e-03	-1.288862525778330763e-02	2.918447453727035339e-04	8.250255374981475083e-04	-1.094148387995988111e-02	-2.719217580322399520e-04	2.407290023222310657e-03	5.196403423152274118e-03	1.877929142016947813e-04	6.119298133244161809e-03	6.687425497696143292e-04	-1.062205074828772178e-03	-8.155754335916266026e-04	4.607367502587216869e-04	7.498073085574505012e-03	-1.533735110987954897e-02	-1.116597619617464747e-03	1.310077268013186934e-03	-1.035314728783780355e-03	1.296434611542692742e-03	3.993066764831553969e-04	-4.022881929714887178e-04	4.378715876413390547e-05	-8.616170757670346420e-04	3.875449977426875976e-04
3.125035902233742706e-05	1.439240687737267576e-03	-2.862767269559406483e-03	1.513711539480867255e-04	3.972366556080440120e-03	-6.470391713184816141e-04	1.380851606696564024e-04	1.485187803825420948e-03	-3.348944603089170908e-05	5.944059554564164573e-04	9.791886453247439768e-05	1.520901370518119074e-03	-2.511755140632098262e-04	-8.129565819116788775e-04	2.747009746227577253e-04	-7.755428170042782997e-04	-4.024559634942612846e-04	-4.850354008574408625e-04	4.841414538253221284e-05	-8.616606582182243781e-04	3.258435596712327834e-04	4.897514808758381393e-04	8.047994037621191473e-04	1.518782699971930666e-03	3.661357026834996748e-04	2.991161522245396227e-03	-5.714788235012794107e-03	9.230086202268280226e-04	2.960426485653855182e-03	-8.296603308165168347e-04	1.966581254100407505e-04	1.280171250124195748e-03	6.710427745802999147e-04	-4.290424574250588797e-06	1.738164370225493650e-04	-1.125080025622078422e-05	-3.297955090181999547e-04	4.887261214063329945e-04	-2.090221217325239147e-03	-5.483494253104123813e-04	-4.830115907968766855e-04	3.315914730089640863e-04	2.178068169291477556e-03	-7.192922637758139733e-04	-1.106123902081144247e-03	4.872726256174733195e-04	-1.353267611687044127e-04	-1.237169498864210994e-03	7.429524535477088952e-05	-1.401475605681778286e-03	2.009580952607135061e-03	4.031471319127156896e-04	-2.593322733511423811e-03	-4.952279240588169798e-04	5.034436278572654300e-04	1.692422505529376023e-03	5.440875058075698295e-04	-8.119690334817712338e-04	1.477613556385511465e-03	-1.055444952877094937e-03	-4.938609854429554724e-04	8.324882827563395444e-04	-1.208049388185317326e-03	1.066917476571639889e-04
-1.518463797135039895e-05	1.089758393620962780e-03	6.707044884012312901e-05	-1.602478492113026259e-02	-6.470391713184816141e-04	2.945901101768048230e-02	-1.616296418892036735e-02	-3.004356945832232107e-03	1.757996137195638048e-03	5.087854349111929847e-04	8.555785762872349055e-04	3.158831769835267114e-03	-8.821758766689106589e-04	-5.406322486784924950e-04	-9.693083766003354404e-04	-1.924465081954254133e-03	-3.097757334163995331e-04	-1.825676232124172132e-03	-2.314347067286885717e-04	3.451015621819596775e-04	2.089738407030899275e-03	-1.955544667945987181e-03	1.622331254193223188e-03	6.255334044329402543e-03	-1.288862525779232125e-02	1.851229859203671778e-03	7.191602853767211073e-04	-3.767806411159745072e-02	-8.850883021119134147e-04	1.863842960892527628e-02	-1.945453776283578851e-03	-1.648739719939353986e-03	-4.830115907934057207e-04	7.408424348890455848e-04	1.862580063033198092e-04	-5.435341794880696204e-04	-2.150462760253752867e-03	8.470538307074238112e-04	-1.009525274834380780e-03	-2.865094209910534154e-03	2.160541371661255095e-02	-2.797627210894091266e-04	-1.212258742584016108e-03	1.460095413536269780e-02	1.158743846790984827e-03	-4.982240424199058234e-04	-1.379198790737375807e-02	1.390041737394039935e-04	-1.301678226785398310e-02	-6.806176968283629211e-04	7.214762975497559681e-04	1.407088961850486326e-03	-9.046837429228658974e-04	-1.799366596470119983e-02	3.783917315319104691e-02	1.864848069308311374e-03	-2.656536151128689131e-03	-3.419764444348810076e-05	-2.132356502378625427e-03	-1.010244212522646819e-03	8.780681682754294757e-04	-1.734739496953080148e-04	1.743184900828554599e-03	4.777945005835343949e-04
-1.038795179680683002e-03	-3.862001802115804763e-04	-7.894302879675548672e-05	7.152871618567361277e-03	1.380851606696564024e-04	-1.616296418892036735e-02	1.137447121572317775e-02	1.558154198113329090e-03	-7.222198798952888642e-04	-2.842632988887318704e-03	1.144885220877060565e-03	-1.499702015513502702e-03	2.109757686643410723e-04	2.418961427060970914e-04	4.109893613290212331e-04	2.372176349158456633e-03	2.006950010162039959e-04	1.653701101485473279e-03	-5.104165801075068176e-04	3.208635806249970370e-04	-5.077467944457266522e-04	2.532875569012880404e-04	-5.050853953414218781e-04	-3.898027418198312007e-03	6.119298133251535252e-03	-7.357265707878891991e-04	-1.761256242002469494e-04	1.515956709544076866e-02	2.927625701109438732e-04	-7.924761998476900771e-03	1.033895468835894322e-03	8.759417536463524456e-04	7.429524535255358766e-05	3.857888542064306329e-05	-6.201356596740156737e-04	1.100429097853690853e-04	7.374330003021730123e-04	-2.155764426113288652e-04	4.806683569576285621e-04	1.131765471240625803e-03	-1.301678226786410694e-02	1.405791050678271298e-04	4.270367223346231006e-05	-5.608764424995079517e-03	-4.200744568347050375e-04	-1.763991321930476327e-03	1.046922618481166932e-02	-1.162653481988796134e-05	9.140870518636667191e-03	2.180537986550105413e-04	1.355551923180049853e-04	-1.071983189821013819e-03	4.338562541074859088e-04	1.230610694766473556e-02	-2.752632059610168880e-02	-1.008531819580069187e-03	1.406741124200739518e-03	2.370046665193459128e-03	-1.954477075789807193e-03	7.675392553408878901e-04	7.159935578993413899e-05	1.483645947271949861e-04	-1.125115974156649760e-03	-1.327266185465181313e-03
-2.320826053029578133e-05	-1.528019378875006273e-03	1.828187391722246597e-05	1.244301425587043212e-03	1.485187803825420948e-03	-3.004356945832232107e-03	1.558154198113329090e-03	8.340998419981961176e-03	-8.347460972904343149e-04	7.295392037331655064e-04	-7.328258939740049487e-04	1.703671395080025037e-03	2.012240525984455202e-04	-1.568941794599340231e-03	1.213478683104747286e-03	-2.203568701011541066e-04	-2.046437612125328524e-04	-4.093699037136842118e-04	4.419496978249615182e-04	-2.631839352830878630e-03	-2.906953618369497198e-04	3.894617751444104381e-03	-1.195739047612728347e-03	1.626028867837824455e-04	1.310077268018478708e-03	2.330620482600519270e-03	-2.461834670603742226e-03	3.569363559257426703e-03	2.078801638941716289e-03	-2.437029715305153929e-03	4.500552568201393057e-04	4.141149799360551928e-03	5.440875058026176277e-04	1.038305203594915667e-05	5.876182557583987096e-05	6.576245386487125383e-04	-1.526885517692865100e-05	-1.043691864805961454e-03	-1.165033646909045291e-04	-1.442550201104632964e-04	-2.656536151141787594e-03	-4.016618235542047249e-03	5.906344359729720842e-03	-1.946900455103770314e-03	-3.066377333679239960e-03	4.479476744362933518e-04	1.210140029221991754e-03	4.732784792682071971e-04	1.406741124207136311e-03	2.615892121176883068e-03	-2.257898143005625941e-03	4.687760546914926667e-04	8.351310940428053600e-04	1.155342110317154024e-03	-2.868722083254858935e-03	-5.461049776484607453e-03	3.043833300514365257e-03	-6.381187338859350055e-04	1.862198585251411158e-03	-1.926652762267008138e-04	-6.591281738995925701e-04	8.504795013705077327e-04	-2.761691101554593439e-03	-2.132770150946746129e-04
-1.954855624693079084e-04	2.353382722071653663e-04	2.299210806272594090e-04	-1.030502514473929584e-03	-3.348944603089170908e-05	1.757996137195638048e-03	-7.222198798952888642e-04	-8.347460972904343149e-04	4.197186552650165534e-03	-5.862918349602416410e-04	1.520860828378117584e-04	2.374897902619301730e-03	-2.692866725829609880e-06	1.348755679409232092e-03	-3.310030008994746184e-03	1.177603910246583288e-04	-3.009282081061488093e-03	2.002215250379840565e-04	6.857686920118386312e-05	-2.002511913234092302e-03	-2.925072163761582118e-04	-2.352628665321582820e-03	6.018228335602828979e-03	-5.824570458816830934e-05	-1.128111162118026253e-03	1.767746856734243822e-04	1.339293651344564302e-03	-2.623365037230926140e-03	-5.537593555343626062e-04	1.160381675323009145e-03	9.885559381192561708e-06	-1.161268707575419232e-04	1.439240687734984463e-03	-7.669665691461225127e-05	-2.680147379802200235e-04	1.570647842997517814e-03	5.597010690070556172e-04	-6.712888985804006539e-04	-2.449376633332222240e-03	1.938117001065180114e-04	1.089758393624574691e-03	-1.398828446461846020e-05	-1.054988613067199413e-03	8.829192437476823243e-04	6.806455464560049167e-04	-1.174961344990570617e-04	-4.100655348367418821e-04	-9.938095289161550804e-05	-3.862001802147058517e-04	-3.076137482649379503e-04	4.199574769171268208e-04	5.574515702249198943e-06	-9.343086559937874075e-04	-7.549018114083262589e-04	1.154948046267255260e-03	1.013262200120525636e-03	-1.528019378878367734e-03	1.151926947836569488e-04	-7.738357539683398626e-04	2.065805600546223846e-03	4.550952762250618996e-04	-1.584477998692143024e-03	1.867777097869450110e-03	4.444447777098088268e-05
1.268082114517396237e-03	-5.862918349526413837e-04	-1.916793191101199125e-04	1.904379826858250153e-03	5.944059554564164573e-04	5.087854349111929847e-04	-2.842632988887318704e-03	7.295392037331655064e-04	-5.862918349602416410e-04	2.713352383753910024e-02	-1.438749717943732520e-02	-2.037427180078836900e-03	-2.488879241968654037e-04	7.371049249245721895e-04	4.089991256730814303e-04	-1.655120420480498886e-02	-1.916793191057886061e-04	-1.438749717944320418e-02	2.145450983462777062e-03	2.996932624056395538e-04	9.605777798060419204e-03	-1.388583496899013130e-03	4.227194054953697065e-04	3.173732240761584222e-02	1.904379826851235798e-03	-2.037427180048843964e-03	2.996932623892800815e-04	1.056916040114096525e-02	3.083713513599023741e-04	-3.931940358395161726e-03	7.444539003498868313e-04	1.109175182078682214e-03	5.944059554556870061e-04	-2.488879241918785616e-04	9.605777798056578526e-03	3.083713513597875029e-04	-1.511751788804949898e-02	6.544219536766426220e-04	-1.583283587102224908e-03	-1.009798881834745796e-02	5.087854349267651637e-04	7.371049249112318407e-04	-1.388583496892943549e-03	-3.931940358387887163e-03	6.544219536829484502e-04	2.299698030562512350e-03	-3.420403868658143491e-03	2.624700419946028357e-04	-2.842632988891060936e-03	4.089991256740985745e-04	4.227194055018657038e-04	7.444539003459989908e-04	-1.583283587120239144e-03	-3.420403868654704402e-03	1.008478449272869927e-02	-1.597703280258720325e-03	7.295392037455379879e-04	-1.655120420479770649e-02	3.173732240760650247e-02	1.109175182094870437e-03	-1.009798881834305523e-02	2.624700419875673936e-04	-1.597703280257375263e-03	3.311381491365011573e-03
-5.095182977762613679e-04	2.002215250350797770e-04	-1.050345606565713375e-04	-9.870198069984968941e-04	9.791886453247439768e-05	8.555785762872349055e-04	1.144885220877060565e-03	-7.328258939740049487e-04	1.520860828378117584e-04	-1.438749717943732520e-02	1.146592070585214160e-02	1.419624774307872784e-03	-2.041983088384491819e-03	-3.970055684153845016e-04	-1.947298301732455891e-04	5.829272347867608776e-03	1.915226619596159877e-04	5.395535438820268231e-03	-1.999031424866868321e-03	-1.065808422161586299e-04	-2.779564004045079369e-03	4.050499072792660294e-04	-3.731458997456938223e-04	-9.569254971827798051e-03	6.906083013362166660e-05	7.276416096250517282e-04	-1.041317469421056650e-03	-4.519443361539853335e-03	1.855792962323044807e-04	1.857481483320682757e-03	-6.501780855828103237e-04	-6.611949292878472337e-04	-4.850354008576663765e-04	1.932673973472444785e-03	-7.234651372252501322e-03	-4.125344740846631194e-04	8.686334415388831387e-03	-1.757888939106870812e-04	1.337708956437174204e-03	2.663468391235105075e-03	-1.825676232134317229e-03	-3.681640068587824569e-04	1.818062553722524927e-03	1.474209363790181335e-03	-5.078966137642302800e-04	-8.054465846026707693e-04	2.304387250562029213e-03	-2.061606193146664902e-04	1.653701101483170434e-03	-1.545082226678788780e-04	-6.664789770077288135e-04	5.226662748404439687e-05	8.029461684904179268e-04	-7.581005732978819548e-05	-4.001290871010464503e-03	1.394418272510059139e-03	-4.093699037199117607e-04	1.161823613506117805e-02	-2.480242003244144053e-02	-1.308026934634234483e-03	8.408824602952363891e-03	9.756324152565611107e-05	9.065746632955055950e-04	-1.740071485900144274e-03
-3.362972802535236171e-04	1.767746856782486482e-04	-4.390622277747100008e-04	-2.010577461925524678e-03	1.520901370518119074e-03	3.158831769835267114e-03	-1.499702015513502702e-03	1.703671395080025037e-03	2.374897902619301730e-03	-2.037427180078836900e-03	1.419624774307872784e-03	1.444591353875441381e-02	-3.677669656972389197e-04	-5.861516229547499707e-03	1.399983538006980589e-03	3.353075208178333253e-04	-2.485783225209160438e-03	7.276416096398699530e-04	2.694553292119901758e-04	-7.773178311540491700e-03	-1.154110123545852226e-03	3.656974067334404013e-03	1.457344251041106913e-03	-1.294480383564044221e-03	-1.893155520865541768e-03	6.958364339995636548e-03	-3.747651406339536084e-03	-5.624861564497742918e-03	3.609641618644554009e-04	2.317024746414899933e-03	-2.075858961521080725e-04	-2.339640995211428494e-03	2.991161522230565209e-03	1.014219731250566949e-04	-1.891304760075336339e-03	4.047682602774821956e-04	3.054954787132573447e-03	2.558187358044966900e-03	-6.938941884274034758e-03	1.259046490085040902e-03	1.851229859242535004e-03	-4.362538970742188896e-03	4.709948737842408958e-03	2.019435042811605369e-03	5.471899404800339203e-04	-1.958555337565454329e-04	-1.074571050691030009e-03	2.146331393768154822e-03	-7.357265708124671949e-04	1.899998117738915153e-03	-1.238996345981539880e-03	1.306990791117947147e-04	-3.889916325437705637e-03	-1.677890836692515642e-03	3.565911917655352915e-03	-2.966614462668759004e-03	2.330620482581146312e-03	1.312508579196006902e-03	-4.394654422109320162e-03	-6.538610213941008394e-03	2.248469943218468509e-03	4.298458343518926639e-03	-5.374859411151303168e-03	4.368221978654248500e-04
-4.485825690295450636e-05	-7.669665691611160800e-05	1.812587250250666541e-04	2.522845417577971238e-04	-2.511755140632098262e-04	-8.821758766689106589e-04	2.109757686643410723e-04	2.012240525984455202e-04	-2.692866725829609880e-06	-2.488879241968654037e-04	-2.041983088384491819e-03	-3.677669656972389197e-04	1.968291842783450717e-03	-6.771160932944099171e-05	-2.388502953558992213e-05	2.333008248374377619e-03	2.556601041627285745e-05	1.932673973472588550e-03	-1.156376003841061470e-05	3.055049926138425284e-05	-2.324728257073671242e-03	4.263460334934247495e-04	1.302102980999844640e-04	-5.742270748230540733e-03	-4.833930279531773551e-04	1.014219731244095889e-04	3.743657290388369878e-04	-1.588304362696643245e-04	-2.179114657534051574e-04	-2.278174709494187763e-05	2.814156749849784211e-04	-6.296752919292408226e-05	-4.290424574911986004e-06	-1.204666429036165606e-03	1.418418840889424781e-03	1.522488353931677921e-04	3.699265438779216712e-04	-3.101815774469086255e-04	-1.708583333340106991e-04	2.294537052584235716e-03	7.408424348900294982e-04	-1.050554351259095362e-05	-4.373679801455578444e-04	-4.292844455633038005e-05	7.300754414898304851e-05	-1.063892143210992257e-04	-3.833461298257189809e-04	7.799111709408656232e-05	3.857888542378433579e-05	3.149418994940813839e-05	8.440495109422849369e-05	-3.228368843921276300e-04	1.513905735113325532e-04	1.186581953615258945e-03	-9.329068410552205336e-04	-3.486981418540647235e-04	1.038305203486002137e-05	-2.001148694296023788e-03	4.686823730930119933e-03	5.360599813561818354e-04	-1.826019636664876974e-03	-2.516228601731137918e-04	2.123647426750666697e-05	5.192755000638408450e-04
1.533231318410407387e-04	-1.398828446536185867e-05	5.635210778649191437e-04	5.086362324720905418e-04	-8.129565819116788775e-04	-5.406322486784924950e-04	2.418961427060970914e-04	-1.568941794599340231e-03	1.348755679409232092e-03	7.371049249245721895e-04	-3.970055684153845016e-04	-5.861516229547499707e-03	-6.771160932944099171e-05	8.140188405539299649e-03	-4.898355178262350264e-03	-8.770612910297447343e-04	-1.302600092913618968e-03	-3.681640068700514916e-04	-3.620213645286968012e-04	5.630836813636561728e-04	1.144048706265701027e-03	-6.378540418330363657e-03	3.443397992697323599e-03	2.225802139453786008e-03	2.918447453904771311e-04	-4.362538970739083741e-03	2.882461112240965011e-03	9.533149817201473685e-04	-1.886562127000564247e-04	-6.354306456953541515e-04	1.504406087765397342e-04	2.699275719910730967e-03	3.315914730169047288e-04	-1.050554350865941971e-05	1.201773837663027214e-03	1.203048211070046388e-03	-2.222808997419601501e-03	-1.071446221138991437e-03	3.088808300181986218e-03	-1.196080737512441282e-03	-2.797627211224208601e-04	2.834687262452311417e-03	-4.093513723031729987e-03	-4.262151212667581075e-04	4.504329878960517601e-04	1.086854619200063889e-04	1.528020340828096591e-04	-1.638869105246525300e-03	1.405791050876590577e-04	-1.031199496489015920e-03	5.222748448368533421e-04	-2.578984738833923281e-05	1.105674650469015089e-03	4.404068737363000651e-04	-1.164820832876143275e-03	1.875602374185975259e-03	-4.016618235531681409e-03	-5.344451291509179705e-04	2.156878290381459423e-03	3.127674049020614383e-03	-1.289400993722710897e-03	-5.281475567608039448e-03	9.172523219482239809e-03	-1.001545617966543666e-04
2.947185812232143394e-05	-3.076137482646629424e-04	-3.147448856240613849e-04	5.299704446420631281e-04	2.747009746227577253e-04	-9.693083766003354404e-04	4.109893613290212331e-04	1.213478683104747286e-03	-3.310030008994746184e-03	4.089991256730814303e-04	-1.947298301732455891e-04	1.399983538006980589e-03	-2.388502953558992213e-05	-4.898355178262350264e-03	5.274131157502246967e-03	1.093023360049245180e-04	2.745031438006463771e-03	-1.545082226645709230e-04	1.568490972194300996e-04	8.004953252454369457e-04	-5.349737908238614767e-08	4.033478937137123174e-03	-6.340214962432757020e-03	-2.944167323490159928e-04	6.687425497613596476e-04	1.899998117742853192e-03	-2.041281078992965205e-03	1.526587676938051226e-03	4.651461584318356793e-04	-5.896040362419869250e-04	-1.611255300557041625e-04	-1.244245520662827899e-03	-1.401475605685746466e-03	3.149418994605331871e-05	-2.001168824101076768e-04	-1.479078546060620105e-03	2.173570497389971001e-04	1.484248827158702721e-03	-8.544354824571888515e-05	1.097206950767686570e-04	-6.806176968141724494e-04	-1.031199496491992922e-03	1.941659929850186091e-03	-4.168001339493297036e-04	-6.339626434976805558e-04	-1.075643702000051338e-05	4.044725683862998447e-04	7.375178628039639420e-04	2.180537986473145761e-04	8.319148905008741076e-04	-6.078486801785062087e-04	-1.110998034412399312e-04	2.683724206928383787e-04	4.746629715984264320e-04	-4.625885539132825884e-04	-1.482329718208931675e-03	2.615892121172498121e-03	-1.140196859429226954e-04	1.580116344923446800e-04	-2.563078585778475957e-03	6.982434942367729026e-05	4.010057574268214610e-03	-6.834093444737458084e-03	-5.921568806734270741e-05
-9.741385371107181418e-04	1.151926947750725341e-04	4.012681329528055923e-04	-8.846417448637656404e-04	-7.755428170042782997e-04	-1.924465081954254133e-03	2.372176349158456633e-03	-2.203568701011541066e-04	1.177603910246583288e-04	-1.655120420480498886e-02	5.829272347867608776e-03	3.353075208178333253e-04	2.333008248374377619e-03	-8.770612910297447343e-04	1.093023360049245180e-04	1.516109375179910609e-02	4.843949395724782758e-04	1.161823613505912414e-02	-1.050342097183752698e-03	3.152152832079580446e-04	-9.209785494326393901e-03	1.780694036078179273e-03	-6.150123048638069011e-04	-3.012619485491174753e-02	-1.035314728788450881e-03	1.312508579175220144e-03	2.300102575199450402e-04	-5.932934348097872526e-03	-5.424529608055225077e-04	2.897781938762420545e-03	-9.000490305551718789e-04	-1.183811872298276471e-03	-8.119690334858287520e-04	-2.001148694295823427e-03	-3.410012802836805308e-03	-3.182496272091911004e-04	1.040068549734297736e-02	-6.521726867198479952e-04	8.667697891815961389e-04	9.809874585033191707e-03	-3.419764444637609009e-05	-5.344451291442758227e-04	7.121810625346145212e-04	2.204762764044352827e-03	-5.099920619900220756e-04	-2.065732676754232326e-03	2.638063306336994353e-03	-1.008096183748469774e-05	2.370046665197447257e-03	-1.140196859401260094e-04	-6.838255731568305832e-04	-5.665190997699451553e-04	1.861945772890679675e-03	3.917779047258867532e-03	-8.042621566653421900e-03	8.871800364472035450e-04	-6.381187338979884063e-04	7.120843023231683902e-03	-1.171061571748355581e-02	-2.354387982944654214e-04	4.211762687211692904e-03	-8.126970859660760291e-05	4.742639108438061906e-04	-2.654012448336465040e-03
4.627620367463674222e-05	2.299210806254159130e-04	-7.146473476461367012e-06	1.068092904284086717e-04	-4.024559634942612846e-04	-3.097757334163995331e-04	2.006950010162039959e-04	-2.046437612125328524e-04	-3.009282081061488093e-03	-1.916793191057886061e-04	1.915226619596159877e-04	-2.485783225209160438e-03	2.556601041627285745e-05	-1.302600092913618968e-03	2.745031438006463771e-03	4.843949395724782758e-04	3.535891474174601267e-03	-1.050345606572345033e-04	-7.823987532404934830e-05	4.731195119462335529e-03	4.567580700534733913e-05	-2.477711088389288464e-05	-4.772348536175593549e-03	-9.336899553833592552e-04	3.480530046329933938e-04	-4.390622277722794364e-04	-2.146963286385870527e-04	3.906435875064566041e-04	1.211656915820089145e-04	6.579215291538029198e-05	-2.775127316873257405e-04	2.104978647434666938e-04	-2.862767269554977734e-03	1.812587250229734121e-04	-7.500691569519793715e-05	-2.674341343468025940e-03	-3.499529446173736875e-05	1.455593236126889560e-03	2.148672058910335719e-03	1.946552276343468772e-04	6.707044884106977303e-05	5.635210778623307194e-04	-3.975352052705288135e-05	1.967805666777807056e-04	-3.463929561595637972e-04	-2.332148675860543292e-04	3.222805159015931309e-04	-4.337902047292736601e-04	-7.894302879583120437e-05	-3.147448856207887748e-04	-1.075642148501531465e-04	-1.644863992858972435e-04	1.248370246212142419e-03	3.464437836323549591e-04	-4.918476256042594863e-04	3.975553577879599692e-04	1.828187392018231080e-05	4.012681329477853567e-04	-5.348702586148422217e-04	-1.583815305130333896e-03	1.000334432264619845e-04	1.461749701903541400e-03	-1.770524333955443477e-03	-1.078347323486392357e-04
-5.095182977785817774e-04	1.520860828358913924e-04	1.915226619600801346e-04	6.906083012821464195e-05	-4.850354008574408625e-04	-1.825676232124172132e-03	1.653701101485473279e-03	-4.093699037136842118e-04	2.002215250379840565e-04	-1.438749717944320418e-02	5.395535438820268231e-03	7.276416096398699530e-04	1.932673973472588550e-03	-3.681640068700514916e-04	-1.545082226645709230e-04	1.161823613505912414e-02	-1.050345606572345033e-04	1.146592070585211211e-02	-1.999031424871921137e-03	-1.041317469425558691e-03	-7.234651372238996500e-03	1.818062553726829643e-03	-6.664789770060729115e-04	-2.480242003241706072e-02	-9.870198069997370045e-04	1.419624774287456606e-03	-1.065808422080407746e-04	-4.519443361550244329e-03	-4.125344740812203438e-04	1.474209363797553910e-03	5.226662748332576056e-05	-1.308026934617600653e-03	9.791886453058613762e-05	-2.041983088384885167e-03	-2.779564004035841099e-03	1.855792962303376295e-04	8.686334415365273842e-03	-5.078966137600858088e-04	8.029461684811994978e-04	8.408824602936930057e-03	8.555785762830821943e-04	-3.970055684064055729e-04	4.050499072770067147e-04	1.857481483324078912e-03	-1.757888939193033985e-04	-8.054465846058693826e-04	-7.581005732633765430e-05	9.756324151773175871e-05	1.144885220879967745e-03	-1.947298301763627517e-04	-3.731458997439370895e-04	-6.501780855847177605e-04	1.337708956445962747e-03	2.304387250563668093e-03	-4.001290871020146862e-03	9.065746632970805071e-04	-7.328258939800912260e-04	5.829272347867585358e-03	-9.569254971818454830e-03	-6.611949292965218269e-04	2.663468391223732662e-03	-2.061606193079241621e-04	1.394418272502924872e-03	-1.740071485907145402e-03
3.779099621595717997e-04	6.857686919647552545e-05	-7.823987532123028712e-05	3.278865543206765975e-04	4.841414538253221284e-05	-2.314347067286885717e-04	-5.104165801075068176e-04	4.419496978249615182e-04	6.857686920118386312e-05	2.145450983462777062e-03	-1.999031424866868321e-03	2.694553292119901758e-04	-1.156376003841061470e-05	-3.620213645286968012e-04	1.568490972194300996e-04	-1.050342097183752698e-03	-7.823987532404934830e-05	-1.999031424871921137e-03	3.299320695281331324e-03	-4.877552054239345171e-04	-2.014894800695092841e-03	1.415451075480383741e-03	-3.697213566452414897e-04	-3.217722438335991536e-05	3.278865543222960160e-04	2.694553292095529977e-04	-4.877552054191605581e-04	2.671019209382171061e-03	3.663093592557912863e-04	-1.234602653532708861e-03	5.263134431739249400e-05	4.384118708915968896e-04	4.841414538287385850e-05	-1.156376003477085314e-05	-2.014894800697007975e-03	3.663093592601780767e-04	2.201233325585904080e-03	-8.350075535975452160e-04	1.937189640047586731e-04	9.839802947032771571e-04	-2.314347067290099293e-04	-3.620213645323840644e-04	1.415451075480081465e-03	-1.234602653532351942e-03	-8.350075535908875642e-04	4.506117224822776303e-04	2.854901635008396093e-04	-1.473460297126163684e-04	-5.104165801047182496e-04	1.568490972235755195e-04	-3.697213566490692655e-04	5.263134431942254738e-05	1.937189639995994428e-04	2.854901634992564031e-04	3.078324054750341805e-05	-3.842350672320260681e-04	4.419496978210325864e-04	-1.050342097179199699e-03	-3.217722439498136325e-05	4.384118708952594872e-04	9.839802947072195331e-04	-1.473460297188429685e-04	-3.842350672233355914e-04	7.175304490534597504e-04
-1.866187217055534408e-05	1.339293651344933798e-03	-2.146963286359871088e-04	-4.232694459969718733e-04	-8.616606582182243781e-04	3.451015621819596775e-04	3.208635806249970370e-04	-2.631839352830878630e-03	-2.002511913234092302e-03	2.996932624056395538e-04	-1.065808422161586299e-04	-7.773178311540491700e-03	3.055049926138425284e-05	5.630836813636561728e-04	8.004953252454369457e-04	3.152152832079580446e-04	4.731195119462335529e-03	-1.041317469425558691e-03	-4.877552054239345171e-04	1.548847189178295149e-02	1.535319202078206432e-03	-1.019139418731047908e-02	1.051316980951287269e-03	1.369717108428639661e-03	5.254762810852373967e-05	-3.747651406329005879e-03	3.534136116377625206e-03	-7.223010370322286919e-04	-1.086222018076374567e-03	1.044520287654395916e-03	-5.318912705796622394e-04	5.323650225205932762e-04	-5.714788234994857066e-03	3.743657290350662411e-04	1.367225664163975894e-03	-6.243811682261947611e-03	-2.964347274361763332e-03	3.947767407925388376e-03	8.520414207751425897e-04	-1.399918080703104351e-03	7.191602853504811379e-04	2.882461112235736554e-03	-5.899838328478898726e-03	1.129436859401849536e-03	1.941314904800478221e-03	-9.103976185383771654e-04	9.994766951542590361e-04	-4.133310699975712875e-04	-1.761256241844056443e-04	-2.041281078986083557e-03	2.963397781292852456e-03	-4.099292638037363001e-04	-2.084063262728692804e-05	6.139651617839416656e-04	-1.720498277733449296e-03	1.384424809712982846e-03	-2.461834670587702972e-03	2.300102575086030929e-04	1.708128376913593816e-03	-7.943882981168812630e-04	-1.485688204285582790e-03	1.610793725231530766e-03	-1.633881186371118413e-03	-9.404395606671346261e-04
-1.006772136640641960e-04	-2.680147379700869074e-04	-7.500691570090737290e-05	-6.945411671858615259e-04	3.258435596712327834e-04	2.089738407030899275e-03	-5.077467944457266522e-04	-2.906953618369497198e-04	-2.925072163761582118e-04	9.605777798060419204e-03	-2.779564004045079369e-03	-1.154110123545852226e-03	-2.324728257073671242e-03	1.144048706265701027e-03	-5.349737908238614767e-08	-9.209785494326393901e-03	4.567580700534733913e-05	-7.234651372238996500e-03	-2.014894800695092841e-03	1.535319202078206432e-03	1.108482567136520429e-02	-4.326738973065657676e-03	8.101827780918720778e-04	2.430153270649948460e-02	-1.483591812048054538e-04	-1.891304760052106224e-03	1.367225664148659153e-03	-1.331528106945812241e-03	-3.299767862579069803e-04	7.674751302169738072e-04	1.121604268928249329e-04	4.510119978768603209e-04	1.738164370248789631e-04	1.418418840881195252e-03	5.560180675370939365e-03	-6.615173887916484278e-04	-1.318082703685383508e-02	2.180559469294067465e-03	-1.106929355358754561e-03	-1.021198674574404046e-02	1.862580063080464699e-04	1.201773837662210159e-03	-3.370345157284429256e-03	1.291873485496027735e-03	1.739999015574069047e-03	-1.051348246964456688e-04	-7.760471359308079289e-04	2.140093672912130182e-04	-6.201356596793011593e-04	-2.001168824159362393e-04	1.385943316032375340e-03	7.161151421720293275e-05	-1.876452558416335766e-03	-2.119098015199428336e-03	3.392056627694577369e-03	-3.741153295069841490e-04	5.876182558934314824e-05	-3.410012802848934495e-03	9.868990256361669100e-03	-2.036250268796770081e-04	-5.120922220282363505e-03	6.216126938708907684e-04	-7.604904521077143894e-04	-7.147326621135706090e-04
1.614030401687889353e-04	-1.054988613076623949e-03	-3.975352053103878801e-05	1.220726661488765342e-03	4.897514808758381393e-04	-1.955544667945987181e-03	2.532875569012880404e-04	3.894617751444104381e-03	-2.352628665321582820e-03	-1.388583496899013130e-03	4.050499072792660294e-04	3.656974067334404013e-03	4.263460334934247495e-04	-6.378540418330363657e-03	4.033478937137123174e-03	1.780694036078179273e-03	-2.477711088389288464e-05	1.818062553726829643e-03	1.415451075480383741e-03	-1.019139418731047908e-02	-4.326738973065657676e-03	2.063298587266437084e-02	-1.003995511540523716e-02	-8.086661042964965115e-03	8.250255374691568095e-04	4.709948737820095210e-03	-5.899838328479209242e-03	3.555123640651016489e-03	1.812567730076174600e-03	-1.958317653952351255e-03	5.594288884124855570e-04	-7.925400085477374941e-04	2.178068169279212193e-03	-4.373679801465364453e-04	-3.370345157284920616e-03	4.156631706885353245e-03	7.075703719557657409e-03	-6.774162147570253131e-03	4.134196610087691875e-03	4.400225144067420116e-03	-1.212258742525203778e-03	-4.093513723022837794e-03	1.197550135817994008e-02	-1.985059678858076913e-03	-4.811444931898149584e-03	1.076280973373783907e-03	-9.534591081823010419e-04	-9.963254730170826418e-05	4.270367220248205968e-05	1.941659929846097782e-03	-5.152885119919438373e-03	3.053836448690120308e-04	4.191206944569707445e-03	-2.192534169237120626e-04	1.413048821835042809e-03	-2.569500082841639750e-04	5.906344359711641553e-03	7.121810625357533672e-04	-5.160477016274991890e-03	2.124234343353934712e-03	3.340006506464696968e-03	-9.251147594829960716e-05	-1.906165561523642284e-03	1.143936356209104875e-03
-2.148307750481030906e-04	4.199574769236231976e-04	-1.075642148465473882e-04	-1.045900706093683954e-03	8.047994037621191473e-04	1.622331254193223188e-03	-5.050853953414218781e-04	-1.195739047612728347e-03	6.018228335602828979e-03	4.227194054953697065e-04	-3.731458997456938223e-04	1.457344251041106913e-03	1.302102980999844640e-04	3.443397992697323599e-03	-6.340214962432757020e-03	-6.150123048638069011e-04	-4.772348536175593549e-03	-6.664789770060729115e-04	-3.697213566452414897e-04	1.051316980951287269e-03	8.101827780918720778e-04	-1.003995511540523716e-02	1.539863240564850154e-02	3.135781941336847258e-03	-1.062205074810539584e-03	-1.238996345975414137e-03	2.963397781299923189e-03	-2.363304595485052860e-03	-9.506395732046230658e-04	1.140326493401010470e-03	-5.235364213259589405e-05	2.622661568505501662e-04	2.009580952608839427e-03	8.440495109772873199e-05	1.385943316024658640e-03	9.057826365637324396e-04	-2.199409268933456060e-03	4.757992508698992385e-04	-7.267856169520119786e-03	-1.647668841311915669e-03	7.214762975153521732e-04	5.222748448382510955e-04	-5.152885119929184049e-03	4.492761911799294443e-04	2.928305288341032445e-03	-1.847741799484109524e-04	3.778942966092685429e-04	7.855747486285298651e-04	1.355551923344385629e-04	-6.078486801810297976e-04	3.110710639074416688e-03	3.586899622628405161e-04	-4.667333438476209406e-03	-6.157030635708056259e-04	-2.221265379499995764e-04	-7.274372354643823075e-04	-2.257898142994957391e-03	-6.838255731456102833e-04	2.825711238862041105e-03	1.758358292977726511e-03	-1.395845580008100301e-03	-1.630091157217024300e-03	1.128911863106184417e-03	-4.530864199440849368e-04
9.353846867889605964e-04	-7.738357539517077676e-04	-5.348702586228584873e-04	-2.990171016376004629e-04	1.518782699971930666e-03	6.255334044329402543e-03	-3.898027418198312007e-03	1.626028867837824455e-04	-5.824570458816830934e-05	3.173732240761584222e-02	-9.569254971827798051e-03	-1.294480383564044221e-03	-5.742270748230540733e-03	2.225802139453786008e-03	-2.944167323490159928e-04	-3.012619485491174753e-02	-9.336899553833592552e-04	-2.480242003241706072e-02	-3.217722438335991536e-05	1.369717108428639661e-03	2.430153270649948460e-02	-8.086661042964965115e-03	3.135781941336847258e-03	7.293304837302737320e-02	1.296434611557837529e-03	-4.394654422053430841e-03	1.708128376890859831e-03	5.460756175057578446e-03	5.992421659133553537e-05	-1.697531591289826083e-03	6.506620636411798763e-04	1.731125660111444481e-03	1.477613556393220576e-03	4.686823730919453118e-03	9.868990256336333464e-03	1.609538174917669092e-04	-2.895886965293874293e-02	2.820672119429263550e-03	-3.104956019928075545e-03	-2.728417653843955709e-02	-2.132356502382905424e-03	2.156878290362908724e-03	-5.160477016277076161e-03	-2.916607454261547529e-03	3.177151838882939696e-03	2.332624272686964310e-03	-2.089695996981904072e-03	8.234556486648303550e-04	-1.954477075795946379e-03	1.580116344905839899e-04	2.825711238878351409e-03	1.688309692635256258e-03	-5.617282633112868906e-03	-7.342335115209928584e-03	1.082218067081177487e-02	-2.687169301467884613e-03	1.862198585282692992e-03	-1.171061571749334312e-02	2.153808754007272702e-02	1.522253559318803183e-03	-9.898845488014793373e-03	4.716927940051735229e-04	-2.372798503388466075e-03	1.280243420698116887e-03
1.057972292882108228e-03	-1.030502514471327933e-03	1.068092904287028022e-04	9.036032634896783849e-03	3.661357026834996748e-04	-1.288862525779232125e-02	6.119298133251535252e-03	1.310077268018478708e-03	-1.128111162118026253e-03	1.904379826851235798e-03	6.906083013362166660e-05	-1.893155520865541768e-03	-4.833930279531773551e-04	2.918447453904771311e-04	6.687425497613596476e-04	-1.035314728788450881e-03	3.480530046329933938e-04	-9.870198069997370045e-04	3.278865543222960160e-04	5.254762810852373967e-05	-1.483591812048054538e-04	8.250255374691568095e-04	-1.062205074810539584e-03	1.296434611557837529e-03	1.132850102285919147e-02	-2.010577461908115426e-03	-4.232694460041842030e-04	2.762148552944075630e-02	3.803815035890436777e-04	-1.094148387995920457e-02	-8.155754335867741473e-04	3.993066764774514093e-04	1.513711539487297387e-04	2.522845417624739383e-04	-6.945411671928968054e-04	1.561807504777716822e-04	1.490201438229037502e-03	-2.719217580285835344e-04	4.607367502531040018e-04	-4.022881929788701830e-04	-1.602478492112045447e-02	5.086362324542744980e-04	1.220726661511396111e-03	-1.284617381494810445e-02	-5.179704683589816732e-04	2.407290023217878872e-03	7.498073085576822602e-03	4.378715877245339532e-05	7.152871618569030948e-03	5.299704446492531232e-04	-1.045900706102301627e-03	1.382240205143058648e-03	5.635529721839485119e-04	5.196403423162243573e-03	-1.533735110989789194e-02	-8.616170757808115990e-04	1.244301425587633885e-03	-8.846417448478740555e-04	-2.990171016675469400e-04	4.173553884505315113e-04	1.025971177279663476e-03	1.877929141929142345e-04	-1.116597619611218659e-03	3.875449977396737324e-04
-3.362972802553134723e-04	2.374897902612383219e-03	-2.485783225214313000e-03	-1.893155520845245503e-03	2.991161522245396227e-03	1.851229859203671778e-03	-7.357265707878891991e-04	2.330620482600519270e-03	1.767746856734243822e-04	-2.037427180048843964e-03	7.276416096250517282e-04	6.958364339995636548e-03	1.014219731244095889e-04	-4.362538970739083741e-03	1.899998117742853192e-03	1.312508579175220144e-03	-4.390622277722794364e-04	1.419624774287456606e-03	2.694553292095529977e-04	-3.747651406329005879e-03	-1.891304760052106224e-03	4.709948737820095210e-03	-1.238996345975414137e-03	-4.394654422053430841e-03	-2.010577461908115426e-03	1.444591353874011622e-02	-7.773178311540175113e-03	-5.624861564440235967e-03	4.047682602851879999e-04	2.019435042786443639e-03	1.306990791147168022e-04	-6.538610213920756364e-03	1.520901370515421579e-03	-3.677669656958241985e-04	-1.154110123524916065e-03	3.609641618549599583e-04	3.054954787089751798e-03	5.471899404927649474e-04	-3.889916325447521570e-03	2.248469943191087200e-03	3.158831769801717128e-03	-5.861516229544179446e-03	3.656974067312409021e-03	2.317024746388748110e-03	2.558187358054646657e-03	-1.958555337548217954e-04	-1.677890836670741393e-03	4.298458343520474879e-03	-1.499702015493107991e-03	1.399983538010025896e-03	1.457344251055034574e-03	-2.075858961508232387e-04	-6.938941884298406755e-03	-1.074571050668220564e-03	3.565911917596437802e-03	-5.374859411170712122e-03	1.703671395075630549e-03	3.353075207992753620e-04	-1.294480383513212703e-03	-2.339640995232449006e-03	1.259046490058772635e-03	2.146331393779408840e-03	-2.966614462681958948e-03	4.368221978626483167e-04
-1.866187216760087960e-05	-2.002511913232860648e-03	4.731195119472043908e-03	5.254762809659525250e-05	-5.714788235012794107e-03	7.191602853767211073e-04	-1.761256242002469494e-04	-2.461834670603742226e-03	1.339293651344564302e-03	2.996932623892800815e-04	-1.041317469421056650e-03	-3.747651406339536084e-03	3.743657290388369878e-04	2.882461112240965011e-03	-2.041281078992965205e-03	2.300102575199450402e-04	-2.146963286385870527e-04	-1.065808422080407746e-04	-4.877552054191605581e-04	3.534136116377625206e-03	1.367225664148659153e-03	-5.899838328479209242e-03	2.963397781299923189e-03	1.708128376890859831e-03	-4.232694460041842030e-04	-7.773178311540175113e-03	1.548847189179264165e-02	-7.223010370709013160e-04	-6.243811682270919601e-03	1.129436859418577691e-03	-4.099292638065902454e-04	-7.943882981231093540e-04	-8.616606582113545479e-04	3.055049925956137018e-05	1.535319202067493864e-03	-1.086222018071084962e-03	-2.964347274338120786e-03	1.941314904796830314e-03	-2.084063262894404636e-05	-1.485688204270657013e-03	3.451015621997668308e-04	5.630836813644038387e-04	-1.019139418729392635e-02	1.044520287677873447e-03	3.947767407917712225e-03	-9.103976185422668491e-04	6.139651617718392589e-04	1.610793725227012895e-03	3.208635806107997890e-04	8.004953252449514400e-04	1.051316980937039118e-03	-5.318912705840805801e-04	8.520414207913804688e-04	9.994766951391294285e-04	-1.720498277693689650e-03	-1.633881186358279941e-03	-2.631839352815833373e-03	3.152152832136131348e-04	1.369717108407837291e-03	5.323650225355629640e-04	-1.399918080693619534e-03	-4.133310700042714400e-04	1.384424809716327826e-03	-9.404395606651444646e-04
3.554673435896677208e-03	-2.623365037217162410e-03	3.906435875010339670e-04	2.762148552945942886e-02	9.230086202268280226e-04	-3.767806411159745072e-02	1.515956709544076866e-02	3.569363559257426703e-03	-2.623365037230926140e-03	1.056916040114096525e-02	-4.519443361539853335e-03	-5.624861564497742918e-03	-1.588304362696643245e-04	9.533149817201473685e-04	1.526587676938051226e-03	-5.932934348097872526e-03	3.906435875064566041e-04	-4.519443361550244329e-03	2.671019209382171061e-03	-7.223010370322286919e-04	-1.331528106945812241e-03	3.555123640651016489e-03	-2.363304595485052860e-03	5.460756175057578446e-03	2.762148552944075630e-02	-5.624861564440235967e-03	-7.223010370709013160e-04	8.334731165738476499e-02	1.299098978406450743e-03	-3.551263081353984996e-02	2.245781788209624819e-03	2.057467486831574075e-03	9.230086202218620514e-04	-1.588304362577823089e-04	-1.331528106955795791e-03	1.299098978398179147e-03	4.502824403075034176e-03	-2.049418014902904765e-03	1.095237930874854186e-03	6.032724031773183202e-04	-3.767806411155266710e-02	9.533149816760161117e-04	3.555123640725363268e-03	-3.551263081351251766e-02	-2.049418014922945591e-03	8.044565637658398355e-03	1.405205698779112347e-02	-1.581444827956469761e-04	1.515956709542963694e-02	1.526587676951305598e-03	-2.363304595514193612e-03	2.245781788193734752e-03	1.095237930880330491e-03	1.405205698780662323e-02	-3.218637206681227575e-02	-2.816210266253771615e-03	3.569363559257811812e-03	-5.932934348066354335e-03	5.460756175003406501e-03	2.057467486851380714e-03	6.032724031986388307e-04	-1.581444828099509096e-04	-2.816210266241246044e-03	2.487887686503485827e-03
-2.256105245992953766e-05	1.570647843000243932e-03	-2.674341343473258300e-03	1.561807504773192175e-04	2.960426485653855182e-03	-8.850883021119134147e-04	2.927625701109438732e-04	2.078801638941716289e-03	-5.537593555343626062e-04	3.083713513599023741e-04	1.855792962323044807e-04	3.609641618644554009e-04	-2.179114657534051574e-04	-1.886562127000564247e-04	4.651461584318356793e-04	-5.424529608055225077e-04	1.211656915820089145e-04	-4.125344740812203438e-04	3.663093592557912863e-04	-1.086222018076374567e-03	-3.299767862579069803e-04	1.812567730076174600e-03	-9.506395732046230658e-04	5.992421659133553537e-05	3.803815035890436777e-04	4.047682602851879999e-04	-6.243811682270919601e-03	1.299098978406450743e-03	4.916349475415682929e-03	-1.420081886632321936e-03	2.133812215362591814e-04	6.111491167859346360e-03	-1.125080025827932331e-05	1.522488353933035342e-04	-6.615173887897596392e-04	5.602022810003681437e-04	8.769555416553903625e-04	-1.098544348773280131e-03	7.467309188081375660e-04	2.543195599506707671e-04	-5.435341794916555107e-04	1.203048211067689766e-03	4.156631706881508230e-03	-9.015722587234338515e-04	-4.746375894425034631e-03	6.790852147968142946e-04	5.711283150745091779e-05	-3.722584243066719666e-03	1.100429097904107609e-04	-1.479078546061150280e-03	9.057826365705349408e-04	3.544562248172400832e-04	1.380033489826381840e-03	-2.262406746000162044e-04	-1.320099459235635881e-04	2.616532162080421539e-03	6.576245386426240926e-04	-3.182496272074426618e-04	1.609538174922249304e-04	2.166764439362896494e-04	2.180172486775011002e-04	-4.422179502625574014e-04	2.012775213418244245e-04	3.177626526917412281e-04
-1.691021177050530070e-03	8.829192437451915867e-04	1.967805666773923985e-04	-1.284617381496048170e-02	-8.296603308165168347e-04	1.863842960892527628e-02	-7.924761998476900771e-03	-2.437029715305153929e-03	1.160381675323009145e-03	-3.931940358395161726e-03	1.857481483320682757e-03	2.317024746414899933e-03	-2.278174709494187763e-05	-6.354306456953541515e-04	-5.896040362419869250e-04	2.897781938762420545e-03	6.579215291538029198e-05	1.474209363797553910e-03	-1.234602653532708861e-03	1.044520287654395916e-03	7.674751302169738072e-04	-1.958317653952351255e-03	1.140326493401010470e-03	-1.697531591289826083e-03	-1.094148387995920457e-02	2.019435042786443639e-03	1.129436859418577691e-03	-3.551263081353984996e-02	-1.420081886632321936e-03	1.828324412753952119e-02	-2.997967585819223679e-03	-2.441776390134517243e-03	-7.192922637669261175e-04	-4.292844456105423536e-05	1.291873485499859088e-03	-9.015722587154062018e-04	-2.187547967774258056e-03	1.108547229224067119e-03	-7.261628789344056487e-04	-6.980011364941182683e-04	1.460095413534694131e-02	-4.262151212464774554e-04	-1.985059678893570222e-03	1.414155031088791363e-02	1.900436088314502552e-03	-3.999178929105709837e-03	-5.141233282800267840e-03	8.237835898128011624e-04	-5.608764424987126677e-03	-4.168001339582029226e-04	4.492761912013727406e-04	1.641190068929483756e-04	-6.121575315630447753e-04	-7.258794416829215078e-03	1.525679264723031267e-02	1.060765107710502598e-03	-1.946900455099893207e-03	2.204762764035096342e-03	-2.916607454239804071e-03	-1.019384882210397098e-03	5.027538378031455330e-04	1.394671161835426025e-04	1.202795793642694525e-03	-9.833335301239474243e-04
5.761084526085989092e-04	5.574515700528800488e-06	-1.644863992855097226e-04	1.382240205148348037e-03	1.966581254100407505e-04	-1.945453776283578851e-03	1.033895468835894322e-03	4.500552568201393057e-04	9.885559381192561708e-06	7.444539003498868313e-04	-6.501780855828103237e-04	-2.075858961521080725e-04	2.814156749849784211e-04	1.504406087765397342e-04	-1.611255300557041625e-04	-9.000490305551718789e-04	-2.775127316873257405e-04	5.226662748332576056e-05	5.263134431739249400e-05	-5.318912705796622394e-04	1.121604268928249329e-04	5.594288884124855570e-04	-5.235364213259589405e-05	6.506620636411798763e-04	-8.155754335867741473e-04	1.306990791147168022e-04	-4.099292638065902454e-04	2.245781788209624819e-03	2.133812215362591814e-04	-2.997967585819223679e-03	3.639568907276076459e-03	4.806238706630803787e-04	4.031471319075075619e-04	-3.228368843923317311e-04	7.161151421820110348e-05	3.544562248128389813e-04	-6.558926281512891094e-05	-3.529706559239914761e-04	1.808177827962487204e-04	3.841384422862418246e-04	1.407088961850861460e-03	-2.578984738953293940e-05	3.053836448725215933e-04	1.641190068874580842e-04	-2.914638520221348090e-04	2.994389337814800517e-04	-2.664303819752059446e-03	-1.533692035799221138e-04	-1.071983189822343484e-03	-1.110998034387374706e-04	3.586899622560085245e-04	-3.722660674139886740e-04	-1.178057803722633382e-04	3.928173326956315185e-04	1.631848796271295190e-03	-1.308379729648315539e-04	4.687760546907505303e-04	-5.665190997719805280e-04	1.688309692636623871e-03	4.745244088604166455e-04	-1.138865232873334955e-03	-1.869635875154695753e-04	3.942545951956864618e-05	1.378762519761577321e-04
-1.133597146103286176e-04	2.065805600555163310e-03	-1.583815305131329194e-03	4.173553884376076046e-04	1.280171250124195748e-03	-1.648739719939353986e-03	8.759417536463524456e-04	4.141149799360551928e-03	-1.161268707575419232e-04	1.109175182078682214e-03	-6.611949292878472337e-04	-2.339640995211428494e-03	-6.296752919292408226e-05	2.699275719910730967e-03	-1.244245520662827899e-03	-1.183811872298276471e-03	2.104978647434666938e-04	-1.308026934617600653e-03	4.384118708915968896e-04	5.323650225205932762e-04	4.510119978768603209e-04	-7.925400085477374941e-04	2.622661568505501662e-04	1.731125660111444481e-03	3.993066764774514093e-04	-6.538610213920756364e-03	-7.943882981231093540e-04	2.057467486831574075e-03	6.111491167859346360e-03	-2.441776390134517243e-03	4.806238706630803787e-04	1.705499966563952391e-02	-1.055444952878137289e-03	5.360599813534442249e-04	-2.036250268877848888e-04	2.166764439415761649e-04	-5.283002614232107635e-04	-1.261867094160431689e-03	2.527222750570976006e-03	-6.495098459071773581e-04	-1.010244212514017654e-03	3.127674049015513429e-03	2.124234343356340773e-03	-1.019384882204798495e-03	-8.382220467645740830e-03	5.862559887893001569e-04	7.003777540444933690e-04	-8.189482504113700101e-03	7.675392553395145312e-04	-2.563078585779457810e-03	1.758358292974119804e-03	4.745244088637797864e-04	4.831254382232096772e-03	5.845355564698352310e-04	-2.150416575789198918e-03	3.942488215025903402e-03	-1.926652762308452308e-04	-2.354387982845805604e-04	1.522253559296870423e-03	1.688593799416759737e-03	-8.321266074635008149e-04	-2.190006082805847666e-03	2.389064914671023589e-03	-1.929206055129011478e-04
3.125035902304148085e-05	-3.348944602802369618e-05	-4.024559634953316090e-04	3.661357026837697495e-04	6.710427745802999147e-04	-4.830115907934057207e-04	7.429524535255358766e-05	5.440875058026176277e-04	1.439240687734984463e-03	5.944059554556870061e-04	-4.850354008576663765e-04	2.991161522230565209e-03	-4.290424574911986004e-06	3.315914730169047288e-04	-1.401475605685746466e-03	-8.119690334858287520e-04	-2.862767269554977734e-03	9.791886453058613762e-05	4.841414538287385850e-05	-5.714788234994857066e-03	1.738164370248789631e-04	2.178068169279212193e-03	2.009580952608839427e-03	1.477613556393220576e-03	1.513711539487297387e-04	1.520901370515421579e-03	-8.616606582113545479e-04	9.230086202218620514e-04	-1.125080025827932331e-05	-7.192922637669261175e-04	4.031471319075075619e-04	-1.055444952878137289e-03	3.972366556076731281e-03	-2.511755140610041253e-04	3.258435596710027157e-04	2.960426485648486213e-03	-3.297955090206647257e-04	-1.106123902078595721e-03	-2.593322733507965640e-03	-4.938609854472067375e-04	-6.470391713196922343e-04	-8.129565819075469831e-04	4.897514808624505193e-04	-8.296603308150236715e-04	4.887261214110558876e-04	4.872726256150261125e-04	-4.952279240565311564e-04	8.324882827553177923e-04	1.380851606688167691e-04	2.747009746173406175e-04	8.047994037726909859e-04	1.966581254085943706e-04	-2.090221217330296734e-03	-1.353267611694082767e-04	5.034436278595279431e-04	-1.208049388179889376e-03	1.485187803823104224e-03	-7.755428170036118406e-04	1.518782699973696831e-03	1.280171250129278054e-03	-5.483494253104786260e-04	-1.237169498869903055e-03	1.692422505541719448e-03	1.066917476583960627e-04
-4.485825690123126187e-05	-2.692866727260309514e-06	2.556601041703513967e-05	-4.833930279513563291e-04	-4.290424574250588797e-06	7.408424348890455848e-04	3.857888542064306329e-05	1.038305203594915667e-05	-7.669665691461225127e-05	-2.488879241918785616e-04	1.932673973472444785e-03	1.014219731250566949e-04	-1.204666429036165606e-03	-1.050554350865941971e-05	3.149418994605331871e-05	-2.001148694295823427e-03	1.812587250229734121e-04	-2.041983088384885167e-03	-1.156376003477085314e-05	3.743657290350662411e-04	1.418418840881195252e-03	-4.373679801465364453e-04	8.440495109772873199e-05	4.686823730919453118e-03	2.522845417624739383e-04	-3.677669656958241985e-04	3.055049925956137018e-05	-1.588304362577823089e-04	1.522488353933035342e-04	-4.292844456105423536e-05	-3.228368843923317311e-04	5.360599813534442249e-04	-2.511755140610041253e-04	1.968291842782712592e-03	-2.324728257079924920e-03	-2.179114657511459511e-04	3.699265438943268426e-04	7.300754414754295697e-05	1.513905735103440319e-04	-1.826019636654966499e-03	-8.821758766732437813e-04	-6.771160933004604428e-05	4.263460334955268007e-04	-2.278174710136500301e-05	-3.101815774459201042e-04	-1.063892143180565885e-04	1.186581953614210304e-03	-2.516228601719190010e-04	2.109757686636101303e-04	-2.388502953394669855e-05	1.302102980954534476e-04	2.814156749882595421e-04	-1.708583333322245303e-04	-3.833461298300547054e-04	-9.329068410470987751e-04	2.123647426814241602e-05	2.012240525982254271e-04	2.333008248372589119e-03	-5.742270748239268995e-03	-6.296752919041251437e-05	2.294537052593159134e-03	7.799111709080693206e-05	-3.486981418491388136e-04	5.192755000702322168e-04
-1.006772136656720271e-04	-2.925072163670161107e-04	4.567580700141712658e-05	-1.483591812040490059e-04	1.738164370225493650e-04	1.862580063033198092e-04	-6.201356596740156737e-04	5.876182557583987096e-05	-2.680147379802200235e-04	9.605777798056578526e-03	-7.234651372252501322e-03	-1.891304760075336339e-03	1.418418840889424781e-03	1.201773837663027214e-03	-2.001168824101076768e-04	-3.410012802836805308e-03	-7.500691569519793715e-05	-2.779564004035841099e-03	-2.014894800697007975e-03	1.367225664163975894e-03	5.560180675370939365e-03	-3.370345157284920616e-03	1.385943316024658640e-03	9.868990256336333464e-03	-6.945411671928968054e-04	-1.154110123524916065e-03	1.535319202067493864e-03	-1.331528106955795791e-03	-6.615173887897596392e-04	1.291873485499859088e-03	7.161151421820110348e-05	-2.036250268877848888e-04	3.258435596710027157e-04	-2.324728257079924920e-03	1.108482567138220284e-02	-3.299767862614135070e-04	-1.318082703687548964e-02	1.739999015576789310e-03	-1.876452558415726227e-03	-5.120922220281516959e-03	2.089738407040871767e-03	1.144048706258560255e-03	-4.326738973060099622e-03	7.674751302218710399e-04	2.180559469289802647e-03	-1.051348246983109980e-04	-2.119098015202738189e-03	6.216126938702625816e-04	-5.077467944488867763e-04	-5.349738172808339402e-08	8.101827780971200500e-04	1.121604268900630228e-04	-1.106929355357759263e-03	-7.760471359272839466e-04	3.392056627691904594e-03	-7.604904521008271035e-04	-2.906953618246281416e-04	-9.209785494340521489e-03	2.430153270655479106e-02	4.510119978838357524e-04	-1.021198674576980631e-02	2.140093672947922677e-04	-3.741153295196644898e-04	-7.147326621189822957e-04
-2.256105245812458499e-05	-5.537593555357346641e-04	1.211656915814341925e-04	3.803815035885181649e-04	-1.125080025622078422e-05	-5.435341794880696204e-04	1.100429097853690853e-04	6.576245386487125383e-04	1.570647842997517814e-03	3.083713513597875029e-04	-4.125344740846631194e-04	4.047682602774821956e-04	1.522488353931677921e-04	1.203048211070046388e-03	-1.479078546060620105e-03	-3.182496272091911004e-04	-2.674341343468025940e-03	1.855792962303376295e-04	3.663093592601780767e-04	-6.243811682261947611e-03	-6.615173887916484278e-04	4.156631706885353245e-03	9.057826365637324396e-04	1.609538174917669092e-04	1.561807504777716822e-04	3.609641618549599583e-04	-1.086222018071084962e-03	1.299098978398179147e-03	5.602022810003681437e-04	-9.015722587154062018e-04	3.544562248128389813e-04	2.166764439415761649e-04	2.960426485648486213e-03	-2.179114657511459511e-04	-3.299767862614135070e-04	4.916349475413845857e-03	8.769555416588231634e-04	-4.746375894429570932e-03	1.380033489831378711e-03	2.180172486770268702e-04	-8.850883021086013939e-04	-1.886562126935748473e-04	1.812567730068049155e-03	-1.420081886630416342e-03	-1.098544348772611829e-03	6.790852147964792761e-04	-2.262406746032808455e-04	-4.422179502662647766e-04	2.927625701075506999e-04	4.651461584278373043e-04	-9.506395731990202342e-04	2.133812215362371179e-04	7.467309188063893984e-04	5.711283150321527194e-05	-1.320099459117339124e-04	2.012775213443765280e-04	2.078801638939264691e-03	-5.424529608021563852e-04	5.992421659119109931e-05	6.111491167867185575e-03	2.543195599522731095e-04	-3.722584243072970742e-03	2.616532162087053387e-03	3.177626526909022183e-04
2.882438279181901526e-04	5.597010689918273472e-04	-3.499529445482726719e-05	1.490201438226316805e-03	-3.297955090181999547e-04	-2.150462760253752867e-03	7.374330003021730123e-04	-1.526885517692865100e-05	5.597010690070556172e-04	-1.511751788804949898e-02	8.686334415388831387e-03	3.054954787132573447e-03	3.699265438779216712e-04	-2.222808997419601501e-03	2.173570497389971001e-04	1.040068549734297736e-02	-3.499529446173736875e-05	8.686334415365273842e-03	2.201233325585904080e-03	-2.964347274361763332e-03	-1.318082703685383508e-02	7.075703719557657409e-03	-2.199409268933456060e-03	-2.895886965293874293e-02	1.490201438229037502e-03	3.054954787089751798e-03	-2.964347274338120786e-03	4.502824403075034176e-03	8.769555416553903625e-04	-2.187547967774258056e-03	-6.558926281512891094e-05	-5.283002614232107635e-04	-3.297955090206647257e-04	3.699265438943268426e-04	-1.318082703687548964e-02	8.769555416588231634e-04	2.332318004124907251e-02	-3.228588599572170242e-03	2.418649173012704136e-03	1.364919077149751893e-02	-2.150462760262971187e-03	-2.222808997407804514e-03	7.075703719548088674e-03	-2.187547967774240276e-03	-3.228588599567655624e-03	4.852680985752065536e-04	1.401953296364630156e-03	-6.791983817714766260e-04	7.374330003074686894e-04	2.173570497430596599e-04	-2.199409268938086470e-03	-6.558926281491739665e-05	2.418649173009111523e-03	1.401953296360895079e-03	-2.701685815460986174e-03	1.307051619926652810e-03	-1.526885519856629059e-05	1.040068549737455973e-02	-2.895886965302923999e-02	-5.283002614406259777e-04	1.364919077152818884e-02	-6.791983817716575793e-04	1.307051619940851304e-03	1.447012696669055035e-03
1.019885778160567339e-05	6.806455464609209062e-04	-3.463929561582164049e-04	-5.179704683541447221e-04	4.887261214063329945e-04	8.470538307074238112e-04	-2.155764426113288652e-04	-1.043691864805961454e-03	-6.712888985804006539e-04	6.544219536766426220e-04	-1.757888939106870812e-04	2.558187358044966900e-03	-3.101815774469086255e-04	-1.071446221138991437e-03	1.484248827158702721e-03	-6.521726867198479952e-04	1.455593236126889560e-03	-5.078966137600858088e-04	-8.350075535975452160e-04	3.947767407925388376e-03	2.180559469294067465e-03	-6.774162147570253131e-03	4.757992508698992385e-04	2.820672119429263550e-03	-2.719217580285835344e-04	5.471899404927649474e-04	1.941314904796830314e-03	-2.049418014902904765e-03	-1.098544348773280131e-03	1.108547229224067119e-03	-3.529706559239914761e-04	-1.261867094160431689e-03	-1.106123902078595721e-03	7.300754414754295697e-05	1.739999015576789310e-03	-4.746375894429570932e-03	-3.228588599572170242e-03	8.099331899975407978e-03	-6.111031881838741193e-03	-1.832083612789701336e-03	1.158743846775653124e-03	4.504329878887865213e-04	-4.811444931893676599e-03	1.900436088307709374e-03	2.769450293223186740e-03	-7.450205405332638656e-04	2.284102393322365209e-05	1.034564091201928358e-03	-4.200744568251473616e-04	-6.339626434955294987e-04	2.928305288337172685e-03	-2.914638520228420883e-04	-3.658211492850267296e-03	-2.794505651795527244e-04	8.358342152727917061e-04	-7.844424603764121179e-04	-3.066377333675656021e-03	-5.099920619912888574e-04	3.177151838878281530e-03	-8.382220467655215890e-03	-1.704572435349819897e-03	5.239662067810196659e-03	-3.875230485160517570e-03	-5.260604327443406478e-04
6.528547167900479648e-05	-9.343086560005390596e-04	1.248370246211784199e-03	5.635529721848062243e-04	-2.090221217325239147e-03	-1.009525274834380780e-03	4.806683569576285621e-04	-1.165033646909045291e-04	-2.449376633332222240e-03	-1.583283587102224908e-03	1.337708956437174204e-03	-6.938941884274034758e-03	-1.708583333340106991e-04	3.088808300181986218e-03	-8.544354824571888515e-05	8.667697891815961389e-04	2.148672058910335719e-03	8.029461684811994978e-04	1.937189640047586731e-04	8.520414207751425897e-04	-1.106929355358754561e-03	4.134196610087691875e-03	-7.267856169520119786e-03	-3.104956019928075545e-03	4.607367502531040018e-04	-3.889916325447521570e-03	-2.084063262894404636e-05	1.095237930874854186e-03	7.467309188081375660e-04	-7.261628789344056487e-04	1.808177827962487204e-04	2.527222750570976006e-03	-2.593322733507965640e-03	1.513905735103440319e-04	-1.876452558415726227e-03	1.380033489831378711e-03	2.418649173012704136e-03	-6.111031881838741193e-03	1.417000954798113520e-02	1.840871484193775569e-03	-9.046837429023651522e-04	1.105674650468696334e-03	4.191206944580935442e-03	-6.121575315569708579e-04	-3.658211492853315205e-03	2.148897386257570289e-04	-5.571648210978292896e-06	-2.181576122921681689e-03	4.338562540958316028e-04	2.683724206983008603e-04	-4.667333438484874350e-03	-1.178057803747575589e-04	8.050677471674309860e-03	7.729902094386053310e-04	-1.836905469141113332e-03	2.915605875346482731e-03	8.351310940366942544e-04	1.861945772881472630e-03	-5.617282633097928600e-03	4.831254382225539518e-03	2.119556857892514710e-03	-4.646015381765674496e-03	7.214691215631039573e-03	4.374685316284156536e-04
-6.641345549130721793e-05	4.550952762176744171e-04	1.000334432307300276e-04	1.025971177269950326e-03	-5.483494253104123813e-04	-2.865094209910534154e-03	1.131765471240625803e-03	-1.442550201104632964e-04	1.938117001065180114e-04	-1.009798881834745796e-02	2.663468391235105075e-03	1.259046490085040902e-03	2.294537052584235716e-03	-1.196080737512441282e-03	1.097206950767686570e-04	9.809874585033191707e-03	1.946552276343468772e-04	8.408824602936930057e-03	9.839802947032771571e-04	-1.399918080703104351e-03	-1.021198674574404046e-02	4.400225144067420116e-03	-1.647668841311915669e-03	-2.728417653843955709e-02	-4.022881929788701830e-04	2.248469943191087200e-03	-1.485688204270657013e-03	6.032724031773183202e-04	2.543195599506707671e-04	-6.980011364941182683e-04	3.841384422862418246e-04	-6.495098459071773581e-04	-4.938609854472067375e-04	-1.826019636654966499e-03	-5.120922220281516959e-03	2.180172486770268702e-04	1.364919077149751893e-02	-1.832083612789701336e-03	1.840871484193775569e-03	1.270708421032866638e-02	8.780681682788267148e-04	-1.289400993713517079e-03	3.340006506459697495e-03	5.027538378143461004e-04	-1.704572435349096301e-03	-5.032259547599224293e-04	3.099203764963344215e-05	-3.760906503569563710e-04	7.159935579340330133e-05	6.982434942407830954e-05	-1.395845580010871955e-03	-1.138865232876259698e-03	2.119556857893215539e-03	2.974775782236383555e-03	-2.422283312553538508e-03	8.642345500439396148e-04	-6.591281739144781238e-04	4.211762687227191791e-03	-9.898845488043622742e-03	-8.321266074754816826e-04	5.311831254438750816e-03	-3.926931477284671028e-04	1.302265893423945001e-03	1.418551813784138483e-03
-1.518463796643104504e-05	1.757996137191276736e-03	-3.097757334143828086e-04	-1.288862525778330763e-02	-4.830115907968766855e-04	2.160541371661255095e-02	-1.301678226786410694e-02	-2.656536151141787594e-03	1.089758393624574691e-03	5.087854349267651637e-04	-1.825676232134317229e-03	1.851229859242535004e-03	7.408424348900294982e-04	-2.797627211224208601e-04	-6.806176968141724494e-04	-3.419764444637609009e-05	6.707044884106977303e-05	8.555785762830821943e-04	-2.314347067290099293e-04	7.191602853504811379e-04	1.862580063080464699e-04	-1.212258742525203778e-03	7.214762975153521732e-04	-2.132356502382905424e-03	-1.602478492112045447e-02	3.158831769801717128e-03	3.451015621997668308e-04	-3.767806411155266710e-02	-5.435341794916555107e-04	1.460095413534694131e-02	1.407088961850861460e-03	-1.010244212514017654e-03	-6.470391713196922343e-04	-8.821758766732437813e-04	2.089738407040871767e-03	-8.850883021086013939e-04	-2.150462760262971187e-03	1.158743846775653124e-03	-9.046837429023651522e-04	8.780681682788267148e-04	2.945901101768183192e-02	-5.406322486502284285e-04	-1.955544667982840514e-03	1.863842960890709638e-02	8.470538307173847018e-04	-4.982240424086378187e-04	-1.799366596471476190e-02	-1.734739497070329024e-04	-1.616296418892870096e-02	-9.693083766115649560e-04	1.622331254209042999e-03	-1.945453776278250647e-03	-1.009525274839063015e-03	-1.379198790739017029e-02	3.783917315322894714e-02	1.743184900845454275e-03	-3.004356945832891736e-03	-1.924465081976729861e-03	6.255334044368003610e-03	-1.648739719959908725e-03	-2.865094209922137720e-03	1.390041737519449329e-04	1.864848069300719790e-03	4.777945005903878536e-04
1.533231318410423650e-04	1.348755679411307471e-03	-1.302600092909720177e-03	2.918447453727035339e-04	3.315914730089640863e-04	-2.797627210894091266e-04	1.405791050678271298e-04	-4.016618235542047249e-03	-1.398828446461846020e-05	7.371049249112318407e-04	-3.681640068587824569e-04	-4.362538970742188896e-03	-1.050554351259095362e-05	2.834687262452311417e-03	-1.031199496491992922e-03	-5.344451291442758227e-04	5.635210778623307194e-04	-3.970055684064055729e-04	-3.620213645323840644e-04	2.882461112235736554e-03	1.201773837662210159e-03	-4.093513723022837794e-03	5.222748448382510955e-04	2.156878290362908724e-03	5.086362324542744980e-04	-5.861516229544179446e-03	5.630836813644038387e-04	9.533149816760161117e-04	1.203048211067689766e-03	-4.262151212464774554e-04	-2.578984738953293940e-05	3.127674049015513429e-03	-8.129565819075469831e-04	-6.771160933004604428e-05	1.144048706258560255e-03	-1.886562126935748473e-04	-2.222808997407804514e-03	4.504329878887865213e-04	1.105674650468696334e-03	-1.289400993713517079e-03	-5.406322486502284285e-04	8.140188405538052382e-03	-6.378540418315315798e-03	-6.354306456802759351e-04	-1.071446221147787353e-03	1.086854619209031054e-04	4.404068737185640355e-04	-5.281475567612662486e-03	2.418961426908294106e-04	-4.898355178264415452e-03	3.443397992689094505e-03	1.504406087791429307e-04	3.088808300194914244e-03	1.528020340628355109e-04	-1.164820832832440169e-03	9.172523219495389013e-03	-1.568941794594532011e-03	-8.770612910181130881e-04	2.225802139424929750e-03	2.699275719924705032e-03	-1.196080737500660341e-03	-1.638869105253645906e-03	1.875602374191568441e-03	-1.001545617971764777e-04
1.614030401671709262e-04	-2.352628665327017275e-03	-2.477711088885430220e-05	8.250255374981475083e-04	2.178068169291477556e-03	-1.212258742584016108e-03	4.270367223346231006e-05	5.906344359729720842e-03	-1.054988613067199413e-03	-1.388583496892943549e-03	1.818062553722524927e-03	4.709948737842408958e-03	-4.373679801455578444e-04	-4.093513723031729987e-03	1.941659929850186091e-03	7.121810625346145212e-04	-3.975352052705288135e-05	4.050499072770067147e-04	1.415451075480081465e-03	-5.899838328478898726e-03	-3.370345157284429256e-03	1.197550135817994008e-02	-5.152885119929184049e-03	-5.160477016277076161e-03	1.220726661511396111e-03	3.656974067312409021e-03	-1.019139418729392635e-02	3.555123640725363268e-03	4.156631706881508230e-03	-1.985059678893570222e-03	3.053836448725215933e-04	2.124234343356340773e-03	4.897514808624505193e-04	4.263460334955268007e-04	-4.326738973060099622e-03	1.812567730068049155e-03	7.075703719548088674e-03	-4.811444931893676599e-03	4.191206944580935442e-03	3.340006506459697495e-03	-1.955544667982840514e-03	-6.378540418315315798e-03	2.063298587261613165e-02	-1.958317653981526268e-03	-6.774162147547274117e-03	1.076280973376037096e-03	-2.192534168991582715e-04	-9.251147594153128536e-05	2.532875569261654929e-04	4.033478937133442958e-03	-1.003995511537998653e-02	5.594288884116822716e-04	4.134196610065625326e-03	-9.534591081489884965e-04	1.413048821762939678e-03	-1.906165561537908650e-03	3.894617751411901842e-03	1.780694036074734980e-03	-8.086661042945770400e-03	-7.925400085720298027e-04	4.400225144061738897e-03	-9.963254729436194065e-05	-2.569500082762352588e-04	1.143936356208742535e-03
-1.691021177047978509e-03	1.160381675316312896e-03	6.579215292161339737e-05	-1.094148387995988111e-02	-7.192922637758139733e-04	1.460095413536269780e-02	-5.608764424995079517e-03	-1.946900455103770314e-03	8.829192437476823243e-04	-3.931940358387887163e-03	1.474209363790181335e-03	2.019435042811605369e-03	-4.292844455633038005e-05	-4.262151212667581075e-04	-4.168001339493297036e-04	2.204762764044352827e-03	1.967805666777807056e-04	1.857481483324078912e-03	-1.234602653532351942e-03	1.129436859401849536e-03	1.291873485496027735e-03	-1.985059678858076913e-03	4.492761911799294443e-04	-2.916607454261547529e-03	-1.284617381494810445e-02	2.317024746388748110e-03	1.044520287677873447e-03	-3.551263081351251766e-02	-9.015722587234338515e-04	1.414155031088791363e-02	1.641190068874580842e-04	-1.019384882204798495e-03	-8.296603308150236715e-04	-2.278174710136500301e-05	7.674751302218710399e-04	-1.420081886630416342e-03	-2.187547967774240276e-03	1.900436088307709374e-03	-6.121575315569708579e-04	5.027538378143461004e-04	1.863842960890709638e-02	-6.354306456802759351e-04	-1.958317653981526268e-03	1.828324412751670958e-02	1.108547229233631300e-03	-3.999178929098692881e-03	-7.258794416829227221e-03	1.394671161806237134e-04	-7.924761998475011657e-03	-5.896040362446638202e-04	1.140326493410385349e-03	-2.997967585810382227e-03	-7.261628789359749229e-04	-5.141233282810973686e-03	1.525679264724283390e-02	1.202795793642378805e-03	-2.437029715307208709e-03	2.897781938742750515e-03	-1.697531591264637030e-03	-2.441776390149234203e-03	-6.980011365017896492e-04	8.237835898215498066e-04	1.060765107705767454e-03	-9.833335301181909613e-04
1.019885778411825771e-05	-6.712888985790669769e-04	1.455593236129696343e-03	-2.719217580322399520e-04	-1.106123902081144247e-03	1.158743846790984827e-03	-4.200744568347050375e-04	-3.066377333679239960e-03	6.806455464560049167e-04	6.544219536829484502e-04	-5.078966137642302800e-04	5.471899404800339203e-04	7.300754414898304851e-05	4.504329878960517601e-04	-6.339626434976805558e-04	-5.099920619900220756e-04	-3.463929561595637972e-04	-1.757888939193033985e-04	-8.350075535908875642e-04	1.941314904800478221e-03	1.739999015574069047e-03	-4.811444931898149584e-03	2.928305288341032445e-03	3.177151838882939696e-03	-5.179704683589816732e-04	2.558187358054646657e-03	3.947767407917712225e-03	-2.049418014922945591e-03	-4.746375894425034631e-03	1.900436088314502552e-03	-2.914638520221348090e-04	-8.382220467645740830e-03	4.887261214110558876e-04	-3.101815774459201042e-04	2.180559469289802647e-03	-1.098544348772611829e-03	-3.228588599567655624e-03	2.769450293223186740e-03	-3.658211492853315205e-03	-1.704572435349096301e-03	8.470538307173847018e-04	-1.071446221147787353e-03	-6.774162147547274117e-03	1.108547229233631300e-03	8.099331899965821896e-03	-7.450205405314554163e-04	-2.794505651903555522e-04	5.239662067804930906e-03	-2.155764426217657206e-04	1.484248827163895182e-03	4.757992508523463306e-04	-3.529706559264708839e-04	-6.111031881831294893e-03	2.284102392052984355e-05	8.358342153020083525e-04	-3.875230485155518531e-03	-1.043691864790713235e-03	-6.521726867232604131e-04	2.820672119428423510e-03	-1.261867094153441837e-03	-1.832083612789322732e-03	1.034564091198956126e-03	-7.844424603799384854e-04	-5.260604327453643515e-04
1.167645521621939143e-03	-1.174961345005447904e-04	-2.332148675855918085e-04	2.407290023222310657e-03	4.872726256174733195e-04	-4.982240424199058234e-04	-1.763991321930476327e-03	4.479476744362933518e-04	-1.174961344990570617e-04	2.299698030562512350e-03	-8.054465846026707693e-04	-1.958555337565454329e-04	-1.063892143210992257e-04	1.086854619200063889e-04	-1.075643702000051338e-05	-2.065732676754232326e-03	-2.332148675860543292e-04	-8.054465846058693826e-04	4.506117224822776303e-04	-9.103976185383771654e-04	-1.051348246964456688e-04	1.076280973373783907e-03	-1.847741799484109524e-04	2.332624272686964310e-03	2.407290023217878872e-03	-1.958555337548217954e-04	-9.103976185422668491e-04	8.044565637658398355e-03	6.790852147968142946e-04	-3.999178929105709837e-03	2.994389337814800517e-04	5.862559887893001569e-04	4.872726256150261125e-04	-1.063892143180565885e-04	-1.051348246983109980e-04	6.790852147964792761e-04	4.852680985752065536e-04	-7.450205405332638656e-04	2.148897386257570289e-04	-5.032259547599224293e-04	-4.982240424086378187e-04	1.086854619209031054e-04	1.076280973376037096e-03	-3.999178929098692881e-03	-7.450205405314554163e-04	3.509403399260728560e-03	-3.283548392738939743e-03	-4.366330229025360064e-04	-1.763991321933744763e-03	-1.075643702027362391e-05	-1.847741799517076859e-04	2.994389337767990088e-04	2.148897386238188007e-04	-3.283548392736947846e-03	6.255185795650362347e-03	2.855322851280038521e-04	4.479476744381612153e-04	-2.065732676747277386e-03	2.332624272678372225e-03	5.862559887938191116e-04	-5.032259547559543578e-04	-4.366330229022482049e-04	2.855322851231530774e-04	9.182421839694276857e-04
-1.567856135973356340e-03	-7.549018114003678897e-04	3.464437836285257739e-04	5.196403423152274118e-03	-1.353267611687044127e-04	-1.379198790737375807e-02	1.046922618481166932e-02	1.210140029221991754e-03	-4.100655348367418821e-04	-3.420403868658143491e-03	2.304387250562029213e-03	-1.074571050691030009e-03	-3.833461298257189809e-04	1.528020340828096591e-04	4.044725683862998447e-04	2.638063306336994353e-03	3.222805159015931309e-04	-7.581005732633765430e-05	2.854901635008396093e-04	9.994766951542590361e-04	-7.760471359308079289e-04	-9.534591081823010419e-04	3.778942966092685429e-04	-2.089695996981904072e-03	7.498073085576822602e-03	-1.677890836670741393e-03	6.139651617718392589e-04	1.405205698779112347e-02	5.711283150745091779e-05	-5.141233282800267840e-03	-2.664303819752059446e-03	7.003777540444933690e-04	-4.952279240565311564e-04	1.186581953614210304e-03	-2.119098015202738189e-03	-2.262406746032808455e-04	1.401953296364630156e-03	2.284102393322365209e-05	-5.571648210978292896e-06	3.099203764963344215e-05	-1.799366596471476190e-02	4.404068737185640355e-04	-2.192534168991582715e-04	-7.258794416829227221e-03	-2.794505651903555522e-04	-3.283548392738939743e-03	1.727572396281639583e-02	5.799665586621137589e-05	1.230610694766820848e-02	4.746629716023359567e-04	-6.157030635754762605e-04	3.928173326971598099e-04	7.729902094455265524e-04	1.301820432868000532e-02	-3.404706745106224342e-02	-9.461493015455936951e-04	1.155342110312547899e-03	3.917779047263286740e-03	-7.342335115220670859e-03	5.845355564752871417e-04	2.974775782234966720e-03	3.398909569500281440e-04	-1.975119772997547055e-03	-1.264277490370901503e-03
2.416481104618795398e-05	-1.584477998693969904e-03	1.461749701902196122e-03	1.877929142016947813e-04	-1.237169498864210994e-03	1.390041737394039935e-04	-1.162653481988796134e-05	4.732784792682071971e-04	-9.938095289161550804e-05	2.624700419946028357e-04	-2.061606193146664902e-04	2.146331393768154822e-03	7.799111709408656232e-05	-1.638869105246525300e-03	7.375178628039639420e-04	-1.008096183748469774e-05	-4.337902047292736601e-04	9.756324151773175871e-05	-1.473460297126163684e-04	-4.133310699975712875e-04	2.140093672912130182e-04	-9.963254730170826418e-05	7.855747486285298651e-04	8.234556486648303550e-04	4.378715877245339532e-05	4.298458343520474879e-03	1.610793725227012895e-03	-1.581444827956469761e-04	-3.722584243066719666e-03	8.237835898128011624e-04	-1.533692035799221138e-04	-8.189482504113700101e-03	8.324882827553177923e-04	-2.516228601719190010e-04	6.216126938702625816e-04	-4.422179502662647766e-04	-6.791983817714766260e-04	1.034564091201928358e-03	-2.181576122921681689e-03	-3.760906503569563710e-04	-1.734739497070329024e-04	-5.281475567612662486e-03	-9.251147594153128536e-05	1.394671161806237134e-04	5.239662067804930906e-03	-4.366330229025360064e-04	5.799665586621137589e-05	7.288745572560132238e-03	1.483645947303824592e-04	4.010057574271047413e-03	-1.630091157221153809e-03	-1.869635875181617035e-04	-4.646015381766300731e-03	3.398909569561204928e-04	1.318886937715551058e-04	-8.925768284451329401e-03	8.504795013741764560e-04	-8.126970860258979682e-05	4.716927940137046220e-04	-2.190006082808229441e-03	-3.926931477319949883e-04	1.939997544496838838e-03	-2.223759424735062291e-03	-3.397044555391021256e-04
-1.038795179682103307e-03	-7.222198798918090090e-04	2.006950010141684063e-04	6.119298133244161809e-03	7.429524535477088952e-05	-1.301678226785398310e-02	9.140870518636667191e-03	1.406741124207136311e-03	-3.862001802147058517e-04	-2.842632988891060936e-03	1.653701101483170434e-03	-7.357265708124671949e-04	3.857888542378433579e-05	1.405791050876590577e-04	2.180537986473145761e-04	2.370046665197447257e-03	-7.894302879583120437e-05	1.144885220879967745e-03	-5.104165801047182496e-04	-1.761256241844056443e-04	-6.201356596793011593e-04	4.270367220248205968e-05	1.355551923344385629e-04	-1.954477075795946379e-03	7.152871618569030948e-03	-1.499702015493107991e-03	3.208635806107997890e-04	1.515956709542963694e-02	1.100429097904107609e-04	-5.608764424987126677e-03	-1.071983189822343484e-03	7.675392553395145312e-04	1.380851606688167691e-04	2.109757686636101303e-04	-5.077467944488867763e-04	2.927625701075506999e-04	7.374330003074686894e-04	-4.200744568251473616e-04	4.338562540958316028e-04	7.159935579340330133e-05	-1.616296418892870096e-02	2.418961426908294106e-04	2.532875569261654929e-04	-7.924761998475011657e-03	-2.155764426217657206e-04	-1.763991321933744763e-03	1.230610694766820848e-02	1.483645947303824592e-04	1.137447121572638525e-02	4.109893613343469968e-04	-5.050853953524199165e-04	1.033895468835990383e-03	4.806683569663089016e-04	1.046922618481376140e-02	-2.752632059610803095e-02	-1.125115974161534959e-03	1.558154198110251474e-03	2.372176349161712709e-03	-3.898027418200688578e-03	8.759417536546570005e-04	1.131765471239824360e-03	-1.162653482675058162e-05	-1.008531819574298629e-03	-1.327266185467263632e-03
2.947185812323565354e-05	-3.310030008993028374e-03	2.745031438004384705e-03	6.687425497696143292e-04	-1.401475605681778286e-03	-6.806176968283629211e-04	2.180537986550105413e-04	2.615892121176883068e-03	-3.076137482649379503e-04	4.089991256740985745e-04	-1.545082226678788780e-04	1.899998117738915153e-03	3.149418994940813839e-05	-1.031199496489015920e-03	8.319148905008741076e-04	-1.140196859401260094e-04	-3.147448856207887748e-04	-1.947298301763627517e-04	1.568490972235755195e-04	-2.041281078986083557e-03	-2.001168824159362393e-04	1.941659929846097782e-03	-6.078486801810297976e-04	1.580116344905839899e-04	5.299704446492531232e-04	1.399983538010025896e-03	8.004953252449514400e-04	1.526587676951305598e-03	-1.479078546061150280e-03	-4.168001339582029226e-04	-1.110998034387374706e-04	-2.563078585779457810e-03	2.747009746173406175e-04	-2.388502953394669855e-05	-5.349738172808339402e-08	4.651461584278373043e-04	2.173570497430596599e-04	-6.339626434955294987e-04	2.683724206983008603e-04	6.982434942407830954e-05	-9.693083766115649560e-04	-4.898355178264415452e-03	4.033478937133442958e-03	-5.896040362446638202e-04	1.484248827163895182e-03	-1.075643702027362391e-05	4.746629716023359567e-04	4.010057574271047413e-03	4.109893613343469968e-04	5.274131157502498501e-03	-6.340214962432897533e-03	-1.611255300581889371e-04	-8.544354824669642893e-05	4.044725683938686601e-04	-4.625885539264613911e-04	-6.834093444738205750e-03	1.213478683100754386e-03	1.093023360030348214e-04	-2.944167323474174451e-04	-1.244245520665526045e-03	1.097206950778792324e-04	7.375178628043360402e-04	-1.482329718207320117e-03	-5.921568806597077831e-05
-2.148307750482304572e-04	6.018228335604443140e-03	-4.772348536177258883e-03	-1.062205074828772178e-03	2.009580952607135061e-03	7.214762975497559681e-04	1.355551923180049853e-04	-2.257898143005625941e-03	4.199574769171268208e-04	4.227194055018657038e-04	-6.664789770077288135e-04	-1.238996345981539880e-03	8.440495109422849369e-05	5.222748448368533421e-04	-6.078486801785062087e-04	-6.838255731568305832e-04	-1.075642148501531465e-04	-3.731458997439370895e-04	-3.697213566490692655e-04	2.963397781292852456e-03	1.385943316032375340e-03	-5.152885119919438373e-03	3.110710639074416688e-03	2.825711238878351409e-03	-1.045900706102301627e-03	1.457344251055034574e-03	1.051316980937039118e-03	-2.363304595514193612e-03	9.057826365705349408e-04	4.492761912013727406e-04	3.586899622560085245e-04	1.758358292974119804e-03	8.047994037726909859e-04	1.302102980954534476e-04	8.101827780971200500e-04	-9.506395731990202342e-04	-2.199409268938086470e-03	2.928305288337172685e-03	-4.667333438484874350e-03	-1.395845580010871955e-03	1.622331254209042999e-03	3.443397992689094505e-03	-1.003995511537998653e-02	1.140326493410385349e-03	4.757992508523463306e-04	-1.847741799517076859e-04	-6.157030635754762605e-04	-1.630091157221153809e-03	-5.050853953524199165e-04	-6.340214962432897533e-03	1.539863240564722999e-02	-5.235364212907947404e-05	-7.267856169517810869e-03	3.778942965934317102e-04	-2.221265379213042685e-04	1.128911863110488266e-03	-1.195739047592658463e-03	-6.150123048688257814e-04	3.135781941341264731e-03	2.622661568604441073e-04	-1.647668841314291373e-03	7.855747486272312077e-04	-7.274372354740331163e-04	-4.530864199423791615e-04
5.761084526058974026e-04	9.885559383313301815e-06	-2.775127316910310556e-04	-8.155754335916266026e-04	4.031471319127156896e-04	1.407088961850486326e-03	-1.071983189821013819e-03	4.687760546914926667e-04	5.574515702249198943e-06	7.444539003459989908e-04	5.226662748404439687e-05	1.306990791117947147e-04	-3.228368843921276300e-04	-2.578984738833923281e-05	-1.110998034412399312e-04	-5.665190997699451553e-04	-1.644863992858972435e-04	-6.501780855847177605e-04	5.263134431942254738e-05	-4.099292638037363001e-04	7.161151421720293275e-05	3.053836448690120308e-04	3.586899622628405161e-04	1.688309692635256258e-03	1.382240205143058648e-03	-2.075858961508232387e-04	-5.318912705840805801e-04	2.245781788193734752e-03	3.544562248172400832e-04	1.641190068929483756e-04	-3.722660674139886740e-04	4.745244088637797864e-04	1.966581254085943706e-04	2.814156749882595421e-04	1.121604268900630228e-04	2.133812215362371179e-04	-6.558926281491739665e-05	-2.914638520228420883e-04	-1.178057803747575589e-04	-1.138865232876259698e-03	-1.945453776278250647e-03	1.504406087791429307e-04	5.594288884116822716e-04	-2.997967585810382227e-03	-3.529706559264708839e-04	2.994389337767990088e-04	3.928173326971598099e-04	-1.869635875181617035e-04	1.033895468835990383e-03	-1.611255300581889371e-04	-5.235364212907947404e-05	3.639568907275394713e-03	1.808177827945588829e-04	-2.664303819750763608e-03	1.631848796267212302e-03	3.942545952344343567e-05	4.500552568219449360e-04	-9.000490305495399907e-04	6.506620636404161643e-04	4.806238706683326877e-04	3.841384422850435644e-04	-1.533692035821734325e-04	-1.308379729661688631e-04	1.378762519719391015e-04
6.528547167640815939e-05	-2.449376633338010145e-03	2.148672058914416656e-03	4.607367502587216869e-04	-2.593322733511423811e-03	-9.046837429228658974e-04	4.338562541074859088e-04	8.351310940428053600e-04	-9.343086559937874075e-04	-1.583283587120239144e-03	8.029461684904179268e-04	-3.889916325437705637e-03	1.513905735113325532e-04	1.105674650469015089e-03	2.683724206928383787e-04	1.861945772890679675e-03	1.248370246212142419e-03	1.337708956445962747e-03	1.937189639995994428e-04	-2.084063262728692804e-05	-1.876452558416335766e-03	4.191206944569707445e-03	-4.667333438476209406e-03	-5.617282633112868906e-03	5.635529721839485119e-04	-6.938941884298406755e-03	8.520414207913804688e-04	1.095237930880330491e-03	1.380033489826381840e-03	-6.121575315630447753e-04	-1.178057803722633382e-04	4.831254382232096772e-03	-2.090221217330296734e-03	-1.708583333322245303e-04	-1.106929355357759263e-03	7.467309188063893984e-04	2.418649173009111523e-03	-3.658211492850267296e-03	8.050677471674309860e-03	2.119556857893215539e-03	-1.009525274839063015e-03	3.088808300194914244e-03	4.134196610065625326e-03	-7.261628789359749229e-04	-6.111031881831294893e-03	2.148897386238188007e-04	7.729902094455265524e-04	-4.646015381766300731e-03	4.806683569663089016e-04	-8.544354824669642893e-05	-7.267856169517810869e-03	1.808177827945588829e-04	1.417000954798673662e-02	-5.571648196915201384e-06	-1.836905469168480763e-03	7.214691215628962241e-03	-1.165033647103494376e-04	8.667697891930512769e-04	-3.104956019936962533e-03	2.527222750564442171e-03	1.840871484192290863e-03	-2.181576122922129681e-03	2.915605875359603746e-03	4.374685316247746859e-04
-1.567856135971879873e-03	-4.100655348328210276e-04	3.222805159008811354e-04	7.498073085574505012e-03	-4.952279240588169798e-04	-1.799366596470119983e-02	1.230610694766473556e-02	1.155342110317154024e-03	-7.549018114083262589e-04	-3.420403868654704402e-03	-7.581005732978819548e-05	-1.677890836692515642e-03	1.186581953615258945e-03	4.404068737363000651e-04	4.746629715984264320e-04	3.917779047258867532e-03	3.464437836323549591e-04	2.304387250563668093e-03	2.854901634992564031e-04	6.139651617839416656e-04	-2.119098015199428336e-03	-2.192534169237120626e-04	-6.157030635708056259e-04	-7.342335115209928584e-03	5.196403423162243573e-03	-1.074571050668220564e-03	9.994766951391294285e-04	1.405205698780662323e-02	-2.262406746000162044e-04	-7.258794416829215078e-03	3.928173326956315185e-04	5.845355564698352310e-04	-1.353267611694082767e-04	-3.833461298300547054e-04	-7.760471359272839466e-04	5.711283150321527194e-05	1.401953296360895079e-03	-2.794505651795527244e-04	7.729902094386053310e-04	2.974775782236383555e-03	-1.379198790739017029e-02	1.528020340628355109e-04	-9.534591081489884965e-04	-5.141233282810973686e-03	2.284102392052984355e-05	-3.283548392736947846e-03	1.301820432868000532e-02	3.398909569561204928e-04	1.046922618481376140e-02	4.044725683938686601e-04	3.778942965934317102e-04	-2.664303819750763608e-03	-5.571648196915201384e-06	1.727572396281605235e-02	-3.404706745105940541e-02	-1.975119773006662593e-03	1.210140029214298255e-03	2.638063306329726729e-03	-2.089695996979091218e-03	7.003777540430199382e-04	3.099203764770516148e-05	5.799665586177509165e-05	-9.461493015362658701e-04	-1.264277490366141855e-03
3.337860124236394395e-03	1.154948046253983325e-03	-4.918476255978874133e-04	-1.533735110987954897e-02	5.034436278572654300e-04	3.783917315319104691e-02	-2.752632059610168880e-02	-2.868722083254858935e-03	1.154948046267255260e-03	1.008478449272869927e-02	-4.001290871010464503e-03	3.565911917655352915e-03	-9.329068410552205336e-04	-1.164820832876143275e-03	-4.625885539132825884e-04	-8.042621566653421900e-03	-4.918476256042594863e-04	-4.001290871020146862e-03	3.078324054750341805e-05	-1.720498277733449296e-03	3.392056627694577369e-03	1.413048821835042809e-03	-2.221265379499995764e-04	1.082218067081177487e-02	-1.533735110989789194e-02	3.565911917596437802e-03	-1.720498277693689650e-03	-3.218637206681227575e-02	-1.320099459235635881e-04	1.525679264723031267e-02	1.631848796271295190e-03	-2.150416575789198918e-03	5.034436278595279431e-04	-9.329068410470987751e-04	3.392056627691904594e-03	-1.320099459117339124e-04	-2.701685815460986174e-03	8.358342152727917061e-04	-1.836905469141113332e-03	-2.422283312553538508e-03	3.783917315322894714e-02	-1.164820832832440169e-03	1.413048821762939678e-03	1.525679264724283390e-02	8.358342153020083525e-04	6.255185795650362347e-03	-3.404706745106224342e-02	1.318886937715551058e-04	-2.752632059610803095e-02	-4.625885539264613911e-04	-2.221265379213042685e-04	1.631848796267212302e-03	-1.836905469168480763e-03	-3.404706745105940541e-02	8.214134978207414395e-02	2.352624402291339772e-03	-2.868722083241368424e-03	-8.042621566648339160e-03	1.082218067080716745e-02	-2.150416575797855188e-03	-2.422283312544371795e-03	1.318886937825723617e-04	2.352624402275921116e-03	3.616829948435735555e-03
-1.490711704861476293e-05	1.867777097865586013e-03	-1.770524333948833530e-03	-1.116597619617464747e-03	1.692422505529376023e-03	1.864848069308311374e-03	-1.008531819580069187e-03	-5.461049776484607453e-03	1.013262200120525636e-03	-1.597703280258720325e-03	1.394418272510059139e-03	-2.966614462668759004e-03	-3.486981418540647235e-04	1.875602374185975259e-03	-1.482329718208931675e-03	8.871800364472035450e-04	3.975553577879599692e-04	9.065746632970805071e-04	-3.842350672320260681e-04	1.384424809712982846e-03	-3.741153295069841490e-04	-2.569500082841639750e-04	-7.274372354643823075e-04	-2.687169301467884613e-03	-8.616170757808115990e-04	-5.374859411170712122e-03	-1.633881186358279941e-03	-2.816210266253771615e-03	2.616532162080421539e-03	1.060765107710502598e-03	-1.308379729648315539e-04	3.942488215025903402e-03	-1.208049388179889376e-03	2.123647426814241602e-05	-7.604904521008271035e-04	2.012775213443765280e-04	1.307051619926652810e-03	-7.844424603764121179e-04	2.915605875346482731e-03	8.642345500439396148e-04	1.743184900845454275e-03	9.172523219495389013e-03	-1.906165561537908650e-03	1.202795793642378805e-03	-3.875230485155518531e-03	2.855322851280038521e-04	-9.461493015455936951e-04	-8.925768284451329401e-03	-1.125115974161534959e-03	-6.834093444738205750e-03	1.128911863110488266e-03	3.942545952344343567e-05	7.214691215628962241e-03	-1.975119773006662593e-03	2.352624402291339772e-03	1.829754031882527970e-02	-2.761691101556744063e-03	4.742639108492985420e-04	-2.372798503387402256e-03	2.389064914671143285e-03	1.302265893420222285e-03	-2.223759424732889983e-03	3.996308885766861399e-03	5.271291422866437176e-04
-2.320826052966913958e-05	-8.347460972900935501e-04	-2.046437612146902521e-04	1.310077268013186934e-03	5.440875058075698295e-04	-2.656536151128689131e-03	1.406741124200739518e-03	3.043833300514365257e-03	-1.528019378878367734e-03	7.295392037455379879e-04	-4.093699037199117607e-04	2.330620482581146312e-03	1.038305203486002137e-05	-4.016618235531681409e-03	2.615892121172498121e-03	-6.381187338979884063e-04	1.828187392018231080e-05	-7.328258939800912260e-04	4.419496978210325864e-04	-2.461834670587702972e-03	5.876182558934314824e-05	5.906344359711641553e-03	-2.257898142994957391e-03	1.862198585282692992e-03	1.244301425587633885e-03	1.703671395075630549e-03	-2.631839352815833373e-03	3.569363559257811812e-03	6.576245386426240926e-04	-1.946900455099893207e-03	4.687760546907505303e-04	-1.926652762308452308e-04	1.485187803823104224e-03	2.012240525982254271e-04	-2.906953618246281416e-04	2.078801638939264691e-03	-1.526885519856629059e-05	-3.066377333675656021e-03	8.351310940366942544e-04	-6.591281739144781238e-04	-3.004356945832891736e-03	-1.568941794594532011e-03	3.894617751411901842e-03	-2.437029715307208709e-03	-1.043691864790713235e-03	4.479476744381612153e-04	1.155342110312547899e-03	8.504795013741764560e-04	1.558154198110251474e-03	1.213478683100754386e-03	-1.195739047592658463e-03	4.500552568219449360e-04	-1.165033647103494376e-04	1.210140029214298255e-03	-2.868722083241368424e-03	-2.761691101556744063e-03	8.340998419980431150e-03	-2.203568701065100654e-04	1.626028868012875401e-04	4.141149799369670502e-03	-1.442550201191066103e-04	4.732784792626214959e-04	-5.461049776477802133e-03	-2.132770150956271658e-04
-9.741385371069948831e-04	1.177603910184959947e-04	4.843949395734500462e-04	-1.035314728783780355e-03	-8.119690334817712338e-04	-3.419764444348810076e-05	2.370046665193459128e-03	-6.381187338859350055e-04	1.151926947836569488e-04	-1.655120420479770649e-02	1.161823613506117805e-02	1.312508579196006902e-03	-2.001148694296023788e-03	-5.344451291509179705e-04	-1.140196859429226954e-04	7.120843023231683902e-03	4.012681329477853567e-04	5.829272347867585358e-03	-1.050342097179199699e-03	2.300102575086030929e-04	-3.410012802848934495e-03	7.121810625357533672e-04	-6.838255731456102833e-04	-1.171061571749334312e-02	-8.846417448478740555e-04	3.353075207992753620e-04	3.152152832136131348e-04	-5.932934348066354335e-03	-3.182496272074426618e-04	2.204762764035096342e-03	-5.665190997719805280e-04	-2.354387982845805604e-04	-7.755428170036118406e-04	2.333008248372589119e-03	-9.209785494340521489e-03	-5.424529608021563852e-04	1.040068549737455973e-02	-5.099920619912888574e-04	1.861945772881472630e-03	4.211762687227191791e-03	-1.924465081976729861e-03	-8.770612910181130881e-04	1.780694036074734980e-03	2.897781938742750515e-03	-6.521726867232604131e-04	-2.065732676747277386e-03	3.917779047263286740e-03	-8.126970860258979682e-05	2.372176349161712709e-03	1.093023360030348214e-04	-6.150123048688257814e-04	-9.000490305495399907e-04	8.667697891930512769e-04	2.638063306329726729e-03	-8.042621566648339160e-03	4.742639108492985420e-04	-2.203568701065100654e-04	1.516109375179615880e-02	-3.012619485493453139e-02	-1.183811872301065255e-03	9.809874585051264057e-03	-1.008096183733166260e-05	8.871800364485552199e-04	-2.654012448326424460e-03
9.353846867792028853e-04	-5.824570457027322722e-05	-9.336899553881455741e-04	1.296434611542692742e-03	1.477613556385511465e-03	-2.132356502378625427e-03	-1.954477075789807193e-03	1.862198585251411158e-03	-7.738357539683398626e-04	3.173732240760650247e-02	-2.480242003244144053e-02	-4.394654422109320162e-03	4.686823730930119933e-03	2.156878290381459423e-03	1.580116344923446800e-04	-1.171061571748355581e-02	-5.348702586148422217e-04	-9.569254971818454830e-03	-3.217722439498136325e-05	1.708128376913593816e-03	9.868990256361669100e-03	-5.160477016274991890e-03	2.825711238862041105e-03	2.153808754007272702e-02	-2.990171016675469400e-04	-1.294480383513212703e-03	1.369717108407837291e-03	5.460756175003406501e-03	1.609538174922249304e-04	-2.916607454239804071e-03	1.688309692636623871e-03	1.522253559296870423e-03	1.518782699973696831e-03	-5.742270748239268995e-03	2.430153270655479106e-02	5.992421659119109931e-05	-2.895886965302923999e-02	3.177151838878281530e-03	-5.617282633097928600e-03	-9.898845488043622742e-03	6.255334044368003610e-03	2.225802139424929750e-03	-8.086661042945770400e-03	-1.697531591264637030e-03	2.820672119428423510e-03	2.332624272678372225e-03	-7.342335115220670859e-03	4.716927940137046220e-04	-3.898027418200688578e-03	-2.944167323474174451e-04	3.135781941341264731e-03	6.506620636404161643e-04	-3.104956019936962533e-03	-2.089695996979091218e-03	1.082218067080716745e-02	-2.372798503387402256e-03	1.626028868012875401e-04	-3.012619485493453139e-02	7.293304837314451561e-02	1.731125660133766252e-03	-2.728417653850586516e-02	8.234556486575716214e-04	-2.687169301470899128e-03	1.280243420679646419e-03
-1.133597146081064910e-04	-1.161268707646064219e-04	2.104978647444211441e-04	3.993066764831553969e-04	-1.055444952877094937e-03	-1.010244212522646819e-03	7.675392553408878901e-04	-1.926652762267008138e-04	2.065805600546223846e-03	1.109175182094870437e-03	-1.308026934634234483e-03	-6.538610213941008394e-03	5.360599813561818354e-04	3.127674049020614383e-03	-2.563078585778475957e-03	-2.354387982944654214e-04	-1.583815305130333896e-03	-6.611949292965218269e-04	4.384118708952594872e-04	-7.943882981168812630e-04	-2.036250268796770081e-04	2.124234343353934712e-03	1.758358292977726511e-03	1.522253559318803183e-03	4.173553884505315113e-04	-2.339640995232449006e-03	5.323650225355629640e-04	2.057467486851380714e-03	2.166764439362896494e-04	-1.019384882210397098e-03	4.745244088604166455e-04	1.688593799416759737e-03	1.280171250129278054e-03	-6.296752919041251437e-05	4.510119978838357524e-04	6.111491167867185575e-03	-5.283002614406259777e-04	-8.382220467655215890e-03	4.831254382225539518e-03	-8.321266074754816826e-04	-1.648739719959908725e-03	2.699275719924705032e-03	-7.925400085720298027e-04	-2.441776390149234203e-03	-1.261867094153441837e-03	5.862559887938191116e-04	5.845355564752871417e-04	-2.190006082808229441e-03	8.759417536546570005e-04	-1.244245520665526045e-03	2.622661568604441073e-04	4.806238706683326877e-04	2.527222750564442171e-03	7.003777540430199382e-04	-2.150416575797855188e-03	2.389064914671143285e-03	4.141149799369670502e-03	-1.183811872301065255e-03	1.731125660133766252e-03	1.705499966566271369e-02	-6.495098459188368683e-04	-8.189482504124333956e-03	3.942488215025435894e-03	-1.929206055158721599e-04
-6.641345548750624906e-05	1.938117000962418348e-04	1.946552276373587909e-04	-4.022881929714887178e-04	-4.938609854429554724e-04	8.780681682754294757e-04	7.159935578993413899e-05	-6.591281738995925701e-04	4.550952762250618996e-04	-1.009798881834305523e-02	8.408824602952363891e-03	2.248469943218468509e-03	-1.826019636664876974e-03	-1.289400993722710897e-03	6.982434942367729026e-05	4.211762687211692904e-03	1.000334432264619845e-04	2.663468391223732662e-03	9.839802947072195331e-04	-1.485688204285582790e-03	-5.120922220282363505e-03	3.340006506464696968e-03	-1.395845580008100301e-03	-9.898845488014793373e-03	1.025971177279663476e-03	1.259046490058772635e-03	-1.399918080693619534e-03	6.032724031986388307e-04	2.180172486775011002e-04	5.027538378031455330e-04	-1.138865232873334955e-03	-8.321266074635008149e-04	-5.483494253104786260e-04	2.294537052593159134e-03	-1.021198674576980631e-02	2.543195599522731095e-04	1.364919077152818884e-02	-1.704572435349819897e-03	2.119556857892514710e-03	5.311831254438750816e-03	-2.865094209922137720e-03	-1.196080737500660341e-03	4.400225144061738897e-03	-6.980011365017896492e-04	-1.832083612789322732e-03	-5.032259547559543578e-04	2.974775782234966720e-03	-3.926931477319949883e-04	1.131765471239824360e-03	1.097206950778792324e-04	-1.647668841314291373e-03	3.841384422850435644e-04	1.840871484192290863e-03	3.099203764770516148e-05	-2.422283312544371795e-03	1.302265893420222285e-03	-1.442550201191066103e-04	9.809874585051264057e-03	-2.728417653850586516e-02	-6.495098459188368683e-04	1.270708421036149949e-02	-3.760906503539914575e-04	8.642345500476540914e-04	1.418551813790899351e-03
2.416481104382230615e-05	-9.938095288764204260e-05	-4.337902047305526934e-04	4.378715876413390547e-05	8.324882827563395444e-04	-1.734739496953080148e-04	1.483645947271949861e-04	8.504795013705077327e-04	-1.584477998692143024e-03	2.624700419875673936e-04	9.756324152565611107e-05	4.298458343518926639e-03	-2.516228601731137918e-04	-5.281475567608039448e-03	4.010057574268214610e-03	-8.126970859660760291e-05	1.461749701903541400e-03	-2.061606193079241621e-04	-1.473460297188429685e-04	1.610793725231530766e-03	6.216126938708907684e-04	-9.251147594829960716e-05	-1.630091157217024300e-03	4.716927940051735229e-04	1.877929141929142345e-04	2.146331393779408840e-03	-4.133310700042714400e-04	-1.581444828099509096e-04	-4.422179502625574014e-04	1.394671161835426025e-04	-1.869635875154695753e-04	-2.190006082805847666e-03	-1.237169498869903055e-03	7.799111709080693206e-05	2.140093672947922677e-04	-3.722584243072970742e-03	-6.791983817716575793e-04	5.239662067810196659e-03	-4.646015381765674496e-03	-3.926931477284671028e-04	1.390041737519449329e-04	-1.638869105253645906e-03	-9.963254729436194065e-05	8.237835898215498066e-04	1.034564091198956126e-03	-4.366330229022482049e-04	3.398909569500281440e-04	1.939997544496838838e-03	-1.162653482675058162e-05	7.375178628043360402e-04	7.855747486272312077e-04	-1.533692035821734325e-04	-2.181576122922129681e-03	5.799665586177509165e-05	1.318886937825723617e-04	-2.223759424732889983e-03	4.732784792626214959e-04	-1.008096183733166260e-05	8.234556486575716214e-04	-8.189482504124333956e-03	-3.760906503539914575e-04	7.288745572563838475e-03	-8.925768284451100418e-03	-3.397044555387995247e-04
-1.490711704565660540e-05	1.013262200115973939e-03	3.975553577914832468e-04	-8.616170757670346420e-04	-1.208049388185317326e-03	1.743184900828554599e-03	-1.125115974156649760e-03	-2.761691101554593439e-03	1.867777097869450110e-03	-1.597703280257375263e-03	9.065746632955055950e-04	-5.374859411151303168e-03	2.123647426750666697e-05	9.172523219482239809e-03	-6.834093444737458084e-03	4.742639108438061906e-04	-1.770524333955443477e-03	1.394418272502924872e-03	-3.842350672233355914e-04	-1.633881186371118413e-03	-7.604904521077143894e-04	-1.906165561523642284e-03	1.128911863106184417e-03	-2.372798503388466075e-03	-1.116597619611218659e-03	-2.966614462681958948e-03	1.384424809716327826e-03	-2.816210266241246044e-03	2.012775213418244245e-04	1.202795793642694525e-03	3.942545951956864618e-05	2.389064914671023589e-03	1.692422505541719448e-03	-3.486981418491388136e-04	-3.741153295196644898e-04	2.616532162087053387e-03	1.307051619940851304e-03	-3.875230485160517570e-03	7.214691215631039573e-03	1.302265893423945001e-03	1.864848069300719790e-03	1.875602374191568441e-03	-2.569500082762352588e-04	1.060765107705767454e-03	-7.844424603799384854e-04	2.855322851231530774e-04	-1.975119772997547055e-03	-2.223759424735062291e-03	-1.008531819574298629e-03	-1.482329718207320117e-03	-7.274372354740331163e-04	-1.308379729661688631e-04	2.915605875359603746e-03	-9.461493015362658701e-04	2.352624402275921116e-03	3.996308885766861399e-03	-5.461049776477802133e-03	8.871800364485552199e-04	-2.687169301470899128e-03	3.942488215025435894e-03	8.642345500476540914e-04	-8.925768284451100418e-03	1.829754031883019591e-02	5.271291422902401247e-04
6.166559057411157051e-04	4.444447777087940136e-05	-1.078347323473276222e-04	3.875449977426875976e-04	1.066917476571639889e-04	4.777945005835343949e-04	-1.327266185465181313e-03	-2.132770150946746129e-04	4.444447777098088268e-05	3.311381491365011573e-03	-1.740071485900144274e-03	4.368221978654248500e-04	5.192755000638408450e-04	-1.001545617966543666e-04	-5.921568806734270741e-05	-2.654012448336465040e-03	-1.078347323486392357e-04	-1.740071485907145402e-03	7.175304490534597504e-04	-9.404395606671346261e-04	-7.147326621135706090e-04	1.143936356209104875e-03	-4.530864199440849368e-04	1.280243420698116887e-03	3.875449977396737324e-04	4.368221978626483167e-04	-9.404395606651444646e-04	2.487887686503485827e-03	3.177626526917412281e-04	-9.833335301239474243e-04	1.378762519761577321e-04	-1.929206055129011478e-04	1.066917476583960627e-04	5.192755000702322168e-04	-7.147326621189822957e-04	3.177626526909022183e-04	1.447012696669055035e-03	-5.260604327443406478e-04	4.374685316284156536e-04	1.418551813784138483e-03	4.777945005903878536e-04	-1.001545617971764777e-04	1.143936356208742535e-03	-9.833335301181909613e-04	-5.260604327453643515e-04	9.182421839694276857e-04	-1.264277490370901503e-03	-3.397044555391021256e-04	-1.327266185467263632e-03	-5.921568806597077831e-05	-4.530864199423791615e-04	1.378762519719391015e-04	4.374685316247746859e-04	-1.264277490366141855e-03	3.616829948435735555e-03	5.271291422866437176e-04	-2.132770150956271658e-04	-2.654012448326424460e-03	1.280243420679646419e-03	-1.929206055158721599e-04	1.418551813790899351e-03	-3.397044555387995247e-04	5.271291422902401247e-04	4.428595922392341774e-03
