0.000000000000000000e+00	-2.753683008318740255e-15	2.049752808780266537e-15	-1.337688640412615371e-15	-2.341661551637140972e-16	2.278685493604677009e-15	-1.321354457057763443e-15	-2.135410642167017873e-15	1.126416710458570042e-15	6.468206762323187891e-06	-2.539059078257538637e-05	-5.519349031931259360e-17	-6.193332878638794494e-05	1.008654087099082729e-15	-1.274280084240324044e-15	2.159703710825992603e-05	-1.209328191051995519e-15	-2.539059078260292850e-05	1.348379639692873786e-04	-6.529893303092700670e-16	-2.539059081968617662e-05	-9.365273408962721475e-16	2.564452350282603562e-15	-4.063928661533690746e-14	-1.295899079089984242e-15	5.388722507057430760e-16	-9.041895984488072653e-16	-3.460120096496774317e-15	-2.254663515437796500e-15	1.446283836008013175e-15	-4.979433411709097438e-17	-7.678792926044275675e-15	9.762070145075680612e-16	-6.193332878637939330e-05	-2.539059081968598688e-05	1.267907353866713757e-15	6.468206820972336153e-06	-1.136901973375953155e-15	-2.461804794239578923e-16	-2.159703706475893967e-05	2.244700416546432722e-15	-4.482749369629194191e-16	2.982760658850172374e-15	1.384710936239043907e-15	2.871492626689295896e-15	1.187415696299279289e-17	-1.403947319165624734e-15	2.455526542651462199e-15	-1.343109170092391782e-15	2.256664314550702579e-15	-6.950820076220439208e-15	-7.764565323747256660e-17	5.296388989669142318e-16	-1.362946955649949152e-15	3.497443977130107819e-15	7.824213942954852334e-16	8.113591097694615109e-16	2.159703710826606872e-05	-4.067991878581669624e-14	2.733502988453507417e-15	-2.159703706467014351e-05	-1.288110953185518713e-15	6.634831897647140535e-16	-1.691415767694913106e-04
2.753683008318740255e-15	0.000000000000000000e+00	8.654101740779296392e-16	-7.209872432564095445e-15	-1.011777467363472738e-15	2.430245646102047118e-14	-1.326741683549113722e-14	-2.322252633246701947e-15	3.824476576630517904e-16	1.172777784800966629e-14	-7.260488537198574313e-15	-2.422064190686603257e-04	3.217522172643526016e-16	-6.827816966348582324e-04	3.790794427401799607e-04	-7.196402221470417344e-15	3.430502958660441382e-04	-9.549213593825835523e-15	1.536717586445800101e-15	1.217388176527691573e-03	6.531237427132883139e-15	-2.799359334451750328e-04	2.669393326020834617e-04	2.154890968449340003e-14	-1.190696057998837023e-14	-1.068335622113138984e-15	1.277895832638880618e-15	-3.376913946417182898e-14	-8.592572083279371237e-16	1.994967488699743734e-14	-4.597997230978293107e-15	-1.775806802838224252e-15	-6.213644642263703530e-04	9.054291025756438389e-16	5.671045985595138415e-15	-4.184379485576520405e-04	-1.041008159601544251e-14	4.062986494966189547e-05	-2.425491789306210232e-04	-8.044999296449654681e-15	2.720001985291991953e-14	-2.473379955727159340e-16	2.053571453929923290e-16	1.864493117913512013e-14	9.601163026750994958e-16	-2.493473267813543486e-15	-1.092208794870331494e-14	1.323884085226305441e-15	-1.921871712598289441e-14	-3.667644065870985696e-16	-3.154133931575422992e-16	-6.874751385407835255e-15	-1.132922909820696004e-16	-1.317934616540278032e-14	3.287613245726428084e-14	3.388975903977376383e-16	2.048196646700619554e-04	-8.884144203980671871e-15	2.085427347557121627e-14	2.491922945347573373e-04	-8.190553817225357527e-15	4.635391160255902939e-04	-1.356210865456834941e-03	-3.490578638859832868e-17
-2.049752808780266537e-15	-8.654101740779296392e-16	0.000000000000000000e+00	-4.221850602481757642e-15	7.037556301603409281e-16	-1.486958012895330908e-15	-1.852989262533834141e-15	1.006532639354074110e-15	-3.430502958666402325e-04	-9.969332631736957076e-16	7.512084815220117735e-16	2.676505222166668013e-04	2.604023989078068052e-16	3.545748325036369606e-04	2.167534938209821559e-05	1.032797670210355839e-15	8.297450048008400691e-17	2.710023342838197682e-15	-8.606649167010970619e-16	-8.195112219235602385e-04	-1.042200992514270566e-15	3.091167170537708654e-04	-8.195112219348463494e-04	-5.075978700790767124e-15	-1.194838369740444847e-15	-4.301780539679579059e-16	-1.087669453658521403e-15	-5.466856102395629130e-15	6.835023199463246612e-16	-2.478496860452079733e-15	1.478701306714332905e-15	3.402253719906578098e-16	3.430502958574678280e-04	1.184461893411401944e-16	-4.750901032382140395e-16	2.167534935461078012e-05	-1.434175057082723315e-16	3.545748325129938422e-04	2.676505222101751950e-04	1.182172907256653280e-16	-2.999751893476509553e-15	-1.878145187010803330e-16	1.459659828745257732e-15	-1.235530590701109669e-15	-9.208189761887844223e-17	2.086129894289534374e-15	-4.003167915378547040e-15	1.672938751567740701e-16	3.389849078933477232e-15	7.327804099038666219e-16	-1.147579270915195141e-15	3.166812593428295823e-15	-6.493973985740936188e-16	-1.165090261236870512e-15	6.568730385611931707e-15	-7.557137989377998890e-16	-2.261843273736345637e-04	3.586279910575046060e-15	-5.227043476258368825e-15	-8.864299279268679325e-04	1.108760244707982084e-15	-2.732746822342764503e-15	8.864299279111918870e-04	-1.249689491331299899e-15
1.337688640412615371e-15	7.209872432564095445e-15	4.221850602481757642e-15	0.000000000000000000e+00	-1.825760904227361452e-14	2.160598089329113236e-15	-3.250004432242548091e-15	-3.437491922931939823e-14	-2.321986316160178091e-15	-3.808691200273692928e-03	2.110760276876374412e-03	4.676080249483808672e-17	2.009714864437564820e-05	-7.553484478807780518e-16	2.732135936444296441e-15	2.430992251503486315e-03	7.173162580165227230e-16	2.111085185416375354e-03	-4.375444777518988030e-05	-1.365712227586429033e-15	-2.094281961055448685e-03	4.298365456489136379e-15	-5.325457175023423723e-15	-5.823903514250084422e-03	2.388563122682724773e-16	2.448759640372412598e-14	-1.402863455745551269e-14	-8.127919865449941580e-15	-3.803176421144302162e-15	7.580058917011917708e-15	-3.756596553974251436e-15	-2.320483589517586170e-14	3.147027539228063149e-15	2.009714864484515179e-05	-2.094606869612275143e-03	3.357515482541686271e-16	3.804493379273530054e-03	4.307704409487295494e-16	-2.052277242552918756e-15	2.445182474012668264e-03	1.883807421189443495e-15	-1.127409347605653198e-14	2.436976595166134809e-14	6.933642935064347244e-15	-1.086028446410665192e-14	-4.519645069173859193e-15	2.944404901563392335e-15	-1.530360668490068321e-15	-3.631865407993501941e-15	8.499270878876449863e-16	-2.214749929137494314e-14	-4.049388019025900825e-15	3.781805398925715980e-14	3.229238199324799672e-15	7.100572802875021728e-16	2.726483086545182400e-14	6.545943867202507654e-15	2.431166148065091667e-03	-5.823903514253115851e-03	-1.421130429468919316e-15	2.445008577435777396e-03	2.078918930655912265e-15	-5.417437436597342751e-15	5.488585014552120123e-05
2.341661551637140972e-16	1.011777467363472738e-15	-7.037556301603409281e-16	1.825760904227361452e-14	0.000000000000000000e+00	-2.711493199156376315e-14	1.920665866302840529e-14	-5.931941136211316135e-17	6.213644642266823864e-04	-8.569973421034155701e-15	5.400546397396335022e-15	-2.425491789916813380e-04	-5.325023219860299548e-16	4.062986495291694145e-05	-4.184379485717048186e-04	4.331257300831151532e-15	-3.430502958573350674e-04	3.990155934926972069e-15	-6.160747660050574069e-16	2.669393326001858911e-04	-3.919846778976164028e-15	-2.799359333904591438e-04	1.217388176524105466e-03	-1.008745332693299602e-14	1.710341923604820829e-14	1.856638178584864851e-15	-9.510602970960886837e-17	5.195196109723273827e-14	-5.260306642539719433e-16	-1.894057496864840510e-14	7.433132329042294882e-17	-1.264287904841645504e-16	-1.843063225095368379e-16	-8.850351217971753919e-16	-3.837988676790549495e-15	3.790794427492165690e-04	9.222993707013037872e-15	-6.827816966298106208e-04	-2.422064191185874563e-04	7.165208001918409431e-15	-2.725912590704395202e-14	8.406619304212369171e-16	-2.159361074208877678e-15	-1.926380401368382860e-14	-1.995289277118653651e-16	-4.667884337851013758e-16	2.228855145769023834e-14	-1.372969966846865285e-15	1.622402274697771846e-14	-7.173071033503095641e-16	1.191350903414163529e-15	-6.360538736503174101e-16	1.291941407562814222e-15	1.892085204335760127e-14	-5.339741220759119948e-14	1.802987653360937317e-15	2.048196646054772246e-04	1.657788510755886062e-15	-9.117420887587149399e-15	1.356210865448986835e-03	5.313235634962917551e-15	-4.635391160086276799e-04	-2.491922945250704246e-04	2.863888380068182407e-15
-2.278685493604677009e-15	-2.430245646102047118e-14	1.486958012895330908e-15	-2.160598089329113236e-15	2.711493199156376315e-14	0.000000000000000000e+00	3.825065264528859643e-15	5.914941306220710096e-14	5.342665046804606690e-15	6.891260542029800998e-03	-3.806592289704049947e-03	2.928678669414110970e-15	-4.169834376775022073e-14	4.581852686775659242e-15	-7.447443139416498923e-15	-4.413838513076508152e-03	-3.629007456818656340e-15	-3.806592289704429852e-03	-3.458599890382722981e-14	-3.835564625232600672e-15	3.806592289769445553e-03	-8.786352887385528740e-15	1.046908850891217517e-14	1.054323207340389021e-02	-2.679470864502663406e-15	-4.452897168025519606e-14	3.236292295332319920e-14	8.030749123909679003e-15	-4.122078804792876224e-15	-1.114022289067541135e-14	6.994182031391009495e-15	2.079045148647650362e-14	-2.761236648781049457e-15	-4.263421681276522270e-14	3.806592289770337634e-03	2.195806340500758989e-15	-6.891260541977983940e-03	-2.135934148737233294e-15	6.307848758388189500e-15	-4.413838512936596632e-03	7.145523376760348219e-16	1.293770520060766215e-14	-4.022923533467414578e-14	-9.791591442003731111e-15	3.230478844976995512e-14	8.096667251779676891e-15	-7.977047363645393498e-15	1.543116444989678274e-14	4.072471931304021919e-15	9.942697569019049953e-15	2.193253686813067121e-14	7.087149603689755748e-15	-6.899057986346772940e-14	-8.354100952727109930e-15	5.133960949042178630e-15	-5.857739943443863410e-14	-1.010143200018446741e-14	-4.413838513078581147e-03	1.054323207340600310e-02	3.378557608390560316e-15	-4.413838512938240283e-03	-6.484537269232324696e-15	1.540216399854348298e-14	8.259251106724541970e-14
1.321354457057763443e-15	1.326741683549113722e-14	1.852989262533834141e-15	3.250004432242548091e-15	-1.920665866302840529e-14	-3.825065264528859643e-15	0.000000000000000000e+00	-3.053466881523467966e-14	-5.245887847407814232e-15	-3.804493379230189723e-03	2.094606869506259253e-03	-1.660529159207258233e-15	-2.009714859203885458e-05	-2.890239948219274512e-15	5.824181700699906186e-15	2.445182474045203436e-03	3.501508222733296441e-15	2.094281960983425568e-03	4.375444781824456501e-05	1.940604937298220737e-15	-2.111085185410942200e-03	6.261227735355055834e-15	-1.008544221052448487e-14	-5.823903514151271971e-03	3.756528836797532910e-15	2.540560065479153875e-14	-1.011579104645083990e-14	1.129563228719586028e-15	-8.704045235061959080e-16	3.732650257878388150e-15	-3.976526929953068802e-15	-1.152081639355689570e-14	1.219035029412591581e-15	-2.009714859149366352e-05	-2.110760276871826401e-03	-2.566151629157729858e-15	3.808691200171652157e-03	3.435571114835732071e-15	-3.039256602896948327e-15	2.430992251346905837e-03	-4.330539108206152114e-15	-1.168687010588745561e-14	1.931888171101146577e-14	2.711760311644725737e-15	-1.727362276883850756e-14	-4.528307451982029670e-15	6.915356317830415074e-15	-5.057274584370681676e-15	-1.176777785755380631e-16	-2.779336343560725432e-15	-1.176096935525619520e-14	-3.787426722223595260e-15	3.887623657471547112e-14	7.208079982803075405e-15	-8.496986767281473141e-15	2.411212304381754767e-14	4.472925233781430744e-15	2.445008577466452511e-03	-5.823903514150593694e-03	-5.797950649517033474e-15	2.431166147945149850e-03	5.234198740511593616e-15	-8.151617775580912559e-15	-5.488585024441752910e-05
2.135410642167017873e-15	2.322252633246701947e-15	-1.006532639354074110e-15	3.437491922931939823e-14	5.931941136211316135e-17	-5.914941306220710096e-14	3.053466881523467966e-14	0.000000000000000000e+00	-2.048196646704027201e-04	-2.537707071272355832e-14	1.250902859451674451e-14	1.158475934740665252e-07	4.297508441397471607e-16	-2.384570655253923739e-04	2.629126434669419132e-04	1.754906850803311464e-14	2.261843273744902974e-04	1.491817654801110140e-14	2.256604858873199306e-16	3.132756270737939441e-04	-1.411785018399186614e-14	1.230043627717392063e-14	-3.132756270210746135e-04	-4.146009286447819282e-14	3.522949421525036127e-14	3.007529257712460277e-15	-1.097392258784362049e-15	9.047162797151008211e-14	1.152801697156333345e-15	-3.654148738886434338e-14	-1.571432614844822678e-15	2.495894428082638472e-16	-2.048196646066043883e-04	-4.098279619844887341e-16	-1.351800720071779188e-14	-2.629126434615758172e-04	2.522378480593287037e-14	2.384570655884335802e-04	-1.158478769039110439e-07	1.651920756218442459e-14	-5.909062493902473602e-14	-2.783339533340780247e-17	-8.240532661327882393e-16	-3.679044387249111941e-14	-1.889041047685771057e-15	-1.624615170816445046e-15	3.842476818896241768e-14	-4.666168662051426567e-16	3.053319357296852264e-14	-1.467623421757993634e-15	1.688466595828183081e-15	-1.440568939190989073e-15	1.855114475177131091e-15	3.977521348448131593e-14	-8.777143051140516712e-14	5.658616199401039538e-16	-1.028400488953338382e-15	1.507909303041267966e-14	-3.562593626071617675e-14	-3.648817222513474931e-04	1.590417279581784457e-14	3.056217548772928970e-04	-3.648817223262595206e-04	-3.852391535826772563e-16
-1.126416710458570042e-15	-3.824476576630517904e-16	3.430502958666402325e-04	2.321986316160178091e-15	-6.213644642266823864e-04	-5.342665046804606690e-15	5.245887847407814232e-15	2.048196646704027201e-04	0.000000000000000000e+00	-1.258515636178497237e-14	7.204690859356454939e-15	-6.644533014077413924e-16	2.601954101943094235e-15	-6.619054263024004570e-16	-7.546047120499110861e-17	1.375298775893702084e-14	9.157434676521112493e-16	7.869244145871932785e-15	7.286114898559823470e-16	1.526674374991569855e-15	-9.955822011891321395e-15	-2.791588547960699830e-16	-4.501878181677994738e-16	-2.880982924727771983e-14	-1.045967214576446452e-16	-2.422064190702636439e-04	1.217388176528735443e-03	8.572941779320253253e-15	-4.184379485582547485e-04	-5.511263033231480138e-15	3.523849623803643456e-15	2.491922945346497845e-04	-1.267120455309833685e-15	1.580721758579498419e-15	-8.597451267203099058e-15	-9.616666933729892812e-16	1.023691412742898967e-14	1.005609211998137863e-15	-1.441024156834395786e-17	6.864098399033020558e-15	-3.430275166594435684e-15	-6.827816966348692913e-04	-2.799359334455783018e-04	-5.173367797858221630e-15	4.062986495033300984e-05	1.413539349831189888e-15	1.603119894214253838e-15	4.635391160259347450e-04	3.290209129305844639e-15	3.790794427405540104e-04	2.669393326014760917e-04	1.605489429070107811e-15	-2.425491789312301280e-04	2.630559622677053876e-15	-8.241459683322007333e-15	-1.356210865457627493e-03	-1.879643512116170723e-15	1.029103626374947399e-14	-2.523610552181529732e-14	-1.792960259528407712e-15	7.148637420527153744e-15	1.753381365036413283e-15	-4.749958353819388282e-16	-2.741748104135045549e-15
-6.468206762323187891e-06	-1.172777784800966629e-14	9.969332631736957076e-16	3.808691200273692928e-03	8.569973421034155701e-15	-6.891260542029800998e-03	3.804493379230189723e-03	2.537707071272355832e-14	1.258515636178497237e-14	0.000000000000000000e+00	5.216313492262258933e-15	3.718270923836572990e-14	-5.975399008603145268e-15	-2.437073551923584118e-14	1.150827321490878771e-14	-9.951241219940953897e-15	5.506318929110087690e-15	5.082811543849747686e-15	-4.851540930891399978e-15	-8.486367489817078481e-15	2.238811632246340483e-15	3.633037362760362246e-14	-2.947894295213252492e-14	-5.121833188559116429e-15	3.808691200272736228e-03	-3.566540063391392783e-14	1.830246578386022709e-14	1.054209112523188732e-02	-1.814070418822989489e-16	-4.410440996436833933e-03	-1.725509185068913674e-05	2.290281317694236618e-14	-1.259565847897367177e-14	-5.366448143805244720e-15	2.802168644818200478e-15	-6.752857610802837429e-15	9.388908307603662300e-15	-1.164597051410164530e-14	1.814658880966645454e-14	1.276719045214427048e-14	-6.891260542029861713e-03	1.918566557172431191e-14	-2.911295426678859922e-14	-4.410440996438112424e-03	1.130822888778499824e-14	7.692425822163127640e-06	4.417236029610944505e-03	-5.092986829583595562e-15	3.804493379229180114e-03	-3.092735866339254874e-15	1.235945186484978881e-14	-1.725509185067045459e-05	-1.484655725481225120e-14	4.417236029610350362e-03	-1.054437302164971252e-02	-8.333230866155424615e-15	-3.635749556863604415e-14	-8.544676190174726117e-15	-5.228065065508875899e-15	-4.034300492087649715e-14	1.278339384082611539e-14	1.343431598360128738e-14	-2.662895433380844429e-15	1.348087085178218739e-14
2.539059078257538637e-05	7.260488537198574313e-15	-7.512084815220117735e-16	-2.110760276876374412e-03	-5.400546397396335022e-15	3.806592289704049947e-03	-2.094606869506259253e-03	-1.250902859451674451e-14	-7.204690859356454939e-15	-5.216313492262258933e-15	0.000000000000000000e+00	-1.903006746398261721e-14	3.216292520941826938e-15	1.679817777968486422e-14	-7.876982654898909024e-15	9.014924223782472268e-15	-4.559444028919477353e-15	1.331562178390497240e-16	2.921223344915484160e-15	-3.015106672423760939e-16	-4.067406166351554857e-15	-2.024553149755412608e-14	1.507851235432489059e-14	-5.291251132562583823e-15	-2.111085185415794221e-03	2.026168703304562889e-14	-8.984296477454187607e-15	-5.819424784642321727e-03	1.678876353464147419e-16	2.424837546294242481e-03	6.773391596608905208e-05	-1.050900931332614925e-14	1.010912329356689362e-14	2.883137072696703138e-15	-4.660555363711814785e-15	5.725002961480841803e-15	3.866137148562749730e-17	6.279591609947126255e-15	-8.506445190966655248e-15	-3.991512065570634046e-15	3.806592289704210409e-03	-1.157308638884393335e-14	1.487666827491602726e-14	2.424663649698238430e-03	-7.051636717920684274e-15	-3.019619560100432015e-05	-2.451511075699623621e-03	2.834356063778648953e-15	-2.094281960982539558e-03	1.812751879218022477e-15	-5.084742627719190314e-15	6.773391596501672192e-05	8.488353815529329682e-15	-2.451337179119612852e-03	5.828382243664661372e-03	2.537833106664124065e-15	2.096074925774631333e-14	8.049982853177120913e-15	-5.501215454440765373e-15	2.159927907194748574e-14	-3.662929971741554562e-15	-9.603181567648621488e-15	6.739716608485415076e-15	-7.860668366119561939e-15
5.519349031931259360e-17	2.422064190686603257e-04	-2.676505222166668013e-04	-4.676080249483808672e-17	2.425491789916813380e-04	-2.928678669414110970e-15	1.660529159207258233e-15	-1.158475934740665252e-07	6.644533014077413924e-16	-3.718270923836572990e-14	1.903006746398261721e-14	0.000000000000000000e+00	2.541054478423369702e-15	-2.824590604813548289e-15	1.826050568349765757e-15	2.449105108908947155e-14	1.078346085114779434e-15	1.941096219500432668e-14	-1.226409501162354827e-15	2.734479608384450223e-15	-2.096484106510309929e-14	2.336598897481470393e-15	-8.780599741074771689e-16	-5.514502900508156667e-14	2.224652004875800165e-15	-7.488084655918499088e-16	-3.711411709134037262e-04	4.056680883689571006e-17	3.111177541030470659e-04	-1.511152166762035332e-15	7.976396544781301707e-17	4.313455725329681627e-04	-2.515615844242394948e-15	2.122165587164329365e-15	-1.976572143629976369e-14	-2.178472127325484728e-15	3.586599492456029559e-14	-6.523627034186996406e-17	-1.971315869812451285e-15	2.229469893624679719e-14	-4.465484783009459452e-15	2.823659374142243944e-04	1.561790416905817019e-07	-6.906526025387002498e-16	-2.820009402715274380e-04	-5.798110903723333242e-16	2.251318383235417120e-15	-3.616529279305457289e-04	2.699504627613150007e-15	-3.111081924036936076e-04	3.703166369783876619e-04	4.634761881359742243e-16	2.720269133720336059e-07	2.689367306148976942e-15	-5.460522619505395407e-15	4.322534461479408128e-04	-3.885340951250047103e-15	2.475286429368183993e-14	-5.309299749948689722e-14	-2.462739172574373027e-15	2.085853830957111075e-14	1.561545628417663649e-15	-3.561675867857197282e-15	4.332926456753256803e-16
6.193332878638794494e-05	-3.217522172643526016e-16	-2.604023989078068052e-16	-2.009714864437564820e-05	5.325023219860299548e-16	4.169834376775022073e-14	2.009714859203885458e-05	-4.297508441397471607e-16	-2.601954101943094235e-15	5.975399008603145268e-15	-3.216292520941826938e-15	-2.541054478423369702e-15	0.000000000000000000e+00	-4.305022734490203561e-15	4.346966036515986774e-15	-3.867701514961852105e-15	3.817590019412662854e-15	-3.296682816055739692e-15	1.123117034765663974e-16	8.717737867592148739e-15	3.136756718020682822e-15	-7.770986714266860958e-16	-2.292594703852130061e-15	8.964041327890803832e-15	-2.009714864426343666e-05	3.716530486862361538e-16	-1.665931189613041260e-15	1.092462272100518058e-05	1.328607923881368944e-16	-3.253135135349252845e-05	1.652181675575542194e-04	-7.344780102136796593e-16	-3.886768671007529293e-15	-8.407215280047309843e-17	3.259125137986881259e-15	-4.192492709047947359e-15	-5.935590757556523599e-15	2.779575143955716369e-15	-1.832583058518082716e-15	-3.826746662656839274e-15	4.169644376697041093e-14	5.900245856219559175e-16	5.831257824478993278e-16	-3.253135135355152260e-05	4.503195059836703810e-16	-7.365527359735069284e-05	-3.253135141228405533e-05	-3.022591430803679868e-16	2.009714859187919226e-05	-4.058843136343117859e-16	-5.581935035937118286e-16	1.652181675575216933e-04	2.781513311010373250e-16	-3.253135141215922300e-05	1.092462283993543855e-05	1.992337228153630872e-15	6.233054397792130162e-16	-3.868746195197050647e-15	9.156109643589899753e-15	-2.487630546817569896e-15	-3.978845622950173687e-15	4.797760840745560263e-15	-9.672364115795776949e-15	-1.222589869049544524e-16
-1.008654087099082729e-15	6.827816966348582324e-04	-3.545748325036369606e-04	7.553484478807780518e-16	-4.062986495291694145e-05	-4.581852686775659242e-15	2.890239948219274512e-15	2.384570655253923739e-04	6.619054263024004570e-16	2.437073551923584118e-14	-1.679817777968486422e-14	2.824590604813548289e-15	4.305022734490203561e-15	0.000000000000000000e+00	8.413408858487514408e-17	-6.877243367301724830e-15	1.454645392860697845e-16	-1.797492888232856651e-14	5.788886211839655158e-15	1.048120077704217694e-15	1.057053240880465462e-14	-3.127716513574754457e-15	7.955352830096039149e-17	3.339859271623057266e-14	2.523384746013697532e-16	-2.823659374150743005e-04	3.729636353898516544e-04	4.828409254367058277e-15	3.892391208999252620e-04	-6.215479288528842949e-15	2.895102238965304437e-15	1.506511349691495687e-03	-9.603749326860967872e-16	2.101956867295097436e-15	9.645652642514035390e-15	-1.378178446797935218e-15	-2.445001888567153979e-14	6.461002698891152831e-16	2.207575900423090380e-15	-1.754996684938013485e-14	-4.163328395694734852e-15	4.680818415975143004e-16	-3.259098120988203058e-04	-3.241056852371901638e-15	-7.476118675008532923e-04	2.316807555073911848e-15	1.621189360536171243e-16	-4.791024113693095692e-04	2.390700407454096481e-15	-4.350626164194160020e-04	1.355135393905293299e-03	1.025788752116820555e-15	-2.820009403256130802e-04	8.134916622583254880e-16	-3.190828992975704826e-15	-3.625461406839819282e-04	3.162916429971271836e-16	-1.337030960539290735e-14	3.822095653057842750e-14	-1.167489235797932711e-15	-2.362629318290171223e-14	-2.225793585712769325e-16	5.029706602712355694e-16	-9.653803578116201883e-15
1.274280084240324044e-15	-3.790794427401799607e-04	-2.167534938209821559e-05	-2.732135936444296441e-15	4.184379485717048186e-04	7.447443139416498923e-15	-5.824181700699906186e-15	-2.629126434669419132e-04	7.546047120499110861e-17	-1.150827321490878771e-14	7.876982654898909024e-15	-1.826050568349765757e-15	-4.346966036515986774e-15	-8.413408858487514408e-17	0.000000000000000000e+00	-8.458127896072527030e-16	-6.455401599774070281e-16	8.383162714882952598e-15	-3.046925212475509484e-15	-4.372349081542294766e-16	-2.913885175021615365e-15	1.817877807813160295e-15	1.310982932323610623e-15	-9.395678685895189003e-15	-8.898621180981433696e-16	3.111081924051752783e-04	-9.827339752073694593e-04	-1.038922966604000845e-14	5.039916738461785425e-05	7.945072902719671151e-15	-3.930774548765244680e-15	-9.952604033855879349e-04	8.669148707659117882e-16	-2.464846713867529830e-15	-3.453499688313350566e-15	1.330940178970575425e-15	1.313781336090356816e-14	-1.461188913912057848e-15	-1.895017212379449318e-15	9.068730270790560994e-15	5.941740316199550699e-15	4.350626164187203779e-04	3.593133030407759517e-04	6.081007565027668731e-15	3.892391208880019654e-04	-2.200851867770692410e-15	-1.992253479524784022e-15	-2.929847366527799665e-05	-4.232300122956155802e-15	1.587034811293547287e-16	-9.224473516504126322e-04	-1.546309631892703461e-15	3.111177540952942073e-04	-3.122853715867356483e-15	9.246486755428289043e-15	1.065480528448483049e-03	1.032910744104044442e-15	4.736135304568880947e-15	-1.428852977306771551e-14	2.991977306271950497e-15	1.256928891974381956e-14	-9.615087753484977861e-16	-1.221195587554392166e-15	6.365576422390057878e-15
-2.159703710825992603e-05	7.196402221470417344e-15	-1.032797670210355839e-15	-2.430992251503486315e-03	-4.331257300831151532e-15	4.413838513076508152e-03	-2.445182474045203436e-03	-1.754906850803311464e-14	-1.375298775893702084e-14	9.951241219940953897e-15	-9.014924223782472268e-15	-2.449105108908947155e-14	3.867701514961852105e-15	6.877243367301724830e-15	8.458127896072527030e-16	0.000000000000000000e+00	3.972130216404585852e-15	-8.845516192376581633e-15	3.170163068705910036e-15	1.710677998417717456e-14	4.071214806100885434e-15	-2.326121196228461338e-14	1.044629285879323911e-14	1.791751836254872084e-14	-2.431166148063212962e-03	2.309325022864834310e-14	-1.395078501649944605e-14	-6.756807189343560019e-03	6.086641943275305397e-16	2.837921397645655312e-03	-5.761393678872113162e-05	-1.667335457066170936e-14	5.078784873656813019e-16	3.413940017091501801e-15	3.887429207395897859e-15	-4.144614888473614910e-15	-1.600558567407259284e-14	1.430484925824158551e-14	-1.222053376329530148e-14	-1.454359173052982641e-14	4.413838513076480397e-03	-1.097892772387475847e-14	1.973261070752848622e-14	2.838765668853843877e-03	-6.917518739162290333e-15	2.568464684537897366e-05	-2.815233103215218809e-03	2.867308835743513883e-15	-2.445008577464690899e-03	1.376099999578786553e-15	-8.957098761296921021e-15	-5.761393678754360675e-05	9.598189963572819552e-15	-2.816077374402256757e-03	6.749188045106288211e-03	7.985393868057695343e-15	2.299727294143631862e-14	-8.574067412422663608e-16	1.837915728352866944e-14	1.585932605696572818e-14	-1.483772362469807628e-14	1.516026402831927584e-15	-1.140466204357598285e-14	-8.832527626213992646e-15
1.209328191051995519e-15	-3.430502958660441382e-04	-8.297450048008400691e-17	-7.173162580165227230e-16	3.430502958573350674e-04	3.629007456818656340e-15	-3.501508222733296441e-15	-2.261843273744902974e-04	-9.157434676521112493e-16	-5.506318929110087690e-15	4.559444028919477353e-15	-1.078346085114779434e-15	-3.817590019412662854e-15	-1.454645392860697845e-16	6.455401599774070281e-16	-3.972130216404585852e-15	0.000000000000000000e+00	4.559057404692678769e-15	-2.644384238017712663e-15	-7.892991815694472280e-16	-2.520122694980032476e-16	1.868964645589457629e-15	-7.758550746306269730e-16	-1.719919187766343796e-15	5.797515676000474001e-16	2.676505222178060268e-04	-8.195112219238934138e-04	-4.591929508523353104e-15	2.167534935485440373e-05	4.882348700405371542e-15	-3.033416698839539162e-15	-8.864299279270182030e-04	7.389997730394349390e-16	-2.173145425399403684e-15	-1.662784660992125829e-16	5.564908868797633732e-16	6.854529767006529065e-15	-1.821549450873086684e-16	-1.105636006245537892e-15	5.164219998684141482e-15	2.375483224698150173e-15	3.545748325031838726e-04	3.091167170544415529e-04	3.486301245289915102e-15	3.545748325124939166e-04	-2.054746794345099011e-15	1.545906934986593376e-16	-2.695689977933336118e-15	-1.940764408595265526e-15	2.167534938213163951e-05	-8.195112219346253890e-04	-9.848656321479417958e-16	2.676505222105637731e-04	-1.081077146561164338e-15	3.618974357592273177e-15	8.864299279113640583e-04	7.083598200193917490e-16	1.461989923779705082e-15	-5.942174832740473593e-15	4.454359119855208355e-16	7.767068913582889883e-15	-5.121178472485327583e-17	-6.689338798183341064e-16	5.514126924989144574e-15
2.539059078260292850e-05	9.549213593825835523e-15	-2.710023342838197682e-15	-2.111085185416375354e-03	-3.990155934926972069e-15	3.806592289704429852e-03	-2.094281960983425568e-03	-1.491817654801110140e-14	-7.869244145871932785e-15	-5.082811543849747686e-15	-1.331562178390497240e-16	-1.941096219500432668e-14	3.296682816055739692e-15	1.797492888232856651e-14	-8.383162714882952598e-15	8.845516192376581633e-15	-4.559057404692678769e-15	0.000000000000000000e+00	2.912519401002122699e-15	-2.699927283466215542e-15	-4.215378046623641239e-15	-1.782545075670642687e-14	1.300545962068787388e-14	-5.507747036226362525e-15	-2.110760276876092953e-03	1.770466201757315745e-14	-1.045706300697998547e-14	-5.819424784642973983e-03	2.376818395467012093e-15	2.424663649697594847e-03	6.773391596504670011e-05	-6.890492459886737741e-15	1.108136353029581734e-14	2.842578054035653525e-15	-4.349907900937468198e-15	6.133452909129102068e-15	-1.019448377481323546e-16	7.012551742737220740e-15	-8.293221209797408755e-15	-3.757135165178350635e-15	3.806592289704406867e-03	-9.526847002017705360e-15	1.641230837115415611e-14	2.424837546295379159e-03	-9.525484965555165017e-15	-3.019619560102811839e-05	-2.451337179119965435e-03	7.472438827687821477e-17	-2.094606869505881951e-03	-1.118515533291426572e-15	-8.611627653880428191e-16	6.773391596603869089e-05	5.979555386353630608e-15	-2.451511075699536885e-03	5.828382243665188728e-03	5.463182079337899752e-15	1.841599137281163856e-14	8.053285231276728407e-15	-4.974607715636509980e-15	1.923333858122420377e-14	-4.087550950300531308e-15	-9.730285486865075256e-15	1.008418614090815895e-14	-7.840811120508454278e-15
-1.348379639692873786e-04	-1.536717586445800101e-15	8.606649167010970619e-16	4.375444777518988030e-05	6.160747660050574069e-16	3.458599890382722981e-14	-4.375444781824456501e-05	-2.256604858873199306e-16	-7.286114898559823470e-16	4.851540930891399978e-15	-2.921223344915484160e-15	1.226409501162354827e-15	-1.123117034765663974e-16	-5.788886211839655158e-15	3.046925212475509484e-15	-3.170163068705910036e-15	2.644384238017712663e-15	-2.912519401002122699e-15	0.000000000000000000e+00	4.547396354040503315e-15	3.002237130775298191e-15	1.009294901618343102e-16	-1.756751767032626021e-15	7.633166153190110159e-15	4.375444777514927693e-05	9.222418917751508460e-16	-8.426433724491995329e-16	-2.378451029006540591e-05	-5.012659378386103592e-16	7.082553567202354370e-05	-3.597042458517666491e-04	-3.961314849147663783e-15	-4.955517650702670888e-15	7.072871640837812674e-17	2.902221540191811304e-15	-3.828358408807756689e-15	-4.914702219726264046e-15	1.851055666952184358e-15	-3.309935812717652408e-16	-3.142741114253837829e-15	3.459013835384046158e-14	5.203034108334416747e-16	3.767439361728898972e-16	7.082553567191577401e-05	1.362174127233899912e-15	1.603583615168184735e-04	7.082553562005267848e-05	1.048730891558284693e-15	-4.375444781810066428e-05	1.349190642834055794e-15	-3.900712332019527115e-15	-3.597042458516957423e-04	1.116630264307553985e-15	7.082553562001714376e-05	-2.378451019426118876e-05	4.703702974643252790e-16	-6.152499381035477164e-16	-2.972978186420917142e-15	7.215025097957834075e-15	-3.141142855302408523e-15	-3.006530000269839700e-15	4.354901744938069986e-15	-5.646448253834359795e-15	-4.053463111240532222e-17
6.529893303092700670e-16	-1.217388176527691573e-03	8.195112219235602385e-04	1.365712227586429033e-15	-2.669393326001858911e-04	3.835564625232600672e-15	-1.940604937298220737e-15	-3.132756270737939441e-04	-1.526674374991569855e-15	8.486367489817078481e-15	3.015106672423760939e-16	-2.734479608384450223e-15	-8.717737867592148739e-15	-1.048120077704217694e-15	4.372349081542294766e-16	-1.710677998417717456e-14	7.892991815694472280e-16	2.699927283466215542e-15	-4.547396354040503315e-15	0.000000000000000000e+00	7.282420483105787613e-15	2.543429876433744852e-15	-7.839865909242682562e-16	1.396523533553702787e-14	1.434201675846435335e-16	3.711411709148709770e-04	-2.559720861108286810e-16	-2.034843584066818465e-15	-9.224473516615345949e-04	6.874832826160832503e-15	-4.602118544967300326e-15	-2.549958327368554746e-03	4.078039754392913100e-16	-5.353583025256281936e-15	9.672798148291717819e-15	1.282019154829344171e-15	-9.131228002388043912e-15	-1.790694296396892833e-16	-1.286989227789464793e-15	-3.570899608965323504e-15	4.172705307473497007e-15	-3.729636353901557731e-04	4.281821808766300133e-04	2.668424598245109931e-15	1.355135393897087190e-03	-2.715803786942426192e-15	2.270860672830293953e-15	1.107341517386622228e-03	-1.384587030735021962e-15	9.827339752071133708e-04	-2.270410879640820737e-03	-2.405564240132174838e-15	3.703166369005421628e-04	8.384200072287380715e-16	-8.762440657777431662e-16	-9.446165663053235275e-05	1.240253181053223190e-15	-7.407443857554603391e-15	7.275481613589139772e-15	5.818329471969702177e-16	7.349049371829967075e-15	2.087085977079820430e-15	-2.311919523460279978e-15	8.935012444095557133e-15
2.539059081968617662e-05	-6.531237427132883139e-15	1.042200992514270566e-15	2.094281961055448685e-03	3.919846778976164028e-15	-3.806592289769445553e-03	2.111085185410942200e-03	1.411785018399186614e-14	9.955822011891321395e-15	-2.238811632246340483e-15	4.067406166351554857e-15	2.096484106510309929e-14	-3.136756718020682822e-15	-1.057053240880465462e-14	2.913885175021615365e-15	-4.071214806100885434e-15	2.520122694980032476e-16	4.215378046623641239e-15	-3.002237130775298191e-15	-7.282420483105787613e-15	0.000000000000000000e+00	1.870079138418431828e-14	-1.107695722235898179e-14	-6.214646852686911416e-15	2.094606869611372220e-03	-2.009116082058868145e-14	1.180612760018226045e-14	5.828382243733143050e-03	-7.372830865207941151e-16	-2.451511075670295518e-03	6.773391589663229620e-05	1.283891672949005800e-14	-4.706204696697476196e-15	-2.872555958812693555e-15	3.464817877217407494e-16	-3.994685005615067892e-16	7.433878810697107143e-15	-9.929746947743673057e-15	1.102905082342493928e-14	8.600746965837350345e-15	-3.806592289769607750e-03	1.001474306246104186e-14	-1.671145289968193689e-14	-2.451337179093456692e-03	6.454394047746732033e-15	-3.019619566560868178e-05	2.424837546401041599e-03	-2.400013718843231570e-15	2.110760276870680616e-03	-1.650617215005316623e-15	7.391956662689455718e-15	6.773391589767795498e-05	-8.393567068579740515e-15	2.424663649840251133e-03	-5.819424784755040589e-03	-5.493181904069792876e-15	-1.909410899963265819e-14	-3.530663042185982389e-15	-5.842155680910012038e-15	-1.642046338652513198e-14	8.570744495264430209e-15	3.487576505283102853e-15	2.119165945207711829e-15	7.977577836506966655e-15
9.365273408962721475e-16	2.799359334451750328e-04	-3.091167170537708654e-04	-4.298365456489136379e-15	2.799359333904591438e-04	8.786352887385528740e-15	-6.261227735355055834e-15	-1.230043627717392063e-14	2.791588547960699830e-16	-3.633037362760362246e-14	2.024553149755412608e-14	-2.336598897481470393e-15	7.770986714266860958e-16	3.127716513574754457e-15	-1.817877807813160295e-15	2.326121196228461338e-14	-1.868964645589457629e-15	1.782545075670642687e-14	-1.009294901618343102e-16	-2.543429876433744852e-15	-1.870079138418431828e-14	0.000000000000000000e+00	2.317211093144644352e-15	-5.088447462321838747e-14	-4.562934332148003739e-15	-1.561790407767161610e-07	-4.281821808763817310e-04	-1.096275104784133253e-14	3.593133030345594617e-04	4.304581399280375021e-15	1.013744566874646045e-15	4.987172963330740484e-04	2.624462749212501803e-15	4.218309660689109807e-16	-2.126121577426106330e-14	2.060156177916259250e-15	3.919153382002555254e-14	-7.992333983643002179e-16	-1.414992476689890822e-15	2.569967361439839564e-14	8.933751255575278628e-15	3.259098120979337537e-04	3.238113783728992223e-16	5.185672631436683767e-15	-3.259098121502567542e-04	1.870188852681532804e-16	-6.979934812774664135e-15	-4.176841009773535210e-04	-6.160554793288123136e-15	-3.593133030399848094e-04	4.281821807992249171e-04	9.227810404304397722e-16	1.561793169481562072e-07	-7.575073140115528357e-15	1.760559225925197859e-14	4.987172964367075131e-04	1.237323875825424855e-15	2.174602601835894331e-14	-5.242590867458869995e-14	4.238830517538900110e-15	2.161527200138116876e-14	-3.409262952054792509e-15	3.564976355159316439e-15	1.035782048996143995e-15
-2.564452350282603562e-15	-2.669393326020834617e-04	8.195112219348463494e-04	5.325457175023423723e-15	-1.217388176524105466e-03	-1.046908850891217517e-14	1.008544221052448487e-14	3.132756270210746135e-04	4.501878181677994738e-16	2.947894295213252492e-14	-1.507851235432489059e-14	8.780599741074771689e-16	2.292594703852130061e-15	-7.955352830096039149e-17	-1.310982932323610623e-15	-1.044629285879323911e-14	7.758550746306269730e-16	-1.300545962068787388e-14	1.756751767032626021e-15	7.839865909242682562e-16	1.107695722235898179e-14	-2.317211093144644352e-15	0.000000000000000000e+00	2.733769705953762793e-14	1.008039517012172553e-15	-3.703166369799782407e-04	2.270410879641177656e-03	1.754857347719666884e-14	-9.827339751832240601e-04	-9.020398326770871949e-15	3.884460951284819178e-15	-9.446165661369326999e-05	-1.050118692216866808e-15	1.132754108399689913e-15	1.390298557689562875e-14	-2.124170243915470987e-16	-3.384095415222336130e-14	8.894053328200448556e-16	2.410150050110993437e-15	-2.101612499345729996e-14	-6.875873009078602273e-15	-1.355135393904373896e-03	-4.281821808007039314e-04	-9.847289731760164006e-15	3.729636353831658133e-04	2.746950186292913602e-15	4.459286213222883164e-15	1.107341517409268609e-03	6.157445570663932067e-15	9.224473516500975630e-04	-1.553983585691684488e-16	8.954477201680001593e-16	-3.711411709754958762e-04	6.500026178004149500e-15	-1.780109968790043698e-14	-2.549958327379444473e-03	-8.050210896155356362e-16	-1.504587078392052977e-14	3.258890577692984923e-14	-1.954365237706000685e-15	-1.775279730174651098e-14	2.240640349985368203e-15	9.378184739459005904e-16	-4.860241163040390679e-15
4.063928661533690746e-14	-2.154890968449340003e-14	5.075978700790767124e-15	5.823903514250084422e-03	1.008745332693299602e-14	-1.054323207340389021e-02	5.823903514151271971e-03	4.146009286447819282e-14	2.880982924727771983e-14	5.121833188559116429e-15	5.291251132562583823e-15	5.514502900508156667e-14	-8.964041327890803832e-15	-3.339859271623057266e-14	9.395678685895189003e-15	-1.791751836254872084e-14	1.719919187766343796e-15	5.507747036226362525e-15	-7.633166153190110159e-15	-1.396523533553702787e-14	6.214646852686911416e-15	5.088447462321838747e-14	-2.733769705953762793e-14	0.000000000000000000e+00	5.823903514250669024e-03	-5.105980862335135757e-14	3.201412689232178881e-14	1.613042823327862085e-02	-4.529526220562610030e-15	-6.752997617034028205e-03	-7.668364988478088874e-14	2.792364246554244505e-14	-1.620661362005460990e-14	-8.088590867827353805e-15	6.639735529688519166e-15	-2.382204423990098620e-15	9.180437471742830596e-15	-2.868501445813821909e-14	2.620276266732080209e-14	1.624998805129780947e-14	-1.054323207340391796e-02	2.559633491305527233e-14	-4.697658136555431516e-14	-6.752997617038304298e-03	2.153127024758502625e-14	-7.692943788200864216e-14	6.752997617215390075e-03	-2.642041455101155208e-15	5.823903514147660276e-03	-4.246355204579493370e-16	1.316336409140119154e-14	-7.668921616179377038e-14	-1.956235191441839899e-14	6.752997617216892345e-03	-1.613042823334375625e-02	-1.805943294808789617e-14	-5.151171622159942167e-14	-1.627021686267903328e-14	-7.389839199091785562e-17	-4.129747387985701285e-14	1.669916763318339530e-14	1.131542756956091587e-14	-2.181568600485403394e-15	2.071486993334228977e-14
1.295899079089984242e-15	1.190696057998837023e-14	1.194838369740444847e-15	-2.388563122682724773e-16	-1.710341923604820829e-14	2.679470864502663406e-15	-3.756528836797532910e-15	-3.522949421525036127e-14	1.045967214576446452e-16	-3.808691200272736228e-03	2.111085185415794221e-03	-2.224652004875800165e-15	2.009714864426343666e-05	-2.523384746013697532e-16	8.898621180981433696e-16	2.431166148063212962e-03	-5.797515676000474001e-16	2.110760276876092953e-03	-4.375444777514927693e-05	-1.434201675846435335e-16	-2.094606869611372220e-03	4.562934332148003739e-15	-1.008039517012172553e-15	-5.823903514250669024e-03	0.000000000000000000e+00	2.264637253807965377e-14	-1.471313185251652050e-14	-8.717852828521444053e-15	-2.618441906442186886e-17	7.864802559209849164e-15	-4.012076586755453089e-15	-1.417921160948914868e-14	3.220289603304338933e-15	2.009714864480308474e-05	-2.094281961055370622e-03	2.154457915540921417e-15	3.804493379272650549e-03	-2.681536135356306866e-15	-3.462389574783108137e-15	2.445008577434411301e-03	2.193841839452540621e-15	-9.457977147240057739e-15	2.408021829092860303e-14	7.144230761619140550e-15	-1.580603107561492969e-14	-4.505746392895238008e-15	2.783049030483570461e-15	-5.744070577190683466e-15	-3.618619911413602095e-15	-3.301561313095681600e-15	-1.424581093870047085e-14	-3.804929841060711161e-15	3.611959345357927398e-14	2.788170977670739403e-15	1.317829427039974247e-15	2.913557870219387291e-14	5.835801707299996126e-15	2.430992251504112550e-03	-5.823903514249963859e-03	4.596572043686820417e-15	2.445182474012943218e-03	-4.958819518785591699e-16	-5.319834619892719120e-15	5.488585014550239032e-05
-5.388722507057430760e-16	1.068335622113138984e-15	4.301780539679579059e-16	-2.448759640372412598e-14	-1.856638178584864851e-15	4.452897168025519606e-14	-2.540560065479153875e-14	-3.007529257712460277e-15	2.422064190702636439e-04	3.566540063391392783e-14	-2.026168703304562889e-14	7.488084655918499088e-16	-3.716530486862361538e-16	2.823659374150743005e-04	-3.111081924051752783e-04	-2.309325022864834310e-14	-2.676505222178060268e-04	-1.770466201757315745e-14	-9.222418917751508460e-16	-3.711411709148709770e-04	2.009116082058868145e-14	1.561790407767161610e-07	3.703166369799782407e-04	5.105980862335135757e-14	-2.264637253807965377e-14	0.000000000000000000e+00	2.230962810323422474e-15	-6.239605293638951473e-14	-1.611161697763138778e-15	2.566079583044950708e-14	-4.961905553700047367e-16	-1.812731822287139138e-15	2.425491789922739629e-04	-1.886640762798609576e-15	2.186061665184276846e-14	3.111177541044818449e-04	-3.626122925871669161e-14	-2.820009402730420684e-04	2.720269146374517012e-07	-2.104227549987193794e-14	4.239820410318134922e-14	-2.280143060058008346e-15	2.033187484992935622e-15	2.795139484736076162e-14	-3.738828859495198698e-16	8.545549639333622822e-16	-2.697390500554999761e-14	1.059789409456241844e-15	-2.169019769263842510e-14	1.245760205403535007e-15	3.679241436026625893e-17	7.677614276725371083e-16	-2.252189463853052368e-15	-2.824468925521703494e-14	6.439076715768811828e-14	-3.347242227120556650e-15	-1.158475936456737062e-07	-2.570304182909822166e-14	5.809197937082679905e-14	4.313455725342991293e-04	-2.344961624451890775e-14	-3.616529279318782676e-04	4.322534461500095789e-04	1.181082357180745057e-15
9.041895984488072653e-16	-1.277895832638880618e-15	1.087669453658521403e-15	1.402863455745551269e-14	9.510602970960886837e-17	-3.236292295332319920e-14	1.011579104645083990e-14	1.097392258784362049e-15	-1.217388176528735443e-03	-1.830246578386022709e-14	8.984296477454187607e-15	3.711411709134037262e-04	1.665931189613041260e-15	-3.729636353898516544e-04	9.827339752073694593e-04	1.395078501649944605e-14	8.195112219238934138e-04	1.045706300697998547e-14	8.426433724491995329e-16	2.559720861108286810e-16	-1.180612760018226045e-14	4.281821808763817310e-04	-2.270410879641177656e-03	-3.201412689232178881e-14	1.471313185251652050e-14	-2.230962810323422474e-15	0.000000000000000000e+00	3.025798301937676411e-14	1.421822728997490515e-15	-1.571478171877307578e-14	-1.678707996546296336e-15	8.075137780672037024e-16	-2.669393326000854940e-04	2.618419961088955095e-15	-1.207036324765116525e-14	-9.224473516622172086e-04	1.750518342810143620e-14	1.355135393898095064e-03	3.703166368992699600e-04	8.740786524707312506e-15	-3.084109324696457821e-14	-1.123797628868168082e-15	2.304830525040969025e-15	-1.623883190582939898e-14	-3.239032487814742725e-18	-3.518291924243423101e-16	1.289875528379171737e-14	2.344490630233802443e-15	1.287873329837634945e-14	4.552965284422093089e-16	-1.305441475162636198e-15	-1.295341673206456846e-15	-7.148438616674899324e-16	1.906462404599796842e-14	-2.770917470799249544e-14	-2.484411984844905323e-15	-3.132756270727638436e-04	1.878291352424625752e-14	-3.421375665888631993e-14	-2.549958327368960671e-03	1.196181225576173967e-14	1.107341517387164763e-03	-9.446165663139839989e-05	-4.240163951179305969e-15
3.460120096496774317e-15	3.376913946417182898e-14	5.466856102395629130e-15	8.127919865449941580e-15	-5.195196109723273827e-14	-8.030749123909679003e-15	-1.129563228719586028e-15	-9.047162797151008211e-14	-8.572941779320253253e-15	-1.054209112523188732e-02	5.819424784642321727e-03	-4.056680883689571006e-17	-1.092462272100518058e-05	-4.828409254367058277e-15	1.038922966604000845e-14	6.756807189343560019e-03	4.591929508523353104e-15	5.819424784642973983e-03	2.378451029006540591e-05	2.034843584066818465e-15	-5.828382243733143050e-03	1.096275104784133253e-14	-1.754857347719666884e-14	-1.613042823327862085e-02	8.717852828521444053e-15	6.239605293638951473e-14	-3.025798301937676411e-14	0.000000000000000000e+00	-2.732112944761906000e-15	1.139366379021566900e-14	-1.047788903709399866e-14	-3.465263372072991891e-14	6.312937798533965893e-15	-1.092462271955709814e-05	-5.828382243734601953e-03	-2.456098781826021733e-15	1.054437302152991945e-02	3.782743626529078822e-15	-5.441643439169546383e-15	6.749188044878872902e-03	-9.130565642286624144e-15	-3.152064846553194174e-14	6.090896420552628583e-14	9.556037206555686044e-15	-4.506993905426851436e-14	-1.240545318139532048e-14	1.772778522884238148e-14	-1.323619387026510885e-14	-1.273832108507466143e-15	-6.569791167032491835e-15	-3.567024825627164503e-14	-1.062444248834404831e-14	9.996963911772379321e-14	1.809159546477122797e-14	-1.991945002028929726e-14	6.783565996154002998e-14	1.794191737219154784e-14	6.756807189346597520e-03	-1.613042823328185438e-02	-7.289313523628732032e-15	6.749188044881459375e-03	8.789519405329171340e-15	-1.895901717457031366e-14	-2.983543701379878695e-05
2.254663515437796500e-15	8.592572083279371237e-16	-6.835023199463246612e-16	3.803176421144302162e-15	5.260306642539719433e-16	4.122078804792876224e-15	8.704045235061959080e-16	-1.152801697156333345e-15	4.184379485582547485e-04	1.814070418822989489e-16	-1.678876353464147419e-16	-3.111177541030470659e-04	-1.328607923881368944e-16	-3.892391208999252620e-04	-5.039916738461785425e-05	-6.086641943275305397e-16	-2.167534935485440373e-05	-2.376818395467012093e-15	5.012659378386103592e-16	9.224473516615345949e-04	7.372830865207941151e-16	-3.593133030345594617e-04	9.827339751832240601e-04	4.529526220562610030e-15	2.618441906442186886e-17	1.611161697763138778e-15	-1.421822728997490515e-15	2.732112944761906000e-15	0.000000000000000000e+00	3.912636310702166162e-15	-1.696141777333410782e-15	-1.273503871801473508e-15	-3.790794427492300131e-04	1.222165765214631721e-18	7.192457417606172443e-17	1.764547506049631009e-16	1.080373879733077211e-15	-4.350626164019483124e-04	-3.111081923977802605e-04	6.632751939962514903e-16	5.785360295002685032e-15	1.686589704408785939e-15	-1.536656848147175750e-15	2.942189518704564055e-15	1.844680791988748403e-16	-2.304608112333691689e-15	3.488182344073061009e-15	-1.133037210360592734e-15	-4.752158447230473225e-15	-1.558096806813178251e-15	4.590034553402380089e-16	-3.606458455126088486e-15	1.820410822944761930e-15	-2.839410665875409993e-16	-4.050828214567293938e-15	3.857196891014849251e-15	2.629126434605338989e-04	-3.648229382807047771e-15	4.758040873820774572e-15	1.065480528423725076e-03	-4.993082759314698356e-16	-2.929847362269817894e-05	-9.952604033952963149e-04	2.076541196377704350e-15
-1.446283836008013175e-15	-1.994967488699743734e-14	2.478496860452079733e-15	-7.580058917011917708e-15	1.894057496864840510e-14	1.114022289067541135e-14	-3.732650257878388150e-15	3.654148738886434338e-14	5.511263033231480138e-15	4.410440996436833933e-03	-2.424837546294242481e-03	1.511152166762035332e-15	3.253135135349252845e-05	6.215479288528842949e-15	-7.945072902719671151e-15	-2.837921397645655312e-03	-4.882348700405371542e-15	-2.424663649697594847e-03	-7.082553567202354370e-05	-6.874832826160832503e-15	2.451511075670295518e-03	-4.304581399280375021e-15	9.020398326770871949e-15	6.752997617034028205e-03	-7.864802559209849164e-15	-2.566079583044950708e-14	1.571478171877307578e-14	-1.139366379021566900e-14	-3.912636310702166162e-15	0.000000000000000000e+00	4.651118899745565471e-15	4.122749344225954206e-15	9.241207503486281821e-16	3.253135135293888739e-05	2.451337179093271944e-03	4.516032991912573144e-15	-4.417236029451566785e-03	-4.059159261628991862e-15	4.143870843665725270e-15	-2.816077374237615887e-03	1.149550476559707369e-14	9.878402073619439148e-15	-2.431229984882314603e-14	7.708441758778146913e-16	2.563384424202323501e-14	5.109764395131102790e-15	-1.232409200479518556e-14	1.200610090834664913e-14	-3.321600709574548032e-15	8.062870235892615798e-15	5.468987330118786908e-15	5.015684918870983245e-15	-4.115416975301225785e-14	-1.267938944231256352e-14	1.998341865732565450e-14	-3.187421097608517040e-14	-7.940691993140392644e-15	-2.838765668854363426e-03	6.752997617037605205e-03	5.396264020188185051e-15	-2.815233103011186271e-03	-8.203630565952070946e-15	1.603197154622875478e-14	8.884399044572398796e-05
4.979433411709097438e-17	4.597997230978293107e-15	-1.478701306714332905e-15	3.756596553974251436e-15	-7.433132329042294882e-17	-6.994182031391009495e-15	3.976526929953068802e-15	1.571432614844822678e-15	-3.523849623803643456e-15	1.725509185068913674e-05	-6.773391596608905208e-05	-7.976396544781301707e-17	-1.652181675575542194e-04	-2.895102238965304437e-15	3.930774548765244680e-15	5.761393678872113162e-05	3.033416698839539162e-15	-6.773391596504670011e-05	3.597042458517666491e-04	4.602118544967300326e-15	-6.773391589663229620e-05	-1.013744566874646045e-15	-3.884460951284819178e-15	7.668364988478088874e-14	4.012076586755453089e-15	4.961905553700047367e-16	1.678707996546296336e-15	1.047788903709399866e-14	1.696141777333410782e-15	-4.651118899745565471e-15	0.000000000000000000e+00	5.320325337160894597e-15	-2.090345130294792415e-15	-1.652181675575314782e-04	-6.773391589774754721e-05	-3.830717085866920847e-15	1.725509174319665435e-05	4.447763579337656276e-15	-6.098989764355436322e-16	-5.761393686401502194e-05	-7.084819118933767690e-15	1.896718226487015880e-16	-6.882968210156135914e-16	-4.982742654346026915e-15	-5.500452020428464379e-15	-2.753692266930775493e-17	4.711683817903557354e-15	-2.828192172122124892e-15	3.774425379681225374e-15	-2.412049697764416978e-15	4.584371358573037135e-15	-7.429658858120099028e-17	4.895712915694793480e-16	4.988495412883453593e-15	-1.036074494204262703e-14	-1.546317528171402969e-15	9.016999883435244706e-16	5.761393678744547290e-05	7.657525889016901857e-14	-5.017145355071813888e-15	-5.761393686248615458e-05	5.011505830391539296e-15	-5.801544238192712590e-15	-4.512152328843127818e-04
7.678792926044275675e-15	1.775806802838224252e-15	-3.402253719906578098e-16	2.320483589517586170e-14	1.264287904841645504e-16	-2.079045148647650362e-14	1.152081639355689570e-14	-2.495894428082638472e-16	-2.491922945346497845e-04	-2.290281317694236618e-14	1.050900931332614925e-14	-4.313455725329681627e-04	7.344780102136796593e-16	-1.506511349691495687e-03	9.952604033855879349e-04	1.667335457066170936e-14	8.864299279270182030e-04	6.890492459886737741e-15	3.961314849147663783e-15	2.549958327368554746e-03	-1.283891672949005800e-14	-4.987172963330740484e-04	9.446165661369326999e-05	-2.792364246554244505e-14	1.417921160948914868e-14	1.812731822287139138e-15	-8.075137780672037024e-16	3.465263372072991891e-14	1.273503871801473508e-15	-4.122749344225954206e-15	-5.320325337160894597e-15	0.000000000000000000e+00	-1.356210865449454777e-03	2.136442152495898386e-15	-1.551126074241863037e-14	-1.065480528424170032e-03	2.553476103642830349e-14	3.625461406853027575e-04	-4.322534462250821768e-04	1.260052305994289291e-14	-1.440051812111076220e-14	1.829380454033581962e-15	-3.445508000265629797e-15	-7.639741740796192827e-15	-3.754063585519256895e-16	-7.372024852867119047e-15	2.057128955255828609e-14	6.789331015491275787e-17	-9.404392111501506185e-16	-3.416652897369445772e-15	2.089641535238345931e-15	-9.970333142042443584e-15	4.127477918004297229e-15	1.786294548192025992e-14	-3.544438197252193461e-14	4.202574718872899904e-15	3.648817222490632417e-04	1.316328517439633863e-14	-2.982773879713053504e-14	-1.085414276633025338e-15	1.395469684500430157e-14	1.197750119623398890e-03	-2.859992210741071298e-03	-1.793470499209373073e-15
-9.762070145075680612e-16	6.213644642263703530e-04	-3.430502958574678280e-04	-3.147027539228063149e-15	1.843063225095368379e-16	2.761236648781049457e-15	-1.219035029412591581e-15	2.048196646066043883e-04	1.267120455309833685e-15	1.259565847897367177e-14	-1.010912329356689362e-14	2.515615844242394948e-15	3.886768671007529293e-15	9.603749326860967872e-16	-8.669148707659117882e-16	-5.078784873656813019e-16	-7.389997730394349390e-16	-1.108136353029581734e-14	4.955517650702670888e-15	-4.078039754392913100e-16	4.706204696697476196e-15	-2.624462749212501803e-15	1.050118692216866808e-15	1.620661362005460990e-14	-3.220289603304338933e-15	-2.425491789922739629e-04	2.669393326000854940e-04	-6.312937798533965893e-15	3.790794427492300131e-04	-9.241207503486281821e-16	2.090345130294792415e-15	1.356210865449454777e-03	0.000000000000000000e+00	1.942933239704582248e-15	3.646554595338030075e-15	-2.404760418572848835e-16	-1.255483627871384373e-14	-2.543538296650993402e-16	1.918956530136406435e-15	-9.886051128933326319e-15	3.028314511651225970e-15	4.062986495352439959e-05	-2.799359333912030149e-04	1.482192172045221031e-15	-6.827816966295948645e-04	2.173623966715404941e-15	-4.220331618129351448e-15	-4.635391160088548203e-04	-1.797719010403415315e-15	-4.184379485719896385e-04	1.217388176524391479e-03	5.038421011621108717e-16	-2.422064191188551729e-04	-3.409290014832754215e-15	7.739465801763454656e-15	-2.491922945249923078e-04	2.106895103874301427e-16	-6.372242721302960656e-15	2.038245975075375771e-14	1.648323174931459180e-16	-1.527055998095552295e-14	-1.409127393595010879e-15	1.952821423760222837e-15	-8.284045423403348897e-15
6.193332878637939330e-05	-9.054291025756438389e-16	-1.184461893411401944e-16	-2.009714864484515179e-05	8.850351217971753919e-16	4.263421681276522270e-14	2.009714859149366352e-05	4.098279619844887341e-16	-1.580721758579498419e-15	5.366448143805244720e-15	-2.883137072696703138e-15	-2.122165587164329365e-15	8.407215280047309843e-17	-2.101956867295097436e-15	2.464846713867529830e-15	-3.413940017091501801e-15	2.173145425399403684e-15	-2.842578054035653525e-15	-7.072871640837812674e-17	5.353583025256281936e-15	2.872555958812693555e-15	-4.218309660689109807e-16	-1.132754108399689913e-15	8.088590867827353805e-15	-2.009714864480308474e-05	1.886640762798609576e-15	-2.618419961088955095e-15	1.092462271955709814e-05	-1.222165765214631721e-18	-3.253135135293888739e-05	1.652181675575314782e-04	-2.136442152495898386e-15	-1.942933239704582248e-15	0.000000000000000000e+00	2.873948908715950878e-15	-2.252886632636224865e-15	-5.344212079165869267e-15	1.530826226125932056e-15	-1.410405268053478458e-15	-3.455359099974880666e-15	4.263231723550188652e-14	9.390351694956978408e-16	-1.432331534173344833e-16	-3.253135135291706104e-05	1.068383856606907804e-15	-7.365527359734055555e-05	-3.253135141282871784e-05	-1.128274160440050211e-16	2.009714859140415585e-05	-2.119909262588418491e-16	-1.842115902181191324e-15	1.652181675574989250e-04	1.789751509608453295e-15	-3.253135141278473989e-05	1.092462284138051064e-05	3.008531184952835370e-15	3.794720549368811248e-16	-3.556002622736922658e-15	8.280657701218504885e-15	-1.045898324817493875e-15	-3.466436324370434418e-15	2.577200066136043458e-15	-5.845251463195755800e-15	1.073415032845677373e-16
2.539059081968598688e-05	-5.671045985595138415e-15	4.750901032382140395e-16	2.094606869612275143e-03	3.837988676790549495e-15	-3.806592289770337634e-03	2.110760276871826401e-03	1.351800720071779188e-14	8.597451267203099058e-15	-2.802168644818200478e-15	4.660555363711814785e-15	1.976572143629976369e-14	-3.259125137986881259e-15	-9.645652642514035390e-15	3.453499688313350566e-15	-3.887429207395897859e-15	1.662784660992125829e-16	4.349907900937468198e-15	-2.902221540191811304e-15	-9.672798148291717819e-15	-3.464817877217407494e-16	2.126121577426106330e-14	-1.390298557689562875e-14	-6.639735529688519166e-15	2.094281961055370622e-03	-2.186061665184276846e-14	1.207036324765116525e-14	5.828382243734601953e-03	-7.192457417606172443e-17	-2.451337179093271944e-03	6.773391589774754721e-05	1.551126074241863037e-14	-3.646554595338030075e-15	-2.873948908715950878e-15	0.000000000000000000e+00	-5.877509396455254151e-16	8.011820373798883566e-15	-8.571009758786498088e-15	9.254077388030013520e-15	8.923417560424695694e-15	-3.806592289770316384e-03	9.633903277973753983e-15	-1.545820157208204209e-14	-2.451511075671637327e-03	5.381618857664737704e-15	-3.019619566561742994e-05	2.424663649840979283e-03	-3.043814384652152624e-15	2.111085185410865872e-03	-1.709003854649150226e-15	8.725560328110653352e-15	6.773391589672889861e-05	-1.019660762229679246e-14	2.424837546401184714e-03	-5.819424784756365918e-03	-6.830962475294861630e-15	-2.103994179212171136e-14	-2.947431409158641185e-15	-7.018312188728221175e-15	-1.936084391268225344e-14	8.980746051325835134e-15	3.512995381950558511e-15	3.950770825879453644e-15	7.843140710044870953e-15
-1.267907353866713757e-15	4.184379485576520405e-04	-2.167534935461078012e-05	-3.357515482541686271e-16	-3.790794427492165690e-04	-2.195806340500758989e-15	2.566151629157729858e-15	2.629126434615758172e-04	9.616666933729892812e-16	6.752857610802837429e-15	-5.725002961480841803e-15	2.178472127325484728e-15	4.192492709047947359e-15	1.378178446797935218e-15	-1.330940178970575425e-15	4.144614888473614910e-15	-5.564908868797633732e-16	-6.133452909129102068e-15	3.828358408807756689e-15	-1.282019154829344171e-15	3.994685005615067892e-16	-2.060156177916259250e-15	2.124170243915470987e-16	2.382204423990098620e-15	-2.154457915540921417e-15	-3.111177541044818449e-04	9.224473516622172086e-04	2.456098781826021733e-15	-1.764547506049631009e-16	-4.516032991912573144e-15	3.830717085866920847e-15	1.065480528424170032e-03	2.404760418572848835e-16	2.252886632636224865e-15	5.877509396455254151e-16	0.000000000000000000e+00	-8.184066920361575425e-15	2.625937661759891739e-16	2.172049974775991377e-15	-6.323077539318471350e-15	-7.943715498824079021e-16	-3.892391208995532722e-04	-3.593133030354006942e-04	-2.377947937934791626e-15	-4.350626164014555425e-04	2.253462886871746058e-15	-1.510794320699277322e-15	-2.929847362266559189e-05	1.185985498107862087e-15	-5.039916738460249246e-05	9.827339751832314327e-04	1.468277420926488674e-15	-3.111081923983710423e-04	-5.394320002178817116e-16	-1.244883446779385421e-15	-9.952604033958323444e-04	-7.979499963495428866e-16	-1.819445356390404876e-15	7.312254127462862887e-15	-1.196313292469967579e-15	-9.949203001490618435e-15	-7.221974319531352427e-16	3.228689347401838616e-15	-7.359670991327442037e-15
-6.468206820972336153e-06	1.041008159601544251e-14	1.434175057082723315e-16	-3.804493379273530054e-03	-9.222993707013037872e-15	6.891260541977983940e-03	-3.808691200171652157e-03	-2.522378480593287037e-14	-1.023691412742898967e-14	-9.388908307603662300e-15	-3.866137148562749730e-17	-3.586599492456029559e-14	5.935590757556523599e-15	2.445001888567153979e-14	-1.313781336090356816e-14	1.600558567407259284e-14	-6.854529767006529065e-15	1.019448377481323546e-16	4.914702219726264046e-15	9.131228002388043912e-15	-7.433878810697107143e-15	-3.919153382002555254e-14	3.384095415222336130e-14	-9.180437471742830596e-15	-3.804493379272650549e-03	3.626122925871669161e-14	-1.750518342810143620e-14	-1.054437302152991945e-02	-1.080373879733077211e-15	4.417236029451566785e-03	-1.725509174319665435e-05	-2.553476103642830349e-14	1.255483627871384373e-14	5.344212079165869267e-15	-8.011820373798883566e-15	8.184066920361575425e-15	0.000000000000000000e+00	9.136959402444054556e-15	-1.697154427753919148e-14	-6.738533342431907158e-15	6.891260541978043788e-03	-1.999474488218799671e-14	2.902956618807465676e-14	4.417236029452919002e-03	-9.845112923108373687e-15	7.692425929185581283e-06	-4.410440996528501925e-03	6.619774732279477306e-15	-3.808691200170557546e-03	4.464914536038830596e-15	-1.470635413127019196e-14	-1.725509174320855347e-05	1.545580707253744084e-14	-4.410440996527996253e-03	1.054209112519515629e-02	7.310243785528841651e-15	3.892978538638600130e-14	1.460910884748834405e-14	-9.115817888271890014e-15	4.512280031052184434e-14	-6.735860276966211068e-15	-1.517669206059775513e-14	2.073605442729304329e-15	-1.356399351362883895e-14
1.136901973375953155e-15	-4.062986494966189547e-05	-3.545748325129938422e-04	-4.307704409487295494e-16	6.827816966298106208e-04	2.135934148737233294e-15	-3.435571114835732071e-15	-2.384570655884335802e-04	-1.005609211998137863e-15	1.164597051410164530e-14	-6.279591609947126255e-15	6.523627034186996406e-17	-2.779575143955716369e-15	-6.461002698891152831e-16	1.461188913912057848e-15	-1.430484925824158551e-14	1.821549450873086684e-16	-7.012551742737220740e-15	-1.851055666952184358e-15	1.790694296396892833e-16	9.929746947743673057e-15	7.992333983643002179e-16	-8.894053328200448556e-16	2.868501445813821909e-14	2.681536135356306866e-15	2.820009402730420684e-04	-1.355135393898095064e-03	-3.782743626529078822e-15	4.350626164019483124e-04	4.059159261628991862e-15	-4.447763579337656276e-15	-3.625461406853027575e-04	2.543538296650993402e-16	-1.530826226125932056e-15	8.571009758786498088e-15	-2.625937661759891739e-16	-9.136959402444054556e-15	0.000000000000000000e+00	-6.125200173456857300e-16	-5.818157372173866699e-15	1.710909914911245105e-17	7.476118675006986850e-04	3.259098121511047087e-04	3.019646171190978777e-15	-2.682574519778050531e-16	-1.499842515629118221e-15	7.439769798143002332e-16	-4.791024113874086440e-04	-1.689339072052459609e-15	-3.892391208882195648e-04	-3.729636353828551893e-04	-2.236403493748072591e-15	2.823659373480025183e-04	7.393936459323265314e-17	3.267127047245276064e-15	1.506511349686846845e-03	1.704530879871601794e-15	-1.004681007826509020e-14	2.448576888022539620e-14	4.049882248216186541e-16	-5.851477683012168929e-15	-2.944166197004294567e-16	-1.715458666492069972e-15	4.464903250043641208e-15
2.461804794239578923e-16	2.425491789306210232e-04	-2.676505222101751950e-04	2.052277242552918756e-15	2.422064191185874563e-04	-6.307848758388189500e-15	3.039256602896948327e-15	1.158478769039110439e-07	1.441024156834395786e-17	-1.814658880966645454e-14	8.506445190966655248e-15	1.971315869812451285e-15	1.832583058518082716e-15	-2.207575900423090380e-15	1.895017212379449318e-15	1.222053376329530148e-14	1.105636006245537892e-15	8.293221209797408755e-15	3.309935812717652408e-16	1.286989227789464793e-15	-1.102905082342493928e-14	1.414992476689890822e-15	-2.410150050110993437e-15	-2.620276266732080209e-14	3.462389574783108137e-15	-2.720269146374517012e-07	-3.703166368992699600e-04	5.441643439169546383e-15	3.111081923977802605e-04	-4.143870843665725270e-15	6.098989764355436322e-16	4.322534462250821768e-04	-1.918956530136406435e-15	1.410405268053478458e-15	-9.254077388030013520e-15	-2.172049974775991377e-15	1.697154427753919148e-14	6.125200173456857300e-16	0.000000000000000000e+00	1.018738760559444899e-14	-7.831958137904274949e-15	2.820009403251888319e-04	-1.561793168447504250e-07	-2.325326201244283080e-15	-2.823659373475980025e-04	-8.025508414957075331e-16	4.656714546644945244e-15	-3.616529279218267919e-04	4.918814618089356707e-15	-3.111177540947020702e-04	3.711411709757045309e-04	9.656893393042817162e-16	-5.117773067310482649e-16	4.122470835904493674e-15	-1.078839652306185373e-14	4.313455724363452577e-04	-2.820667955823648204e-15	1.315385412652031699e-14	-2.415941814763713160e-14	-4.134857139136613851e-15	8.055547868718953891e-15	1.597387754810346912e-15	-1.990740066071623037e-15	-1.533028309436695621e-15
2.159703706475893967e-05	8.044999296449654681e-15	-1.182172907256653280e-16	-2.445182474012668264e-03	-7.165208001918409431e-15	4.413838512936596632e-03	-2.430992251346905837e-03	-1.651920756218442459e-14	-6.864098399033020558e-15	-1.276719045214427048e-14	3.991512065570634046e-15	-2.229469893624679719e-14	3.826746662656839274e-15	1.754996684938013485e-14	-9.068730270790560994e-15	1.454359173052982641e-14	-5.164219998684141482e-15	3.757135165178350635e-15	3.142741114253837829e-15	3.570899608965323504e-15	-8.600746965837350345e-15	-2.569967361439839564e-14	2.101612499345729996e-14	-1.624998805129780947e-14	-2.445008577434411301e-03	2.104227549987193794e-14	-8.740786524707312506e-15	-6.749188044878872902e-03	-6.632751939962514903e-16	2.816077374237615887e-03	5.761393686401502194e-05	-1.260052305994289291e-14	9.886051128933326319e-15	3.455359099974880666e-15	-8.923417560424695694e-15	6.323077539318471350e-15	6.738533342431907158e-15	5.818157372173866699e-15	-1.018738760559444899e-14	0.000000000000000000e+00	4.413838512936776176e-03	-1.442407558109279786e-14	1.918521925975516668e-14	2.815233103011005426e-03	-7.726737005246629819e-15	-2.568464676988403160e-05	-2.838765668842644502e-03	4.265937941336170658e-15	-2.431166147943436377e-03	2.963029595463464877e-15	-6.259605267484406221e-15	5.761393686277974297e-05	7.423449570751876383e-15	-2.837921397634686656e-03	6.756807189167126498e-03	1.072173250198359107e-15	2.611302110059641420e-14	1.386769344571310630e-14	-1.652553788267425297e-14	2.876093968489054945e-14	-5.718960197818677431e-17	-1.090918025841190965e-14	3.526601656145401828e-15	-8.795616978429865139e-15
-2.244700416546432722e-15	-2.720001985291991953e-14	2.999751893476509553e-15	-1.883807421189443495e-15	2.725912590704395202e-14	-7.145523376760348219e-16	4.330539108206152114e-15	5.909062493902473602e-14	3.430275166594435684e-15	6.891260542029861713e-03	-3.806592289704210409e-03	4.465484783009459452e-15	-4.169644376697041093e-14	4.163328395694734852e-15	-5.941740316199550699e-15	-4.413838513076480397e-03	-2.375483224698150173e-15	-3.806592289704406867e-03	-3.459013835384046158e-14	-4.172705307473497007e-15	3.806592289769607750e-03	-8.933751255575278628e-15	6.875873009078602273e-15	1.054323207340391796e-02	-2.193841839452540621e-15	-4.239820410318134922e-14	3.084109324696457821e-14	9.130565642286624144e-15	-5.785360295002685032e-15	-1.149550476559707369e-14	7.084819118933767690e-15	1.440051812111076220e-14	-3.028314511651225970e-15	-4.263231723550188652e-14	3.806592289770316384e-03	7.943715498824079021e-16	-6.891260541978043788e-03	-1.710909914911245105e-17	7.831958137904274949e-15	-4.413838512936776176e-03	0.000000000000000000e+00	1.290738817441734696e-14	-3.980294155574878320e-14	-1.038405472719716727e-14	3.547990694493608418e-14	8.056259957376580433e-15	-7.656202061223638111e-15	1.747633987635996339e-14	4.374818142149931435e-15	1.179722705841011863e-14	1.618770898555099084e-14	7.177796856454969310e-15	-6.685961167201405091e-14	-7.795128317912194835e-15	4.046902758552851871e-15	-5.710605429652969628e-14	-9.755088196056837791e-15	-4.413838513078761558e-03	1.054323207340603433e-02	-6.427406568024811487e-16	-4.413838512938210792e-03	-4.798956813187320669e-15	1.563175218882064076e-14	8.259770083811324680e-14
4.482749369629194191e-16	2.473379955727159340e-16	1.878145187010803330e-16	1.127409347605653198e-14	-8.406619304212369171e-16	-1.293770520060766215e-14	1.168687010588745561e-14	2.783339533340780247e-17	6.827816966348692913e-04	-1.918566557172431191e-14	1.157308638884393335e-14	-2.823659374142243944e-04	-5.900245856219559175e-16	-4.680818415975143004e-16	-4.350626164187203779e-04	1.097892772387475847e-14	-3.545748325031838726e-04	9.526847002017705360e-15	-5.203034108334416747e-16	3.729636353901557731e-04	-1.001474306246104186e-14	-3.259098120979337537e-04	1.355135393904373896e-03	-2.559633491305527233e-14	9.457977147240057739e-15	2.280143060058008346e-15	1.123797628868168082e-15	3.152064846553194174e-14	-1.686589704408785939e-15	-9.878402073619439148e-15	-1.896718226487015880e-16	-1.829380454033581962e-15	-4.062986495352439959e-05	-9.390351694956978408e-16	-9.633903277973753983e-15	3.892391208995532722e-04	1.999474488218799671e-14	-7.476118675006986850e-04	-2.820009403251888319e-04	1.442407558109279786e-14	-1.290738817441734696e-14	0.000000000000000000e+00	-2.593492911748263019e-15	-1.003382525070385015e-14	8.442682317144623028e-16	-6.894379893028878425e-16	1.413454590397781774e-14	-1.997100401718299167e-16	8.262702183108708682e-15	2.457843122830817250e-16	-7.042378797165212245e-17	-1.118566528853998673e-15	1.720870318646323795e-15	1.000267011499115654e-14	-3.316254499362891652e-14	6.607410813401762350e-16	2.384570655241082448e-04	8.335559468343343388e-15	-2.457596756370035216e-14	1.506511349690254492e-03	1.197525648743383893e-14	-4.791024113686166556e-04	-3.625461406843368418e-04	3.073919862618683026e-15
-2.982760658850172374e-15	-2.053571453929923290e-16	-1.459659828745257732e-15	-2.436976595166134809e-14	2.159361074208877678e-15	4.022923533467414578e-14	-1.931888171101146577e-14	8.240532661327882393e-16	2.799359334455783018e-04	2.911295426678859922e-14	-1.487666827491602726e-14	-1.561790416905817019e-07	-5.831257824478993278e-16	3.259098120988203058e-04	-3.593133030407759517e-04	-1.973261070752848622e-14	-3.091167170544415529e-04	-1.641230837115415611e-14	-3.767439361728898972e-16	-4.281821808766300133e-04	1.671145289968193689e-14	-3.238113783728992223e-16	4.281821808007039314e-04	4.697658136555431516e-14	-2.408021829092860303e-14	-2.033187484992935622e-15	-2.304830525040969025e-15	-6.090896420552628583e-14	1.536656848147175750e-15	2.431229984882314603e-14	6.882968210156135914e-16	3.445508000265629797e-15	2.799359333912030149e-04	1.432331534173344833e-16	1.545820157208204209e-14	3.593133030354006942e-04	-2.902956618807465676e-14	-3.259098121511047087e-04	1.561793168447504250e-07	-1.918521925975516668e-14	3.980294155574878320e-14	2.593492911748263019e-15	0.000000000000000000e+00	2.384408585689267260e-14	-5.797229016279992209e-16	2.515217929292343898e-15	-2.631177854485127568e-14	-2.932231551750624776e-15	-1.967460739905402650e-14	-1.217658100485982392e-15	1.486436581825703761e-15	7.466774565060403876e-16	-1.058003685966813294e-15	-2.696074465880091989e-14	5.795035302230829348e-14	3.370492251125167354e-15	-1.100045669654011946e-14	-1.827447323133735109e-14	4.134371213898876340e-14	4.987172963356611716e-04	-1.788381231621615311e-14	-4.176841009788042920e-04	4.987172964370752744e-04	5.988801239109843815e-16
-1.384710936239043907e-15	-1.864493117913512013e-14	1.235530590701109669e-15	-6.933642935064347244e-15	1.926380401368382860e-14	9.791591442003731111e-15	-2.711760311644725737e-15	3.679044387249111941e-14	5.173367797858221630e-15	4.410440996438112424e-03	-2.424663649698238430e-03	6.906526025387002498e-16	3.253135135355152260e-05	3.241056852371901638e-15	-6.081007565027668731e-15	-2.838765668853843877e-03	-3.486301245289915102e-15	-2.424837546295379159e-03	-7.082553567191577401e-05	-2.668424598245109931e-15	2.451337179093456692e-03	-5.185672631436683767e-15	9.847289731760164006e-15	6.752997617038304298e-03	-7.144230761619140550e-15	-2.795139484736076162e-14	1.623883190582939898e-14	-9.556037206555686044e-15	-2.942189518704564055e-15	-7.708441758778146913e-16	4.982742654346026915e-15	7.639741740796192827e-15	-1.482192172045221031e-15	3.253135135291706104e-05	2.451511075671637327e-03	2.377947937934791626e-15	-4.417236029452919002e-03	-3.019646171190978777e-15	2.325326201244283080e-15	-2.815233103011005426e-03	1.038405472719716727e-14	1.003382525070385015e-14	-2.384408585689267260e-14	0.000000000000000000e+00	2.383464003964880415e-14	5.077305221222461196e-15	-1.173020014455516957e-14	1.048801822840580037e-14	-2.940326296380300762e-15	7.207859772549018222e-15	8.746913377670010328e-15	4.767235079934372130e-15	-4.358062907321777397e-14	-1.163340624582637255e-14	1.812659682943619453e-14	-3.322853165665116879e-14	-7.120045122986706560e-15	-2.837921397647817645e-03	6.752997617037495917e-03	4.733089836747586235e-15	-2.816077374239721841e-03	-5.356214648849128724e-15	9.834872516129502035e-15	8.884399044555154560e-05
-2.871492626689295896e-15	-9.601163026750994958e-16	9.208189761887844223e-17	1.086028446410665192e-14	1.995289277118653651e-16	-3.230478844976995512e-14	1.727362276883850756e-14	1.889041047685771057e-15	-4.062986495033300984e-05	-1.130822888778499824e-14	7.051636717920684274e-15	2.820009402715274380e-04	-4.503195059836703810e-16	7.476118675008532923e-04	-3.892391208880019654e-04	6.917518739162290333e-15	-3.545748325124939166e-04	9.525484965555165017e-15	-1.362174127233899912e-15	-1.355135393897087190e-03	-6.454394047746732033e-15	3.259098121502567542e-04	-3.729636353831658133e-04	-2.153127024758502625e-14	1.580603107561492969e-14	3.738828859495198698e-16	3.239032487814742725e-18	4.506993905426851436e-14	-1.844680791988748403e-16	-2.563384424202323501e-14	5.500452020428464379e-15	3.754063585519256895e-16	6.827816966295948645e-04	-1.068383856606907804e-15	-5.381618857664737704e-15	4.350626164014555425e-04	9.845112923108373687e-15	2.682574519778050531e-16	2.823659373475980025e-04	7.726737005246629819e-15	-3.547990694493608418e-14	-8.442682317144623028e-16	5.797229016279992209e-16	-2.383464003964880415e-14	0.000000000000000000e+00	2.568211757207903398e-15	1.531618765065299512e-14	-1.843143693225357538e-17	2.429959297877348730e-14	1.611918505275334587e-15	-1.090006224345068769e-15	8.049026760407859579e-15	-6.399400004635358526e-16	1.767239773398305751e-14	-4.393422845341434409e-14	-2.120857020378902571e-15	-2.384570655876399714e-04	9.100327420894099462e-15	-2.083152368615473208e-14	-3.625461406850049272e-04	7.854015565353986917e-15	-4.791024113872461221e-04	1.506511349686145366e-03	-5.083103534486311782e-16
-1.187415696299279289e-17	2.493473267813543486e-15	-2.086129894289534374e-15	4.519645069173859193e-15	4.667884337851013758e-16	-8.096667251779676891e-15	4.528307451982029670e-15	1.624615170816445046e-15	-1.413539349831189888e-15	-7.692425822163127640e-06	3.019619560100432015e-05	5.798110903723333242e-16	7.365527359735069284e-05	-2.316807555073911848e-15	2.200851867770692410e-15	-2.568464684537897366e-05	2.054746794345099011e-15	3.019619560102811839e-05	-1.603583615168184735e-04	2.715803786942426192e-15	3.019619566560868178e-05	-1.870188852681532804e-16	-2.746950186292913602e-15	7.692943788200864216e-14	4.505746392895238008e-15	-8.545549639333622822e-16	3.518291924243423101e-16	1.240545318139532048e-14	2.304608112333691689e-15	-5.109764395131102790e-15	2.753692266930775493e-17	7.372024852867119047e-15	-2.173623966715404941e-15	7.365527359734055555e-05	3.019619566561742994e-05	-2.253462886871746058e-15	-7.692425929185581283e-06	1.499842515629118221e-15	8.025508414957075331e-16	2.568464676988403160e-05	-8.056259957376580433e-15	6.894379893028878425e-16	-2.515217929292343898e-15	-5.077305221222461196e-15	-2.568211757207903398e-15	0.000000000000000000e+00	5.071890986623611708e-15	-2.449188222312295863e-15	4.518398856361302975e-15	-2.246630304082697480e-15	6.672931924402237289e-15	6.065296461098534185e-17	-8.493913710181219618e-16	5.063945167079906581e-15	-1.245402497701544679e-14	-1.832742061393797610e-16	2.223472272650891148e-16	-2.568464684537630720e-05	7.697775920582536867e-14	-2.991692110134407620e-15	2.568464676976845226e-05	2.362263173311295786e-15	-2.953899920876358351e-15	2.011545214469775218e-04
1.403947319165624734e-15	1.092208794870331494e-14	4.003167915378547040e-15	-2.944404901563392335e-15	-2.228855145769023834e-14	7.977047363645393498e-15	-6.915356317830415074e-15	-3.842476818896241768e-14	-1.603119894214253838e-15	-4.417236029610944505e-03	2.451511075699623621e-03	-2.251318383235417120e-15	3.253135141228405533e-05	-1.621189360536171243e-16	1.992253479524784022e-15	2.815233103215218809e-03	-1.545906934986593376e-16	2.451337179119965435e-03	-7.082553562005267848e-05	-2.270860672830293953e-15	-2.424837546401041599e-03	6.979934812774664135e-15	-4.459286213222883164e-15	-6.752997617215390075e-03	-2.783049030483570461e-15	2.697390500554999761e-14	-1.289875528379171737e-14	-1.772778522884238148e-14	-3.488182344073061009e-15	1.232409200479518556e-14	-4.711683817903557354e-15	-2.057128955255828609e-14	4.220331618129351448e-15	3.253135141282871784e-05	-2.424663649840979283e-03	1.510794320699277322e-15	4.410440996528501925e-03	-7.439769798143002332e-16	-4.656714546644945244e-15	2.838765668842644502e-03	7.656202061223638111e-15	-1.413454590397781774e-14	2.631177854485127568e-14	1.173020014455516957e-14	-1.531618765065299512e-14	-5.071890986623611708e-15	0.000000000000000000e+00	-2.930364084324037916e-15	-7.224540321588879054e-15	-1.392069466961778106e-16	-1.992475183591173925e-14	-5.047063709060231321e-15	4.245275199721521515e-14	1.992778063797474600e-16	9.086872070189415463e-15	2.805438749683697379e-14	5.527071110764641194e-15	2.816077374404161483e-03	-6.752997617218921972e-03	2.879466964224527625e-16	2.837921397635881013e-03	1.049292120503591595e-15	-5.385116840723257660e-15	8.884399032864213376e-05
-2.455526542651462199e-15	-1.323884085226305441e-15	-1.672938751567740701e-16	1.530360668490068321e-15	1.372969966846865285e-15	-1.543116444989678274e-14	5.057274584370681676e-15	4.666168662051426567e-16	-4.635391160259347450e-04	5.092986829583595562e-15	-2.834356063778648953e-15	3.616529279305457289e-04	3.022591430803679868e-16	4.791024113693095692e-04	2.929847366527799665e-05	-2.867308835743513883e-15	2.695689977933336118e-15	-7.472438827687821477e-17	-1.048730891558284693e-15	-1.107341517386622228e-03	2.400013718843231570e-15	4.176841009773535210e-04	-1.107341517409268609e-03	2.642041455101155208e-15	5.744070577190683466e-15	-1.059789409456241844e-15	-2.344490630233802443e-15	1.323619387026510885e-14	1.133037210360592734e-15	-1.200610090834664913e-14	2.828192172122124892e-15	-6.789331015491275787e-17	4.635391160088548203e-04	1.128274160440050211e-16	3.043814384652152624e-15	2.929847362266559189e-05	-6.619774732279477306e-15	4.791024113874086440e-04	3.616529279218267919e-04	-4.265937941336170658e-15	-1.747633987635996339e-14	1.997100401718299167e-16	2.932231551750624776e-15	-1.048801822840580037e-14	1.843143693225357538e-17	2.449188222312295863e-15	2.930364084324037916e-15	0.000000000000000000e+00	1.199897408630661897e-14	8.121882767427578275e-16	-2.049553327342166422e-15	5.102600318163020302e-15	-1.350817807430549010e-15	6.912587343129859543e-15	-1.162982183017967311e-14	-5.367671494287258293e-17	-3.056217548756415487e-04	4.437854761822844610e-16	2.437774389901985776e-15	-1.197750119622195426e-03	-2.794584867493211906e-15	-2.049006580726042692e-16	1.197750119592465735e-03	-1.811038268589137906e-15
1.343109170092391782e-15	1.921871712598289441e-14	-3.389849078933477232e-15	3.631865407993501941e-15	-1.622402274697771846e-14	-4.072471931304021919e-15	1.176777785755380631e-16	-3.053319357296852264e-14	-3.290209129305844639e-15	-3.804493379229180114e-03	2.094281960982539558e-03	-2.699504627613150007e-15	-2.009714859187919226e-05	-2.390700407454096481e-15	4.232300122956155802e-15	2.445008577464690899e-03	1.940764408595265526e-15	2.094606869505881951e-03	4.375444781810066428e-05	1.384587030735021962e-15	-2.110760276870680616e-03	6.160554793288123136e-15	-6.157445570663932067e-15	-5.823903514147660276e-03	3.618619911413602095e-15	2.169019769263842510e-14	-1.287873329837634945e-14	1.273832108507466143e-15	4.752158447230473225e-15	3.321600709574548032e-15	-3.774425379681225374e-15	9.404392111501506185e-16	1.797719010403415315e-15	-2.009714859140415585e-05	-2.111085185410865872e-03	-1.185985498107862087e-15	3.808691200170557546e-03	1.689339072052459609e-15	-4.918814618089356707e-15	2.431166147943436377e-03	-4.374818142149931435e-15	-8.262702183108708682e-15	1.967460739905402650e-14	2.940326296380300762e-15	-2.429959297877348730e-14	-4.518398856361302975e-15	7.224540321588879054e-15	-1.199897408630661897e-14	0.000000000000000000e+00	-8.437581601680871528e-15	-6.592051627315657802e-16	-4.085273785925380707e-15	3.505038393213853080e-14	7.229026405264349364e-15	-8.668413209456105051e-15	2.690033452795864787e-14	4.568272692555213446e-15	2.445182474045671378e-03	-5.823903514150722063e-03	-2.582284634866033845e-15	2.430992251347233700e-03	3.960019255535613027e-15	-8.655788322313333510e-15	-5.488585024426914248e-05
-2.256664314550702579e-15	3.667644065870985696e-16	-7.327804099038666219e-16	-8.499270878876449863e-16	7.173071033503095641e-16	-9.942697569019049953e-15	2.779336343560725432e-15	1.467623421757993634e-15	-3.790794427405540104e-04	3.092735866339254874e-15	-1.812751879218022477e-15	3.111081924036936076e-04	4.058843136343117859e-16	4.350626164194160020e-04	-1.587034811293547287e-16	-1.376099999578786553e-15	-2.167534938213163951e-05	1.118515533291426572e-15	-1.349190642834055794e-15	-9.827339752071133708e-04	1.650617215005316623e-15	3.593133030399848094e-04	-9.224473516500975630e-04	4.246355204579493370e-16	3.301561313095681600e-15	-1.245760205403535007e-15	-4.552965284422093089e-16	6.569791167032491835e-15	1.558096806813178251e-15	-8.062870235892615798e-15	2.412049697764416978e-15	3.416652897369445772e-15	4.184379485719896385e-04	2.119909262588418491e-16	1.709003854649150226e-15	5.039916738460249246e-05	-4.464914536038830596e-15	3.892391208882195648e-04	3.111177540947020702e-04	-2.963029595463464877e-15	-1.179722705841011863e-14	-2.457843122830817250e-16	1.217658100485982392e-15	-7.207859772549018222e-15	-1.611918505275334587e-15	2.246630304082697480e-15	1.392069466961778106e-16	-8.121882767427578275e-16	8.437581601680871528e-15	0.000000000000000000e+00	1.384959855132983364e-15	4.420559753322082830e-15	-1.543837825049472479e-15	4.017069715806432453e-15	-5.231624567774961378e-15	-1.680730207787028974e-15	-2.629126434659714981e-04	8.249964157924680206e-16	3.018336886411503516e-16	-9.952604033847500635e-04	-1.132620380629460893e-15	-2.929847366564526336e-05	1.065480528448467653e-03	-9.995268490991670618e-16
6.950820076220439208e-15	3.154133931575422992e-16	1.147579270915195141e-15	2.214749929137494314e-14	-1.191350903414163529e-15	-2.193253686813067121e-14	1.176096935525619520e-14	-1.688466595828183081e-15	-2.669393326014760917e-04	-1.235945186484978881e-14	5.084742627719190314e-15	-3.703166369783876619e-04	5.581935035937118286e-16	-1.355135393905293299e-03	9.224473516504126322e-04	8.957098761296921021e-15	8.195112219346253890e-04	8.611627653880428191e-16	3.900712332019527115e-15	2.270410879640820737e-03	-7.391956662689455718e-15	-4.281821807992249171e-04	1.553983585691684488e-16	-1.316336409140119154e-14	1.424581093870047085e-14	-3.679241436026625893e-17	1.305441475162636198e-15	3.567024825627164503e-14	-4.590034553402380089e-16	-5.468987330118786908e-15	-4.584371358573037135e-15	-2.089641535238345931e-15	-1.217388176524391479e-03	1.842115902181191324e-15	-8.725560328110653352e-15	-9.827339751832314327e-04	1.470635413127019196e-14	3.729636353828551893e-04	-3.711411709757045309e-04	6.259605267484406221e-15	-1.618770898555099084e-14	7.042378797165212245e-17	-1.486436581825703761e-15	-8.746913377670010328e-15	1.090006224345068769e-15	-6.672931924402237289e-15	1.992475183591173925e-14	2.049553327342166422e-15	6.592051627315657802e-16	-1.384959855132983364e-15	0.000000000000000000e+00	-8.710111745541252778e-15	2.075054537920006936e-15	1.786836956083198376e-14	-3.625205036713088626e-14	1.300392085679114018e-15	3.132756270198429598e-04	7.241350900750994649e-15	-1.494027458821247911e-14	-9.446165661448490021e-05	6.353372880813198455e-15	1.107341517409863620e-03	-2.549958327379834785e-03	-2.183314638511187079e-15
7.764565323747256660e-17	6.874751385407835255e-15	-3.166812593428295823e-15	4.049388019025900825e-15	6.360538736503174101e-16	-7.087149603689755748e-15	3.787426722223595260e-15	1.440568939190989073e-15	-1.605489429070107811e-15	1.725509185067045459e-05	-6.773391596501672192e-05	-4.634761881359742243e-16	-1.652181675575216933e-04	-1.025788752116820555e-15	1.546309631892703461e-15	5.761393678754360675e-05	9.848656321479417958e-16	-6.773391596603869089e-05	3.597042458516957423e-04	2.405564240132174838e-15	-6.773391589767795498e-05	-9.227810404304397722e-16	-8.954477201680001593e-16	7.668921616179377038e-14	3.804929841060711161e-15	-7.677614276725371083e-16	1.295341673206456846e-15	1.062444248834404831e-14	3.606458455126088486e-15	-5.015684918870983245e-15	7.429658858120099028e-17	9.970333142042443584e-15	-5.038421011621108717e-16	-1.652181675574989250e-04	-6.773391589672889861e-05	-1.468277420926488674e-15	1.725509174320855347e-05	2.236403493748072591e-15	-9.656893393042817162e-16	-5.761393686277974297e-05	-7.177796856454969310e-15	1.118566528853998673e-15	-7.466774565060403876e-16	-4.767235079934372130e-15	-8.049026760407859579e-15	-6.065296461098534185e-17	5.047063709060231321e-15	-5.102600318163020302e-15	4.085273785925380707e-15	-4.420559753322082830e-15	8.710111745541252778e-15	0.000000000000000000e+00	-7.638817342539012556e-16	4.743669107694359344e-15	-1.049749276762525219e-14	-9.453005388489025476e-16	7.704447954989171270e-16	5.761393678865808527e-05	7.658082686124779472e-14	-1.569959132787669305e-15	-5.761393686364096542e-05	2.261592525819930659e-15	-3.210127309932527989e-15	-4.512152328842238772e-04
-5.296388989669142318e-16	1.132922909820696004e-16	6.493973985740936188e-16	-3.781805398925715980e-14	-1.291941407562814222e-15	6.899057986346772940e-14	-3.887623657471547112e-14	-1.855114475177131091e-15	2.425491789312301280e-04	1.484655725481225120e-14	-8.488353815529329682e-15	-2.720269133720336059e-07	-2.781513311010373250e-16	2.820009403256130802e-04	-3.111177540952942073e-04	-9.598189963572819552e-15	-2.676505222105637731e-04	-5.979555386353630608e-15	-1.116630264307553985e-15	-3.703166369005421628e-04	8.393567068579740515e-15	-1.561793169481562072e-07	3.711411709754958762e-04	1.956235191441839899e-14	-3.611959345357927398e-14	2.252189463853052368e-15	7.148438616674899324e-16	-9.996963911772379321e-14	-1.820410822944761930e-15	4.115416975301225785e-14	-4.895712915694793480e-16	-4.127477918004297229e-15	2.422064191188551729e-04	-1.789751509608453295e-15	1.019660762229679246e-14	3.111081923983710423e-04	-1.545580707253744084e-14	-2.823659373480025183e-04	5.117773067310482649e-16	-7.423449570751876383e-15	6.685961167201405091e-14	-1.720870318646323795e-15	1.058003685966813294e-15	4.358062907321777397e-14	6.399400004635358526e-16	8.493913710181219618e-16	-4.245275199721521515e-14	1.350817807430549010e-15	-3.505038393213853080e-14	1.543837825049472479e-15	-2.075054537920006936e-15	7.638817342539012556e-16	0.000000000000000000e+00	-4.388067097247407821e-14	1.019768857760650864e-13	-1.722688831862217995e-15	1.158478760037932713e-07	-1.216768223881853972e-14	2.659447397954145971e-14	4.322534462243864985e-04	-9.882060689594657395e-15	-3.616529279221517273e-04	4.313455724381161935e-04	1.456889320518189138e-15
1.362946955649949152e-15	1.317934616540278032e-14	1.165090261236870512e-15	-3.229238199324799672e-15	-1.892085204335760127e-14	8.354100952727109930e-15	-7.208079982803075405e-15	-3.977521348448131593e-14	-2.630559622677053876e-15	-4.417236029610350362e-03	2.451337179119612852e-03	-2.689367306148976942e-15	3.253135141215922300e-05	-8.134916622583254880e-16	3.122853715867356483e-15	2.816077374402256757e-03	1.081077146561164338e-15	2.451511075699536885e-03	-7.082553562001714376e-05	-8.384200072287380715e-16	-2.424663649840251133e-03	7.575073140115528357e-15	-6.500026178004149500e-15	-6.752997617216892345e-03	-2.788170977670739403e-15	2.824468925521703494e-14	-1.906462404599796842e-14	-1.809159546477122797e-14	2.839410665875409993e-16	1.267938944231256352e-14	-4.988495412883453593e-15	-1.786294548192025992e-14	3.409290014832754215e-15	3.253135141278473989e-05	-2.424837546401184714e-03	5.394320002178817116e-16	4.410440996527996253e-03	-7.393936459323265314e-17	-4.122470835904493674e-15	2.837921397634686656e-03	7.795128317912194835e-15	-1.000267011499115654e-14	2.696074465880091989e-14	1.163340624582637255e-14	-1.767239773398305751e-14	-5.063945167079906581e-15	-1.992778063797474600e-16	-6.912587343129859543e-15	-7.229026405264349364e-15	-4.017069715806432453e-15	-1.786836956083198376e-14	-4.743669107694359344e-15	4.388067097247407821e-14	0.000000000000000000e+00	9.471590178833366735e-15	3.596460945624352539e-14	4.768798426107705064e-15	2.815233103216313419e-03	-6.752997617216044066e-03	-6.443727712289427884e-16	2.838765668843220430e-03	1.741506403242751225e-15	-5.572805258604661246e-15	8.884399032863481540e-05
-3.497443977130107819e-15	-3.287613245726428084e-14	-6.568730385611931707e-15	-7.100572802875021728e-16	5.339741220759119948e-14	-5.133960949042178630e-15	8.496986767281473141e-15	8.777143051140516712e-14	8.241459683322007333e-15	1.054437302164971252e-02	-5.828382243664661372e-03	5.460522619505395407e-15	-1.092462283993543855e-05	3.190828992975704826e-15	-9.246486755428289043e-15	-6.749188045106288211e-03	-3.618974357592273177e-15	-5.828382243665188728e-03	2.378451019426118876e-05	8.762440657777431662e-16	5.819424784755040589e-03	-1.760559225925197859e-14	1.780109968790043698e-14	1.613042823334375625e-02	-1.317829427039974247e-15	-6.439076715768811828e-14	2.770917470799249544e-14	1.991945002028929726e-14	4.050828214567293938e-15	-1.998341865732565450e-14	1.036074494204262703e-14	3.544438197252193461e-14	-7.739465801763454656e-15	-1.092462284138051064e-05	5.819424784756365918e-03	1.244883446779385421e-15	-1.054209112519515629e-02	-3.267127047245276064e-15	1.078839652306185373e-14	-6.756807189167126498e-03	-4.046902758552851871e-15	3.316254499362891652e-14	-5.795035302230829348e-14	-1.812659682943619453e-14	4.393422845341434409e-14	1.245402497701544679e-14	-9.086872070189415463e-15	1.162982183017967311e-14	8.668413209456105051e-15	5.231624567774961378e-15	3.625205036713088626e-14	1.049749276762525219e-14	-1.019768857760650864e-13	-9.471590178833366735e-15	0.000000000000000000e+00	-6.493016124718939758e-14	-1.146922628285051050e-14	-6.749188045109473164e-03	1.613042823334696896e-02	7.390677070497307535e-15	-6.756807189169529958e-03	-7.356208903481157067e-15	1.563807148523204446e-14	-2.983543677610717279e-05
-7.824213942954852334e-16	-3.388975903977376383e-16	7.557137989377998890e-16	-2.726483086545182400e-14	-1.802987653360937317e-15	5.857739943443863410e-14	-2.411212304381754767e-14	-5.658616199401039538e-16	1.356210865457627493e-03	8.333230866155424615e-15	-2.537833106664124065e-15	-4.322534461479408128e-04	-1.992337228153630872e-15	3.625461406839819282e-04	-1.065480528448483049e-03	-7.985393868057695343e-15	-8.864299279113640583e-04	-5.463182079337899752e-15	-4.703702974643252790e-16	9.446165663053235275e-05	5.493181904069792876e-15	-4.987172964367075131e-04	2.549958327379444473e-03	1.805943294808789617e-14	-2.913557870219387291e-14	3.347242227120556650e-15	2.484411984844905323e-15	-6.783565996154002998e-14	-3.857196891014849251e-15	3.187421097608517040e-14	1.546317528171402969e-15	-4.202574718872899904e-15	2.491922945249923078e-04	-3.008531184952835370e-15	6.830962475294861630e-15	9.952604033958323444e-04	-7.310243785528841651e-15	-1.506511349686846845e-03	-4.313455724363452577e-04	-1.072173250198359107e-15	5.710605429652969628e-14	-6.607410813401762350e-16	-3.370492251125167354e-15	3.322853165665116879e-14	2.120857020378902571e-15	1.832742061393797610e-16	-2.805438749683697379e-14	5.367671494287258293e-17	-2.690033452795864787e-14	1.680730207787028974e-15	-1.300392085679114018e-15	9.453005388489025476e-16	1.722688831862217995e-15	-3.596460945624352539e-14	6.493016124718939758e-14	0.000000000000000000e+00	3.648817223250783908e-04	-1.220892372105972627e-14	2.045588408138932748e-14	2.859992210740602055e-03	-5.960143354294973749e-15	-1.197750119592767143e-03	6.168280269154211015e-16	4.276588629664282679e-15
-8.113591097694615109e-16	-2.048196646700619554e-04	2.261843273736345637e-04	-6.545943867202507654e-15	-2.048196646054772246e-04	1.010143200018446741e-14	-4.472925233781430744e-15	1.028400488953338382e-15	1.879643512116170723e-15	3.635749556863604415e-14	-2.096074925774631333e-14	3.885340951250047103e-15	-6.233054397792130162e-16	-3.162916429971271836e-16	-1.032910744104044442e-15	-2.299727294143631862e-14	-7.083598200193917490e-16	-1.841599137281163856e-14	6.152499381035477164e-16	-1.240253181053223190e-15	1.909410899963265819e-14	-1.237323875825424855e-15	8.050210896155356362e-16	5.151171622159942167e-14	-5.835801707299996126e-15	1.158475936456737062e-07	3.132756270727638436e-04	-1.794191737219154784e-14	-2.629126434605338989e-04	7.940691993140392644e-15	-9.016999883435244706e-16	-3.648817222490632417e-04	-2.106895103874301427e-16	-3.794720549368811248e-16	2.103994179212171136e-14	7.979499963495428866e-16	-3.892978538638600130e-14	-1.704530879871601794e-15	2.820667955823648204e-15	-2.611302110059641420e-14	9.755088196056837791e-15	-2.384570655241082448e-04	1.100045669654011946e-14	7.120045122986706560e-15	2.384570655876399714e-04	-2.223472272650891148e-16	-5.527071110764641194e-15	3.056217548756415487e-04	-4.568272692555213446e-15	2.629126434659714981e-04	-3.132756270198429598e-04	-7.704447954989171270e-16	-1.158478760037932713e-07	-4.768798426107705064e-15	1.146922628285051050e-14	-3.648817223250783908e-04	0.000000000000000000e+00	-2.214768454704534452e-14	5.312579849626264746e-14	-5.519131159037460321e-16	-2.233839393112960442e-14	-1.818545856437092656e-16	8.378172287881735514e-16	-1.709838082170698833e-15
-2.159703710826606872e-05	8.884144203980671871e-15	-3.586279910575046060e-15	-2.431166148065091667e-03	-1.657788510755886062e-15	4.413838513078581147e-03	-2.445008577466452511e-03	-1.507909303041267966e-14	-1.029103626374947399e-14	8.544676190174726117e-15	-8.049982853177120913e-15	-2.475286429368183993e-14	3.868746195197050647e-15	1.337030960539290735e-14	-4.736135304568880947e-15	8.574067412422663608e-16	-1.461989923779705082e-15	-8.053285231276728407e-15	2.972978186420917142e-15	7.407443857554603391e-15	3.530663042185982389e-15	-2.174602601835894331e-14	1.504587078392052977e-14	1.627021686267903328e-14	-2.430992251504112550e-03	2.570304182909822166e-14	-1.878291352424625752e-14	-6.756807189346597520e-03	3.648229382807047771e-15	2.838765668854363426e-03	-5.761393678744547290e-05	-1.316328517439633863e-14	6.372242721302960656e-15	3.556002622736922658e-15	2.947431409158641185e-15	1.819445356390404876e-15	-1.460910884748834405e-14	1.004681007826509020e-14	-1.315385412652031699e-14	-1.386769344571310630e-14	4.413838513078761558e-03	-8.335559468343343388e-15	1.827447323133735109e-14	2.837921397647817645e-03	-9.100327420894099462e-15	2.568464684537630720e-05	-2.816077374404161483e-03	-4.437854761822844610e-16	-2.445182474045671378e-03	-8.249964157924680206e-16	-7.241350900750994649e-15	-5.761393678865808527e-05	1.216768223881853972e-14	-2.815233103216313419e-03	6.749188045109473164e-03	1.220892372105972627e-14	2.214768454704534452e-14	0.000000000000000000e+00	1.586231146433192407e-14	2.158171732920304820e-14	-1.363796228726066317e-14	-5.660590172448419062e-15	-1.179247124546550630e-15	-8.595690348736639841e-15
4.067991878581669624e-14	-2.085427347557121627e-14	5.227043476258368825e-15	5.823903514253115851e-03	9.117420887587149399e-15	-1.054323207340600310e-02	5.823903514150593694e-03	3.562593626071617675e-14	2.523610552181529732e-14	5.228065065508875899e-15	5.501215454440765373e-15	5.309299749948689722e-14	-9.156109643589899753e-15	-3.822095653057842750e-14	1.428852977306771551e-14	-1.837915728352866944e-14	5.942174832740473593e-15	4.974607715636509980e-15	-7.215025097957834075e-15	-7.275481613589139772e-15	5.842155680910012038e-15	5.242590867458869995e-14	-3.258890577692984923e-14	7.389839199091785562e-17	5.823903514249963859e-03	-5.809197937082679905e-14	3.421375665888631993e-14	1.613042823328185438e-02	-4.758040873820774572e-15	-6.752997617037605205e-03	-7.657525889016901857e-14	2.982773879713053504e-14	-2.038245975075375771e-14	-8.280657701218504885e-15	7.018312188728221175e-15	-7.312254127462862887e-15	9.115817888271890014e-15	-2.448576888022539620e-14	2.415941814763713160e-14	1.652553788267425297e-14	-1.054323207340603433e-02	2.457596756370035216e-14	-4.134371213898876340e-14	-6.752997617037495917e-03	2.083152368615473208e-14	-7.697775920582536867e-14	6.752997617218921972e-03	-2.437774389901985776e-15	5.823903514150722063e-03	-3.018336886411503516e-16	1.494027458821247911e-14	-7.658082686124779472e-14	-2.659447397954145971e-14	6.752997617216044066e-03	-1.613042823334696896e-02	-2.045588408138932748e-14	-5.312579849626264746e-14	-1.586231146433192407e-14	0.000000000000000000e+00	-4.747279241270056670e-14	1.610170330401672345e-14	1.702892860417284843e-14	-9.914020208345387208e-15	2.019029068283176298e-14
-2.733502988453507417e-15	-2.491922945347573373e-04	8.864299279268679325e-04	1.421130429468919316e-15	-1.356210865448986835e-03	-3.378557608390560316e-15	5.797950649517033474e-15	3.648817222513474931e-04	1.792960259528407712e-15	4.034300492087649715e-14	-2.159927907194748574e-14	2.462739172574373027e-15	2.487630546817569896e-15	1.167489235797932711e-15	-2.991977306271950497e-15	-1.585932605696572818e-14	-4.454359119855208355e-16	-1.923333858122420377e-14	3.141142855302408523e-15	-5.818329471969702177e-16	1.642046338652513198e-14	-4.238830517538900110e-15	1.954365237706000685e-15	4.129747387985701285e-14	-4.596572043686820417e-15	-4.313455725342991293e-04	2.549958327368960671e-03	7.289313523628732032e-15	-1.065480528423725076e-03	-5.396264020188185051e-15	5.017145355071813888e-15	1.085414276633025338e-15	-1.648323174931459180e-16	1.045898324817493875e-15	1.936084391268225344e-14	1.196313292469967579e-15	-4.512280031052184434e-14	-4.049882248216186541e-16	4.134857139136613851e-15	-2.876093968489054945e-14	6.427406568024811487e-16	-1.506511349690254492e-03	-4.987172963356611716e-04	-4.733089836747586235e-15	3.625461406850049272e-04	2.991692110134407620e-15	-2.879466964224527625e-16	1.197750119622195426e-03	2.582284634866033845e-15	9.952604033847500635e-04	9.446165661448490021e-05	1.569959132787669305e-15	-4.322534462243864985e-04	6.443727712289427884e-16	-7.390677070497307535e-15	-2.859992210740602055e-03	5.519131159037460321e-16	-2.158171732920304820e-14	4.747279241270056670e-14	0.000000000000000000e+00	-2.539286699165941874e-14	7.008282842946300661e-16	2.871617874045107044e-15	-7.056949124032384574e-15
2.159703706467014351e-05	8.190553817225357527e-15	-1.108760244707982084e-15	-2.445008577435777396e-03	-5.313235634962917551e-15	4.413838512938240283e-03	-2.431166147945149850e-03	-1.590417279581784457e-14	-7.148637420527153744e-15	-1.278339384082611539e-14	3.662929971741554562e-15	-2.085853830957111075e-14	3.978845622950173687e-15	2.362629318290171223e-14	-1.256928891974381956e-14	1.483772362469807628e-14	-7.767068913582889883e-15	4.087550950300531308e-15	3.006530000269839700e-15	-7.349049371829967075e-15	-8.570744495264430209e-15	-2.161527200138116876e-14	1.775279730174651098e-14	-1.669916763318339530e-14	-2.445182474012943218e-03	2.344961624451890775e-14	-1.196181225576173967e-14	-6.749188044881459375e-03	4.993082759314698356e-16	2.815233103011186271e-03	5.761393686248615458e-05	-1.395469684500430157e-14	1.527055998095552295e-14	3.466436324370434418e-15	-8.980746051325835134e-15	9.949203001490618435e-15	6.735860276966211068e-15	5.851477683012168929e-15	-8.055547868718953891e-15	5.718960197818677431e-17	4.413838512938210792e-03	-1.197525648743383893e-14	1.788381231621615311e-14	2.816077374239721841e-03	-7.854015565353986917e-15	-2.568464676976845226e-05	-2.837921397635881013e-03	2.794584867493211906e-15	-2.430992251347233700e-03	1.132620380629460893e-15	-6.353372880813198455e-15	5.761393686364096542e-05	9.882060689594657395e-15	-2.838765668843220430e-03	6.756807189169529958e-03	5.960143354294973749e-15	2.233839393112960442e-14	1.363796228726066317e-14	-1.610170330401672345e-14	2.539286699165941874e-14	0.000000000000000000e+00	-1.457890781314363484e-14	1.651618766778823784e-14	-8.614284415994766242e-15
1.288110953185518713e-15	-4.635391160255902939e-04	2.732746822342764503e-15	-2.078918930655912265e-15	4.635391160086276799e-04	6.484537269232324696e-15	-5.234198740511593616e-15	-3.056217548772928970e-04	-1.753381365036413283e-15	-1.343431598360128738e-14	9.603181567648621488e-15	-1.561545628417663649e-15	-4.797760840745560263e-15	2.225793585712769325e-16	9.615087753484977861e-16	-1.516026402831927584e-15	5.121178472485327583e-17	9.730285486865075256e-15	-4.354901744938069986e-15	-2.087085977079820430e-15	-3.487576505283102853e-15	3.409262952054792509e-15	-2.240640349985368203e-15	-1.131542756956091587e-14	4.958819518785591699e-16	3.616529279318782676e-04	-1.107341517387164763e-03	-8.789519405329171340e-15	2.929847362269817894e-05	8.203630565952070946e-15	-5.011505830391539296e-15	-1.197750119623398890e-03	1.409127393595010879e-15	-2.577200066136043458e-15	-3.512995381950558511e-15	7.221974319531352427e-16	1.517669206059775513e-14	2.944166197004294567e-16	-1.597387754810346912e-15	1.090918025841190965e-14	4.798956813187320669e-15	4.791024113686166556e-04	4.176841009788042920e-04	5.356214648849128724e-15	4.791024113872461221e-04	-2.362263173311295786e-15	-1.049292120503591595e-15	2.049006580726042692e-16	-3.960019255535613027e-15	2.929847366564526336e-05	-1.107341517409863620e-03	-2.261592525819930659e-15	3.616529279221517273e-04	-1.741506403242751225e-15	7.356208903481157067e-15	1.197750119592767143e-03	1.818545856437092656e-16	5.660590172448419062e-15	-1.702892860417284843e-14	-7.008282842946300661e-16	1.457890781314363484e-14	0.000000000000000000e+00	1.977584762613560088e-16	8.423647676762256045e-15
-6.634831897647140535e-16	1.356210865456834941e-03	-8.864299279111918870e-04	5.417437436597342751e-15	2.491922945250704246e-04	-1.540216399854348298e-14	8.151617775580912559e-15	3.648817223262595206e-04	4.749958353819388282e-16	2.662895433380844429e-15	-6.739716608485415076e-15	3.561675867857197282e-15	9.672364115795776949e-15	-5.029706602712355694e-16	1.221195587554392166e-15	1.140466204357598285e-14	6.689338798183341064e-16	-1.008418614090815895e-14	5.646448253834359795e-15	2.311919523460279978e-15	-2.119165945207711829e-15	-3.564976355159316439e-15	-9.378184739459005904e-16	2.181568600485403394e-15	5.319834619892719120e-15	-4.322534461500095789e-04	9.446165663139839989e-05	1.895901717457031366e-14	9.952604033952963149e-04	-1.603197154622875478e-14	5.801544238192712590e-15	2.859992210741071298e-03	-1.952821423760222837e-15	5.845251463195755800e-15	-3.950770825879453644e-15	-3.228689347401838616e-15	-2.073605442729304329e-15	1.715458666492069972e-15	1.990740066071623037e-15	-3.526601656145401828e-15	-1.563175218882064076e-14	3.625461406843368418e-04	-4.987172964370752744e-04	-9.834872516129502035e-15	-1.506511349686145366e-03	2.953899920876358351e-15	5.385116840723257660e-15	-1.197750119592465735e-03	8.655788322313333510e-15	-1.065480528448467653e-03	2.549958327379834785e-03	3.210127309932527989e-15	-4.313455724381161935e-04	5.572805258604661246e-15	-1.563807148523204446e-14	-6.168280269154211015e-16	-8.378172287881735514e-16	1.179247124546550630e-15	9.914020208345387208e-15	-2.871617874045107044e-15	-1.651618766778823784e-14	-1.977584762613560088e-16	0.000000000000000000e+00	-1.082240268702553962e-14
1.691415767694913106e-04	3.490578638859832868e-17	1.249689491331299899e-15	-5.488585014552120123e-05	-2.863888380068182407e-15	-8.259251106724541970e-14	5.488585024441752910e-05	3.852391535826772563e-16	2.741748104135045549e-15	-1.348087085178218739e-14	7.860668366119561939e-15	-4.332926456753256803e-16	1.222589869049544524e-16	9.653803578116201883e-15	-6.365576422390057878e-15	8.832527626213992646e-15	-5.514126924989144574e-15	7.840811120508454278e-15	4.053463111240532222e-17	-8.935012444095557133e-15	-7.977577836506966655e-15	-1.035782048996143995e-15	4.860241163040390679e-15	-2.071486993334228977e-14	-5.488585014550239032e-05	-1.181082357180745057e-15	4.240163951179305969e-15	2.983543701379878695e-05	-2.076541196377704350e-15	-8.884399044572398796e-05	4.512152328843127818e-04	1.793470499209373073e-15	8.284045423403348897e-15	-1.073415032845677373e-16	-7.843140710044870953e-15	7.359670991327442037e-15	1.356399351362883895e-14	-4.464903250043641208e-15	1.533028309436695621e-15	8.795616978429865139e-15	-8.259770083811324680e-14	-3.073919862618683026e-15	-5.988801239109843815e-16	-8.884399044555154560e-05	5.083103534486311782e-16	-2.011545214469775218e-04	-8.884399032864213376e-05	1.811038268589137906e-15	5.488585024426914248e-05	9.995268490991670618e-16	2.183314638511187079e-15	4.512152328842238772e-04	-1.456889320518189138e-15	-8.884399032863481540e-05	2.983543677610717279e-05	-4.276588629664282679e-15	1.709838082170698833e-15	8.595690348736639841e-15	-2.019029068283176298e-14	7.056949124032384574e-15	8.614284415994766242e-15	-8.423647676762256045e-15	1.082240268702553962e-14	0.000000000000000000e+00
