0.000000000000000000e+00	-2.550711291509549566e-04	1.288801295952780846e-04	-2.764040813362855851e-04	1.809202741250850132e-04	8.370589162330101512e-04	-4.956219151523656892e-04	1.879193793815278624e-04	-2.550711291510509085e-04	9.617802376593506111e-04	-5.399761124117369911e-04	-2.954183762470041907e-05	4.886443840108209099e-05	-7.699789868850544369e-06	1.778359787305362804e-04	-7.764016048348947562e-04	1.288801295955657234e-04	-5.399761124080715204e-04	1.005429565382674853e-04	-2.775024810602303474e-05	2.170679318385010696e-04	2.811100359783382527e-04	-4.466195274177913940e-04	1.561010687234728155e-03	-2.764040813372127948e-04	-2.954183762560214663e-05	-2.775024810651673297e-05	7.010811489416885096e-04	-9.798280476082060308e-05	-6.029203852559479734e-04	5.172132800902542495e-04	-3.162160102643347070e-04	1.809202741244357929e-04	4.886443839980999658e-05	2.170679318417761733e-04	-9.798280476145616240e-05	-1.568527645172190039e-04	1.869257099537100549e-04	-1.966557018528455425e-04	-5.323860475233259133e-04	8.370589162334530478e-04	-7.699789867627550766e-06	2.811100359779455005e-04	-6.029203852536870866e-04	1.869257099533952297e-04	9.164887696415697929e-04	-1.481890243933451593e-03	1.644641681152804479e-04	-4.956219151524931914e-04	1.778359787298664061e-04	-4.466195274170183579e-04	5.172132800894686366e-04	-1.966557018530205869e-04	-1.481890243934825060e-03	2.159076737347623287e-03	-2.367093135114800280e-04	1.879193793808457095e-04	-7.764016048362907749e-04	1.561010687244057497e-03	-3.162160102650479494e-04	-5.323860475250823208e-04	1.644641681159492380e-04	-2.367093135117057589e-04	4.759252510755719622e-05
2.550711291509549566e-04	0.000000000000000000e+00	-1.951999557191341620e-04	7.898972266932634343e-05	5.824874329787470620e-04	5.692512952677126255e-04	-3.526896054273663322e-04	5.042013556297970066e-05	-4.518792024593709655e-15	-1.370529019065749952e-03	9.884914862069516320e-04	-1.053670145986508079e-03	7.471732538491796698e-05	7.429185314635987879e-04	-2.617116234616594984e-04	6.314673446501533911e-04	-2.943094711599108680e-04	5.626666517968155999e-04	-2.372107595618112212e-05	9.622104648749254651e-04	-3.780563461234312810e-04	-2.687827717041524952e-03	1.890179600767931140e-03	-1.048880881540146734e-03	-1.923344608131130422e-04	-1.641949124765426909e-03	1.627772632296553210e-03	-2.628476070398351461e-04	-2.185881198355733510e-04	-2.594941898305568517e-04	1.435338132437878459e-04	5.112251975731210837e-04	4.887626983471481286e-04	5.796014773234392471e-04	-1.350824157338101784e-03	-2.495285642176529048e-04	6.252327877023025615e-04	1.192572182657145301e-03	-1.935490844648582627e-03	-4.585556486232701147e-05	1.174825075587527558e-03	1.698712453916720842e-03	-3.663634894673420232e-03	6.251776882095052071e-04	1.178286877930629414e-03	2.541718569199657345e-04	-5.745969829850589364e-04	-3.084037952871008311e-04	-1.031855451358504750e-03	-7.788709699559830200e-04	2.056170233727826549e-03	-5.253521028136053745e-04	-1.876667112136804448e-03	-4.555226666029928910e-04	8.540942605555334327e-04	-9.372994551611711221e-06	2.789667420000170508e-04	1.276579643284965569e-03	-2.377127197127460768e-03	8.598927830263253247e-05	3.299851221070294362e-04	4.894219648658037656e-04	-1.308358178017382870e-03	-3.133790495065781135e-04
-1.288801295952780846e-04	1.951999557191341620e-04	0.000000000000000000e+00	-5.154205015757573225e-04	-1.813774214158947018e-04	6.385174390375475406e-04	-4.928197844882594271e-04	-4.940803494859976903e-04	2.943094711606737668e-04	5.341442419058311554e-04	-6.299268676593558752e-04	3.937422075814928871e-04	7.647912029062606308e-05	1.877630946002382310e-04	-2.412338111956269866e-04	-1.993608792216152202e-05	4.709232136190788509e-16	-1.366284870141587851e-04	1.101797022681916683e-04	-6.833309708993218819e-05	4.832468848304494169e-05	1.167589660059580687e-04	-2.311193312721475520e-04	-1.183243920485473950e-04	-4.492561222921397221e-04	4.306029412535502350e-04	-1.493367873075167015e-04	-1.338511428688156282e-03	-1.651779598906134405e-04	9.757815380516690834e-04	-2.300577869724024292e-04	-2.195358958338092378e-04	-1.560086950126491723e-04	-4.700449597304220614e-04	8.504609623705280345e-04	8.027953931953905539e-05	-4.213416896267639959e-04	-2.583075447997205737e-04	4.191246698062140678e-04	3.626752334699000083e-04	3.757499809409062860e-04	-1.818320020287955512e-04	5.026978304214261509e-04	4.609269263753926942e-04	-3.580959515298349116e-05	-3.895339567440260845e-04	-2.217437255361157729e-04	-1.644113917482601284e-04	5.466234134785960487e-05	-2.648643482419848810e-05	-3.149000992663565928e-04	2.238176593299826076e-05	2.606725997839089951e-04	1.786953286249917303e-04	8.624749612325260939e-04	5.391980206182187853e-04	-3.837263485499266919e-04	-4.867364780867324036e-04	8.962812350085031833e-04	2.573849414593267176e-04	-2.162996241135349790e-04	-5.429356167481260180e-04	8.684697088922045628e-04	6.412808064159436104e-05
2.764040813362855851e-04	-7.898972266932634343e-05	5.154205015757573225e-04	0.000000000000000000e+00	-1.010695863114430444e-03	8.400500224445937728e-04	-9.603407323702307149e-04	-1.346421686953506005e-03	1.923344608171290355e-04	9.224487136979799213e-04	-7.742564251857196080e-04	-1.163529935666320634e-03	2.093582526115512891e-04	4.486471696966067447e-04	-2.743743291739058785e-04	-7.631537068492220879e-04	4.492561222862123346e-04	-5.032732474179650670e-04	4.717428456656240455e-05	6.729556340333900637e-04	4.541895202817043003e-04	8.000817460452221402e-04	-1.498615810926059826e-03	1.654731220961099675e-03	-5.433885763225787535e-16	-1.016423268875315047e-03	1.860863779202338647e-04	1.053725444489020391e-03	2.046818932797620232e-04	-1.123297621397940146e-03	6.977749360230929825e-04	1.645359192872548220e-04	-1.193515290632600478e-03	5.819612351740148992e-06	6.329893682639504016e-04	2.533842603209849817e-04	-1.086296409719868326e-03	-1.803590083450579444e-03	4.167884110310608042e-03	-7.899100029336084388e-04	1.130239195880850932e-03	6.521560092223790267e-04	9.483998456921309593e-04	-3.210952857731700760e-04	-1.559704079057065229e-03	1.258828976052163168e-03	-2.386243242663392550e-03	-1.081605316654964859e-03	-1.048367685360650963e-03	-2.302920656011520030e-04	-1.945217552305222994e-03	1.442883067665906571e-04	4.210175965190632308e-03	-1.806469532655430614e-03	3.601182019284523278e-03	2.596319294237869023e-03	-1.020228501583361411e-03	-8.561200336361060896e-04	2.572140813689293565e-03	8.710020959017125220e-04	-1.321767581915699822e-03	-1.094108775785377664e-03	1.984674930510037585e-03	1.892506659797188744e-05
-1.809202741250850132e-04	-5.824874329787470620e-04	1.813774214158947018e-04	1.010695863114430444e-03	0.000000000000000000e+00	-2.171983579346681466e-03	1.654294965014154470e-03	1.004698888924497862e-03	-4.887626983425667239e-04	-8.481237880046283979e-05	2.990071393698674859e-04	4.270541181101799558e-04	-2.322441618847116847e-04	-8.753973977272921621e-04	5.519804966244618071e-04	-2.308500009987447615e-04	1.560086950131184421e-04	-1.974902673078343500e-04	-7.224644506507893363e-06	-1.185054082358320956e-03	4.497672310359312770e-05	2.274382290995267085e-03	-1.123012777817892615e-03	5.949684996077565053e-04	1.193515290639084007e-03	6.221156271403934521e-04	-1.168665674836224383e-03	3.240855904883720856e-03	3.602330037554533643e-04	-1.755830094032151747e-03	2.234634747785310769e-04	3.076491536347234412e-04	-2.622305584482065299e-15	2.455612029042697096e-04	-4.164367566783023816e-04	2.961218047766128562e-04	7.258852546909699268e-04	-4.213203962278195278e-04	4.536819635735534623e-04	-3.263035706347162468e-04	-2.337461587200182454e-03	-1.285354204826062198e-03	2.381439801765672035e-03	-1.660645291786419769e-03	-4.822149632420914649e-04	4.404650397835529899e-04	1.392228436426682682e-03	3.799523852758595254e-04	1.406255416761026215e-03	9.060508109532735416e-04	-1.211671491985178827e-03	4.566685101568655086e-04	3.404679673440645562e-04	5.611197376511469848e-04	-3.486829087431601339e-03	-8.600479043302828187e-04	6.331074157306094919e-04	-6.657858927606405972e-05	2.134203277817066434e-04	1.492416087297066050e-05	2.687774351244769143e-04	2.508704619715298664e-04	-2.354084846497187878e-04	-1.893517803262154042e-05
-8.370589162330101512e-04	-5.692512952677126255e-04	-6.385174390375475406e-04	-8.400500224445937728e-04	2.171983579346681466e-03	0.000000000000000000e+00	9.490704533579071966e-04	3.245522601367967393e-03	-1.174825075593261686e-03	7.485433308501239415e-04	-4.391938928833892357e-04	1.282026251637571369e-03	-1.950746529972558732e-04	-1.291562058914242847e-03	1.356946640657353490e-03	-4.727595510989982550e-04	-3.757499809306256641e-04	6.473844076689658396e-04	-4.611507510794594380e-04	-6.757098060282214127e-04	6.271816538411397433e-06	-6.472459950967566914e-04	1.658251241538013891e-03	-5.891858621934869525e-04	-1.130239195880921189e-03	2.064525778724834830e-03	-3.899445193199639636e-04	-1.301830612708347514e-03	-4.556092944706432307e-04	9.003191786840819728e-05	7.041432399703524648e-04	-8.765954339530074042e-04	2.337461587187051465e-03	-7.080600676992324441e-04	7.225197052076590045e-04	-5.834848114550652502e-04	1.193120231362137119e-03	3.743942976619810299e-03	-8.253285157438162295e-03	8.126637710096403910e-04	-1.507501805678157503e-15	-1.705207230544805719e-03	-1.166348686069921788e-03	-1.200390790467888158e-04	3.277554624940937772e-03	1.823335066708636754e-04	-2.301145168194709400e-04	2.586588561431108976e-03	1.059960587415399291e-03	1.174158780004723804e-03	2.610775885107274874e-03	7.913884372371573616e-04	-8.026108890559192910e-03	-2.967330729366953997e-04	-7.160072279765578290e-04	-5.711278617998340190e-03	2.664904093800464849e-03	-1.411891145419749997e-03	1.965444571465278095e-03	-1.549146354519827067e-03	3.435897160353539948e-04	2.596405602234738621e-03	-5.012561541492524878e-03	4.859492833061208102e-04
4.956219151523656892e-04	3.526896054273663322e-04	4.928197844882594271e-04	9.603407323702307149e-04	-1.654294965014154470e-03	-9.490704533579071966e-04	0.000000000000000000e+00	-1.887779759376824462e-03	1.031855451361877053e-03	-2.617690051116619392e-03	1.471202306409804227e-03	-8.779003796679299421e-04	6.554020104822862874e-05	9.154092038972663162e-04	-1.198289742538660935e-03	1.896938962157463868e-03	-5.466234135394239241e-05	9.658748231797110572e-04	-1.851045194987174900e-04	5.965011570133746735e-04	-2.407982145180870173e-04	-3.284710837545348761e-04	2.931941919485494337e-05	-2.406123919809907523e-03	1.048367685364216470e-03	-1.244029837159287000e-03	7.350816350364000433e-04	-3.487344807557664805e-04	-9.614537221459131075e-06	7.361552540200339044e-04	-9.490606396261988455e-04	5.293150921402518458e-04	-1.406255416753409478e-03	2.827318165024527677e-04	-8.446272528654043179e-04	4.346809886660137545e-04	-3.049021825604324447e-04	-2.338588163609867793e-03	4.827922225425352112e-03	4.515568945962790924e-04	-1.059960587416362713e-03	7.955034137259574950e-04	2.478772694220116903e-04	1.178945836277230444e-03	-1.736203927904952492e-03	-1.207373924386344246e-03	1.711723575852218621e-03	-1.333751325289334521e-03	5.998348519276053281e-16	-6.852604355503790021e-04	-1.195975930699494198e-03	-1.335186619715703375e-03	4.681564552879830497e-03	1.907762883343086741e-03	-1.935176978024436435e-03	3.019468267878306755e-03	-1.453430809758419952e-03	2.289433706731695307e-03	-3.785905691879238363e-03	1.625544773729148493e-03	5.037220908457165419e-04	-1.775623393116971312e-03	3.080286544421683738e-03	-5.462709128517095458e-04
-1.879193793815278624e-04	-5.042013556297970066e-05	4.940803494859976903e-04	1.346421686953506005e-03	-1.004698888924497862e-03	-3.245522601367967393e-03	1.887779759376824462e-03	0.000000000000000000e+00	-2.789667419828631835e-04	2.800376250037974954e-03	-1.498111782835200197e-03	3.014068279389132445e-03	-1.743435258697962026e-04	-2.361389902146050334e-03	9.589621288931464253e-04	-2.130026293884082142e-03	3.837263485487506036e-04	-1.760571123939456842e-03	5.736346696799273469e-04	-3.025200322855399124e-03	6.450462197569713316e-04	6.330187262380602628e-03	-3.642511950252034364e-03	3.329310352569167693e-03	1.020228501589733917e-03	4.314304076957859932e-03	-3.948315709905954318e-03	3.607245022022144334e-03	7.119405194757476730e-04	-1.915354569718146546e-03	3.857519609091649955e-04	-1.124075003679966041e-03	-6.331074157416339849e-04	-1.825438984624661184e-04	5.882879574358973289e-04	5.756305692970022699e-04	-6.000649692769864521e-04	-2.337134543069130724e-03	3.419975739207752746e-03	1.007145278370447008e-05	-2.664904093811660754e-03	-4.161390791893874314e-03	8.263995672300874368e-03	-1.781933416102415412e-03	-2.398036312111286560e-03	5.153944643270842339e-05	1.513003982382670615e-03	9.107778995806365286e-04	1.453430809766124293e-03	1.958933257852050851e-03	-4.580940016758038025e-03	7.204896798231662865e-05	3.346574194032469075e-03	1.953944392504292082e-03	-4.119567787189418878e-03	-4.503600523220550184e-04	-2.016079360747657923e-14	-2.001136003672592326e-03	3.603090380553850350e-03	-1.065407423824254757e-03	-6.781471035663974665e-04	-1.970031442323726654e-04	1.668831787285268188e-03	1.033262376271027426e-03
2.550711291510509085e-04	4.518792024593709655e-15	-2.943094711606737668e-04	-1.923344608171290355e-04	4.887626983425667239e-04	1.174825075593261686e-03	-1.031855451361877053e-03	2.789667419828631835e-04	0.000000000000000000e+00	-1.370529019054361926e-03	5.626666517880734610e-04	-1.641949124763016944e-03	5.796014773252970275e-04	1.698712453919003088e-03	-7.788709699563323499e-04	1.276579643279882395e-03	-1.951999557197951459e-04	9.884914861992178010e-04	-2.372107595498983804e-05	1.627772632298409797e-03	-1.350824157332022879e-03	-3.663634894684994307e-03	2.056170233734024716e-03	-2.377127197106736894e-03	7.898972266669922670e-05	-1.053670145969328679e-03	9.622104648722229828e-04	-2.628476070477860343e-04	-2.495285642218349979e-04	6.251776882135631590e-04	-5.253521028135645001e-04	8.598927828759082652e-05	5.824874329781325362e-04	7.471732538595686306e-05	-3.780563461157516059e-04	-2.185881198375825131e-04	6.252327876863505865e-04	1.178286877933590370e-03	-1.876667112137638416e-03	3.299851220947581649e-04	5.692512952738296942e-04	7.429185314588402245e-04	-2.687827717038758502e-03	-2.594941898244961073e-04	1.192572182657726434e-03	2.541718569184026402e-04	-4.555226666071638709e-04	4.894219648683721322e-04	-3.526896054330113934e-04	-2.617116234642284612e-04	1.890179600766035087e-03	1.435338132419866337e-04	-1.935490844643470831e-03	-5.745969829868684698e-04	8.540942605676487415e-04	-1.308358178008073042e-03	5.042013555917650917e-05	6.314673446422392573e-04	-1.048880881516956950e-03	5.112251975649176848e-04	-4.585556487489639765e-05	-3.084037952844903975e-04	-9.372994552451073438e-06	-3.133790495097803046e-04
-9.617802376593506111e-04	1.370529019065749952e-03	-5.341442419058311554e-04	-9.224487136979799213e-04	8.481237880046283979e-05	-7.485433308501239415e-04	2.617690051116619392e-03	-2.800376250037974954e-03	1.370529019054361926e-03	0.000000000000000000e+00	-9.881535739968618382e-04	7.124166678694877994e-04	9.717316812496970459e-04	2.232112623053351171e-03	-1.512582759700778576e-03	9.825851658134753756e-04	-5.341442419006638478e-04	-9.881535740081737532e-04	6.185777882065420646e-04	1.422214651364016964e-03	9.972117917881993679e-06	-6.047397872342915280e-03	2.590849311578542584e-03	1.356212024381524229e-03	-9.224487136970412190e-04	7.124166678921358071e-04	1.422214651345027813e-03	-3.201148058694831128e-03	-9.384338737207594981e-04	9.185912442623617082e-04	1.663869120212811172e-05	-2.259055204727707274e-03	8.481237880297827015e-05	9.717316812529407620e-04	9.972117911133079101e-06	-9.384338737235985899e-04	-2.053691809144385892e-03	2.209698374813161802e-03	-1.343524220125567100e-03	-2.258565717830372105e-03	-7.485433308488038170e-04	2.232112623044077340e-03	-6.047397872316605597e-03	9.185912442667015527e-04	2.209698374802105542e-03	-1.063459297293580918e-03	2.756405411757313108e-03	6.666380149723759286e-05	2.617690051116593371e-03	-1.512582759704503461e-03	2.590849311569876773e-03	1.663869120152876475e-05	-1.343524220105089123e-03	2.756405411757516070e-03	-9.251893339042440573e-03	1.549042325509143551e-03	-2.800376250024457121e-03	9.825851658232724432e-04	1.356212024338690220e-03	-2.259055204715430636e-03	-2.258565717819350539e-03	6.666380149880079555e-05	1.549042325493887526e-03	-1.944072788730539895e-03
5.399761124117369911e-04	-9.884914862069516320e-04	6.299268676593558752e-04	7.742564251857196080e-04	-2.990071393698674859e-04	4.391938928833892357e-04	-1.471202306409804227e-03	1.498111782835200197e-03	-5.626666517880734610e-04	9.881535739968618382e-04	0.000000000000000000e+00	3.291003028151181717e-05	-4.166338062072218250e-04	-1.058705939915203890e-03	6.551223552907032774e-04	-1.504318175045575622e-03	1.366284870089881165e-04	6.014507260931705162e-15	7.592261570180710694e-05	-1.460732445346374538e-03	-4.244199356344350443e-04	3.711601821010004909e-03	-1.465937139774107709e-03	4.987286429719069852e-04	5.032732474219566658e-04	-6.551819227343302562e-04	-2.675907046961014443e-04	2.478228959540205827e-03	2.880768848891114868e-04	-1.008245579946686222e-03	1.627859969318659790e-05	1.092328794977599857e-03	1.974902673075332399e-04	-5.751126182242608659e-04	-6.741025150417228576e-05	9.496103994351193494e-04	1.402910264368570489e-03	-1.750709332425906713e-03	1.023094717609505456e-03	1.128087943875307614e-03	-6.473844076658914759e-04	-1.735497247697454903e-03	3.804667292241423193e-03	-1.541895964029039263e-03	-1.158404566142433095e-03	8.402962748648840335e-04	-8.678463629854704826e-04	3.231029242993200493e-04	-9.658748231877634267e-04	1.284732815729310506e-03	-1.769758031494107851e-03	3.891673843921878350e-04	3.747625158649611006e-04	-1.687714919576012657e-03	4.448807163807104101e-03	-1.715825635694616554e-03	1.760571123929303506e-03	-1.362639604679644154e-03	-3.708034194282621484e-04	1.683739501797781781e-03	1.406302969575462568e-03	-4.555573420288521694e-04	-4.846766514453212634e-04	1.742667388975497472e-03
2.954183762470041907e-05	1.053670145986508079e-03	-3.937422075814928871e-04	1.163529935666320634e-03	-4.270541181101799558e-04	-1.282026251637571369e-03	8.779003796679299421e-04	-3.014068279389132445e-03	1.641949124763016944e-03	-7.124166678694877994e-04	-3.291003028151181717e-05	0.000000000000000000e+00	3.351683927869130754e-04	2.138614202710279171e-03	-2.168121043907942670e-03	8.030375713806405446e-04	-4.306029412501389013e-04	6.551819227158909046e-04	-5.842892256895413717e-04	1.872907824194990512e-03	6.367666410222395023e-04	-6.059865653729418905e-03	3.447648180864294233e-03	-1.173769128450872351e-04	1.016423268862768660e-03	1.092203584518447457e-14	1.562339328085413700e-03	2.785327526260787320e-03	-1.030952574374697887e-03	-7.983571697106528389e-04	-7.391419966652627068e-05	-1.743226426597536440e-03	-6.221156271415893271e-04	6.634083830008911356e-05	8.518935100243862739e-04	-1.015607987476738368e-03	-1.771776780739878860e-03	2.216460085103461129e-03	-1.125893260560213802e-03	-8.424916923282050815e-04	-2.064525778703678142e-03	1.027824575960257234e-03	-4.419971101520642556e-03	-8.605788508802253000e-04	1.549707441837054351e-03	-1.623542240374402628e-04	1.362764763740829509e-03	2.507996200435523722e-04	1.244029837145393816e-03	-1.291942675876359570e-03	3.005869264185437838e-03	-2.657629789964402380e-05	-1.165023461645588567e-03	8.123480821823622156e-04	-2.994018981575965674e-03	1.541311242815446422e-03	-4.314304076961272133e-03	1.564776361091692986e-04	1.860261058620455918e-03	-1.902091373285976200e-03	-1.305650165628693266e-03	-6.126090127149941397e-05	2.794870709769772549e-03	-7.133417607845032524e-04
-4.886443840108209099e-05	-7.471732538491796698e-05	-7.647912029062606308e-05	-2.093582526115512891e-04	2.322441618847116847e-04	1.950746529972558732e-04	-6.554020104822862874e-05	1.743435258697962026e-04	-5.796014773252970275e-04	-9.717316812496970459e-04	4.166338062072218250e-04	-3.351683927869130754e-04	0.000000000000000000e+00	-3.196830686678952312e-04	5.202158447399521206e-04	5.993846320230724473e-04	4.700449597309596089e-04	5.751126182236155487e-04	-3.683079829112543505e-04	7.094814877303650801e-04	1.654260188643256677e-04	-1.909600747845984099e-04	-4.920862034614441761e-04	-4.614007104576460495e-04	-5.819612351314301484e-06	-6.634083829658640871e-05	-1.929609255649391945e-04	-1.593805631350180907e-04	1.353572566661083009e-04	1.972502543855517371e-04	8.297087547016313404e-05	1.349826225224691912e-04	-2.455612029033526914e-04	-3.660334296946843313e-16	1.490137035873077506e-04	-4.779811095894351183e-04	-3.623139938382742759e-05	6.291323502873461329e-04	-2.386501691442219038e-04	-7.569774598862241406e-05	7.080600676940055054e-04	3.572103299238298503e-04	-2.668131266489835859e-04	2.623258145547514961e-04	8.705778889388129504e-05	1.635062620828949941e-04	-8.701152114821476304e-04	-2.577946872016292522e-04	-2.827318164971131804e-04	-1.976177598107058369e-04	1.065516971721836074e-04	1.049758339204506552e-04	9.502018848699312530e-05	-4.215876041398401112e-04	1.040613937096266381e-03	4.691707067704683045e-04	1.825438984663472911e-04	7.089818699590184729e-04	-2.071561901467988936e-04	-5.017622872272432897e-04	-2.087238420595262877e-04	5.033959620303592522e-04	-6.450441066097592144e-04	-5.566159424940847261e-04
7.699789868850544369e-06	-7.429185314635987879e-04	-1.877630946002382310e-04	-4.486471696966067447e-04	8.753973977272921621e-04	1.291562058914242847e-03	-9.154092038972663162e-04	2.361389902146050334e-03	-1.698712453919003088e-03	-2.232112623053351171e-03	1.058705939915203890e-03	-2.138614202710279171e-03	3.196830686678952312e-04	0.000000000000000000e+00	9.211767272857590734e-04	1.628291377282619235e-03	1.818320020267487130e-04	1.735497247707112108e-03	-1.869821082148859248e-05	1.147996831169444771e-05	-1.658217608233488122e-03	1.012103888764650725e-03	-5.889769639654438785e-04	-3.513403040932913321e-03	-6.521560092133213849e-04	-1.027824575959634034e-03	5.820198885589931200e-05	-1.378129320495628373e-03	3.248086284455818130e-04	6.615638748852043166e-04	1.047659072999688155e-04	1.029661552998776836e-03	1.285354204828266164e-03	-3.572103299268359093e-04	-1.037697558206427013e-03	8.152940330031301129e-04	2.377875095869680031e-03	-2.931714110970827557e-04	-1.078382621606200232e-03	1.476872333319932586e-03	1.705207230531626157e-03	-3.312942368355331624e-15	3.980949617656231836e-04	5.121789157693497439e-04	1.972510262418552727e-04	5.290459495012982388e-04	-1.951867546867531653e-03	2.133927914799888274e-04	-7.955034137212576954e-04	1.970003489284035227e-04	7.116593814525801458e-04	-1.890472521534029967e-04	-1.396317990269414864e-03	-7.252970058942635571e-04	2.234301525529580959e-03	-1.650408218414975035e-03	4.161390791902959060e-03	1.166646691756451949e-03	-2.889567058203288547e-03	2.653909245135615234e-03	7.272433869768279990e-04	-1.643888654360783907e-04	-2.164324518534247246e-03	-4.204277342656934590e-04
-1.778359787305362804e-04	2.617116234616594984e-04	2.412338111956269866e-04	2.743743291739058785e-04	-5.519804966244618071e-04	-1.356946640657353490e-03	1.198289742538660935e-03	-9.589621288931464253e-04	7.788709699563323499e-04	1.512582759700778576e-03	-6.551223552907032774e-04	2.168121043907942670e-03	-5.202158447399521206e-04	-9.211767272857590734e-04	0.000000000000000000e+00	-1.276972611059366217e-03	2.648643482661027212e-05	-1.284732815730153799e-03	3.812677858433622465e-05	-1.032324451251254941e-03	1.474890577822838373e-03	1.441159341958045664e-03	-7.204876799356896896e-04	2.568377437822121599e-03	2.302920655987431226e-04	1.291942675867558885e-03	-5.436513106026289333e-04	7.519653175346176872e-04	-4.030949049273708032e-05	-7.142701016391230385e-04	3.515138613670201577e-04	-5.673245225475201381e-04	-9.060508109544925101e-04	1.976177598125084043e-04	5.110862302415844841e-04	-2.978898133104364342e-04	-1.227149606303259846e-03	-4.205505895749516885e-04	1.342319987347237627e-03	-7.668790156240602469e-04	-1.174158780003029846e-03	-1.970003489238305206e-04	8.250699704811584323e-04	-5.818621247457304624e-05	-6.671699657465495793e-04	-5.217384548236155082e-04	1.398775084354106270e-03	-5.528104039485832837e-04	6.852604355521237003e-04	4.851127095514828902e-16	-1.237376867329135263e-03	1.097999303814324015e-04	1.530711079682525472e-03	7.611661160716750273e-04	-1.795167572563636984e-03	1.603188847131919916e-03	-1.958933257854158540e-03	-6.650490579541046450e-04	1.481703996380778245e-03	-1.776178794480808617e-03	-5.208676099382984347e-05	2.872737312987462760e-04	8.697753074230359614e-04	3.905521061820834815e-04
7.764016048348947562e-04	-6.314673446501533911e-04	1.993608792216152202e-05	7.631537068492220879e-04	2.308500009987447615e-04	4.727595510989982550e-04	-1.896938962157463868e-03	2.130026293884082142e-03	-1.276579643279882395e-03	-9.825851658134753756e-04	1.504318175045575622e-03	-8.030375713806405446e-04	-5.993846320230724473e-04	-1.628291377282619235e-03	1.276972611059366217e-03	0.000000000000000000e+00	4.867364780830789133e-04	1.362639604682506448e-03	-9.631358623864329357e-04	-5.699275494126512451e-04	2.926009626446405523e-04	3.835928319169433671e-03	-1.908680502081794381e-03	-1.009176910502636478e-03	8.561200336325174888e-04	-1.564776361206534120e-04	-1.329729105477821336e-03	2.233218701889378571e-03	8.902639189130913139e-04	-4.182325897692041120e-04	2.295753389836984078e-06	1.847814594764188995e-03	6.657858927725989406e-05	-7.089818699618561553e-04	2.741676978044470573e-06	3.644723506094884528e-04	1.020831572506007701e-03	-9.112277011496219999e-04	3.794897737015886889e-04	1.179639387288011244e-03	1.411891145417296881e-03	-1.166646691754251019e-03	3.567179511509370633e-03	-4.905880336153471862e-04	-1.616207301446553847e-03	9.367274172117148745e-04	-3.024880357597079308e-03	-2.932145952505419741e-04	-2.289433706726578741e-03	6.650490579601644678e-04	-1.222031370419695943e-03	-1.886123162356500009e-04	1.055332337591182194e-03	-2.093481710904217773e-03	7.462454465218279140e-03	-5.838522407297336118e-04	2.001136003671115209e-03	-7.372696745645834770e-15	-1.991748028115641542e-03	1.158723693699546982e-03	1.012203798053826513e-03	3.231634431783405518e-04	-1.296169381582692537e-03	5.497274238501559992e-04
-1.288801295955657234e-04	2.943094711599108680e-04	-4.709232136190788509e-16	-4.492561222862123346e-04	-1.560086950131184421e-04	3.757499809306256641e-04	5.466234135394239241e-05	-3.837263485487506036e-04	1.951999557197951459e-04	5.341442419006638478e-04	-1.366284870089881165e-04	4.306029412501389013e-04	-4.700449597309596089e-04	-1.818320020267487130e-04	-2.648643482661027212e-05	-4.867364780830789133e-04	0.000000000000000000e+00	-6.299268676578034061e-04	1.101797022687906629e-04	-1.493367873046524291e-04	8.504609623671442395e-04	5.026978304198469021e-04	-3.149000992663134957e-04	8.962812349983906128e-04	-5.154205015721760944e-04	3.937422075774413320e-04	-6.833309708960646676e-05	-1.338511428676232660e-03	8.027953932032016885e-05	4.609269263688420531e-04	2.238176593451803099e-05	2.573849414596884617e-04	-1.813774214158004575e-04	7.647912029176390616e-05	4.832468847629436693e-05	-1.651779598896072196e-04	-4.213416896192725926e-04	-3.580959515300532428e-05	2.606725997849997567e-04	-2.162996241080159291e-04	6.385174390298590293e-04	1.877630946029761397e-04	1.167589660027527876e-04	9.757815380446665469e-04	-2.583075448009083713e-04	-3.895339567425232718e-04	1.786953286288045983e-04	-5.429356167484687343e-04	-4.928197844816118584e-04	-2.412338111958536391e-04	-2.311193312695828447e-04	-2.300577869710838767e-04	4.191246698090369508e-04	-2.217437255314337542e-04	8.624749612176989787e-04	8.684697088887491020e-04	-4.940803494858248684e-04	-1.993608791662801840e-05	-1.183243920631183810e-04	-2.195358958273163847e-04	3.626752334757493332e-04	-1.644113917518127879e-04	5.391980206235568547e-04	6.412808064178187380e-05
5.399761124080715204e-04	-5.626666517968155999e-04	1.366284870141587851e-04	5.032732474179650670e-04	1.974902673078343500e-04	-6.473844076689658396e-04	-9.658748231797110572e-04	1.760571123939456842e-03	-9.884914861992178010e-04	9.881535740081737532e-04	-6.014507260931705162e-15	-6.551819227158909046e-04	-5.751126182236155487e-04	-1.735497247707112108e-03	1.284732815730153799e-03	-1.362639604682506448e-03	6.299268676578034061e-04	0.000000000000000000e+00	7.592261570240702311e-05	-2.675907047040156864e-04	-6.741025150367048989e-05	3.804667292254615765e-03	-1.769758031499053764e-03	-3.708034194384031250e-04	7.742564251835183523e-04	3.291003027056432290e-05	-1.460732445333979938e-03	2.478228959527115603e-03	9.496103994307387389e-04	-1.541895964021398674e-03	3.891673843893476590e-04	1.683739501800291059e-03	-2.990071393743967947e-04	-4.166338062106618358e-04	-4.244199356246291946e-04	2.880768848874036515e-04	1.402910264363501844e-03	-1.158404566146396288e-03	3.747625158752235079e-04	1.406302969578069424e-03	4.391938928777939935e-04	-1.058705939912231875e-03	3.711601820993357635e-03	-1.008245579945948097e-03	-1.750709332415317961e-03	8.402962748599642493e-04	-1.687714919564303057e-03	-4.555573420236828019e-04	-1.471202306399957286e-03	6.551223552958298189e-04	-1.465937139772608257e-03	1.627859969314734978e-05	1.023094717597902974e-03	-8.678463629745618909e-04	4.448807163776824503e-03	-4.846766514584795204e-04	1.498111782827346236e-03	-1.504318175060190017e-03	4.987286430074385673e-04	1.092328794965798967e-03	1.128087943867974938e-03	3.231029243029386825e-04	-1.715825635694221253e-03	1.742667388978926587e-03
-1.005429565382674853e-04	2.372107595618112212e-05	-1.101797022681916683e-04	-4.717428456656240455e-05	7.224644506507893363e-06	4.611507510794594380e-04	1.851045194987174900e-04	-5.736346696799273469e-04	2.372107595498983804e-05	-6.185777882065420646e-04	-7.592261570180710694e-05	5.842892256895413717e-04	3.683079829112543505e-04	1.869821082148859248e-05	-3.812677858433622465e-05	9.631358623864329357e-04	-1.101797022687906629e-04	-7.592261570240702311e-05	0.000000000000000000e+00	-5.013150566890694614e-04	1.155089341138664232e-04	7.345999996702791239e-05	-5.766166641922964957e-04	1.883140793342588616e-04	-4.717428456695258181e-05	5.842892256898747638e-04	-5.013150566878087511e-04	9.608251929067485216e-05	-1.993228094250741535e-04	3.484646087391834535e-04	8.635236442080753859e-05	-1.179618091310885401e-03	7.224644509246984462e-06	3.683079829113298110e-04	1.155089341137760278e-04	-1.993228094246735408e-04	-6.272818156932435680e-04	3.488841349856490579e-04	5.491245688282646656e-04	-9.452519112980331626e-04	4.611507510797861623e-04	1.869821081907679830e-05	7.345999996854503649e-05	3.484646087403127585e-04	3.488841349840489923e-04	9.506715089861465166e-05	-4.081338527309674117e-04	3.625961213749061339e-04	1.851045194988371859e-04	-3.812677858370683173e-05	-5.766166641912142451e-04	8.635236442083182471e-05	5.491245688294119683e-04	-4.081338527290572643e-04	-4.280726261363645892e-04	7.301805232379140207e-04	-5.736346696783453875e-04	9.631358623876577589e-04	1.883140793345737139e-04	-1.179618091311620490e-03	-9.452519113001490916e-04	3.625961213747770054e-04	7.301805232401948568e-04	-1.271565476207222201e-03
2.775024810602303474e-05	-9.622104648749254651e-04	6.833309708993218819e-05	-6.729556340333900637e-04	1.185054082358320956e-03	6.757098060282214127e-04	-5.965011570133746735e-04	3.025200322855399124e-03	-1.627772632298409797e-03	-1.422214651364016964e-03	1.460732445346374538e-03	-1.872907824194990512e-03	-7.094814877303650801e-04	-1.147996831169444771e-05	1.032324451251254941e-03	5.699275494126512451e-04	1.493367873046524291e-04	2.675907047040156864e-04	5.013150566890694614e-04	0.000000000000000000e+00	-1.288294364725193347e-03	1.097226287319668248e-03	-4.790266447676879888e-04	-3.349813854363680593e-03	-1.860863779132584874e-04	-1.562339328088206171e-03	-4.432218481120742126e-16	-1.068293447052697485e-03	9.147996911524475510e-04	7.725381435092987595e-04	-9.023584754785311367e-04	2.834093801982198735e-03	1.168665674841768125e-03	1.929609255665882660e-04	-2.008538676957577485e-03	5.375296384117382109e-04	3.258889205139314446e-03	-5.789060935561508262e-05	-1.756139096058490249e-03	1.955876763770340865e-03	3.899445193034270073e-04	-5.820198885653882865e-05	1.380812849302301155e-03	6.484106763578187990e-04	-2.203151299110089325e-04	-6.129950326900250254e-04	1.283639350309116614e-03	-5.298277917268421483e-04	-7.350816350220068258e-04	5.436513106006671779e-04	-2.624022187511127228e-04	-1.603959483185035564e-04	-1.939765747353826807e-03	-1.308382398148545895e-04	9.028669780884329438e-04	-1.643534285433555578e-03	3.948315709919930118e-03	1.329729105489579292e-03	-5.619380960792211624e-03	2.336565419581669405e-03	3.572794253387903338e-03	-3.316225033438697893e-04	-2.261822184808214009e-03	1.102680781217491935e-03
-2.170679318385010696e-04	3.780563461234312810e-04	-4.832468848304494169e-05	-4.541895202817043003e-04	-4.497672310359312770e-05	-6.271816538411397433e-06	2.407982145180870173e-04	-6.450462197569713316e-04	1.350824157332022879e-03	-9.972117917881993679e-06	4.244199356344350443e-04	-6.367666410222395023e-04	-1.654260188643256677e-04	1.658217608233488122e-03	-1.474890577822838373e-03	-2.926009626446405523e-04	-8.504609623671442395e-04	6.741025150367048989e-05	-1.155089341138664232e-04	1.288294364725193347e-03	0.000000000000000000e+00	-3.978103421829365903e-03	3.401928877274304659e-03	9.782896177133390547e-05	-6.329893682630572359e-04	-8.518935100136553829e-04	2.008538676944111694e-03	-2.821767087364235836e-03	-7.287495701063062374e-04	1.021370252026282399e-03	-4.342205603024850455e-04	-2.208848268480893134e-04	4.164367566777292182e-04	-1.490137035861167003e-04	-3.359373326392023351e-15	1.566749971297456728e-04	-2.555776759534445809e-04	3.826556640758200243e-04	-1.597504721721140341e-03	1.424063787756203845e-04	-7.225197052000511579e-04	1.037697558206939624e-03	-3.832993389553952281e-03	9.799485836833531863e-04	1.495177323435488556e-03	-9.781254362368708901e-04	1.717914953749061138e-03	2.552255282193840145e-04	8.446272528551820261e-04	-5.110862302478398969e-04	2.112376276230713661e-03	-4.828363956113313968e-04	-2.044399309825299660e-03	1.512418180843421150e-03	-2.861688480591815728e-03	-7.407699526045156231e-04	-5.882879574302592608e-04	-2.741676970075693025e-06	-1.354590189735156757e-03	1.227119132288144888e-03	5.412685303957360345e-04	-8.403465403505083232e-04	2.631040738318982304e-04	4.586579800598535950e-04
-2.811100359783382527e-04	2.687827717041524952e-03	-1.167589660059580687e-04	-8.000817460452221402e-04	-2.274382290995267085e-03	6.472459950967566914e-04	3.284710837545348761e-04	-6.330187262380602628e-03	3.663634894684994307e-03	6.047397872342915280e-03	-3.711601821010004909e-03	6.059865653729418905e-03	1.909600747845984099e-04	-1.012103888764650725e-03	-1.441159341958045664e-03	-3.835928319169433671e-03	-5.026978304198469021e-04	-3.804667292254615765e-03	-7.345999996702791239e-05	-1.097226287319668248e-03	3.978103421829365903e-03	0.000000000000000000e+00	1.301742909010885274e-04	1.020274281326139648e-02	-9.483998456970342637e-04	4.419971101511368725e-03	-1.380812849291930978e-03	-2.278595125912632330e-03	-7.371497516797413316e-04	3.869480708936324045e-04	7.316317138320420355e-04	-4.081529189096650204e-03	-2.381439801777625147e-03	2.668131266498159279e-04	3.832993389564392280e-03	-1.424855482878346728e-03	-6.984914236826081368e-03	-1.533584883607458089e-04	2.763864190875100005e-03	-4.454591548593215058e-03	1.166348686081715522e-03	-3.980949617541162206e-04	-1.648655441766760932e-14	6.856113705383928619e-04	-7.237476951412217738e-04	2.453162137462868179e-04	-1.232348028104700288e-03	-1.587847432212951930e-05	-2.478772694290149858e-04	-8.250699704829271997e-04	-1.450366065906855302e-03	2.941831762407361422e-04	4.311352635072226644e-03	-9.001473509099388150e-04	1.225955935054860507e-03	3.675886791951587379e-03	-8.263995672338007858e-03	-3.567179511521805131e-03	1.073233705297958404e-02	-5.959083612699810593e-03	-5.164953949021586915e-03	4.193490943432135387e-04	4.364798011014740797e-03	-6.328032681150008287e-04
4.466195274177913940e-04	-1.890179600767931140e-03	2.311193312721475520e-04	1.498615810926059826e-03	1.123012777817892615e-03	-1.658251241538013891e-03	-2.931941919485494337e-05	3.642511950252034364e-03	-2.056170233734024716e-03	-2.590849311578542584e-03	1.465937139774107709e-03	-3.447648180864294233e-03	4.920862034614441761e-04	5.889769639654438785e-04	7.204876799356896896e-04	1.908680502081794381e-03	3.149000992663134957e-04	1.769758031499053764e-03	5.766166641922964957e-04	4.790266447676879888e-04	-3.401928877274304659e-03	-1.301742909010885274e-04	0.000000000000000000e+00	-5.338762960593058590e-03	1.945217552302199154e-03	-3.005869264181892930e-03	2.624022187516098837e-04	4.915809313336506198e-03	5.871311163260713476e-04	-1.426659471304162407e-03	-8.509860729009225766e-04	2.317458935541087846e-03	1.211671491989596301e-03	-1.065516971738339935e-04	-2.112376276230189774e-03	1.035147368452767579e-03	3.971610894001044618e-03	-1.219925827794313686e-04	-1.200058012608509229e-03	2.153843188953417052e-03	-2.610775885101253649e-03	-7.116593814575442739e-04	1.450366065921661167e-03	-2.874985923719229619e-03	1.800167974775339526e-04	4.713695122755999435e-04	1.546205117307142014e-03	8.308899366168486606e-04	1.195975930694291329e-03	1.237376867326674124e-03	-2.533997317533120963e-15	3.541306735300330964e-04	-2.026547314984106576e-03	1.223617578248301649e-03	-3.401466960011796312e-03	-3.199381217295972288e-03	4.580940016774072074e-03	1.222031370419204149e-03	-4.770066666926477475e-03	3.268127354405836286e-03	2.206905627562602903e-03	-4.563498206054700273e-05	-2.424758263424536039e-03	3.752528531143475756e-04
-1.561010687234728155e-03	1.048880881540146734e-03	1.183243920485473950e-04	-1.654731220961099675e-03	-5.949684996077565053e-04	5.891858621934869525e-04	2.406123919809907523e-03	-3.329310352569167693e-03	2.377127197106736894e-03	-1.356212024381524229e-03	-4.987286429719069852e-04	1.173769128450872351e-04	4.614007104576460495e-04	3.513403040932913321e-03	-2.568377437822121599e-03	1.009176910502636478e-03	-8.962812349983906128e-04	3.708034194384031250e-04	-1.883140793342588616e-04	3.349813854363680593e-03	-9.782896177133390547e-05	-1.020274281326139648e-02	5.338762960593058590e-03	0.000000000000000000e+00	-2.572140813685914323e-03	-1.860261058593471644e-03	5.619380960762089885e-03	-7.258784304780630317e-03	-2.516250704926528432e-03	2.902171658631824691e-03	-3.768126861072445557e-04	-2.451416499628880467e-03	-2.134203277806906646e-04	2.071561901531150489e-04	1.354590189704319662e-03	-1.402294207625162398e-03	-1.806641021715180758e-03	2.959651786555369223e-03	-2.288800375636926634e-03	-1.234886472319932874e-03	-1.965444571444748510e-03	2.889567058200512122e-03	-1.073233705294594428e-02	2.666559464138790973e-03	4.535918607361240189e-03	-2.374449610557091694e-03	4.888963530818439193e-03	1.109706610131694100e-03	3.785905691846146778e-03	-1.481703996397160973e-03	4.770066666927042995e-03	-1.027109861688540408e-04	-4.086166110955866473e-03	2.692387671631877363e-03	-1.008598166556535711e-02	-5.892728284171285750e-04	-3.603090380538332381e-03	1.991748028158145736e-03	-5.108718623917513080e-14	-1.864315191543520047e-03	-4.222967979906589136e-04	-1.783888124003652419e-04	1.347447808474610924e-03	-1.293228572745527653e-03
2.764040813372127948e-04	1.923344608131130422e-04	4.492561222921397221e-04	5.433885763225787535e-16	-1.193515290639084007e-03	1.130239195880921189e-03	-1.048367685364216470e-03	-1.020228501589733917e-03	-7.898972266669922670e-05	9.224487136970412190e-04	-5.032732474219566658e-04	-1.016423268862768660e-03	5.819612351314301484e-06	6.521560092133213849e-04	-2.302920655987431226e-04	-8.561200336325174888e-04	5.154205015721760944e-04	-7.742564251835183523e-04	4.717428456695258181e-05	1.860863779132584874e-04	6.329893682630572359e-04	9.483998456970342637e-04	-1.945217552302199154e-03	2.572140813685914323e-03	0.000000000000000000e+00	-1.163529935677809490e-03	6.729556340456732070e-04	1.053725444492545349e-03	2.533842603149026075e-04	-3.210952857760658715e-04	1.442883067657408866e-04	8.710020958963013774e-04	-1.010695863110440797e-03	2.093582526127559461e-04	4.541895202832917349e-04	2.046818932823928940e-04	-1.086296409720247363e-03	-1.559704079056705925e-03	4.210175965183677801e-03	-1.321767581922690974e-03	8.400500224440167604e-04	4.486471697040130381e-04	8.000817460326223015e-04	-1.123297621398848273e-03	-1.803590083445823482e-03	1.258828976054222719e-03	-1.806469532656659448e-03	-1.094108775783920930e-03	-9.603407323708677921e-04	-2.743743291733800405e-04	-1.498615810929335851e-03	6.977749360259908381e-04	4.167884110315457462e-03	-2.386243242670015724e-03	3.601182019293703435e-03	1.984674930510370652e-03	-1.346421686947507548e-03	-7.631537068497518290e-04	1.654731220969463644e-03	1.645359192889931505e-04	-7.899100029307028854e-04	-1.081605316651686449e-03	2.596319294231002987e-03	1.892506659357485132e-05
2.954183762560214663e-05	1.641949124765426909e-03	-4.306029412535502350e-04	1.016423268875315047e-03	-6.221156271403934521e-04	-2.064525778724834830e-03	1.244029837159287000e-03	-4.314304076957859932e-03	1.053670145969328679e-03	-7.124166678921358071e-04	6.551819227343302562e-04	-1.092203584518447457e-14	6.634083829658640871e-05	1.027824575959634034e-03	-1.291942675867558885e-03	1.564776361206534120e-04	-3.937422075774413320e-04	-3.291003027056432290e-05	-5.842892256898747638e-04	1.562339328088206171e-03	8.518935100136553829e-04	-4.419971101511368725e-03	3.005869264181892930e-03	1.860261058593471644e-03	1.163529935677809490e-03	0.000000000000000000e+00	1.872907824192761826e-03	2.785327526286635567e-03	-1.015607987476809491e-03	-8.605788508924873013e-04	-2.657629789993399367e-05	-1.902091373283166381e-03	-4.270541181070992495e-04	3.351683927864056688e-04	6.367666410062467613e-04	-1.030952574373470571e-03	-1.771776780711917937e-03	1.549707441835711675e-03	-1.165023461650522771e-03	-1.305650165610817374e-03	-1.282026251661744307e-03	2.138614202710630019e-03	-6.059865653726391813e-03	-7.983571697246506478e-04	2.216460085105113886e-03	-1.623542240381345859e-04	8.123480822005606575e-04	-6.126090127333961677e-05	8.779003796813274283e-04	-2.168121043912655047e-03	3.447648180869577767e-03	-7.391419966816439174e-05	-1.125893260562922139e-03	1.362764763756419036e-03	-2.994018981616647541e-03	2.794870709773611926e-03	-3.014068279362774189e-03	8.030375713932577306e-04	-1.173769128860242968e-04	-1.743226426586840351e-03	-8.424916923088932724e-04	2.507996200469923289e-04	1.541311242794681131e-03	-7.133417607815982411e-04
2.775024810651673297e-05	-1.627772632296553210e-03	1.493367873075167015e-04	-1.860863779202338647e-04	1.168665674836224383e-03	3.899445193199639636e-04	-7.350816350364000433e-04	3.948315709905954318e-03	-9.622104648722229828e-04	-1.422214651345027813e-03	2.675907046961014443e-04	-1.562339328085413700e-03	1.929609255649391945e-04	-5.820198885589931200e-05	5.436513106026289333e-04	1.329729105477821336e-03	6.833309708960646676e-05	1.460732445333979938e-03	5.013150566878087511e-04	4.432218481120742126e-16	-2.008538676944111694e-03	1.380812849291930978e-03	-2.624022187516098837e-04	-5.619380960762089885e-03	-6.729556340456732070e-04	-1.872907824192761826e-03	0.000000000000000000e+00	-1.068293447073947848e-03	5.375296384093979606e-04	6.484106763676260581e-04	-1.603959483197043374e-04	2.336565419571816609e-03	1.185054082362649308e-03	-7.094814877297965245e-04	-1.288294364712706591e-03	9.147996911526195055e-04	3.258889205118149952e-03	-2.203151299017054208e-04	-1.939765747369376001e-03	3.572794253372966501e-03	6.757098060562673376e-04	-1.147996831764541660e-05	1.097226287325501690e-03	7.725381435228251574e-04	-5.789060935811159365e-05	-6.129950326892465683e-04	-1.308382398322672558e-04	-3.316225033381069295e-04	-5.965011570287540813e-04	1.032324451255089981e-03	-4.790266447692697314e-04	-9.023584754821465173e-04	-1.756139096059075502e-03	1.283639350300238083e-03	9.028669781244968691e-04	-2.261822184813591652e-03	3.025200322855316291e-03	5.699275494019916946e-04	-3.349813854332700600e-03	2.834093801983876212e-03	1.955876763755451733e-03	-5.298277917229552835e-04	-1.643534285439556203e-03	1.102680781214576515e-03
-7.010811489416885096e-04	2.628476070398351461e-04	1.338511428688156282e-03	-1.053725444489020391e-03	-3.240855904883720856e-03	1.301830612708347514e-03	3.487344807557664805e-04	-3.607245022022144334e-03	2.628476070477860343e-04	3.201148058694831128e-03	-2.478228959540205827e-03	-2.785327526260787320e-03	1.593805631350180907e-04	1.378129320495628373e-03	-7.519653175346176872e-04	-2.233218701889378571e-03	1.338511428676232660e-03	-2.478228959527115603e-03	-9.608251929067485216e-05	1.068293447052697485e-03	2.821767087364235836e-03	2.278595125912632330e-03	-4.915809313336506198e-03	7.258784304780630317e-03	-1.053725444492545349e-03	-2.785327526286635567e-03	1.068293447073947848e-03	0.000000000000000000e+00	3.513783340959935556e-04	-7.792267894955455954e-04	1.376340774662621145e-03	1.149832123784743677e-03	-3.240855904867687674e-03	1.593805631321897325e-04	2.821767087375966036e-03	3.513783341085106697e-04	-4.115474727802468508e-03	-4.203901785462539967e-03	1.165312310932765591e-02	-3.440275977866065482e-03	1.301830612705789448e-03	1.378129320516607685e-03	2.278595125893703895e-03	-7.792267894938813451e-04	-4.203901785458400917e-03	1.909729414081172763e-03	-3.217616183821888666e-03	-2.753757122847619136e-03	3.487344807638220485e-04	-7.519653175391698184e-04	-4.915809313346989132e-03	1.376340774668212375e-03	1.165312310935106080e-02	-3.217616183830383173e-03	2.600064228138508106e-03	6.541757986534465705e-03	-3.607245021998067673e-03	-2.233218701902861709e-03	7.258784304812086058e-03	1.149832123801950833e-03	-3.440275977856565269e-03	-2.753757122844136679e-03	6.541757986514856391e-03	-5.765826323087354984e-04
9.798280476082060308e-05	2.185881198355733510e-04	1.651779598906134405e-04	-2.046818932797620232e-04	-3.602330037554533643e-04	4.556092944706432307e-04	9.614537221459131075e-06	-7.119405194757476730e-04	2.495285642218349979e-04	9.384338737207594981e-04	-2.880768848891114868e-04	1.030952574374697887e-03	-1.353572566661083009e-04	-3.248086284455818130e-04	4.030949049273708032e-05	-8.902639189130913139e-04	-8.027953932032016885e-05	-9.496103994307387389e-04	1.993228094250741535e-04	-9.147996911524475510e-04	7.287495701063062374e-04	7.371497516797413316e-04	-5.871311163260713476e-04	2.516250704926528432e-03	-2.533842603149026075e-04	1.015607987476809491e-03	-5.375296384093979606e-04	-3.513783340959935556e-04	0.000000000000000000e+00	-3.702206836105040224e-04	4.530783654556050019e-04	-5.625740058071828980e-04	-2.961218047802845069e-04	4.779811095887315795e-04	-1.566749971313413745e-04	1.958475699323503072e-16	-8.946308984200325876e-04	-2.958867734660208110e-04	1.056325909471762543e-03	-1.375312456769762267e-03	5.834848114424018772e-04	-8.152940330022147210e-04	1.424855482875456028e-03	1.139289660878265017e-04	-5.063780891969328624e-04	4.094448870100167253e-04	-4.643548292539278880e-04	1.188273009827278285e-04	-4.346809886587217359e-04	2.978898133109578270e-04	-1.035147368455852784e-03	3.532929055053243188e-04	9.764303034308866730e-04	-1.122233812926381200e-03	5.816137283771900812e-04	4.300783771321933921e-04	-5.756305693074777229e-04	-3.644723506081129797e-04	1.402294207620296499e-03	-1.034278494924170677e-03	-8.215533481460069636e-04	2.672372065155223780e-04	3.393108499336808920e-04	-3.619652578791735355e-04
6.029203852559479734e-04	2.594941898305568517e-04	-9.757815380516690834e-04	1.123297621397940146e-03	1.755830094032151747e-03	-9.003191786840819728e-05	-7.361552540200339044e-04	1.915354569718146546e-03	-6.251776882135631590e-04	-9.185912442623617082e-04	1.008245579946686222e-03	7.983571697106528389e-04	-1.972502543855517371e-04	-6.615638748852043166e-04	7.142701016391230385e-04	4.182325897692041120e-04	-4.609269263688420531e-04	1.541895964021398674e-03	-3.484646087391834535e-04	-7.725381435092987595e-04	-1.021370252026282399e-03	-3.869480708936324045e-04	1.426659471304162407e-03	-2.902171658631824691e-03	3.210952857760658715e-04	8.605788508924873013e-04	-6.484106763676260581e-04	7.792267894955455954e-04	3.702206836105040224e-04	0.000000000000000000e+00	-1.684158366942860590e-04	6.359788827305541681e-04	1.660645291777285582e-03	-2.623258145532994783e-04	-9.799485836862634018e-04	-1.139289660959088765e-04	1.834378896906079578e-03	2.026331608108697217e-03	-5.145956475984848899e-03	1.286137069391626257e-03	1.200390790473120653e-04	-5.121789157772095591e-04	-6.856113705337681975e-04	1.027417083701576139e-16	1.325834743577015192e-03	-1.002735526443517022e-05	-3.092202211168213833e-04	8.299813228681778661e-04	-1.178945836284986393e-03	5.818621247492861712e-05	2.874985923728266227e-03	-8.121245034177467306e-04	-5.485235002243816008e-03	-6.565209531019827900e-05	1.970495136810362577e-03	-3.005141702144609184e-03	1.781933416091370428e-03	4.905880336176865692e-04	-2.666559464138157365e-03	-6.564768458782394359e-04	1.416914985188932625e-03	1.326062245620250081e-03	-2.862113037497073052e-03	3.355712915805318577e-04
-5.172132800902542495e-04	-1.435338132437878459e-04	2.300577869724024292e-04	-6.977749360230929825e-04	-2.234634747785310769e-04	-7.041432399703524648e-04	9.490606396261988455e-04	-3.857519609091649955e-04	5.253521028135645001e-04	-1.663869120212811172e-05	-1.627859969318659790e-05	7.391419966652627068e-05	-8.297087547016313404e-05	-1.047659072999688155e-04	-3.515138613670201577e-04	-2.295753389836984078e-06	-2.238176593451803099e-05	-3.891673843893476590e-04	-8.635236442080753859e-05	9.023584754785311367e-04	4.342205603024850455e-04	-7.316317138320420355e-04	8.509860729009225766e-04	3.768126861072445557e-04	-1.442883067657408866e-04	2.657629789993399367e-05	1.603959483197043374e-04	-1.376340774662621145e-03	-4.530783654556050019e-04	1.684158366942860590e-04	0.000000000000000000e+00	-6.684965326196631950e-04	-4.566685101536434766e-04	-1.049758339230101855e-04	4.828363956132785155e-04	-3.532929055019026852e-04	-3.623867403748521070e-04	-9.842074783713715587e-05	8.684720702754162528e-06	2.571407760507396154e-04	-7.913884372380359990e-04	1.890472521518827013e-04	-2.941831762379624278e-04	8.121245034149009168e-04	4.323427888618703056e-04	-7.447004390493030396e-04	1.197581757234698636e-03	1.495460282281156671e-04	1.335186619719423706e-03	-1.097999303808180113e-04	-3.541306735326046613e-04	-1.035142024180535358e-16	1.914716465241943937e-04	1.477977749386152851e-03	-2.983613933522177072e-03	3.011856740077281398e-04	-7.204896797905282774e-05	1.886123162318117897e-04	1.027109861670307380e-04	4.175091847324804420e-04	2.719124297236117510e-07	2.573585447333058920e-06	-4.785118197033949908e-04	8.322448010013914316e-05
3.162160102643347070e-04	-5.112251975731210837e-04	2.195358958338092378e-04	-1.645359192872548220e-04	-3.076491536347234412e-04	8.765954339530074042e-04	-5.293150921402518458e-04	1.124075003679966041e-03	-8.598927828759082652e-05	2.259055204727707274e-03	-1.092328794977599857e-03	1.743226426597536440e-03	-1.349826225224691912e-04	-1.029661552998776836e-03	5.673245225475201381e-04	-1.847814594764188995e-03	-2.573849414596884617e-04	-1.683739501800291059e-03	1.179618091310885401e-03	-2.834093801982198735e-03	2.208848268480893134e-04	4.081529189096650204e-03	-2.317458935541087846e-03	2.451416499628880467e-03	-8.710020958963013774e-04	1.902091373283166381e-03	-2.336565419571816609e-03	-1.149832123784743677e-03	5.625740058071828980e-04	-6.359788827305541681e-04	6.684965326196631950e-04	0.000000000000000000e+00	-1.492416088281706615e-05	5.017622872268949355e-04	-1.227119132278237015e-03	1.034278494922665588e-03	-1.652801554204005516e-05	-1.914898625280031259e-03	2.664065263243186980e-03	-4.430626127914025084e-04	1.549146354515813784e-03	-2.653909245134226588e-03	5.959083612687458495e-03	6.564768458713393564e-04	-2.101918186205379603e-03	5.144079972377993198e-04	-8.917939166078832271e-04	2.893676877876745880e-04	-1.625544773727291472e-03	1.776178794486891858e-03	-3.268127354413208861e-03	-4.175091847293721427e-04	2.275740107955482282e-03	-1.017861951277142241e-03	1.676510220376888592e-03	-9.730329637595360208e-04	1.065407423785059114e-03	-1.158723693706022705e-03	1.864315191562860262e-03	-6.989092464493307233e-15	-7.217518813966183108e-04	-2.357894890760598447e-04	2.363777711820349691e-04	4.171904665749661713e-04
-1.809202741244357929e-04	-4.887626983471481286e-04	1.560086950126491723e-04	1.193515290632600478e-03	2.622305584482065299e-15	-2.337461587187051465e-03	1.406255416753409478e-03	6.331074157416339849e-04	-5.824874329781325362e-04	-8.481237880297827015e-05	-1.974902673075332399e-04	6.221156271415893271e-04	2.455612029033526914e-04	-1.285354204828266164e-03	9.060508109544925101e-04	-6.657858927725989406e-05	1.813774214158004575e-04	2.990071393743967947e-04	-7.224644509246984462e-06	-1.168665674841768125e-03	-4.164367566777292182e-04	2.381439801777625147e-03	-1.211671491989596301e-03	2.134203277806906646e-04	1.010695863110440797e-03	4.270541181070992495e-04	-1.185054082362649308e-03	3.240855904867687674e-03	2.961218047802845069e-04	-1.660645291777285582e-03	4.566685101536434766e-04	1.492416088281706615e-05	0.000000000000000000e+00	-2.322441618874282075e-04	4.497672310825942543e-05	3.602330037570398774e-04	7.258852546923016524e-04	-4.822149632473045257e-04	3.404679673466465295e-04	2.687774351257984484e-04	-2.171983579338607195e-03	-8.753973977291001777e-04	2.274382291000788276e-03	-1.755830094024367610e-03	-4.213203962278300446e-04	4.404650397816832832e-04	5.611197376488733044e-04	2.508704619704007783e-04	1.654294965007518069e-03	5.519804966269517858e-04	-1.123012777818667603e-03	2.234634747772155060e-04	4.536819635654614109e-04	1.392228436420873960e-03	-3.486829087417931718e-03	-2.354084846530459332e-04	1.004698888925418133e-03	-2.308500010006337669e-04	5.949684996103174993e-04	3.076491536343157812e-04	-3.263035706328436670e-04	3.799523852752410965e-04	-8.600479043330269344e-04	-1.893517803026448151e-05
-4.886443839980999658e-05	-5.796014773234392471e-04	4.700449597304220614e-04	-5.819612351740148992e-06	-2.455612029042697096e-04	7.080600676992324441e-04	-2.827318165024527677e-04	1.825438984624661184e-04	-7.471732538595686306e-05	-9.717316812529407620e-04	5.751126182242608659e-04	-6.634083830008911356e-05	3.660334296946843313e-16	3.572103299268359093e-04	-1.976177598125084043e-04	7.089818699618561553e-04	-7.647912029176390616e-05	4.166338062106618358e-04	-3.683079829113298110e-04	-1.929609255665882660e-04	1.490137035861167003e-04	-2.668131266498159279e-04	1.065516971738339935e-04	-2.071561901531150489e-04	-2.093582526127559461e-04	-3.351683927864056688e-04	7.094814877297965245e-04	-1.593805631321897325e-04	-4.779811095887315795e-04	2.623258145532994783e-04	1.049758339230101855e-04	-5.017622872268949355e-04	2.322441618874282075e-04	0.000000000000000000e+00	1.654260188624245191e-04	1.353572566685492195e-04	-3.623139938283519287e-05	8.705778889301035543e-05	9.502018848625315732e-05	-2.087238420573849613e-04	1.950746530007902639e-04	-3.196830686683253884e-04	-1.909600747818291408e-04	1.972502543841923644e-04	6.291323502845317609e-04	1.635062620859384580e-04	-4.215876041480871492e-04	5.033959620291774718e-04	-6.554020105365806928e-05	5.202158447391146828e-04	-4.920862034613629693e-04	8.297087547174642158e-05	-2.386501691427686664e-04	-8.701152114901457898e-04	1.040613937115909739e-03	-6.450441066079028434e-04	1.743435258716345758e-04	5.993846320251801363e-04	-4.614007104596698754e-04	1.349826225268370081e-04	-7.569774598900634360e-05	-2.577946872045577906e-04	4.691707067743610782e-04	-5.566159424942236124e-04
-2.170679318417761733e-04	1.350824157338101784e-03	-8.504609623705280345e-04	-6.329893682639504016e-04	4.164367566783023816e-04	-7.225197052076590045e-04	8.446272528654043179e-04	-5.882879574358973289e-04	3.780563461157516059e-04	-9.972117911133079101e-06	6.741025150417228576e-05	-8.518935100243862739e-04	-1.490137035873077506e-04	1.037697558206427013e-03	-5.110862302415844841e-04	-2.741676978044470573e-06	-4.832468847629436693e-05	4.244199356246291946e-04	-1.155089341137760278e-04	2.008538676957577485e-03	3.359373326392023351e-15	-3.832993389564392280e-03	2.112376276230189774e-03	-1.354590189704319662e-03	-4.541895202832917349e-04	-6.367666410062467613e-04	1.288294364712706591e-03	-2.821767087375966036e-03	1.566749971313413745e-04	9.799485836862634018e-04	-4.828363956132785155e-04	1.227119132278237015e-03	-4.497672310825942543e-05	-1.654260188624245191e-04	0.000000000000000000e+00	-7.287495701120192239e-04	-2.555776759581046987e-04	1.495177323443403882e-03	-2.044399309833674905e-03	5.412685303847876526e-04	-6.271816543632074839e-06	1.658217608230244189e-03	-3.978103421817136102e-03	1.021370252031302255e-03	3.826556640716729510e-04	-9.781254362420301746e-04	1.512418180856963269e-03	-8.403465403506054678e-04	2.407982145257889727e-04	-1.474890577825288670e-03	3.401928877268345450e-03	-4.342205603049128452e-04	-1.597504721710065866e-03	1.717914953758344944e-03	-2.861688480619204843e-03	2.631040738415127726e-04	-6.450462197540216512e-04	-2.926009626436694867e-04	9.782896175659043644e-05	-2.208848268489480016e-04	1.424063787792521094e-04	2.552255282253529270e-04	-7.407699526180791007e-04	4.586579800585142801e-04
9.798280476145616240e-05	2.495285642176529048e-04	-8.027953931953905539e-05	-2.533842603209849817e-04	-2.961218047766128562e-04	5.834848114550652502e-04	-4.346809886660137545e-04	-5.756305692970022699e-04	2.185881198375825131e-04	9.384338737235985899e-04	-9.496103994351193494e-04	1.015607987476738368e-03	4.779811095894351183e-04	-8.152940330031301129e-04	2.978898133104364342e-04	-3.644723506094884528e-04	1.651779598896072196e-04	-2.880768848874036515e-04	1.993228094246735408e-04	-5.375296384117382109e-04	-1.566749971297456728e-04	1.424855482878346728e-03	-1.035147368452767579e-03	1.402294207625162398e-03	-2.046818932823928940e-04	1.030952574373470571e-03	-9.147996911526195055e-04	-3.513783341085106697e-04	-1.958475699323503072e-16	1.139289660959088765e-04	3.532929055019026852e-04	-1.034278494922665588e-03	-3.602330037570398774e-04	-1.353572566685492195e-04	7.287495701120192239e-04	0.000000000000000000e+00	-8.946308984249319888e-04	-5.063780891983937164e-04	9.764303034289398796e-04	-8.215533481498623865e-04	4.556092944785124243e-04	-3.248086284478902421e-04	7.371497516777095367e-04	-3.702206836031946566e-04	-2.958867734606237610e-04	4.094448870081411097e-04	-1.122233812928529221e-03	2.672372065209070681e-04	9.614537213929170805e-06	4.030949049799116470e-05	-5.871311163272124704e-04	4.530783654531114453e-04	1.056325909460458651e-03	-4.643548292588069604e-04	5.816137283919098604e-04	3.393108499206197253e-04	-7.119405194823535000e-04	-8.902639189174380973e-04	2.516250704938305469e-03	-5.625740058115034437e-04	-1.375312456774697555e-03	1.188273009844206612e-04	4.300783771298200735e-04	-3.619652578810727325e-04
1.568527645172190039e-04	-6.252327877023025615e-04	4.213416896267639959e-04	1.086296409719868326e-03	-7.258852546909699268e-04	-1.193120231362137119e-03	3.049021825604324447e-04	6.000649692769864521e-04	-6.252327876863505865e-04	2.053691809144385892e-03	-1.402910264368570489e-03	1.771776780739878860e-03	3.623139938382742759e-05	-2.377875095869680031e-03	1.227149606303259846e-03	-1.020831572506007701e-03	4.213416896192725926e-04	-1.402910264363501844e-03	6.272818156932435680e-04	-3.258889205139314446e-03	2.555776759534445809e-04	6.984914236826081368e-03	-3.971610894001044618e-03	1.806641021715180758e-03	1.086296409720247363e-03	1.771776780711917937e-03	-3.258889205118149952e-03	4.115474727802468508e-03	8.946308984200325876e-04	-1.834378896906079578e-03	3.623867403748521070e-04	1.652801554204005516e-05	-7.258852546923016524e-04	3.623139938283519287e-05	2.555776759581046987e-04	8.946308984249319888e-04	0.000000000000000000e+00	-2.658372665190349843e-03	3.846328950730115281e-03	-1.755288051660803920e-04	-1.193120231362056020e-03	-2.377875095862195566e-03	6.984914236801004206e-03	-1.834378896907520482e-03	-2.658372665176030568e-03	7.278473223408135455e-04	-1.785979010023410526e-04	-1.218362632870752103e-04	3.049021825618756262e-04	1.227149606309914463e-03	-3.971610893994762317e-03	3.623867403755758661e-04	3.846328950707520941e-03	-1.785979010006439509e-04	4.166448191061464940e-04	7.500624016925542354e-04	6.000649692635259737e-04	-1.020831572512084003e-03	1.806641021749599190e-03	1.652801553235537860e-05	-1.755288051763079964e-04	-1.218362632915029429e-04	7.500624017112206190e-04	3.333282350379397716e-04
-1.869257099537100549e-04	-1.192572182657145301e-03	2.583075447997205737e-04	1.803590083450579444e-03	4.213203962278195278e-04	-3.743942976619810299e-03	2.338588163609867793e-03	2.337134543069130724e-03	-1.178286877933590370e-03	-2.209698374813161802e-03	1.750709332425906713e-03	-2.216460085103461129e-03	-6.291323502873461329e-04	2.931714110970827557e-04	4.205505895749516885e-04	9.112277011496219999e-04	3.580959515300532428e-05	1.158404566146396288e-03	-3.488841349856490579e-04	5.789060935561508262e-05	-3.826556640758200243e-04	1.533584883607458089e-04	1.219925827794313686e-04	-2.959651786555369223e-03	1.559704079056705925e-03	-1.549707441835711675e-03	2.203151299017054208e-04	4.203901785462539967e-03	2.958867734660208110e-04	-2.026331608108697217e-03	9.842074783713715587e-05	1.914898625280031259e-03	4.822149632473045257e-04	-8.705778889301035543e-05	-1.495177323443403882e-03	5.063780891983937164e-04	2.658372665190349843e-03	0.000000000000000000e+00	-5.142857412945941358e-04	1.980874554496557267e-03	-3.277554624944487016e-03	-1.972510262429534068e-04	7.237476951549990560e-04	-1.325834743580866278e-03	-3.738491721055892114e-15	-4.639164072842922107e-04	2.597219106015003637e-03	-1.136927391336427272e-04	1.736203927909583554e-03	6.671699657443488658e-04	-1.800167974818740139e-04	-4.323427888598250124e-04	-9.248100432134281467e-04	2.601945444702835793e-03	-5.015648147718959615e-03	-1.233889266046891715e-03	2.398036312125714688e-03	1.616207301454798771e-03	-4.535918607387365992e-03	2.101918186211091614e-03	2.331748531485078844e-03	-1.271331505381761940e-04	-1.220827298198935446e-03	4.868361735630390348e-04
1.966557018528455425e-04	1.935490844648582627e-03	-4.191246698062140678e-04	-4.167884110310608042e-03	-4.536819635735534623e-04	8.253285157438162295e-03	-4.827922225425352112e-03	-3.419975739207752746e-03	1.876667112137638416e-03	1.343524220125567100e-03	-1.023094717609505456e-03	1.125893260560213802e-03	2.386501691442219038e-04	1.078382621606200232e-03	-1.342319987347237627e-03	-3.794897737015886889e-04	-2.606725997849997567e-04	-3.747625158752235079e-04	-5.491245688282646656e-04	1.756139096058490249e-03	1.597504721721140341e-03	-2.763864190875100005e-03	1.200058012608509229e-03	2.288800375636926634e-03	-4.210175965183677801e-03	1.165023461650522771e-03	1.939765747369376001e-03	-1.165312310932765591e-02	-1.056325909471762543e-03	5.145956475984848899e-03	-8.684720702754162528e-06	-2.664065263243186980e-03	-3.404679673466465295e-04	-9.502018848625315732e-05	2.044399309833674905e-03	-9.764303034289398796e-04	-3.846328950730115281e-03	5.142857412945941358e-04	0.000000000000000000e+00	-1.945614643491032185e-03	8.026108890549700503e-03	1.396317990270449843e-03	-4.311352635092545460e-03	5.485235002233279297e-03	9.248100432207061791e-04	-1.085406855211312489e-06	-5.537699497543780575e-03	1.472253028567829607e-05	-4.681564552876799068e-03	-1.530711079681397468e-03	2.026547314988330628e-03	-1.914716465237760814e-04	1.857976934197674845e-15	-5.493178627313909622e-03	1.285410258296522043e-02	1.559050422545940704e-03	-3.346574194039475189e-03	-1.055332337601438096e-03	4.086166110985351568e-03	-2.275740107950772941e-03	-2.373682576412864276e-03	-2.851064829359484243e-04	1.968830749395723834e-03	-7.275485592483067971e-04
5.323860475233259133e-04	4.585556486232701147e-05	-3.626752334699000083e-04	7.899100029336084388e-04	3.263035706347162468e-04	-8.126637710096403910e-04	-4.515568945962790924e-04	-1.007145278370447008e-05	-3.299851220947581649e-04	2.258565717830372105e-03	-1.128087943875307614e-03	8.424916923282050815e-04	7.569774598862241406e-05	-1.476872333319932586e-03	7.668790156240602469e-04	-1.179639387288011244e-03	2.162996241080159291e-04	-1.406302969578069424e-03	9.452519112980331626e-04	-1.955876763770340865e-03	-1.424063787756203845e-04	4.454591548593215058e-03	-2.153843188953417052e-03	1.234886472319932874e-03	1.321767581922690974e-03	1.305650165610817374e-03	-3.572794253372966501e-03	3.440275977866065482e-03	1.375312456769762267e-03	-1.286137069391626257e-03	-2.571407760507396154e-04	4.430626127914025084e-04	-2.687774351257984484e-04	2.087238420573849613e-04	-5.412685303847876526e-04	8.215533481498623865e-04	1.755288051660803920e-04	-1.980874554496557267e-03	1.945614643491032185e-03	0.000000000000000000e+00	-3.435897160475522450e-04	-7.272433869723138149e-04	5.164953949002785982e-03	-1.416914985195756593e-03	-2.331748531471377131e-03	4.703734842310009498e-04	-3.959698515369139285e-04	-1.029598327000829034e-03	-5.037220908320012760e-04	5.208676099981821733e-05	-2.206905627559933598e-03	-2.719124286463484724e-07	2.373682576395021344e-03	3.999274237912126342e-04	7.891769173891194714e-04	1.974788370062018246e-03	6.781471035590676093e-04	-1.012203798066823712e-03	4.222967980263024395e-04	7.217518813926889452e-04	-6.265543368421527815e-15	-2.990595929997049611e-04	1.707716399166111642e-04	6.206614726124953622e-04
-8.370589162334530478e-04	-1.174825075587527558e-03	-3.757499809409062860e-04	-1.130239195880850932e-03	2.337461587200182454e-03	1.507501805678157503e-15	1.059960587416362713e-03	2.664904093811660754e-03	-5.692512952738296942e-04	7.485433308488038170e-04	6.473844076658914759e-04	2.064525778703678142e-03	-7.080600676940055054e-04	-1.705207230531626157e-03	1.174158780003029846e-03	-1.411891145417296881e-03	-6.385174390298590293e-04	-4.391938928777939935e-04	-4.611507510797861623e-04	-3.899445193034270073e-04	7.225197052000511579e-04	-1.166348686081715522e-03	2.610775885101253649e-03	1.965444571444748510e-03	-8.400500224440167604e-04	1.282026251661744307e-03	-6.757098060562673376e-04	-1.301830612705789448e-03	-5.834848114424018772e-04	-1.200390790473120653e-04	7.913884372380359990e-04	-1.549146354515813784e-03	2.171983579338607195e-03	-1.950746530007902639e-04	6.271816543632074839e-06	-4.556092944785124243e-04	1.193120231362056020e-03	3.277554624944487016e-03	-8.026108890549700503e-03	3.435897160475522450e-04	0.000000000000000000e+00	-1.291562058926208102e-03	-6.472459950728389746e-04	9.003191786973005657e-05	3.743942976611595516e-03	1.823335066705326956e-04	-2.967330729340353097e-04	2.596405602232984382e-03	9.490704533587676194e-04	1.356946640656160868e-03	1.658251241539405573e-03	7.041432399683732538e-04	-8.253285157440615194e-03	-2.301145168205603734e-04	-7.160072279799314324e-04	-5.012561541488262662e-03	3.245522601358970249e-03	-4.727595510977025250e-04	-5.891858621848964934e-04	-8.765954339582929982e-04	8.126637709989954772e-04	2.586588561428990879e-03	-5.711278617991342316e-03	4.859492833079508351e-04
7.699789867627550766e-06	-1.698712453916720842e-03	1.818320020287955512e-04	-6.521560092223790267e-04	1.285354204826062198e-03	1.705207230544805719e-03	-7.955034137259574950e-04	4.161390791893874314e-03	-7.429185314588402245e-04	-2.232112623044077340e-03	1.735497247697454903e-03	-1.027824575960257234e-03	-3.572103299238298503e-04	3.312942368355331624e-15	1.970003489238305206e-04	1.166646691754251019e-03	-1.877630946029761397e-04	1.058705939912231875e-03	-1.869821081907679830e-05	5.820198885653882865e-05	-1.037697558206939624e-03	3.980949617541162206e-04	7.116593814575442739e-04	-2.889567058200512122e-03	-4.486471697040130381e-04	-2.138614202710630019e-03	1.147996831764541660e-05	-1.378129320516607685e-03	8.152940330022147210e-04	5.121789157772095591e-04	-1.890472521518827013e-04	2.653909245134226588e-03	8.753973977291001777e-04	3.196830686683253884e-04	-1.658217608230244189e-03	3.248086284478902421e-04	2.377875095862195566e-03	1.972510262429534068e-04	-1.396317990270449843e-03	7.272433869723138149e-04	1.291562058926208102e-03	0.000000000000000000e+00	1.012103888765029762e-03	6.615638748935099558e-04	-2.931714110990846266e-04	5.290459495022459399e-04	-7.252970059045361559e-04	-1.643888654374010090e-04	-9.154092039030278750e-04	9.211767272845094220e-04	-5.889769639671105141e-04	1.047659073024625347e-04	-1.078382621604179279e-03	-1.951867546878664240e-03	2.234301525550180800e-03	-2.164324518527071563e-03	2.361389902140972798e-03	1.628291377279250402e-03	-3.513403040921537004e-03	1.029661553002803997e-03	1.476872333313734853e-03	2.133927914750857941e-04	-1.650408218408514057e-03	-4.204277342673900728e-04
-2.811100359779455005e-04	3.663634894673420232e-03	-5.026978304214261509e-04	-9.483998456921309593e-04	-2.381439801765672035e-03	1.166348686069921788e-03	-2.478772694220116903e-04	-8.263995672300874368e-03	2.687827717038758502e-03	6.047397872316605597e-03	-3.804667292241423193e-03	4.419971101520642556e-03	2.668131266489835859e-04	-3.980949617656231836e-04	-8.250699704811584323e-04	-3.567179511509370633e-03	-1.167589660027527876e-04	-3.711601820993357635e-03	-7.345999996854503649e-05	-1.380812849302301155e-03	3.832993389553952281e-03	1.648655441766760932e-14	-1.450366065921661167e-03	1.073233705294594428e-02	-8.000817460326223015e-04	6.059865653726391813e-03	-1.097226287325501690e-03	-2.278595125893703895e-03	-1.424855482875456028e-03	6.856113705337681975e-04	2.941831762379624278e-04	-5.959083612687458495e-03	-2.274382291000788276e-03	1.909600747818291408e-04	3.978103421817136102e-03	-7.371497516777095367e-04	-6.984914236801004206e-03	-7.237476951549990560e-04	4.311352635092545460e-03	-5.164953949002785982e-03	6.472459950728389746e-04	-1.012103888765029762e-03	0.000000000000000000e+00	3.869480708829223844e-04	-1.533584883536164749e-04	2.453162137437810099e-04	-9.001473508939763233e-04	4.193490943459775495e-04	3.284710837641874738e-04	-1.441159341950541250e-03	1.301742908969408306e-04	7.316317138326520076e-04	2.763864190864242371e-03	-1.232348028094264192e-03	1.225955935029698560e-03	4.364798010994154834e-03	-6.330187262380229662e-03	-3.835928319159988102e-03	1.020274281322914797e-02	-4.081529189096799390e-03	-4.454591548575519144e-03	-1.587847432563599176e-05	3.675886791964042694e-03	-6.328032681088434277e-04
6.029203852536870866e-04	-6.251776882095052071e-04	-4.609269263753926942e-04	3.210952857731700760e-04	1.660645291786419769e-03	1.200390790467888158e-04	-1.178945836277230444e-03	1.781933416102415412e-03	2.594941898244961073e-04	-9.185912442667015527e-04	1.541895964029039263e-03	8.605788508802253000e-04	-2.623258145547514961e-04	-5.121789157693497439e-04	5.818621247457304624e-05	4.905880336153471862e-04	-9.757815380446665469e-04	1.008245579945948097e-03	-3.484646087403127585e-04	-6.484106763578187990e-04	-9.799485836833531863e-04	-6.856113705383928619e-04	2.874985923719229619e-03	-2.666559464138790973e-03	1.123297621398848273e-03	7.983571697246506478e-04	-7.725381435228251574e-04	7.792267894938813451e-04	-1.139289660878265017e-04	-1.027417083701576139e-16	-8.121245034149009168e-04	-6.564768458713393564e-04	1.755830094024367610e-03	-1.972502543841923644e-04	-1.021370252031302255e-03	3.702206836031946566e-04	1.834378896907520482e-03	1.325834743580866278e-03	-5.485235002233279297e-03	1.416914985195756593e-03	-9.003191786973005657e-05	-6.615638748935099558e-04	-3.869480708829223844e-04	0.000000000000000000e+00	2.026331608104652276e-03	-1.002735526454663975e-05	-6.565209530917225783e-05	1.326062245620120844e-03	-7.361552540186299710e-04	7.142701016389207264e-04	1.426659471307807712e-03	-1.684158366961137528e-04	-5.145956475990505832e-03	-3.092202211126460665e-04	1.970495136799589944e-03	-2.862113037499827792e-03	1.915354569706557292e-03	4.182325897772595715e-04	-2.902171658645717224e-03	6.359788827198246865e-04	1.286137069389260094e-03	8.299813228685316412e-04	-3.005141702135406909e-03	3.355712915819987832e-04
-1.869257099533952297e-04	-1.178286877930629414e-03	3.580959515298349116e-05	1.559704079057065229e-03	4.822149632420914649e-04	-3.277554624940937772e-03	1.736203927904952492e-03	2.398036312111286560e-03	-1.192572182657726434e-03	-2.209698374802105542e-03	1.158404566142433095e-03	-1.549707441837054351e-03	-8.705778889388129504e-05	-1.972510262418552727e-04	6.671699657465495793e-04	1.616207301446553847e-03	2.583075448009083713e-04	1.750709332415317961e-03	-3.488841349840489923e-04	2.203151299110089325e-04	-1.495177323435488556e-03	7.237476951412217738e-04	-1.800167974775339526e-04	-4.535918607361240189e-03	1.803590083445823482e-03	-2.216460085105113886e-03	5.789060935811159365e-05	4.203901785458400917e-03	5.063780891969328624e-04	-1.325834743577015192e-03	-4.323427888618703056e-04	2.101918186205379603e-03	4.213203962278300446e-04	-6.291323502845317609e-04	-3.826556640716729510e-04	2.958867734606237610e-04	2.658372665176030568e-03	3.738491721055892114e-15	-9.248100432207061791e-04	2.331748531471377131e-03	-3.743942976611595516e-03	2.931714110990846266e-04	1.533584883536164749e-04	-2.026331608104652276e-03	0.000000000000000000e+00	-4.639164072855318875e-04	2.601945444701047726e-03	-1.271331505374953151e-04	2.338588163605347971e-03	4.205505895721583500e-04	1.219925827856443621e-04	9.842074783481579770e-05	-5.142857412928909626e-04	2.597219106013084165e-03	-5.015648147709755172e-03	-1.220827298195067447e-03	2.337134543071561939e-03	9.112277011468648737e-04	-2.959651786541072499e-03	1.914898625273105375e-03	1.980874554485752975e-03	-1.136927391269939658e-04	-1.233889266058274970e-03	4.868361735574635793e-04
-9.164887696415697929e-04	-2.541718569199657345e-04	3.895339567440260845e-04	-1.258828976052163168e-03	-4.404650397835529899e-04	-1.823335066708636754e-04	1.207373924386344246e-03	-5.153944643270842339e-05	-2.541718569184026402e-04	1.063459297293580918e-03	-8.402962748648840335e-04	1.623542240374402628e-04	-1.635062620828949941e-04	-5.290459495012982388e-04	5.217384548236155082e-04	-9.367274172117148745e-04	3.895339567425232718e-04	-8.402962748599642493e-04	-9.506715089861465166e-05	6.129950326900250254e-04	9.781254362368708901e-04	-2.453162137462868179e-04	-4.713695122755999435e-04	2.374449610557091694e-03	-1.258828976054222719e-03	1.623542240381345859e-04	6.129950326892465683e-04	-1.909729414081172763e-03	-4.094448870100167253e-04	1.002735526443517022e-05	7.447004390493030396e-04	-5.144079972377993198e-04	-4.404650397816832832e-04	-1.635062620859384580e-04	9.781254362420301746e-04	-4.094448870081411097e-04	-7.278473223408135455e-04	4.639164072842922107e-04	1.085406855211312489e-06	-4.703734842310009498e-04	-1.823335066705326956e-04	-5.290459495022459399e-04	-2.453162137437810099e-04	1.002735526454663975e-05	4.639164072855318875e-04	0.000000000000000000e+00	2.754554830823821186e-04	6.120934344888654278e-04	1.207373924388013484e-03	5.217384548249571000e-04	-4.713695122798418303e-04	7.447004390493312288e-04	1.085406857954045829e-06	2.754554830809576938e-04	-1.994417259696258486e-03	-7.648303869067696239e-04	-5.153944642886891113e-05	-9.367274172151566743e-04	2.374449610567196025e-03	-5.144079972318928032e-04	-4.703734842335388503e-04	6.120934344872291499e-04	-7.648303869089199221e-04	2.601157810162310711e-04
1.481890243933451593e-03	5.745969829850589364e-04	2.217437255361157729e-04	2.386243242663392550e-03	-1.392228436426682682e-03	2.301145168194709400e-04	-1.711723575852218621e-03	-1.513003982382670615e-03	4.555226666071638709e-04	-2.756405411757313108e-03	8.678463629854704826e-04	-1.362764763740829509e-03	8.701152114821476304e-04	1.951867546867531653e-03	-1.398775084354106270e-03	3.024880357597079308e-03	-1.786953286288045983e-04	1.687714919564303057e-03	4.081338527309674117e-04	-1.283639350309116614e-03	-1.717914953749061138e-03	1.232348028104700288e-03	-1.546205117307142014e-03	-4.888963530818439193e-03	1.806469532656659448e-03	-8.123480822005606575e-04	1.308382398322672558e-04	3.217616183821888666e-03	4.643548292539278880e-04	3.092202211168213833e-04	-1.197581757234698636e-03	8.917939166078832271e-04	-5.611197376488733044e-04	4.215876041480871492e-04	-1.512418180856963269e-03	1.122233812928529221e-03	1.785979010023410526e-04	-2.597219106015003637e-03	5.537699497543780575e-03	3.959698515369139285e-04	2.967330729340353097e-04	7.252970059045361559e-04	9.001473508939763233e-04	6.565209530917225783e-05	-2.601945444701047726e-03	-2.754554830823821186e-04	0.000000000000000000e+00	-1.717903615274629647e-03	-1.907762883341804347e-03	-7.611661160735208815e-04	-1.223617578245315540e-03	-1.477977749382607077e-03	5.493178627314220137e-03	2.427244061124766983e-15	2.185318143037209143e-03	3.386586926986845814e-03	-1.953944392502993642e-03	2.093481710912707509e-03	-2.692387671663269352e-03	1.017861951274201884e-03	-3.999274237766442096e-04	-2.507594734043563055e-03	5.330242627574695129e-03	-1.305208116068519138e-03
-1.644641681152804479e-04	3.084037952871008311e-04	1.644113917482601284e-04	1.081605316654964859e-03	-3.799523852758595254e-04	-2.586588561431108976e-03	1.333751325289334521e-03	-9.107778995806365286e-04	-4.894219648683721322e-04	-6.666380149723759286e-05	-3.231029242993200493e-04	-2.507996200435523722e-04	2.577946872016292522e-04	-2.133927914799888274e-04	5.528104039485832837e-04	2.932145952505419741e-04	5.429356167484687343e-04	4.555573420236828019e-04	-3.625961213749061339e-04	5.298277917268421483e-04	-2.552255282193840145e-04	1.587847432212951930e-05	-8.308899366168486606e-04	-1.109706610131694100e-03	1.094108775783920930e-03	6.126090127333961677e-05	3.316225033381069295e-04	2.753757122847619136e-03	-1.188273009827278285e-04	-8.299813228681778661e-04	-1.495460282281156671e-04	-2.893676877876745880e-04	-2.508704619704007783e-04	-5.033959620291774718e-04	8.403465403506054678e-04	-2.672372065209070681e-04	1.218362632870752103e-04	1.136927391336427272e-04	-1.472253028567829607e-05	1.029598327000829034e-03	-2.596405602232984382e-03	1.643888654374010090e-04	-4.193490943459775495e-04	-1.326062245620120844e-03	1.271331505374953151e-04	-6.120934344888654278e-04	1.717903615274629647e-03	0.000000000000000000e+00	1.775623393116185049e-03	-2.872737313010700465e-04	4.563498206716697179e-05	-2.573585449624615079e-06	2.851064829355097561e-04	2.507594734046937526e-03	-3.731723638094222584e-03	5.697892447043071806e-04	1.970031442396113683e-04	-3.231634431782306680e-04	1.783888124010666123e-04	2.357894890670494199e-04	2.990595929970463348e-04	4.702028968007337939e-15	-1.670055266965511914e-04	6.892827261695342721e-04
4.956219151524931914e-04	1.031855451358504750e-03	-5.466234134785960487e-05	1.048367685360650963e-03	-1.406255416761026215e-03	-1.059960587415399291e-03	-5.998348519276053281e-16	-1.453430809766124293e-03	3.526896054330113934e-04	-2.617690051116593371e-03	9.658748231877634267e-04	-1.244029837145393816e-03	2.827318164971131804e-04	7.955034137212576954e-04	-6.852604355521237003e-04	2.289433706726578741e-03	4.928197844816118584e-04	1.471202306399957286e-03	-1.851045194988371859e-04	7.350816350220068258e-04	-8.446272528551820261e-04	2.478772694290149858e-04	-1.195975930694291329e-03	-3.785905691846146778e-03	9.603407323708677921e-04	-8.779003796813274283e-04	5.965011570287540813e-04	-3.487344807638220485e-04	4.346809886587217359e-04	1.178945836284986393e-03	-1.335186619719423706e-03	1.625544773727291472e-03	-1.654294965007518069e-03	6.554020105365806928e-05	-2.407982145257889727e-04	-9.614537213929170805e-06	-3.049021825618756262e-04	-1.736203927909583554e-03	4.681564552876799068e-03	5.037220908320012760e-04	-9.490704533587676194e-04	9.154092039030278750e-04	-3.284710837641874738e-04	7.361552540186299710e-04	-2.338588163605347971e-03	-1.207373924388013484e-03	1.907762883341804347e-03	-1.775623393116185049e-03	0.000000000000000000e+00	-1.198289742538204920e-03	2.931941919269366766e-05	-9.490606396233134583e-04	4.827922225426693054e-03	1.711723575854117926e-03	-1.935176978024203331e-03	3.080286544420868418e-03	-1.887779759372198171e-03	1.896938962161366779e-03	-2.406123919830192512e-03	5.293150921438450002e-04	4.515568946048188650e-04	-1.333751325290985328e-03	3.019468267878720052e-03	-5.462709128545956919e-04
-1.778359787298664061e-04	7.788709699559830200e-04	2.648643482419848810e-05	2.302920656011520030e-04	-9.060508109532735416e-04	-1.174158780004723804e-03	6.852604355503790021e-04	-1.958933257852050851e-03	2.617116234642284612e-04	1.512582759704503461e-03	-1.284732815729310506e-03	1.291942675876359570e-03	1.976177598107058369e-04	-1.970003489284035227e-04	-4.851127095514828902e-16	-6.650490579601644678e-04	2.412338111958536391e-04	-6.551223552958298189e-04	3.812677858370683173e-05	-5.436513106006671779e-04	5.110862302478398969e-04	8.250699704829271997e-04	-1.237376867326674124e-03	1.481703996397160973e-03	2.743743291733800405e-04	2.168121043912655047e-03	-1.032324451255089981e-03	7.519653175391698184e-04	-2.978898133109578270e-04	-5.818621247492861712e-05	1.097999303808180113e-04	-1.776178794486891858e-03	-5.519804966269517858e-04	-5.202158447391146828e-04	1.474890577825288670e-03	-4.030949049799116470e-05	-1.227149606309914463e-03	-6.671699657443488658e-04	1.530711079681397468e-03	-5.208676099981821733e-05	-1.356946640656160868e-03	-9.211767272845094220e-04	1.441159341950541250e-03	-7.142701016389207264e-04	-4.205505895721583500e-04	-5.217384548249571000e-04	7.611661160735208815e-04	2.872737313010700465e-04	1.198289742538204920e-03	0.000000000000000000e+00	-7.204876799304511499e-04	3.515138613657982618e-04	1.342319987345723647e-03	1.398775084355855305e-03	-1.795167572563599037e-03	8.697753074194557090e-04	-9.589621288990006834e-04	-1.276972611061193532e-03	2.568377437828151498e-03	-5.673245225593861888e-04	-7.668790156282172948e-04	-5.528104039438034700e-04	1.603188847133423488e-03	3.905521061815943437e-04
4.466195274170183579e-04	-2.056170233727826549e-03	3.149000992663565928e-04	1.945217552305222994e-03	1.211671491985178827e-03	-2.610775885107274874e-03	1.195975930699494198e-03	4.580940016758038025e-03	-1.890179600766035087e-03	-2.590849311569876773e-03	1.769758031494107851e-03	-3.005869264185437838e-03	-1.065516971721836074e-04	-7.116593814525801458e-04	1.237376867329135263e-03	1.222031370419695943e-03	2.311193312695828447e-04	1.465937139772608257e-03	5.766166641912142451e-04	2.624022187511127228e-04	-2.112376276230713661e-03	1.450366065906855302e-03	2.533997317533120963e-15	-4.770066666927042995e-03	1.498615810929335851e-03	-3.447648180869577767e-03	4.790266447692697314e-04	4.915809313346989132e-03	1.035147368455852784e-03	-2.874985923728266227e-03	3.541306735326046613e-04	3.268127354413208861e-03	1.123012777818667603e-03	4.920862034613629693e-04	-3.401928877268345450e-03	5.871311163272124704e-04	3.971610893994762317e-03	1.800167974818740139e-04	-2.026547314988330628e-03	2.206905627559933598e-03	-1.658251241539405573e-03	5.889769639671105141e-04	-1.301742908969408306e-04	-1.426659471307807712e-03	-1.219925827856443621e-04	4.713695122798418303e-04	1.223617578245315540e-03	-4.563498206716697179e-05	-2.931941919269366766e-05	7.204876799304511499e-04	0.000000000000000000e+00	-8.509860729008528624e-04	-1.200058012602978714e-03	1.546205117309221513e-03	-3.401466960019377921e-03	-2.424758263412405985e-03	3.642511950250399387e-03	1.908680502078558905e-03	-5.338762960584334666e-03	2.317458935538913370e-03	2.153843188951290281e-03	8.308899366201842086e-04	-3.199381217310094672e-03	3.752528531132234748e-04
-5.172132800894686366e-04	5.253521028136053745e-04	-2.238176593299826076e-05	-1.442883067665906571e-04	-4.566685101568655086e-04	-7.913884372371573616e-04	1.335186619715703375e-03	-7.204896798231662865e-05	-1.435338132419866337e-04	-1.663869120152876475e-05	-3.891673843921878350e-04	2.657629789964402380e-05	-1.049758339204506552e-04	1.890472521534029967e-04	-1.097999303814324015e-04	1.886123162356500009e-04	2.300577869710838767e-04	-1.627859969314734978e-05	-8.635236442083182471e-05	1.603959483185035564e-04	4.828363956113313968e-04	-2.941831762407361422e-04	-3.541306735300330964e-04	1.027109861688540408e-04	-6.977749360259908381e-04	7.391419966816439174e-05	9.023584754821465173e-04	-1.376340774668212375e-03	-3.532929055053243188e-04	8.121245034177467306e-04	1.035142024180535358e-16	4.175091847293721427e-04	-2.234634747772155060e-04	-8.297087547174642158e-05	4.342205603049128452e-04	-4.530783654531114453e-04	-3.623867403755758661e-04	4.323427888598250124e-04	1.914716465237760814e-04	2.719124286463484724e-07	-7.041432399683732538e-04	-1.047659073024625347e-04	-7.316317138326520076e-04	1.684158366961137528e-04	-9.842074783481579770e-05	-7.447004390493312288e-04	1.477977749382607077e-03	2.573585449624615079e-06	9.490606396233134583e-04	-3.515138613657982618e-04	8.509860729008528624e-04	0.000000000000000000e+00	8.684720701360203795e-06	1.197581757232619353e-03	-2.983613933514609341e-03	-4.785118197064163370e-04	-3.857519609082713419e-04	-2.295753391553601377e-06	3.768126861133805437e-04	-6.684965326162368993e-04	2.571407760462500426e-04	1.495460282269003849e-04	3.011856740069091334e-04	8.322448009484465870e-05
1.966557018530205869e-04	1.876667112136804448e-03	-2.606725997839089951e-04	-4.210175965190632308e-03	-3.404679673440645562e-04	8.026108890559192910e-03	-4.681564552879830497e-03	-3.346574194032469075e-03	1.935490844643470831e-03	1.343524220105089123e-03	-3.747625158649611006e-04	1.165023461645588567e-03	-9.502018848699312530e-05	1.396317990269414864e-03	-1.530711079682525472e-03	-1.055332337591182194e-03	-4.191246698090369508e-04	-1.023094717597902974e-03	-5.491245688294119683e-04	1.939765747353826807e-03	2.044399309825299660e-03	-4.311352635072226644e-03	2.026547314984106576e-03	4.086166110955866473e-03	-4.167884110315457462e-03	1.125893260562922139e-03	1.756139096059075502e-03	-1.165312310935106080e-02	-9.764303034308866730e-04	5.485235002243816008e-03	-1.914716465241943937e-04	-2.275740107955482282e-03	-4.536819635654614109e-04	2.386501691427686664e-04	1.597504721710065866e-03	-1.056325909460458651e-03	-3.846328950707520941e-03	9.248100432134281467e-04	-1.857976934197674845e-15	-2.373682576395021344e-03	8.253285157440615194e-03	1.078382621604179279e-03	-2.763864190864242371e-03	5.145956475990505832e-03	5.142857412928909626e-04	-1.085406857954045829e-06	-5.493178627314220137e-03	-2.851064829355097561e-04	-4.827922225426693054e-03	-1.342319987345723647e-03	1.200058012602978714e-03	-8.684720701360203795e-06	0.000000000000000000e+00	-5.537699497548347234e-03	1.285410258297210555e-02	1.968830749395408981e-03	-3.419975739196384236e-03	-3.794897736926972553e-04	2.288800375611355943e-03	-2.664065263220529757e-03	-1.945614643477760900e-03	1.472253027513326443e-05	1.559050422557358654e-03	-7.275485592433976380e-04
1.481890243934825060e-03	4.555226666029928910e-04	-1.786953286249917303e-04	1.806469532655430614e-03	-5.611197376511469848e-04	2.967330729366953997e-04	-1.907762883343086741e-03	-1.953944392504292082e-03	5.745969829868684698e-04	-2.756405411757516070e-03	1.687714919576012657e-03	-8.123480821823622156e-04	4.215876041398401112e-04	7.252970058942635571e-04	-7.611661160716750273e-04	2.093481710904217773e-03	2.217437255314337542e-04	8.678463629745618909e-04	4.081338527290572643e-04	1.308382398148545895e-04	-1.512418180843421150e-03	9.001473509099388150e-04	-1.223617578248301649e-03	-2.692387671631877363e-03	2.386243242670015724e-03	-1.362764763756419036e-03	-1.283639350300238083e-03	3.217616183830383173e-03	1.122233812926381200e-03	6.565209531019827900e-05	-1.477977749386152851e-03	1.017861951277142241e-03	-1.392228436420873960e-03	8.701152114901457898e-04	-1.717914953758344944e-03	4.643548292588069604e-04	1.785979010006439509e-04	-2.601945444702835793e-03	5.493178627313909622e-03	-3.999274237912126342e-04	2.301145168205603734e-04	1.951867546878664240e-03	1.232348028094264192e-03	3.092202211126460665e-04	-2.597219106013084165e-03	-2.754554830809576938e-04	-2.427244061124766983e-15	-2.507594734046937526e-03	-1.711723575854117926e-03	-1.398775084355855305e-03	-1.546205117309221513e-03	-1.197581757232619353e-03	5.537699497548347234e-03	0.000000000000000000e+00	2.185318143042766764e-03	5.330242627579408372e-03	-1.513003982376864929e-03	3.024880357602514197e-03	-4.888963530844154734e-03	8.917939166040391883e-04	3.959698515495316566e-04	-1.717903615272439559e-03	3.386586926987417406e-03	-1.305208116066482356e-03
-2.159076737347623287e-03	-8.540942605555334327e-04	-8.624749612325260939e-04	-3.601182019284523278e-03	3.486829087431601339e-03	7.160072279765578290e-04	1.935176978024436435e-03	4.119567787189418878e-03	-8.540942605676487415e-04	9.251893339042440573e-03	-4.448807163807104101e-03	2.994018981575965674e-03	-1.040613937096266381e-03	-2.234301525529580959e-03	1.795167572563636984e-03	-7.462454465218279140e-03	-8.624749612176989787e-04	-4.448807163776824503e-03	4.280726261363645892e-04	-9.028669780884329438e-04	2.861688480591815728e-03	-1.225955935054860507e-03	3.401466960011796312e-03	1.008598166556535711e-02	-3.601182019293703435e-03	2.994018981616647541e-03	-9.028669781244968691e-04	-2.600064228138508106e-03	-5.816137283771900812e-04	-1.970495136810362577e-03	2.983613933522177072e-03	-1.676510220376888592e-03	3.486829087417931718e-03	-1.040613937115909739e-03	2.861688480619204843e-03	-5.816137283919098604e-04	-4.166448191061464940e-04	5.015648147718959615e-03	-1.285410258296522043e-02	-7.891769173891194714e-04	7.160072279799314324e-04	-2.234301525550180800e-03	-1.225955935029698560e-03	-1.970495136799589944e-03	5.015648147709755172e-03	1.994417259696258486e-03	-2.185318143037209143e-03	3.731723638094222584e-03	1.935176978024203331e-03	1.795167572563599037e-03	3.401466960019377921e-03	2.983613933514609341e-03	-1.285410258297210555e-02	-2.185318143042766764e-03	0.000000000000000000e+00	-8.376254043260504198e-03	4.119567787178110216e-03	-7.462454465239314397e-03	1.008598166565061877e-02	-1.676510220377885191e-03	-7.891769174250568702e-04	3.731723638092905929e-03	-8.376254043257570781e-03	3.300852264322555116e-03
2.367093135114800280e-04	9.372994551611711221e-06	-5.391980206182187853e-04	-2.596319294237869023e-03	8.600479043302828187e-04	5.711278617998340190e-03	-3.019468267878306755e-03	4.503600523220550184e-04	1.308358178008073042e-03	-1.549042325509143551e-03	1.715825635694616554e-03	-1.541311242815446422e-03	-4.691707067704683045e-04	1.650408218414975035e-03	-1.603188847131919916e-03	5.838522407297336118e-04	-8.684697088887491020e-04	4.846766514584795204e-04	-7.301805232379140207e-04	1.643534285433555578e-03	7.407699526045156231e-04	-3.675886791951587379e-03	3.199381217295972288e-03	5.892728284171285750e-04	-1.984674930510370652e-03	-2.794870709773611926e-03	2.261822184813591652e-03	-6.541757986534465705e-03	-4.300783771321933921e-04	3.005141702144609184e-03	-3.011856740077281398e-04	9.730329637595360208e-04	2.354084846530459332e-04	6.450441066079028434e-04	-2.631040738415127726e-04	-3.393108499206197253e-04	-7.500624016925542354e-04	1.233889266046891715e-03	-1.559050422545940704e-03	-1.974788370062018246e-03	5.012561541488262662e-03	2.164324518527071563e-03	-4.364798010994154834e-03	2.862113037499827792e-03	1.220827298195067447e-03	7.648303869067696239e-04	-3.386586926986845814e-03	-5.697892447043071806e-04	-3.080286544420868418e-03	-8.697753074194557090e-04	2.424758263412405985e-03	4.785118197064163370e-04	-1.968830749395408981e-03	-5.330242627579408372e-03	8.376254043260504198e-03	0.000000000000000000e+00	-1.668831787269520802e-03	1.296169381587948966e-03	-1.347447808490397341e-03	-2.363777711457352027e-04	-1.707716399086456663e-04	1.670055266808720830e-04	4.646998931490120555e-15	-1.421318446155340077e-03
-1.879193793808457095e-04	-2.789667420000170508e-04	3.837263485499266919e-04	1.020228501583361411e-03	-6.331074157306094919e-04	-2.664904093800464849e-03	1.453430809758419952e-03	2.016079360747657923e-14	-5.042013555917650917e-05	2.800376250024457121e-03	-1.760571123929303506e-03	4.314304076961272133e-03	-1.825438984663472911e-04	-4.161390791902959060e-03	1.958933257854158540e-03	-2.001136003671115209e-03	4.940803494858248684e-04	-1.498111782827346236e-03	5.736346696783453875e-04	-3.948315709919930118e-03	5.882879574302592608e-04	8.263995672338007858e-03	-4.580940016774072074e-03	3.603090380538332381e-03	1.346421686947507548e-03	3.014068279362774189e-03	-3.025200322855316291e-03	3.607245021998067673e-03	5.756305693074777229e-04	-1.781933416091370428e-03	7.204896797905282774e-05	-1.065407423785059114e-03	-1.004698888925418133e-03	-1.743435258716345758e-04	6.450462197540216512e-04	7.119405194823535000e-04	-6.000649692635259737e-04	-2.398036312125714688e-03	3.346574194039475189e-03	-6.781471035590676093e-04	-3.245522601358970249e-03	-2.361389902140972798e-03	6.330187262380229662e-03	-1.915354569706557292e-03	-2.337134543071561939e-03	5.153944642886891113e-05	1.953944392502993642e-03	-1.970031442396113683e-04	1.887779759372198171e-03	9.589621288990006834e-04	-3.642511950250399387e-03	3.857519609082713419e-04	3.419975739196384236e-03	1.513003982376864929e-03	-4.119567787178110216e-03	1.668831787269520802e-03	0.000000000000000000e+00	-2.130026293877868362e-03	3.329310352552145719e-03	-1.124075003669816608e-03	1.007145279447786181e-05	9.107778995761091172e-04	-4.503600523221823037e-04	1.033262376273126441e-03
7.764016048362907749e-04	-1.276579643284965569e-03	4.867364780867324036e-04	8.561200336361060896e-04	6.657858927606405972e-05	1.411891145419749997e-03	-2.289433706731695307e-03	2.001136003672592326e-03	-6.314673446422392573e-04	-9.825851658232724432e-04	1.362639604679644154e-03	-1.564776361091692986e-04	-7.089818699590184729e-04	-1.166646691756451949e-03	6.650490579541046450e-04	7.372696745645834770e-15	1.993608791662801840e-05	1.504318175060190017e-03	-9.631358623876577589e-04	-1.329729105489579292e-03	2.741676970075693025e-06	3.567179511521805131e-03	-1.222031370419204149e-03	-1.991748028158145736e-03	7.631537068497518290e-04	-8.030375713932577306e-04	-5.699275494019916946e-04	2.233218701902861709e-03	3.644723506081129797e-04	-4.905880336176865692e-04	-1.886123162318117897e-04	1.158723693706022705e-03	2.308500010006337669e-04	-5.993846320251801363e-04	2.926009626436694867e-04	8.902639189174380973e-04	1.020831572512084003e-03	-1.616207301454798771e-03	1.055332337601438096e-03	1.012203798066823712e-03	4.727595510977025250e-04	-1.628291377279250402e-03	3.835928319159988102e-03	-4.182325897772595715e-04	-9.112277011468648737e-04	9.367274172151566743e-04	-2.093481710912707509e-03	3.231634431782306680e-04	-1.896938962161366779e-03	1.276972611061193532e-03	-1.908680502078558905e-03	2.295753391553601377e-06	3.794897736926972553e-04	-3.024880357602514197e-03	7.462454465239314397e-03	-1.296169381587948966e-03	2.130026293877868362e-03	0.000000000000000000e+00	-1.009176910484762320e-03	1.847814594762201001e-03	1.179639387283496627e-03	-2.932145952551326487e-04	-5.838522407163910946e-04	5.497274238486673896e-04
-1.561010687244057497e-03	2.377127197127460768e-03	-8.962812350085031833e-04	-2.572140813689293565e-03	-2.134203277817066434e-04	-1.965444571465278095e-03	3.785905691879238363e-03	-3.603090380553850350e-03	1.048880881516956950e-03	-1.356212024338690220e-03	3.708034194282621484e-04	-1.860261058620455918e-03	2.071561901467988936e-04	2.889567058203288547e-03	-1.481703996380778245e-03	1.991748028115641542e-03	1.183243920631183810e-04	-4.987286430074385673e-04	-1.883140793345737139e-04	5.619380960792211624e-03	1.354590189735156757e-03	-1.073233705297958404e-02	4.770066666926477475e-03	5.108718623917513080e-14	-1.654731220969463644e-03	1.173769128860242968e-04	3.349813854332700600e-03	-7.258784304812086058e-03	-1.402294207620296499e-03	2.666559464138157365e-03	-1.027109861670307380e-04	-1.864315191562860262e-03	-5.949684996103174993e-04	4.614007104596698754e-04	-9.782896175659043644e-05	-2.516250704938305469e-03	-1.806641021749599190e-03	4.535918607387365992e-03	-4.086166110985351568e-03	-4.222967980263024395e-04	5.891858621848964934e-04	3.513403040921537004e-03	-1.020274281322914797e-02	2.902171658645717224e-03	2.959651786541072499e-03	-2.374449610567196025e-03	2.692387671663269352e-03	-1.783888124010666123e-04	2.406123919830192512e-03	-2.568377437828151498e-03	5.338762960584334666e-03	-3.768126861133805437e-04	-2.288800375611355943e-03	4.888963530844154734e-03	-1.008598166565061877e-02	1.347447808490397341e-03	-3.329310352552145719e-03	1.009176910484762320e-03	0.000000000000000000e+00	-2.451416499628500997e-03	-1.234886472324522085e-03	1.109706610147254136e-03	-5.892728284521368126e-04	-1.293228572741113216e-03
3.162160102650479494e-04	-8.598927830263253247e-05	-2.573849414593267176e-04	-8.710020959017125220e-04	-1.492416087297066050e-05	1.549146354519827067e-03	-1.625544773729148493e-03	1.065407423824254757e-03	-5.112251975649176848e-04	2.259055204715430636e-03	-1.683739501797781781e-03	1.902091373285976200e-03	5.017622872272432897e-04	-2.653909245135615234e-03	1.776178794480808617e-03	-1.158723693699546982e-03	2.195358958273163847e-04	-1.092328794965798967e-03	1.179618091311620490e-03	-2.336565419581669405e-03	-1.227119132288144888e-03	5.959083612699810593e-03	-3.268127354405836286e-03	1.864315191543520047e-03	-1.645359192889931505e-04	1.743226426586840351e-03	-2.834093801983876212e-03	-1.149832123801950833e-03	1.034278494924170677e-03	6.564768458782394359e-04	-4.175091847324804420e-04	6.989092464493307233e-15	-3.076491536343157812e-04	-1.349826225268370081e-04	2.208848268489480016e-04	5.625740058115034437e-04	-1.652801553235537860e-05	-2.101918186211091614e-03	2.275740107950772941e-03	-7.217518813926889452e-04	8.765954339582929982e-04	-1.029661553002803997e-03	4.081529189096799390e-03	-6.359788827198246865e-04	-1.914898625273105375e-03	5.144079972318928032e-04	-1.017861951274201884e-03	-2.357894890670494199e-04	-5.293150921438450002e-04	5.673245225593861888e-04	-2.317458935538913370e-03	6.684965326162368993e-04	2.664065263220529757e-03	-8.917939166040391883e-04	1.676510220377885191e-03	2.363777711457352027e-04	1.124075003669816608e-03	-1.847814594762201001e-03	2.451416499628500997e-03	0.000000000000000000e+00	-4.430626127885323000e-04	2.893676877855735127e-04	-9.730329637571393919e-04	4.171904665719873258e-04
5.323860475250823208e-04	-3.299851221070294362e-04	2.162996241135349790e-04	1.321767581915699822e-03	-2.687774351244769143e-04	-3.435897160353539948e-04	-5.037220908457165419e-04	6.781471035663974665e-04	4.585556487489639765e-05	2.258565717819350539e-03	-1.406302969575462568e-03	1.305650165628693266e-03	2.087238420595262877e-04	-7.272433869768279990e-04	5.208676099382984347e-05	-1.012203798053826513e-03	-3.626752334757493332e-04	-1.128087943867974938e-03	9.452519113001490916e-04	-3.572794253387903338e-03	-5.412685303957360345e-04	5.164953949021586915e-03	-2.206905627562602903e-03	4.222967979906589136e-04	7.899100029307028854e-04	8.424916923088932724e-04	-1.955876763755451733e-03	3.440275977856565269e-03	8.215533481460069636e-04	-1.416914985188932625e-03	-2.719124297236117510e-07	7.217518813966183108e-04	3.263035706328436670e-04	7.569774598900634360e-05	-1.424063787792521094e-04	1.375312456774697555e-03	1.755288051763079964e-04	-2.331748531485078844e-03	2.373682576412864276e-03	6.265543368421527815e-15	-8.126637709989954772e-04	-1.476872333313734853e-03	4.454591548575519144e-03	-1.286137069389260094e-03	-1.980874554485752975e-03	4.703734842335388503e-04	3.999274237766442096e-04	-2.990595929970463348e-04	-4.515568946048188650e-04	7.668790156282172948e-04	-2.153843188951290281e-03	-2.571407760462500426e-04	1.945614643477760900e-03	-3.959698515495316566e-04	7.891769174250568702e-04	1.707716399086456663e-04	-1.007145279447786181e-05	-1.179639387283496627e-03	1.234886472324522085e-03	4.430626127885323000e-04	0.000000000000000000e+00	-1.029598327006640574e-03	1.974788370077061768e-03	6.206614726128746162e-04
-1.644641681159492380e-04	-4.894219648658037656e-04	5.429356167481260180e-04	1.094108775785377664e-03	-2.508704619715298664e-04	-2.596405602234738621e-03	1.775623393116971312e-03	1.970031442323726654e-04	3.084037952844903975e-04	-6.666380149880079555e-05	4.555573420288521694e-04	6.126090127149941397e-05	-5.033959620303592522e-04	1.643888654360783907e-04	-2.872737312987462760e-04	-3.231634431783405518e-04	1.644113917518127879e-04	-3.231029243029386825e-04	-3.625961213747770054e-04	3.316225033438697893e-04	8.403465403505083232e-04	-4.193490943432135387e-04	4.563498206054700273e-05	1.783888124003652419e-04	1.081605316651686449e-03	-2.507996200469923289e-04	5.298277917229552835e-04	2.753757122844136679e-03	-2.672372065155223780e-04	-1.326062245620250081e-03	-2.573585447333058920e-06	2.357894890760598447e-04	-3.799523852752410965e-04	2.577946872045577906e-04	-2.552255282253529270e-04	-1.188273009844206612e-04	1.218362632915029429e-04	1.271331505381761940e-04	2.851064829359484243e-04	2.990595929997049611e-04	-2.586588561428990879e-03	-2.133927914750857941e-04	1.587847432563599176e-05	-8.299813228685316412e-04	1.136927391269939658e-04	-6.120934344872291499e-04	2.507594734043563055e-03	-4.702028968007337939e-15	1.333751325290985328e-03	5.528104039438034700e-04	-8.308899366201842086e-04	-1.495460282269003849e-04	-1.472253027513326443e-05	1.717903615272439559e-03	-3.731723638092905929e-03	-1.670055266808720830e-04	-9.107778995761091172e-04	2.932145952551326487e-04	-1.109706610147254136e-03	-2.893676877855735127e-04	1.029598327006640574e-03	0.000000000000000000e+00	5.697892447054395213e-04	6.892827261719350210e-04
2.367093135117057589e-04	1.308358178017382870e-03	-8.684697088922045628e-04	-1.984674930510037585e-03	2.354084846497187878e-04	5.012561541492524878e-03	-3.080286544421683738e-03	-1.668831787285268188e-03	9.372994552451073438e-06	-1.549042325493887526e-03	4.846766514453212634e-04	-2.794870709769772549e-03	6.450441066097592144e-04	2.164324518534247246e-03	-8.697753074230359614e-04	1.296169381582692537e-03	-5.391980206235568547e-04	1.715825635694221253e-03	-7.301805232401948568e-04	2.261822184808214009e-03	-2.631040738318982304e-04	-4.364798011014740797e-03	2.424758263424536039e-03	-1.347447808474610924e-03	-2.596319294231002987e-03	-1.541311242794681131e-03	1.643534285439556203e-03	-6.541757986514856391e-03	-3.393108499336808920e-04	2.862113037497073052e-03	4.785118197033949908e-04	-2.363777711820349691e-04	8.600479043330269344e-04	-4.691707067743610782e-04	7.407699526180791007e-04	-4.300783771298200735e-04	-7.500624017112206190e-04	1.220827298198935446e-03	-1.968830749395723834e-03	-1.707716399166111642e-04	5.711278617991342316e-03	1.650408218408514057e-03	-3.675886791964042694e-03	3.005141702135406909e-03	1.233889266058274970e-03	7.648303869089199221e-04	-5.330242627574695129e-03	1.670055266965511914e-04	-3.019468267878720052e-03	-1.603188847133423488e-03	3.199381217310094672e-03	-3.011856740069091334e-04	-1.559050422557358654e-03	-3.386586926987417406e-03	8.376254043257570781e-03	-4.646998931490120555e-15	4.503600523221823037e-04	5.838522407163910946e-04	5.892728284521368126e-04	9.730329637571393919e-04	-1.974788370077061768e-03	-5.697892447054395213e-04	0.000000000000000000e+00	-1.421318446157385966e-03
-4.759252510755719622e-05	3.133790495065781135e-04	-6.412808064159436104e-05	-1.892506659797188744e-05	1.893517803262154042e-05	-4.859492833061208102e-04	5.462709128517095458e-04	-1.033262376271027426e-03	3.133790495097803046e-04	1.944072788730539895e-03	-1.742667388975497472e-03	7.133417607845032524e-04	5.566159424940847261e-04	4.204277342656934590e-04	-3.905521061820834815e-04	-5.497274238501559992e-04	-6.412808064178187380e-05	-1.742667388978926587e-03	1.271565476207222201e-03	-1.102680781217491935e-03	-4.586579800598535950e-04	6.328032681150008287e-04	-3.752528531143475756e-04	1.293228572745527653e-03	-1.892506659357485132e-05	7.133417607815982411e-04	-1.102680781214576515e-03	5.765826323087354984e-04	3.619652578791735355e-04	-3.355712915805318577e-04	-8.322448010013914316e-05	-4.171904665749661713e-04	1.893517803026448151e-05	5.566159424942236124e-04	-4.586579800585142801e-04	3.619652578810727325e-04	-3.333282350379397716e-04	-4.868361735630390348e-04	7.275485592483067971e-04	-6.206614726124953622e-04	-4.859492833079508351e-04	4.204277342673900728e-04	6.328032681088434277e-04	-3.355712915819987832e-04	-4.868361735574635793e-04	-2.601157810162310711e-04	1.305208116068519138e-03	-6.892827261695342721e-04	5.462709128545956919e-04	-3.905521061815943437e-04	-3.752528531132234748e-04	-8.322448009484465870e-05	7.275485592433976380e-04	1.305208116066482356e-03	-3.300852264322555116e-03	1.421318446155340077e-03	-1.033262376273126441e-03	-5.497274238486673896e-04	1.293228572741113216e-03	-4.171904665719873258e-04	-6.206614726128746162e-04	-6.892827261719350210e-04	1.421318446157385966e-03	0.000000000000000000e+00
