6.258100793844627351e-04	3.157203682194095187e-04	-3.152522346633701393e-04	3.349430785977984982e-04	2.236936271476574155e-04	-6.360927203848411294e-05	-2.438258457975217325e-04	-6.715369380597000426e-05	3.157203682186094859e-04	2.832478796413841812e-07	5.567407137366435304e-05	-3.785369688112219023e-05	3.306620502437356853e-05	2.716258731056618277e-04	-4.350807292032714572e-04	-5.815184048862590124e-05	-3.152522346634084116e-04	5.567407137536226785e-05	5.159768075042690257e-05	-2.910878784559437155e-04	-1.253583282045561719e-04	1.419339599066922844e-05	5.335331816032023002e-04	3.118872522930879010e-05	3.349430785968142595e-04	-3.785369688158457535e-05	-2.910878784534189881e-04	7.338656388640701477e-04	2.433333528907161971e-04	-4.287677815098655393e-04	6.231743235299540143e-04	4.835945617579935889e-04	2.236936271482449989e-04	3.306620502310008499e-05	-1.253583282027917413e-04	2.433333528910230535e-04	5.111676207191802454e-06	-3.010558860601126479e-04	-7.908462151075543514e-05	-1.833551463050569726e-04	-6.360927203725072455e-05	2.716258731056199775e-04	1.419339598791749622e-05	-4.287677815093787325e-04	-3.010558860611017113e-04	-1.246818764941261606e-04	-2.938396431464477231e-04	-3.668112881443820342e-04	-2.438258457978779200e-04	-4.350807292036365081e-04	5.335331816061430902e-04	6.231743235290509823e-04	-7.908462151118809957e-05	-2.938396431450542522e-04	3.908174222257448276e-04	4.233324547929748780e-04	-6.715369380611774036e-05	-5.815184048960030084e-05	3.118872523148794160e-05	4.835945617567994487e-04	-1.833551463059546107e-04	-3.668112881440156281e-04	4.233324547944575787e-04	-1.146111990022949259e-04
3.157203682194095187e-04	4.613052312090510851e-03	-3.547679002182597616e-03	-4.324798140723514579e-04	1.988336016241923007e-03	1.049029242466706152e-03	-6.956514839165713494e-04	-8.415882116559893862e-04	4.011034370328000163e-04	1.728643110781395752e-03	-5.357398445157792767e-04	5.742842932728707160e-04	-4.406826814833785379e-04	8.335664198182867910e-05	-8.527170622393007507e-05	-1.980138448815775554e-03	-1.260512874301589008e-04	-1.253399260402222447e-03	1.812381863019113320e-04	2.612189056505087072e-04	1.126111885354072559e-03	-8.391866835460977739e-04	4.776128143864289332e-04	3.172498910350433216e-03	-3.602713310672634546e-04	4.822929374300196736e-04	-2.684222612575609158e-03	-1.099714875317653762e-03	3.434658744586000650e-03	-1.917695117010705672e-04	2.077997739244900801e-04	6.351694769919248758e-03	-2.915702770994502125e-05	2.952619370789501393e-04	1.807125158489276203e-04	-3.009007893565323363e-04	-1.526222045255043241e-03	5.503270288239427762e-04	-8.784328119273632956e-04	-1.276021040481396026e-03	1.354764068996929319e-03	2.397792888571191171e-03	-1.221979768016482216e-03	6.230257116435377511e-04	-3.714048496373969881e-03	3.232764229332730382e-04	-8.668860529267336142e-04	-4.058499895334372748e-03	-1.243933524836098861e-03	-4.093091595201317143e-03	6.898810466767123228e-03	-4.446848349183815424e-05	-1.422627759844794816e-03	-9.970217613573509243e-04	1.923259539380694268e-03	3.200081542320800700e-03	-7.946045078198822522e-04	-9.284591558967876350e-04	2.036187066026911869e-03	-6.379813609365418605e-04	-8.538254789236238542e-04	2.400551041439727201e-04	-2.140067162154003929e-04	1.310211129527600379e-04
-3.152522346633701393e-04	-3.547679002182597616e-03	4.013228345566980174e-03	6.967391987533072810e-05	-3.595991746044809902e-03	-5.408031425464505200e-04	4.562458216159868138e-04	-1.089276515031791193e-06	-1.260512874304365379e-04	-4.509246067064530834e-05	-5.543396677955401584e-04	-3.054464375471426310e-04	4.640056235888374413e-04	4.666510354941596421e-05	-2.068587383019916768e-06	6.910684447714334194e-04	1.629694235518774946e-04	2.655697617419920252e-04	-1.813761572856483384e-04	3.941543253223974872e-05	-1.956163001146028659e-04	4.327993676820946108e-05	-2.075560922451593086e-04	-7.547989395130900395e-04	-2.064063818883748341e-04	-6.791561291989983836e-04	5.379668833885253160e-03	3.691710790441308935e-04	-4.237127393337320434e-03	3.107098922406313635e-04	4.800223900474029381e-05	-5.431218700090440291e-03	-1.350646811372654119e-04	-2.309822391286568092e-04	4.527546227985321833e-04	2.526852767729926511e-05	2.086522306718127673e-04	-1.359595296306808688e-04	4.425156109768266276e-04	6.494712532710451847e-04	-6.316210196735449816e-04	-3.502407559146053159e-03	-3.381553213256666265e-05	-2.485888375692439948e-04	3.516464040115178068e-03	-4.116795622262917000e-04	5.023806110064876719e-04	4.571971412982541588e-03	8.226640097946290526e-04	4.224485927263640916e-03	-5.344933547149979466e-03	7.980672342413529458e-05	7.437901350377850232e-04	9.748442675452836633e-04	-1.259025394227292075e-03	-5.457773635921384092e-03	1.080060350257713007e-04	-1.360804696832778780e-04	1.598959087508560731e-04	1.748415402361085493e-04	9.956051048290670774e-05	-1.541503489026723849e-04	1.440242310169952220e-04	2.787964905419805083e-04
3.349430785977984982e-04	-4.324798140723514579e-04	6.967391987533072810e-05	1.168136294677055848e-02	-7.118347640348762209e-04	-1.909610596910873634e-02	1.016454850726098216e-02	-2.765812566652212762e-04	-3.602713310752160233e-04	-4.582260971980297356e-04	2.094351143290053589e-04	-3.063606928413923833e-03	5.801358784931304554e-05	1.514762323854307747e-03	-6.315173782603033473e-04	8.720152879781734988e-05	-2.064063818865915655e-04	7.436934696192311128e-04	-1.675289297795150029e-04	-6.249541799797375414e-04	-2.038136236299249173e-04	8.520408061929005041e-04	-5.425902205158492000e-04	-2.450333635951364446e-04	1.056688775909128165e-02	-3.113920236951819333e-03	4.614068676433728182e-04	2.980449173145446884e-02	3.279468241848357973e-04	-1.251699885756558245e-02	-1.278945062745709643e-04	1.433876334963828103e-03	-2.201085916153447679e-04	-2.174829239727303740e-04	-6.373615837350400941e-05	6.406287005032068388e-04	5.204455335613834659e-04	-1.180676701041631724e-03	2.776773053470945728e-03	1.128952097150008268e-04	-1.781894609915318436e-02	8.277290312142678540e-04	3.972814416010806066e-04	-1.173429877757458176e-02	-1.197017353491400954e-03	2.623854511261460042e-04	1.144323124987297116e-02	-6.724859174998742625e-04	9.881228090621797105e-03	-2.700346088663878059e-04	-1.855791359701485584e-04	-8.141457040397501697e-04	2.689678026618423645e-03	1.214367225807922238e-02	-2.825135926041040177e-02	1.015126570571798234e-03	-6.835308142121969150e-04	3.356630865878845282e-05	3.258106398930561850e-04	1.057982612878638311e-03	-3.828949232929707751e-04	-1.064650596881959324e-03	2.240083819995707971e-03	-2.281979319365333664e-04
2.236936271476574155e-04	1.988336016241923007e-03	-3.595991746044809902e-03	-7.118347640348762209e-04	4.765140719187814511e-03	1.596162865924856487e-03	-1.132966561503573680e-03	9.220267046904818010e-04	-2.915702770970457231e-05	-1.414054885711804772e-03	1.468373584755901066e-03	4.464297388934699326e-04	-2.689991743169064132e-04	-4.078384462251355576e-04	1.364604759372294918e-04	5.480450814765676143e-04	-1.350646811362738006e-04	5.383273752273123403e-04	-2.922600569110555703e-05	-2.803958394845836423e-04	-7.068723632134697081e-04	7.383394251211280448e-04	1.521129008851082218e-04	-1.437505709943024670e-03	-2.201085916193761026e-04	1.630422929991972615e-03	-7.028353328789418639e-03	-2.127850341814523007e-03	4.129955404938870020e-03	7.052243922669324330e-04	-2.987504281598014205e-04	3.132661139977404793e-03	3.341635873173958945e-04	2.570539029942351924e-04	-8.369223627076761030e-04	1.801075199753923760e-04	1.013246242763899459e-03	-9.406413418611144037e-05	-7.645433749223162984e-04	2.761786817425792434e-05	1.424957145417351471e-03	3.608094970535631954e-03	1.261272314269170280e-03	8.647644779650571437e-04	-2.330618297548676249e-03	4.209454612019523229e-04	-1.080731744200166041e-03	-4.033218012293884533e-03	-1.144365343013177810e-03	-3.422643521010206719e-03	2.762070040895543178e-03	-2.597887968526488615e-05	-7.892002367004364791e-04	-1.863845158761899719e-03	2.954314010250874353e-03	6.304627149107193754e-03	5.420416156987581955e-04	9.691168331278346339e-04	-2.064331694969361551e-03	1.855835009707240940e-04	6.209185811165439167e-04	1.136192085050615483e-04	-4.313462320237501342e-04	-2.879732189667554422e-04
-6.360927203848411294e-05	1.049029242466706152e-03	-5.408031425464505200e-04	-1.909610596910873634e-02	1.596162865924856487e-03	3.435566816276289237e-02	-1.903270391854988697e-02	-1.951725804142602949e-04	1.354764069011079675e-03	1.694785683243808187e-03	-9.629956859631065395e-04	5.870337606395130067e-03	1.110748573180004868e-04	-1.412868779456641442e-03	1.006058290044724128e-04	-8.194482096506488025e-04	-6.316210196769479670e-04	-1.343480906056098833e-03	1.413073471959638947e-04	-5.949336656750209285e-04	9.106421954159323777e-04	-2.074658356575201715e-03	1.903975241160649418e-03	2.269772176393179772e-03	-1.781894609915790628e-02	5.260826895718652592e-03	-1.323980920438439218e-03	-5.090126469083483540e-02	-1.112238039390783697e-04	2.170644821777799327e-02	-4.789134599186114149e-04	-2.041964759384585007e-03	1.424957145410066500e-03	2.201424896329385716e-04	9.245650250598961293e-04	-1.900417851696067733e-04	-2.404649848063458023e-03	1.796825990858860181e-03	-4.984558205751478399e-03	-1.390368361055090022e-03	3.133264433824748535e-02	-1.112316370534654087e-03	-7.471504795596546015e-04	2.034626907258562170e-02	1.957073279131259051e-03	2.204666889102437381e-04	-2.058741399432961056e-02	8.083488382259213650e-04	-1.773237734832245477e-02	7.555060999356803364e-05	1.032491941093354685e-03	6.796162465381648489e-04	-5.272957263041999632e-03	-2.216463298768351145e-02	5.107129456058713546e-02	-1.131331524680783589e-03	7.546184267743155172e-04	-8.412941297116166908e-04	1.573230730406489745e-03	-1.374623773585768090e-03	-9.996538089641565997e-04	8.312252276259380615e-04	-1.926238304836358235e-03	-7.069221052874967307e-05
-2.438258457975217325e-04	-6.956514839165713494e-04	4.562458216159868138e-04	1.016454850726098216e-02	-1.132966561503573680e-03	-1.903270391854988697e-02	1.155272318086209699e-02	-3.450007034901394435e-04	-1.243933524844572334e-03	-5.419266958780570836e-04	3.487153692412282347e-04	-3.094658443477639291e-03	-2.397464831340507694e-04	6.608458944855593719e-04	3.860909848902317190e-04	1.137297245685677373e-04	8.226640097972526050e-04	4.240611155551338119e-04	-2.463873957834216452e-04	7.445037300856534833e-04	2.750266604187454533e-04	7.057139377696130048e-04	-1.946010617634054765e-03	-2.428096755597350777e-04	9.881228090624409599e-03	-2.933168290104551813e-03	7.138965336955070554e-04	2.792525942378951825e-02	-2.030726947982964214e-04	-1.181186441482365290e-02	6.921140238417449516e-04	5.360149527189963809e-04	-1.144365343010451692e-03	-6.476286777815478193e-05	-8.024443416713324790e-05	-5.150144733439636878e-04	6.254337309613711843e-04	-2.113222470414574748e-04	2.977151850622930095e-03	4.078836597914096561e-04	-1.773237734832215640e-02	7.576409528725969785e-04	2.083077043669018507e-04	-1.120898615493863548e-02	-7.340109339114414544e-04	-5.011016599031697591e-04	1.175258723231804511e-02	-3.019645218281218893e-04	1.035970676469831313e-02	-1.532681492336509870e-05	-9.213800762657253611e-04	-1.171240552994393428e-06	3.099131572835190501e-03	1.260230221022420535e-02	-2.943427216796602741e-02	8.880238781426675687e-04	-6.410134379898720829e-04	4.700685194531489244e-04	-1.338995855246240252e-04	-4.590858905862792291e-04	3.555554778993966171e-04	1.365504943187715562e-04	7.809110704104372646e-04	-3.332343925391625938e-06
-6.715369380597000426e-05	-8.415882116559893862e-04	-1.089276515031791193e-06	-2.765812566652212762e-04	9.220267046904818010e-04	-1.951725804142602949e-04	-3.450007034901394435e-04	6.034029330809622532e-03	-7.946045078185644045e-04	-3.862406219071885718e-03	1.982102340239661441e-03	3.322912127771519570e-05	1.916258436382798497e-04	-1.175344850718290559e-03	5.587274277445233601e-04	2.630304199329290028e-03	1.080060350270648623e-04	2.279261885494671819e-03	1.574044965794665245e-04	-9.287491497273284982e-04	-2.674219981077871969e-03	3.261774904059421346e-03	-8.873019739114364765e-04	-6.873290512849683509e-03	-6.835308142246567832e-04	5.828519155834769889e-04	5.392578506394374869e-04	-1.695643736081058018e-03	7.801594688198606412e-04	1.844969580806856183e-04	-7.775085653113870542e-05	3.001798876304928327e-03	5.420416156979499227e-04	-8.682138667315794417e-05	-2.386247414912925392e-03	7.235881770351960170e-04	4.331015499273748771e-03	-1.244425174475060659e-03	4.035069933102268048e-04	2.921286636446004774e-03	7.546184267983493520e-04	-1.346499304940130788e-03	6.196030641047141959e-04	5.609256655616301013e-04	-1.258236448342174834e-03	1.782880443475084651e-05	-4.220508807005602086e-04	3.903541438387944553e-05	-6.410134380060487046e-04	7.347683494060401350e-04	5.893195281571944524e-04	-2.794309300821532210e-04	3.899959492656465253e-04	-6.330949891075072502e-05	1.516650462462905890e-03	-3.043442169331728262e-03	2.659607931670079223e-03	2.486303834712122809e-03	-6.280596368853443717e-03	1.374721713733092349e-03	2.502494982794820425e-03	-9.622801147167701636e-05	-6.903623638443870478e-04	1.092725441227230816e-05
3.157203682186094859e-04	4.011034370328000163e-04	-1.260512874304365379e-04	-3.602713310752160233e-04	-2.915702770970457231e-05	1.354764069011079675e-03	-1.243933524844572334e-03	-7.946045078185644045e-04	4.613052312091000910e-03	1.728643110791633223e-03	-1.253399260406178701e-03	4.822929374323364510e-04	2.952619370791738102e-04	2.397792888570928795e-03	-4.093091595201845366e-03	-9.284591559008127356e-04	-3.547679002183209106e-03	-5.357398445228178088e-04	1.812381863019985290e-04	-2.684222612576501674e-03	1.807125158537199023e-04	-1.221979768016471807e-03	6.898810466768426006e-03	2.036187066040152580e-03	-4.324798140820253060e-04	5.742842932737039253e-04	2.612189056480737517e-04	-1.099714875338672973e-03	-3.009007893548902579e-04	6.230257116527356887e-04	-4.446848349113534729e-05	-6.379813609339620014e-04	1.988336016243586607e-03	-4.406826814811080559e-04	1.126111885359274995e-03	3.434658744585777305e-03	-1.526222045267293641e-03	-3.714048496373421708e-03	-1.422627759848230870e-03	-8.538254789345324459e-04	1.049029242478452615e-03	8.335664197982823123e-05	-8.391866835396487225e-04	-1.917695116969809024e-04	5.503270288200481052e-04	3.232764229345257796e-04	-9.970217613656624182e-04	2.400551041418122575e-04	-6.956514839228866102e-04	-8.527170622326011944e-05	4.776128143828665702e-04	2.077997739265147192e-04	-8.784328119212337586e-04	-8.668860529362052043e-04	1.923259539402465265e-03	-2.140067162121891487e-04	-8.415882116554341662e-04	-1.980138448818183350e-03	3.172498910364046024e-03	6.351694769917086425e-03	-1.276021040490232274e-03	-4.058499895333442069e-03	3.200081542320164923e-03	1.310211129475327197e-04
2.832478796413841812e-07	1.728643110781395752e-03	-4.509246067064530834e-05	-4.582260971980297356e-04	-1.414054885711804772e-03	1.694785683243808187e-03	-5.419266958780570836e-04	-3.862406219071885718e-03	1.728643110791633223e-03	3.807992763035970840e-02	-2.100938432712123882e-02	2.362171664461808858e-04	1.037042922942761261e-05	1.294354178507130249e-03	-7.455695549906738231e-04	-2.421186176564524978e-02	-4.509246067361310172e-05	-2.100938432712937468e-02	6.611105467363567268e-04	1.960911034054016195e-03	1.965408937198583755e-02	-6.238523363515368139e-03	1.834022322393742167e-03	5.490114093713081844e-02	-4.582260971994393610e-04	2.362171663973286332e-04	1.960911034075996442e-03	5.878534181071733925e-04	-9.052759956181806542e-04	2.378151335410851172e-04	-2.945390658149653687e-05	-8.002053172120164332e-04	-1.414054885709758449e-03	1.037042923670019007e-05	1.965408937197533207e-02	-9.052759956213713528e-04	-3.571582032894658060e-02	2.019494682110641991e-03	-4.243263547635871486e-04	-2.275551843056221671e-02	1.694785683245825236e-03	1.294354178528984945e-03	-6.238523363538523228e-03	2.378151335411694681e-04	2.019494682108060289e-03	-1.764798301441976346e-04	-1.836357462900473374e-04	4.546028208050378384e-04	-5.419266958780376764e-04	-7.455695549957050633e-04	1.834022322400336285e-03	-2.945390658207625977e-05	-4.243263547520552490e-04	-1.836357462891443867e-04	-8.513082663103482871e-05	1.575575922055161347e-04	-3.862406219076556027e-03	-2.421186176563187506e-02	5.490114093709748400e-02	-8.002053172422671917e-04	-2.275551843054800238e-02	4.546028208187161872e-04	1.575575921913056324e-04	8.134792375547961283e-04
5.567407137366435304e-05	-5.357398445157792767e-04	-5.543396677955401584e-04	2.094351143290053589e-04	1.468373584755901066e-03	-9.629956859631065395e-04	3.487153692412282347e-04	1.982102340239661441e-03	-1.253399260406178701e-03	-2.100938432712123882e-02	1.274906063656092853e-02	-6.893661284404685062e-04	-5.010444876298777430e-04	-7.004540081357931314e-04	5.651840233513514937e-04	1.262091771841079152e-02	2.655697617416515315e-04	1.129032685107098088e-02	-9.082451845865916872e-04	-5.325770706737736979e-04	-1.040705602285220063e-02	3.171127557612505796e-03	-9.166531422997989181e-04	-2.937506896728597078e-02	7.436934696173015582e-04	2.244485800256807275e-05	-2.376282564123942398e-03	1.532782027140604816e-04	1.264690476544186228e-03	-4.200126301171967997e-04	-1.137611828564550590e-04	9.696766577209153196e-04	5.383273752276197116e-04	3.635747165213782262e-04	-1.096551321683707919e-02	3.458019692826445088e-04	1.963814827035785526e-02	-9.876090040213331492e-04	1.459380308193231654e-04	1.224154883382931602e-02	-1.343480906057775443e-03	2.744454034385405560e-05	3.752938565639452745e-03	-3.935033017989647422e-04	-1.684727145777694399e-03	2.991791271107600717e-04	3.424459344473967178e-04	-1.083647538089911686e-03	4.240611155550785176e-04	-2.440618084016203909e-04	-6.865414328862786200e-04	2.401571155235328087e-04	4.589003155332140732e-04	-3.780535271156282122e-04	-6.638881626990888584e-05	1.297755040740611017e-03	2.279261885502289857e-03	1.365785812286485212e-02	-3.136124182799853582e-02	6.564855540633033216e-04	1.312973699104020425e-02	-1.530460926305367026e-04	-5.246990274798366558e-04	2.719636760664373551e-05
-3.785369688112219023e-05	5.742842932728707160e-04	-3.054464375471426310e-04	-3.063606928413923833e-03	4.464297388934699326e-04	5.870337606395130067e-03	-3.094658443477639291e-03	3.322912127771519570e-05	4.822929374323364510e-04	2.362171664461808858e-04	-6.893661284404685062e-04	6.688612680192141356e-03	7.587007191047814554e-05	-1.225537723415036275e-03	3.800185201895313488e-04	-3.545037071515295436e-04	-6.791561291987016375e-04	2.244485797390884173e-05	-1.876945348246458561e-04	-3.646771338742034463e-03	8.584286347820775437e-04	7.140542021184519573e-04	-1.474672245532729787e-03	1.377554568503794839e-03	-3.113920236966536727e-03	2.765631305366993142e-03	-5.330049322470410732e-04	-8.810277060942953847e-03	-2.278196945641510754e-04	3.879185847617549338e-03	-5.254630508805207916e-06	-1.047304838830034933e-03	1.630422929991891083e-03	-2.764204221987562478e-04	9.638785389047852068e-04	9.332016627077680416e-05	-1.356862842202199602e-03	1.352942158185285390e-03	-7.207780232201112074e-04	-5.547422860422306957e-04	5.260826895744802681e-03	-1.266999514057053642e-03	2.874024794245009910e-04	3.719639843483826466e-03	7.631638871931480193e-04	-1.555754347781362912e-05	-3.754811091611893678e-03	7.217752276116821269e-04	-2.933168290118867184e-03	3.098973782785020598e-04	6.861431390510153378e-04	-1.135408514142262587e-05	-2.535873596664086314e-03	-3.722942619156230544e-03	8.794346581262883072e-03	-1.240935018745963417e-03	5.828519155784700348e-04	-4.373525627266558642e-04	1.777801804156385872e-03	-3.896844726477935103e-03	-9.047751650908238477e-04	1.010450590659849133e-03	7.679574908419903095e-04	-1.527696754509509495e-04
3.306620502437356853e-05	-4.406826814833785379e-04	4.640056235888374413e-04	5.801358784931304554e-05	-2.689991743169064132e-04	1.110748573180004868e-04	-2.397464831340507694e-04	1.916258436382798497e-04	2.952619370791738102e-04	1.037042922942761261e-05	-5.010444876298777430e-04	7.587007191047814554e-05	9.759043742433682689e-04	2.718391362264945053e-04	-3.878641767960734664e-04	5.672795968230443962e-04	-2.309822391284909533e-04	3.635747165244257017e-04	-4.790577923798537523e-04	-5.545173794429641674e-04	-6.008984131796910825e-04	3.352859230992290534e-04	2.110723364817255945e-04	-9.518478415954210884e-04	-2.174829239703212225e-04	-2.764204222000000988e-04	6.707642058490688192e-04	-2.061372364187045818e-04	-3.978224251608506856e-04	2.265366984882714006e-04	3.076339000581271641e-05	-2.633128095506728382e-04	2.570539029946295709e-04	1.645123658205226234e-04	2.470118642146577328e-04	4.244381522144377952e-04	1.481260223663548596e-04	-5.645173475339333290e-04	2.477973607078013145e-04	4.156795514342664834e-04	2.201424896334401235e-04	-2.862908026175938858e-04	-4.395753194996245163e-05	-1.507074423538415234e-05	3.431730032717874115e-04	-3.657911290664131508e-05	-2.565200992579680459e-04	3.009506872933898677e-04	-6.476286777888791944e-05	4.124891313666555507e-04	-4.504833972696681201e-04	-5.807636534529196052e-05	-7.490935193668850215e-05	1.745643987817933581e-04	2.572077317531844872e-04	-6.048047573945045541e-04	-8.682138667637679134e-05	-3.027017157815937737e-04	6.356691292824530716e-04	5.037638919303477842e-04	-4.697858477076516490e-04	-6.121300288137626914e-04	7.429832278484434661e-04	6.768113648470720778e-04
2.716258731056618277e-04	8.335664198182867910e-05	4.666510354941596421e-05	1.514762323854307747e-03	-4.078384462251355576e-04	-1.412868779456641442e-03	6.608458944855593719e-04	-1.175344850718290559e-03	2.397792888570928795e-03	1.294354178507130249e-03	-7.004540081357931314e-04	-1.225537723415036275e-03	2.718391362264945053e-04	6.529957852968784442e-03	-4.931355828964548160e-03	-9.111412269561460116e-04	-3.502407559148225900e-03	2.744454035515709364e-05	-2.522238149460064981e-04	-5.860400971757325633e-03	6.601400611608871510e-04	-1.902750341178511585e-03	3.817924174754114275e-03	2.038025884049225918e-03	8.277290312160171058e-04	-1.266999514051893056e-03	5.867291238204613976e-04	2.986580138937022441e-03	-1.727933266790250013e-04	-1.331683817100186729e-03	3.726637966141871242e-04	2.014628729810153198e-04	3.608094970538350266e-03	-2.862908026178166351e-04	9.343918154378389081e-04	3.987214721867859968e-03	-1.811780280641084838e-03	-2.508921874692500616e-03	1.276461750062441846e-03	-9.607509720987951387e-04	-1.112316370541167540e-03	1.114402304418565240e-03	-1.575786082293697925e-03	-1.432669145294609373e-03	3.398350961135386517e-04	4.113734292450334858e-04	-5.973087068438605231e-06	-3.542663632706301020e-04	7.576409528739184041e-04	-4.760543065294069523e-04	4.087025684570611450e-04	5.525753144936590888e-05	4.381853391323977352e-04	7.906098357592346651e-04	-2.312084716206378766e-03	8.523405956953724119e-04	-1.346499304937850278e-03	-1.354960751310007368e-03	2.646380956328680568e-03	4.106801001290131398e-03	-1.709857039695886292e-03	-5.528013494549854218e-03	8.936095368996605642e-03	2.312826068604451415e-05
-4.350807292032714572e-04	-8.527170622393007507e-05	-2.068587383019916768e-06	-6.315173782603033473e-04	1.364604759372294918e-04	1.006058290044724128e-04	3.860909848902317190e-04	5.587274277445233601e-04	-4.093091595201845366e-03	-7.455695549906738231e-04	5.651840233513514937e-04	3.800185201895313488e-04	-3.878641767960734664e-04	-4.931355828964548160e-03	5.425223848007168677e-03	3.153270002845933785e-04	4.224485927265273291e-03	-2.440618084036599378e-04	3.330269381585448745e-06	5.166215866875227027e-03	1.777339087655710015e-04	1.121084090243110350e-03	-6.474581239957150590e-03	-7.937243271630854604e-04	-2.700346088606974250e-04	3.098973782775575028e-04	-3.793677820050975332e-04	-9.567589235805649354e-04	2.903583038458988001e-04	3.674971426971464662e-04	-2.897351881036973895e-04	2.115548343151139041e-04	-3.422643521011905013e-03	4.124891313654759388e-04	-6.413385536239199058e-04	-4.536769284760355445e-03	9.031688198557207307e-04	4.066172513866383315e-03	1.008793404726325441e-04	4.818154014432492150e-04	7.555060998879675803e-05	-4.760543065293542601e-04	8.522178279432560035e-04	1.002508504244819122e-03	-4.030921932231738662e-04	-3.632132380419950037e-04	6.509342543165064785e-04	8.005568724764604467e-06	-1.532681491913251572e-05	2.272761853040743552e-04	-2.904711416158071795e-04	-3.375616540543294707e-04	2.382607675174144098e-04	1.248106757554049134e-04	-1.788691283300327555e-05	-1.640035166752345738e-04	7.347683494045436107e-04	1.274131637986543547e-03	-1.813926049795706614e-03	-6.565679073720533630e-03	1.123060590587530430e-03	5.725386499149701450e-03	-7.027267073801757476e-03	1.857164350859361260e-05
-5.815184048862590124e-05	-1.980138448815775554e-03	6.910684447714334194e-04	8.720152879781734988e-05	5.480450814765676143e-04	-8.194482096506488025e-04	1.137297245685677373e-04	2.630304199329290028e-03	-9.284591559008127356e-04	-2.421186176564524978e-02	1.262091771841079152e-02	-3.545037071515295436e-04	5.672795968230443962e-04	-9.111412269561460116e-04	3.153270002845933785e-04	1.707760311831445221e-02	-1.360804696842894115e-04	1.365785812287687376e-02	2.221942729899466684e-04	-1.522768750314779356e-03	-1.352071103785473967e-02	4.593784046012065747e-03	-1.194654856245007260e-03	-3.689584958899061462e-02	3.356630866118657928e-05	-4.373525626987799422e-04	-6.286337311297759403e-04	-1.052332470544981025e-03	-8.217730905659006253e-05	5.751674854593413636e-04	-9.285227677507089123e-05	-5.659131000345951103e-04	9.691168331291577943e-04	-3.027017157862085719e-04	-1.265858439372262445e-02	8.719359985276424127e-04	2.340691226947491307e-02	-1.873401023242414519e-03	7.394180711407585815e-04	1.493333369349113780e-02	-8.412941297113981157e-04	-1.354960751322260588e-03	4.342827208674774134e-03	7.774811824042571228e-05	-6.088416130167367043e-04	-2.063399485736949247e-04	7.015313898714512061e-05	5.251782564852066140e-04	4.700685194526972458e-04	1.274131637992106155e-03	-2.546081086303066641e-03	4.967925185538193738e-05	5.508311362744345522e-04	3.355408465118025520e-04	2.779116864691821604e-04	-7.541083835737690715e-04	2.486303834710767990e-03	1.531943547346231900e-02	-3.463531650775798776e-02	1.043532802635946215e-03	1.435432343140675970e-02	-5.690476245833874392e-04	2.850932646057531506e-04	-1.308600737072222308e-03
-3.152522346634084116e-04	-1.260512874301589008e-04	1.629694235518774946e-04	-2.064063818865915655e-04	-1.350646811362738006e-04	-6.316210196769479670e-04	8.226640097972526050e-04	1.080060350270648623e-04	-3.547679002183209106e-03	-4.509246067361310172e-05	2.655697617416515315e-04	-6.791561291987016375e-04	-2.309822391284909533e-04	-3.502407559148225900e-03	4.224485927265273291e-03	-1.360804696842894115e-04	4.013228345567090329e-03	-5.543396677918756635e-04	-1.813761572845193045e-04	5.379668833884961726e-03	4.527546227956568792e-04	-3.381553212909947219e-05	-5.344933547152137462e-03	1.598959087466633820e-04	6.967391988201343859e-05	-3.054464375451262318e-04	3.941543253224808353e-05	3.691710790518165316e-04	2.526852767710595186e-05	-2.485888375690223839e-04	7.980672341981523681e-05	1.748415402357065543e-04	-3.595991746044536683e-03	4.640056235870953453e-04	-1.956163001180124378e-04	-4.237127393336859865e-03	2.086522306774159241e-04	3.516464040114291624e-03	7.437901350391449380e-04	9.956051048945650859e-05	-5.408031425540358152e-04	4.666510354775035862e-05	4.327993677075165767e-05	3.107098922399421361e-04	-1.359595296308640719e-04	-4.116795622281042692e-04	9.748442675512423300e-04	-1.541503489016132278e-04	4.562458216203968062e-04	-2.068587382642478887e-06	-2.075560922460694421e-04	4.800223900353844893e-05	4.425156109751832482e-04	5.023806110108899664e-04	-1.259025394238273959e-03	1.440242310147221922e-04	-1.089276513981798987e-06	6.910684447707340005e-04	-7.547989395161232035e-04	-5.431218700089411600e-03	6.494712532742928039e-04	4.571971412982282247e-03	-5.457773635921205416e-03	2.787964905462059695e-04
5.567407137536226785e-05	-1.253399260402222447e-03	2.655697617419920252e-04	7.436934696192311128e-04	5.383273752273123403e-04	-1.343480906056098833e-03	4.240611155551338119e-04	2.279261885494671819e-03	-5.357398445228178088e-04	-2.100938432712937468e-02	1.129032685107098088e-02	2.244485797390884173e-05	3.635747165244257017e-04	2.744454035515709364e-05	-2.440618084036599378e-04	1.365785812287687376e-02	-5.543396677918756635e-04	1.274906063657185208e-02	-9.082451845898618578e-04	-2.376282564105746016e-03	-1.096551321684356706e-02	3.752938565622621590e-03	-6.865414328823634576e-04	-3.136124182802676325e-02	2.094351143334038587e-04	-6.893661284036158238e-04	-5.325770706886082942e-04	1.532782027192688805e-04	3.458019692775903377e-04	-3.935033017995344363e-04	2.401571155225756208e-04	6.564855540332395880e-04	1.468373584752085325e-03	-5.010444876359325785e-04	-1.040705602284527388e-02	1.264690476543871593e-03	1.963814827036197350e-02	-1.684727145779155253e-03	4.589003155427227973e-04	1.312973699105262140e-02	-9.629956859672290015e-04	-7.004540081504913350e-04	3.171127557624267221e-03	-4.200126301166809905e-04	-9.876090040148340077e-04	2.991791271099642131e-04	-3.780535271139520356e-04	-1.530460926191920177e-04	3.487153692402301724e-04	5.651840233556581616e-04	-9.166531423087060726e-04	-1.137611828594642892e-04	1.459380308158616602e-04	3.424459344502893692e-04	-6.638881627300723749e-05	-5.246990274834861887e-04	1.982102340243927993e-03	1.262091771840546765e-02	-2.937506896727064276e-02	9.696766577379848902e-04	1.224154883382366429e-02	-1.083647538097151988e-03	1.297755040746958154e-03	2.719636760668717136e-05
5.159768075042690257e-05	1.812381863019113320e-04	-1.813761572856483384e-04	-1.675289297795150029e-04	-2.922600569110555703e-05	1.413073471959638947e-04	-2.463873957834216452e-04	1.574044965794665245e-04	1.812381863019985290e-04	6.611105467363567268e-04	-9.082451845865916872e-04	-1.876945348246458561e-04	-4.790577923798537523e-04	-2.522238149460064981e-04	3.330269381585448745e-06	2.221942729899466684e-04	-1.813761572845193045e-04	-9.082451845898618578e-04	2.349203700810845348e-03	2.772976203757026030e-04	-1.041277745348603324e-03	1.182373039235626945e-04	2.633032971419229339e-04	-2.157201782294779983e-04	-1.675289297799626158e-04	-1.876945348303784124e-04	2.772976203785409359e-04	-3.091650768914210989e-04	-2.723356139044835438e-06	3.162768383426379235e-06	-6.960369710186542654e-05	3.576225041972101184e-04	-2.922600569305603335e-05	-4.790577923772562207e-04	-1.041277745351687880e-03	-2.723356141403735799e-06	8.381936876957322719e-04	-1.518474055870832446e-04	-5.905353370079440630e-05	-4.065110782899044781e-05	1.413073471995439573e-04	-2.522238149454324131e-04	1.182373039237332260e-04	3.162768385549219984e-06	-1.518474055894016754e-04	-6.129466929430090263e-05	1.507993983123317571e-04	2.592663167358179332e-04	-2.463873957831236522e-04	3.330269382152411095e-06	2.633032971449298060e-04	-6.960369710199722487e-05	-5.905353370479553922e-05	1.507993983132276605e-04	9.506425326808717663e-05	-4.317827319077729075e-04	1.574044965752462947e-04	2.221942729920173591e-04	-2.157201782366630603e-04	3.576225041900981316e-04	-4.065110782542237912e-05	2.592663167371728607e-04	-4.317827319030493639e-04	-1.910656629939489403e-03
-2.910878784559437155e-04	2.612189056505087072e-04	3.941543253223974872e-05	-6.249541799797375414e-04	-2.803958394845836423e-04	-5.949336656750209285e-04	7.445037300856534833e-04	-9.287491497273284982e-04	-2.684222612576501674e-03	1.960911034054016195e-03	-5.325770706737736979e-04	-3.646771338742034463e-03	-5.545173794429641674e-04	-5.860400971757325633e-03	5.166215866875227027e-03	-1.522768750314779356e-03	5.379668833884961726e-03	-2.376282564105746016e-03	2.772976203757026030e-04	1.350027979541489932e-02	8.946519568451202775e-04	-4.215909827682191337e-03	-1.465432314414326842e-03	2.735165936530748257e-03	4.614068676492686554e-04	-5.330049322406910095e-04	2.042478793591696396e-04	1.282426532932377187e-03	-1.171312353089867060e-04	-5.021188332256298426e-04	-1.594743731310765446e-04	-1.539675411920996776e-04	-7.028353328787590240e-03	6.707642058464827802e-04	1.780923603375627142e-04	-6.450725409845835256e-03	-5.192697671983125202e-04	3.738081930550003242e-03	-1.298530533283555766e-03	-7.072676766733817458e-04	-1.323980920449908992e-03	5.867291238196701468e-04	-9.947386791180814342e-04	-4.006797903799760169e-04	2.275680378777559317e-04	-6.425554929961065607e-04	2.365618207044342929e-03	-1.344627061723791049e-04	7.138965337071432552e-04	-3.793677820051579233e-04	2.599403290071104636e-04	3.358419816316238313e-04	2.258220116656232002e-04	8.260110866563240197e-04	-2.488900705398504852e-03	5.252783523322611392e-04	5.392578506408204951e-04	-6.286337311196571898e-04	1.039978168347473978e-03	-2.509921310747175414e-03	7.654920072790419479e-04	6.372638379242608585e-03	-1.254004732382689793e-02	6.625655234968158254e-04
-1.253583282045561719e-04	1.126111885354072559e-03	-1.956163001146028659e-04	-2.038136236299249173e-04	-7.068723632134697081e-04	9.106421954159323777e-04	2.750266604187454533e-04	-2.674219981077871969e-03	1.807125158537199023e-04	1.965408937198583755e-02	-1.040705602285220063e-02	8.584286347820775437e-04	-6.008984131796910825e-04	6.601400611608871510e-04	1.777339087655710015e-04	-1.352071103785473967e-02	4.527546227956568792e-04	-1.096551321684356706e-02	-1.041277745348603324e-03	8.946519568451202775e-04	1.306751510903058841e-02	-3.814910603691007256e-03	-3.773418810377047105e-04	3.184092591440626507e-02	-6.373615837690730648e-05	9.638785388768568094e-04	1.780923603535720706e-04	2.388806832113173984e-04	-4.213039191403434138e-04	2.464910618522112278e-04	1.396579332522481127e-04	-1.155112733960928298e-03	-8.369223627035212235e-04	2.470118642160883918e-04	1.157752820985987613e-02	-1.198030692546059664e-03	-2.143361209911423537e-02	2.452145495069579274e-03	-1.718233174967733769e-04	-1.364613499984676862e-02	9.245650250571646987e-04	9.343918154481095553e-04	-3.439671054176867034e-03	7.638493338875429776e-04	1.221352087921680988e-03	-1.740058741433307167e-04	-3.305547166120285539e-04	4.200076936578771693e-05	-8.024443416567280047e-05	-6.413385536267853437e-04	8.438465078215247241e-04	-5.991103857146790838e-06	3.373955679851194317e-05	-4.905890898865282760e-04	-3.590413349294381811e-05	1.093486052169138868e-03	-2.386247414911430061e-03	-1.265858439372194444e-02	2.988055593054480402e-02	-2.545387711643905346e-03	-1.264074406172711017e-02	9.788269080815872707e-04	2.308866431541079043e-04	4.263502360003214265e-04
1.419339599066922844e-05	-8.391866835460977739e-04	4.327993676820946108e-05	8.520408061929005041e-04	7.383394251211280448e-04	-2.074658356575201715e-03	7.057139377696130048e-04	3.261774904059421346e-03	-1.221979768016471807e-03	-6.238523363515368139e-03	3.171127557612505796e-03	7.140542021184519573e-04	3.352859230992290534e-04	-1.902750341178511585e-03	1.121084090243110350e-03	4.593784046012065747e-03	-3.381553212909947219e-05	3.752938565622621590e-03	1.182373039235626945e-04	-4.215909827682191337e-03	-3.814910603691007256e-03	8.883115821202759027e-03	-4.240644696645720288e-03	-1.056595196170157652e-02	3.972814416087250993e-04	2.874024794086113034e-04	-9.947386791190249069e-04	4.738723205409426037e-04	7.623717598515332254e-04	-6.850583017223155343e-04	3.692610969716894273e-05	1.232065802862261986e-03	1.261272314261045269e-03	-4.395753194655950015e-05	-3.439671054165129027e-03	1.207149484980250863e-03	6.377773553478262997e-03	-2.050859698178188369e-03	9.839246379173523585e-04	4.161824383171272221e-03	-7.471504795666872789e-04	-1.575786082290517960e-03	4.379274572256483360e-03	-1.565336086341032268e-04	-1.923245491598622563e-03	1.458218779498750436e-04	-9.537098835897650615e-05	-2.059767380786525792e-04	2.083077043663476879e-04	8.522178279427733167e-04	-1.520008404257804091e-03	-3.110939073974847580e-04	1.092882627951447666e-03	7.145380861589145519e-04	-7.607286571823006693e-05	-9.575219624445212383e-04	6.196030641029338275e-04	4.342827208665493363e-03	-9.423616559008068244e-03	-8.818428259626210838e-04	3.506460161033254311e-03	-2.027311636364227112e-04	1.398178660194152306e-03	-4.470910466957423173e-04
5.335331816032023002e-04	4.776128143864289332e-04	-2.075560922451593086e-04	-5.425902205158492000e-04	1.521129008851082218e-04	1.903975241160649418e-03	-1.946010617634054765e-03	-8.873019739114364765e-04	6.898810466768426006e-03	1.834022322393742167e-03	-9.166531422997989181e-04	-1.474672245532729787e-03	2.110723364817255945e-04	3.817924174754114275e-03	-6.474581239957150590e-03	-1.194654856245007260e-03	-5.344933547152137462e-03	-6.865414328823634576e-04	2.633032971419229339e-04	-1.465432314414326842e-03	-3.773418810377047105e-04	-4.240644696645720288e-03	1.354833954801066415e-02	2.173636912084280989e-03	-1.855791359817877669e-04	6.861431390549889387e-04	2.599403290087758524e-04	-1.038344227882226833e-03	-2.940209092387416237e-04	6.878215735776800621e-04	-3.537445114002503465e-04	-7.698332379032152891e-04	2.762070040898759356e-03	-4.504833972678210733e-04	8.438465078178354010e-04	5.214228904635362719e-03	-9.295960763476307813e-04	-5.857477501579704676e-03	-3.887479860331402148e-03	-8.465313516106159246e-04	1.032491941101148364e-03	4.087025684583189822e-04	-1.520008404264358961e-03	-8.242557042069967267e-04	8.671351122445660701e-04	5.288035263121446897e-04	-8.702709362921870386e-04	2.737435888306572591e-04	-9.213800762664352967e-04	-2.904711416172473795e-04	9.226912959450967767e-04	3.444514069463668082e-04	-1.470284253449105974e-03	-1.174360684675925925e-03	2.272473993396428166e-03	-1.708899940276434781e-04	5.893195281563445463e-04	-2.546081086295963816e-03	2.902427416092129894e-03	1.243691534491709813e-02	-8.649404106234746988e-04	-6.228155850396056500e-03	2.351589940105520624e-03	4.475797020476000453e-04
3.118872522930879010e-05	3.172498910350433216e-03	-7.547989395130900395e-04	-2.450333635951364446e-04	-1.437505709943024670e-03	2.269772176393179772e-03	-2.428096755597350777e-04	-6.873290512849683509e-03	2.036187066040152580e-03	5.490114093713081844e-02	-2.937506896728597078e-02	1.377554568503794839e-03	-9.518478415954210884e-04	2.038025884049225918e-03	-7.937243271630854604e-04	-3.689584958899061462e-02	1.598959087466633820e-04	-3.136124182802676325e-02	-2.157201782294779983e-04	2.735165936530748257e-03	3.184092591440626507e-02	-1.056595196170157652e-02	2.173636912084280989e-03	8.642516610183975656e-02	3.258106398878928890e-04	1.777801804073017447e-03	1.039978168384100062e-03	2.007038676892307881e-03	-9.350545556647579630e-04	1.084318721566067878e-04	-2.303394849556355769e-04	-2.199068622934124626e-03	-2.064331694963230171e-03	6.356691292926136723e-04	2.988055593054580322e-02	-2.088643383415083807e-03	-5.559807055599112063e-02	4.700202649102369623e-03	-1.172917152193619786e-03	-3.640727125485693216e-02	1.573230730405516132e-03	2.646380956359224278e-03	-9.423616559034697984e-03	2.528561244131102186e-04	3.078286024697436327e-03	-1.358327413241244386e-04	1.251131972493734574e-04	1.345795968410248584e-04	-1.338995855224379213e-04	-1.813926049803549732e-03	2.902427416106883283e-03	2.201969620022221083e-04	-6.930437966387633774e-04	-9.080988589403541505e-04	-8.533412561265165622e-04	2.194855660019297359e-03	-6.280596368858372067e-03	-3.463531650775700244e-02	8.102534019811677424e-02	-3.284877009607609262e-03	-3.408452995780519856e-02	1.402525736746418599e-03	4.289623048283430318e-04	5.176701373775639912e-04
3.349430785968142595e-04	-3.602713310672634546e-04	-2.064063818883748341e-04	1.056688775909128165e-02	-2.201085916193761026e-04	-1.781894609915790628e-02	9.881228090624409599e-03	-6.835308142246567832e-04	-4.324798140820253060e-04	-4.582260971994393610e-04	7.436934696173015582e-04	-3.113920236966536727e-03	-2.174829239703212225e-04	8.277290312160171058e-04	-2.700346088606974250e-04	3.356630866118657928e-05	6.967391988201343859e-05	2.094351143334038587e-04	-1.675289297799626158e-04	4.614068676492686554e-04	-6.373615837690730648e-05	3.972814416087250993e-04	-1.855791359817877669e-04	3.258106398878928890e-04	1.168136294676386071e-02	-3.063606928397424878e-03	-6.249541799778692442e-04	2.980449173144721076e-02	6.406287004981020897e-04	-1.173429877757491829e-02	-8.141457040367811905e-04	1.057982612866588054e-03	-7.118347640370052687e-04	5.801358784608669705e-05	-2.038136236261754752e-04	3.279468241845783535e-04	5.204455335606165012e-04	-1.197017353493293104e-03	2.689678026619991835e-03	-3.828949232905071425e-04	-1.909610596909612837e-02	1.514762323850106247e-03	8.520408061767161846e-04	-1.251699885755847182e-02	-1.180676701033795545e-03	2.623854511258227494e-04	1.214367225807459760e-02	-1.064650596875891479e-03	1.016454850725586820e-02	-6.315173782626452240e-04	-5.425902205077894579e-04	-1.278945062769219483e-04	2.776773053470598350e-03	1.144323124987254095e-02	-2.825135926040545781e-02	2.240083819997644790e-03	-2.765812566570869410e-04	8.720152879573188701e-05	-2.450333635914749312e-04	1.433876334968546985e-03	1.128952097134012898e-04	-6.724859174996118856e-04	1.015126570564813587e-03	-2.281979319362501728e-04
-3.785369688158457535e-05	4.822929374300196736e-04	-6.791561291989983836e-04	-3.113920236951819333e-03	1.630422929991972615e-03	5.260826895718652592e-03	-2.933168290104551813e-03	5.828519155834769889e-04	5.742842932737039253e-04	2.362171663973286332e-04	2.244485800256807275e-05	2.765631305366993142e-03	-2.764204222000000988e-04	-1.266999514051893056e-03	3.098973782775575028e-04	-4.373525626987799422e-04	-3.054464375451262318e-04	-6.893661284036158238e-04	-1.876945348303784124e-04	-5.330049322406910095e-04	9.638785388768568094e-04	2.874024794086113034e-04	6.861431390549889387e-04	1.777801804073017447e-03	-3.063606928397424878e-03	6.688612680189022323e-03	-3.646771338742553579e-03	-8.810277060890846224e-03	9.332016627086885292e-05	3.719639843463767859e-03	-1.135408514050433373e-05	-3.896844726477640634e-03	4.464297388899056722e-04	7.587007190278211260e-05	8.584286347638064602e-04	-2.278196945690768227e-04	-1.356862842155200088e-03	7.631638872018123125e-04	-2.535873596669544622e-03	-9.047751650523205760e-04	5.870337606364256326e-03	-1.225537723415827309e-03	7.140542021218954918e-04	3.879185847593872530e-03	1.352942158184631182e-03	-1.555754347716340597e-05	-3.722942619136276020e-03	1.010450590661563473e-03	-3.094658443459745185e-03	3.800185201899637286e-04	-1.474672245528456296e-03	-5.254630503423533263e-06	-7.207780232243428484e-04	-3.754811091598725392e-03	8.794346581223376480e-03	7.679574908376024349e-04	3.322912126988930922e-05	-3.545037071295007239e-04	1.377554568444555767e-03	-1.047304838839874285e-03	-5.547422860112906015e-04	7.217752276165259086e-04	-1.240935018748890329e-03	-1.527696754446741779e-04
-2.910878784534189881e-04	-2.684222612575609158e-03	5.379668833885253160e-03	4.614068676433728182e-04	-7.028353328789418639e-03	-1.323980920438439218e-03	7.138965336955070554e-04	5.392578506394374869e-04	2.612189056480737517e-04	1.960911034075996442e-03	-2.376282564123942398e-03	-5.330049322470410732e-04	6.707642058490688192e-04	5.867291238204613976e-04	-3.793677820050975332e-04	-6.286337311297759403e-04	3.941543253224808353e-05	-5.325770706886082942e-04	2.772976203785409359e-04	2.042478793591696396e-04	1.780923603535720706e-04	-9.947386791190249069e-04	2.599403290087758524e-04	1.039978168384100062e-03	-6.249541799778692442e-04	-3.646771338742553579e-03	1.350027979541010975e-02	1.282426532920427110e-03	-6.450725409842635559e-03	-4.006797903773823884e-04	3.358419816284356806e-04	-2.509921310742416201e-03	-2.803958394837175274e-04	-5.545173794393318733e-04	8.946519568560056673e-04	-1.171312353063393825e-04	-5.192697672246022545e-04	2.275680378755216349e-04	2.258220116679826952e-04	7.654920072591088909e-04	-5.949336656737486172e-04	-5.860400971753547406e-03	-4.215909827679926655e-03	-5.021188332295278747e-04	3.738081930545452194e-03	-6.425554929915622358e-04	8.260110866497490925e-04	6.372638379238266572e-03	7.445037300796821314e-04	5.166215866872497439e-03	-1.465432314419245000e-03	-1.594743731277289620e-04	-1.298530533271953068e-03	2.365618207035027898e-03	-2.488900705375795587e-03	-1.254004732382000935e-02	-9.287491497221956683e-04	-1.522768750319911536e-03	2.735165936560748998e-03	-1.539675411853690589e-04	-7.072676766938557113e-04	-1.344627061749210169e-04	5.252783523336024057e-04	6.625655234874819289e-04
7.338656388640701477e-04	-1.099714875317653762e-03	3.691710790441308935e-04	2.980449173145446884e-02	-2.127850341814523007e-03	-5.090126469083483540e-02	2.792525942378951825e-02	-1.695643736081058018e-03	-1.099714875338672973e-03	5.878534181071733925e-04	1.532782027140604816e-04	-8.810277060942953847e-03	-2.061372364187045818e-04	2.986580138937022441e-03	-9.567589235805649354e-04	-1.052332470544981025e-03	3.691710790518165316e-04	1.532782027192688805e-04	-3.091650768914210989e-04	1.282426532932377187e-03	2.388806832113173984e-04	4.738723205409426037e-04	-1.038344227882226833e-03	2.007038676892307881e-03	2.980449173144721076e-02	-8.810277060890846224e-03	1.282426532920427110e-03	8.368970900973735083e-02	4.969421451616358584e-04	-3.432894850372361639e-02	1.446363623006579691e-04	2.947238063102504153e-03	-2.127850341809461518e-03	-2.061372364224812103e-04	2.388806832165888436e-04	4.969421451705886578e-04	4.972698513687856363e-04	-2.573204765941118632e-03	7.473356078421661101e-03	-6.016468486024866263e-04	-5.090126469081358851e-02	2.986580138927478860e-03	4.738723205134044106e-04	-3.432894850371470685e-02	-2.573204765924488706e-03	6.670051277085731287e-04	3.216074505853178805e-02	-1.759596411365640326e-03	2.792525942377951237e-02	-9.567589235881816725e-04	-1.038344227870506391e-03	1.446363622932990553e-04	7.473356078427713552e-03	3.216074505853841470e-02	-7.818420137782042256e-02	3.388394469416557142e-03	-1.695643736048049483e-03	-1.052332470546740685e-03	2.007038676897182888e-03	2.947238063138472777e-03	-6.016468486050007827e-04	-1.759596411376303238e-03	3.388394469398969648e-03	5.699560243932586152e-05
2.433333528907161971e-04	3.434658744586000650e-03	-4.237127393337320434e-03	3.279468241848357973e-04	4.129955404938870020e-03	-1.112238039390783697e-04	-2.030726947982964214e-04	7.801594688198606412e-04	-3.009007893548902579e-04	-9.052759956181806542e-04	1.264690476544186228e-03	-2.278196945641510754e-04	-3.978224251608506856e-04	-1.727933266790250013e-04	2.903583038458988001e-04	-8.217730905659006253e-05	2.526852767710595186e-05	3.458019692775903377e-04	-2.723356139044835438e-06	-1.171312353089867060e-04	-4.213039191403434138e-04	7.623717598515332254e-04	-2.940209092387416237e-04	-9.350545556647579630e-04	6.406287004981020897e-04	9.332016627086885292e-05	-6.450725409842635559e-03	4.969421451616358584e-04	5.434735078113375577e-03	-8.557688563848446809e-04	-2.881647079691611476e-04	7.172005073729212365e-03	1.801075199754436588e-04	4.244381522144265195e-04	-1.198030692546316837e-03	2.621130276044760670e-04	8.608442128614898683e-04	-3.663480891147330182e-04	1.508050793086784976e-04	-6.842402886940562585e-05	-1.900417851614775880e-04	3.987214721865796514e-03	1.207149484978765940e-03	-1.662839787559243509e-04	-4.954675059068797127e-03	6.476830605727916003e-04	-6.669924997826015751e-06	-5.751525751560156510e-03	-5.150144733467804450e-04	-4.536769284758416024e-03	5.214228904636838101e-03	-3.001765429448283997e-04	2.827530777513739780e-04	-7.342113142081403221e-04	5.334970919974829466e-04	6.528033578111503907e-03	7.235881770331818947e-04	8.719359985226137746e-04	-2.088643383410725748e-03	4.821365080767916643e-04	6.555048736856915062e-04	-1.082091820284337828e-04	-2.222462380656892048e-04	-5.259186076632485382e-05
-4.287677815098655393e-04	-1.917695117010705672e-04	3.107098922406313635e-04	-1.251699885756558245e-02	7.052243922669324330e-04	2.170644821777799327e-02	-1.181186441482365290e-02	1.844969580806856183e-04	6.230257116527356887e-04	2.378151335410851172e-04	-4.200126301171967997e-04	3.879185847617549338e-03	2.265366984882714006e-04	-1.331683817100186729e-03	3.674971426971464662e-04	5.751674854593413636e-04	-2.485888375690223839e-04	-3.935033017995344363e-04	3.162768383426379235e-06	-5.021188332256298426e-04	2.464910618522112278e-04	-6.850583017223155343e-04	6.878215735776800621e-04	1.084318721566067878e-04	-1.173429877757491829e-02	3.719639843463767859e-03	-4.006797903773823884e-04	-3.432894850372361639e-02	-8.557688563848446809e-04	1.560572878181869065e-02	-1.104103839261729066e-03	-2.984208678929465078e-03	8.647644779571346616e-04	-1.507074423649670640e-05	7.638493338918564760e-04	-1.662839787640270003e-04	-1.089665502939279060e-03	1.110858562512740105e-03	-3.043843584217414099e-03	-3.897622753500952497e-04	2.034626907258072284e-02	-1.432669145288891725e-03	-1.565336086251175218e-04	1.396999822853076632e-02	2.149715767382073643e-03	-5.996198648402374220e-04	-1.264878750208254729e-02	1.562676062763777721e-03	-1.120898615493660586e-02	1.002508504245132456e-03	-8.242557042073436714e-04	-2.103261578800328508e-04	-3.176348582511217926e-03	-1.314074128076840597e-02	3.167782563046305649e-02	-1.537721129280299713e-03	5.609256655437647263e-04	7.774811823734451813e-05	2.528561244224674797e-04	-1.193777789044711329e-03	-2.467948140057270767e-04	7.222118702278925145e-04	-1.251440008024560331e-03	-2.917967854996438275e-04
6.231743235299540143e-04	2.077997739244900801e-04	4.800223900474029381e-05	-1.278945062745709643e-04	-2.987504281598014205e-04	-4.789134599186114149e-04	6.921140238417449516e-04	-7.775085653113870542e-05	-4.446848349113534729e-05	-2.945390658149653687e-05	-1.137611828564550590e-04	-5.254630508805207916e-06	3.076339000581271641e-05	3.726637966141871242e-04	-2.897351881036973895e-04	-9.285227677507089123e-05	7.980672341981523681e-05	2.401571155225756208e-04	-6.960369710186542654e-05	-1.594743731310765446e-04	1.396579332522481127e-04	3.692610969716894273e-05	-3.537445114002503465e-04	-2.303394849556355769e-04	-8.141457040367811905e-04	-1.135408514050433373e-05	3.358419816284356806e-04	1.446363623006579691e-04	-2.881647079691611476e-04	-1.104103839261729066e-03	2.837068720542754250e-03	2.147239262303104101e-04	-2.597887968089451462e-05	-5.807636534305010147e-05	-5.991103861354308419e-06	-3.001765429409342166e-04	-7.701343877438874630e-05	2.342173104988958519e-04	1.872309435615106168e-04	2.430271419358495373e-04	6.796162465351552120e-04	5.525753145034251754e-05	-3.110939073929104549e-04	-2.103261578835851579e-04	9.618612649180330928e-07	-5.846049425730305473e-04	-1.346539646608561512e-03	-8.816112525470676492e-05	-1.171240552476544589e-06	-3.375616540539666424e-04	3.444514069408358050e-04	1.899630675115966411e-03	1.045535453403310933e-04	-3.387550393979538036e-04	5.652577687204544780e-04	3.821752827315558383e-06	-2.794309300769190181e-04	4.967925185741140122e-05	2.201969619941672451e-04	-5.298668636597001110e-04	-2.144947034291113427e-04	-5.026482986901560667e-05	4.744903575863287579e-04	3.586964678400403854e-05
4.835945617579935889e-04	6.351694769919248758e-03	-5.431218700090440291e-03	1.433876334963828103e-03	3.132661139977404793e-03	-2.041964759384585007e-03	5.360149527189963809e-04	3.001798876304928327e-03	-6.379813609339620014e-04	-8.002053172120164332e-04	9.696766577209153196e-04	-1.047304838830034933e-03	-2.633128095506728382e-04	2.014628729810153198e-04	2.115548343151139041e-04	-5.659131000345951103e-04	1.748415402357065543e-04	6.564855540332395880e-04	3.576225041972101184e-04	-1.539675411920996776e-04	-1.155112733960928298e-03	1.232065802862261986e-03	-7.698332379032152891e-04	-2.199068622934124626e-03	1.057982612866588054e-03	-3.896844726477640634e-03	-2.509921310742416201e-03	2.947238063102504153e-03	7.172005073729212365e-03	-2.984208678929465078e-03	2.147239262303104101e-04	1.704603519087350555e-02	1.855835009714543583e-04	5.037638919369875467e-04	-2.545387711635280735e-03	4.821365080782854238e-04	2.163310282408805428e-03	-9.183155122125768836e-04	1.245946890469526187e-03	9.599717145062408499e-04	-1.374623773561921714e-03	4.106801001289956191e-03	-8.818428259678001008e-04	-1.193777789025490376e-03	-9.213221364738713795e-03	8.408934260254127564e-04	7.014508747629658947e-04	-8.498448703322676601e-03	-4.590858905999061325e-04	-6.565679073719672340e-03	1.243691534491896816e-02	-5.298668636685064347e-04	-5.587966115023073081e-04	6.980465106392140908e-04	-1.437727676294395457e-03	3.711111565110307518e-03	1.374721713732783568e-03	1.043532802621384946e-03	-3.284877009570700852e-03	1.145720806236069905e-03	1.076574606688598078e-03	-5.108129191558341553e-04	1.629017923601598704e-04	3.869580277483721398e-04
2.236936271482449989e-04	-2.915702770994502125e-05	-1.350646811372654119e-04	-2.201085916153447679e-04	3.341635873173958945e-04	1.424957145410066500e-03	-1.144365343010451692e-03	5.420416156979499227e-04	1.988336016243586607e-03	-1.414054885709758449e-03	5.383273752276197116e-04	1.630422929991891083e-03	2.570539029946295709e-04	3.608094970538350266e-03	-3.422643521011905013e-03	9.691168331291577943e-04	-3.595991746044536683e-03	1.468373584752085325e-03	-2.922600569305603335e-05	-7.028353328787590240e-03	-8.369223627035212235e-04	1.261272314261045269e-03	2.762070040898759356e-03	-2.064331694963230171e-03	-7.118347640370052687e-04	4.464297388899056722e-04	-2.803958394837175274e-04	-2.127850341809461518e-03	1.801075199754436588e-04	8.647644779571346616e-04	-2.597887968089451462e-05	1.855835009714543583e-04	4.765140719185181201e-03	-2.689991743159331791e-04	-7.068723632078222074e-04	4.129955404937392036e-03	1.013246242757135339e-03	-2.330618297545555481e-03	-7.892002367014623512e-04	6.209185811100643992e-04	1.596162865926867465e-03	-4.078384462212310204e-04	7.383394251127209243e-04	7.052243922645365631e-04	-9.406413418306527950e-05	4.209454612045569559e-04	-1.863845158763720745e-03	1.136192085043312839e-04	-1.132966561504907899e-03	1.364604759364005380e-04	1.521129008902102875e-04	-2.987504281604572544e-04	-7.645433749264043911e-04	-1.080731744198558820e-03	2.954314010247733636e-03	-4.313462320237647710e-04	9.220267046854170589e-04	5.480450814763289814e-04	-1.437505709938454107e-03	3.132661139975585068e-03	2.761786817028937169e-05	-4.033218012292932170e-03	6.304627149106919667e-03	-2.879732189702917844e-04
3.306620502310008499e-05	2.952619370789501393e-04	-2.309822391286568092e-04	-2.174829239727303740e-04	2.570539029942351924e-04	2.201424896329385716e-04	-6.476286777815478193e-05	-8.682138667315794417e-05	-4.406826814811080559e-04	1.037042923670019007e-05	3.635747165213782262e-04	-2.764204221987562478e-04	1.645123658205226234e-04	-2.862908026178166351e-04	4.124891313654759388e-04	-3.027017157862085719e-04	4.640056235870953453e-04	-5.010444876359325785e-04	-4.790577923772562207e-04	6.707642058464827802e-04	2.470118642160883918e-04	-4.395753194655950015e-05	-4.504833972678210733e-04	6.356691292926136723e-04	5.801358784608669705e-05	7.587007190278211260e-05	-5.545173794393318733e-04	-2.061372364224812103e-04	4.244381522144265195e-04	-1.507074423649670640e-05	-5.807636534305010147e-05	5.037638919369875467e-04	-2.689991743159331791e-04	9.759043742448815983e-04	-6.008984131804784301e-04	-3.978224251589393455e-04	1.481260223628024170e-04	3.431730032697225484e-04	-7.490935193877354490e-05	-4.697858477120959563e-04	1.110748573217749198e-04	2.718391362275352310e-04	3.352859230997838938e-04	2.265366984889322761e-04	-5.645173475356859418e-04	-3.657911290555252538e-05	1.745643987788619736e-04	-6.121300288150553857e-04	-2.397464831338359348e-04	-3.878641767962570219e-04	2.110723364846746244e-04	3.076339000806293058e-05	2.477973607050056449e-04	-2.565200992606229318e-04	2.572077317560330116e-04	7.429832278441571812e-04	1.916258436369477989e-04	5.672795968208798950e-04	-9.518478415933922208e-04	-2.633128095487748338e-04	4.156795514335810508e-04	3.009506872927507305e-04	-6.048047573948835912e-04	6.768113648475220217e-04
-1.253583282027917413e-04	1.807125158489276203e-04	4.527546227985321833e-04	-6.373615837350400941e-05	-8.369223627076761030e-04	9.245650250598961293e-04	-8.024443416713324790e-05	-2.386247414912925392e-03	1.126111885359274995e-03	1.965408937197533207e-02	-1.096551321683707919e-02	9.638785389047852068e-04	2.470118642146577328e-04	9.343918154378389081e-04	-6.413385536239199058e-04	-1.265858439372262445e-02	-1.956163001180124378e-04	-1.040705602284527388e-02	-1.041277745351687880e-03	1.780923603375627142e-04	1.157752820985987613e-02	-3.439671054165129027e-03	8.438465078178354010e-04	2.988055593054580322e-02	-2.038136236261754752e-04	8.584286347638064602e-04	8.946519568560056673e-04	2.388806832165888436e-04	-1.198030692546316837e-03	7.638493338918564760e-04	-5.991103861354308419e-06	-2.545387711635280735e-03	-7.068723632078222074e-04	-6.008984131804784301e-04	1.306751510902814939e-02	-4.213039191400952399e-04	-2.143361209910949611e-02	1.221352087925342339e-03	3.373955678788800872e-05	-1.264074406172649261e-02	9.106421954089533683e-04	6.601400611719645531e-04	-3.814910603708183620e-03	2.464910618459627539e-04	2.452145495070285307e-03	-1.740058741430973964e-04	-4.905890898816783145e-04	9.788269080759329395e-04	2.750266604181628573e-04	1.777339087627018231e-04	-3.773418810379715327e-04	1.396579332519248579e-04	-1.718233174817921153e-04	-3.305547166139905803e-04	-3.590413349302703063e-05	2.308866431664716580e-04	-2.674219981079090178e-03	-1.352071103784584921e-02	3.184092591438905662e-02	-1.155112733977370007e-03	-1.364613499984115678e-02	4.200076937181764284e-05	1.093486052163786595e-03	4.263502359995660629e-04
2.433333528910230535e-04	-3.009007893565323363e-04	2.526852767729926511e-05	6.406287005032068388e-04	1.801075199753923760e-04	-1.900417851696067733e-04	-5.150144733439636878e-04	7.235881770351960170e-04	3.434658744585777305e-03	-9.052759956213713528e-04	3.458019692826445088e-04	9.332016627077680416e-05	4.244381522144377952e-04	3.987214721867859968e-03	-4.536769284760355445e-03	8.719359985276424127e-04	-4.237127393336859865e-03	1.264690476543871593e-03	-2.723356141403735799e-06	-6.450725409845835256e-03	-1.198030692546059664e-03	1.207149484980250863e-03	5.214228904635362719e-03	-2.088643383415083807e-03	3.279468241845783535e-04	-2.278196945690768227e-04	-1.171312353063393825e-04	4.969421451705886578e-04	2.621130276044760670e-04	-1.662839787640270003e-04	-3.001765429409342166e-04	4.821365080782854238e-04	4.129955404937392036e-03	-3.978224251589393455e-04	-4.213039191400952399e-04	5.434735078115936896e-03	8.608442128618282478e-04	-4.954675059073364654e-03	2.827530777596445975e-04	6.555048736832467388e-04	-1.112238039417912333e-04	-1.727933266766591637e-04	7.623717598442980191e-04	-8.557688563925115082e-04	-3.663480891121799390e-04	6.476830605759133436e-04	-7.342113142089953240e-04	-1.082091820284336066e-04	-2.030726947991445656e-04	2.903583038459997393e-04	-2.940209092363067767e-04	-2.881647079698651743e-04	1.508050793077931381e-04	-6.669924993994079355e-06	5.334970919958275867e-04	-2.222462380660438202e-04	7.801594688202964905e-04	-8.217730905202746874e-05	-9.350545556712612245e-04	7.172005073731712969e-03	-6.842402886923822504e-05	-5.751525751563069978e-03	6.528033578115674182e-03	-5.259186077010583949e-05
5.111676207191802454e-06	-1.526222045255043241e-03	2.086522306718127673e-04	5.204455335613834659e-04	1.013246242763899459e-03	-2.404649848063458023e-03	6.254337309613711843e-04	4.331015499273748771e-03	-1.526222045267293641e-03	-3.571582032894658060e-02	1.963814827035785526e-02	-1.356862842202199602e-03	1.481260223663548596e-04	-1.811780280641084838e-03	9.031688198557207307e-04	2.340691226947491307e-02	2.086522306774159241e-04	1.963814827036197350e-02	8.381936876957322719e-04	-5.192697671983125202e-04	-2.143361209911423537e-02	6.377773553478262997e-03	-9.295960763476307813e-04	-5.559807055599112063e-02	5.204455335606165012e-04	-1.356862842155200088e-03	-5.192697672246022545e-04	4.972698513687856363e-04	8.608442128614898683e-04	-1.089665502939279060e-03	-7.701343877438874630e-05	2.163310282408805428e-03	1.013246242757135339e-03	1.481260223628024170e-04	-2.143361209910949611e-02	8.608442128618282478e-04	3.884782695209239994e-02	-2.540585964909914708e-03	-4.290238780755553020e-04	2.426066066632424564e-02	-2.404649848056421117e-03	-1.811780280661076225e-03	6.377773553506001225e-03	-1.089665502930129478e-03	-2.540585964907701635e-03	1.400447253685182104e-05	1.432273931529667171e-03	-2.460326273488802878e-04	6.254337309612322980e-04	9.031688198585553773e-04	-9.295960763503827032e-04	-7.701343877786974001e-05	-4.290238780965987988e-04	1.432273931535846473e-03	-1.456109864865147083e-03	-1.938539327085444857e-03	4.331015499280175055e-03	2.340691226946345349e-02	-5.559807055596628633e-02	2.163310282433706516e-03	2.426066066631528406e-02	-2.460326273583133888e-04	-1.938539327075573197e-03	1.534517783948901345e-04
-3.010558860601126479e-04	5.503270288239427762e-04	-1.359595296306808688e-04	-1.180676701041631724e-03	-9.406413418611144037e-05	1.796825990858860181e-03	-2.113222470414574748e-04	-1.244425174475060659e-03	-3.714048496373421708e-03	2.019494682110641991e-03	-9.876090040213331492e-04	1.352942158185285390e-03	-5.645173475339333290e-04	-2.508921874692500616e-03	4.066172513866383315e-03	-1.873401023242414519e-03	3.516464040114291624e-03	-1.684727145779155253e-03	-1.518474055870832446e-04	3.738081930550003242e-03	2.452145495069579274e-03	-2.050859698178188369e-03	-5.857477501579704676e-03	4.700202649102369623e-03	-1.197017353493293104e-03	7.631638872018123125e-04	2.275680378755216349e-04	-2.573204765941118632e-03	-3.663480891147330182e-04	1.110858562512740105e-03	2.342173104988958519e-04	-9.183155122125768836e-04	-2.330618297545555481e-03	3.431730032697225484e-04	1.221352087925342339e-03	-4.954675059073364654e-03	-2.540585964909914708e-03	6.718655903593101844e-03	-1.461574063938794570e-03	-1.901838295811856877e-03	1.957073279140670793e-03	3.398350961113155494e-04	-1.923245491594328688e-03	2.149715767393726648e-03	1.030058150162395034e-03	-5.058014471403021652e-04	-5.429047546811323430e-04	3.458876172957522379e-04	-7.340109339143993748e-04	-4.030921932233342197e-04	8.671351122419652859e-04	9.618612664945443667e-07	-1.094052129347514125e-03	-1.161280810716267767e-03	1.720839556053179245e-03	1.470519440811483120e-04	-1.258236448345588336e-03	-6.088416130220909283e-04	3.078286024709347372e-03	-9.213221364744807879e-03	-1.061788983797195326e-03	5.675020180490361610e-03	-4.270136114240788601e-03	-1.541043968362471994e-04
-7.908462151075543514e-05	-8.784328119273632956e-04	4.425156109768266276e-04	2.776773053470945728e-03	-7.645433749223162984e-04	-4.984558205751478399e-03	2.977151850622930095e-03	4.035069933102268048e-04	-1.422627759848230870e-03	-4.243263547635871486e-04	1.459380308193231654e-04	-7.207780232201112074e-04	2.477973607078013145e-04	1.276461750062441846e-03	1.008793404726325441e-04	7.394180711407585815e-04	7.437901350391449380e-04	4.589003155427227973e-04	-5.905353370079440630e-05	-1.298530533283555766e-03	-1.718233174967733769e-04	9.839246379173523585e-04	-3.887479860331402148e-03	-1.172917152193619786e-03	2.689678026619991835e-03	-2.535873596669544622e-03	2.258220116679826952e-04	7.473356078421661101e-03	1.508050793086784976e-04	-3.043843584217414099e-03	1.872309435615106168e-04	1.245946890469526187e-03	-7.892002367014623512e-04	-7.490935193877354490e-05	3.373955678788800872e-05	2.827530777596445975e-04	-4.290238780755553020e-04	-1.461574063938794570e-03	7.342049073331112681e-03	2.332339738912696117e-04	-5.272957263045718011e-03	4.381853391289305651e-04	1.092882627958897436e-03	-3.176348582511040550e-03	-1.094052129349524670e-03	-2.836510916835226906e-05	2.929204018253111184e-03	-6.615667663203580150e-04	3.099131572832626146e-03	2.382607675216796882e-04	-1.470284253453954526e-03	1.045535453368687208e-04	3.377602035823174670e-03	3.331645932201085687e-03	-7.885211304670586979e-03	1.039626841351912277e-03	3.899959492764580268e-04	5.508311362808589922e-04	-6.930437966565113333e-04	-5.587966114918805358e-04	-3.012028465639736332e-04	-1.155389117330974085e-03	3.960241173424083015e-03	-3.983288170625990960e-04
-1.833551463050569726e-04	-1.276021040481396026e-03	6.494712532710451847e-04	1.128952097150008268e-04	2.761786817425792434e-05	-1.390368361055090022e-03	4.078836597914096561e-04	2.921286636446004774e-03	-8.538254789345324459e-04	-2.275551843056221671e-02	1.224154883382931602e-02	-5.547422860422306957e-04	4.156795514342664834e-04	-9.607509720987951387e-04	4.818154014432492150e-04	1.493333369349113780e-02	9.956051048945650859e-05	1.312973699105262140e-02	-4.065110782899044781e-05	-7.072676766733817458e-04	-1.364613499984676862e-02	4.161824383171272221e-03	-8.465313516106159246e-04	-3.640727125485693216e-02	-3.828949232905071425e-04	-9.047751650523205760e-04	7.654920072591088909e-04	-6.016468486024866263e-04	-6.842402886940562585e-05	-3.897622753500952497e-04	2.430271419358495373e-04	9.599717145062408499e-04	6.209185811100643992e-04	-4.697858477120959563e-04	-1.264074406172649261e-02	6.555048736832467388e-04	2.426066066632424564e-02	-1.901838295811856877e-03	2.332339738912696117e-04	1.676838843978933208e-02	-9.996538089643537076e-04	-1.709857039709457033e-03	3.506460161047825989e-03	-2.467948140001001759e-04	-1.061788983794260174e-03	-1.275578046545630445e-04	3.779398022107321835e-04	4.535066231198619201e-04	3.555554778992720422e-04	1.123060590588340546e-03	-8.649404106275040277e-04	-2.144947034337968579e-04	-3.012028465730616869e-04	1.254302416326709977e-03	-5.776102186227710308e-04	-2.373658746077127873e-03	2.502494982799300348e-03	1.435432343140654460e-02	-3.408452995780145156e-02	1.076574606700795352e-03	1.493435334903357552e-02	-3.753190176596524837e-04	-7.328724319015465088e-04	8.929497342986814079e-04
-6.360927203725072455e-05	1.354764068996929319e-03	-6.316210196735449816e-04	-1.781894609915318436e-02	1.424957145417351471e-03	3.133264433824748535e-02	-1.773237734832215640e-02	7.546184267983493520e-04	1.049029242478452615e-03	1.694785683245825236e-03	-1.343480906057775443e-03	5.260826895744802681e-03	2.201424896334401235e-04	-1.112316370541167540e-03	7.555060998879675803e-05	-8.412941297113981157e-04	-5.408031425540358152e-04	-9.629956859672290015e-04	1.413073471995439573e-04	-1.323980920449908992e-03	9.245650250571646987e-04	-7.471504795666872789e-04	1.032491941101148364e-03	1.573230730405516132e-03	-1.909610596909612837e-02	5.870337606364256326e-03	-5.949336656737486172e-04	-5.090126469081358851e-02	-1.900417851614775880e-04	2.034626907258072284e-02	6.796162465351552120e-04	-1.374623773561921714e-03	1.596162865926867465e-03	1.110748573217749198e-04	9.106421954089533683e-04	-1.112238039417912333e-04	-2.404649848056421117e-03	1.957073279140670793e-03	-5.272957263045718011e-03	-9.996538089643537076e-04	3.435566816273797480e-02	-1.412868779449137028e-03	-2.074658356551457253e-03	2.170644821776315792e-02	1.796825990845034001e-03	2.204666889119234925e-04	-2.216463298767520906e-02	8.312252276153482252e-04	-1.903270391853927046e-02	1.006058290079765000e-04	1.903975241149440502e-03	-4.789134599156392915e-04	-4.984558205751008289e-03	-2.058741399432469088e-02	5.107129456057298705e-02	-1.926238304840253122e-03	-1.951725804303796165e-04	-8.194482096470115211e-04	2.269772176387258728e-03	-2.041964759401735351e-03	-1.390368361053122628e-03	8.083488382312969478e-04	-1.131331524671818972e-03	-7.069221052955577738e-05
2.716258731056199775e-04	2.397792888571191171e-03	-3.502407559146053159e-03	8.277290312142678540e-04	3.608094970535631954e-03	-1.112316370534654087e-03	7.576409528725969785e-04	-1.346499304940130788e-03	8.335664197982823123e-05	1.294354178528984945e-03	2.744454034385405560e-05	-1.266999514057053642e-03	-2.862908026175938858e-04	1.114402304418565240e-03	-4.760543065293542601e-04	-1.354960751322260588e-03	4.666510354775035862e-05	-7.004540081504913350e-04	-2.522238149454324131e-04	5.867291238196701468e-04	9.343918154481095553e-04	-1.575786082290517960e-03	4.087025684583189822e-04	2.646380956359224278e-03	1.514762323850106247e-03	-1.225537723415827309e-03	-5.860400971753547406e-03	2.986580138927478860e-03	3.987214721865796514e-03	-1.432669145288891725e-03	5.525753145034251754e-05	4.106801001289956191e-03	-4.078384462212310204e-04	2.718391362275352310e-04	6.601400611719645531e-04	-1.727933266766591637e-04	-1.811780280661076225e-03	3.398350961113155494e-04	4.381853391289305651e-04	-1.709857039709457033e-03	-1.412868779449137028e-03	6.529957852967821670e-03	-1.902750341176801582e-03	-1.331683817089587352e-03	-2.508921874694384525e-03	4.113734292420527430e-04	7.906098357544364200e-04	-5.528013494551954968e-03	6.608458944816219833e-04	-4.931355828964244584e-03	3.817924174748419178e-03	3.726637966096732111e-04	1.276461750072557452e-03	-5.973087068971161950e-06	-2.312084716199292421e-03	8.936095369003502903e-03	-1.175344850711676492e-03	-9.111412269741204573e-04	2.038025884083595994e-03	2.014628729880981687e-04	-9.607509721116224430e-04	-3.542663632726403213e-04	8.523405956934319069e-04	2.312826068891729077e-05
1.419339598791749622e-05	-1.221979768016482216e-03	-3.381553213256666265e-05	3.972814416010806066e-04	1.261272314269170280e-03	-7.471504795596546015e-04	2.083077043669018507e-04	6.196030641047141959e-04	-8.391866835396487225e-04	-6.238523363538523228e-03	3.752938565639452745e-03	2.874024794245009910e-04	-4.395753194996245163e-05	-1.575786082293697925e-03	8.522178279432560035e-04	4.342827208674774134e-03	4.327993677075165767e-05	3.171127557624267221e-03	1.182373039237332260e-04	-9.947386791180814342e-04	-3.439671054176867034e-03	4.379274572256483360e-03	-1.520008404264358961e-03	-9.423616559034697984e-03	8.520408061767161846e-04	7.140542021218954918e-04	-4.215909827679926655e-03	4.738723205134044106e-04	1.207149484978765940e-03	-1.565336086251175218e-04	-3.110939073929104549e-04	-8.818428259678001008e-04	7.383394251127209243e-04	3.352859230997838938e-04	-3.814910603708183620e-03	7.623717598442980191e-04	6.377773553506001225e-03	-1.923245491594328688e-03	1.092882627958897436e-03	3.506460161047825989e-03	-2.074658356551457253e-03	-1.902750341176801582e-03	8.883115821184251262e-03	-6.850583017097301155e-04	-2.050859698164153588e-03	1.458218779490189575e-04	7.145380861496482012e-04	-2.027311636292987982e-04	7.057139377621982545e-04	1.121084090243948872e-03	-4.240644696628782448e-03	3.692610969621728427e-05	9.839246378832257941e-04	-9.537098836277595713e-05	-7.607286571056914859e-05	1.398178660176769509e-03	3.261774904042591926e-03	4.593784046029728702e-03	-1.056595196174733853e-02	1.232065802845821361e-03	4.161824383192983152e-03	-2.059767380752806562e-04	-9.575219624383076757e-04	-4.470910466937408258e-04
-4.287677815093787325e-04	6.230257116435377511e-04	-2.485888375692439948e-04	-1.173429877757458176e-02	8.647644779650571437e-04	2.034626907258562170e-02	-1.120898615493863548e-02	5.609256655616301013e-04	-1.917695116969809024e-04	2.378151335411694681e-04	-3.935033017989647422e-04	3.719639843483826466e-03	-1.507074423538415234e-05	-1.432669145294609373e-03	1.002508504244819122e-03	7.774811824042571228e-05	3.107098922399421361e-04	-4.200126301166809905e-04	3.162768385549219984e-06	-4.006797903799760169e-04	7.638493338875429776e-04	-1.565336086341032268e-04	-8.242557042069967267e-04	2.528561244131102186e-04	-1.251699885755847182e-02	3.879185847593872530e-03	-5.021188332295278747e-04	-3.432894850371470685e-02	-1.662839787559243509e-04	1.396999822853076632e-02	-2.103261578835851579e-04	-1.193777789025490376e-03	7.052243922645365631e-04	2.265366984889322761e-04	2.464910618459627539e-04	-8.557688563925115082e-04	-1.089665502930129478e-03	2.149715767393726648e-03	-3.176348582511040550e-03	-2.467948140001001759e-04	2.170644821776315792e-02	-1.331683817089587352e-03	-6.850583017097301155e-04	1.560572878181029806e-02	1.110858562505136812e-03	-5.996198648393697350e-04	-1.314074128076175851e-02	7.222118702188086350e-04	-1.181186441481597675e-02	3.674971426960940311e-04	6.878215735741261558e-04	-1.104103839257286872e-03	-3.043843584219415536e-03	-1.264878750208452834e-02	3.167782563045446614e-02	-1.251440008024086101e-03	1.844969580691089954e-04	5.751674854599854881e-04	1.084318721504800155e-04	-2.984208678952080668e-03	-3.897622753467122137e-04	1.562676062772904318e-03	-1.537721129277229469e-03	-2.917967854979050383e-04
-3.010558860611017113e-04	-3.714048496373969881e-03	3.516464040115178068e-03	-1.197017353491400954e-03	-2.330618297548676249e-03	1.957073279131259051e-03	-7.340109339114414544e-04	-1.258236448342174834e-03	5.503270288200481052e-04	2.019494682108060289e-03	-1.684727145777694399e-03	7.631638871931480193e-04	3.431730032717874115e-04	3.398350961135386517e-04	-4.030921932231738662e-04	-6.088416130167367043e-04	-1.359595296308640719e-04	-9.876090040148340077e-04	-1.518474055894016754e-04	2.275680378777559317e-04	1.221352087921680988e-03	-1.923245491598622563e-03	8.671351122445660701e-04	3.078286024697436327e-03	-1.180676701033795545e-03	1.352942158184631182e-03	3.738081930545452194e-03	-2.573204765924488706e-03	-4.954675059068797127e-03	2.149715767382073643e-03	9.618612649180330928e-07	-9.213221364738713795e-03	-9.406413418306527950e-05	-5.645173475356859418e-04	2.452145495070285307e-03	-3.663480891121799390e-04	-2.540585964907701635e-03	1.030058150162395034e-03	-1.094052129349524670e-03	-1.061788983794260174e-03	1.796825990845034001e-03	-2.508921874694384525e-03	-2.050859698164153588e-03	1.110858562505136812e-03	6.718655903579337681e-03	-5.058014471388742710e-04	-1.161280810706442944e-03	5.675020180484490438e-03	-2.113222470342151940e-04	4.066172513865273092e-03	-5.857477501587125823e-03	2.342173105019386111e-04	-1.461574063917984176e-03	-5.429047546779361150e-04	1.720839556041856705e-03	-4.270136114231581556e-03	-1.244425174466199692e-03	-1.873401023239648503e-03	4.700202649097789953e-03	-9.183155122062169537e-04	-1.901838295813259617e-03	3.458876172950934224e-04	1.470519440779299663e-04	-1.541043968386395185e-04
-1.246818764941261606e-04	3.232764229332730382e-04	-4.116795622262917000e-04	2.623854511261460042e-04	4.209454612019523229e-04	2.204666889102437381e-04	-5.011016599031697591e-04	1.782880443475084651e-05	3.232764229345257796e-04	-1.764798301441976346e-04	2.991791271107600717e-04	-1.555754347781362912e-05	-3.657911290664131508e-05	4.113734292450334858e-04	-3.632132380419950037e-04	-2.063399485736949247e-04	-4.116795622281042692e-04	2.991791271099642131e-04	-6.129466929430090263e-05	-6.425554929961065607e-04	-1.740058741433307167e-04	1.458218779498750436e-04	5.288035263121446897e-04	-1.358327413241244386e-04	2.623854511258227494e-04	-1.555754347716340597e-05	-6.425554929915622358e-04	6.670051277085731287e-04	6.476830605727916003e-04	-5.996198648402374220e-04	-5.846049425730305473e-04	8.408934260254127564e-04	4.209454612045569559e-04	-3.657911290555252538e-05	-1.740058741430973964e-04	6.476830605759133436e-04	1.400447253685182104e-05	-5.058014471403021652e-04	-2.836510916835226906e-05	-1.275578046545630445e-04	2.204666889119234925e-04	4.113734292420527430e-04	1.458218779490189575e-04	-5.996198648393697350e-04	-5.058014471388742710e-04	1.362435186481604629e-03	-9.360275299420382517e-04	-6.380808559759307231e-04	-5.011016599053426087e-04	-3.632132380395905686e-04	5.288035263114744360e-04	-5.846049425749334305e-04	-2.836510916860701930e-05	-9.360275299394885335e-04	1.453513492661911294e-03	6.116750770191320668e-04	1.782880443509590740e-05	-2.063399485714717410e-04	-1.358327413267414858e-04	8.408934260291910925e-04	-1.275578046526294783e-04	-6.380808559797761714e-04	6.116750770241701374e-04	7.563102001294374371e-05
-2.938396431464477231e-04	-8.668860529267336142e-04	5.023806110064876719e-04	1.144323124987297116e-02	-1.080731744200166041e-03	-2.058741399432961056e-02	1.175258723231804511e-02	-4.220508807005602086e-04	-9.970217613656624182e-04	-1.836357462900473374e-04	3.424459344473967178e-04	-3.754811091611893678e-03	-2.565200992579680459e-04	-5.973087068438605231e-06	6.509342543165064785e-04	7.015313898714512061e-05	9.748442675512423300e-04	-3.780535271139520356e-04	1.507993983123317571e-04	2.365618207044342929e-03	-3.305547166120285539e-04	-9.537098835897650615e-05	-8.702709362921870386e-04	1.251131972493734574e-04	1.214367225807459760e-02	-3.722942619136276020e-03	8.260110866497490925e-04	3.216074505853178805e-02	-6.669924997826015751e-06	-1.264878750208254729e-02	-1.346539646608561512e-03	7.014508747629658947e-04	-1.863845158763720745e-03	1.745643987788619736e-04	-4.905890898816783145e-04	-7.342113142089953240e-04	1.432273931529667171e-03	-5.429047546811323430e-04	2.929204018253111184e-03	3.779398022107321835e-04	-2.216463298767520906e-02	7.906098357544364200e-04	7.145380861496482012e-04	-1.314074128076175851e-02	-1.161280810706442944e-03	-9.360275299420382517e-04	1.629064041596823414e-02	-3.388741969794718725e-04	1.260230221022404402e-02	1.248106757521832066e-04	-1.174360684669809723e-03	-3.387550393984489045e-04	3.331645932198642329e-03	1.434817260732706989e-02	-3.493034299289606015e-02	8.136299794290146291e-04	-6.330949889978125533e-05	3.355408465085694611e-04	-9.080988589307181953e-04	6.980465106444952396e-04	1.254302416319763493e-03	4.482016914009778795e-04	-8.648422423102940064e-04	2.657278836834239604e-04
-3.668112881443820342e-04	-4.058499895334372748e-03	4.571971412982541588e-03	-6.724859174998742625e-04	-4.033218012293884533e-03	8.083488382259213650e-04	-3.019645218281218893e-04	3.903541438387944553e-05	2.400551041418122575e-04	4.546028208050378384e-04	-1.083647538089911686e-03	7.217752276116821269e-04	3.009506872933898677e-04	-3.542663632706301020e-04	8.005568724764604467e-06	5.251782564852066140e-04	-1.541503489016132278e-04	-1.530460926191920177e-04	2.592663167358179332e-04	-1.344627061723791049e-04	4.200076936578771693e-05	-2.059767380786525792e-04	2.737435888306572591e-04	1.345795968410248584e-04	-1.064650596875891479e-03	1.010450590661563473e-03	6.372638379238266572e-03	-1.759596411365640326e-03	-5.751525751560156510e-03	1.562676062763777721e-03	-8.816112525470676492e-05	-8.498448703322676601e-03	1.136192085043312839e-04	-6.121300288150553857e-04	9.788269080759329395e-04	-1.082091820284336066e-04	-2.460326273488802878e-04	3.458876172957522379e-04	-6.615667663203580150e-04	4.535066231198619201e-04	8.312252276153482252e-04	-5.528013494551954968e-03	-2.027311636292987982e-04	7.222118702188086350e-04	5.675020180484490438e-03	-6.380808559759307231e-04	-3.388741969794718725e-04	7.296558154719651884e-03	1.365504943229470627e-04	5.725386499150253092e-03	-6.228155850398211027e-03	-5.026482986461893647e-05	-1.155389117324805408e-03	4.482016913997102303e-04	6.481478638673476237e-04	-8.516992665831717157e-03	-9.622801146938681546e-05	-5.690476245712151014e-04	1.402525736724733688e-03	-5.108129191548552292e-04	-3.753190176548795547e-04	4.398058096341931657e-04	-3.317563106004866821e-04	-2.554892338847989720e-04
-2.438258457978779200e-04	-1.243933524836098861e-03	8.226640097946290526e-04	9.881228090621797105e-03	-1.144365343013177810e-03	-1.773237734832245477e-02	1.035970676469831313e-02	-6.410134380060487046e-04	-6.956514839228866102e-04	-5.419266958780376764e-04	4.240611155550785176e-04	-2.933168290118867184e-03	-6.476286777888791944e-05	7.576409528739184041e-04	-1.532681491913251572e-05	4.700685194526972458e-04	4.562458216203968062e-04	3.487153692402301724e-04	-2.463873957831236522e-04	7.138965337071432552e-04	-8.024443416567280047e-05	2.083077043663476879e-04	-9.213800762664352967e-04	-1.338995855224379213e-04	1.016454850725586820e-02	-3.094658443459745185e-03	7.445037300796821314e-04	2.792525942377951237e-02	-5.150144733467804450e-04	-1.120898615493660586e-02	-1.171240552476544589e-06	-4.590858905999061325e-04	-1.132966561504907899e-03	-2.397464831338359348e-04	2.750266604181628573e-04	-2.030726947991445656e-04	6.254337309612322980e-04	-7.340109339143993748e-04	3.099131572832626146e-03	3.555554778992720422e-04	-1.903270391853927046e-02	6.608458944816219833e-04	7.057139377621982545e-04	-1.181186441481597675e-02	-2.113222470342151940e-04	-5.011016599053426087e-04	1.260230221022404402e-02	1.365504943229470627e-04	1.155272318085647995e-02	3.860909848878035398e-04	-1.946010617630596160e-03	6.921140238400555478e-04	2.977151850622430061e-03	1.175258723231645958e-02	-2.943427216796103141e-02	7.809110704173347420e-04	-3.450007034778999394e-04	1.137297245679047477e-04	-2.428096755577992347e-04	5.360149527279190395e-04	4.078836597914648420e-04	-3.019645218278425988e-04	8.880238781296435902e-04	-3.332343925372706610e-06
-4.350807292036365081e-04	-4.093091595201317143e-03	4.224485927263640916e-03	-2.700346088663878059e-04	-3.422643521010206719e-03	7.555060999356803364e-05	-1.532681492336509870e-05	7.347683494060401350e-04	-8.527170622326011944e-05	-7.455695549957050633e-04	-2.440618084016203909e-04	3.098973782785020598e-04	4.124891313666555507e-04	-4.760543065294069523e-04	2.272761853040743552e-04	1.274131637992106155e-03	-2.068587382642478887e-06	5.651840233556581616e-04	3.330269382152411095e-06	-3.793677820051579233e-04	-6.413385536267853437e-04	8.522178279427733167e-04	-2.904711416172473795e-04	-1.813926049803549732e-03	-6.315173782626452240e-04	3.800185201899637286e-04	5.166215866872497439e-03	-9.567589235881816725e-04	-4.536769284758416024e-03	1.002508504245132456e-03	-3.375616540539666424e-04	-6.565679073719672340e-03	1.364604759364005380e-04	-3.878641767962570219e-04	1.777339087627018231e-04	2.903583038459997393e-04	9.031688198585553773e-04	-4.030921932233342197e-04	2.382607675216796882e-04	1.123060590588340546e-03	1.006058290079765000e-04	-4.931355828964244584e-03	1.121084090243948872e-03	3.674971426960940311e-04	4.066172513865273092e-03	-3.632132380395905686e-04	1.248106757521832066e-04	5.725386499150253092e-03	3.860909848878035398e-04	5.425223848006786170e-03	-6.474581239954872898e-03	-2.897351880993096233e-04	1.008793404689929587e-04	6.509342543104566304e-04	-1.788691282230390773e-05	-7.027267073804851355e-03	5.587274277434147634e-04	3.153270002935379922e-04	-7.937243271746976993e-04	2.115548343147208537e-04	4.818154014428540233e-04	8.005568724219603140e-06	-1.640035166723260388e-04	1.857164350163143884e-05
5.335331816061430902e-04	6.898810466767123228e-03	-5.344933547149979466e-03	-1.855791359701485584e-04	2.762070040895543178e-03	1.032491941093354685e-03	-9.213800762657253611e-04	5.893195281571944524e-04	4.776128143828665702e-04	1.834022322400336285e-03	-6.865414328862786200e-04	6.861431390510153378e-04	-4.504833972696681201e-04	4.087025684570611450e-04	-2.904711416158071795e-04	-2.546081086303066641e-03	-2.075560922460694421e-04	-9.166531423087060726e-04	2.633032971449298060e-04	2.599403290071104636e-04	8.438465078215247241e-04	-1.520008404257804091e-03	9.226912959450967767e-04	2.902427416106883283e-03	-5.425902205077894579e-04	-1.474672245528456296e-03	-1.465432314419245000e-03	-1.038344227870506391e-03	5.214228904636838101e-03	-8.242557042073436714e-04	3.444514069408358050e-04	1.243691534491896816e-02	1.521129008902102875e-04	2.110723364846746244e-04	-3.773418810379715327e-04	-2.940209092363067767e-04	-9.295960763503827032e-04	8.671351122419652859e-04	-1.470284253453954526e-03	-8.649404106275040277e-04	1.903975241149440502e-03	3.817924174748419178e-03	-4.240644696628782448e-03	6.878215735741261558e-04	-5.857477501587125823e-03	5.288035263114744360e-04	-1.174360684669809723e-03	-6.228155850398211027e-03	-1.946010617630596160e-03	-6.474581239954872898e-03	1.354833954799747331e-02	-3.537445114061203255e-04	-3.887479860314120399e-03	-8.702709362870019501e-04	2.272473993387079741e-03	2.351589940112355868e-03	-8.873019739013723699e-04	-1.194654856250564230e-03	2.173636912093577372e-03	-7.698332378970575629e-04	-8.465313516077196954e-04	2.737435888297850726e-04	-1.708899940329697568e-04	4.475797020525883511e-04
6.231743235290509823e-04	-4.446848349183815424e-05	7.980672342413529458e-05	-8.141457040397501697e-04	-2.597887968526488615e-05	6.796162465381648489e-04	-1.171240552994393428e-06	-2.794309300821532210e-04	2.077997739265147192e-04	-2.945390658207625977e-05	2.401571155235328087e-04	-1.135408514142262587e-05	-5.807636534529196052e-05	5.525753144936590888e-05	-3.375616540543294707e-04	4.967925185538193738e-05	4.800223900353844893e-05	-1.137611828594642892e-04	-6.960369710199722487e-05	3.358419816316238313e-04	-5.991103857146790838e-06	-3.110939073974847580e-04	3.444514069463668082e-04	2.201969620022221083e-04	-1.278945062769219483e-04	-5.254630503423533263e-06	-1.594743731277289620e-04	1.446363622932990553e-04	-3.001765429448283997e-04	-2.103261578800328508e-04	1.899630675115966411e-03	-5.298668636685064347e-04	-2.987504281604572544e-04	3.076339000806293058e-05	1.396579332519248579e-04	-2.881647079698651743e-04	-7.701343877786974001e-05	9.618612664945443667e-07	1.045535453368687208e-04	-2.144947034337968579e-04	-4.789134599156392915e-04	3.726637966096732111e-04	3.692610969621728427e-05	-1.104103839257286872e-03	2.342173105019386111e-04	-5.846049425749334305e-04	-3.387550393984489045e-04	-5.026482986461893647e-05	6.921140238400555478e-04	-2.897351880993096233e-04	-3.537445114061203255e-04	2.837068720541916812e-03	1.872309435617537762e-04	-1.346539646609059161e-03	5.652577687248758545e-04	4.744903575824459588e-04	-7.775085653113321664e-05	-9.285227677315155523e-05	-2.303394849549931329e-04	2.147239262331776641e-04	2.430271419355470449e-04	-8.816112525278919075e-05	3.821752823360663297e-06	3.586964678238696455e-05
-7.908462151118809957e-05	-1.422627759844794816e-03	7.437901350377850232e-04	2.689678026618423645e-03	-7.892002367004364791e-04	-5.272957263041999632e-03	3.099131572835190501e-03	3.899959492656465253e-04	-8.784328119212337586e-04	-4.243263547520552490e-04	4.589003155332140732e-04	-2.535873596664086314e-03	-7.490935193668850215e-05	4.381853391323977352e-04	2.382607675174144098e-04	5.508311362744345522e-04	4.425156109751832482e-04	1.459380308158616602e-04	-5.905353370479553922e-05	2.258220116656232002e-04	3.373955679851194317e-05	1.092882627951447666e-03	-1.470284253449105974e-03	-6.930437966387633774e-04	2.776773053470598350e-03	-7.207780232243428484e-04	-1.298530533271953068e-03	7.473356078427713552e-03	2.827530777513739780e-04	-3.176348582511217926e-03	1.045535453403310933e-04	-5.587966115023073081e-04	-7.645433749264043911e-04	2.477973607050056449e-04	-1.718233174817921153e-04	1.508050793077931381e-04	-4.290238780965987988e-04	-1.094052129347514125e-03	3.377602035823174670e-03	-3.012028465730616869e-04	-4.984558205751008289e-03	1.276461750072557452e-03	9.839246378832257941e-04	-3.043843584219415536e-03	-1.461574063917984176e-03	-2.836510916860701930e-05	3.331645932198642329e-03	-1.155389117324805408e-03	2.977151850622430061e-03	1.008793404689929587e-04	-3.887479860314120399e-03	1.872309435617537762e-04	7.342049073305949650e-03	2.929204018255450025e-03	-7.885211304673621011e-03	3.960241173418187557e-03	4.035069932967695248e-04	7.394180711264107921e-04	-1.172917152158577288e-03	1.245946890464227691e-03	2.332339738740075140e-04	-6.615667663208300766e-04	1.039626841358919692e-03	-3.983288170625968192e-04
-2.938396431450542522e-04	-9.970217613573509243e-04	9.748442675452836633e-04	1.214367225807922238e-02	-1.863845158761899719e-03	-2.216463298768351145e-02	1.260230221022420535e-02	-6.330949891075072502e-05	-8.668860529362052043e-04	-1.836357462891443867e-04	-3.780535271156282122e-04	-3.722942619156230544e-03	1.745643987817933581e-04	7.906098357592346651e-04	1.248106757554049134e-04	3.355408465118025520e-04	5.023806110108899664e-04	3.424459344502893692e-04	1.507993983132276605e-04	8.260110866563240197e-04	-4.905890898865282760e-04	7.145380861589145519e-04	-1.174360684675925925e-03	-9.080988589403541505e-04	1.144323124987254095e-02	-3.754811091598725392e-03	2.365618207035027898e-03	3.216074505853841470e-02	-7.342113142081403221e-04	-1.314074128076840597e-02	-3.387550393979538036e-04	6.980465106392140908e-04	-1.080731744198558820e-03	-2.565200992606229318e-04	-3.305547166139905803e-04	-6.669924993994079355e-06	1.432273931535846473e-03	-1.161280810716267767e-03	3.331645932201085687e-03	1.254302416326709977e-03	-2.058741399432469088e-02	-5.973087068971161950e-06	-9.537098836277595713e-05	-1.264878750208452834e-02	-5.429047546779361150e-04	-9.360275299394885335e-04	1.434817260732706989e-02	4.482016913997102303e-04	1.175258723231645958e-02	6.509342543104566304e-04	-8.702709362870019501e-04	-1.346539646609059161e-03	2.929204018255450025e-03	1.629064041596869558e-02	-3.493034299289830141e-02	-8.648422422971027354e-04	-4.220508806855484537e-04	7.015313898354097509e-05	1.251131972481713483e-04	7.014508747780591816e-04	3.779398022116010631e-04	-3.388741969854510848e-04	8.136299794236106402e-04	2.657278836861614625e-04
3.908174222257448276e-04	1.923259539380694268e-03	-1.259025394227292075e-03	-2.825135926041040177e-02	2.954314010250874353e-03	5.107129456058713546e-02	-2.943427216796602741e-02	1.516650462462905890e-03	1.923259539402465265e-03	-8.513082663103482871e-05	-6.638881626990888584e-05	8.794346581262883072e-03	2.572077317531844872e-04	-2.312084716206378766e-03	-1.788691283300327555e-05	2.779116864691821604e-04	-1.259025394238273959e-03	-6.638881627300723749e-05	9.506425326808717663e-05	-2.488900705398504852e-03	-3.590413349294381811e-05	-7.607286571823006693e-05	2.272473993396428166e-03	-8.533412561265165622e-04	-2.825135926040545781e-02	8.794346581223376480e-03	-2.488900705375795587e-03	-7.818420137782042256e-02	5.334970919974829466e-04	3.167782563046305649e-02	5.652577687204544780e-04	-1.437727676294395457e-03	2.954314010247733636e-03	2.572077317560330116e-04	-3.590413349302703063e-05	5.334970919958275867e-04	-1.456109864865147083e-03	1.720839556053179245e-03	-7.885211304670586979e-03	-5.776102186227710308e-04	5.107129456057298705e-02	-2.312084716199292421e-03	-7.607286571056914859e-05	3.167782563045446614e-02	1.720839556041856705e-03	1.453513492661911294e-03	-3.493034299289606015e-02	6.481478638673476237e-04	-2.943427216796103141e-02	-1.788691282230390773e-05	2.272473993387079741e-03	5.652577687248758545e-04	-7.885211304673621011e-03	-3.493034299289830141e-02	8.337124736619111465e-02	-2.144832271295561699e-03	1.516650462423657121e-03	2.779116864730639836e-04	-8.533412561318916029e-04	-1.437727676318386249e-03	-5.776102186186011893e-04	6.481478638707794488e-04	-2.144832271269133620e-03	-3.249011666544899569e-04
4.233324547929748780e-04	3.200081542320800700e-03	-5.457773635921384092e-03	1.015126570571798234e-03	6.304627149107193754e-03	-1.131331524680783589e-03	8.880238781426675687e-04	-3.043442169331728262e-03	-2.140067162121891487e-04	1.575575922055161347e-04	1.297755040740611017e-03	-1.240935018745963417e-03	-6.048047573945045541e-04	8.523405956953724119e-04	-1.640035166752345738e-04	-7.541083835737690715e-04	1.440242310147221922e-04	-5.246990274834861887e-04	-4.317827319077729075e-04	5.252783523322611392e-04	1.093486052169138868e-03	-9.575219624445212383e-04	-1.708899940276434781e-04	2.194855660019297359e-03	2.240083819997644790e-03	7.679574908376024349e-04	-1.254004732382000935e-02	3.388394469416557142e-03	6.528033578111503907e-03	-1.537721129280299713e-03	3.821752827315558383e-06	3.711111565110307518e-03	-4.313462320237647710e-04	7.429832278441571812e-04	2.308866431664716580e-04	-2.222462380660438202e-04	-1.938539327085444857e-03	1.470519440811483120e-04	1.039626841351912277e-03	-2.373658746077127873e-03	-1.926238304840253122e-03	8.936095369003502903e-03	1.398178660176769509e-03	-1.251440008024086101e-03	-4.270136114231581556e-03	6.116750770191320668e-04	8.136299794290146291e-04	-8.516992665831717157e-03	7.809110704173347420e-04	-7.027267073804851355e-03	2.351589940112355868e-03	4.744903575824459588e-04	3.960241173418187557e-03	-8.648422422971027354e-04	-2.144832271295561699e-03	1.681619381128609050e-02	-6.903623638503276084e-04	2.850932645819387583e-04	4.289623048612594639e-04	1.629017923576491563e-04	-7.328724319086670066e-04	-3.317563105991705149e-04	6.905856563261703485e-04	-6.050839940697932441e-04
-6.715369380611774036e-05	-7.946045078198822522e-04	1.080060350257713007e-04	-6.835308142121969150e-04	5.420416156987581955e-04	7.546184267743155172e-04	-6.410134379898720829e-04	2.659607931670079223e-03	-8.415882116554341662e-04	-3.862406219076556027e-03	2.279261885502289857e-03	5.828519155784700348e-04	-8.682138667637679134e-05	-1.346499304937850278e-03	7.347683494045436107e-04	2.486303834710767990e-03	-1.089276513981798987e-06	1.982102340243927993e-03	1.574044965752462947e-04	5.392578506408204951e-04	-2.386247414911430061e-03	6.196030641029338275e-04	5.893195281563445463e-04	-6.280596368858372067e-03	-2.765812566570869410e-04	3.322912126988930922e-05	-9.287491497221956683e-04	-1.695643736048049483e-03	7.235881770331818947e-04	5.609256655437647263e-04	-2.794309300769190181e-04	1.374721713732783568e-03	9.220267046854170589e-04	1.916258436369477989e-04	-2.674219981079090178e-03	7.801594688202964905e-04	4.331015499280175055e-03	-1.258236448345588336e-03	3.899959492764580268e-04	2.502494982799300348e-03	-1.951725804303796165e-04	-1.175344850711676492e-03	3.261774904042591926e-03	1.844969580691089954e-04	-1.244425174466199692e-03	1.782880443509590740e-05	-6.330949889978125533e-05	-9.622801146938681546e-05	-3.450007034778999394e-04	5.587274277434147634e-04	-8.873019739013723699e-04	-7.775085653113321664e-05	4.035069932967695248e-04	-4.220508806855484537e-04	1.516650462423657121e-03	-6.903623638503276084e-04	6.034029330802211794e-03	2.630304199331135774e-03	-6.873290512859581841e-03	3.001798876305243613e-03	2.921286636452070234e-03	3.903541438156861768e-05	-3.043442169325962041e-03	1.092725441618695563e-05
-5.815184048960030084e-05	-9.284591558967876350e-04	-1.360804696832778780e-04	3.356630865878845282e-05	9.691168331278346339e-04	-8.412941297116166908e-04	4.700685194531489244e-04	2.486303834712122809e-03	-1.980138448818183350e-03	-2.421186176563187506e-02	1.365785812286485212e-02	-4.373525627266558642e-04	-3.027017157815937737e-04	-1.354960751310007368e-03	1.274131637986543547e-03	1.531943547346231900e-02	6.910684447707340005e-04	1.262091771840546765e-02	2.221942729920173591e-04	-6.286337311196571898e-04	-1.265858439372194444e-02	4.342827208665493363e-03	-2.546081086295963816e-03	-3.463531650775700244e-02	8.720152879573188701e-05	-3.545037071295007239e-04	-1.522768750319911536e-03	-1.052332470546740685e-03	8.719359985226137746e-04	7.774811823734451813e-05	4.967925185741140122e-05	1.043532802621384946e-03	5.480450814763289814e-04	5.672795968208798950e-04	-1.352071103784584921e-02	-8.217730905202746874e-05	2.340691226946345349e-02	-6.088416130220909283e-04	5.508311362808589922e-04	1.435432343140654460e-02	-8.194482096470115211e-04	-9.111412269741204573e-04	4.593784046029728702e-03	5.751674854599854881e-04	-1.873401023239648503e-03	-2.063399485714717410e-04	3.355408465085694611e-04	-5.690476245712151014e-04	1.137297245679047477e-04	3.153270002935379922e-04	-1.194654856250564230e-03	-9.285227677315155523e-05	7.394180711264107921e-04	7.015313898354097509e-05	2.779116864730639836e-04	2.850932645819387583e-04	2.630304199331135774e-03	1.707760311830110872e-02	-3.689584958895984756e-02	-5.659131000110432033e-04	1.493333369347664419e-02	5.251782564748221256e-04	-7.541083835638413575e-04	-1.308600737072769180e-03
3.118872523148794160e-05	2.036187066026911869e-03	1.598959087508560731e-04	3.258106398930561850e-04	-2.064331694969361551e-03	1.573230730406489745e-03	-1.338995855246240252e-04	-6.280596368853443717e-03	3.172498910364046024e-03	5.490114093709748400e-02	-3.136124182799853582e-02	1.777801804156385872e-03	6.356691292824530716e-04	2.646380956328680568e-03	-1.813926049795706614e-03	-3.463531650775798776e-02	-7.547989395161232035e-04	-2.937506896727064276e-02	-2.157201782366630603e-04	1.039978168347473978e-03	2.988055593054480402e-02	-9.423616559008068244e-03	2.902427416092129894e-03	8.102534019811677424e-02	-2.450333635914749312e-04	1.377554568444555767e-03	2.735165936560748998e-03	2.007038676897182888e-03	-2.088643383410725748e-03	2.528561244224674797e-04	2.201969619941672451e-04	-3.284877009570700852e-03	-1.437505709938454107e-03	-9.518478415933922208e-04	3.184092591438905662e-02	-9.350545556712612245e-04	-5.559807055596628633e-02	3.078286024709347372e-03	-6.930437966565113333e-04	-3.408452995780145156e-02	2.269772176387258728e-03	2.038025884083595994e-03	-1.056595196174733853e-02	1.084318721504800155e-04	4.700202649097789953e-03	-1.358327413267414858e-04	-9.080988589307181953e-04	1.402525736724733688e-03	-2.428096755577992347e-04	-7.937243271746976993e-04	2.173636912093577372e-03	-2.303394849549931329e-04	-1.172917152158577288e-03	1.251131972481713483e-04	-8.533412561318916029e-04	4.289623048612594639e-04	-6.873290512859581841e-03	-3.689584958895984756e-02	8.642516610176326219e-02	-2.199068622990238593e-03	-3.640727125482060011e-02	1.345795968613136963e-04	2.194855660006450430e-03	5.176701373816457955e-04
4.835945617567994487e-04	-6.379813609365418605e-04	1.748415402361085493e-04	1.057982612878638311e-03	1.855835009707240940e-04	-1.374623773585768090e-03	-4.590858905862792291e-04	1.374721713733092349e-03	6.351694769917086425e-03	-8.002053172422671917e-04	6.564855540633033216e-04	-3.896844726477935103e-03	5.037638919303477842e-04	4.106801001290131398e-03	-6.565679073720533630e-03	1.043532802635946215e-03	-5.431218700089411600e-03	9.696766577379848902e-04	3.576225041900981316e-04	-2.509921310747175414e-03	-2.545387711643905346e-03	-8.818428259626210838e-04	1.243691534491709813e-02	-3.284877009607609262e-03	1.433876334968546985e-03	-1.047304838839874285e-03	-1.539675411853690589e-04	2.947238063138472777e-03	4.821365080767916643e-04	-1.193777789044711329e-03	-5.298668636597001110e-04	1.145720806236069905e-03	3.132661139975585068e-03	-2.633128095487748338e-04	-1.155112733977370007e-03	7.172005073731712969e-03	2.163310282433706516e-03	-9.213221364744807879e-03	-5.587966114918805358e-04	1.076574606700795352e-03	-2.041964759401735351e-03	2.014628729880981687e-04	1.232065802845821361e-03	-2.984208678952080668e-03	-9.183155122062169537e-04	8.408934260291910925e-04	6.980465106444952396e-04	-5.108129191548552292e-04	5.360149527279190395e-04	2.115548343147208537e-04	-7.698332378970575629e-04	2.147239262331776641e-04	1.245946890464227691e-03	7.014508747780591816e-04	-1.437727676318386249e-03	1.629017923576491563e-04	3.001798876305243613e-03	-5.659131000110432033e-04	-2.199068622990238593e-03	1.704603519087166327e-02	9.599717145268965275e-04	-8.498448703323842335e-03	3.711111565115866005e-03	3.869580277460920627e-04
-1.833551463059546107e-04	-8.538254789236238542e-04	9.956051048290670774e-05	-3.828949232929707751e-04	6.209185811165439167e-04	-9.996538089641565997e-04	3.555554778993966171e-04	2.502494982794820425e-03	-1.276021040490232274e-03	-2.275551843054800238e-02	1.312973699104020425e-02	-9.047751650908238477e-04	-4.697858477076516490e-04	-1.709857039695886292e-03	1.123060590587530430e-03	1.435432343140675970e-02	6.494712532742928039e-04	1.224154883382366429e-02	-4.065110782542237912e-05	7.654920072790419479e-04	-1.264074406172711017e-02	3.506460161033254311e-03	-8.649404106234746988e-04	-3.408452995780519856e-02	1.128952097134012898e-04	-5.547422860112906015e-04	-7.072676766938557113e-04	-6.016468486050007827e-04	6.555048736856915062e-04	-2.467948140057270767e-04	-2.144947034291113427e-04	1.076574606688598078e-03	2.761786817028937169e-05	4.156795514335810508e-04	-1.364613499984115678e-02	-6.842402886923822504e-05	2.426066066631528406e-02	-1.061788983797195326e-03	-3.012028465639736332e-04	1.493435334903357552e-02	-1.390368361053122628e-03	-9.607509721116224430e-04	4.161824383192983152e-03	-3.897622753467122137e-04	-1.901838295813259617e-03	-1.275578046526294783e-04	1.254302416319763493e-03	-3.753190176548795547e-04	4.078836597914648420e-04	4.818154014428540233e-04	-8.465313516077196954e-04	2.430271419355470449e-04	2.332339738740075140e-04	3.779398022116010631e-04	-5.776102186186011893e-04	-7.328724319086670066e-04	2.921286636452070234e-03	1.493333369347664419e-02	-3.640727125482060011e-02	9.599717145268965275e-04	1.676838843977154075e-02	4.535066231139752444e-04	-2.373658746075739227e-03	8.929497342972077603e-04
-3.668112881440156281e-04	2.400551041439727201e-04	-1.541503489026723849e-04	-1.064650596881959324e-03	1.136192085050615483e-04	8.312252276259380615e-04	1.365504943187715562e-04	-9.622801147167701636e-05	-4.058499895333442069e-03	4.546028208187161872e-04	-1.530460926305367026e-04	1.010450590659849133e-03	-6.121300288137626914e-04	-5.528013494549854218e-03	5.725386499149701450e-03	-5.690476245833874392e-04	4.571971412982282247e-03	-1.083647538097151988e-03	2.592663167371728607e-04	6.372638379242608585e-03	9.788269080815872707e-04	-2.027311636364227112e-04	-6.228155850396056500e-03	1.402525736746418599e-03	-6.724859174996118856e-04	7.217752276165259086e-04	-1.344627061749210169e-04	-1.759596411376303238e-03	-1.082091820284337828e-04	7.222118702278925145e-04	-5.026482986901560667e-05	-5.108129191558341553e-04	-4.033218012292932170e-03	3.009506872927507305e-04	4.200076937181764284e-05	-5.751525751563069978e-03	-2.460326273583133888e-04	5.675020180490361610e-03	-1.155389117330974085e-03	-3.753190176596524837e-04	8.083488382312969478e-04	-3.542663632726403213e-04	-2.059767380752806562e-04	1.562676062772904318e-03	3.458876172950934224e-04	-6.380808559797761714e-04	4.482016914009778795e-04	4.398058096341931657e-04	-3.019645218278425988e-04	8.005568724219603140e-06	2.737435888297850726e-04	-8.816112525278919075e-05	-6.615667663208300766e-04	-3.388741969854510848e-04	6.481478638707794488e-04	-3.317563105991705149e-04	3.903541438156861768e-05	5.251782564748221256e-04	1.345795968613136963e-04	-8.498448703323842335e-03	4.535066231139752444e-04	7.296558154720224343e-03	-8.516992665832206350e-03	-2.554892338789145731e-04
4.233324547944575787e-04	-2.140067162154003929e-04	1.440242310169952220e-04	2.240083819995707971e-03	-4.313462320237501342e-04	-1.926238304836358235e-03	7.809110704104372646e-04	-6.903623638443870478e-04	3.200081542320164923e-03	1.575575921913056324e-04	-5.246990274798366558e-04	7.679574908419903095e-04	7.429832278484434661e-04	8.936095368996605642e-03	-7.027267073801757476e-03	2.850932646057531506e-04	-5.457773635921205416e-03	1.297755040746958154e-03	-4.317827319030493639e-04	-1.254004732382689793e-02	2.308866431541079043e-04	1.398178660194152306e-03	2.351589940105520624e-03	4.289623048283430318e-04	1.015126570564813587e-03	-1.240935018748890329e-03	5.252783523336024057e-04	3.388394469398969648e-03	-2.222462380656892048e-04	-1.251440008024560331e-03	4.744903575863287579e-04	1.629017923601598704e-04	6.304627149106919667e-03	-6.048047573948835912e-04	1.093486052163786595e-03	6.528033578115674182e-03	-1.938539327075573197e-03	-4.270136114240788601e-03	3.960241173424083015e-03	-7.328724319015465088e-04	-1.131331524671818972e-03	8.523405956934319069e-04	-9.575219624383076757e-04	-1.537721129277229469e-03	1.470519440779299663e-04	6.116750770241701374e-04	-8.648422423102940064e-04	-3.317563106004866821e-04	8.880238781296435902e-04	-1.640035166723260388e-04	-1.708899940329697568e-04	3.821752823360663297e-06	1.039626841358919692e-03	8.136299794236106402e-04	-2.144832271269133620e-03	6.905856563261703485e-04	-3.043442169325962041e-03	-7.541083835638413575e-04	2.194855660006450430e-03	3.711111565115866005e-03	-2.373658746075739227e-03	-8.516992665832206350e-03	1.681619381128131654e-02	-6.050839940820230446e-04
-1.146111990022949259e-04	1.310211129527600379e-04	2.787964905419805083e-04	-2.281979319365333664e-04	-2.879732189667554422e-04	-7.069221052874967307e-05	-3.332343925391625938e-06	1.092725441227230816e-05	1.310211129475327197e-04	8.134792375547961283e-04	2.719636760664373551e-05	-1.527696754509509495e-04	6.768113648470720778e-04	2.312826068604451415e-05	1.857164350859361260e-05	-1.308600737072222308e-03	2.787964905462059695e-04	2.719636760668717136e-05	-1.910656629939489403e-03	6.625655234968158254e-04	4.263502360003214265e-04	-4.470910466957423173e-04	4.475797020476000453e-04	5.176701373775639912e-04	-2.281979319362501728e-04	-1.527696754446741779e-04	6.625655234874819289e-04	5.699560243932586152e-05	-5.259186076632485382e-05	-2.917967854996438275e-04	3.586964678400403854e-05	3.869580277483721398e-04	-2.879732189702917844e-04	6.768113648475220217e-04	4.263502359995660629e-04	-5.259186077010583949e-05	1.534517783948901345e-04	-1.541043968362471994e-04	-3.983288170625990960e-04	8.929497342986814079e-04	-7.069221052955577738e-05	2.312826068891729077e-05	-4.470910466937408258e-04	-2.917967854979050383e-04	-1.541043968386395185e-04	7.563102001294374371e-05	2.657278836834239604e-04	-2.554892338847989720e-04	-3.332343925372706610e-06	1.857164350163143884e-05	4.475797020525883511e-04	3.586964678238696455e-05	-3.983288170625968192e-04	2.657278836861614625e-04	-3.249011666544899569e-04	-6.050839940697932441e-04	1.092725441618695563e-05	-1.308600737072769180e-03	5.176701373816457955e-04	3.869580277460920627e-04	8.929497342972077603e-04	-2.554892338789145731e-04	-6.050839940820230446e-04	3.589765167435699823e-03
