3.303910987087144624e-04	-7.517239171693986484e-06	6.667486482275738864e-06	-1.053304004174767462e-04	-1.523037900023692185e-05	-9.963276517441969313e-07	1.066205056429602474e-04	8.296904728930122563e-07	-7.517239170864714971e-06	3.728519320883414448e-06	-1.397672467406595240e-06	1.371131674912534012e-06	-1.110667194952961211e-07	-1.025941315571715564e-05	7.817917781454451976e-06	-2.768563604217876522e-06	6.667486482164462452e-06	-1.397672467341534216e-06	-9.243623850753611791e-07	8.316500884783205780e-06	2.393695940462491573e-06	3.624162655923482029e-06	-1.855493847222390873e-05	5.898702066358955235e-06	-1.053304004174462395e-04	1.371131674200457554e-06	8.316500884296327854e-06	5.957025642220069349e-05	-1.791178785631021244e-05	-1.727129003100829371e-04	8.735269501245774421e-04	-1.832743685655243058e-05	-1.523037900043074501e-05	-1.110667195747351325e-07	2.393695940658854986e-06	-1.791178785596899708e-05	-3.846581975619091393e-06	1.499041426009104094e-05	-2.036746557268820863e-06	-2.539791943146895750e-06	-9.963276518976640548e-07	-1.025941315609607752e-05	3.624162657575613864e-06	-1.727129003102134751e-04	1.499041426113754506e-05	-3.902856972586216436e-04	-1.716170601646579714e-04	2.355450352717522840e-05	1.066205056431522325e-04	7.817917782250700216e-06	-1.855493847378952377e-05	8.735269501246196175e-04	-2.036746558207007684e-06	-1.716170601646472649e-04	5.680692932952606489e-05	-3.071660918145262574e-05	8.296904740231905302e-07	-2.768563604329141076e-06	5.898702066494673630e-06	-1.832743685462140214e-05	-2.539791943202552168e-06	2.355450352606606925e-05	-3.071660918147292742e-05	1.007650995060465562e-06
-7.517239171693986484e-06	4.333405557709404943e-03	-3.723012233654277719e-03	5.456005461631285516e-05	2.383380650768753169e-03	-1.822407315937097294e-04	8.187212913383646847e-05	6.374079099988327890e-04	5.704621424577038848e-06	9.961182855456957101e-06	2.811910140115631078e-05	5.301868204528398923e-06	-7.773862488638421116e-06	3.595865004084449139e-07	-4.403135744919839128e-06	-5.484067704494965533e-05	-3.898896644482547213e-06	-1.226954256964872025e-05	-2.635607641166324801e-05	-7.988693298985650201e-06	-2.395718844331872711e-05	2.354460559771784913e-06	5.879523737989076368e-06	-3.935749399564652249e-05	5.280280271943018575e-05	-7.541158980760139180e-04	-2.786228834649084191e-03	1.185309191817884823e-04	4.252275937782847709e-03	-1.768237035545607179e-04	-3.433015604191820200e-05	8.420594603170235976e-03	8.635767821897357319e-07	-1.216667283759535696e-05	4.187582900680454341e-06	3.830456690325110111e-06	-7.395143976443183733e-06	-2.947070319303521688e-06	-1.485613554519206687e-06	-3.516605994975491279e-06	-1.164083310353314718e-04	2.892936147128446177e-03	-8.755838270418771305e-04	-5.193096438641820205e-05	-4.900665512784598866e-03	1.423302161406312660e-05	1.997084426158713560e-04	-4.998971322651182304e-03	8.111035846433445632e-05	-4.375869993015356688e-03	7.416468572304618471e-03	2.004386588452046106e-06	-7.537703977257147366e-04	9.265336000890745966e-05	-2.957820250492266038e-04	3.424727381493308104e-03	-2.280334448674186160e-06	-1.955657335166221595e-05	4.879947157160853598e-05	2.902967952003990997e-06	2.723799027419059428e-06	-3.277172322310357863e-06	6.598984992535211774e-06	-2.339587493158768217e-05
6.667486482275738864e-06	-3.723012233654277719e-03	4.141166992441765865e-03	-1.484449050592072026e-04	-3.722213079302343595e-03	3.155739035110327910e-04	-1.493915515655413616e-04	-9.555601586184986991e-07	-3.898896644433566686e-06	-3.520577831523608535e-05	-2.243958498372585441e-05	-1.239130330768641145e-06	1.129636228916113940e-05	1.561189734719306950e-06	1.491233394499933903e-06	5.704540981434350533e-05	2.536331509666844074e-06	2.655923455279631489e-05	-1.253345649165137996e-07	4.878404059164841256e-06	3.123492201086264350e-05	-5.793005473824922112e-06	-2.161714036545008184e-06	-3.171439965779568315e-06	-1.486530156373576752e-04	4.402813043010164816e-06	5.646082027323910679e-03	-3.716947477501469531e-04	-4.796451232530507189e-03	2.625318969650306629e-04	6.787956184849594736e-06	-6.553553191674431691e-03	5.855295692174678222e-07	1.169990358013480133e-05	-4.228272886129624093e-05	-1.310597582411429009e-06	7.181016424194033875e-05	2.057462125753978259e-06	-2.082885567904456115e-07	4.060316936846298413e-05	2.841658609188744532e-04	-4.321346097629418653e-03	4.887146227441446734e-07	1.595950894372009238e-04	4.319280094415034812e-03	-9.488445398669594164e-06	-2.771086235459043401e-04	5.556576913103315751e-03	-1.710524164925946323e-04	4.797172048316143342e-03	-5.645718152618064978e-03	1.164825460448049299e-05	-3.962524587245144152e-06	-1.595729535214594319e-04	5.201299057730212911e-04	-6.552363236637338481e-03	-4.842010153114355229e-07	6.576715404667047551e-05	-1.502677403343311013e-04	1.429104820097585521e-06	4.437433735024706071e-05	-1.382172173673331096e-06	8.229151026796617052e-07	9.080653558921843350e-06
-1.053304004174767462e-04	5.456005461631285516e-05	-1.484449050592072026e-04	1.254216266826017542e-02	2.864392227217651637e-05	-2.223791023333238775e-02	1.220314127321798885e-02	1.399485811674896235e-05	5.280280272212939515e-05	-6.893214428087275473e-06	9.483897053222343348e-07	-2.653062299009741097e-04	7.507473339166733850e-07	1.554775853636211028e-04	-1.364509665176694565e-04	-3.873798435742143600e-06	-1.486530156375607463e-04	2.778158248318937221e-06	-1.894531388342755234e-06	-2.148487838039034141e-04	6.088822305112134206e-07	2.045574089908557089e-04	2.011186087518594895e-04	1.567470820906575904e-05	1.227236158126893129e-02	-2.722607649123296282e-04	-2.069248253731221024e-04	3.371105601882126712e-02	-7.437944966148391098e-07	-1.439757396186311898e-02	-2.796948715479616581e-04	-1.033960418006464783e-04	2.935134616856223364e-05	1.483001480075683506e-07	-7.162535101164216067e-08	-5.119817079062862869e-06	5.185926310627480014e-06	2.718357160923402663e-05	-2.579214478410653787e-05	-4.147032916717799259e-06	-2.223628397747385785e-02	1.533812070649733092e-04	2.015903601538927923e-04	-1.408550344041347921e-02	2.267327057126834375e-05	1.249635192866184962e-04	1.450617987684162113e-02	5.059668643624606215e-05	1.247052101972912462e-02	-1.380504984447471955e-04	2.073089040616583954e-04	-2.805128489251648791e-04	-3.522071177973232713e-05	1.419640772266233739e-02	-3.374267805901171730e-02	-4.469019205868637884e-05	2.032091419773558825e-05	-3.933803684122575571e-06	1.591116960549988918e-05	-1.135195152455562581e-04	-4.694537560136355779e-06	5.503770799402026432e-05	-4.192873214488812789e-05	2.271687464168247048e-06
-1.523037900023692185e-05	2.383380650768753169e-03	-3.722213079302343595e-03	2.864392227217651637e-05	4.332622522190628794e-03	-4.890345174244218246e-05	-5.725004167292694571e-06	-6.361299775101161803e-04	8.635767817733277705e-07	2.006379101779836921e-05	2.846294120934866220e-05	4.096047605241020725e-06	-1.446844238179211868e-05	-3.644719129217787688e-06	2.554939912973929314e-06	-2.429581512503845454e-05	5.855295693933076269e-07	-1.716901576667389018e-05	3.105810269031497112e-05	-2.132088537655980129e-06	-5.012214283463510285e-05	6.392184194625573240e-06	-5.521132481640453411e-06	-7.501701006574468912e-06	2.935134617174127704e-05	7.550011897299764574e-04	-7.415561830017518459e-03	3.925724939256395327e-05	4.376011046211169403e-03	-7.458958017232078953e-05	-5.976310225586678729e-06	3.426221973818030682e-03	5.072449726510158297e-07	-1.070831563856763554e-05	5.029647880817262923e-05	2.191367939040332906e-07	-8.798657804647591380e-05	-1.133897667291063989e-06	1.383010205357861041e-06	-5.153876860753003213e-05	-5.808641107187431342e-05	4.900877490476630328e-03	8.720047111319508600e-04	-1.214163949353422531e-05	-2.892740690975162052e-03	1.567084110414785890e-05	8.872531768323026907e-05	-4.999680085604345930e-03	3.555944060564110676e-05	-4.251300182145015608e-03	2.785550680535600447e-03	-5.158938115735036203e-05	7.565335883599688064e-04	-1.907333730872766674e-05	-1.338147856240062556e-04	8.419976073941553424e-03	1.974956438041202959e-06	-7.885868788655217283e-05	1.700840242569478839e-04	-5.488018285771529234e-06	-5.989262827789479946e-05	2.904520308533000852e-06	-1.852795270241585935e-06	8.517570615441149381e-07
-9.963276517441969313e-07	-1.822407315937097294e-04	3.155739035110327910e-04	-2.223791023333238775e-02	-4.890345174244218246e-05	4.009973812390679737e-02	-2.223807742235455950e-02	-8.879916517639372298e-05	-1.164083310386766692e-04	1.505911825294138827e-06	4.034945505869450848e-06	4.718873628926044655e-04	-4.938366116294465632e-07	-2.896766362193156164e-04	2.676206713484368467e-04	1.594960985175311477e-05	2.841658609174104008e-04	3.220752744973101347e-06	3.758953993033713823e-06	3.954434177248873292e-04	-6.779470591084925850e-06	-3.501521030554149549e-04	-3.984946574616066379e-04	-4.361634660911941415e-05	-2.223628397747453439e-02	4.878903290354486737e-04	3.497789776551908777e-04	-6.092455499693467252e-02	-4.367290042799546856e-05	2.571014284739905897e-02	-2.906854184002276715e-06	1.595159758369036330e-05	-5.808641106396974097e-05	-2.844369151381513952e-07	-5.105636625236499285e-06	-9.604794040915960583e-06	-3.702265846918589964e-07	-2.561572041820718381e-05	3.923622554023111251e-05	1.351573913094448695e-05	4.009449087073195528e-02	-2.837121286292240089e-04	-3.041604289826055569e-04	2.570547803920548643e-02	4.597317824404051443e-05	1.714735479847186603e-06	-2.570745200945951520e-02	-3.723199964054356290e-05	-2.223582546226029327e-02	3.063119256350700865e-04	-5.299851977697647189e-04	-2.927836865330953932e-06	5.522888329867583411e-05	-2.570830343095562021e-02	6.092181439574288759e-02	1.169816502010081571e-04	-5.165817998961819987e-05	1.349064474679978075e-05	-4.323745010247751256e-05	1.613504277594325761e-04	1.356439177801566812e-05	-7.932579451078831338e-05	7.116708997482104203e-05	-3.230735082507179861e-06
1.066205056429602474e-04	8.187212913383646847e-05	-1.493915515655413616e-04	1.220314127321798885e-02	-5.725004167292694571e-06	-2.223807742235455950e-02	1.254168286581366573e-02	3.901035980761409684e-05	8.111035846512004211e-05	-1.213501392907606768e-05	3.782618521507249659e-06	-2.657034457812969134e-04	1.780446877966020680e-07	1.671437340558415245e-04	-1.647155307254057727e-04	-1.508068790135182311e-06	-1.710524164914124724e-04	4.340596036563667409e-06	-3.114613615235854365e-06	-2.203813831010757274e-04	-6.257648515541370878e-07	1.856548742498212402e-04	2.498921965679949935e-04	8.138059081781824291e-06	1.247052101972916972e-02	-2.877182517214251292e-04	-1.465132475353444607e-04	3.374517312697924293e-02	-1.255067678092104077e-05	-1.419736032211108695e-02	2.837181874661818702e-04	-4.233197437844357652e-05	3.555944060146892062e-05	5.495961783360836191e-07	-3.189268923736746856e-06	1.848757629354688778e-05	1.130149734886861560e-05	-3.126800360327914303e-06	-3.123984756579556633e-05	-2.547470637503353102e-07	-2.223582546225971041e-02	1.232406710206723419e-04	1.818576753372904071e-04	-1.450698342194564269e-02	1.257418126849921248e-06	-1.273693454937027995e-04	1.408586340848797316e-02	6.333956400987807861e-05	1.227150091894700992e-02	-1.391176039574977725e-04	2.656172102369482404e-04	2.836546363378171206e-04	-5.088659300310500170e-05	1.439844392710667997e-02	-3.370707840924778986e-02	-1.290366015235013810e-04	3.096058293898928390e-05	5.351791602695408943e-07	5.488728954267290841e-06	-5.335023991390506299e-05	3.741602216460618513e-08	2.947915675052022115e-05	-4.102284783407609929e-05	2.077563979665231841e-06
8.296904728930122563e-07	6.374079099988327890e-04	-9.555601586184986991e-07	1.399485811674896235e-05	-6.361299775101161803e-04	-8.879916517639372298e-05	3.901035980761409684e-05	2.033660094205421310e-03	-2.280334449136777958e-06	6.190793516397142269e-05	-3.072216547437158602e-05	2.273495058059338882e-07	4.828069026716010153e-06	3.810068824025323048e-08	2.193588761887904348e-08	-7.086493152596334464e-05	-4.842010151100627570e-07	-5.395252550587500897e-05	-1.716452329344661363e-05	-6.111198862644600898e-06	2.877954655525377013e-05	8.326978837923602455e-06	-2.821558194128928137e-06	8.910299701508484600e-05	2.032091421021654757e-05	1.110965775894349637e-03	1.515858852748334321e-03	7.531109009533459224e-05	-3.862830090946043162e-05	-7.110663102615440482e-05	-9.233414811293127631e-06	1.641067508491488892e-03	1.974956437801182620e-06	1.262582695260036153e-06	3.805261255714684611e-05	1.184848411879433048e-06	-5.258452963142231355e-05	4.164382227318598105e-08	-6.257866623065227034e-07	-3.853477436689872260e-05	-5.165818001517061568e-05	-6.584958861576030702e-04	-2.177249935715366326e-03	-3.385787127155170256e-05	-6.599619285659694828e-04	2.462073588745574086e-06	7.191704408668751661e-05	-1.047056663442172929e-07	3.096058295536664560e-05	-4.019311945250071298e-05	1.518408179047817108e-03	2.033324861029244101e-05	1.112066690149993891e-03	5.043981812084911151e-05	-1.234938698909173198e-04	-1.640146953961413431e-03	1.156289555143696771e-06	-3.504201512425552051e-05	8.215662567642416782e-05	-1.624348383330908370e-06	-3.604533233131810232e-05	-3.709910868796935161e-07	3.079979339531413926e-06	-5.285720933041796499e-06
-7.517239170864714971e-06	5.704621424577038848e-06	-3.898896644433566686e-06	5.280280272212939515e-05	8.635767817733277705e-07	-1.164083310386766692e-04	8.111035846512004211e-05	-2.280334449136777958e-06	4.333405557708668553e-03	9.961182845016818628e-06	-1.226954256614831086e-05	-7.541158980776047679e-04	-1.216667283683395905e-05	2.892936147129212057e-03	-4.375869993015710571e-03	-1.955657334515602375e-05	-3.723012233654235219e-03	2.811910140648377871e-05	-2.635607641059608137e-05	-2.786228834649320113e-03	4.187582894582706506e-06	-8.755838270408618836e-04	7.416468572304464948e-03	4.879947155313618396e-05	5.456005462312681509e-05	5.301868204565701407e-06	-7.988693299221365918e-06	1.185309191919680023e-04	3.830456690026702945e-06	-5.193096438898940105e-05	2.004386585118398865e-06	2.902967951629462674e-06	2.383380650769394583e-03	-7.773862488682424477e-06	-2.395718844969615675e-05	4.252275937782730615e-03	-7.395143964548974293e-06	-4.900665512784378557e-03	-7.537703977267525349e-04	2.723799038433548920e-06	-1.822407316012050087e-04	3.595864994714219158e-07	2.354460561534443536e-06	-1.768237035618017519e-04	-2.947070320142802166e-06	1.423302161598673503e-05	9.265336001246418489e-05	-3.277172322084290699e-06	8.187212913746060397e-05	-4.403135744757752597e-06	5.879523737746194753e-06	-3.433015603921100339e-05	-1.485613554334091024e-06	1.997084426151658927e-04	-2.957820250555784022e-04	6.598984992304822200e-06	6.374079099989683143e-04	-5.484067703655966524e-05	-3.935749401153505809e-05	8.420594603169774539e-03	-3.516605987587275196e-06	-4.998971322651177968e-03	3.424727381493824618e-03	-2.339587492941954549e-05
3.728519320883414448e-06	9.961182855456957101e-06	-3.520577831523608535e-05	-6.893214428087275473e-06	2.006379101779836921e-05	1.505911825294138827e-06	-1.213501392907606768e-05	6.190793516397142269e-05	9.961182845016818628e-06	4.009481942494400042e-02	-2.224878697772308955e-02	9.596634236313961066e-05	-4.236297258438090948e-05	-1.322452642298441866e-04	2.781853523005389686e-04	-2.569274982615969011e-02	-3.520577831294526103e-05	-2.224878697772245464e-02	9.437316941104373206e-05	-2.268771570347078315e-04	2.221135343156389191e-02	-4.870614995749751423e-04	-3.705515354764462210e-04	6.091303456179940345e-02	-6.893214428506948111e-06	9.596634238768627311e-05	-2.268771570298050151e-04	-4.201191264551092357e-05	1.326146524455191079e-04	9.830028244997341777e-06	4.640926954089451816e-06	1.271895297525318176e-04	2.006379101962142805e-05	-4.236297258376382904e-05	2.221135343156255271e-02	1.326146524573457207e-04	-4.008263090189904954e-02	1.908956010116360830e-04	5.258933964508291301e-04	-2.571704013697835231e-02	1.505911826722493027e-06	-1.322452642367579812e-04	-4.870614995965828579e-04	9.830028246117680069e-06	1.908956010314250224e-04	-2.737311606112481734e-07	-1.716659132314102428e-05	2.396168392741803766e-04	-1.213501393011464865e-05	2.781853522991541714e-04	-3.705515354595529417e-04	4.640926954317124955e-06	5.258933964248917615e-04	-1.716659132185608885e-05	5.202677975702652550e-05	-3.514053978886715014e-04	6.190793517849478512e-05	-2.569274982615869785e-02	6.091303456179628095e-02	1.271895297801229469e-04	-2.571704013697681881e-02	2.396168392587658136e-04	-3.514053978757057987e-04	-1.120214366435215686e-04
-1.397672467406595240e-06	2.811910140115631078e-05	-2.243958498372585441e-05	9.483897053222343348e-07	2.846294120934866220e-05	4.034945505869450848e-06	3.782618521507249659e-06	-3.072216547437158602e-05	-1.226954256614831086e-05	-2.224878697772308955e-02	1.256977811179081118e-02	-6.658018305230453194e-05	1.604891351868296002e-04	7.010893235018592073e-05	-1.516221725215455176e-04	1.408407128022837185e-02	2.655923455282192577e-05	1.229908902433200779e-02	-3.516414021374180679e-04	1.315205293957269505e-04	-1.243504660433003735e-02	2.872774145319831286e-04	1.992833482775008020e-04	-3.371901271175915815e-02	2.778158248594773076e-06	-4.861708713706968727e-05	6.351544664078753722e-05	1.629828383733022851e-05	-2.604867575155657769e-05	-3.412513521772081295e-06	-2.512650950502926919e-06	-1.446013365933400126e-05	-1.716901576805478428e-05	1.613867862824764276e-04	-1.216577525908544080e-02	-8.364045806261495737e-05	2.221322743203654401e-02	-1.022838452624244218e-04	-3.083753221040254735e-04	1.450419928331941194e-02	3.220752743858647816e-06	1.205154272356747969e-04	2.609561126035008644e-04	-2.328252972959853806e-06	-1.466953221809895328e-04	2.991726693584811171e-08	7.913461229257779642e-06	-1.920132712946484143e-04	4.340596037389869275e-06	-2.055054099739534726e-04	2.584954363123213123e-04	-1.855312314063400454e-06	-2.825071231624404081e-04	4.888932704852889279e-06	-2.184130565499578291e-05	2.625449697793393240e-04	-5.395252551280218671e-05	1.439562204138783788e-02	-3.371798769527604295e-02	-8.796251833331181452e-05	1.419414978733781266e-02	-1.302693182162709021e-04	1.879685063072934000e-04	4.356596954929203326e-04
1.371131674912534012e-06	5.301868204528398923e-06	-1.239130330768641145e-06	-2.653062299009741097e-04	4.096047605241020725e-06	4.718873628926044655e-04	-2.657034457812969134e-04	2.273495058059338882e-07	-7.541158980776047679e-04	9.596634236313961066e-05	-6.658018305230453194e-05	2.210677427858367527e-03	5.423085020586476386e-06	7.717806765071965214e-04	5.403764109793348649e-05	-1.003715579893680405e-04	4.402813043370424869e-06	-4.861708712597265442e-05	1.702278503860831199e-05	-1.794067176698824727e-03	8.243893564616507758e-05	-9.381422406889248361e-04	-1.799331708383692351e-03	2.062087062702541284e-04	-2.722607649178839418e-04	1.657886729672538689e-05	-1.111707198267954578e-06	-7.098531396307884668e-04	4.290718225664741077e-06	2.989416382096038135e-04	-2.127022438841110070e-06	4.861751962460294431e-06	7.550011897307632629e-04	3.167158213151427331e-06	3.056941428645115120e-05	4.547150134064354527e-05	-1.376985943169634085e-04	7.814472670760561502e-04	2.192083905972104681e-03	-9.122656592498678792e-05	4.878903290486720371e-04	-3.183777306538801430e-06	-7.769898072918711126e-06	3.053173799849982642e-04	-2.632832801558299209e-06	-3.732868179410968269e-06	-3.396203112626135071e-04	-3.080797442186195250e-06	-2.877182517308525924e-04	2.870745597435344776e-07	3.616520562235443887e-07	2.757702372255247032e-05	-1.147388104050005712e-06	-3.176694841364347964e-04	7.222961958976787051e-04	2.042961406520050002e-06	1.110965775895745872e-03	-6.228513898064698211e-05	1.493624158510815946e-04	-1.938121483208500671e-03	-9.290405045384335023e-05	3.551529428044136586e-06	1.936734481274227353e-03	2.099705415792445148e-05
-1.110667194952961211e-07	-7.773862488638421116e-06	1.129636228916113940e-05	7.507473339166733850e-07	-1.446844238179211868e-05	-4.938366116294465632e-07	1.780446877966020680e-07	4.828069026716010153e-06	-1.216667283683395905e-05	-4.236297258438090948e-05	1.604891351868296002e-04	5.423085020586476386e-06	3.929091671383012343e-04	-5.491359132692340207e-06	2.971829214711203972e-06	-1.341619694961804308e-04	1.169990357987829943e-05	1.613867862826242044e-04	-8.516548446094686017e-04	1.231104853629836422e-05	1.593368920839111839e-04	-4.943068738083108377e-06	-7.033227309121426111e-06	-2.448105577625480170e-06	1.483001476972693447e-07	3.167158211452456692e-06	2.124254683272626041e-05	6.953574626746061617e-07	-1.620448657714567054e-05	9.311924366375153885e-07	-1.262066912836011771e-06	-1.825005296563331672e-05	-1.070831563915392972e-05	3.919959766286195725e-04	1.599694597354702191e-04	-1.646208312398914325e-05	-3.952655857700578977e-05	6.209869288739253951e-06	2.395893680214420624e-06	1.371640273758242671e-04	-2.844369142692007822e-07	-9.245325772298243814e-06	-9.494557059713806409e-06	4.238278206352524070e-07	1.603538812599738875e-06	-2.720466239145305507e-07	5.139014387714082487e-07	2.364470998422500051e-06	5.495961778516696059e-07	2.195857964253230237e-06	3.402652186564015557e-06	-1.148485919872135988e-06	1.497909698410844345e-07	1.201268090993283684e-06	-8.770950068655258225e-07	-2.698295345746745872e-05	1.262582694423406041e-06	-1.350124373980297974e-04	-1.449430993030153663e-06	-2.965291446383207089e-05	1.361788403712808470e-04	3.028877331498287414e-06	-1.746534645958829611e-05	1.063121715892287929e-03
-1.025941315571715564e-05	3.595865004084449139e-07	1.561189734719306950e-06	1.554775853636211028e-04	-3.644719129217787688e-06	-2.896766362193156164e-04	1.671437340558415245e-04	3.810068824025323048e-08	2.892936147129212057e-03	-1.322452642298441866e-04	7.010893235018592073e-05	7.717806765071965214e-04	-5.491359132692340207e-06	5.563932716363871600e-03	-4.946312486101837186e-03	7.705163578474670652e-06	-4.321346097629750853e-03	1.205154272301863351e-04	1.701791789034923469e-05	-8.308175785365207872e-03	-2.844197784398237521e-05	8.996094294168733695e-04	3.536214012056578156e-03	-4.560798462297374286e-05	1.533812070751814792e-04	-3.183777305963299293e-06	1.731244097533089313e-06	3.817438818277085993e-04	-3.054863382945691651e-06	-1.611215874909075027e-04	-3.829531368160025149e-05	-8.352273689725736361e-06	4.900877490476498489e-03	-9.245325770793716788e-06	-1.382791744610992624e-04	5.070048860024631981e-03	5.649383804613945846e-05	-3.488597711840867900e-03	7.832507954430066935e-04	3.742545259405527991e-05	-2.837121286458355041e-04	-2.054032352586138527e-06	7.122143891062960000e-06	-2.358990255729676250e-04	-6.446745923542726912e-07	9.857845072151872904e-06	1.224794426959290321e-04	4.449746279497094619e-06	1.232406710316856404e-04	1.314234958087678308e-06	-3.448270588989476058e-06	9.343683553068718041e-06	2.666568905313463792e-06	2.460157551054416975e-04	-4.945293356410165615e-04	-4.137792519883277568e-06	-6.584958861579758189e-04	6.797293154842121155e-05	-2.461896683675463774e-04	4.298984570918379031e-03	4.369103445322611220e-05	-5.804841435667968536e-03	9.453587249144884685e-03	1.850572616556444376e-05
7.817917781454451976e-06	-4.403135744919839128e-06	1.491233394499933903e-06	-1.364509665176694565e-04	2.554939912973929314e-06	2.676206713484368467e-04	-1.647155307254057727e-04	2.193588761887904348e-08	-4.375869993015710571e-03	2.781853523005389686e-04	-1.516221725215455176e-04	5.403764109793348649e-05	2.971829214711203972e-06	-4.946312486101837186e-03	5.565014635482444516e-03	-1.246009631715468797e-04	4.797172048316537991e-03	-2.055054099733100528e-04	2.463358345701111514e-05	6.395011829543963827e-03	1.261047894134061282e-04	5.299049552853499971e-05	-6.692664466617566713e-03	3.117804789562108464e-04	-1.380504984543498115e-04	2.870745597063118794e-07	8.343728589064782662e-07	-3.372367208478992563e-04	4.435332955614656259e-07	1.436579676056223864e-04	1.283077922423209641e-05	1.273004153342857398e-06	-4.251300182145423268e-03	2.195857963154154589e-06	2.063564031085865372e-04	-5.552343030891779968e-03	-2.358487530192928988e-04	5.071226918106123104e-03	4.618134899593972234e-05	-1.599618101455223588e-04	3.063119256478961982e-04	1.314234958695928644e-06	-8.621504740392901524e-06	2.668646583606780519e-04	4.425715705363042918e-06	-1.125371677973433555e-05	-1.464160501136944328e-04	7.390235191233393423e-07	-1.391176039654269767e-04	3.863987268497174203e-06	-6.290630279118005879e-06	9.737822110005661693e-06	3.333753821506351049e-06	-2.846581225264387810e-04	5.122229621591088992e-04	-3.469144984494898244e-07	-4.019311945215508965e-05	-1.351423044410397757e-04	4.795684189735628612e-04	-7.753116939696217541e-03	-1.607400137477060537e-04	6.441434229661752511e-03	-7.440547498598837177e-03	-1.728466913714969024e-05
-2.768563604217876522e-06	-5.484067704494965533e-05	5.704540981434350533e-05	-3.873798435742143600e-06	-2.429581512503845454e-05	1.594960985175311477e-05	-1.508068790135182311e-06	-7.086493152596334464e-05	-1.955657334515602375e-05	-2.569274982615969011e-02	1.408407128022837185e-02	-1.003715579893680405e-04	-1.341619694961804308e-04	7.705163578474670652e-06	-1.246009631715468797e-04	1.675634192139939874e-02	6.576715404622958470e-05	1.439562204138790727e-02	2.911636998295120396e-04	2.711658937842639631e-04	-1.419428454238585817e-02	2.973829028649530547e-04	2.352169513732319905e-04	-3.899994987357131848e-02	-3.933803683535725734e-06	-6.228513899989193659e-05	1.461174572147586721e-04	4.349972081983525225e-06	-1.234500812657703366e-04	6.217142701290234087e-06	-2.636688667252997905e-06	-1.804940373212788089e-04	-7.885868788953679168e-05	-1.350124373984100813e-04	-1.450239586026989824e-02	-1.355935803682842343e-04	2.571974020331355137e-02	-9.899492094552929042e-05	-3.686741404266120035e-04	1.629613205609431459e-02	1.349064474566696566e-05	6.797293155120002171e-05	3.479833759936130943e-04	3.227306077749837950e-06	-6.701274665733535367e-05	7.627105797033918968e-09	8.094796862282165557e-07	-1.053698498481185685e-04	5.351791607929744332e-07	-1.351423044380372133e-04	1.441207765031951539e-04	-4.218408958667185636e-06	-3.397348362954803053e-04	8.666162411318063039e-07	-8.404061164160134837e-06	2.238775364058462661e-04	-3.504201513461674601e-05	1.639102464075725685e-02	-3.899552762475999579e-02	-7.860911648692911718e-05	1.665593103017510429e-02	-8.876434027495475781e-05	8.268731940992257289e-05	-3.679130197044280706e-04
6.667486482164462452e-06	-3.898896644482547213e-06	2.536331509666844074e-06	-1.486530156375607463e-04	5.855295693933076269e-07	2.841658609174104008e-04	-1.710524164914124724e-04	-4.842010151100627570e-07	-3.723012233654235219e-03	-3.520577831294526103e-05	2.655923455282192577e-05	4.402813043370424869e-06	1.169990357987829943e-05	-4.321346097629750853e-03	4.797172048316537991e-03	6.576715404622958470e-05	4.141166992441831785e-03	-2.243958498415921679e-05	-1.253345668842745682e-07	5.646082027324224664e-03	-4.228272885843309338e-05	4.887146221070674769e-07	-5.645718152617981711e-03	-1.502677403270962202e-04	-1.484449050631392515e-04	-1.239130331505537362e-06	4.878404059417332460e-06	-3.716947477522970344e-04	-1.310597582070258537e-06	1.595950894347170708e-04	1.164825460844984354e-05	1.429104820778334254e-06	-3.722213079302660616e-03	1.129636228837029862e-05	3.123492201534502666e-05	-4.796451232530494178e-03	7.181016423601024076e-05	4.319280094414990577e-03	-3.962524586609042737e-06	4.437433734392555896e-05	3.155739035138795806e-04	1.561189735530497275e-06	-5.793005474258979910e-06	2.625318969685867376e-04	2.057462125924463545e-06	-9.488445400217848419e-06	-1.595729535215274384e-04	-1.382172174069163780e-06	-1.493915515671667433e-04	1.491233394312092489e-06	-2.161714036419822221e-06	6.787956183075981436e-06	-2.082885567475288873e-07	-2.771086235433511524e-04	5.201299057729058236e-04	8.229151031343415797e-07	-9.555601583185812731e-07	5.704540981108089027e-05	-3.171439960035946320e-06	-6.553553191674090818e-03	4.060316936410953293e-05	5.556576913103225546e-03	-6.552363236637758284e-03	9.080653555223775430e-06
-1.397672467341534216e-06	-1.226954256964872025e-05	2.655923455279631489e-05	2.778158248318937221e-06	-1.716901576667389018e-05	3.220752744973101347e-06	4.340596036563667409e-06	-5.395252550587500897e-05	2.811910140648377871e-05	-2.224878697772245464e-02	1.229908902433200779e-02	-4.861708712597265442e-05	1.613867862826242044e-04	1.205154272301863351e-04	-2.055054099733100528e-04	1.439562204138790727e-02	-2.243958498415921679e-05	1.256977811179034454e-02	-3.516414021374580207e-04	6.351544664491528462e-05	-1.216577525908564723e-02	2.609561125940283526e-04	2.584954363211625474e-04	-3.371798769527663275e-02	9.483897053842578989e-07	-6.658018306881008700e-05	1.315205293927848053e-04	1.629828383717463533e-05	-8.364045805372006788e-05	-2.328252972272768208e-06	-1.855312313851360367e-06	-8.796251831152505647e-05	2.846294120701485265e-05	1.604891351863762410e-04	-1.243504660432897223e-02	-2.604867575896304056e-05	2.221322743203592992e-02	-1.466953221697490397e-04	-2.825071231794839578e-04	1.419414978733822726e-02	4.034945505646003557e-06	7.010893235440850873e-05	2.872774145459043929e-04	-3.412513522085848980e-06	-1.022838452766602403e-04	2.991726694710594721e-08	4.888932705199850068e-06	-1.302693182273702592e-04	3.782618521740860498e-06	-1.516221725221638381e-04	1.992833482716493358e-04	-2.512650950523880397e-06	-3.083753220921133442e-04	7.913461228174207662e-06	-2.184130565440213479e-05	1.879685063142472559e-04	-3.072216548366388982e-05	1.408407128022751142e-02	-3.371901271175656301e-02	-1.446013367424629243e-05	1.450419928331839019e-02	-1.920132712844549081e-04	2.625449697681803900e-04	4.356596954928109366e-04
-9.243623850753611791e-07	-2.635607641166324801e-05	-1.253345649165137996e-07	-1.894531388342755234e-06	3.105810269031497112e-05	3.758953993033713823e-06	-3.114613615235854365e-06	-1.716452329344661363e-05	-2.635607641059608137e-05	9.437316941104373206e-05	-3.516414021374180679e-04	1.702278503860831199e-05	-8.516548446094686017e-04	1.701791789034923469e-05	2.463358345701111514e-05	2.911636998295120396e-04	-1.253345668842745682e-07	-3.516414021374580207e-04	1.851336054656367840e-03	-6.442845310296705264e-05	-3.454258599037649002e-04	3.267638700283131487e-05	-9.106695705002835074e-05	9.397094558238651689e-06	-1.894531388318678958e-06	1.702278503735232815e-05	-6.442845309799437293e-05	-3.726370535726401867e-06	8.533554184935188486e-06	1.471881035258483503e-06	6.443162831882844704e-08	-5.307197552945530552e-05	3.105810269315203683e-05	-8.516548446095193424e-04	-3.454258599036725262e-04	8.533554188430005768e-06	8.165335712782927481e-05	4.365176109320069642e-05	2.375407969003715843e-05	-2.998021870999462136e-04	3.758953992856970234e-06	1.701791788769284450e-05	3.267638700212359513e-05	1.471881035195757326e-06	4.365176109531461961e-05	1.380482267342472257e-06	-4.605261525947691655e-06	2.704266080605741506e-05	-3.114613615137745927e-06	2.463358345873559630e-05	-9.106695705132040802e-05	6.443162826354909167e-08	2.375407968959446852e-05	-4.605261525742810479e-06	6.641251517290232072e-06	7.585898130390273763e-05	-1.716452329370077434e-05	2.911636998296314102e-04	9.397094558188104151e-06	-5.307197552734590210e-05	-2.998021871000285045e-04	2.704266080248670024e-05	7.585898130889258840e-05	-2.307979846844969950e-03
8.316500884783205780e-06	-7.988693298985650201e-06	4.878404059164841256e-06	-2.148487838039034141e-04	-2.132088537655980129e-06	3.954434177248873292e-04	-2.203813831010757274e-04	-6.111198862644600898e-06	-2.786228834649320113e-03	-2.268771570347078315e-04	1.315205293957269505e-04	-1.794067176698824727e-03	1.231104853629836422e-05	-8.308175785365207872e-03	6.395011829543963827e-03	2.711658937842639631e-04	5.646082027324224664e-03	6.351544664491528462e-05	-6.442845310296705264e-05	1.326329143507264108e-02	-2.016091021451471316e-04	-2.073705376052639455e-03	-2.252682507527620399e-03	-6.022175813434285261e-04	-2.069248253673700304e-04	-1.111707198727214995e-06	5.787814641224810959e-06	-5.343277322981412024e-04	-4.442224848631618850e-06	2.271112747260210134e-04	5.353162376365041116e-05	-1.113839827440275425e-06	-7.415561830018102193e-03	2.124254683037684173e-05	-2.172884453046614825e-05	-6.688788368618583773e-03	3.603942347731565825e-04	3.531208722789456848e-03	-1.801873776911273439e-03	2.373003614654723488e-04	3.497789776431325980e-04	1.731244098380039886e-06	-5.728961415178337725e-06	2.877681077232326643e-04	6.754109264428874795e-06	-2.681301787333819793e-06	-1.301711465370042895e-04	-2.467260175173275973e-06	-1.465132475301093634e-04	8.343728584803632013e-07	-1.244768098243808512e-06	-5.172258396208490928e-05	-5.899304164312178931e-06	-2.862731545387233183e-04	6.368208333435315151e-04	6.848138441145745279e-06	1.515858852748817008e-03	1.461174572162866924e-04	-2.937459356994330702e-04	-3.067900188314817006e-03	2.217061233271136120e-04	7.580722214293268701e-03	-1.494118043270038429e-02	-2.098639397509467986e-05
2.393695940462491573e-06	-2.395718844331872711e-05	3.123492201086264350e-05	6.088822305112134206e-07	-5.012214283463510285e-05	-6.779470591084925850e-06	-6.257648515541370878e-07	2.877954655525377013e-05	4.187582894582706506e-06	2.221135343156389191e-02	-1.243504660433003735e-02	8.243893564616507758e-05	1.593368920839111839e-04	-2.844197784398237521e-05	1.261047894134061282e-04	-1.419428454238585817e-02	-4.228272885843309338e-05	-1.216577525908564723e-02	-3.454258599037649002e-04	-2.016091021451471316e-04	1.256722595253630115e-02	-2.700175519391111688e-04	-2.192688428123010984e-04	3.371741937089425822e-02	-7.162535130178342352e-08	3.056941430401952933e-05	-2.172884453799515307e-05	-1.211362427177573649e-05	1.237482065774550880e-05	1.571477717692321814e-06	3.400174609432121246e-06	2.569269769926111474e-05	5.029647880684753089e-05	1.599694597357667755e-04	1.229415042349403173e-02	1.005315876490076786e-04	-2.224496100033109686e-02	1.028223131453091072e-04	3.218592069387673604e-04	-1.439296781472025957e-02	-5.105636624685781332e-06	-1.382791744598631906e-04	-2.655918357112390066e-04	1.958720497193009701e-06	1.374292380858523044e-04	-1.261915344601243797e-06	-7.047041107480541878e-06	1.939178219260973804e-04	-3.189268924208777565e-06	2.063564031048887573e-04	-2.312055477039581483e-04	4.213128694876826969e-06	2.618897148233262492e-04	-4.462332896376627627e-06	1.874537779060831051e-05	-3.111654018000475181e-04	3.805261256793426470e-05	-1.450239586027051233e-02	3.371123833321924834e-02	5.094887425275795005e-05	-1.408087841457099365e-02	9.910655003217048141e-05	-1.130686861733857661e-04	4.335067326568683944e-04
3.624162655923482029e-06	2.354460559771784913e-06	-5.793005473824922112e-06	2.045574089908557089e-04	6.392184194625573240e-06	-3.501521030554149549e-04	1.856548742498212402e-04	8.326978837923602455e-06	-8.755838270408618836e-04	-4.870614995749751423e-04	2.872774145319831286e-04	-9.381422406889248361e-04	-4.943068738083108377e-06	8.996094294168733695e-04	5.299049552853499971e-05	2.973829028649530547e-04	4.887146221070674769e-07	2.609561125940283526e-04	3.267638700283131487e-05	-2.073705376052639455e-03	-2.700175519391111688e-04	2.409738692115139316e-03	-2.071863576952250041e-03	-7.151123446078196631e-04	2.015903601351755597e-04	-7.769898074609925907e-06	-5.728961414919441258e-06	5.397655897319605239e-04	3.753617136754052716e-06	-2.298252697367383327e-04	-1.240002660631945935e-05	5.069553769754271017e-06	8.720047111325827330e-04	-9.494557060568894639e-06	-2.655918356997783391e-04	5.145552965244402243e-05	4.706724599012259303e-04	8.978685589211331339e-04	-9.393129138695246322e-04	2.993865455867982970e-04	-3.041604289541758243e-04	7.122143891370387220e-06	1.477556465490219463e-05	-1.745522580941248126e-04	-8.579278747298880922e-06	-8.699733230649118993e-06	1.990921522609403983e-04	-6.885326317898191647e-06	1.818576753239832620e-04	-8.621504739529232850e-06	1.052078832031180734e-05	2.705878652568560896e-05	-6.516545599421264338e-06	1.668565296878214395e-04	-4.796864985462584224e-04	6.130320407651452622e-06	-2.177249935716905026e-03	3.479833759756179945e-04	-7.324747529182554055e-04	-2.243964022001885758e-03	2.995159289793412958e-04	5.864664996493320053e-07	2.237655170248703876e-03	-2.384063245939362656e-06
-1.855493847222390873e-05	5.879523737989076368e-06	-2.161714036545008184e-06	2.011186087518594895e-04	-5.521132481640453411e-06	-3.984946574616066379e-04	2.498921965679949935e-04	-2.821558194128928137e-06	7.416468572304464948e-03	-3.705515354764462210e-04	1.992833482775008020e-04	-1.799331708383692351e-03	-7.033227309121426111e-06	3.536214012056578156e-03	-6.692664466617566713e-03	2.352169513732319905e-04	-5.645718152617981711e-03	2.584954363211625474e-04	-9.106695705002835074e-05	-2.252682507527620399e-03	-2.192688428123010984e-04	-2.071863576952250041e-03	1.326540739328092508e-02	-5.529814252894736919e-04	2.073089040757259186e-04	3.616520571013113970e-07	-1.244768098545388028e-06	5.105686590503167969e-04	-7.270041461383565749e-07	-2.148010422547288285e-04	-1.333804629563495447e-06	1.912479252414897513e-06	2.785550680535771317e-03	3.402652185698443176e-06	-2.312055477122503433e-04	6.394184118373506115e-03	4.020306397351267416e-04	-8.307823335669047016e-03	-1.800494500687816000e-03	2.789829090326427724e-04	-5.299851977849284789e-04	-3.448270590302809537e-06	1.052078832147117353e-05	-4.335719844561650789e-04	-4.026449526074906069e-06	3.310943509413321180e-05	3.174147233375607135e-04	-2.250528464763437369e-06	2.656172102436088738e-04	-6.290630278910884301e-06	1.483436585689417841e-05	-9.175413694579632627e-05	-1.053209493879501706e-05	4.836582690180887671e-04	-8.189197594447648713e-04	1.697838081998638758e-06	1.518408179047451732e-03	1.441207765177382623e-04	-6.494059992293251850e-04	1.494184907610723520e-02	2.626588794935580374e-04	-7.583931505322862900e-03	3.070156939808100800e-03	-1.385145807768440657e-05
5.898702066358955235e-06	-3.935749399564652249e-05	-3.171439965779568315e-06	1.567470820906575904e-05	-7.501701006574468912e-06	-4.361634660911941415e-05	8.138059081781824291e-06	8.910299701508484600e-05	4.879947155313618396e-05	6.091303456179940345e-02	-3.371901271175915815e-02	2.062087062702541284e-04	-2.448105577625480170e-06	-4.560798462297374286e-05	3.117804789562108464e-04	-3.899994987357131848e-02	-1.502677403270962202e-04	-3.371798769527663275e-02	9.397094558238651689e-06	-6.022175813434285261e-04	3.371741937089425822e-02	-7.151123446078196631e-04	-5.529814252894736919e-04	9.265596642422289919e-02	1.591116960546039034e-05	1.493624158977078988e-04	-2.937459356992589473e-04	7.167114226444813526e-06	1.420829223897192642e-04	-1.311958764648394804e-05	6.914034268173278804e-06	9.017752999781677992e-05	1.700840242552130520e-04	-1.449430992144585799e-06	3.371123833321899854e-02	3.154478940591012252e-04	-6.091420880495641843e-02	2.417031898403403469e-04	8.608729514668700747e-04	-3.899627141579117134e-02	-4.323745010160353719e-05	-2.461896683732365957e-04	-7.324747529582388301e-04	-1.483263396294139436e-05	3.498822680954011667e-04	-7.574878966224532584e-07	-1.126849619188663728e-06	4.298146674863362652e-04	5.488728953269097241e-06	4.795684189686428602e-04	-6.494059992052615346e-04	8.929804465939229129e-06	8.038386882537524626e-04	2.629367323313228042e-06	9.580118917992826681e-06	-5.991607430211994207e-04	8.215662570703742931e-05	-3.899552762476084233e-02	9.264489218924865099e-02	2.110176157273374728e-04	-3.899445900437874257e-02	2.319246649395806078e-04	-2.494319433145232730e-04	-1.746615215787954264e-06
-1.053304004174462395e-04	5.280280271943018575e-05	-1.486530156373576752e-04	1.227236158126893129e-02	2.935134617174127704e-05	-2.223628397747453439e-02	1.247052101972916972e-02	2.032091421021654757e-05	5.456005462312681509e-05	-6.893214428506948111e-06	2.778158248594773076e-06	-2.722607649178839418e-04	1.483001476972693447e-07	1.533812070751814792e-04	-1.380504984543498115e-04	-3.933803683535725734e-06	-1.484449050631392515e-04	9.483897053842578989e-07	-1.894531388318678958e-06	-2.069248253673700304e-04	-7.162535130178342352e-08	2.015903601351755597e-04	2.073089040757259186e-04	1.591116960546039034e-05	1.254216266826063512e-02	-2.653062298938947574e-04	-2.148487838121808098e-04	3.371105601882166958e-02	-5.119817075976942271e-06	-1.408550344041439341e-02	-2.805128489255113901e-04	-1.135195152423114308e-04	2.864392227085099112e-05	7.507473344296028683e-07	6.088822299442251299e-07	-7.437944961317491149e-07	5.185926311220896050e-06	2.267327057075268026e-05	-3.522071177576708808e-05	-4.694537560015108095e-06	-2.223791023333272082e-02	1.554775853549248527e-04	2.045574090071190397e-04	-1.439757396186281194e-02	2.718357160534224905e-05	1.249635192865187496e-04	1.419640772266341985e-02	5.503770799662068258e-05	1.220314127321832365e-02	-1.364509665117867381e-04	2.011186087462045078e-04	-2.796948715475423971e-04	-2.579214478860585491e-05	1.450617987684140429e-02	-3.374267805901239037e-02	-4.192873215812060534e-05	1.399485810639973762e-05	-3.873798435629744022e-06	1.567470820779377305e-05	-1.033960417976926915e-04	-4.147032916231671804e-06	5.059668643041868554e-05	-4.469019204535972488e-05	2.271687464129845539e-06
1.371131674200457554e-06	-7.541158980760139180e-04	4.402813043010164816e-06	-2.722607649123296282e-04	7.550011897299764574e-04	4.878903290354486737e-04	-2.877182517214251292e-04	1.110965775894349637e-03	5.301868204565701407e-06	9.596634238768627311e-05	-4.861708713706968727e-05	1.657886729672538689e-05	3.167158211452456692e-06	-3.183777305963299293e-06	2.870745597063118794e-07	-6.228513899989193659e-05	-1.239130331505537362e-06	-6.658018306881008700e-05	1.702278503735232815e-05	-1.111707198727214995e-06	3.056941430401952933e-05	-7.769898074609925907e-06	3.616520571013113970e-07	1.493624158977078988e-04	-2.653062298938947574e-04	2.210677427859929212e-03	-1.794067176698544135e-03	-7.098531396167563970e-04	4.547150134064516480e-05	3.053173799790114625e-04	2.757702372227682886e-05	-1.938121483208279710e-03	4.096047606563465314e-06	5.423085022291444442e-06	8.243893565921559202e-05	4.290718226552443464e-06	-1.376985943433005225e-04	-2.632832801120722412e-06	-1.147388105305668741e-06	-9.290405047342507145e-05	4.718873628771809306e-04	7.717806765063007536e-04	-9.381422406901011955e-04	2.989416382005087125e-04	7.814472670755162175e-04	-3.732868180754296878e-06	-3.176694841255736385e-04	3.551529428277273935e-06	-2.657034457720317011e-04	5.403764109768657977e-05	-1.799331708382555239e-03	-2.127022439250883010e-06	2.192083905973357151e-03	-3.396203112495490336e-04	7.222961958683328217e-04	1.936734481273977120e-03	2.273495073711474367e-07	-1.003715580022876240e-04	2.062087062996928737e-04	4.861751963890030142e-06	-9.122656593859582912e-05	-3.080797442442760682e-06	2.042961405713528100e-06	2.099705415837165099e-05
8.316500884296327854e-06	-2.786228834649084191e-03	5.646082027323910679e-03	-2.069248253731221024e-04	-7.415561830017518459e-03	3.497789776551908777e-04	-1.465132475353444607e-04	1.515858852748334321e-03	-7.988693299221365918e-06	-2.268771570298050151e-04	6.351544664078753722e-05	-1.111707198267954578e-06	2.124254683272626041e-05	1.731244097533089313e-06	8.343728589064782662e-07	1.461174572147586721e-04	4.878404059417332460e-06	1.315205293927848053e-04	-6.442845309799437293e-05	5.787814641224810959e-06	-2.172884453799515307e-05	-5.728961414919441258e-06	-1.244768098545388028e-06	-2.937459356992589473e-04	-2.148487838121808098e-04	-1.794067176698544135e-03	1.326329143507100003e-02	-5.343277323207214474e-04	-6.688788368618074631e-03	2.877681077311736862e-04	-5.172258396027281443e-05	-3.067900188315101067e-03	-2.132088537791478296e-06	1.231104853493994699e-05	-2.016091021463688377e-04	-4.442224849442541089e-06	3.603942347774386932e-04	6.754109265002937823e-06	-5.899304165120486379e-06	2.217061233323897192e-04	3.954434177421037007e-04	-8.308175785364860927e-03	-2.073705376050477989e-03	2.271112747429760380e-04	3.531208722789150670e-03	-2.681301787654392541e-06	-2.862731545497810962e-04	7.580722214293256558e-03	-2.203813831097587773e-04	6.395011829543354072e-03	-2.252682507528538935e-03	5.353162376081700463e-05	-1.801873776911832020e-03	-1.301711465489417078e-04	6.368208333657487692e-04	-1.494118043269922896e-02	-6.111198863222312943e-06	2.711658937788343870e-04	-6.022175813427273726e-04	-1.113839828827678123e-06	2.373003614677114161e-04	-2.467260174398007045e-06	6.848138440407015658e-06	-2.098639396936103252e-05
5.957025642220069349e-05	1.185309191817884823e-04	-3.716947477501469531e-04	3.371105601882126712e-02	3.925724939256395327e-05	-6.092455499693467252e-02	3.374517312697924293e-02	7.531109009533459224e-05	1.185309191919680023e-04	-4.201191264551092357e-05	1.629828383733022851e-05	-7.098531396307884668e-04	6.953574626746061617e-07	3.817438818277085993e-04	-3.372367208478992563e-04	4.349972081983525225e-06	-3.716947477522970344e-04	1.629828383717463533e-05	-3.726370535726401867e-06	-5.343277322981412024e-04	-1.211362427177573649e-05	5.397655897319605239e-04	5.105686590503167969e-04	7.167114226444813526e-06	3.371105601882166958e-02	-7.098531396167563970e-04	-5.343277323207214474e-04	9.268249858605731584e-02	-5.527548344298918823e-05	-3.902866592839430993e-02	1.573296642807811498e-04	-3.579010242065143845e-04	3.925724938351757363e-05	6.953574639023266322e-07	-1.211362427254173041e-05	-5.527548344964403472e-05	3.920575194509505869e-05	1.080072866294330496e-04	-5.493815497644887792e-05	3.458109819090916406e-06	-6.092455499693391618e-02	3.817438818054651076e-04	5.397655897826042579e-04	-3.902866592839226989e-02	1.080072866218300141e-04	-7.085076469484471908e-05	3.896563189548159223e-02	2.025686729409208447e-04	3.374517312697943722e-02	-3.372367208312629329e-04	5.105686590287030098e-04	1.573296642817361151e-04	-5.493815499130854632e-05	3.896563189547982975e-02	-9.264618718965647592e-02	-1.904242269286283052e-04	7.531109006817614097e-05	4.349972081353093849e-06	7.167114224504167023e-06	-3.579010242098316094e-04	3.458109819706360381e-06	2.025686729334390094e-04	-1.904242268994048553e-04	5.594889258405489279e-06
-1.791178785631021244e-05	4.252275937782847709e-03	-4.796451232530507189e-03	-7.437944966148391098e-07	4.376011046211169403e-03	-4.367290042799546856e-05	-1.255067678092104077e-05	-3.862830090946043162e-05	3.830456690026702945e-06	1.326146524455191079e-04	-2.604867575155657769e-05	4.290718225664741077e-06	-1.620448657714567054e-05	-3.054863382945691651e-06	4.435332955614656259e-07	-1.234500812657703366e-04	-1.310597582070258537e-06	-8.364045805372006788e-05	8.533554184935188486e-06	-4.442224848631618850e-06	1.237482065774550880e-05	3.753617136754052716e-06	-7.270041461383565749e-07	1.420829223897192642e-04	-5.119817075976942271e-06	4.547150134064516480e-05	-6.688788368618074631e-03	-5.527548344298918823e-05	5.563546352203253484e-03	-9.363847276298744964e-05	-3.303770512340842882e-05	7.442092942790279851e-03	2.191367936164672991e-07	-1.646208312369977646e-05	1.005315876438703221e-04	3.447090507329120129e-06	-1.764723280161956673e-04	-3.916060117102544068e-06	2.688569730297196829e-06	-1.080935605822785374e-04	-9.604794048782247143e-06	5.070048860024677084e-03	5.145552965153064309e-05	2.906319205855023560e-05	-4.943847464018316304e-03	2.279480600140278864e-05	1.204348280826657172e-04	-6.440546722744731369e-03	1.848757629875507654e-05	-5.552343030891663742e-03	6.394184118374057757e-03	-4.129591027906669978e-05	5.462680231623333609e-05	-2.115431466277837509e-05	-1.176975917218235661e-04	7.754369734575871156e-03	1.184848412035648581e-06	-1.355935803600821635e-04	3.154478940458637672e-04	2.050227073924891507e-06	-1.137813295611920844e-04	-4.857064932585536407e-07	1.213747891793938062e-06	-1.796219814434876305e-05
-1.727129003100829371e-04	-1.768237035545607179e-04	2.625318969650306629e-04	-1.439757396186311898e-02	-7.458958017232078953e-05	2.571014284739905897e-02	-1.419736032211108695e-02	-7.110663102615440482e-05	-5.193096438898940105e-05	9.830028244997341777e-06	-3.412513521772081295e-06	2.989416382096038135e-04	9.311924366375153885e-07	-1.611215874909075027e-04	1.436579676056223864e-04	6.217142701290234087e-06	1.595950894347170708e-04	-2.328252972272768208e-06	1.471881035258483503e-06	2.271112747260210134e-04	1.571477717692321814e-06	-2.298252697367383327e-04	-2.148010422547288285e-04	-1.311958764648394804e-05	-1.408550344041439341e-02	3.053173799790114625e-04	2.877681077311736862e-04	-3.902866592839430993e-02	-9.363847276298744964e-05	1.679823275380960823e-02	-4.572220012993054110e-04	-1.019553289572545658e-04	-1.214163948586893797e-05	4.238278200966398789e-07	1.958720496846004866e-06	2.906319206515173257e-05	-9.387619660887401135e-06	-4.805645925040081254e-05	2.591329870572798628e-05	3.457969742570419414e-06	2.570547803920657584e-02	-2.358990255616792914e-04	-1.745522581166403307e-04	1.643031290611644823e-02	9.589883122673452018e-05	2.037592664050392219e-04	-1.661568026804861528e-02	5.069434542080900047e-05	-1.450698342194676332e-02	2.668646583501715908e-04	-4.335719844406614215e-04	-4.573019117726738188e-04	3.487313794955498723e-05	-1.625202478409148305e-02	3.896742787981358203e-02	7.857014326440776457e-06	-3.385787125856042621e-05	3.227306078613989857e-06	-1.483263396342323752e-05	1.497486857300585686e-04	2.842489443722619718e-06	-9.284916083674027985e-05	9.146209525867919935e-05	-9.952370865835257364e-07
8.735269501245774421e-04	-3.433015604191820200e-05	6.787956184849594736e-06	-2.796948715479616581e-04	-5.976310225586678729e-06	-2.906854184002276715e-06	2.837181874661818702e-04	-9.233414811293127631e-06	2.004386585118398865e-06	4.640926954089451816e-06	-2.512650950502926919e-06	-2.127022438841110070e-06	-1.262066912836011771e-06	-3.829531368160025149e-05	1.283077922423209641e-05	-2.636688667252997905e-06	1.164825460844984354e-05	-1.855312313851360367e-06	6.443162831882844704e-08	5.353162376365041116e-05	3.400174609432121246e-06	-1.240002660631945935e-05	-1.333804629563495447e-06	6.914034268173278804e-06	-2.805128489255113901e-04	2.757702372227682886e-05	-5.172258396027281443e-05	1.573296642807811498e-04	-3.303770512340842882e-05	-4.572220012993054110e-04	2.314826807840655344e-03	-9.319309244077892242e-05	-5.158938115985587194e-05	-1.148485919984733349e-06	4.213128694942025636e-06	-4.129591028300381734e-05	-5.552130186132787429e-06	1.635619319017992193e-05	-1.148615789272359776e-05	-3.601858908550607200e-06	-2.927836864520922772e-06	9.343683550052599734e-06	2.705878652751684676e-05	-4.573019117722092923e-04	5.322316568013893520e-05	-1.033901999894556740e-03	-4.543423167163840163e-04	4.760775580099867036e-05	2.836546363375067677e-04	9.737822113792144607e-06	-9.175413695024415726e-05	2.312193717371179534e-03	1.805293256205363724e-05	-4.533867375397384420e-04	1.488079207906538889e-04	-4.542255741048796694e-07	2.033324860939676127e-05	-4.218408958570230857e-06	8.929804465756869712e-06	3.860875659859430614e-06	-4.093092303299470579e-06	5.422301426806298749e-05	-1.146915388679281068e-04	-3.727079038806953701e-08
-1.832743685655243058e-05	8.420594603170235976e-03	-6.553553191674431691e-03	-1.033960418006464783e-04	3.426221973818030682e-03	1.595159758369036330e-05	-4.233197437844357652e-05	1.641067508491488892e-03	2.902967951629462674e-06	1.271895297525318176e-04	-1.446013365933400126e-05	4.861751962460294431e-06	-1.825005296563331672e-05	-8.352273689725736361e-06	1.273004153342857398e-06	-1.804940373212788089e-04	1.429104820778334254e-06	-8.796251831152505647e-05	-5.307197552945530552e-05	-1.113839827440275425e-06	2.569269769926111474e-05	5.069553769754271017e-06	1.912479252414897513e-06	9.017752999781677992e-05	-1.135195152423114308e-04	-1.938121483208279710e-03	-3.067900188315101067e-03	-3.579010242065143845e-04	7.442092942790279851e-03	-1.019553289572545658e-04	-9.319309244077892242e-05	1.687442593377615208e-02	-5.488018286282467131e-06	-2.965291446511663363e-05	5.094887423569993299e-05	2.050227073572543589e-06	-9.274800039046583115e-05	-3.438626032126633100e-06	-1.706234554274601784e-06	-6.048738127930492761e-05	1.613504277501577415e-04	4.298984570918579391e-03	-2.243964022001639427e-03	1.497486857269632798e-04	-9.453015376712663176e-03	3.391765838546369530e-05	1.549731442380376735e-04	-8.807850121945591526e-03	-5.335023990520012572e-05	-7.753116939696384075e-03	1.494184907610776950e-02	3.860875665601677874e-06	-1.933011257127793554e-03	-4.189583316217551309e-05	9.313786430400229621e-06	4.053318217265786290e-03	-1.624348383441858252e-06	-7.860911647096238350e-05	2.110176156904367060e-04	6.890229329958892640e-06	-4.793959384379645986e-05	-1.097992307732568784e-06	1.304850817613927561e-06	-7.236363737032029805e-05
-1.523037900043074501e-05	8.635767821897357319e-07	5.855295692174678222e-07	2.935134616856223364e-05	5.072449726510158297e-07	-5.808641106396974097e-05	3.555944060146892062e-05	1.974956437801182620e-06	2.383380650769394583e-03	2.006379101962142805e-05	-1.716901576805478428e-05	7.550011897307632629e-04	-1.070831563915392972e-05	4.900877490476498489e-03	-4.251300182145423268e-03	-7.885868788953679168e-05	-3.722213079302660616e-03	2.846294120701485265e-05	3.105810269315203683e-05	-7.415561830018102193e-03	5.029647880684753089e-05	8.720047111325827330e-04	2.785550680535771317e-03	1.700840242552130520e-04	2.864392227085099112e-05	4.096047606563465314e-06	-2.132088537791478296e-06	3.925724938351757363e-05	2.191367936164672991e-07	-1.214163948586893797e-05	-5.158938115985587194e-05	-5.488018286282467131e-06	4.332622522190902881e-03	-1.446844238064459910e-05	-5.012214283849995155e-05	4.376011046211415734e-03	-8.798657804326241987e-05	-2.892740690975297360e-03	7.565335883590374767e-04	-5.989262827501823491e-05	-4.890345173807418263e-05	-3.644719129725074449e-06	6.392184193698224629e-06	-7.458958016995699840e-05	-1.133897667040113538e-06	1.567084110454044851e-05	-1.907333731342201821e-05	2.904520308826612541e-06	-5.725004168740165458e-06	2.554939912933119267e-06	-5.521132481119956747e-06	-5.976310224301766171e-06	1.383010204966575230e-06	8.872531767759850286e-05	-1.338147856144760643e-04	-1.852795270552905271e-06	-6.361299775106544867e-04	-2.429581512472430018e-05	-7.501701008018006177e-06	3.426221973818017671e-03	-5.153876860471326134e-05	-4.999680085604217561e-03	8.419976073941716488e-03	8.517570650071638267e-07
-1.110667195747351325e-07	-1.216667283759535696e-05	1.169990358013480133e-05	1.483001480075683506e-07	-1.070831563856763554e-05	-2.844369151381513952e-07	5.495961783360836191e-07	1.262582695260036153e-06	-7.773862488682424477e-06	-4.236297258376382904e-05	1.613867862824764276e-04	3.167158213151427331e-06	3.919959766286195725e-04	-9.245325770793716788e-06	2.195857963154154589e-06	-1.350124373984100813e-04	1.129636228837029862e-05	1.604891351863762410e-04	-8.516548446095193424e-04	2.124254683037684173e-05	1.599694597357667755e-04	-9.494557060568894639e-06	3.402652185698443176e-06	-1.449430992144585799e-06	7.507473344296028683e-07	5.423085022291444442e-06	1.231104853493994699e-05	6.953574639023266322e-07	-1.646208312369977646e-05	4.238278200966398789e-07	-1.148485919984733349e-06	-2.965291446511663363e-05	-1.446844238064459910e-05	3.929091671384908613e-04	1.593368920841508468e-04	-1.620448657671807476e-05	-3.952655857763377322e-05	1.603538812891542573e-06	1.497909719913446985e-07	1.361788403708150466e-04	-4.938366124756432772e-07	-5.491359132310053910e-06	-4.943068738619710526e-06	9.311924360435374518e-07	6.209869289156961473e-06	-2.720466237969444312e-07	1.201268091581473527e-06	3.028877331395351735e-06	1.780446881832105368e-07	2.971829215274513069e-06	-7.033227310544846344e-06	-1.262066912800925549e-06	2.395893681651944803e-06	5.139014390577129023e-07	-8.770950080535555996e-07	-1.746534645842342251e-05	4.828069027650639860e-06	-1.341619694965364286e-04	-2.448105576848523952e-06	-1.825005296669614317e-05	1.371640273755534063e-04	2.364470997787860615e-06	-2.698295345458530376e-05	1.063121715892460318e-03
2.393695940658854986e-06	4.187582900680454341e-06	-4.228272886129624093e-05	-7.162535101164216067e-08	5.029647880817262923e-05	-5.105636625236499285e-06	-3.189268923736746856e-06	3.805261255714684611e-05	-2.395718844969615675e-05	2.221135343156255271e-02	-1.216577525908544080e-02	3.056941428645115120e-05	1.599694597354702191e-04	-1.382791744610992624e-04	2.063564031085865372e-04	-1.450239586026989824e-02	3.123492201534502666e-05	-1.243504660432897223e-02	-3.454258599036725262e-04	-2.172884453046614825e-05	1.229415042349403173e-02	-2.655918356997783391e-04	-2.312055477122503433e-04	3.371123833321899854e-02	6.088822299442251299e-07	8.243893565921559202e-05	-2.016091021463688377e-04	-1.211362427254173041e-05	1.005315876438703221e-04	1.958720496846004866e-06	4.213128694942025636e-06	5.094887423569993299e-05	-5.012214283849995155e-05	1.593368920841508468e-04	1.256722595253502266e-02	1.237482065983578283e-05	-2.224496100032995194e-02	1.374292380765116859e-04	2.618897148340131216e-04	-1.408087841457116365e-02	-6.779470589884873287e-06	-2.844197784534015547e-05	-2.700175519490887561e-04	1.571477718644268898e-06	1.028223131562971981e-04	-1.261915344829401862e-06	-4.462332897026694921e-06	9.910655003909094388e-05	-6.257648522393907656e-07	1.261047894108878248e-04	-2.192688428024485738e-04	3.400174609506171407e-06	3.218592069228687824e-04	-7.047041106878635183e-06	1.874537779100895031e-05	-1.130686861757955952e-04	2.877954656184118263e-05	-1.419428454238465254e-02	3.371741937089124674e-02	2.569269771407451481e-05	-1.439296781471888914e-02	1.939178219217170952e-04	-3.111654018017335067e-04	4.335067326565006330e-04
-1.791178785596899708e-05	3.830456690325110111e-06	-1.310597582411429009e-06	-5.119817079062862869e-06	2.191367939040332906e-07	-9.604794040915960583e-06	1.848757629354688778e-05	1.184848411879433048e-06	4.252275937782730615e-03	1.326146524573457207e-04	-8.364045806261495737e-05	4.547150134064354527e-05	-1.646208312398914325e-05	5.070048860024631981e-03	-5.552343030891779968e-03	-1.355935803682842343e-04	-4.796451232530494178e-03	-2.604867575896304056e-05	8.533554188430005768e-06	-6.688788368618583773e-03	1.005315876490076786e-04	5.145552965244402243e-05	6.394184118373506115e-03	3.154478940591012252e-04	-7.437944961317491149e-07	4.290718226552443464e-06	-4.442224849442541089e-06	-5.527548344964403472e-05	3.447090507329120129e-06	2.906319206515173257e-05	-4.129591028300381734e-05	2.050227073572543589e-06	4.376011046211415734e-03	-1.620448657671807476e-05	1.237482065983578283e-05	5.563546352203328077e-03	-1.764723280235782439e-04	-4.943847464018390897e-03	5.462680231603804417e-05	-1.137813295641397997e-04	-4.367290042512351187e-05	-3.054863383291538168e-06	3.753617136635071692e-06	-9.363847276263844496e-05	-3.916060117368634386e-06	2.279480600288299905e-05	-2.115431466663275786e-05	-4.857064931873606274e-07	-1.255067678220551541e-05	4.435332954154979204e-07	-7.270041459330240359e-07	-3.303770512077726666e-05	2.688569730367372238e-06	1.204348280750994497e-04	-1.176975917125207998e-04	1.213747891974883146e-06	-3.862830090945937453e-05	-1.234500812718565055e-04	1.420829224045754631e-04	7.442092942790074286e-03	-1.080935605861556309e-04	-6.440546722744475497e-03	7.754369734576006465e-03	-1.796219814149916803e-05
-3.846581975619091393e-06	-7.395143976443183733e-06	7.181016424194033875e-05	5.185926310627480014e-06	-8.798657804647591380e-05	-3.702265846918589964e-07	1.130149734886861560e-05	-5.258452963142231355e-05	-7.395143964548974293e-06	-4.008263090189904954e-02	2.221322743203654401e-02	-1.376985943169634085e-04	-3.952655857700578977e-05	5.649383804613945846e-05	-2.358487530192928988e-04	2.571974020331355137e-02	7.181016423601024076e-05	2.221322743203592992e-02	8.165335712782927481e-05	3.603942347731565825e-04	-2.224496100033109686e-02	4.706724599012259303e-04	4.020306397351267416e-04	-6.091420880495641843e-02	5.185926311220896050e-06	-1.376985943433005225e-04	3.603942347774386932e-04	3.920575194509505869e-05	-1.764723280161956673e-04	-9.387619660887401135e-06	-5.552130186132787429e-06	-9.274800039046583115e-05	-8.798657804326241987e-05	-3.952655857763377322e-05	-2.224496100032995194e-02	-1.764723280235782439e-04	4.009643722241729158e-02	-1.880659317678229012e-04	-5.668894109588172147e-04	2.569248087338512482e-02	-3.702265862775322022e-07	5.649383804748462132e-05	4.706724599215431201e-04	-9.387619662003573719e-06	-1.880659317856150925e-04	6.206333800715484478e-07	1.904203534594378758e-05	-1.880704652427749491e-04	1.130149735004201542e-05	-2.358487530138581728e-04	4.020306397176059802e-04	-5.552130186209187260e-06	-5.668894109346234601e-04	1.904203534473047048e-05	-4.958373850053865157e-05	2.039071736073733480e-04	-5.258452964681319358e-05	2.571974020331264238e-02	-6.091420880495378165e-02	-9.274800041693413352e-05	2.569248087338362602e-02	-1.880704652323233756e-04	2.039071736046596441e-04	-1.088026318332281455e-04
1.499041426009104094e-05	-2.947070319303521688e-06	2.057462125753978259e-06	2.718357160923402663e-05	-1.133897667291063989e-06	-2.561572041820718381e-05	-3.126800360327914303e-06	4.164382227318598105e-08	-4.900665512784378557e-03	1.908956010116360830e-04	-1.022838452624244218e-04	7.814472670760561502e-04	6.209869288739253951e-06	-3.488597711840867900e-03	5.071226918106123104e-03	-9.899492094552929042e-05	4.319280094414990577e-03	-1.466953221697490397e-04	4.365176109320069642e-05	3.531208722789456848e-03	1.028223131453091072e-04	8.978685589211331339e-04	-8.307823335669047016e-03	2.417031898403403469e-04	2.267327057075268026e-05	-2.632832801120722412e-06	6.754109265002937823e-06	1.080072866294330496e-04	-3.916060117102544068e-06	-4.805645925040081254e-05	1.635619319017992193e-05	-3.438626032126633100e-06	-2.892740690975297360e-03	1.603538812891542573e-06	1.374292380765116859e-04	-4.943847464018390897e-03	-1.880659317678229012e-04	5.562251064673209323e-03	7.772027490245325600e-04	-1.331869359861030579e-04	4.597317824001782621e-05	-6.446745919075605379e-07	-8.579278748357683964e-06	9.589883122677794248e-05	5.942559305653561884e-06	-2.342459048700769366e-05	-6.031329818770233024e-07	6.009572280388460590e-06	1.257418129517629492e-06	4.425715704837749507e-06	-4.026449524872820627e-06	5.322316567669393023e-05	1.763283770606750785e-06	-1.279072847249149440e-04	9.437782359776814489e-05	-1.003136630223266910e-05	-6.599619285660944914e-04	-6.701274664601113303e-05	3.498822680657947496e-04	-9.453015376712706544e-03	-1.237571808159447105e-04	5.805866055256636744e-03	-4.301777026441242976e-03	4.598554589149374073e-06
-2.036746557268820863e-06	-1.485613554519206687e-06	-2.082885567904456115e-07	-2.579214478410653787e-05	1.383010205357861041e-06	3.923622554023111251e-05	-3.123984756579556633e-05	-6.257866623065227034e-07	-7.537703977267525349e-04	5.258933964508291301e-04	-3.083753221040254735e-04	2.192083905972104681e-03	2.395893680214420624e-06	7.832507954430066935e-04	4.618134899593972234e-05	-3.686741404266120035e-04	-3.962524586609042737e-06	-2.825071231794839578e-04	2.375407969003715843e-05	-1.801873776911273439e-03	3.218592069387673604e-04	-9.393129138695246322e-04	-1.800494500687816000e-03	8.608729514668700747e-04	-3.522071177576708808e-05	-1.147388105305668741e-06	-5.899304165120486379e-06	-5.493815497644887792e-05	2.688569730297196829e-06	2.591329870572798628e-05	-1.148615789272359776e-05	-1.706234554274601784e-06	7.565335883590374767e-04	1.497909719913446985e-07	2.618897148340131216e-04	5.462680231603804417e-05	-5.668894109588172147e-04	7.772027490245325600e-04	2.210450993639124194e-03	-3.708240624360565002e-04	5.522888329281470493e-05	2.666568906056879622e-06	-6.516545598367708665e-06	3.487313794436241776e-05	1.763283770759107448e-06	4.080091284168308677e-07	-6.280244113002641409e-05	1.947648059125389834e-06	-5.088659300082939009e-05	3.333753821268091269e-06	-1.053209493934089761e-05	1.805293256295460247e-05	1.604173037966420031e-05	-4.349397856125443288e-05	6.657320885593896005e-05	1.726908654118253195e-06	1.112066690151157673e-03	-3.397348363095107487e-04	8.038386882830983460e-04	-1.933011257127131757e-03	-3.632789386995748581e-04	-4.015779764653896328e-06	1.940983349837022490e-03	1.287854121359292806e-05
-2.539791943146895750e-06	-3.516605994975491279e-06	4.060316936846298413e-05	-4.147032916717799259e-06	-5.153876860753003213e-05	1.351573913094448695e-05	-2.547470637503353102e-07	-3.853477436689872260e-05	2.723799038433548920e-06	-2.571704013697835231e-02	1.450419928331941194e-02	-9.122656592498678792e-05	1.371640273758242671e-04	3.742545259405527991e-05	-1.599618101455223588e-04	1.629613205609431459e-02	4.437433734392555896e-05	1.419414978733822726e-02	-2.998021870999462136e-04	2.373003614654723488e-04	-1.439296781472025957e-02	2.993865455867982970e-04	2.789829090326427724e-04	-3.899627141579117134e-02	-4.694537560015108095e-06	-9.290405047342507145e-05	2.217061233323897192e-04	3.458109819090916406e-06	-1.080935605822785374e-04	3.457969742570419414e-06	-3.601858908550607200e-06	-6.048738127930492761e-05	-5.989262827501823491e-05	1.361788403708150466e-04	-1.408087841457116365e-02	-1.137813295641397997e-04	2.569248087338512482e-02	-1.331869359861030579e-04	-3.708240624360565002e-04	1.675293949014769468e-02	1.356439177743461199e-05	4.369103445339028751e-05	2.995159289936890853e-04	2.842489443276736492e-06	-1.237571808271446003e-04	2.303527234665689076e-08	3.413061047976126940e-06	-1.313173681995493715e-04	3.741602280712842711e-08	-1.607400137441339870e-04	2.626588794833484308e-04	-4.093092303413372793e-06	-3.632789386868575461e-04	4.808105579507319990e-06	-1.110925238780409839e-05	1.369180336572836448e-04	-3.604533234317108158e-05	1.665593103017547205e-02	-3.899445900437927687e-02	-4.793959385572851134e-05	1.639010439893451992e-02	-1.308824908187219537e-04	1.247795613072730063e-04	3.699881121932899457e-04
-9.963276518976640548e-07	-1.164083310353314718e-04	2.841658609188744532e-04	-2.223628397747385785e-02	-5.808641107187431342e-05	4.009449087073195528e-02	-2.223582546225971041e-02	-5.165818001517061568e-05	-1.822407316012050087e-04	1.505911826722493027e-06	3.220752743858647816e-06	4.878903290486720371e-04	-2.844369142692007822e-07	-2.837121286458355041e-04	3.063119256478961982e-04	1.349064474566696566e-05	3.155739035138795806e-04	4.034945505646003557e-06	3.758953992856970234e-06	3.497789776431325980e-04	-5.105636624685781332e-06	-3.041604289541758243e-04	-5.299851977849284789e-04	-4.323745010160353719e-05	-2.223791023333272082e-02	4.718873628771809306e-04	3.954434177421037007e-04	-6.092455499693391618e-02	-9.604794048782247143e-06	2.570547803920657584e-02	-2.927836864520922772e-06	1.613504277501577415e-04	-4.890345173807418263e-05	-4.938366124756432772e-07	-6.779470589884873287e-06	-4.367290042512351187e-05	-3.702265862775322022e-07	4.597317824001782621e-05	5.522888329281470493e-05	1.356439177743461199e-05	4.009973812390625614e-02	-2.896766362069381475e-04	-3.501521030812245502e-04	2.571014284739747691e-02	-2.561572040932461356e-05	1.714735480032829120e-06	-2.570830343095718146e-02	-7.932579451179252853e-05	-2.223807742235461848e-02	2.676206713406988416e-04	-3.984946574529561140e-04	-2.906854184912701608e-06	3.923622554379428196e-05	-2.570745200945786374e-02	6.092181439574249208e-02	7.116708999191920845e-05	-8.879916515341773067e-05	1.594960985111922242e-05	-4.361634660576307659e-05	1.595159758541923886e-05	1.351573912967829974e-05	-3.723199963366898252e-05	1.169816501777235196e-04	-3.230735082378679880e-06
-1.025941315609607752e-05	2.892936147128446177e-03	-4.321346097629418653e-03	1.533812070649733092e-04	4.900877490476630328e-03	-2.837121286292240089e-04	1.232406710206723419e-04	-6.584958861576030702e-04	3.595864994714219158e-07	-1.322452642367579812e-04	1.205154272356747969e-04	-3.183777306538801430e-06	-9.245325772298243814e-06	-2.054032352586138527e-06	1.314234958695928644e-06	6.797293155120002171e-05	1.561189735530497275e-06	7.010893235440850873e-05	1.701791788769284450e-05	1.731244098380039886e-06	-1.382791744598631906e-04	7.122143891370387220e-06	-3.448270590302809537e-06	-2.461896683732365957e-04	1.554775853549248527e-04	7.717806765063007536e-04	-8.308175785364860927e-03	3.817438818054651076e-04	5.070048860024677084e-03	-2.358990255616792914e-04	9.343683550052599734e-06	4.298984570918579391e-03	-3.644719129725074449e-06	-5.491359132310053910e-06	-2.844197784534015547e-05	-3.054863383291538168e-06	5.649383804748462132e-05	-6.446745919075605379e-07	2.666568906056879622e-06	4.369103445339028751e-05	-2.896766362069381475e-04	5.563932716364182116e-03	8.996094294167406632e-04	-1.611215874847891601e-04	-3.488597711840986729e-03	9.857845072203531749e-06	2.460157550988929537e-04	-5.804841435668514973e-03	1.671437340488766911e-04	-4.946312486101354933e-03	3.536214012055988783e-03	-3.829531368002116523e-05	7.832507954437305069e-04	1.224794426870505818e-04	-4.945293356198472972e-04	9.453587249145297550e-03	3.810068865675171851e-08	7.705163585252291177e-06	-4.560798462827219822e-05	-8.352273690118283616e-06	3.742545259369959383e-05	4.449746279728470139e-06	-4.137792519838215415e-06	1.850572616098472296e-05
3.624162657575613864e-06	-8.755838270418771305e-04	4.887146227441446734e-07	2.015903601538927923e-04	8.720047111319508600e-04	-3.041604289826055569e-04	1.818576753372904071e-04	-2.177249935715366326e-03	2.354460561534443536e-06	-4.870614995965828579e-04	2.609561126035008644e-04	-7.769898072918711126e-06	-9.494557059713806409e-06	7.122143891062960000e-06	-8.621504740392901524e-06	3.479833759936130943e-04	-5.793005474258979910e-06	2.872774145459043929e-04	3.267638700212359513e-05	-5.728961415178337725e-06	-2.655918357112390066e-04	1.477556465490219463e-05	1.052078832147117353e-05	-7.324747529582388301e-04	2.045574090071190397e-04	-9.381422406901011955e-04	-2.073705376050477989e-03	5.397655897826042579e-04	5.145552965153064309e-05	-1.745522581166403307e-04	2.705878652751684676e-05	-2.243964022001639427e-03	6.392184193698224629e-06	-4.943068738619710526e-06	-2.700175519490887561e-04	3.753617136635071692e-06	4.706724599215431201e-04	-8.579278748357683964e-06	-6.516545598367708665e-06	2.995159289936890853e-04	-3.501521030812245502e-04	8.996094294167406632e-04	2.409738692113270585e-03	-2.298252697577651870e-04	8.978685589222785935e-04	-8.699733228082385546e-06	1.668565297013305986e-04	5.864665002775458491e-07	1.856548742624111042e-04	5.299049552909078207e-05	-2.071863576951447732e-03	-1.240002660623366169e-05	-9.393129138708538640e-04	1.990921522761333233e-04	-4.796864985788932331e-04	2.237655170246407536e-03	8.326978836024722300e-06	2.973829028763246007e-04	-7.151123446322594232e-04	5.069553769115776735e-06	2.993865455993587792e-04	-6.885326318029324206e-06	6.130320408389926438e-06	-2.384063246889188557e-06
-1.727129003102134751e-04	-5.193096438641820205e-05	1.595950894372009238e-04	-1.408550344041347921e-02	-1.214163949353422531e-05	2.570547803920548643e-02	-1.450698342194564269e-02	-3.385787127155170256e-05	-1.768237035618017519e-04	9.830028246117680069e-06	-2.328252972959853806e-06	3.053173799849982642e-04	4.238278206352524070e-07	-2.358990255729676250e-04	2.668646583606780519e-04	3.227306077749837950e-06	2.625318969685867376e-04	-3.412513522085848980e-06	1.471881035195757326e-06	2.877681077232326643e-04	1.958720497193009701e-06	-1.745522580941248126e-04	-4.335719844561650789e-04	-1.483263396294139436e-05	-1.439757396186281194e-02	2.989416382005087125e-04	2.271112747429760380e-04	-3.902866592839226989e-02	2.906319205855023560e-05	1.643031290611644823e-02	-4.573019117722092923e-04	1.497486857269632798e-04	-7.458958016995699840e-05	9.311924360435374518e-07	1.571477718644268898e-06	-9.363847276263844496e-05	-9.387619662003573719e-06	9.589883122677794248e-05	3.487313794436241776e-05	2.842489443276736492e-06	2.571014284739747691e-02	-1.611215874847891601e-04	-2.298252697577651870e-04	1.679823275380772779e-02	-4.805645924512029395e-05	2.037592664052434042e-04	-1.625202478409158366e-02	-9.284916083691484995e-05	-1.419736032211043122e-02	1.436579676013415225e-04	-2.148010422475553404e-04	-4.572220012996829844e-04	2.591329871019622060e-05	-1.661568026804704362e-02	3.896742787981159750e-02	9.146209526600687461e-05	-7.110663101478879476e-05	6.217142700711504755e-06	-1.311958764435666207e-05	-1.019553289600493137e-04	3.457969741666791113e-06	5.069434542708062215e-05	7.857014312201214101e-06	-9.952370865615325260e-07
1.499041426113754506e-05	-4.900665512784598866e-03	4.319280094415034812e-03	2.267327057126834375e-05	-2.892740690975162052e-03	4.597317824404051443e-05	1.257418126849921248e-06	-6.599619285659694828e-04	-2.947070320142802166e-06	1.908956010314250224e-04	-1.466953221809895328e-04	-2.632832801558299209e-06	1.603538812599738875e-06	-6.446745923542726912e-07	4.425715705363042918e-06	-6.701274665733535367e-05	2.057462125924463545e-06	-1.022838452766602403e-04	4.365176109531461961e-05	6.754109264428874795e-06	1.374292380858523044e-04	-8.579278747298880922e-06	-4.026449526074906069e-06	3.498822680954011667e-04	2.718357160534224905e-05	7.814472670755162175e-04	3.531208722789150670e-03	1.080072866218300141e-04	-4.943847464018316304e-03	9.589883122673452018e-05	5.322316568013893520e-05	-9.453015376712663176e-03	-1.133897667040113538e-06	6.209869289156961473e-06	1.028223131562971981e-04	-3.916060117368634386e-06	-1.880659317856150925e-04	5.942559305653561884e-06	1.763283770759107448e-06	-1.237571808271446003e-04	-2.561572040932461356e-05	-3.488597711840986729e-03	8.978685589222785935e-04	-4.805645924512029395e-05	5.562251064672797327e-03	-2.342459048503521481e-05	-1.279072847340670469e-04	5.805866055256740828e-03	-3.126800366545661296e-06	5.071226918106032031e-03	-8.307823335669496309e-03	1.635619318675502214e-05	7.772027490247396427e-04	-6.031329860018806320e-07	9.437782360973979686e-05	-4.301777026441183996e-03	4.164382246321064946e-08	-9.899492095784067714e-05	2.417031898671864396e-04	-3.438626032887296638e-06	-1.331869359946453242e-04	6.009572280862655045e-06	-1.003136630236966821e-05	4.598554590799899085e-06
-3.902856972586216436e-04	1.423302161406312660e-05	-9.488445398669594164e-06	1.249635192866184962e-04	1.567084110414785890e-05	1.714735479847186603e-06	-1.273693454937027995e-04	2.462073588745574086e-06	1.423302161598673503e-05	-2.737311606112481734e-07	2.991726693584811171e-08	-3.732868179410968269e-06	-2.720466239145305507e-07	9.857845072151872904e-06	-1.125371677973433555e-05	7.627105797033918968e-09	-9.488445400217848419e-06	2.991726694710594721e-08	1.380482267342472257e-06	-2.681301787333819793e-06	-1.261915344601243797e-06	-8.699733230649118993e-06	3.310943509413321180e-05	-7.574878966224532584e-07	1.249635192865187496e-04	-3.732868180754296878e-06	-2.681301787654392541e-06	-7.085076469484471908e-05	2.279480600140278864e-05	2.037592664050392219e-04	-1.033901999894556740e-03	3.391765838546369530e-05	1.567084110454044851e-05	-2.720466237969444312e-07	-1.261915344829401862e-06	2.279480600288299905e-05	6.206333800715484478e-07	-2.342459048700769366e-05	4.080091284168308677e-07	2.303527234665689076e-08	1.714735480032829120e-06	9.857845072203531749e-06	-8.699733228082385546e-06	2.037592664052434042e-04	-2.342459048503521481e-05	4.630347154649311955e-04	2.019955251508695200e-04	-2.990605449135441980e-05	-1.273693454938412521e-04	-1.125371677863705688e-05	3.310943509038301747e-05	-1.033901999894721755e-03	4.080091272816887690e-07	2.019955251510037984e-04	-6.544988958058424759e-05	2.867346832123758571e-05	2.462073591582925242e-06	7.627105948902770655e-09	-7.574878968669344956e-07	3.391765838947062871e-05	2.303527247691615848e-08	-2.990605449232488578e-05	2.867346832049260329e-05	-1.894491703480903276e-06
-1.716170601646579714e-04	1.997084426158713560e-04	-2.771086235459043401e-04	1.450617987684162113e-02	8.872531768323026907e-05	-2.570745200945951520e-02	1.408586340848797316e-02	7.191704408668751661e-05	9.265336001246418489e-05	-1.716659132314102428e-05	7.913461229257779642e-06	-3.396203112626135071e-04	5.139014387714082487e-07	1.224794426959290321e-04	-1.464160501136944328e-04	8.094796862282165557e-07	-1.595729535215274384e-04	4.888932705199850068e-06	-4.605261525947691655e-06	-1.301711465370042895e-04	-7.047041107480541878e-06	1.990921522609403983e-04	3.174147233375607135e-04	-1.126849619188663728e-06	1.419640772266341985e-02	-3.176694841255736385e-04	-2.862731545497810962e-04	3.896563189548159223e-02	1.204348280826657172e-04	-1.661568026804861528e-02	-4.543423167163840163e-04	1.549731442380376735e-04	-1.907333731342201821e-05	1.201268091581473527e-06	-4.462332897026694921e-06	-2.115431466663275786e-05	1.904203534594378758e-05	-6.031329818770233024e-07	-6.280244113002641409e-05	3.413061047976126940e-06	-2.570830343095718146e-02	2.460157550988929537e-04	1.668565297013305986e-04	-1.625202478409158366e-02	-1.279072847340670469e-04	2.019955251508695200e-04	1.679967860303916219e-02	-8.566122696148272128e-05	1.439844392710791510e-02	-2.846581225238801723e-04	4.836582690166665107e-04	-4.533867375390168513e-04	-4.349397856116249931e-05	1.643255072016438362e-02	-3.902990880336023455e-02	1.428662422363501978e-05	5.043981810279629153e-05	8.666162417876676208e-07	2.629367320697693215e-06	-4.189583316459405643e-05	4.808105580143380747e-06	7.768949559194482314e-05	-1.741336370335026980e-04	2.827692624565250047e-06
2.355450352717522840e-05	-4.998971322651182304e-03	5.556576913103315751e-03	5.059668643624606215e-05	-4.999680085604345930e-03	-3.723199964054356290e-05	6.333956400987807861e-05	-1.047056663442172929e-07	-3.277172322084290699e-06	2.396168392741803766e-04	-1.920132712946484143e-04	-3.080797442186195250e-06	2.364470998422500051e-06	4.449746279497094619e-06	7.390235191233393423e-07	-1.053698498481185685e-04	-1.382172174069163780e-06	-1.302693182273702592e-04	2.704266080605741506e-05	-2.467260175173275973e-06	1.939178219260973804e-04	-6.885326317898191647e-06	-2.250528464763437369e-06	4.298146674863362652e-04	5.503770799662068258e-05	3.551529428277273935e-06	7.580722214293256558e-03	2.025686729409208447e-04	-6.440546722744731369e-03	5.069434542080900047e-05	4.760775580099867036e-05	-8.807850121945591526e-03	2.904520308826612541e-06	3.028877331395351735e-06	9.910655003909094388e-05	-4.857064931873606274e-07	-1.880704652427749491e-04	6.009572280388460590e-06	1.947648059125389834e-06	-1.313173681995493715e-04	-7.932579451179252853e-05	-5.804841435668514973e-03	5.864665002775458491e-07	-9.284916083691484995e-05	5.805866055256740828e-03	-2.990605449135441980e-05	-8.566122696148272128e-05	7.467292754281566400e-03	2.947915675006028904e-05	6.441434229661766389e-03	-7.583931505323091883e-03	5.422301426528286950e-05	-4.015779765004791585e-06	7.768949559454388614e-05	2.219267501825432582e-06	-8.810879314859708378e-03	-3.709910870556821339e-07	-8.876434028637850821e-05	2.319246649571046217e-04	-1.097992307805296727e-06	-1.308824908229710776e-04	2.162705394821064547e-06	-1.004871961256831127e-06	-2.164456916504227721e-05
1.066205056431522325e-04	8.111035846433445632e-05	-1.710524164925946323e-04	1.247052101972912462e-02	3.555944060564110676e-05	-2.223582546226029327e-02	1.227150091894700992e-02	3.096058295536664560e-05	8.187212913746060397e-05	-1.213501393011464865e-05	4.340596037389869275e-06	-2.877182517308525924e-04	5.495961778516696059e-07	1.232406710316856404e-04	-1.391176039654269767e-04	5.351791607929744332e-07	-1.493915515671667433e-04	3.782618521740860498e-06	-3.114613615137745927e-06	-1.465132475301093634e-04	-3.189268924208777565e-06	1.818576753239832620e-04	2.656172102436088738e-04	5.488728953269097241e-06	1.220314127321832365e-02	-2.657034457720317011e-04	-2.203813831097587773e-04	3.374517312697943722e-02	1.848757629875507654e-05	-1.450698342194676332e-02	2.836546363375067677e-04	-5.335023990520012572e-05	-5.725004168740165458e-06	1.780446881832105368e-07	-6.257648522393907656e-07	-1.255067678220551541e-05	1.130149735004201542e-05	1.257418129517629492e-06	-5.088659300082939009e-05	3.741602280712842711e-08	-2.223807742235461848e-02	1.671437340488766911e-04	1.856548742624111042e-04	-1.419736032211043122e-02	-3.126800366545661296e-06	-1.273693454938412521e-04	1.439844392710791510e-02	2.947915675006028904e-05	1.254168286581392941e-02	-1.647155307214481367e-04	2.498921965642781316e-04	2.837181874668037685e-04	-3.123984756606392669e-05	1.408586340848724111e-02	-3.370707840924821314e-02	-4.102284784392644195e-05	3.901035979205382377e-05	-1.508068789644236086e-06	8.138059079627751744e-06	-4.233197438035337832e-05	-2.547470630974703195e-07	6.333956400476949415e-05	-1.290366015065115806e-04	2.077563979626662196e-06
7.817917782250700216e-06	-4.375869993015356688e-03	4.797172048316143342e-03	-1.380504984447471955e-04	-4.251300182145015608e-03	3.063119256350700865e-04	-1.391176039574977725e-04	-4.019311945250071298e-05	-4.403135744757752597e-06	2.781853522991541714e-04	-2.055054099739534726e-04	2.870745597435344776e-07	2.195857964253230237e-06	1.314234958087678308e-06	3.863987268497174203e-06	-1.351423044380372133e-04	1.491233394312092489e-06	-1.516221725221638381e-04	2.463358345873559630e-05	8.343728584803632013e-07	2.063564031048887573e-04	-8.621504739529232850e-06	-6.290630278910884301e-06	4.795684189686428602e-04	-1.364509665117867381e-04	5.403764109768657977e-05	6.395011829543354072e-03	-3.372367208312629329e-04	-5.552343030891663742e-03	2.668646583501715908e-04	9.737822113792144607e-06	-7.753116939696384075e-03	2.554939912933119267e-06	2.971829215274513069e-06	1.261047894108878248e-04	4.435332954154979204e-07	-2.358487530138581728e-04	4.425715704837749507e-06	3.333753821268091269e-06	-1.607400137441339870e-04	2.676206713406988416e-04	-4.946312486101354933e-03	5.299049552909078207e-05	1.436579676013415225e-04	5.071226918106032031e-03	-1.125371677863705688e-05	-2.846581225238801723e-04	6.441434229661766389e-03	-1.647155307214481367e-04	5.565014635481639604e-03	-6.692664466616976907e-03	1.283077922128799623e-05	4.618134899509760896e-05	-1.464160501071586724e-04	5.122229621454738643e-04	-7.440547498598331505e-03	2.193588725892781327e-08	-1.246009631724723547e-04	3.117804789494557248e-04	1.273004153198940571e-06	-1.599618101388181946e-04	7.390235193125292332e-07	-3.469144988137041979e-07	-1.728466913232704717e-05
-1.855493847378952377e-05	7.416468572304618471e-03	-5.645718152618064978e-03	2.073089040616583954e-04	2.785550680535600447e-03	-5.299851977697647189e-04	2.656172102369482404e-04	1.518408179047817108e-03	5.879523737746194753e-06	-3.705515354595529417e-04	2.584954363123213123e-04	3.616520562235443887e-07	3.402652186564015557e-06	-3.448270588989476058e-06	-6.290630279118005879e-06	1.441207765031951539e-04	-2.161714036419822221e-06	1.992833482716493358e-04	-9.106695705132040802e-05	-1.244768098243808512e-06	-2.312055477039581483e-04	1.052078832031180734e-05	1.483436585689417841e-05	-6.494059992052615346e-04	2.011186087462045078e-04	-1.799331708382555239e-03	-2.252682507528538935e-03	5.105686590287030098e-04	6.394184118374057757e-03	-4.335719844406614215e-04	-9.175413695024415726e-05	1.494184907610776950e-02	-5.521132481119956747e-06	-7.033227310544846344e-06	-2.192688428024485738e-04	-7.270041459330240359e-07	4.020306397176059802e-04	-4.026449524872820627e-06	-1.053209493934089761e-05	2.626588794833484308e-04	-3.984946574529561140e-04	3.536214012055988783e-03	-2.071863576951447732e-03	-2.148010422475553404e-04	-8.307823335669496309e-03	3.310943509038301747e-05	4.836582690166665107e-04	-7.583931505323091883e-03	2.498921965642781316e-04	-6.692664466616976907e-03	1.326540739327986169e-02	-1.333804624115973723e-06	-1.800494500686535557e-03	3.174147233297538616e-04	-8.189197594302804724e-04	3.070156939808101667e-03	-2.821558193840333848e-06	2.352169513620419941e-04	-5.529814252604274821e-04	1.912479252607286647e-06	2.789829090142459216e-04	-2.250528464988627431e-06	1.697838082497799085e-06	-1.385145807962605173e-05
8.735269501246196175e-04	2.004386588452046106e-06	1.164825460448049299e-05	-2.805128489251648791e-04	-5.158938115735036203e-05	-2.927836865330953932e-06	2.836546363378171206e-04	2.033324861029244101e-05	-3.433015603921100339e-05	4.640926954317124955e-06	-1.855312314063400454e-06	2.757702372255247032e-05	-1.148485919872135988e-06	9.343683553068718041e-06	9.737822110005661693e-06	-4.218408958667185636e-06	6.787956183075981436e-06	-2.512650950523880397e-06	6.443162826354909167e-08	-5.172258396208490928e-05	4.213128694876826969e-06	2.705878652568560896e-05	-9.175413694579632627e-05	8.929804465939229129e-06	-2.796948715475423971e-04	-2.127022439250883010e-06	5.353162376081700463e-05	1.573296642817361151e-04	-4.129591027906669978e-05	-4.573019117726738188e-04	2.312193717371179534e-03	3.860875665601677874e-06	-5.976310224301766171e-06	-1.262066912800925549e-06	3.400174609506171407e-06	-3.303770512077726666e-05	-5.552130186209187260e-06	5.322316567669393023e-05	1.805293256295460247e-05	-4.093092303413372793e-06	-2.906854184912701608e-06	-3.829531368002116523e-05	-1.240002660623366169e-05	-4.572220012996829844e-04	1.635619318675502214e-05	-1.033901999894721755e-03	-4.533867375390168513e-04	5.422301426528286950e-05	2.837181874668037685e-04	1.283077922128799623e-05	-1.333804624115973723e-06	2.314826807840769836e-03	-1.148615789362200326e-05	-4.543423167158117202e-04	1.488079207892562710e-04	-1.146915388657443881e-04	-9.233414810679021968e-06	-2.636688667568026399e-06	6.914034268691724801e-06	-9.319309243522000104e-05	-3.601858908611869281e-06	4.760775579610434458e-05	-4.542255706824643807e-07	-3.727079025591943367e-08
-2.036746558207007684e-06	-7.537703977257147366e-04	-3.962524587245144152e-06	-3.522071177973232713e-05	7.565335883599688064e-04	5.522888329867583411e-05	-5.088659300310500170e-05	1.112066690149993891e-03	-1.485613554334091024e-06	5.258933964248917615e-04	-2.825071231624404081e-04	-1.147388104050005712e-06	1.497909698410844345e-07	2.666568905313463792e-06	3.333753821506351049e-06	-3.397348362954803053e-04	-2.082885567475288873e-07	-3.083753220921133442e-04	2.375407968959446852e-05	-5.899304164312178931e-06	2.618897148233262492e-04	-6.516545599421264338e-06	-1.053209493879501706e-05	8.038386882537524626e-04	-2.579214478860585491e-05	2.192083905973357151e-03	-1.801873776911832020e-03	-5.493815499130854632e-05	5.462680231623333609e-05	3.487313794955498723e-05	1.805293256205363724e-05	-1.933011257127793554e-03	1.383010204966575230e-06	2.395893681651944803e-06	3.218592069228687824e-04	2.688569730367372238e-06	-5.668894109346234601e-04	1.763283770606750785e-06	1.604173037966420031e-05	-3.632789386868575461e-04	3.923622554379428196e-05	7.832507954437305069e-04	-9.393129138708538640e-04	2.591329871019622060e-05	7.772027490247396427e-04	4.080091272816887690e-07	-4.349397856116249931e-05	-4.015779765004791585e-06	-3.123984756606392669e-05	4.618134899509760896e-05	-1.800494500686535557e-03	-1.148615789362200326e-05	2.210450993638193515e-03	-6.280244113029735621e-05	6.657320885517057241e-05	1.940983349838409835e-03	-6.257866615884750863e-07	-3.686741404067941973e-04	8.608729514199213017e-04	-1.706234553418609134e-06	-3.708240624165640631e-04	1.947648058989155172e-06	1.726908653389722275e-06	1.287854121298477365e-05
-1.716170601646472649e-04	9.265336000890745966e-05	-1.595729535214594319e-04	1.419640772266233739e-02	-1.907333730872766674e-05	-2.570830343095562021e-02	1.439844392710667997e-02	5.043981812084911151e-05	1.997084426151658927e-04	-1.716659132185608885e-05	4.888932704852889279e-06	-3.176694841364347964e-04	1.201268090993283684e-06	2.460157551054416975e-04	-2.846581225264387810e-04	8.666162411318063039e-07	-2.771086235433511524e-04	7.913461228174207662e-06	-4.605261525742810479e-06	-2.862731545387233183e-04	-4.462332896376627627e-06	1.668565296878214395e-04	4.836582690180887671e-04	2.629367323313228042e-06	1.450617987684140429e-02	-3.396203112495490336e-04	-1.301711465489417078e-04	3.896563189547982975e-02	-2.115431466277837509e-05	-1.625202478409148305e-02	-4.533867375397384420e-04	-4.189583316217551309e-05	8.872531767759850286e-05	5.139014390577129023e-07	-7.047041106878635183e-06	1.204348280750994497e-04	1.904203534473047048e-05	-1.279072847249149440e-04	-4.349397856125443288e-05	4.808105579507319990e-06	-2.570745200945786374e-02	1.224794426870505818e-04	1.990921522761333233e-04	-1.661568026804704362e-02	-6.031329860018806320e-07	2.019955251510037984e-04	1.643255072016438362e-02	7.768949559454388614e-05	1.408586340848724111e-02	-1.464160501071586724e-04	3.174147233297538616e-04	-4.543423167158117202e-04	-6.280244113029735621e-05	1.679967860303692440e-02	-3.902990880335771573e-02	-1.741336370460443963e-04	7.191704406721880990e-05	8.094796853004000646e-07	-1.126849617817771819e-06	1.549731442246285321e-04	3.413061047161617516e-06	-8.566122695845924733e-05	1.428662423322522846e-05	2.827692624468524814e-06
5.680692932952606489e-05	-2.957820250492266038e-04	5.201299057730212911e-04	-3.374267805901171730e-02	-1.338147856240062556e-04	6.092181439574288759e-02	-3.370707840924778986e-02	-1.234938698909173198e-04	-2.957820250555784022e-04	5.202677975702652550e-05	-2.184130565499578291e-05	7.222961958976787051e-04	-8.770950068655258225e-07	-4.945293356410165615e-04	5.122229621591088992e-04	-8.404061164160134837e-06	5.201299057729058236e-04	-2.184130565440213479e-05	6.641251517290232072e-06	6.368208333435315151e-04	1.874537779060831051e-05	-4.796864985462584224e-04	-8.189197594447648713e-04	9.580118917992826681e-06	-3.374267805901239037e-02	7.222961958683328217e-04	6.368208333657487692e-04	-9.264618718965647592e-02	-1.176975917218235661e-04	3.896742787981358203e-02	1.488079207906538889e-04	9.313786430400229621e-06	-1.338147856144760643e-04	-8.770950080535555996e-07	1.874537779100895031e-05	-1.176975917125207998e-04	-4.958373850053865157e-05	9.437782359776814489e-05	6.657320885593896005e-05	-1.110925238780409839e-05	6.092181439574249208e-02	-4.945293356198472972e-04	-4.796864985788932331e-04	3.896742787981159750e-02	9.437782360973979686e-05	-6.544988958058424759e-05	-3.902990880336023455e-02	2.219267501825432582e-06	-3.370707840924821314e-02	5.122229621454738643e-04	-8.189197594302804724e-04	1.488079207892562710e-04	6.657320885517057241e-05	-3.902990880335771573e-02	9.267106894126853067e-02	5.539128684456434877e-05	-1.234938698463616791e-04	-8.404061163943465503e-06	9.580118919785783672e-06	9.313786441858972647e-06	-1.110925238800190261e-05	2.219267505819233586e-06	5.539128681553831860e-05	-5.170919808091156602e-06
-3.071660918145262574e-05	3.424727381493308104e-03	-6.552363236637338481e-03	-4.469019205868637884e-05	8.419976073941553424e-03	1.169816502010081571e-04	-1.290366015235013810e-04	-1.640146953961413431e-03	6.598984992304822200e-06	-3.514053978886715014e-04	2.625449697793393240e-04	2.042961406520050002e-06	-2.698295345746745872e-05	-4.137792519883277568e-06	-3.469144984494898244e-07	2.238775364058462661e-04	8.229151031343415797e-07	1.879685063142472559e-04	7.585898130390273763e-05	6.848138441145745279e-06	-3.111654018000475181e-04	6.130320407651452622e-06	1.697838081998638758e-06	-5.991607430211994207e-04	-4.192873215812060534e-05	1.936734481273977120e-03	-1.494118043269922896e-02	-1.904242269286283052e-04	7.754369734575871156e-03	7.857014326440776457e-06	-4.542255741048796694e-07	4.053318217265786290e-03	-1.852795270552905271e-06	-1.746534645842342251e-05	-1.130686861757955952e-04	1.213747891974883146e-06	2.039071736073733480e-04	-1.003136630223266910e-05	1.726908654118253195e-06	1.369180336572836448e-04	7.116708999191920845e-05	9.453587249145297550e-03	2.237655170246407536e-03	9.146209526600687461e-05	-4.301777026441183996e-03	2.867346832123758571e-05	1.428662422363501978e-05	-8.810879314859708378e-03	-4.102284784392644195e-05	-7.440547498598331505e-03	3.070156939808101667e-03	-1.146915388657443881e-04	1.940983349838409835e-03	-1.741336370460443963e-04	5.539128684456434877e-05	1.687490873570904326e-02	3.079979340454380412e-06	8.268731942355194288e-05	-2.494319433251028094e-04	1.304850818135828818e-06	1.247795613084944685e-04	-1.004871961350673060e-06	-2.782831085767000890e-06	1.358927413170267728e-05
8.296904740231905302e-07	-2.280334448674186160e-06	-4.842010153114355229e-07	2.032091419773558825e-05	1.974956438041202959e-06	-5.165817998961819987e-05	3.096058293898928390e-05	1.156289555143696771e-06	6.374079099989683143e-04	6.190793517849478512e-05	-5.395252551280218671e-05	1.110965775895745872e-03	1.262582694423406041e-06	-6.584958861579758189e-04	-4.019311945215508965e-05	-3.504201513461674601e-05	-9.555601583185812731e-07	-3.072216548366388982e-05	-1.716452329370077434e-05	1.515858852748817008e-03	3.805261256793426470e-05	-2.177249935716905026e-03	1.518408179047451732e-03	8.215662570703742931e-05	1.399485810639973762e-05	2.273495073711474367e-07	-6.111198863222312943e-06	7.531109006817614097e-05	1.184848412035648581e-06	-3.385787125856042621e-05	2.033324860939676127e-05	-1.624348383441858252e-06	-6.361299775106544867e-04	4.828069027650639860e-06	2.877954656184118263e-05	-3.862830090945937453e-05	-5.258452964681319358e-05	-6.599619285660944914e-04	1.112066690151157673e-03	-3.604533234317108158e-05	-8.879916515341773067e-05	3.810068865675171851e-08	8.326978836024722300e-06	-7.110663101478879476e-05	4.164382246321064946e-08	2.462073591582925242e-06	5.043981810279629153e-05	-3.709910870556821339e-07	3.901035979205382377e-05	2.193588725892781327e-08	-2.821558193840333848e-06	-9.233414810679021968e-06	-6.257866615884750863e-07	7.191704406721880990e-05	-1.234938698463616791e-04	3.079979340454380412e-06	2.033660094205462510e-03	-7.086493153231392334e-05	8.910299702986345673e-05	1.641067508491757991e-03	-3.853477437376842408e-05	-1.047056666005633440e-07	-1.640146953961391096e-03	-5.285720934097789933e-06
-2.768563604329141076e-06	-1.955657335166221595e-05	6.576715404667047551e-05	-3.933803684122575571e-06	-7.885868788655217283e-05	1.349064474679978075e-05	5.351791602695408943e-07	-3.504201512425552051e-05	-5.484067703655966524e-05	-2.569274982615869785e-02	1.439562204138783788e-02	-6.228513898064698211e-05	-1.350124373980297974e-04	6.797293154842121155e-05	-1.351423044410397757e-04	1.639102464075725685e-02	5.704540981108089027e-05	1.408407128022751142e-02	2.911636998296314102e-04	1.461174572162866924e-04	-1.450239586027051233e-02	3.479833759756179945e-04	1.441207765177382623e-04	-3.899552762476084233e-02	-3.873798435629744022e-06	-1.003715580022876240e-04	2.711658937788343870e-04	4.349972081353093849e-06	-1.355935803600821635e-04	3.227306078613989857e-06	-4.218408958570230857e-06	-7.860911647096238350e-05	-2.429581512472430018e-05	-1.341619694965364286e-04	-1.419428454238465254e-02	-1.234500812718565055e-04	2.571974020331264238e-02	-6.701274664601113303e-05	-3.397348363095107487e-04	1.665593103017547205e-02	1.594960985111922242e-05	7.705163585252291177e-06	2.973829028763246007e-04	6.217142700711504755e-06	-9.899492095784067714e-05	7.627105948902770655e-09	8.666162417876676208e-07	-8.876434028637850821e-05	-1.508068789644236086e-06	-1.246009631724723547e-04	2.352169513620419941e-04	-2.636688667568026399e-06	-3.686741404067941973e-04	8.094796853004000646e-07	-8.404061163943465503e-06	8.268731942355194288e-05	-7.086493153231392334e-05	1.675634192139809076e-02	-3.899994987356798781e-02	-1.804940373374728591e-04	1.629613205609277415e-02	-1.053698498401053657e-04	2.238775364000720764e-04	-3.679130197043620426e-04
5.898702066494673630e-06	4.879947157160853598e-05	-1.502677403343311013e-04	1.591116960549988918e-05	1.700840242569478839e-04	-4.323745010247751256e-05	5.488728954267290841e-06	8.215662567642416782e-05	-3.935749401153505809e-05	6.091303456179628095e-02	-3.371798769527604295e-02	1.493624158510815946e-04	-1.449430993030153663e-06	-2.461896683675463774e-04	4.795684189735628612e-04	-3.899552762475999579e-02	-3.171439960035946320e-06	-3.371901271175656301e-02	9.397094558188104151e-06	-2.937459356994330702e-04	3.371123833321924834e-02	-7.324747529182554055e-04	-6.494059992293251850e-04	9.264489218924865099e-02	1.567470820779377305e-05	2.062087062996928737e-04	-6.022175813427273726e-04	7.167114224504167023e-06	3.154478940458637672e-04	-1.483263396342323752e-05	8.929804465756869712e-06	2.110176156904367060e-04	-7.501701008018006177e-06	-2.448105576848523952e-06	3.371741937089124674e-02	1.420829224045754631e-04	-6.091420880495378165e-02	3.498822680657947496e-04	8.038386882830983460e-04	-3.899445900437927687e-02	-4.361634660576307659e-05	-4.560798462827219822e-05	-7.151123446322594232e-04	-1.311958764435666207e-05	2.417031898671864396e-04	-7.574878968669344956e-07	2.629367320697693215e-06	2.319246649571046217e-04	8.138059079627751744e-06	3.117804789494557248e-04	-5.529814252604274821e-04	6.914034268691724801e-06	8.608729514199213017e-04	-1.126849617817771819e-06	9.580118919785783672e-06	-2.494319433251028094e-04	8.910299702986345673e-05	-3.899994987356798781e-02	9.265596642421447537e-02	9.017753004010341581e-05	-3.899627141578734107e-02	4.298146674667924910e-04	-5.991607430109563122e-04	-1.746615216230091910e-06
-1.832743685462140214e-05	2.902967952003990997e-06	1.429104820097585521e-06	-1.135195152455562581e-04	-5.488018285771529234e-06	1.613504277594325761e-04	-5.335023991390506299e-05	-1.624348383330908370e-06	8.420594603169774539e-03	1.271895297801229469e-04	-8.796251833331181452e-05	-1.938121483208500671e-03	-2.965291446383207089e-05	4.298984570918379031e-03	-7.753116939696217541e-03	-7.860911648692911718e-05	-6.553553191674090818e-03	-1.446013367424629243e-05	-5.307197552734590210e-05	-3.067900188314817006e-03	5.094887425275795005e-05	-2.243964022001885758e-03	1.494184907610723520e-02	2.110176157273374728e-04	-1.033960417976926915e-04	4.861751963890030142e-06	-1.113839828827678123e-06	-3.579010242098316094e-04	2.050227073924891507e-06	1.497486857300585686e-04	3.860875659859430614e-06	6.890229329958892640e-06	3.426221973818017671e-03	-1.825005296669614317e-05	2.569269771407451481e-05	7.442092942790074286e-03	-9.274800041693413352e-05	-9.453015376712706544e-03	-1.933011257127131757e-03	-4.793959385572851134e-05	1.595159758541923886e-05	-8.352273690118283616e-06	5.069553769115776735e-06	-1.019553289600493137e-04	-3.438626032887296638e-06	3.391765838947062871e-05	-4.189583316459405643e-05	-1.097992307805296727e-06	-4.233197438035337832e-05	1.273004153198940571e-06	1.912479252607286647e-06	-9.319309243522000104e-05	-1.706234553418609134e-06	1.549731442246285321e-04	9.313786441858972647e-06	1.304850818135828818e-06	1.641067508491757991e-03	-1.804940373374728591e-04	9.017753004010341581e-05	1.687442593377583636e-02	-6.048738129598545257e-05	-8.807850121945189070e-03	4.053318217265534755e-03	-7.236363736847463359e-05
-2.539791943202552168e-06	2.723799027419059428e-06	4.437433735024706071e-05	-4.694537560136355779e-06	-5.989262827789479946e-05	1.356439177801566812e-05	3.741602216460618513e-08	-3.604533233131810232e-05	-3.516605987587275196e-06	-2.571704013697681881e-02	1.419414978733781266e-02	-9.290405045384335023e-05	1.361788403712808470e-04	4.369103445322611220e-05	-1.607400137477060537e-04	1.665593103017510429e-02	4.060316936410953293e-05	1.450419928331839019e-02	-2.998021871000285045e-04	2.217061233271136120e-04	-1.408087841457099365e-02	2.995159289793412958e-04	2.626588794935580374e-04	-3.899445900437874257e-02	-4.147032916231671804e-06	-9.122656593859582912e-05	2.373003614677114161e-04	3.458109819706360381e-06	-1.137813295611920844e-04	2.842489443722619718e-06	-4.093092303299470579e-06	-4.793959384379645986e-05	-5.153876860471326134e-05	1.371640273755534063e-04	-1.439296781471888914e-02	-1.080935605861556309e-04	2.569248087338362602e-02	-1.237571808159447105e-04	-3.632789386995748581e-04	1.639010439893451992e-02	1.351573912967829974e-05	3.742545259369959383e-05	2.993865455993587792e-04	3.457969741666791113e-06	-1.331869359946453242e-04	2.303527247691615848e-08	4.808105580143380747e-06	-1.308824908229710776e-04	-2.547470630974703195e-07	-1.599618101388181946e-04	2.789829090142459216e-04	-3.601858908611869281e-06	-3.708240624165640631e-04	3.413061047161617516e-06	-1.110925238800190261e-05	1.247795613084944685e-04	-3.853477437376842408e-05	1.629613205609277415e-02	-3.899627141578734107e-02	-6.048738129598545257e-05	1.675293949014577954e-02	-1.313173681930379514e-04	1.369180336557275978e-04	3.699881121934888968e-04
2.355450352606606925e-05	-3.277172322310357863e-06	-1.382172173673331096e-06	5.503770799402026432e-05	2.904520308533000852e-06	-7.932579451078831338e-05	2.947915675052022115e-05	-3.709910868796935161e-07	-4.998971322651177968e-03	2.396168392587658136e-04	-1.302693182162709021e-04	3.551529428044136586e-06	3.028877331498287414e-06	-5.804841435667968536e-03	6.441434229661752511e-03	-8.876434027495475781e-05	5.556576913103225546e-03	-1.920132712844549081e-04	2.704266080248670024e-05	7.580722214293268701e-03	9.910655003217048141e-05	5.864664996493320053e-07	-7.583931505322862900e-03	2.319246649395806078e-04	5.059668643041868554e-05	-3.080797442442760682e-06	-2.467260174398007045e-06	2.025686729334390094e-04	-4.857064932585536407e-07	-9.284916083674027985e-05	5.422301426806298749e-05	-1.097992307732568784e-06	-4.999680085604217561e-03	2.364470997787860615e-06	1.939178219217170952e-04	-6.440546722744475497e-03	-1.880704652323233756e-04	5.805866055256636744e-03	-4.015779764653896328e-06	-1.308824908187219537e-04	-3.723199963366898252e-05	4.449746279728470139e-06	-6.885326318029324206e-06	5.069434542708062215e-05	6.009572280862655045e-06	-2.990605449232488578e-05	7.768949559194482314e-05	2.162705394821064547e-06	6.333956400476949415e-05	7.390235193125292332e-07	-2.250528464988627431e-06	4.760775579610434458e-05	1.947648058989155172e-06	-8.566122695845924733e-05	2.219267505819233586e-06	-1.004871961350673060e-06	-1.047056666005633440e-07	-1.053698498401053657e-04	4.298146674667924910e-04	-8.807850121945189070e-03	-1.313173681930379514e-04	7.467292754280753682e-03	-8.810879314858844485e-03	-2.164456916877116697e-05
-3.071660918147292742e-05	6.598984992535211774e-06	8.229151026796617052e-07	-4.192873214488812789e-05	-1.852795270241585935e-06	7.116708997482104203e-05	-4.102284783407609929e-05	3.079979339531413926e-06	3.424727381493824618e-03	-3.514053978757057987e-04	1.879685063072934000e-04	1.936734481274227353e-03	-1.746534645958829611e-05	9.453587249144884685e-03	-7.440547498598837177e-03	8.268731940992257289e-05	-6.552363236637758284e-03	2.625449697681803900e-04	7.585898130889258840e-05	-1.494118043270038429e-02	-1.130686861733857661e-04	2.237655170248703876e-03	3.070156939808100800e-03	-2.494319433145232730e-04	-4.469019204535972488e-05	2.042961405713528100e-06	6.848138440407015658e-06	-1.904242268994048553e-04	1.213747891793938062e-06	9.146209525867919935e-05	-1.146915388679281068e-04	1.304850817613927561e-06	8.419976073941716488e-03	-2.698295345458530376e-05	-3.111654018017335067e-04	7.754369734576006465e-03	2.039071736046596441e-04	-4.301777026441242976e-03	1.940983349837022490e-03	1.247795613072730063e-04	1.169816501777235196e-04	-4.137792519838215415e-06	6.130320408389926438e-06	7.857014312201214101e-06	-1.003136630236966821e-05	2.867346832049260329e-05	-1.741336370335026980e-04	-1.004871961256831127e-06	-1.290366015065115806e-04	-3.469144988137041979e-07	1.697838082497799085e-06	-4.542255706824643807e-07	1.726908653389722275e-06	1.428662423322522846e-05	5.539128681553831860e-05	-2.782831085767000890e-06	-1.640146953961391096e-03	2.238775364000720764e-04	-5.991607430109563122e-04	4.053318217265534755e-03	1.369180336557275978e-04	-8.810879314858844485e-03	1.687490873570837366e-02	1.358927413893140384e-05
1.007650995060465562e-06	-2.339587493158768217e-05	9.080653558921843350e-06	2.271687464168247048e-06	8.517570615441149381e-07	-3.230735082507179861e-06	2.077563979665231841e-06	-5.285720933041796499e-06	-2.339587492941954549e-05	-1.120214366435215686e-04	4.356596954929203326e-04	2.099705415792445148e-05	1.063121715892287929e-03	1.850572616556444376e-05	-1.728466913714969024e-05	-3.679130197044280706e-04	9.080653555223775430e-06	4.356596954928109366e-04	-2.307979846844969950e-03	-2.098639397509467986e-05	4.335067326568683944e-04	-2.384063245939362656e-06	-1.385145807768440657e-05	-1.746615215787954264e-06	2.271687464129845539e-06	2.099705415837165099e-05	-2.098639396936103252e-05	5.594889258405489279e-06	-1.796219814434876305e-05	-9.952370865835257364e-07	-3.727079038806953701e-08	-7.236363737032029805e-05	8.517570650071638267e-07	1.063121715892460318e-03	4.335067326565006330e-04	-1.796219814149916803e-05	-1.088026318332281455e-04	4.598554589149374073e-06	1.287854121359292806e-05	3.699881121932899457e-04	-3.230735082378679880e-06	1.850572616098472296e-05	-2.384063246889188557e-06	-9.952370865615325260e-07	4.598554590799899085e-06	-1.894491703480903276e-06	2.827692624565250047e-06	-2.164456916504227721e-05	2.077563979626662196e-06	-1.728466913232704717e-05	-1.385145807962605173e-05	-3.727079025591943367e-08	1.287854121298477365e-05	2.827692624468524814e-06	-5.170919808091156602e-06	1.358927413170267728e-05	-5.285720934097789933e-06	-3.679130197043620426e-04	-1.746615216230091910e-06	-7.236363736847463359e-05	3.699881121934888968e-04	-2.164456916877116697e-05	1.358927413893140384e-05	2.883861574690141545e-03
