5.672622594272901803e-02	-1.848446290282945476e-04	-8.008475347086221451e-04	-2.794814397816523799e-02	-6.781836057554310130e-04	1.372000870998757273e-05	2.797239373483003874e-02	-9.751570942167813100e-05	-1.848397038761739907e-04	-2.271344108631162453e-04	-3.759707507826213959e-04	8.902363461429833955e-04	-2.813670746020138888e-04	1.758390779318661553e-03	2.537165196915423717e-03	-1.895255042693619839e-04	-8.008480794463718449e-04	-3.759706845321462922e-04	-7.788426306315023896e-04	1.389732669023198246e-03	-3.573086885631772619e-04	1.023015517213214697e-03	1.280155135619159834e-03	-3.541676543511787094e-05	-2.794814576343628357e-02	8.902382640828851272e-04	1.389732427779045553e-03	-4.413724877523943972e-04	1.943449585432932038e-03	-2.941284620321494431e-02	-6.176599594137589799e-02	9.395372895334075034e-04	-6.781847337918342315e-04	-2.813667795739044700e-04	-3.573084800681948069e-04	1.943451131119508599e-03	-1.835000802662166484e-04	8.092510482255199124e-04	2.291993010216293613e-04	9.056009740282799101e-05	1.371855944541352444e-05	1.758389203775708072e-03	1.023017377329464746e-03	-2.941284422238786556e-02	8.092560230636663791e-04	-6.171783389225223709e-02	-2.936035731581888159e-02	2.040304613847295639e-03	2.797239234054717943e-02	2.537162061063424207e-03	1.280159365652811746e-03	-6.176599234809559968e-02	2.292022590647252033e-04	-2.936035541331313142e-02	-3.885068921536513533e-04	1.058475428117670349e-03	-9.751276517666051537e-05	-1.895255258833129287e-04	-3.541693391194838676e-05	9.395326343149647871e-04	9.055970793899686489e-05	2.040307315442960266e-03	1.058478000855887693e-03	-3.433919042125373839e-04
-1.848446290282945476e-04	9.004931709519971295e-03	5.127205071671954309e-04	-2.047464544457453927e-04	-3.172850631203046057e-03	-2.168900760822483221e-04	-2.686711431317952647e-04	6.007076091893447795e-03	-9.036798441887617880e-05	8.528232941896563089e-05	-1.815512633770767774e-04	-4.024720728342723504e-06	-6.596805132574321603e-04	-4.289696600860956111e-05	-1.200382141538289661e-04	7.192439954899821665e-04	-6.707952164899504957e-05	-3.572696387318530101e-04	-5.361295533284470699e-04	-1.458580808537746559e-05	-2.517082189713255110e-04	-1.599143354823558108e-05	-1.172925126978877976e-05	1.382839192923531553e-04	3.219838469260802348e-04	-5.957517044521157441e-03	-3.647634263672346402e-03	2.629719146267293613e-04	-2.705336025089696297e-04	6.540523479829368639e-04	8.304528803100209204e-04	-9.331696305313224790e-03	-8.083627033013477255e-06	-7.090789629626776183e-04	-5.108885667394858583e-05	4.217580982976229943e-07	1.454500812614198597e-04	1.474883922918131168e-05	3.103072187986983117e-05	-4.306818654247260552e-04	2.517040107508251986e-04	-3.080642850541163297e-03	-5.842353855715695134e-03	2.440334728254516157e-04	-9.178874395599660729e-03	5.491307639183546762e-04	4.751015845316658177e-04	5.071492609273099564e-04	2.581153215652590171e-04	6.520480584031179694e-04	-8.713473699387856014e-03	1.848476084416940282e-04	-5.888325353405665652e-03	1.030775731025294114e-04	1.110418440405083664e-04	3.821588444236649965e-03	-5.839428713736639800e-05	4.214287362926607975e-04	1.446509440127953083e-04	4.976427656768080523e-05	-1.003506641453556406e-04	2.996589928177024087e-05	-5.734204861748129820e-05	8.030504251196296343e-04
-8.008475347086221451e-04	5.127205071671954309e-04	2.476844202659282332e-03	2.984158582533384695e-04	4.418452830666562241e-04	1.968625284341321997e-06	-4.207847141621659298e-04	2.656470108894674279e-05	-6.707942207462225454e-05	4.235986111368022486e-05	-9.384694034628802278e-04	7.190258570161351499e-05	-1.947258380226710031e-03	6.867314677066285484e-05	-4.831349152786672420e-05	9.340327229956152041e-04	-2.706378755636531868e-05	-9.052067946737610196e-04	-1.987683705051158586e-03	1.380741079788166362e-04	-9.281944286172090237e-04	7.931075272981280479e-05	3.492822278551296016e-05	-3.791118631740332903e-05	4.134461311621698688e-04	-5.386179609514876504e-05	-7.450836786134939658e-04	3.451351326933274307e-05	7.156437621037620069e-05	3.798114832526734187e-04	8.744894788927958570e-04	6.514714128766166141e-04	3.023632478197866154e-05	-1.909855620374716024e-03	-9.276050644368614116e-04	1.185393115123707062e-04	1.113619722412545689e-06	9.673864196477077889e-05	5.982543828397123329e-05	-9.868258761904903729e-04	2.382228332588143279e-05	4.019518654166023136e-04	4.123410445047136908e-05	3.308132735954336947e-04	-3.077924941905314706e-04	7.068138763679267245e-04	3.187953540238143597e-04	2.355313344391807111e-03	-3.714833547249839045e-04	1.237706366982356814e-04	8.528864906404951029e-04	6.871986998068786538e-04	6.868473606620963308e-05	3.258485828891239050e-04	-6.396467010381283805e-05	7.227682568209724094e-04	-5.097447238097597315e-05	9.586407771966442507e-04	-2.526599995810798152e-05	1.622130473143941224e-05	-9.566562196065230266e-04	-7.409734940290883310e-05	-9.598823666795661146e-05	2.007044984985732229e-03
-2.794814397816523799e-02	-2.047464544457453927e-04	2.984158582533384695e-04	1.418283104233026767e-02	4.413543715482518850e-04	9.985573903225936510e-05	-1.362224024570145645e-02	-1.540900796983461047e-04	3.219817076806314815e-04	9.920261440760620264e-05	2.256027823636658355e-04	-6.872613634553523948e-04	2.301209735105529315e-04	-1.148521463181116512e-03	-1.180833855861612106e-03	3.578859967781281563e-05	4.134464242318537869e-04	2.193947061614763333e-04	4.719691702753775996e-04	-1.012006785862392929e-03	2.215433679040348903e-04	-7.482130768200923477e-04	-8.254826150706895795e-04	2.217171144421505515e-05	1.375136177226336451e-02	-2.435311478388014594e-04	-5.298462001378950216e-04	6.513243924805932458e-05	-9.497036430025200277e-04	1.451389383046947784e-02	3.042742866852749320e-02	-1.965187989163197282e-04	6.184045328235926984e-05	1.958777372232970121e-04	2.137297236926310356e-04	-1.005100733095985917e-03	1.006383456413626257e-04	-6.140582229083574707e-04	-3.570252663584982098e-04	-1.788206527556114556e-06	5.594702295272016698e-05	-7.682432843939012747e-04	-3.360847065157155636e-04	1.440517796762510322e-02	-1.438106278331561171e-04	3.048118698633749124e-02	1.484942668476864867e-02	-1.076794481752873763e-03	-1.381102688474877827e-02	-1.311118185212046660e-03	-4.312552552085978158e-04	3.054181946348068916e-02	6.157530030382020122e-05	1.452064022986418804e-02	3.584553818247886202e-04	-6.983160915359984400e-04	2.917523285379655445e-04	7.423015357354309594e-05	2.582287767235311027e-05	-6.700261767087433394e-04	-2.535411615073889012e-05	-1.010617490400346746e-03	-2.109135801034570155e-04	1.075667532207037378e-04
-6.781836057554310130e-04	-3.172850631203046057e-03	4.418452830666562241e-04	4.413543715482518850e-04	8.933246963333467405e-03	7.313346352725636542e-05	-3.628885108363850325e-04	-5.976010138749690906e-03	-8.083500430688208188e-06	-1.976947185935981947e-04	-9.179174461010680599e-04	4.279359849452048518e-05	-1.219065599075271891e-03	-9.755650982868546630e-06	-8.854735403819276925e-05	4.778690667998226871e-04	3.023648660232708304e-05	-5.121279944420617080e-04	-1.381397945558959176e-03	3.268586041800785463e-05	-8.020564565831636312e-04	-2.711225998981313642e-05	-7.930277284068452254e-05	1.765696274275071489e-04	6.184035338927922889e-05	5.887836827527033468e-03	8.796682208727524960e-03	-1.428167327827977481e-04	-4.698313833202711221e-04	2.631743354372550374e-04	6.490651078021345086e-04	3.725834156220637038e-03	5.741756140587074846e-05	-8.021159748552512654e-04	-5.858307258790148480e-04	-4.652968230796282288e-05	-2.124624654047777179e-04	-4.110750366907598092e-05	-2.009114601444786873e-05	-6.646980939457241904e-05	-1.333718810809557203e-04	9.169129166273843473e-03	5.867737970574910845e-03	1.044459030863103031e-04	3.159011791627574887e-03	7.515419906087196121e-04	3.167187699434793197e-04	4.106040210563461886e-04	-4.196895556747871621e-04	2.519214557443629323e-04	3.636742506661095990e-03	8.128572212927064359e-04	5.959085709951564801e-03	7.268619811688724732e-04	1.527069120520200196e-04	-9.344414696650149565e-03	-3.335219413857677131e-05	1.961851787627692692e-04	-2.128176873601843062e-04	1.011228804628753019e-05	-6.011751493249851194e-04	-1.109378213206977575e-04	-7.768182640480173124e-05	9.995549786877991425e-04
1.372000870998757273e-05	-2.168900760822483221e-04	1.968625284341321997e-06	9.985573903225936510e-05	7.313346352725636542e-05	1.240391316176580119e-03	1.196403955041856624e-04	-1.724740685761693088e-04	2.517042293579172083e-04	-1.550434908842614198e-06	2.318308061263427901e-05	-2.632600382034368572e-04	1.421642883695334315e-05	-1.950511467393885030e-04	3.720038637536281879e-05	-2.375504822758057175e-05	2.382215201257030342e-05	2.068447306911880436e-05	3.228490076525270886e-05	-2.509635584972733742e-04	2.207984240744082740e-06	-2.401370551372542677e-04	-2.262823024689118820e-04	7.219809679086264332e-06	5.594636208498381130e-05	6.148426355004323540e-05	-6.788238036612130367e-06	1.100263282227128365e-03	1.217687813678676288e-05	-1.023347093659284646e-04	-2.860587850146776700e-05	2.124381328875786143e-04	-1.333713342422159030e-04	2.777153624114338706e-05	3.334475028967980412e-06	-4.558925172146757022e-05	-1.960808176014059841e-06	-2.460315372557550918e-04	-1.442319134832764432e-04	2.281809812075792515e-05	1.194494613080480201e-03	-4.649714545007998810e-06	8.189056117490608121e-05	-7.982511384097430154e-05	2.302235521381127315e-04	2.232200481678092669e-05	9.300235486606975863e-05	-3.734633693752845352e-05	6.190546970001077620e-05	-5.238606448123869048e-05	2.044555801429711857e-04	3.403654912643656655e-05	1.849275552168302072e-04	1.344219419490331698e-04	-1.080856704250147179e-03	-9.286757317037176436e-05	1.649084374432554883e-04	9.786999178855611530e-07	4.498202125583623023e-06	-2.476942933647159465e-04	-2.012378922303638759e-05	-9.825497398179278204e-06	1.755864274863603116e-04	-5.267295638375598982e-07
2.797239373483003874e-02	-2.686711431317952647e-04	-4.207847141621659298e-04	-1.362224024570145645e-02	-3.628885108363850325e-04	1.196403955041856624e-04	1.420572453442387091e-02	-1.334406427614228860e-04	2.581181216909066438e-04	-1.205927922017230444e-04	-1.789790083641838118e-04	2.378627712768443191e-04	-1.358151762227436863e-04	8.015988573375113597e-04	1.249503504481431571e-03	-9.684477042219092409e-05	-3.714837959596762424e-04	-1.836123371308596498e-04	-3.729233492950900786e-04	5.990327839254273867e-04	-1.739621668703072576e-04	2.986226947117876776e-04	2.679045877581121070e-04	2.823808509206026599e-06	-1.381102849851939367e-02	5.081116889486087754e-04	6.731819193921454413e-04	-3.651250018382186488e-04	9.835449686867801366e-04	-1.451776247196365568e-02	-3.050678081006826664e-02	6.194659724343300330e-04	-4.196902114719145392e-04	-1.442920767719645114e-04	-1.808912985580926635e-04	9.751514102882624050e-04	-8.539906777349490544e-05	4.853367071773875884e-05	-1.032508283288719402e-04	6.478874912339880156e-05	6.190481937216519193e-05	8.406594265889247774e-04	5.703272121849480274e-04	-1.485135298653968150e-02	5.562644440799402457e-04	-3.042839678192914288e-02	-1.435425297461240257e-02	9.831304409208371960e-04	1.376950218290965040e-02	1.183780231005671134e-03	7.574541960547300293e-04	-3.041776141073331344e-02	1.766600103956324675e-04	-1.445104370592857103e-02	-1.610394464146907640e-05	4.964609250654125096e-04	1.605691847717345341e-04	-6.020220069390466852e-05	9.370629136738010843e-07	1.170494048469833133e-04	3.311208587061197615e-05	1.046475526341586687e-03	6.147242115528418456e-04	-1.447143823262953487e-04
-9.751570942167813100e-05	6.007076091893447795e-03	2.656470108894674279e-05	-1.540900796983461047e-04	-5.976010138749690906e-03	-1.724740685761693088e-04	-1.334406427614228860e-04	5.973467344527073203e-03	-5.839435549432009463e-05	1.792845796720444823e-04	4.303041907216389539e-04	-2.003414911189559941e-05	4.443809023364953155e-04	-3.014880960908652155e-05	-3.340168535525125731e-05	3.157410124597752343e-05	-5.097462631791079365e-05	1.564638594995539902e-04	5.801658342408130397e-04	-3.312155349386471093e-05	3.480217982070165500e-04	5.347697318687813061e-06	4.039463369874849119e-05	-6.886887671908118185e-05	2.917534301600094022e-04	-5.857402637859320318e-03	-6.151508482153296431e-03	1.812364384993677682e-04	8.454493742785042828e-05	3.699064916006930201e-04	4.532802603930155506e-04	-6.456607653767543198e-03	-3.335233978971023904e-05	2.068871102617515518e-04	3.448064048008595722e-04	3.742518408918847815e-06	1.362266912724422623e-04	3.172097242539362072e-05	2.822127038868472201e-05	-1.114258124981517509e-04	1.649085959900209127e-04	-6.069046804265575829e-03	-5.839890789301307832e-03	2.486515641424337378e-04	-6.100838726599303215e-03	2.581047073307777108e-04	2.450776089233361907e-04	3.819202120724947403e-05	1.605675298243484526e-04	1.690223713946930847e-04	-6.114083726245850975e-03	5.612835209406337965e-05	-5.856760279618860102e-03	-1.422536358003296565e-04	-6.264427385160119114e-06	6.505043952962480044e-03	-1.207580726127433581e-05	3.531637145935741939e-05	1.337061984986341796e-04	3.039484188845498062e-05	3.345432819428357488e-04	6.305755702908101264e-05	1.303311412838372053e-05	-2.739374613869100450e-04
-1.848397038761739907e-04	-9.036798441887617880e-05	-6.707942207462225454e-05	3.219817076806314815e-04	-8.083500430688208188e-06	2.517042293579172083e-04	2.581181216909066438e-04	-5.839435549432009463e-05	9.004930812419672734e-03	8.528127651540128691e-05	-3.572684139865487047e-04	-5.957516277423177686e-03	-7.090762236152113075e-04	-3.080642225342966698e-03	6.520479832039622562e-04	4.214270078846104337e-04	5.127194418449209160e-04	-1.815503254346791454e-04	-5.361272604700433866e-04	-3.647633528624943250e-03	-5.108810354964639936e-05	-5.842353721623077048e-03	-8.713473889359807378e-03	1.446517311618602045e-04	-2.047486717041647141e-04	-4.024488915145624328e-06	-1.458568315805289219e-05	2.629718239430927631e-04	4.215588775859749844e-07	2.440311087339869787e-04	1.848422993029798104e-04	4.976452184520689171e-05	-3.172850712956564942e-03	-6.596777620464875508e-04	-2.517072677300241255e-04	-2.705333991630748738e-04	1.454505290078158901e-04	-9.178874472093277725e-03	-5.888325471952718035e-03	-1.003490913606384666e-04	-2.168901390412020192e-04	-4.289657785018328876e-05	-1.599126800163134106e-05	6.540502440271426642e-04	1.474874005021135689e-05	5.491256745559721947e-04	1.030751207810679524e-04	2.996640802051713035e-05	-2.686686914091102594e-04	-1.200379144404566003e-04	-1.172909000530432213e-05	8.304478013334665957e-04	3.103075805176250821e-05	4.750995733531559540e-04	1.110421676659731447e-04	-5.734190357752447389e-05	6.007075617464512421e-03	7.192419046075739821e-04	1.382846941330789434e-04	-9.331695470591667291e-03	-4.306800757708302194e-04	5.071502011333403918e-04	3.821588386342066306e-03	8.030461743020998484e-04
-2.271344108631162453e-04	8.528232941896563089e-05	4.235986111368022486e-05	9.920261440760620264e-05	-1.976947185935981947e-04	-1.550434908842614198e-06	-1.205927922017230444e-04	1.792845796720444823e-04	8.528127651540128691e-05	1.273455721434135681e-03	-2.356714487363388458e-04	-1.748552140823317965e-04	-7.878836609939167922e-04	-2.264647786992387223e-04	-2.187000894616799023e-05	5.464126800730922679e-04	4.235959200343954829e-05	-2.356715668621104341e-04	-7.068242985608808732e-04	-1.921775317583239787e-04	-4.240672892156806782e-04	-5.451315597760944781e-05	1.667654335524430988e-05	-1.078774824551227435e-03	9.920274222601607099e-05	-1.748559188955618737e-04	-1.921781213363935037e-04	2.862756210152879737e-05	6.645464327556924362e-05	1.249292938436894211e-04	2.404923975832397960e-04	-1.116878548704973244e-04	-1.976941596721551854e-04	-7.878837133023653804e-04	-4.240672544340524713e-04	6.645450682023454109e-05	-1.179626044480370150e-03	1.948495809799897005e-05	-6.828178696333398183e-05	-3.186637863224823413e-04	-1.550382175162326498e-06	-2.264652188701459868e-04	-5.451374273423728416e-05	1.249292981163445675e-04	1.948406011909923860e-05	2.171749877516639810e-04	1.052034030844190080e-04	-8.199400217738978024e-05	-1.205927424116148914e-04	-2.186986666237526441e-05	1.667569578171109444e-05	2.404923657891421137e-04	-6.828249094829282387e-05	1.052034056487028627e-04	-1.339724379414743421e-05	1.761201028483188788e-04	1.792837460730447587e-04	5.464126721837878238e-04	-1.078774774748145638e-03	-1.116868482874114256e-04	-3.186636549513162256e-04	-8.199416585457437907e-05	1.761193095946618633e-04	9.313989518672468639e-04
-3.759707507826213959e-04	-1.815512633770767774e-04	-9.384694034628802278e-04	2.256027823636658355e-04	-9.179174461010680599e-04	2.318308061263427901e-05	-1.789790083641838118e-04	4.303041907216389539e-04	-3.572684139865487047e-04	-2.356714487363388458e-04	1.393704178171639371e-02	-4.263923458298520799e-05	2.900260305274130965e-02	-1.167572829016706975e-04	-2.888196448270749289e-04	-1.445341746669117147e-02	-9.052056760035849959e-04	1.349851006522971054e-02	2.861668964852000924e-02	-4.785090022347013110e-04	1.354104574707037240e-02	-3.872196165936659436e-04	-5.300198758942227745e-04	1.372410086260107904e-04	2.193950201258771434e-04	-3.120802537565399307e-04	-9.182629139578067732e-04	-2.533560687649075914e-05	-9.307776978762895628e-04	6.916568307095627627e-05	2.948155019569168706e-04	3.989541098165275915e-04	-5.121299490634945162e-04	2.891049612664028587e-02	1.335183439416307016e-02	-8.841476350976581154e-04	-4.050787090175041183e-04	-7.658381759790102491e-04	-5.222352905864210450e-04	1.492726314247438263e-02	2.068460665512463436e-05	-5.400635149690991791e-04	-6.640338924611994143e-04	9.655615536369159958e-05	-8.933493093509721266e-04	1.218132646990227857e-04	5.419098287436942534e-05	1.204591558475536514e-03	-1.836123070160744996e-04	-2.192077731382856959e-04	-6.871200111707286701e-04	3.079211823043292474e-04	-7.807236563261426166e-04	2.109537602110691824e-05	-8.226047010668331944e-05	1.216510406019817667e-03	1.564653700990757353e-04	-1.455140468193033901e-02	1.978006826317760941e-04	5.591516506833671320e-04	1.459601122993111656e-02	1.294195169416703260e-03	7.960372155167523209e-04	-3.195855339325302108e-02
8.902363461429833955e-04	-4.024720728342723504e-06	7.190258570161351499e-05	-6.872613634553523948e-04	4.279359849452048518e-05	-2.632600382034368572e-04	2.378627712768443191e-04	-2.003414911189559941e-05	-5.957516277423177686e-03	-1.748552140823317965e-04	-4.263923458298520799e-05	5.894540802280710812e-03	8.536935967000181859e-05	6.077552166564343002e-03	-1.600727644245333788e-05	-2.117177925701597767e-04	-5.386101008379267215e-05	-3.120814166597344610e-04	-3.082687040818923949e-04	6.113105818325938884e-03	-2.037426529932123199e-04	5.780146166156356798e-03	6.128535687135980986e-03	-1.716292269622518010e-04	-2.435303454892983515e-04	8.535791995407348003e-05	6.350672843554876256e-05	-2.959426684973914421e-04	-2.782018136236424194e-06	-6.618120243782096412e-04	-9.385402887657392623e-04	8.624013061883341802e-05	5.887836673042258669e-03	-1.511026432433239123e-04	-1.942592989056041912e-04	-1.147193757099418876e-04	-1.587684808089772086e-04	6.065830949917737705e-03	5.842206821948327938e-03	-1.885108464211117168e-04	6.148452339272855412e-05	1.000073042625607774e-04	5.755976250236916281e-05	-7.902530251421050703e-04	2.253744582160984475e-05	-1.137263206002011359e-03	-3.062138729076311098e-04	5.208703741771393786e-05	5.081106591226289661e-04	1.103428029642576744e-04	7.378793117395622385e-05	-1.314150504111668031e-03	3.027894803922934877e-06	-6.660213119103854714e-04	8.443886234076286405e-05	3.292837914097860241e-05	-5.857402217036617245e-03	-1.990186453830163136e-04	1.631653003057632149e-05	6.473929643116907613e-03	2.437432862040595167e-04	3.814008235505501030e-05	-6.349479306420031596e-03	-6.863566596141312728e-05
-2.813670746020138888e-04	-6.596805132574321603e-04	-1.947258380226710031e-03	2.301209735105529315e-04	-1.219065599075271891e-03	1.421642883695334315e-05	-1.358151762227436863e-04	4.443809023364953155e-04	-7.090762236152113075e-04	-7.878836609939167922e-04	2.900260305274130965e-02	8.536935967000181859e-05	6.227922260442277091e-02	1.073280202135661857e-04	-5.169831666681713907e-04	-3.140881761677247891e-02	-1.909852556244513418e-03	2.891049620485988333e-02	6.126762918452366424e-02	-7.308581541056796346e-04	2.903000601922669371e-02	-6.792868421552611911e-04	-1.132129217294321807e-03	-4.063014039723306694e-05	1.958782904686856682e-04	-1.510993255389526718e-04	-1.224383654344591427e-03	-1.301695931030015464e-04	-2.117150551801282553e-03	-1.415382882554519235e-04	6.864310431736737981e-05	1.265921645546968892e-03	-8.021204909542062420e-04	6.211296632953022812e-02	2.892160425983837657e-02	-1.960030199879753132e-03	-7.569291171258116973e-04	-1.666062817973558083e-03	-9.753675465792139513e-04	3.133466002827074715e-02	2.777180384678462990e-05	-3.591888887204696974e-04	-9.225146936003788840e-04	-1.254912132986997020e-04	-1.705503075506560346e-03	-2.826379462043816901e-04	-1.267196518129500677e-04	2.797172342644250326e-03	-1.442921082286733854e-04	-3.740304405812430602e-04	-1.133681637660332621e-03	7.528167416963245937e-05	-1.210449722878654231e-03	-2.100663146909776129e-04	-1.448730222934463386e-04	1.969681620013989838e-03	2.068904735378254266e-04	-3.137907842465877117e-02	1.758494362662256968e-05	1.271185277343486698e-03	3.138831913201353685e-02	2.895706325679531581e-03	1.467645772943734902e-03	-6.873495193792342195e-02
1.758390779318661553e-03	-4.289696600860956111e-05	6.867314677066285484e-05	-1.148521463181116512e-03	-9.755650982868546630e-06	-1.950511467393885030e-04	8.015988573375113597e-04	-3.014880960908652155e-05	-3.080642225342966698e-03	-2.264647786992387223e-04	-1.167572829016706975e-04	6.077552166564343002e-03	1.073280202135661857e-04	9.688346676010612529e-03	5.880456271929640532e-04	-3.268126660965367069e-04	4.019524554663577885e-04	-5.400654115020808374e-04	-5.536468283418591665e-04	9.155440093846042848e-03	-1.674339104225140511e-04	6.068255119389208418e-03	3.695993332551303617e-03	-2.545385981292564185e-04	-7.682441681812050317e-04	1.000075193384063519e-04	1.023260951114521571e-05	-2.441997022702736288e-04	-3.894294557207621943e-05	-1.198492076225883465e-03	-1.865143503315152022e-03	1.943757062809544245e-04	9.169128908943335876e-03	-3.591941757427061579e-04	-3.845401024661136659e-04	-4.936413652397242738e-04	-2.400742089362241220e-04	3.071523377244824403e-03	6.051502225894128326e-03	-1.519322775401868995e-04	-4.649032770859335204e-06	9.872589271065702519e-05	2.670507403608727464e-05	-9.993515474588966774e-04	-1.764828534871864041e-05	-1.909296675852540162e-03	-5.547557359362586399e-04	1.928333716802384549e-04	8.406600346775251927e-04	1.199478720010338755e-04	7.573538940059583988e-05	-1.981906642868927221e-03	-3.809238566209075070e-05	-9.435970899112108672e-04	2.132688075712569557e-04	1.184936779874404191e-04	-6.069046551430900757e-03	1.971078012038853837e-05	1.634202453113814011e-04	3.775746833320843283e-03	4.138583735731436860e-04	6.776913241540018316e-04	-9.484365673058827231e-03	-2.356099451990837290e-05
2.537165196915423717e-03	-1.200382141538289661e-04	-4.831349152786672420e-05	-1.180833855861612106e-03	-8.854735403819276925e-05	3.720038637536281879e-05	1.249503504481431571e-03	-3.340168535525125731e-05	6.520479832039622562e-04	-2.187000894616799023e-05	-2.888196448270749289e-04	-1.600727644245333788e-05	-5.169831666681713907e-04	5.880456271929640532e-04	2.938880176199573646e-03	1.205736680429967203e-04	1.237702603338876285e-04	-2.192071690616713365e-04	-5.394117285884197964e-04	-7.485127452610339889e-04	-2.633105163018071323e-04	1.340500149675489006e-05	8.222809445409618237e-04	-3.833302124473696100e-05	-1.311119723338641935e-03	1.103430084691945268e-04	6.017756199763727343e-05	5.319256733439580990e-06	1.124198799920231886e-04	-1.341884682287591227e-03	-2.936352507357056687e-03	2.213615531902593579e-04	2.519216106523709028e-04	-3.740288967568052513e-04	-1.544797093658130610e-04	-2.351302555468485871e-03	-2.021916468513364741e-05	-5.227514586519864089e-04	-1.389886806523976627e-04	-1.839484051787371275e-04	-5.238606571493455486e-05	1.199479680059528967e-04	7.854952870534657550e-05	-1.192720599554292042e-03	6.935850617763975631e-05	-2.696279899184761148e-03	-1.390994005936261029e-03	2.811462040979389294e-04	1.183781591823036827e-03	1.676483533455411993e-04	1.465323106785724398e-04	-2.570944782066397673e-03	5.280103005790315893e-06	-1.237681346737947840e-03	-5.275914535820385440e-05	1.691477954509237967e-04	1.690222420388299055e-04	1.758043394713956547e-04	-5.528452062980294913e-05	7.262498785904830190e-04	-2.158617223828582557e-04	2.833532751070274051e-04	1.131666204823347224e-03	3.646114746713704970e-04
-1.895255042693619839e-04	7.192439954899821665e-04	9.340327229956152041e-04	3.578859967781281563e-05	4.778690667998226871e-04	-2.375504822758057175e-05	-9.684477042219092409e-05	3.157410124597752343e-05	4.214270078846104337e-04	5.464126800730922679e-04	-1.445341746669117147e-02	-2.117177925701597767e-04	-3.140881761677247891e-02	-3.268126660965367069e-04	1.205736680429967203e-04	1.632850719195098194e-02	9.586391216591624072e-04	-1.455140483357641665e-02	-3.085527515325645412e-02	1.429641616173874506e-04	-1.461620869364175027e-02	1.691383850357666089e-04	4.251218460599606817e-04	1.907560726804819818e-04	7.422998100254236649e-05	-1.990208106974772774e-04	4.893639898093216740e-04	8.541957892407498246e-05	1.083590402422250631e-03	2.864581266991045642e-04	3.677973617228633618e-04	-1.128527714429967271e-03	1.961876417614219828e-04	-3.137907847823428326e-02	-1.495057162494958791e-02	1.051644636167866666e-03	3.064606201652977945e-04	7.486053950645815865e-04	3.457608986055654698e-04	-1.571026089731514599e-02	9.785127578416691514e-07	1.970775996884349749e-05	2.221355628432585320e-04	2.259453071690987157e-04	4.912890058216474228e-04	4.803547498766913429e-04	2.532352458959703442e-04	-1.526238333898009142e-03	-6.020226812506293443e-05	1.758049440926063916e-04	1.707508023561842632e-04	2.962269091045919732e-04	3.720750634484446635e-04	2.625238829689838108e-04	9.090257433802122504e-05	-8.980084356904784312e-04	3.531444699472061012e-05	1.589228399389286742e-02	1.550820459199551927e-04	-7.748814110965118089e-04	-1.585199800945172668e-02	-1.490291865562632994e-03	-5.729690564536340808e-04	3.479907648559169009e-02
-8.008480794463718449e-04	-6.707952164899504957e-05	-2.706378755636531868e-05	4.134464242318537869e-04	3.023648660232708304e-05	2.382215201257030342e-05	-3.714837959596762424e-04	-5.097462631791079365e-05	5.127194418449209160e-04	4.235959200343954829e-05	-9.052056760035849959e-04	-5.386101008379267215e-05	-1.909852556244513418e-03	4.019524554663577885e-04	1.237702603338876285e-04	9.586391216591624072e-04	2.476844425204537993e-03	-9.384680736816296189e-04	-1.987681053480442987e-03	-7.450831801592554694e-04	-9.276038604769463580e-04	4.123484622197415837e-05	8.528875169479942665e-04	-2.526589448131432756e-05	2.984162988915184931e-04	7.190308674653392578e-05	1.380746306522378630e-04	3.451342919358206166e-05	1.185395630546442076e-04	3.308137381430602980e-04	6.871997031267396572e-04	1.622149621346828403e-05	4.418461623435814196e-04	-1.947254824046604216e-03	-9.281931625629577867e-04	7.156388657049883757e-05	1.113456495684748274e-06	-3.077916660410479109e-04	6.868556516625774387e-05	-9.566543747170008424e-04	1.968715990996482674e-06	6.867380349915840087e-05	7.931114461083127150e-05	3.798116888391389135e-04	9.673881047707046056e-05	7.068146065735380875e-04	3.258492019292940495e-04	-7.409700306118233539e-05	-4.207848855281774800e-04	-4.831312709994796043e-05	3.492853277546857378e-05	8.744897758388175566e-04	5.982572119401899819e-05	3.187955402421282407e-04	-6.396458206383328878e-05	-9.598827440786137288e-05	2.656382491922355314e-05	9.340307726076772440e-04	-3.791120451844133652e-05	6.514726804711958291e-04	-9.868241325716622762e-04	2.355313696097531117e-03	7.227675125354951925e-04	2.007040730926138491e-03
-3.759706845321462922e-04	-3.572696387318530101e-04	-9.052067946737610196e-04	2.193947061614763333e-04	-5.121279944420617080e-04	2.068447306911880436e-05	-1.836123371308596498e-04	1.564638594995539902e-04	-1.815503254346791454e-04	-2.356715668621104341e-04	1.349851006522971054e-02	-3.120814166597344610e-04	2.891049620485988333e-02	-5.400654115020808374e-04	-2.192071690616713365e-04	-1.455140483357641665e-02	-9.384680736816296189e-04	1.393704338643391057e-02	2.861669133625248732e-02	-9.182651804300760766e-04	1.335183423608598749e-02	-6.640350802727833148e-04	-6.871199562269111622e-04	1.978014247837485667e-04	2.256031880850508720e-04	-4.263753869413472187e-05	-4.785061931128419769e-04	-2.533568436582869668e-05	-8.841474415050047057e-04	9.655634167192488548e-05	3.079213324357284219e-04	5.591526686793764529e-04	-9.179185292111668483e-04	2.900260634692085684e-02	1.354104736578480572e-02	-9.307782578022120307e-04	-4.050786778627167095e-04	-8.933498523725161983e-04	-7.807245756862092080e-04	1.459601278012292308e-02	2.318330983732874495e-05	-1.167545042931177767e-04	-3.872179250804787210e-04	6.916521320033576915e-05	-7.658374050625109918e-04	1.218129940589226384e-04	2.109531088036234708e-05	1.294196467302558256e-03	-1.789788531044802264e-04	-2.888199709451901888e-04	-5.300194352752150232e-04	2.948150331610125937e-04	-5.222338439006520353e-04	5.419098316141745283e-05	-8.226043354052189796e-05	7.960350120308533686e-04	4.303051014996690966e-04	-1.445341902152626375e-02	1.372405181841536881e-04	3.989537320579230294e-04	1.492726336492992967e-02	1.204590620446875475e-03	1.216511919364655350e-03	-3.195855528694264286e-02
-7.788426306315023896e-04	-5.361295533284470699e-04	-1.987683705051158586e-03	4.719691702753775996e-04	-1.381397945558959176e-03	3.228490076525270886e-05	-3.729233492950900786e-04	5.801658342408130397e-04	-5.361272604700433866e-04	-7.068242985608808732e-04	2.861668964852000924e-02	-3.082687040818923949e-04	6.126762918452366424e-02	-5.536468283418591665e-04	-5.394117285884197964e-04	-3.085527515325645412e-02	-1.987681053480442987e-03	2.861669133625248732e-02	6.057706682842046997e-02	-1.312656457000306674e-03	2.859154726511802663e-02	-1.062932256816365856e-03	-1.352810462733532344e-03	1.215982632495752862e-05	4.719697174222935903e-04	-3.082654567115282462e-04	-1.312650546902133231e-03	-1.070310568649892246e-04	-1.939061414317073875e-03	1.395047091310055553e-04	6.113849994455275048e-04	1.004090693492343863e-03	-1.381401963480808140e-03	6.126763267922488709e-02	2.859154923203202636e-02	-1.939061888240143066e-03	-7.081297115061177452e-04	-1.803789331583501195e-03	-1.336793241901475596e-03	3.086018832772483012e-02	3.228520759712055820e-05	-5.536412461305163660e-04	-1.062928940174170597e-03	1.395039520492592756e-04	-1.803788012147797271e-03	2.437533351209808063e-04	7.890460220729304049e-05	2.673930896612322292e-03	-3.729232499852197470e-04	-5.394125376105492501e-04	-1.352809953665280382e-03	6.113843271125915437e-04	-1.336790345036702361e-03	7.890457727178401992e-05	-1.514762329773765921e-04	2.015874892456282017e-03	5.801687442094892195e-04	-3.085527674572233897e-02	1.215845783152002969e-05	1.004089281590288089e-03	3.086018680959892041e-02	2.673928723058690074e-03	2.015879670307971390e-03	-6.768375594934822326e-02
1.389732669023198246e-03	-1.458580808537746559e-05	1.380741079788166362e-04	-1.012006785862392929e-03	3.268586041800785463e-05	-2.509635584972733742e-04	5.990327839254273867e-04	-3.312155349386471093e-05	-3.647633528624943250e-03	-1.921775317583239787e-04	-4.785090022347013110e-04	6.113105818325938884e-03	-7.308581541056796346e-04	9.155440093846042848e-03	-7.485127452610339889e-04	1.429641616173874506e-04	-7.450831801592554694e-04	-9.182651804300760766e-04	-1.312656457000306674e-03	9.843559735731996149e-03	-5.365987812167459167e-04	6.088340249976597826e-03	3.072402816555518633e-03	-2.551013382615109604e-04	-5.298464951271864790e-04	6.350650742429040936e-05	-1.452583635872711921e-05	-2.690275852834883661e-04	-1.476278188707338225e-05	-9.224774690996294726e-04	-1.305110982300721617e-03	1.009057094705692180e-04	8.796681938069754458e-03	-1.224390018280430668e-03	-7.720136551712797465e-04	6.684174275621970534e-04	-2.257848638909572562e-04	3.629694989342072825e-03	6.130357521023540625e-03	-6.087830008207863663e-04	-6.787570750440092079e-06	1.023206323252656848e-05	2.071299988865153198e-05	-8.423016684061919923e-04	5.317017749062486625e-05	-1.449467237166091309e-03	-2.942395278651837058e-04	-2.589676947480457032e-05	6.731819422855413876e-04	6.017707639984034207e-05	9.164004030721425520e-05	-1.670741884767493104e-03	9.189370007564985160e-06	-7.543961700441695600e-04	2.614719600007253892e-04	1.295601507737517935e-05	-6.151508165363656772e-03	4.893675561409168394e-04	1.712461498127164654e-04	3.157989484454555400e-03	-3.019511648416291666e-05	-6.929720708731702122e-04	-1.031376930572495965e-02	1.029619532780000520e-03
-3.573086885631772619e-04	-2.517082189713255110e-04	-9.281944286172090237e-04	2.215433679040348903e-04	-8.020564565831636312e-04	2.207984240744082740e-06	-1.739621668703072576e-04	3.480217982070165500e-04	-5.108810354964639936e-05	-4.240672892156806782e-04	1.354104574707037240e-02	-2.037426529932123199e-04	2.903000601922669371e-02	-1.674339104225140511e-04	-2.633105163018071323e-04	-1.461620869364175027e-02	-9.276038604769463580e-04	1.335183423608598749e-02	2.859154726511802663e-02	-5.365987812167459167e-04	1.391077550263118343e-02	-5.698121843748706755e-04	-8.648251568239837591e-04	-1.749938241480170260e-04	2.137300169523983898e-04	-1.942579683878992007e-04	-7.720110475152824718e-04	-5.657557826206535386e-05	-9.686272585294735532e-04	7.294181632638636252e-05	3.081068815477485843e-04	5.247076036913232927e-04	-5.858328497727554153e-04	2.892160389931305864e-02	1.348121820030889068e-02	-9.015659868463264497e-04	-2.560581645936907619e-04	-1.079725462977951245e-03	-7.078079806028605980e-04	1.459003585917965223e-02	3.334606493965606506e-06	-3.845377558868159299e-04	-5.475545500476801559e-04	8.537507279088153256e-05	-8.230415371371852581e-04	1.492764163944368871e-04	6.228011441737038752e-05	1.264167509486655624e-03	-1.808914704392819580e-04	-1.544802290472862085e-04	-5.774129366581578484e-04	2.878648349019812978e-04	-6.949181054468982731e-04	2.308792176074575894e-05	-6.485000855109275368e-05	1.154877266568048785e-03	3.448077162018623907e-04	-1.495057148461763873e-02	-1.324107373514036635e-04	2.772586616483022895e-04	1.447912058520564767e-02	1.319006147392909681e-03	8.877484856490672378e-04	-3.201163466098531224e-02
1.023015517213214697e-03	-1.599143354823558108e-05	7.931075272981280479e-05	-7.482130768200923477e-04	-2.711225998981313642e-05	-2.401370551372542677e-04	2.986226947117876776e-04	5.347697318687813061e-06	-5.842353721623077048e-03	-5.451315597760944781e-05	-3.872196165936659436e-04	5.780146166156356798e-03	-6.792868421552611911e-04	6.068255119389208418e-03	1.340500149675489006e-05	1.691383850357666089e-04	4.123484622197415837e-05	-6.640350802727833148e-04	-1.062932256816365856e-03	6.088340249976597826e-03	-5.698121843748706755e-04	5.815082044820407865e-03	6.120612488213251177e-03	-2.777688625294941313e-04	-3.360839076444402254e-04	5.755972522344591477e-05	2.071330745356811452e-05	-2.499942767427978051e-04	7.017807409643861134e-05	-7.269644162135412537e-04	-1.090273380243637902e-03	7.576934826756245237e-05	5.867738039133546177e-03	-9.225180414119886312e-04	-5.475559088339978847e-04	-3.329427755826779538e-05	-2.490598110773822741e-04	6.037796620383959270e-03	5.776022606563936679e-03	-5.729205383591097706e-04	8.189091475043683277e-05	2.670482473749167970e-05	4.813965305588640105e-05	-8.347736076908292150e-04	7.787830664312373700e-05	-1.267336775218328316e-03	-3.661588501003906889e-04	-5.476860245994562076e-07	5.703262160502896522e-04	7.854909175286643632e-05	8.965852343112608053e-05	-1.443024188411031567e-03	-2.397376008825422082e-06	-7.461412630831705615e-04	5.415658653973300324e-05	6.397231681548437284e-05	-5.839890803392316573e-03	2.221377701137552279e-04	-6.833212370507763054e-05	6.358394826345872657e-03	-1.352864785819203283e-04	4.271992034966573645e-05	-6.322585959381120911e-03	7.830003180833365302e-04
1.280155135619159834e-03	-1.172925126978877976e-05	3.492822278551296016e-05	-8.254826150706895795e-04	-7.930277284068452254e-05	-2.262823024689118820e-04	2.679045877581121070e-04	4.039463369874849119e-05	-8.713473889359807378e-03	1.667654335524430988e-05	-5.300198758942227745e-04	6.128535687135980986e-03	-1.132129217294321807e-03	3.695993332551303617e-03	8.222809445409618237e-04	4.251218460599606817e-04	8.528875169479942665e-04	-6.871199562269111622e-04	-1.352810462733532344e-03	3.072402816555518633e-03	-8.648251568239837591e-04	6.120612488213251177e-03	9.921806940031209152e-03	-2.620609714452154970e-04	-4.312532491540511091e-04	7.378797657601106092e-05	9.164044896737877409e-05	-2.272105209778480352e-04	1.963860093865492634e-04	-8.659843571309172681e-04	-1.564494739610807102e-03	4.590181261583976412e-05	3.636743254227174475e-03	-1.133681779772875275e-03	-5.774129744604974490e-04	-7.151313014279195518e-04	-2.321712771784692605e-04	9.158108396070188673e-03	6.102780437548804837e-03	-8.014234799793682092e-04	2.044557376266970612e-04	7.573527186272378581e-05	8.965870605527288329e-05	-1.184098763126981060e-03	1.121418312225629305e-04	-1.799248419584735916e-03	-7.516533653927179488e-04	2.526208315581402822e-05	7.574520436373810735e-04	1.465320104740596612e-04	1.130667000057761814e-04	-1.946249524226042939e-03	-4.002535232978055512e-06	-1.091353406589812801e-03	-2.034961852953615243e-04	1.174246494395897315e-04	-6.114084069023202617e-03	1.707516491618855611e-04	-2.621809101009707553e-04	1.031527222636157044e-02	-4.768642103471395751e-04	7.928285297203819040e-04	-3.064129761166546097e-03	1.080610392255627362e-03
-3.541676543511787094e-05	1.382839192923531553e-04	-3.791118631740332903e-05	2.217171144421505515e-05	1.765696274275071489e-04	7.219809679086264332e-06	2.823808509206026599e-06	-6.886887671908118185e-05	1.446517311618602045e-04	-1.078774824551227435e-03	1.372410086260107904e-04	-1.716292269622518010e-04	-4.063014039723306694e-05	-2.545385981292564185e-04	-3.833302124473696100e-05	1.907560726804819818e-04	-2.526589448131432756e-05	1.978014247837485667e-04	1.215982632495752862e-05	-2.551013382615109604e-04	-1.749938241480170260e-04	-2.777688625294941313e-04	-2.620609714452154970e-04	1.471487538863989293e-03	2.582281798095670245e-05	1.631704560991756577e-05	1.712463709407771248e-04	1.819866263590264830e-05	2.239513106540359810e-05	6.309462819375984436e-05	6.318157246425165185e-05	-2.298555292450636819e-04	-2.128175003941958521e-04	1.758635670866482087e-05	-1.324101559763788273e-04	-5.791825815100958190e-06	1.102038213811820959e-03	-2.233046909483860868e-04	-2.327454221783031895e-04	1.517158506217628259e-04	4.498167445204507576e-06	1.634204385816221414e-04	-6.833179163651058297e-05	2.996855473442947536e-05	-2.183166212831538311e-04	5.052321134331742343e-05	1.267196584481266474e-05	-3.287065344198241020e-05	9.371529627867440491e-07	-5.528468135298960083e-05	-2.621802630162210399e-04	5.518139379604840186e-05	-3.794926453864085590e-05	4.775877109993315197e-05	1.868209982478905484e-05	-2.395815224374251578e-04	1.337065870088377344e-04	1.550814438950880061e-04	1.426373090192139658e-03	-2.094777832492584341e-04	1.314280203478082392e-04	-3.343709005677127679e-05	2.025329728524357948e-04	3.453795431885384480e-05
-2.794814576343628357e-02	3.219838469260802348e-04	4.134461311621698688e-04	1.375136177226336451e-02	6.184035338927922889e-05	5.594636208498381130e-05	-1.381102849851939367e-02	2.917534301600094022e-04	-2.047486717041647141e-04	9.920274222601607099e-05	2.193950201258771434e-04	-2.435303454892983515e-04	1.958782904686856682e-04	-7.682441681812050317e-04	-1.311119723338641935e-03	7.422998100254236649e-05	2.984162988915184931e-04	2.256031880850508720e-04	4.719697174222935903e-04	-5.298464951271864790e-04	2.137300169523983898e-04	-3.360839076444402254e-04	-4.312532491540511091e-04	2.582281798095670245e-05	1.418283283752279703e-02	-6.872620510470052804e-04	-1.012006382289616386e-03	6.513249419281495192e-05	-1.005100155610341110e-03	1.440517989519962336e-02	3.054182325986749130e-02	-6.700281975270226545e-04	4.413548703752660307e-04	2.301213326516848585e-04	2.215435185848697245e-04	-9.497044362076032410e-04	1.006382903004856980e-04	-1.438083381874663829e-04	6.157667057320314751e-05	-2.535410229018803338e-05	9.985653640276064306e-05	-1.148520299029877128e-03	-7.482138046072021138e-04	1.451389374394165127e-02	-6.140605485122667883e-04	3.048118902568270477e-02	1.452064212434489923e-02	-1.010616193998490654e-03	-1.362224042083501514e-02	-1.180832516031683896e-03	-8.254845835386889676e-04	3.042742885616219264e-02	-3.570264176873847676e-04	1.484942676312931559e-02	3.584553476991554199e-04	-2.109129466221810892e-04	-1.540913829657402279e-04	3.578852792613950752e-05	2.217184167215106454e-05	-1.965166861299239953e-04	-1.787703888231706255e-06	-1.076795739783946524e-03	-6.983172077363423991e-04	1.075664444980114028e-04
8.902382640828851272e-04	-5.957517044521157441e-03	-5.386179609514876504e-05	-2.435311478388014594e-04	5.887836827527033468e-03	6.148426355004323540e-05	5.081116889486087754e-04	-5.857402637859320318e-03	-4.024488915145624328e-06	-1.748559188955618737e-04	-3.120802537565399307e-04	8.535791995407348003e-05	-1.510993255389526718e-04	1.000075193384063519e-04	1.103430084691945268e-04	-1.990208106974772774e-04	7.190308674653392578e-05	-4.263753869413472187e-05	-3.082654567115282462e-04	6.350650742429040936e-05	-1.942579683878992007e-04	5.755972522344591477e-05	7.378797657601106092e-05	1.631704560991756577e-05	-6.872620510470052804e-04	5.894541630270911520e-03	6.113106663193654602e-03	-2.959430178454643730e-04	-1.147195257542863497e-04	-7.902539366502951777e-04	-1.314152457494931550e-03	6.473930456602668138e-03	4.279386027168315571e-05	8.537305346904419873e-05	-2.037411427642919651e-04	-2.782573647494945130e-06	-1.587682439657765309e-04	2.253707370647374287e-05	3.027823220275735903e-06	2.437454273302546966e-04	-2.632600913699774175e-04	6.077552978815091433e-03	5.780146564061913392e-03	-6.618130867985475441e-04	6.065830956762980827e-03	-1.137265666960674340e-03	-6.660221776995921836e-04	3.814086880216983210e-05	2.378639087568377617e-04	-1.600744124460182490e-05	6.128535685983705662e-03	-9.385425033973537499e-04	5.842206882169977654e-03	-3.062152283995213907e-04	8.443913666780525590e-05	-6.349479533347629837e-03	-2.003411915614024133e-05	-2.117198028179719828e-04	-1.716289019158582997e-04	8.624031535097908196e-05	-1.885089933555368158e-04	5.208763451969755827e-05	3.292857801364194837e-05	-6.864020040522969014e-05
1.389732427779045553e-03	-3.647634263672346402e-03	-7.450836786134939658e-04	-5.298462001378950216e-04	8.796682208727524960e-03	-6.788238036612130367e-06	6.731819193921454413e-04	-6.151508482153296431e-03	-1.458568315805289219e-05	-1.921781213363935037e-04	-9.182629139578067732e-04	6.350672843554876256e-05	-1.224383654344591427e-03	1.023260951114521571e-05	6.017756199763727343e-05	4.893639898093216740e-04	1.380746306522378630e-04	-4.785061931128419769e-04	-1.312650546902133231e-03	-1.452583635872711921e-05	-7.720110475152824718e-04	2.071330745356811452e-05	9.164044896737877409e-05	1.712463709407771248e-04	-1.012006382289616386e-03	6.113106663193654602e-03	9.843560469159927384e-03	-2.690284103520412871e-04	6.684167547342176330e-04	-8.423018509187332054e-04	-1.670741878046887044e-03	3.157990418005717989e-03	3.268629694758839056e-05	-7.308515634060066624e-04	-5.365958168362422627e-04	-1.476339895705184720e-05	-2.257849470673213815e-04	5.317007729531082522e-05	9.189549901817657343e-06	-3.019144814568172340e-05	-2.509642624228722828e-04	9.155440938057736455e-03	6.088340857656050591e-03	-9.224772042751142910e-04	3.629695007506835488e-03	-1.449467673581803472e-03	-7.543964205760996140e-04	-6.929711832560157391e-04	5.990325529800009756e-04	-7.485132026220614031e-04	3.072402996382510906e-03	-1.305110425129036959e-03	6.130357649038018983e-03	-2.942398928550992755e-04	2.614724837886316664e-04	-1.031376950138696014e-02	-3.312169524709390148e-05	1.429607101885053890e-04	-2.551013664906877690e-04	1.009060873753518531e-04	-6.087795664097216900e-04	-2.589614223886654290e-05	1.295611460641569939e-05	1.029611711294500234e-03
-4.413724877523943972e-04	2.629719146267293613e-04	3.451351326933274307e-05	6.513243924805932458e-05	-1.428167327827977481e-04	1.100263282227128365e-03	-3.651250018382186488e-04	1.812364384993677682e-04	2.629718239430927631e-04	2.862756210152879737e-05	-2.533560687649075914e-05	-2.959426684973914421e-04	-1.301695931030015464e-04	-2.441997022702736288e-04	5.319256733439580990e-06	8.541957892407498246e-05	3.451342919358206166e-05	-2.533568436582869668e-05	-1.070310568649892246e-04	-2.690275852834883661e-04	-5.657557826206535386e-05	-2.499942767427978051e-04	-2.272105209778480352e-04	1.819866263590264830e-05	6.513249419281495192e-05	-2.959430178454643730e-04	-2.690284103520412871e-04	1.460909230466778510e-03	-3.188194701127299789e-05	4.095561339848726150e-04	5.162123253956171862e-04	-2.970684376314788487e-04	-1.428159052329783598e-04	-1.301697107207843828e-04	-5.657571728964513988e-05	-3.188192241903504319e-05	1.122359555173727024e-05	-2.435981073078793599e-04	-1.439286754691543866e-04	-6.619424681580256102e-05	1.100263253930912300e-03	-2.442006029447119802e-04	-2.499946080880144231e-04	4.095562397634120800e-04	-2.435981255124842842e-04	5.378046911857649976e-04	1.153076509190856800e-04	-4.024529876800721977e-05	-3.651251218488930613e-04	5.319288447641160066e-06	-2.272104854450035191e-04	5.162123509406591794e-04	-1.439291529965600796e-04	1.153075873491634046e-04	-1.416637966913571016e-03	1.936804234112684783e-04	1.812360102790941830e-04	8.541954626365932360e-05	1.819868469406890919e-05	-2.970683951888192188e-04	-6.619424943724659780e-05	-4.024514438520410175e-05	1.936794593460542085e-04	1.458148343354084299e-04
1.943449585432932038e-03	-2.705336025089696297e-04	7.156437621037620069e-05	-9.497036430025200277e-04	-4.698313833202711221e-04	1.217687813678676288e-05	9.835449686867801366e-04	8.454493742785042828e-05	4.215588775859749844e-07	6.645464327556924362e-05	-9.307776978762895628e-04	-2.782018136236424194e-06	-2.117150551801282553e-03	-3.894294557207621943e-05	1.124198799920231886e-04	1.083590402422250631e-03	1.185395630546442076e-04	-8.841474415050047057e-04	-1.939061414317073875e-03	-1.476278188707338225e-05	-9.686272585294735532e-04	7.017807409643861134e-05	1.963860093865492634e-04	2.239513106540359810e-05	-1.005100155610341110e-03	-1.147195257542863497e-04	6.684167547342176330e-04	-3.188194701127299789e-05	2.582463258610065340e-03	-1.087255808793924708e-03	-2.251843110952749492e-03	-9.101858844417087683e-04	-4.652914734149507156e-05	-1.960029788557277920e-03	-9.015658977970706332e-04	1.745312504758493848e-04	2.838064503427418912e-05	2.085941950997583318e-04	6.988924608366170249e-05	-1.016294352808338151e-03	-4.558951277680728940e-05	-4.936419780983426200e-04	-3.329437446136958301e-05	-9.595784613876733949e-04	4.358257277730541511e-04	-2.142994359501803822e-03	-1.083957669330470148e-03	-4.705033469785008135e-05	9.751504466346300366e-04	-2.351302832230595628e-03	-7.151308840876585693e-04	-1.988180002472047722e-03	-3.140053379364425958e-06	-9.440137929538842520e-04	1.706627777220248219e-05	-7.142498952908221893e-04	3.742027223970009521e-06	1.051644424772444448e-03	-5.791733417833717115e-06	-2.536404417663500187e-06	-1.060320997248447462e-03	-1.200190438223740241e-04	2.118359426916875966e-05	2.319190408037640622e-03
-2.941284620321494431e-02	6.540523479829368639e-04	3.798114832526734187e-04	1.451389383046947784e-02	2.631743354372550374e-04	-1.023347093659284646e-04	-1.451776247196365568e-02	3.699064916006930201e-04	2.440311087339869787e-04	1.249292938436894211e-04	6.916568307095627627e-05	-6.618120243782096412e-04	-1.415382882554519235e-04	-1.198492076225883465e-03	-1.341884682287591227e-03	2.864581266991045642e-04	3.308137381430602980e-04	9.655634167192488548e-05	1.395047091310055553e-04	-9.224774690996294726e-04	7.294181632638636252e-05	-7.269644162135412537e-04	-8.659843571309172681e-04	6.309462819375984436e-05	1.440517989519962336e-02	-7.902539366502951777e-04	-8.423018509187332054e-04	4.095561339848726150e-04	-1.087255808793924708e-03	1.577874951615047122e-02	3.219977128986453718e-02	-1.102317241993597263e-03	1.044465309829491065e-04	-1.254909056156033344e-04	8.537521437667158113e-05	-9.595796385716864234e-04	1.245510622907110624e-04	-5.464043230760175533e-04	-3.076037036378185185e-04	-1.733350845624261733e-04	-7.982449106436033132e-05	-9.993510175404700466e-04	-8.347743552480151822e-04	1.534535580394242454e-02	-9.894268950630376400e-04	3.222849568694390737e-02	1.535566032659539670e-02	-1.121036207415901246e-03	-1.485135331417354945e-02	-1.192718855242286659e-03	-1.184100240368467965e-03	3.213939579696822868e-02	-4.211762320813674642e-04	1.520827231888889283e-02	1.068857827900213109e-04	-4.309674622411334812e-04	2.486501149632521336e-04	2.259448978563361311e-04	2.996862073404964600e-05	-7.085554600473385842e-04	-1.667730299467458182e-04	-1.173518915285615008e-03	-3.274426837492015177e-04	4.829212683020718370e-04
-6.176599594137589799e-02	8.304528803100209204e-04	8.744894788927958570e-04	3.042742866852749320e-02	6.490651078021345086e-04	-2.860587850146776700e-05	-3.050678081006826664e-02	4.532802603930155506e-04	1.848422993029798104e-04	2.404923975832397960e-04	2.948155019569168706e-04	-9.385402887657392623e-04	6.864310431736737981e-05	-1.865143503315152022e-03	-2.936352507357056687e-03	3.677973617228633618e-04	6.871997031267396572e-04	3.079213324357284219e-04	6.113849994455275048e-04	-1.305110982300721617e-03	3.081068815477485843e-04	-1.090273380243637902e-03	-1.564494739610807102e-03	6.318157246425165185e-05	3.054182325986749130e-02	-1.314152457494931550e-03	-1.670741878046887044e-03	5.162123253956171862e-04	-2.251843110952749492e-03	3.219977128986453718e-02	6.758709736245269162e-02	-1.641014610762324931e-03	8.128586232559074573e-04	7.528173537641317842e-05	2.878648407416218094e-04	-1.988182392060101195e-03	2.073708062632626306e-04	-8.806776358222066911e-04	-2.118312374531303448e-04	-2.084189499502540476e-04	3.403811623738333384e-05	-1.981904892698688886e-03	-1.443026063795841470e-03	3.213939547147945386e-02	-1.507581782292321008e-03	6.747544309900538329e-02	3.216711953855821288e-02	-2.240107644649121273e-03	-3.041776166991885452e-02	-2.570941179392952081e-03	-1.946253586344853098e-03	6.740915370556078978e-02	-5.867227652552734537e-04	3.212608307956012904e-02	5.032121347160288657e-04	-9.922052194320271461e-04	5.612511487872874464e-05	2.962266661476339272e-04	5.518157186138436982e-05	-1.173659128689320992e-03	-1.661283982250743414e-04	-2.423257396908401820e-03	-1.406440268022731734e-03	6.419006797506804840e-04
9.395372895334075034e-04	-9.331696305313224790e-03	6.514714128766166141e-04	-1.965187989163197282e-04	3.725834156220637038e-03	2.124381328875786143e-04	6.194659724343300330e-04	-6.456607653767543198e-03	4.976452184520689171e-05	-1.116878548704973244e-04	3.989541098165275915e-04	8.624013061883341802e-05	1.265921645546968892e-03	1.943757062809544245e-04	2.213615531902593579e-04	-1.128527714429967271e-03	1.622149621346828403e-05	5.591526686793764529e-04	1.004090693492343863e-03	1.009057094705692180e-04	5.247076036913232927e-04	7.576934826756245237e-05	4.590181261583976412e-05	-2.298555292450636819e-04	-6.700281975270226545e-04	6.473930456602668138e-03	3.157990418005717989e-03	-2.970684376314788487e-04	-9.101858844417087683e-04	-1.102317241993597263e-03	-1.641014610762324931e-03	1.099089765098254338e-02	1.011228716715442964e-05	1.271186971354056972e-03	2.772590087021884614e-04	-2.536924603374329909e-06	-1.859751928033339882e-04	-5.235210559255462756e-05	-3.831818004896794415e-05	7.147642664678940851e-04	-2.476938456107304737e-04	3.775747582315976125e-03	6.358394939980943628e-03	-7.085580520569155017e-04	9.582545112453337913e-03	-1.477124349460609337e-03	-9.096441145109691005e-04	8.636711874973536807e-04	1.170522815301399701e-04	7.262499526223935038e-04	1.031527187879993646e-02	-1.173664731626062295e-03	6.350935105582395518e-03	-5.824845682408576631e-04	-1.570455786298699551e-04	-3.157373957420377564e-03	3.039502268128211105e-05	-7.748824852444386639e-04	-2.094769431538948525e-04	6.935720083833087698e-05	3.783306322626437887e-04	1.943947442642208058e-04	1.283044123571633723e-04	-1.585757985109035066e-03
-6.781847337918342315e-04	-8.083627033013477255e-06	3.023632478197866154e-05	6.184045328235926984e-05	5.741756140587074846e-05	-1.333713342422159030e-04	-4.196902114719145392e-04	-3.335233978971023904e-05	-3.172850712956564942e-03	-1.976941596721551854e-04	-5.121299490634945162e-04	5.887836673042258669e-03	-8.021204909542062420e-04	9.169128908943335876e-03	2.519216106523709028e-04	1.961876417614219828e-04	4.418461623435814196e-04	-9.179185292111668483e-04	-1.381401963480808140e-03	8.796681938069754458e-03	-5.858328497727554153e-04	5.867738039133546177e-03	3.636743254227174475e-03	-2.128175003941958521e-04	4.413548703752660307e-04	4.279386027168315571e-05	3.268629694758839056e-05	-1.428159052329783598e-04	-4.652914734149507156e-05	1.044465309829491065e-04	8.128586232559074573e-04	1.011228716715442964e-05	8.933247534007090346e-03	-1.219069085772105055e-03	-8.020581851713494154e-04	-4.698310727395671720e-04	-2.124626209250259816e-04	3.159012525184206992e-03	5.959086347197883882e-03	-6.011770392795137176e-04	7.313416359491943909e-05	-9.755344997867124645e-06	-2.711199707343282925e-05	2.631750749192638132e-04	-4.110723084126600860e-05	7.515439477509587921e-04	7.268631580394713850e-04	-1.109378409603986067e-04	-3.628891225343412090e-04	-8.854724237221189105e-05	-7.930261861340227793e-05	6.490661776529375090e-04	-2.009096738801495550e-05	3.167194824195014016e-04	1.527063236310170161e-04	-7.768195788824322956e-05	-5.976010592086741097e-03	4.778710982619308652e-04	1.765693717317499652e-04	3.725834285542948578e-03	-6.647208744088420101e-05	4.106033474134952689e-04	-9.344415250086267680e-03	9.995595566758927897e-04
-2.813667795739044700e-04	-7.090789629626776183e-04	-1.909855620374716024e-03	1.958777372232970121e-04	-8.021159748552512654e-04	2.777153624114338706e-05	-1.442920767719645114e-04	2.068871102617515518e-04	-6.596777620464875508e-04	-7.878837133023653804e-04	2.891049612664028587e-02	-1.511026432433239123e-04	6.211296632953022812e-02	-3.591941757427061579e-04	-3.740288967568052513e-04	-3.137907847823428326e-02	-1.947254824046604216e-03	2.900260634692085684e-02	6.126763267922488709e-02	-1.224390018280430668e-03	2.892160389931305864e-02	-9.225180414119886312e-04	-1.133681779772875275e-03	1.758635670866482087e-05	2.301213326516848585e-04	8.537305346904419873e-05	-7.308515634060066624e-04	-1.301697107207843828e-04	-1.960029788557277920e-03	-1.254909056156033344e-04	7.528173537641317842e-05	1.271186971354056972e-03	-1.219069085772105055e-03	6.227922944549127426e-02	2.903000951226084037e-02	-2.117151833502584936e-03	-7.569291358026046653e-04	-1.705504801728426750e-03	-1.210452542705583046e-03	3.138832230832212800e-02	1.421670185336166912e-05	1.073341001418872949e-04	-6.792831320611462335e-04	-1.415392600204048534e-04	-1.666061234985194862e-03	-2.826386609022895876e-04	-2.100665816135416342e-04	2.895708352526772840e-03	-1.358149466215749068e-04	-5.169841536814211679e-04	-1.132128556298727610e-03	6.864205416263319780e-05	-9.753642478549568763e-04	-1.267199576373444951e-04	-1.448730620711575199e-04	1.467640278639711221e-03	4.443837780504280308e-04	-3.140882086694739284e-02	-4.063144295534254898e-05	1.265920479139094525e-03	3.133466024564817570e-02	2.797170850308663623e-03	1.969686626877118797e-03	-6.873495562358486466e-02
-3.573084800681948069e-04	-5.108885667394858583e-05	-9.276050644368614116e-04	2.137297236926310356e-04	-5.858307258790148480e-04	3.334475028967980412e-06	-1.808912985580926635e-04	3.448064048008595722e-04	-2.517072677300241255e-04	-4.240672544340524713e-04	1.335183439416307016e-02	-1.942592989056041912e-04	2.892160425983837657e-02	-3.845401024661136659e-04	-1.544797093658130610e-04	-1.495057162494958791e-02	-9.281931625629577867e-04	1.354104736578480572e-02	2.859154923203202636e-02	-7.720136551712797465e-04	1.348121820030889068e-02	-5.475559088339978847e-04	-5.774129744604974490e-04	-1.324101559763788273e-04	2.215435185848697245e-04	-2.037411427642919651e-04	-5.365958168362422627e-04	-5.657571728964513988e-05	-9.015658977970706332e-04	8.537521437667158113e-05	2.878648407416218094e-04	2.772590087021884614e-04	-8.020581851713494154e-04	2.903000951226084037e-02	1.391077723243482056e-02	-9.686275982039389745e-04	-2.560582726405330684e-04	-8.230420635989922412e-04	-6.949193446403416612e-04	1.447912224463110235e-02	2.208146531236007519e-06	-1.674309309428275881e-04	-5.698106030649521640e-04	7.294101198772323788e-05	-1.079725223578192981e-03	1.492758280918364858e-04	2.308775433608514354e-05	1.319007312080117469e-03	-1.739620307967294777e-04	-2.633105967581516813e-04	-8.648250247517718682e-04	3.081061076723970883e-04	-7.078066178415195423e-04	6.227981837838246753e-05	-6.485001009956291383e-05	8.877461104091243557e-04	3.480230088728788161e-04	-1.461621037794879653e-02	-1.749944737686900086e-04	5.247072108477159307e-04	1.459003616214608542e-02	1.264166692336073181e-03	1.154879471753481046e-03	-3.201163675324267960e-02
1.943451131119508599e-03	4.217580982976229943e-07	1.185393115123707062e-04	-1.005100733095985917e-03	-4.652968230796282288e-05	-4.558925172146757022e-05	9.751514102882624050e-04	3.742518408918847815e-06	-2.705333991630748738e-04	6.645450682023454109e-05	-8.841476350976581154e-04	-1.147193757099418876e-04	-1.960030199879753132e-03	-4.936413652397242738e-04	-2.351302555468485871e-03	1.051644636167866666e-03	7.156388657049883757e-05	-9.307782578022120307e-04	-1.939061888240143066e-03	6.684174275621970534e-04	-9.015659868463264497e-04	-3.329427755826779538e-05	-7.151313014279195518e-04	-5.791825815100958190e-06	-9.497044362076032410e-04	-2.782573647494945130e-06	-1.476339895705184720e-05	-3.188192241903504319e-05	1.745312504758493848e-04	-9.595796385716864234e-04	-1.988182392060101195e-03	-2.536924603374329909e-06	-4.698310727395671720e-04	-2.117151833502584936e-03	-9.686275982039389745e-04	2.582463233802201243e-03	2.838085847829150551e-05	4.358253197637781007e-04	-3.140076757451581302e-06	-1.060321704617186349e-03	1.217696477085498865e-05	-3.894389022181206822e-05	7.017719389040017060e-05	-1.087256405814415695e-03	2.085936183222917781e-04	-2.142996280953285253e-03	-9.440147536307309187e-04	-1.200194820973479406e-04	9.835457644536420470e-04	1.124191709118382393e-04	1.963851287185583113e-04	-2.251844303591288201e-03	6.988868933249991415e-05	-1.083958129086685018e-03	1.706631136618092827e-05	2.118378621741133172e-05	8.454489905512915446e-05	1.083590995835923432e-03	2.239525553665543258e-05	-9.101862331734983077e-04	-1.016294837220804237e-03	-4.705025908480314328e-05	-7.142502434253840578e-04	2.319191710991773663e-03
-1.835000802662166484e-04	1.454500812614198597e-04	1.113619722412545689e-06	1.006383456413626257e-04	-2.124624654047777179e-04	-1.960808176014059841e-06	-8.539906777349490544e-05	1.362266912724422623e-04	1.454505290078158901e-04	-1.179626044480370150e-03	-4.050787090175041183e-04	-1.587684808089772086e-04	-7.569291171258116973e-04	-2.400742089362241220e-04	-2.021916468513364741e-05	3.064606201652977945e-04	1.113456495684748274e-06	-4.050786778627167095e-04	-7.081297115061177452e-04	-2.257848638909572562e-04	-2.560581645936907619e-04	-2.490598110773822741e-04	-2.321712771784692605e-04	1.102038213811820959e-03	1.006382903004856980e-04	-1.587682439657765309e-04	-2.257849470673213815e-04	1.122359555173727024e-05	2.838064503427418912e-05	1.245510622907110624e-04	2.073708062632626306e-04	-1.859751928033339882e-04	-2.124626209250259816e-04	-7.569291358026046653e-04	-2.560582726405330684e-04	2.838085847829150551e-05	1.237596773374514698e-03	-1.828316108762682152e-04	-2.233324124087432731e-04	-4.893876808098276575e-04	-1.960813394900420186e-06	-2.400742014433035042e-04	-2.490597048388527445e-04	1.245509214047348101e-04	-1.828313083586811168e-04	2.179343703543034630e-04	8.172864195066803917e-05	-3.229766802316127560e-05	-8.539913264805731972e-05	-2.021909800347406714e-05	-2.321707416810172425e-04	2.073707296167574344e-04	-2.233321647328112092e-04	8.172859823224102151e-05	-1.021987097622091460e-05	2.167083139545004445e-04	1.362270207067492987e-04	3.064606564103814976e-04	1.102038219480452105e-03	-1.859757480003533688e-04	-4.893877656091188359e-04	-3.229777868612311554e-05	2.167084055746925091e-04	8.562531614060681605e-04
8.092510482255199124e-04	1.474883922918131168e-05	9.673864196477077889e-05	-6.140582229083574707e-04	-4.110750366907598092e-05	-2.460315372557550918e-04	4.853367071773875884e-05	3.172097242539362072e-05	-9.178874472093277725e-03	1.948495809799897005e-05	-7.658381759790102491e-04	6.065830949917737705e-03	-1.666062817973558083e-03	3.071523377244824403e-03	-5.227514586519864089e-04	7.486053950645815865e-04	-3.077916660410479109e-04	-8.933498523725161983e-04	-1.803789331583501195e-03	3.629694989342072825e-03	-1.079725462977951245e-03	6.037796620383959270e-03	9.158108396070188673e-03	-2.233046909483860868e-04	-1.438083381874663829e-04	2.253707370647374287e-05	5.317007729531082522e-05	-2.435981073078793599e-04	2.085941950997583318e-04	-5.464043230760175533e-04	-8.806776358222066911e-04	-5.235210559255462756e-05	3.159012525184206992e-03	-1.705504801728426750e-03	-8.230420635989922412e-04	4.358253197637781007e-04	-1.828316108762682152e-04	9.612209916821771311e-03	6.081160154362293298e-03	-1.127818772386525014e-03	2.302237145076277002e-04	-1.764888835689819990e-05	7.787794630557712500e-05	-9.894249872340733862e-04	1.639133765077232607e-04	-1.208584250957631372e-03	-4.150232199551854542e-04	-1.750320449373649057e-04	5.562619334977016161e-04	6.935788528837366228e-05	1.121413442224061222e-04	-1.507576666759785460e-03	2.747310436811909302e-05	-8.395735300861159860e-04	-1.521270905580207470e-04	1.674185777729734012e-05	-6.100839023952401088e-03	4.912905745144350699e-04	-2.183172334000757866e-04	9.582545266476106410e-03	-7.479583620149184327e-04	-5.634934066806745762e-04	-3.774664991642028965e-03	1.808379935075969062e-03
2.291993010216293613e-04	3.103072187986983117e-05	5.982543828397123329e-05	-3.570252663584982098e-04	-2.009114601444786873e-05	-1.442319134832764432e-04	-1.032508283288719402e-04	2.822127038868472201e-05	-5.888325471952718035e-03	-6.828178696333398183e-05	-5.222352905864210450e-04	5.842206821948327938e-03	-9.753675465792139513e-04	6.051502225894128326e-03	-1.389886806523976627e-04	3.457608986055654698e-04	6.868556516625774387e-05	-7.807245756862092080e-04	-1.336793241901475596e-03	6.130357521023540625e-03	-7.078079806028605980e-04	5.776022606563936679e-03	6.102780437548804837e-03	-2.327454221783031895e-04	6.157667057320314751e-05	3.027823220275735903e-06	9.189549901817657343e-06	-1.439286754691543866e-04	6.988924608366170249e-05	-3.076037036378185185e-04	-2.118312374531303448e-04	-3.831818004896794415e-05	5.959086347197883882e-03	-1.210452542705583046e-03	-6.949193446403416612e-04	-3.140076757451581302e-06	-2.233324124087432731e-04	6.081160154362293298e-03	5.889185280425909830e-03	-7.257560326293663669e-04	1.849280124402582983e-04	-3.809257417157297179e-05	-2.397414903502185158e-06	-4.211749188018823042e-04	2.747329042262538075e-05	-3.949202101425573199e-04	6.513972717981935821e-05	-1.138339723325642423e-04	1.766584741188918263e-04	5.279848823471012587e-06	-4.002716607536331540e-06	-5.867197336801960013e-04	-2.280405856217071118e-05	-3.329698588535592516e-04	-4.464830336350678356e-05	1.739953050540064662e-05	-5.856760673149938486e-03	3.720769774741933223e-04	-3.794967504076253071e-05	6.350935287020072900e-03	-2.750355780969199692e-04	-3.208757216837920383e-05	-6.467965943603528646e-03	1.121890603329662442e-03
9.056009740282799101e-05	-4.306818654247260552e-04	-9.868258761904903729e-04	-1.788206527556114556e-06	-6.646980939457241904e-05	2.281809812075792515e-05	6.478874912339880156e-05	-1.114258124981517509e-04	-1.003490913606384666e-04	-3.186637863224823413e-04	1.492726314247438263e-02	-1.885108464211117168e-04	3.133466002827074715e-02	-1.519322775401868995e-04	-1.839484051787371275e-04	-1.571026089731514599e-02	-9.566543747170008424e-04	1.459601278012292308e-02	3.086018832772483012e-02	-6.087830008207863663e-04	1.459003585917965223e-02	-5.729205383591097706e-04	-8.014234799793682092e-04	1.517158506217628259e-04	-2.535410229018803338e-05	2.437454273302546966e-04	-3.019144814568172340e-05	-6.619424681580256102e-05	-1.016294352808338151e-03	-1.733350845624261733e-04	-2.084189499502540476e-04	7.147642664678940851e-04	-6.011770392795137176e-04	3.138832230832212800e-02	1.447912224463110235e-02	-1.060321704617186349e-03	-4.893876808098276575e-04	-1.127818772386525014e-03	-7.257560326293663669e-04	1.624760474547834455e-02	-2.012371659645370873e-05	4.138615297485775382e-04	-1.352843661844296765e-04	-1.667734753329006415e-04	-7.479571534341480313e-04	-3.585088843850169375e-04	-2.086007918496724498e-04	1.410138048318898161e-03	3.311229712536152320e-05	-2.158625477688439430e-04	-4.768637147157469311e-04	-1.661290588357634856e-04	-2.750337262654281079e-04	-1.322629195568380796e-04	-3.682881531882989954e-05	3.448442496474103496e-04	3.345449389586846087e-04	-1.585199952370367274e-02	1.314274209273891768e-04	3.783297681197569299e-04	1.581815544621355957e-02	1.454793275468432585e-03	9.888498116925339108e-04	-3.470747216324013978e-02
1.371855944541352444e-05	2.517040107508251986e-04	2.382228332588143279e-05	5.594702295272016698e-05	-1.333718810809557203e-04	1.194494613080480201e-03	6.190481937216519193e-05	1.649085959900209127e-04	-2.168901390412020192e-04	-1.550382175162326498e-06	2.068460665512463436e-05	6.148452339272855412e-05	2.777180384678462990e-05	-4.649032770859335204e-06	-5.238606571493455486e-05	9.785127578416691514e-07	1.968715990996482674e-06	2.318330983732874495e-05	3.228520759712055820e-05	-6.787570750440092079e-06	3.334606493965606506e-06	8.189091475043683277e-05	2.044557376266970612e-04	4.498167445204507576e-06	9.985653640276064306e-05	-2.632600913699774175e-04	-2.509642624228722828e-04	1.100263253930912300e-03	-4.558951277680728940e-05	-7.982449106436033132e-05	3.403811623738333384e-05	-2.476938456107304737e-04	7.313416359491943909e-05	1.421670185336166912e-05	2.208146531236007519e-06	1.217696477085498865e-05	-1.960813394900420186e-06	2.302237145076277002e-04	1.849280124402582983e-04	-2.012371659645370873e-05	1.240391281389100148e-03	-1.950516412523003236e-04	-2.401372767069664439e-04	-1.023338781350914680e-04	-2.460315110311640709e-04	2.232356870187492224e-05	1.344227131599181994e-04	-9.825322790535176228e-06	1.196395940518152237e-04	3.720037201183332186e-05	-2.262821293038063362e-04	-2.860427320540498083e-05	-1.442322002551392642e-04	9.300307166401123628e-05	-1.080856685633380413e-03	1.755870794179830656e-04	-1.724744075899688179e-04	-2.375503879598087835e-05	7.219847622865898969e-06	2.124381475274339146e-04	2.281827260585061692e-05	-3.734624089606034019e-05	-9.286827936934814991e-05	-5.269306926313622021e-07
1.758389203775708072e-03	-3.080642850541163297e-03	4.019518654166023136e-04	-7.682432843939012747e-04	9.169129166273843473e-03	-4.649714545007998810e-06	8.406594265889247774e-04	-6.069046804265575829e-03	-4.289657785018328876e-05	-2.264652188701459868e-04	-5.400635149690991791e-04	1.000073042625607774e-04	-3.591888887204696974e-04	9.872589271065702519e-05	1.199479680059528967e-04	1.970775996884349749e-05	6.867380349915840087e-05	-1.167545042931177767e-04	-5.536412461305163660e-04	1.023206323252656848e-05	-3.845377558868159299e-04	2.670482473749167970e-05	7.573527186272378581e-05	1.634204385816221414e-04	-1.148520299029877128e-03	6.077552978815091433e-03	9.155440938057736455e-03	-2.442006029447119802e-04	-4.936419780983426200e-04	-9.993510175404700466e-04	-1.981904892698688886e-03	3.775747582315976125e-03	-9.755344997867124645e-06	1.073341001418872949e-04	-1.674309309428275881e-04	-3.894389022181206822e-05	-2.400742014433035042e-04	-1.764888835689819990e-05	-3.809257417157297179e-05	4.138615297485775382e-04	-1.950516412523003236e-04	9.688347545835043761e-03	6.068255687417719799e-03	-1.198491642384881713e-03	3.071523310664485071e-03	-1.909296061067110349e-03	-9.435965136717048857e-04	6.776920269596306296e-04	8.015981354520397128e-04	5.880452613342614532e-04	3.695993382127335698e-03	-1.865142150932741971e-03	6.051502304724771727e-03	-5.547557375835811093e-04	2.132693372866673260e-04	-9.484365911838699842e-03	-3.014866159420890806e-05	-3.268156995732197142e-04	-2.545387959372382727e-04	1.943758008774423753e-04	-1.519294273309437446e-04	1.928338600512307017e-04	1.184938853895494966e-04	-2.356742991030117204e-05
1.023017377329464746e-03	-5.842353855715695134e-03	4.123410445047136908e-05	-3.360847065157155636e-04	5.867737970574910845e-03	8.189056117490608121e-05	5.703272121849480274e-04	-5.839890789301307832e-03	-1.599126800163134106e-05	-5.451374273423728416e-05	-6.640338924611994143e-04	5.755976250236916281e-05	-9.225146936003788840e-04	2.670507403608727464e-05	7.854952870534657550e-05	2.221355628432585320e-04	7.931114461083127150e-05	-3.872179250804787210e-04	-1.062928940174170597e-03	2.071299988865153198e-05	-5.475545500476801559e-04	4.813965305588640105e-05	8.965870605527288329e-05	-6.833179163651058297e-05	-7.482138046072021138e-04	5.780146564061913392e-03	6.088340857656050591e-03	-2.499946080880144231e-04	-3.329437446136958301e-05	-8.347743552480151822e-04	-1.443026063795841470e-03	6.358394939980943628e-03	-2.711199707343282925e-05	-6.792831320611462335e-04	-5.698106030649521640e-04	7.017719389040017060e-05	-2.490597048388527445e-04	7.787794630557712500e-05	-2.397414903502185158e-06	-1.352843661844296765e-04	-2.401372767069664439e-04	6.068255687417719799e-03	5.815082036912192116e-03	-7.269653071755331547e-04	6.037796008461676460e-03	-1.267338983734674464e-03	-7.461421558412864759e-04	4.272064934006619772e-05	2.986236771592189199e-04	1.340485760353572189e-05	6.120611868319049235e-03	-1.090275321671399294e-03	5.776022260501388270e-03	-3.661601120024891832e-04	5.415691010853635953e-05	-6.322585941172160530e-03	5.347698439649328268e-06	1.691364041342836974e-04	-2.777686476274608966e-04	7.576969810687174801e-05	-5.729186307961199338e-04	-5.470713743128117514e-07	6.397259624772366955e-05	7.829958010540818795e-04
-2.941284422238786556e-02	2.440334728254516157e-04	3.308132735954336947e-04	1.440517796762510322e-02	1.044459030863103031e-04	-7.982511384097430154e-05	-1.485135298653968150e-02	2.486515641424337378e-04	6.540502440271426642e-04	1.249292981163445675e-04	9.655615536369159958e-05	-7.902530251421050703e-04	-1.254912132986997020e-04	-9.993515474588966774e-04	-1.192720599554292042e-03	2.259453071690987157e-04	3.798116888391389135e-04	6.916521320033576915e-05	1.395039520492592756e-04	-8.423016684061919923e-04	8.537507279088153256e-05	-8.347736076908292150e-04	-1.184098763126981060e-03	2.996855473442947536e-05	1.451389374394165127e-02	-6.618130867985475441e-04	-9.224772042751142910e-04	4.095562397634120800e-04	-9.595784613876733949e-04	1.534535580394242454e-02	3.213939547147945386e-02	-7.085580520569155017e-04	2.631750749192638132e-04	-1.415392600204048534e-04	7.294101198772323788e-05	-1.087256405814415695e-03	1.245509214047348101e-04	-9.894249872340733862e-04	-4.211749188018823042e-04	-1.667734753329006415e-04	-1.023338781350914680e-04	-1.198491642384881713e-03	-7.269653071755331547e-04	1.577874743047815581e-02	-5.464064876263596869e-04	3.222849351338460955e-02	1.520827225431754977e-02	-1.173518201315886834e-03	-1.451776079226441314e-02	-1.341883449240403219e-03	-8.659864905048173314e-04	3.219976721275549791e-02	-3.076051205250435790e-04	1.535565835151257372e-02	1.068856897464623559e-04	-3.274415900227083554e-04	3.699051102952095600e-04	2.864583829206036056e-04	6.309480971556600268e-05	-1.102315315139749344e-03	-1.733350519642000258e-04	-1.121037258817212962e-03	-4.309689621480665661e-04	4.829218026926758163e-04
8.092560230636663791e-04	-9.178874395599660729e-03	-3.077924941905314706e-04	-1.438106278331561171e-04	3.159011791627574887e-03	2.302235521381127315e-04	5.562644440799402457e-04	-6.100838726599303215e-03	1.474874005021135689e-05	1.948406011909923860e-05	-8.933493093509721266e-04	2.253744582160984475e-05	-1.705503075506560346e-03	-1.764828534871864041e-05	6.935850617763975631e-05	4.912890058216474228e-04	9.673881047707046056e-05	-7.658374050625109918e-04	-1.803788012147797271e-03	5.317017749062486625e-05	-8.230415371371852581e-04	7.787830664312373700e-05	1.121418312225629305e-04	-2.183166212831538311e-04	-6.140605485122667883e-04	6.065830956762980827e-03	3.629695007506835488e-03	-2.435981255124842842e-04	4.358257277730541511e-04	-9.894268950630376400e-04	-1.507581782292321008e-03	9.582545112453337913e-03	-4.110723084126600860e-05	-1.666061234985194862e-03	-1.079725223578192981e-03	2.085936183222917781e-04	-1.828313083586811168e-04	1.639133765077232607e-04	2.747329042262538075e-05	-7.479571534341480313e-04	-2.460315110311640709e-04	3.071523310664485071e-03	6.037796008461676460e-03	-5.464064876263596869e-04	9.612208998571264429e-03	-1.208588931727604815e-03	-8.395756763686186216e-04	-5.634925360227770186e-04	4.853629348709585659e-05	-5.227514638400097054e-04	9.158107362058014178e-03	-8.806825486971793081e-04	6.081159311597774536e-03	-4.150256008857480783e-04	-1.521267988334148763e-04	-3.774664324838979991e-03	3.172077887684979051e-05	7.486042727160744856e-04	-2.233039470810894425e-04	-5.235150133256876175e-05	-1.127817604318699391e-03	-1.750312457492024531e-04	1.674209594482406975e-05	1.808376970427888432e-03
-6.171783389225223709e-02	5.491307639183546762e-04	7.068138763679267245e-04	3.048118698633749124e-02	7.515419906087196121e-04	2.232200481678092669e-05	-3.042839678192914288e-02	2.581047073307777108e-04	5.491256745559721947e-04	2.171749877516639810e-04	1.218132646990227857e-04	-1.137263206002011359e-03	-2.826379462043816901e-04	-1.909296675852540162e-03	-2.696279899184761148e-03	4.803547498766913429e-04	7.068146065735380875e-04	1.218129940589226384e-04	2.437533351209808063e-04	-1.449467237166091309e-03	1.492764163944368871e-04	-1.267336775218328316e-03	-1.799248419584735916e-03	5.052321134331742343e-05	3.048118902568270477e-02	-1.137265666960674340e-03	-1.449467673581803472e-03	5.378046911857649976e-04	-2.142994359501803822e-03	3.222849568694390737e-02	6.747544309900538329e-02	-1.477124349460609337e-03	7.515439477509587921e-04	-2.826386609022895876e-04	1.492758280918364858e-04	-2.142996280953285253e-03	2.179343703543034630e-04	-1.208584250957631372e-03	-3.949202101425573199e-04	-3.585088843850169375e-04	2.232356870187492224e-05	-1.909296061067110349e-03	-1.267338983734674464e-03	3.222849351338460955e-02	-1.208588931727604815e-03	6.767825963162268921e-02	3.225177342159792071e-02	-2.452114366512084167e-03	-3.042839529167257195e-02	-2.696276728703281365e-03	-1.799252701327340269e-03	6.747543906097358546e-02	-3.949235262508460549e-04	3.225177140062963910e-02	5.589763166453552094e-04	-1.252603112954981442e-03	2.581012932849307390e-04	4.803547959630116498e-04	5.052355526917284942e-05	-1.477119225247511009e-03	-3.585082615775038559e-04	-2.452116197006340773e-03	-1.252606259956995025e-03	1.028219878273230539e-03
-2.936035731581888159e-02	4.751015845316658177e-04	3.187953540238143597e-04	1.484942668476864867e-02	3.167187699434793197e-04	9.300235486606975863e-05	-1.435425297461240257e-02	2.450776089233361907e-04	1.030751207810679524e-04	1.052034030844190080e-04	5.419098287436942534e-05	-3.062138729076311098e-04	-1.267196518129500677e-04	-5.547557359362586399e-04	-1.390994005936261029e-03	2.532352458959703442e-04	3.258492019292940495e-04	2.109531088036234708e-05	7.890460220729304049e-05	-2.942395278651837058e-04	6.228011441737038752e-05	-3.661588501003906889e-04	-7.516533653927179488e-04	1.267196584481266474e-05	1.452064212434489923e-02	-6.660221776995921836e-04	-7.543964205760996140e-04	1.153076509190856800e-04	-1.083957669330470148e-03	1.535566032659539670e-02	3.216711953855821288e-02	-9.096441145109691005e-04	7.268631580394713850e-04	-2.100665816135416342e-04	2.308775433608514354e-05	-9.440147536307309187e-04	8.172864195066803917e-05	-4.150232199551854542e-04	6.513972717981935821e-05	-2.086007918496724498e-04	1.344227131599181994e-04	-9.435965136717048857e-04	-7.461421558412864759e-04	1.520827225431754977e-02	-8.395756763686186216e-04	3.225177342159792071e-02	1.580267264411207295e-02	-1.159206550345225203e-03	-1.445104395998923416e-02	-1.237679692160430526e-03	-1.091355079032844738e-03	3.212608321730051758e-02	-3.329713121244480805e-04	1.536001556262072895e-02	4.405874254769046733e-04	-5.360640207693168719e-04	-1.422553872580397760e-04	2.625239032045142387e-04	4.775886157745307125e-05	-5.824818934988098065e-04	-1.322626322320066448e-04	-1.196170322466275126e-03	-1.071613890210961926e-03	5.543835346441049021e-04
2.040304613847295639e-03	5.071492609273099564e-04	2.355313344391807111e-03	-1.076794481752873763e-03	4.106040210563461886e-04	-3.734633693752845352e-05	9.831304409208371960e-04	3.819202120724947403e-05	2.996640802051713035e-05	-8.199400217738978024e-05	1.204591558475536514e-03	5.208703741771393786e-05	2.797172342644250326e-03	1.928333716802384549e-04	2.811462040979389294e-04	-1.526238333898009142e-03	-7.409700306118233539e-05	1.294196467302558256e-03	2.673930896612322292e-03	-2.589676947480457032e-05	1.264167509486655624e-03	-5.476860245994562076e-07	2.526208315581402822e-05	-3.287065344198241020e-05	-1.010616193998490654e-03	3.814086880216983210e-05	-6.929711832560157391e-04	-4.024529876800721977e-05	-4.705033469785008135e-05	-1.121036207415901246e-03	-2.240107644649121273e-03	8.636711874973536807e-04	-1.109378409603986067e-04	2.895708352526772840e-03	1.319007312080117469e-03	-1.200194820973479406e-04	-3.229766802316127560e-05	-1.750320449373649057e-04	-1.138339723325642423e-04	1.410138048318898161e-03	-9.825322790535176228e-06	6.776920269596306296e-04	4.272064934006619772e-05	-1.173518201315886834e-03	-5.634925360227770186e-04	-2.452114366512084167e-03	-1.159206550345225203e-03	3.045807163132829929e-03	1.046474520147059467e-03	2.833530761328918973e-04	7.928291910271659769e-04	-2.423255523749695550e-03	-3.208682646857213843e-05	-1.196169680491119148e-03	-4.914665943483271463e-05	9.625040326299548216e-04	6.305785585252405353e-05	-1.490292616871793496e-03	-3.343710053388484506e-05	1.943943160094209921e-04	1.454793998875496220e-03	5.404837857921893692e-04	3.340107747590286696e-04	-3.344056053748188824e-03
2.797239234054717943e-02	2.581153215652590171e-04	-3.714833547249839045e-04	-1.381102688474877827e-02	-4.196895556747871621e-04	6.190546970001077620e-05	1.376950218290965040e-02	1.605675298243484526e-04	-2.686686914091102594e-04	-1.205927424116148914e-04	-1.836123070160744996e-04	5.081106591226289661e-04	-1.442921082286733854e-04	8.406600346775251927e-04	1.183781591823036827e-03	-6.020226812506293443e-05	-4.207848855281774800e-04	-1.789788531044802264e-04	-3.729232499852197470e-04	6.731819422855413876e-04	-1.808914704392819580e-04	5.703262160502896522e-04	7.574520436373810735e-04	9.371529627867440491e-07	-1.362224042083501514e-02	2.378639087568377617e-04	5.990325529800009756e-04	-3.651251218488930613e-04	9.751504466346300366e-04	-1.485135331417354945e-02	-3.041776166991885452e-02	1.170522815301399701e-04	-3.628891225343412090e-04	-1.358149466215749068e-04	-1.739620307967294777e-04	9.835457644536420470e-04	-8.539913264805731972e-05	5.562619334977016161e-04	1.766584741188918263e-04	3.311229712536152320e-05	1.196395940518152237e-04	8.015981354520397128e-04	2.986236771592189199e-04	-1.451776079226441314e-02	4.853629348709585659e-05	-3.042839529167257195e-02	-1.445104395998923416e-02	1.046474520147059467e-03	1.420572320106086583e-02	1.249501901849232530e-03	2.679069544205368988e-04	-3.050677751325149567e-02	-1.032492647345853551e-04	-1.435425130489350123e-02	-1.610383596092336659e-05	6.147229921082228866e-04	-1.334391171881028708e-04	-9.684462092803939627e-05	2.823810669372179524e-06	6.194636196339173111e-04	6.478870010520361834e-05	9.831318262773704620e-04	4.964623062307499911e-04	-1.447144273935741150e-04
2.537162061063424207e-03	6.520480584031179694e-04	1.237706366982356814e-04	-1.311118185212046660e-03	2.519214557443629323e-04	-5.238606448123869048e-05	1.183780231005671134e-03	1.690223713946930847e-04	-1.200379144404566003e-04	-2.186986666237526441e-05	-2.192077731382856959e-04	1.103428029642576744e-04	-3.740304405812430602e-04	1.199478720010338755e-04	1.676483533455411993e-04	1.758049440926063916e-04	-4.831312709994796043e-05	-2.888199709451901888e-04	-5.394125376105492501e-04	6.017707639984034207e-05	-1.544802290472862085e-04	7.854909175286643632e-05	1.465320104740596612e-04	-5.528468135298960083e-05	-1.180832516031683896e-03	-1.600744124460182490e-05	-7.485132026220614031e-04	5.319288447641160066e-06	-2.351302832230595628e-03	-1.192718855242286659e-03	-2.570941179392952081e-03	7.262499526223935038e-04	-8.854724237221189105e-05	-5.169841536814211679e-04	-2.633105967581516813e-04	1.124191709118382393e-04	-2.021909800347406714e-05	6.935788528837366228e-05	5.279848823471012587e-06	-2.158625477688439430e-04	3.720037201183332186e-05	5.880452613342614532e-04	1.340485760353572189e-05	-1.341883449240403219e-03	-5.227514638400097054e-04	-2.696276728703281365e-03	-1.237679692160430526e-03	2.833530761328918973e-04	1.249501901849232530e-03	2.938880393673751201e-03	8.222811806918007248e-04	-2.936349534381456176e-03	-1.389887784617766940e-04	-1.390992742005133734e-03	-5.275916763980541279e-05	1.131666558153659064e-03	-3.340141065215177662e-05	1.205744195269053498e-04	-3.833324904904210470e-05	2.213615787587519665e-04	-1.839492336148825760e-04	2.811465880569014269e-04	1.691480130473744744e-04	3.646134528463114075e-04
1.280159365652811746e-03	-8.713473699387856014e-03	8.528864906404951029e-04	-4.312552552085978158e-04	3.636742506661095990e-03	2.044555801429711857e-04	7.574541960547300293e-04	-6.114083726245850975e-03	-1.172909000530432213e-05	1.667569578171109444e-05	-6.871200111707286701e-04	7.378793117395622385e-05	-1.133681637660332621e-03	7.573538940059583988e-05	1.465323106785724398e-04	1.707508023561842632e-04	3.492853277546857378e-05	-5.300194352752150232e-04	-1.352809953665280382e-03	9.164004030721425520e-05	-5.774129366581578484e-04	8.965852343112608053e-05	1.130667000057761814e-04	-2.621802630162210399e-04	-8.254845835386889676e-04	6.128535685983705662e-03	3.072402996382510906e-03	-2.272104854450035191e-04	-7.151308840876585693e-04	-1.184100240368467965e-03	-1.946253586344853098e-03	1.031527187879993646e-02	-7.930261861340227793e-05	-1.132128556298727610e-03	-8.648250247517718682e-04	1.963851287185583113e-04	-2.321707416810172425e-04	1.121413442224061222e-04	-4.002716607536331540e-06	-4.768637147157469311e-04	-2.262821293038063362e-04	3.695993382127335698e-03	6.120611868319049235e-03	-8.659864905048173314e-04	9.158107362058014178e-03	-1.799252701327340269e-03	-1.091355079032844738e-03	7.928291910271659769e-04	2.679069544205368988e-04	8.222811806918007248e-04	9.921805782106402766e-03	-1.564499445831045703e-03	6.102779529670576512e-03	-7.516557270412689302e-04	-2.034959650820051581e-04	-3.064129143196444791e-03	4.039472412424113286e-05	4.251213183068660922e-04	-2.620603989485321907e-04	4.590216770405178553e-05	-8.014232621520638380e-04	2.526280397985239542e-05	1.174250066940156300e-04	1.080609279885116555e-03
-6.176599234809559968e-02	1.848476084416940282e-04	6.871986998068786538e-04	3.054181946348068916e-02	8.128572212927064359e-04	3.403654912643656655e-05	-3.041776141073331344e-02	5.612835209406337965e-05	8.304478013334665957e-04	2.404923657891421137e-04	3.079211823043292474e-04	-1.314150504111668031e-03	7.528167416963245937e-05	-1.981906642868927221e-03	-2.570944782066397673e-03	2.962269091045919732e-04	8.744897758388175566e-04	2.948150331610125937e-04	6.113843271125915437e-04	-1.670741884767493104e-03	2.878648349019812978e-04	-1.443024188411031567e-03	-1.946249524226042939e-03	5.518139379604840186e-05	3.042742885616219264e-02	-9.385425033973537499e-04	-1.305110425129036959e-03	5.162123509406591794e-04	-1.988180002472047722e-03	3.213939579696822868e-02	6.740915370556078978e-02	-1.173664731626062295e-03	6.490661776529375090e-04	6.864205416263319780e-05	3.081061076723970883e-04	-2.251844303591288201e-03	2.073707296167574344e-04	-1.507576666759785460e-03	-5.867197336801960013e-04	-1.661290588357634856e-04	-2.860427320540498083e-05	-1.865142150932741971e-03	-1.090275321671399294e-03	3.219976721275549791e-02	-8.806825486971793081e-04	6.747543906097358546e-02	3.212608321730051758e-02	-2.423255523749695550e-03	-3.050677751325149567e-02	-2.936349534381456176e-03	-1.564499445831045703e-03	6.758708938786286979e-02	-2.118343436223100139e-04	3.216711557551078099e-02	5.032120684385569653e-04	-1.406437916494297953e-03	4.532772485534180044e-04	3.677976260465279888e-04	6.318187775371734277e-05	-1.641010111864630227e-03	-2.084186115891283899e-04	-2.240110631974117587e-03	-9.922080595359801612e-04	6.419010728400104506e-04
2.292022590647252033e-04	-5.888325353405665652e-03	6.868473606620963308e-05	6.157530030382020122e-05	5.959085709951564801e-03	1.849275552168302072e-04	1.766600103956324675e-04	-5.856760279618860102e-03	3.103075805176250821e-05	-6.828249094829282387e-05	-7.807236563261426166e-04	3.027894803922934877e-06	-1.210449722878654231e-03	-3.809238566209075070e-05	5.280103005790315893e-06	3.720750634484446635e-04	5.982572119401899819e-05	-5.222338439006520353e-04	-1.336790345036702361e-03	9.189370007564985160e-06	-6.949181054468982731e-04	-2.397376008825422082e-06	-4.002535232978055512e-06	-3.794926453864085590e-05	-3.570264176873847676e-04	5.842206882169977654e-03	6.130357649038018983e-03	-1.439291529965600796e-04	-3.140053379364425958e-06	-4.211762320813674642e-04	-5.867227652552734537e-04	6.350935105582395518e-03	-2.009096738801495550e-05	-9.753642478549568763e-04	-7.078066178415195423e-04	6.988868933249991415e-05	-2.233321647328112092e-04	2.747310436811909302e-05	-2.280405856217071118e-05	-2.750337262654281079e-04	-1.442322002551392642e-04	6.051502304724771727e-03	5.776022260501388270e-03	-3.076051205250435790e-04	6.081159311597774536e-03	-3.949235262508460549e-04	-3.329713121244480805e-04	-3.208682646857213843e-05	-1.032492647345853551e-04	-1.389887784617766940e-04	6.102779529670576512e-03	-2.118343436223100139e-04	5.889184550863805524e-03	6.513797031056735081e-05	-4.464787231295186707e-05	-6.467965347096400232e-03	2.822124214393981374e-05	3.457589811130207334e-04	-2.327452107900426152e-04	-3.831782754946064533e-05	-7.257544465501428958e-04	-1.138333835450056574e-04	1.739975833646479440e-05	1.121886595580551997e-03
-2.936035541331313142e-02	1.030775731025294114e-04	3.258485828891239050e-04	1.452064022986418804e-02	7.268619811688724732e-04	1.344219419490331698e-04	-1.445104370592857103e-02	-1.422536358003296565e-04	4.750995733531559540e-04	1.052034056487028627e-04	2.109537602110691824e-05	-6.660213119103854714e-04	-2.100663146909776129e-04	-9.435970899112108672e-04	-1.237681346737947840e-03	2.625238829689838108e-04	3.187955402421282407e-04	5.419098316141745283e-05	7.890457727178401992e-05	-7.543961700441695600e-04	2.308792176074575894e-05	-7.461412630831705615e-04	-1.091353406589812801e-03	4.775877109993315197e-05	1.484942676312931559e-02	-3.062152283995213907e-04	-2.942398928550992755e-04	1.153075873491634046e-04	-9.440137929538842520e-04	1.520827231888889283e-02	3.212608307956012904e-02	-5.824845682408576631e-04	3.167194824195014016e-04	-1.267199576373444951e-04	6.227981837838246753e-05	-1.083958129086685018e-03	8.172859823224102151e-05	-8.395735300861159860e-04	-3.329698588535592516e-04	-1.322629195568380796e-04	9.300307166401123628e-05	-5.547557375835811093e-04	-3.661601120024891832e-04	1.535565835151257372e-02	-4.150256008857480783e-04	3.225177140062963910e-02	1.536001556262072895e-02	-1.196169680491119148e-03	-1.435425130489350123e-02	-1.390992742005133734e-03	-7.516557270412689302e-04	3.216711557551078099e-02	6.513797031056735081e-05	1.580267078123380464e-02	4.405875018392348694e-04	-1.071612395383553153e-03	2.450762823058993565e-04	2.532353433826868517e-04	1.267222822307996073e-05	-9.096424301780240643e-04	-2.086003092551650707e-04	-1.159207905692073628e-03	-5.360655674020689716e-04	5.543835157631518944e-04
-3.885068921536513533e-04	1.110418440405083664e-04	-6.396467010381283805e-05	3.584553818247886202e-04	1.527069120520200196e-04	-1.080856704250147179e-03	-1.610394464146907640e-05	-6.264427385160119114e-06	1.110421676659731447e-04	-1.339724379414743421e-05	-8.226047010668331944e-05	8.443886234076286405e-05	-1.448730222934463386e-04	2.132688075712569557e-04	-5.275914535820385440e-05	9.090257433802122504e-05	-6.396458206383328878e-05	-8.226043354052189796e-05	-1.514762329773765921e-04	2.614719600007253892e-04	-6.485000855109275368e-05	5.415658653973300324e-05	-2.034961852953615243e-04	1.868209982478905484e-05	3.584553476991554199e-04	8.443913666780525590e-05	2.614724837886316664e-04	-1.416637966913571016e-03	1.706627777220248219e-05	1.068857827900213109e-04	5.032121347160288657e-04	-1.570455786298699551e-04	1.527063236310170161e-04	-1.448730620711575199e-04	-6.485001009956291383e-05	1.706631136618092827e-05	-1.021987097622091460e-05	-1.521270905580207470e-04	-4.464830336350678356e-05	-3.682881531882989954e-05	-1.080856685633380413e-03	2.132693372866673260e-04	5.415691010853635953e-05	1.068856897464623559e-04	-1.521267988334148763e-04	5.589763166453552094e-04	4.405874254769046733e-04	-4.914665943483271463e-05	-1.610383596092336659e-05	-5.275916763980541279e-05	-2.034959650820051581e-04	5.032120684385569653e-04	-4.464787231295186707e-05	4.405875018392348694e-04	1.500996592321643440e-03	-2.515726982942592584e-04	-6.263988883333797991e-06	9.090261590257358920e-05	1.868214190263333245e-05	-1.570458487985122958e-04	-3.682868827604117564e-05	-4.914662458283345769e-05	-2.515720101390472993e-04	1.892180907148273904e-04
1.058475428117670349e-03	3.821588444236649965e-03	7.227682568209724094e-04	-6.983160915359984400e-04	-9.344414696650149565e-03	-9.286757317037176436e-05	4.964609250654125096e-04	6.505043952962480044e-03	-5.734190357752447389e-05	1.761201028483188788e-04	1.216510406019817667e-03	3.292837914097860241e-05	1.969681620013989838e-03	1.184936779874404191e-04	1.691477954509237967e-04	-8.980084356904784312e-04	-9.598827440786137288e-05	7.960350120308533686e-04	2.015874892456282017e-03	1.295601507737517935e-05	1.154877266568048785e-03	6.397231681548437284e-05	1.174246494395897315e-04	-2.395815224374251578e-04	-2.109129466221810892e-04	-6.349479533347629837e-03	-1.031376950138696014e-02	1.936804234112684783e-04	-7.142498952908221893e-04	-4.309674622411334812e-04	-9.922052194320271461e-04	-3.157373957420377564e-03	-7.768195788824322956e-05	1.467640278639711221e-03	8.877461104091243557e-04	2.118378621741133172e-05	2.167083139545004445e-04	1.674185777729734012e-05	1.739953050540064662e-05	3.448442496474103496e-04	1.755870794179830656e-04	-9.484365911838699842e-03	-6.322585941172160530e-03	-3.274415900227083554e-04	-3.774664324838979991e-03	-1.252603112954981442e-03	-5.360640207693168719e-04	9.625040326299548216e-04	6.147229921082228866e-04	1.131666558153659064e-03	-3.064129143196444791e-03	-1.406437916494297953e-03	-6.467965347096400232e-03	-1.071612395383553153e-03	-2.515726982942592584e-04	1.109075511755954445e-02	1.303325296205125105e-05	-5.729659044184277775e-04	2.025330246277665623e-04	1.283041420065976804e-04	9.888470766586032398e-04	3.340106449585304119e-04	1.749713876390043940e-04	-1.905725355200481915e-03
-9.751276517666051537e-05	-5.839428713736639800e-05	-5.097447238097597315e-05	2.917523285379655445e-04	-3.335219413857677131e-05	1.649084374432554883e-04	1.605691847717345341e-04	-1.207580726127433581e-05	6.007075617464512421e-03	1.792837460730447587e-04	1.564653700990757353e-04	-5.857402217036617245e-03	2.068904735378254266e-04	-6.069046551430900757e-03	1.690222420388299055e-04	3.531444699472061012e-05	2.656382491922355314e-05	4.303051014996690966e-04	5.801687442094892195e-04	-6.151508165363656772e-03	3.448077162018623907e-04	-5.839890803392316573e-03	-6.114084069023202617e-03	1.337065870088377344e-04	-1.540913829657402279e-04	-2.003411915614024133e-05	-3.312169524709390148e-05	1.812360102790941830e-04	3.742027223970009521e-06	2.486501149632521336e-04	5.612511487872874464e-05	3.039502268128211105e-05	-5.976010592086741097e-03	4.443837780504280308e-04	3.480230088728788161e-04	8.454489905512915446e-05	1.362270207067492987e-04	-6.100839023952401088e-03	-5.856760673149938486e-03	3.345449389586846087e-04	-1.724744075899688179e-04	-3.014866159420890806e-05	5.347698439649328268e-06	3.699051102952095600e-04	3.172077887684979051e-05	2.581012932849307390e-04	-1.422553872580397760e-04	6.305785585252405353e-05	-1.334391171881028708e-04	-3.340141065215177662e-05	4.039472412424113286e-05	4.532772485534180044e-04	2.822124214393981374e-05	2.450762823058993565e-04	-6.263988883333797991e-06	1.303325296205125105e-05	5.973467368992719725e-03	3.157215036989329676e-05	-6.886833008831588483e-05	-6.456607200103820290e-03	-1.114239347301828296e-04	3.819282411791848249e-05	6.505044365305020365e-03	-2.739415718629953107e-04
-1.895255258833129287e-04	4.214287362926607975e-04	9.586407771966442507e-04	7.423015357354309594e-05	1.961851787627692692e-04	9.786999178855611530e-07	-6.020220069390466852e-05	3.531637145935741939e-05	7.192419046075739821e-04	5.464126721837878238e-04	-1.455140468193033901e-02	-1.990186453830163136e-04	-3.137907842465877117e-02	1.971078012038853837e-05	1.758043394713956547e-04	1.589228399389286742e-02	9.340307726076772440e-04	-1.445341902152626375e-02	-3.085527674572233897e-02	4.893675561409168394e-04	-1.495057148461763873e-02	2.221377701137552279e-04	1.707516491618855611e-04	1.550814438950880061e-04	3.578852792613950752e-05	-2.117198028179719828e-04	1.429607101885053890e-04	8.541954626365932360e-05	1.051644424772444448e-03	2.259448978563361311e-04	2.962266661476339272e-04	-7.748824852444386639e-04	4.778710982619308652e-04	-3.140882086694739284e-02	-1.461621037794879653e-02	1.083590995835923432e-03	3.064606564103814976e-04	4.912905745144350699e-04	3.720769774741933223e-04	-1.585199952370367274e-02	-2.375503879598087835e-05	-3.268156995732197142e-04	1.691364041342836974e-04	2.864583829206036056e-04	7.486042727160744856e-04	4.803547959630116498e-04	2.625239032045142387e-04	-1.490292616871793496e-03	-9.684462092803939627e-05	1.205744195269053498e-04	4.251213183068660922e-04	3.677976260465279888e-04	3.457589811130207334e-04	2.532353433826868517e-04	9.090261590257358920e-05	-5.729659044184277775e-04	3.157215036989329676e-05	1.632850880108570671e-02	1.907568290093240393e-04	-1.128526454275952280e-03	-1.571026093413905450e-02	-1.526237714718766975e-03	-8.980113001105280001e-04	3.479907821516593780e-02
-3.541693391194838676e-05	1.446509440127953083e-04	-2.526599995810798152e-05	2.582287767235311027e-05	-2.128176873601843062e-04	4.498202125583623023e-06	9.370629136738010843e-07	1.337061984986341796e-04	1.382846941330789434e-04	-1.078774774748145638e-03	1.978006826317760941e-04	1.631653003057632149e-05	1.758494362662256968e-05	1.634202453113814011e-04	-5.528452062980294913e-05	1.550820459199551927e-04	-3.791120451844133652e-05	1.372405181841536881e-04	1.215845783152002969e-05	1.712461498127164654e-04	-1.324107373514036635e-04	-6.833212370507763054e-05	-2.621809101009707553e-04	1.426373090192139658e-03	2.217184167215106454e-05	-1.716289019158582997e-04	-2.551013664906877690e-04	1.819868469406890919e-05	-5.791733417833717115e-06	2.996862073404964600e-05	5.518157186138436982e-05	-2.094769431538948525e-04	1.765693717317499652e-04	-4.063144295534254898e-05	-1.749944737686900086e-04	2.239525553665543258e-05	1.102038219480452105e-03	-2.183172334000757866e-04	-3.794967504076253071e-05	1.314274209273891768e-04	7.219847622865898969e-06	-2.545387959372382727e-04	-2.777686476274608966e-04	6.309480971556600268e-05	-2.233039470810894425e-04	5.052355526917284942e-05	4.775886157745307125e-05	-3.343710053388484506e-05	2.823810669372179524e-06	-3.833324904904210470e-05	-2.620603989485321907e-04	6.318187775371734277e-05	-2.327452107900426152e-04	1.267222822307996073e-05	1.868214190263333245e-05	2.025330246277665623e-04	-6.886833008831588483e-05	1.907568290093240393e-04	1.471487490271083552e-03	-2.298564583958338944e-04	1.517150708870489638e-04	-3.287086522998265372e-05	-2.395812627475678660e-04	3.453946009561719311e-05
9.395326343149647871e-04	4.976427656768080523e-05	1.622130473143941224e-05	-6.700261767087433394e-04	1.011228804628753019e-05	-2.476942933647159465e-04	1.170494048469833133e-04	3.039484188845498062e-05	-9.331695470591667291e-03	-1.116868482874114256e-04	5.591516506833671320e-04	6.473929643116907613e-03	1.271185277343486698e-03	3.775746833320843283e-03	7.262498785904830190e-04	-7.748814110965118089e-04	6.514726804711958291e-04	3.989537320579230294e-04	1.004089281590288089e-03	3.157989484454555400e-03	2.772586616483022895e-04	6.358394826345872657e-03	1.031527222636157044e-02	-2.094777832492584341e-04	-1.965166861299239953e-04	8.624031535097908196e-05	1.009060873753518531e-04	-2.970683951888192188e-04	-2.536404417663500187e-06	-7.085554600473385842e-04	-1.173659128689320992e-03	6.935720083833087698e-05	3.725834285542948578e-03	1.265920479139094525e-03	5.247072108477159307e-04	-9.101862331734983077e-04	-1.859757480003533688e-04	9.582545266476106410e-03	6.350935287020072900e-03	3.783297681197569299e-04	2.124381475274339146e-04	1.943758008774423753e-04	7.576969810687174801e-05	-1.102315315139749344e-03	-5.235150133256876175e-05	-1.477119225247511009e-03	-5.824818934988098065e-04	1.943943160094209921e-04	6.194636196339173111e-04	2.213615787587519665e-04	4.590216770405178553e-05	-1.641010111864630227e-03	-3.831782754946064533e-05	-9.096424301780240643e-04	-1.570458487985122958e-04	1.283041420065976804e-04	-6.456607200103820290e-03	-1.128526454275952280e-03	-2.298564583958338944e-04	1.099089693836986792e-02	7.147631533561658607e-04	8.636703401670125894e-04	-3.157373854082149833e-03	-1.585755600224021851e-03
9.055970793899686489e-05	-1.003506641453556406e-04	-9.566562196065230266e-04	-2.535411615073889012e-05	-6.011751493249851194e-04	-2.012378922303638759e-05	3.311208587061197615e-05	3.345432819428357488e-04	-4.306800757708302194e-04	-3.186636549513162256e-04	1.459601122993111656e-02	2.437432862040595167e-04	3.138831913201353685e-02	4.138583735731436860e-04	-2.158617223828582557e-04	-1.585199800945172668e-02	-9.868241325716622762e-04	1.492726336492992967e-02	3.086018680959892041e-02	-3.019511648416291666e-05	1.447912058520564767e-02	-1.352864785819203283e-04	-4.768642103471395751e-04	1.314280203478082392e-04	-1.787703888231706255e-06	-1.885089933555368158e-04	-6.087795664097216900e-04	-6.619424943724659780e-05	-1.060320997248447462e-03	-1.667730299467458182e-04	-1.661283982250743414e-04	3.783306322626437887e-04	-6.647208744088420101e-05	3.133466024564817570e-02	1.459003616214608542e-02	-1.016294837220804237e-03	-4.893877656091188359e-04	-7.479583620149184327e-04	-2.750355780969199692e-04	1.581815544621355957e-02	2.281827260585061692e-05	-1.519294273309437446e-04	-5.729186307961199338e-04	-1.733350519642000258e-04	-1.127817604318699391e-03	-3.585082615775038559e-04	-1.322626322320066448e-04	1.454793998875496220e-03	6.478870010520361834e-05	-1.839492336148825760e-04	-8.014232621520638380e-04	-2.084186115891283899e-04	-7.257544465501428958e-04	-2.086003092551650707e-04	-3.682868827604117564e-05	9.888470766586032398e-04	-1.114239347301828296e-04	-1.571026093413905450e-02	1.517150708870489638e-04	7.147631533561658607e-04	1.624760332494675982e-02	1.410137119151658701e-03	3.448471988370643945e-04	-3.470747053523243197e-02
2.040307315442960266e-03	2.996589928177024087e-05	-7.409734940290883310e-05	-1.010617490400346746e-03	-1.109378213206977575e-04	-9.825497398179278204e-06	1.046475526341586687e-03	6.305755702908101264e-05	5.071502011333403918e-04	-8.199416585457437907e-05	1.294195169416703260e-03	3.814008235505501030e-05	2.895706325679531581e-03	6.776913241540018316e-04	2.833532751070274051e-04	-1.490291865562632994e-03	2.355313696097531117e-03	1.204590620446875475e-03	2.673928723058690074e-03	-6.929720708731702122e-04	1.319006147392909681e-03	4.271992034966573645e-05	7.928285297203819040e-04	-3.343709005677127679e-05	-1.076795739783946524e-03	5.208763451969755827e-05	-2.589614223886654290e-05	-4.024514438520410175e-05	-1.200190438223740241e-04	-1.173518915285615008e-03	-2.423257396908401820e-03	1.943947442642208058e-04	4.106033474134952689e-04	2.797170850308663623e-03	1.264166692336073181e-03	-4.705025908480314328e-05	-3.229777868612311554e-05	-5.634934066806745762e-04	-3.208757216837920383e-05	1.454793275468432585e-03	-3.734624089606034019e-05	1.928338600512307017e-04	-5.470713743128117514e-07	-1.121037258817212962e-03	-1.750312457492024531e-04	-2.452116197006340773e-03	-1.196170322466275126e-03	5.404837857921893692e-04	9.831318262773704620e-04	2.811465880569014269e-04	2.526280397985239542e-05	-2.240110631974117587e-03	-1.138333835450056574e-04	-1.159207905692073628e-03	-4.914662458283345769e-05	3.340106449585304119e-04	3.819282411791848249e-05	-1.526237714718766975e-03	-3.287086522998265372e-05	8.636703401670125894e-04	1.410137119151658701e-03	3.045807513663994787e-03	9.625050520203900584e-04	-3.344054647241904987e-03
1.058478000855887693e-03	-5.734204861748129820e-05	-9.598823666795661146e-05	-2.109135801034570155e-04	-7.768182640480173124e-05	1.755864274863603116e-04	6.147242115528418456e-04	1.303311412838372053e-05	3.821588386342066306e-03	1.761193095946618633e-04	7.960372155167523209e-04	-6.349479306420031596e-03	1.467645772943734902e-03	-9.484365673058827231e-03	1.131666204823347224e-03	-5.729690564536340808e-04	7.227675125354951925e-04	1.216511919364655350e-03	2.015879670307971390e-03	-1.031376930572495965e-02	8.877484856490672378e-04	-6.322585959381120911e-03	-3.064129761166546097e-03	2.025329728524357948e-04	-6.983172077363423991e-04	3.292857801364194837e-05	1.295611460641569939e-05	1.936794593460542085e-04	2.118359426916875966e-05	-3.274426837492015177e-04	-1.406440268022731734e-03	1.283044123571633723e-04	-9.344415250086267680e-03	1.969686626877118797e-03	1.154879471753481046e-03	-7.142502434253840578e-04	2.167084055746925091e-04	-3.774664991642028965e-03	-6.467965943603528646e-03	9.888498116925339108e-04	-9.286827936934814991e-05	1.184938853895494966e-04	6.397259624772366955e-05	-4.309689621480665661e-04	1.674209594482406975e-05	-1.252606259956995025e-03	-1.071613890210961926e-03	3.340107747590286696e-04	4.964623062307499911e-04	1.691480130473744744e-04	1.174250066940156300e-04	-9.922080595359801612e-04	1.739975833646479440e-05	-5.360655674020689716e-04	-2.515720101390472993e-04	1.749713876390043940e-04	6.505044365305020365e-03	-8.980113001105280001e-04	-2.395812627475678660e-04	-3.157373854082149833e-03	3.448471988370643945e-04	9.625050520203900584e-04	1.109075576925681698e-02	-1.905731843929190338e-03
-3.433919042125373839e-04	8.030504251196296343e-04	2.007044984985732229e-03	1.075667532207037378e-04	9.995549786877991425e-04	-5.267295638375598982e-07	-1.447143823262953487e-04	-2.739374613869100450e-04	8.030461743020998484e-04	9.313989518672468639e-04	-3.195855339325302108e-02	-6.863566596141312728e-05	-6.873495193792342195e-02	-2.356099451990837290e-05	3.646114746713704970e-04	3.479907648559169009e-02	2.007040730926138491e-03	-3.195855528694264286e-02	-6.768375594934822326e-02	1.029619532780000520e-03	-3.201163466098531224e-02	7.830003180833365302e-04	1.080610392255627362e-03	3.453795431885384480e-05	1.075664444980114028e-04	-6.864020040522969014e-05	1.029611711294500234e-03	1.458148343354084299e-04	2.319190408037640622e-03	4.829212683020718370e-04	6.419006797506804840e-04	-1.585757985109035066e-03	9.995595566758927897e-04	-6.873495562358486466e-02	-3.201163675324267960e-02	2.319191710991773663e-03	8.562531614060681605e-04	1.808379935075969062e-03	1.121890603329662442e-03	-3.470747216324013978e-02	-5.269306926313622021e-07	-2.356742991030117204e-05	7.829958010540818795e-04	4.829218026926758163e-04	1.808376970427888432e-03	1.028219878273230539e-03	5.543835346441049021e-04	-3.344056053748188824e-03	-1.447144273935741150e-04	3.646134528463114075e-04	1.080609279885116555e-03	6.419010728400104506e-04	1.121886595580551997e-03	5.543835157631518944e-04	1.892180907148273904e-04	-1.905725355200481915e-03	-2.739415718629953107e-04	3.479907821516593780e-02	3.453946009561719311e-05	-1.585755600224021851e-03	-3.470747053523243197e-02	-3.344054647241904987e-03	-1.905731843929190338e-03	7.619722891295327427e-02
