4.919348766539781426e-02	-1.883632600482186212e-03	2.670754855058692263e-03	-2.338505910981252683e-02	3.076649894556221509e-03	-4.644058124742202903e-05	2.339279449318547657e-02	-1.802513816321436608e-03	-1.883635076358583342e-03	-2.670053368713056537e-04	-1.690759215927740489e-04	1.023338368924689131e-03	6.324810914270793992e-04	3.984241730231054789e-04	-2.095122810302275408e-03	-5.584133855185964383e-04	2.670750925434329376e-03	-1.690728991990109425e-04	2.396506912398895439e-04	-2.696595740648519927e-03	5.702351156729220782e-04	-1.958167570985056027e-04	1.151367580021349021e-03	-3.240104090191341102e-04	-2.338506240906210176e-02	1.023337254258534397e-03	-2.696596127721018546e-03	8.439727695817461108e-04	-8.191968330697584760e-03	-2.114998683820732209e-02	-4.811251100602424030e-02	4.954967258433908180e-03	3.076650034280011339e-03	6.324851684148118406e-04	5.702372382575206147e-04	-8.191971464240312140e-03	1.243634811978025804e-04	-1.930577577832365884e-03	5.927845835451523663e-04	2.147352234016815633e-04	-4.644346540029752621e-05	3.984251013709167550e-04	-1.958141639399075943e-04	-2.114998257961073214e-02	-1.930573110854047177e-03	-4.373807782666291888e-02	-2.137854245401117625e-02	4.328493178688612615e-03	2.339279003882568930e-02	-2.095117398147202780e-03	1.151373021891521171e-03	-4.811250223225699285e-02	5.927867140172953615e-04	-2.137853933077821234e-02	7.432188023285698185e-04	1.517464038536084803e-04	-1.802514806823361446e-03	-5.584165311374373643e-04	-3.240126497259716875e-04	4.954968293222410461e-03	2.147331028016261447e-04	4.328494111204343915e-03	1.517449482096994140e-04	-7.519703023960191664e-04
-1.883632600482186212e-03	1.045839573222214110e-02	5.480464929642217368e-03	1.753994732695162394e-03	-4.846152498615370402e-04	6.487560855863565854e-04	-9.127930861721215896e-04	5.151934839786344138e-03	2.577262936368920963e-04	-3.371906254856817109e-04	-1.720393126160608293e-04	-1.922909093816281502e-04	-1.518508615780086220e-04	-6.316499031700820133e-05	1.413138585737937192e-04	-5.162856470113390446e-04	4.197382102128550561e-04	1.631866186598472396e-03	9.881100430617294726e-04	-9.946521819570295795e-05	-8.048395195682902029e-06	2.985132842423086788e-05	1.043626916191715348e-04	6.117927214710609535e-04	1.094078333248760249e-03	-5.044317578267539307e-03	-4.826089265290630162e-03	-1.868602139676120845e-04	-3.644515223245154215e-03	7.706398818927754323e-04	3.150958307655260353e-03	-5.779436295137576479e-03	-1.219821091167190498e-04	3.108884057674878888e-03	-1.555114037196544637e-04	5.564754673235763893e-04	-4.728781306564580188e-04	1.445557398791722664e-04	-2.826974765035257788e-05	1.468585518537847976e-03	1.865878911558328847e-05	-2.528477160877017765e-04	-4.101406656060501213e-03	2.239019963571706011e-03	-8.105136170237404666e-03	5.229859391739042143e-03	2.782534156654698030e-03	4.166275148442682291e-03	-1.380819595006614218e-03	5.847609803217190816e-03	-4.219826221712509769e-03	3.902250383221846520e-03	-4.231289507115354107e-03	2.649474171630003799e-03	5.719610651461117662e-04	5.188892695313408049e-03	1.312848509762462687e-04	-1.357525066322449320e-03	3.471029538508595830e-04	-3.895555366929906471e-04	1.093565254166776936e-03	-3.695912806652507576e-04	1.908296536836476354e-05	-2.003690593211630670e-03
2.670754855058692263e-03	5.480464929642217368e-03	1.270782989514446584e-02	-4.914867284573383585e-04	5.604302893972264513e-03	1.836197756743732480e-04	9.545372369529978984e-04	-5.320454153806965063e-05	4.197333438264632191e-04	-2.196052683614471278e-04	3.141824396911221972e-04	-2.557597495480852089e-04	7.937199281967044148e-04	-3.758993401643714025e-04	-1.855447432780661004e-04	-1.047260268732419725e-03	1.652812472253099938e-03	3.747098870450361018e-03	4.698434909709574628e-03	-7.324350627710815489e-04	1.314416214103840234e-03	-1.584135617694045568e-04	3.720920600156431453e-04	6.799883951609218564e-04	-1.985698797994128501e-04	-4.688199936686347725e-04	-5.601325126040831298e-03	4.729336824886878855e-04	-9.646456439771662963e-03	1.799864002592338648e-03	1.305129769453751941e-03	4.715756503182465080e-03	4.304988710905709561e-04	8.768385960270644319e-03	3.388021918278219698e-03	-3.837654837597016181e-04	2.203422670982621128e-05	6.012968803072527496e-05	1.518717212285320122e-04	3.166140858990027559e-03	2.391332351088135372e-04	4.002350500881352892e-03	5.734113038524385334e-05	1.521351966325702396e-03	-3.967411927375793027e-03	5.547899107493078907e-03	2.202760204315113227e-03	9.946977404493448360e-03	8.293859907103130237e-04	9.694021347703335456e-03	5.752651540323209037e-03	1.071139514719400597e-03	5.833601406555072050e-04	2.332291197673407382e-03	1.142564056084770067e-03	4.707068345326539949e-03	1.829689947454691361e-05	-4.161711391536405957e-03	-9.962963160180685149e-04	-1.849849473647440694e-04	1.506226355745199624e-03	-8.639658164133114798e-04	-2.540415788363781235e-04	-5.467032756838218974e-03
-2.338505910981252683e-02	1.753994732695162394e-03	-4.914867284573383585e-04	1.327552677853941800e-02	-1.349391204857387696e-03	1.250623569783225562e-03	-1.049370394461674599e-02	1.165470766251385740e-03	1.094080164681146203e-03	1.806623832303935447e-04	1.448363544572643419e-04	-4.178346381037594589e-04	-1.424179604741682864e-04	9.800077213937142661e-05	1.389890867645171384e-03	1.598565366796178425e-04	-1.985673123920129177e-04	3.359627167342239254e-04	4.077473627306239502e-05	1.469262910537021474e-03	-1.660576295661675894e-04	4.162590953430677374e-04	7.193166983099682089e-05	1.842980417288284849e-04	1.165030533311054231e-02	-7.568894044207375230e-04	8.824007459838460743e-04	-1.370798704854316302e-03	3.834840249181228553e-03	9.021000879177353687e-03	2.339404802304591996e-02	-2.300179986578830202e-03	1.932950037822229734e-04	-2.559767152527408140e-04	-2.245091307771444455e-04	3.115064917752060833e-03	-6.089269853474979754e-06	9.472797044009960638e-04	3.334806924369476634e-04	-7.765461403706801690e-05	7.543489461543650965e-04	-3.207819233711787436e-04	1.441786132340935921e-04	1.022838852813124505e-02	1.477287191192863496e-03	2.220402684056530657e-02	1.215461321401097548e-02	-1.854935326809956748e-03	-9.985974947105000221e-03	1.569266737959930293e-03	-1.703882778237604393e-04	2.411118359195628044e-02	-3.405597038261085904e-05	1.148930892498206333e-02	8.137763657448793654e-04	3.105433587718035371e-04	1.484420443476628705e-04	2.952113785325108678e-04	1.169894021842067154e-04	-1.795279393094741755e-03	-2.462862779802260974e-04	-1.514833068071391991e-03	-6.219957261671877659e-04	3.736935982927007296e-04
3.076649894556221509e-03	-4.846152498615370402e-04	5.604302893972264513e-03	-1.349391204857387696e-03	1.055106901920815562e-02	-3.262206998598802307e-04	1.668577138299904812e-03	-5.198461577955190357e-03	-1.219854339361188138e-04	-8.010210137803649923e-05	-2.352093605997176247e-04	3.339782199365707931e-05	-1.136193855582379219e-03	-2.180362317861459247e-04	-6.338635844300790105e-04	3.108540070462904739e-04	4.304967774389565748e-04	8.188803902975825763e-04	9.646321409792146199e-04	-2.689774490843769954e-04	5.198303343628867586e-04	-1.564667953428432504e-04	-5.993633028856200010e-05	-2.904887539268725255e-04	1.932946242030511683e-04	4.292791235604442868e-03	4.235036691876517198e-03	-4.326390026647342806e-04	-5.948959762426256001e-03	7.660024794836473960e-05	-1.208880322977180007e-03	5.356739144172094520e-03	3.641213813853541982e-04	2.339017442805765672e-03	1.255774293690229554e-03	-6.157448074318499966e-04	6.442992877890925570e-04	-7.888890084787499577e-05	1.584880941142800944e-04	-6.697182420044916693e-04	4.951922725027265316e-04	8.286425545803869155e-03	4.235106717176931324e-03	-1.204660854710076778e-03	2.400282767136717650e-04	6.815020618511161696e-05	-1.833942041583411247e-05	4.529140820525657911e-03	1.575494059730619956e-03	3.999066015279864085e-03	5.082406746272746106e-03	-2.318397429972384773e-03	5.120184057540975303e-03	-5.376015477510855557e-04	6.523367836656144940e-04	-5.596670323457769020e-03	-1.634281493521590255e-04	-1.694085366440951923e-03	-7.463806031655730901e-04	1.889821934853108090e-04	-4.362386903395870695e-04	-2.883269067733445525e-04	-3.672181732498687088e-04	-4.605481743030941165e-04
-4.644058124742202903e-05	6.487560855863565854e-04	1.836197756743732480e-04	1.250623569783225562e-03	-3.262206998598802307e-04	2.236633329269280268e-03	1.210434194023479607e-03	5.708354371758303731e-04	1.865951509738256905e-05	-6.822411947274940468e-06	8.565155070395185201e-05	-3.781172221349513143e-05	2.482549243995618325e-04	-2.752107227436547624e-04	-2.122209674182682943e-04	-2.165927245769453074e-04	2.391341095668797706e-04	1.613626855561937814e-04	2.001587467722886230e-04	1.465685347303987101e-04	1.484502232412918024e-04	3.172791262291078506e-04	2.514062195989774824e-04	-1.367708686407737104e-05	7.543476625587418587e-04	-4.658031673838834317e-04	-5.731467737082749292e-04	-6.274194130940538279e-06	2.368491716425269011e-04	-1.261403578979922516e-03	-2.985267087561011392e-04	-5.341148854586540195e-04	4.951929735732056538e-04	1.855913561364759469e-04	1.592463159945172005e-05	1.288856995971360514e-04	-3.095719858369807149e-05	6.568520832445218227e-04	2.003940596004306625e-04	1.845444239329427057e-04	1.507570806605899221e-03	-1.022170265365122651e-03	-6.026353096943039668e-04	-7.701617586661494352e-04	1.739546140919525361e-05	7.265547159522960482e-06	8.271636289856698718e-04	-3.458978006685496480e-04	7.400157214762243668e-04	-2.333255484803525728e-04	-4.601749870398470343e-04	3.493926540893804418e-04	-2.689723426246027065e-04	1.290146483681224240e-03	3.041352865898453418e-05	4.944834488233857805e-04	-3.897215235849642214e-04	-2.926182097834319277e-05	1.383108753411174769e-05	2.080538817726184449e-04	4.303413157936562990e-05	-3.135654291229971434e-04	-3.087234232343209132e-04	-2.044271895186353767e-04
2.339279449318547657e-02	-9.127930861721215896e-04	9.545372369529978984e-04	-1.049370394461674599e-02	1.668577138299904812e-03	1.210434194023479607e-03	1.332035593731407258e-02	-8.291391088039740814e-04	-1.380820144051511872e-03	-5.980713067065222810e-05	6.705250051182283185e-05	6.797276405094943800e-04	5.405517506856267335e-04	-9.953184191444771017e-05	-1.834931650805522903e-03	-3.517126344823495905e-04	8.293851631225005079e-04	7.220342238352641588e-05	3.724902974143306372e-04	-6.589323410205972717e-04	5.946938626247877694e-04	6.357259421127521397e-04	1.062928892786565039e-03	-2.274156725744503878e-04	-9.985978984878417924e-03	3.655808491040620520e-06	-1.362358770750186909e-03	-7.683318325634274065e-04	-3.373598429850391614e-03	-1.140871577178524318e-02	-2.417949426119155726e-02	1.734384990126534420e-03	1.575494806543821947e-03	4.308952947480178090e-04	3.010961159864377853e-04	-2.916495055773363210e-03	1.038409525507975255e-04	9.333976041767633961e-04	1.036423020775127353e-03	1.339339391563207794e-04	7.400141863553196236e-04	-1.188529659478703869e-03	-5.384961964271062045e-04	-1.214418988586822915e-02	-6.185773245637995934e-04	-2.238022578510235477e-02	-1.036360321803505950e-02	9.271303509299987870e-04	1.167102517956040281e-02	-2.142976271523924434e-03	-6.884062218552560919e-06	-2.353692001348918483e-02	3.972917762096475841e-04	-9.197440304935328159e-03	1.325810839345227185e-03	-3.268300322824410024e-04	-1.317246434920012980e-03	-1.758119720911124949e-04	-9.504985588006386070e-05	2.645091888867233312e-03	1.527998562254493590e-04	8.503740132955360997e-04	-7.911652894414148785e-04	-4.046325679836383507e-04
-1.802513816321436608e-03	5.151934839786344138e-03	-5.320454153806965063e-05	1.165470766251385740e-03	-5.198461577955190357e-03	5.708354371758303731e-04	-8.291391088039740814e-04	5.223847137479540118e-03	1.312868726550876124e-04	-2.562743891766005254e-04	-4.205783988102888133e-05	-7.037624749088202791e-05	5.538778971147042835e-04	8.654895412992728680e-05	2.913278040561376138e-04	-5.903264321484790692e-04	1.829967208432107997e-05	2.925282591915904064e-04	9.650753559102357435e-05	7.398531485391346657e-05	-1.285443869733342032e-05	1.202964220875316217e-04	8.832712534968412013e-05	3.658742147438785231e-04	1.484414573506480459e-04	-4.393000676849248727e-03	-4.513365194327520306e-03	1.240383255548207120e-04	8.813529405561719692e-04	1.146283578260485776e-04	1.437380421998343209e-03	-5.436467389496393854e-03	-1.634274573320228165e-04	4.525155840371893924e-04	-4.437205619474940584e-04	4.097850051162917973e-04	-1.862358671802049042e-04	6.762685140046971737e-05	-6.692447887701731643e-05	8.900333480207895222e-04	-3.897215236391068927e-04	-4.374658881624697744e-03	-4.411645738888632200e-03	1.337096831197669578e-03	-4.310356143690915499e-03	1.886158124299852721e-03	8.968801903092136650e-04	-1.524061775050492647e-04	-1.317245920545541144e-03	6.500177096676675341e-04	-4.647677630487391694e-03	2.421671788358737906e-03	-4.413060692846516170e-03	1.359421650253767478e-03	-5.564124353834479610e-05	5.272512013447564275e-03	1.256721724862991548e-04	-1.770839669642544477e-05	4.627925205000866181e-04	-2.087204551726395366e-04	5.545121182071539780e-04	3.151552765799886351e-06	1.570490560657657251e-04	-8.106443679882486099e-04
-1.883635076358583342e-03	2.577262936368920963e-04	4.197333438264632191e-04	1.094080164681146203e-03	-1.219854339361188138e-04	1.865951509738256905e-05	-1.380820144051511872e-03	1.312868726550876124e-04	1.045839540914653143e-02	-3.371915091146279286e-04	1.631866242096228093e-03	-5.044316976271449177e-03	3.108884716687748337e-03	-2.528468986672300256e-04	5.847611616464572920e-03	-1.357525720471891182e-03	5.480465812178312787e-03	-1.720394355734871609e-04	9.881111098528410838e-04	-4.826089653079925629e-03	-1.555106387000612439e-04	-4.101406635868888942e-03	-4.219825028270869118e-03	3.471032936194546779e-04	1.753995831057676182e-03	-1.922907313870332840e-04	-9.946064612308619997e-05	-1.868614423464742542e-04	5.564817389458003288e-04	2.239018185772947110e-03	3.902249704844012144e-03	-3.895592031482799245e-04	-4.846142605195534860e-04	-1.518491057979643724e-04	-8.046896258210246882e-06	-3.644516105160363045e-03	-4.728773671152733133e-04	-8.105136131126108867e-03	-4.231288990738464942e-03	1.093566228075490161e-03	6.487563164265261560e-04	-6.316489460584324208e-05	2.985266236100595275e-05	7.706385388269094451e-04	1.445574886922250521e-04	5.229856832664692146e-03	2.649472867607492732e-03	-3.695932171968265879e-04	-9.127939593123803605e-04	1.413129691717712028e-04	1.043614778144892814e-04	3.150958975840660592e-03	-2.827066595038094603e-05	2.782533829377693921e-03	5.719602581624687711e-04	1.908393186773633677e-05	5.151933707450688342e-03	-5.162868645246273657e-04	6.117923484930947332e-04	-5.779435397774063121e-03	1.468585305003965776e-03	4.166274705025901567e-03	5.188891784729384934e-03	-2.003691851260118104e-03
-2.670053368713056537e-04	-3.371906254856817109e-04	-2.196052683614471278e-04	1.806623832303935447e-04	-8.010210137803649923e-05	-6.822411947274940468e-06	-5.980713067065222810e-05	-2.562743891766005254e-04	-3.371915091146279286e-04	2.273406112340393449e-03	1.002690164305608490e-03	5.519124775358084196e-04	-5.693648978128152413e-04	6.462802175010242973e-04	6.714726841530986189e-05	1.584484021888595690e-03	-2.196070724097082206e-04	1.002690284334496577e-03	-1.889359616395308019e-04	4.700573372913587045e-04	-9.773838785186298762e-04	4.451560639169448077e-04	5.091867630838079611e-04	7.101505591057936374e-06	1.806631952494783841e-04	5.519123527473766616e-04	4.700562258515566952e-04	-5.691134598944734937e-05	4.345716067996793211e-04	8.075457773136804167e-05	1.445103939798917444e-04	4.942935312910183739e-04	-8.010329391196823801e-05	-5.693647289210765393e-04	-9.773836907348521993e-04	4.345739523655555055e-04	-1.493005444249979842e-03	9.947343671847363317e-04	5.583426571230502844e-04	4.870504308997900184e-04	-6.821906900141248571e-06	6.462805828829809758e-04	4.451554602033428029e-04	8.075388446638663629e-05	9.947328465566927097e-04	-2.715284746561309008e-05	-1.338369799203464766e-05	-9.881984513644944735e-05	-5.980763750212546894e-05	6.714800345201081414e-05	5.091867062700381266e-04	1.445107088054712772e-04	5.583425454883662572e-04	-1.338363127490510194e-05	3.095859788377291035e-06	-3.953681454552071236e-04	-2.562742860032714331e-04	1.584483614958448559e-03	7.101086149844438612e-06	4.942928856033398108e-04	4.870501742440277288e-04	-9.882105854808217560e-05	-3.953681869738495972e-04	1.053382282161908698e-03
-1.690759215927740489e-04	-1.720393126160608293e-04	3.141824396911221972e-04	1.448363544572643419e-04	-2.352093605997176247e-04	8.565155070395185201e-05	6.705250051182283185e-05	-4.205783988102888133e-05	1.631866242096228093e-03	1.002690164305608490e-03	1.311261818118338376e-02	-7.211291043531836871e-04	2.431902723852508511e-02	-6.462330151369888483e-04	1.325778125193956226e-03	-1.102905347045540774e-02	3.747096537576175956e-03	1.053803025002104932e-02	2.253518503555980435e-02	-1.804904467871854294e-03	9.774286827813984113e-03	1.967567803150664933e-04	1.769121515505399887e-03	6.074200951475721214e-04	3.359682242378614261e-04	-3.113212583323924070e-05	5.759304889749182780e-04	-1.891098994126622621e-04	1.783562563216092942e-03	-2.156604349760744247e-04	-2.049264218548264713e-05	-1.533059920468234430e-03	8.188775320399027755e-04	2.070314780760128259e-02	9.355720864514114471e-03	-1.053112837363768097e-03	-1.075863539058912344e-03	1.378167362157905682e-03	7.236019499293096235e-04	1.214444330492071150e-02	1.613658823508265830e-04	-6.663658390374070780e-04	4.179334212445088908e-04	-1.362863664670477639e-04	1.890621860583688828e-03	-1.110534556960637918e-04	1.118657288784414899e-04	-4.368083178334035074e-03	7.220509787787956569e-05	-1.845227640365868470e-03	-9.451552408895667976e-05	-5.954531511621855309e-05	7.050532132573631306e-04	-9.828627380493521392e-05	4.017903451138868365e-05	-2.198550343344402025e-03	2.925294303741784378e-04	-8.977313654928507913e-03	1.553388245416664586e-03	-4.472642742161417968e-05	1.229898519926255797e-02	-1.681515627383988690e-03	1.425299507908775519e-04	-2.424937443572371121e-02
1.023338368924689131e-03	-1.922909093816281502e-04	-2.557597495480852089e-04	-4.178346381037594589e-04	3.339782199365707931e-05	-3.781172221349513143e-05	6.797276405094943800e-04	-7.037624749088202791e-05	-5.044316976271449177e-03	5.519124775358084196e-04	-7.211291043531836871e-04	5.137603676939036211e-03	-1.628474093199505385e-03	5.331423996481778234e-03	8.772589706357086445e-05	1.153787093580081052e-03	-4.688199755936717510e-04	-3.113380407061115430e-05	-1.225343615526678720e-03	4.924047511374455774e-03	-1.967340422282289064e-05	4.320177091818841290e-03	4.621967154794962701e-03	-7.875104348756479166e-05	-7.568897517036905689e-04	1.968522754925802916e-04	1.371061407662010889e-04	3.403000617561307314e-04	-1.750545070032940112e-04	-2.467963569925586426e-04	-1.401464179048707119e-03	2.234490335616769511e-04	4.292790580165409958e-03	-1.818310743833742929e-03	-8.796952134323784327e-04	-3.672560848526770175e-04	4.079034202841892200e-04	4.209080519741765711e-03	4.427600265212347161e-03	-1.248956002603077327e-03	-4.658030447300845305e-04	1.312198382319027445e-04	5.881009792524267705e-06	3.200631070998521954e-04	-1.030038881103089571e-04	-9.588117569505399604e-04	-1.357794791895611860e-03	3.292088737452713351e-04	3.656273867414023995e-06	-2.055710914465909688e-05	-6.168278647817069865e-05	-6.396953664612716134e-04	-2.810610431791428696e-05	-6.482489787670699197e-04	-3.954804266194618997e-04	4.984463730730111550e-05	-4.392999707279385962e-03	1.278344586913834641e-03	1.141066253490466900e-05	5.383873989884286476e-03	-1.140944843146916507e-03	8.137109587958469030e-04	-4.688425872577609531e-03	2.215643169090153117e-03
6.324810914270793992e-04	-1.518508615780086220e-04	7.937199281967044148e-04	-1.424179604741682864e-04	-1.136193855582379219e-03	2.482549243995618325e-04	5.405517506856267335e-04	5.538778971147042835e-04	3.108884716687748337e-03	-5.693648978128152413e-04	2.431902723852508511e-02	-1.628474093199505385e-03	5.397629768630417962e-02	-1.454963152460438027e-03	3.752387673824690746e-03	-2.598835476981759679e-02	8.768384351402709609e-03	2.070314800136831279e-02	4.767188244800141944e-02	-4.959924072764920928e-03	2.429071992080632930e-02	-5.961741260994478202e-04	3.582560657442757611e-03	-1.128417581445904060e-03	-2.559685874304356472e-04	-1.818307253138682668e-03	-6.843487468099662858e-04	-6.685504321054458129e-05	3.956308365842489509e-03	-6.264862772047492725e-04	-8.137101125353735304e-04	-4.329436227339248863e-03	2.339014311869625114e-03	4.363159735708696529e-02	2.077989341324078254e-02	-4.543742984034001772e-03	-6.745222284317627538e-04	1.253368679938095937e-04	6.255301429578012055e-04	2.286963527635105242e-02	1.855965222139525309e-04	-5.097760315695474762e-03	-8.567507686728450828e-04	-2.254694724783625382e-04	3.271816961503866417e-03	-2.509285973042860900e-04	1.072252147471876608e-04	-1.028026298967107260e-02	4.308999290406353793e-04	-5.470396746069527971e-03	-1.338124174891457650e-03	-5.416035139182430154e-04	4.901135205764598976e-04	-1.413399916869838432e-04	1.610230106068917956e-04	-3.419394301337725685e-03	4.525171927462031036e-04	-2.259778602431352507e-02	1.170571345804736650e-03	4.508138979765021251e-04	2.612510519195140185e-02	-1.840595608655062974e-03	1.364494379831596464e-03	-5.314374815081955583e-02
3.984241730231054789e-04	-6.316499031700820133e-05	-3.758993401643714025e-04	9.800077213937142661e-05	-2.180362317861459247e-04	-2.752107227436547624e-04	-9.953184191444771017e-05	8.654895412992728680e-05	-2.528468986672300256e-04	6.462802175010242973e-04	-6.462330151369888483e-04	5.331423996481778234e-03	-1.454963152460438027e-03	1.151666877725951096e-02	6.148544078757452527e-03	1.794112952880982069e-03	4.002351816468357679e-03	-6.663691067410400411e-04	-2.782383311816881595e-03	5.665173976316770395e-03	-7.368167437288444073e-04	5.295415205588735637e-03	5.106015317766255356e-03	1.997633057223727562e-04	-3.207811075546497743e-04	1.312199332745375853e-04	2.577552200409497906e-04	5.433061993441904792e-04	2.981542334759883445e-04	1.828022640495031471e-03	7.857045956767918799e-04	3.603719489742035357e-06	8.286425717271311830e-03	-5.097765505820148549e-03	-2.720226521867847615e-03	-4.427714886677007119e-03	5.600084264818159092e-05	8.524497289759467959e-05	4.365324704254393805e-03	-2.148446914202066949e-03	-1.022169845470372821e-03	3.124564681006656696e-04	3.413543884433958825e-05	1.738574912540517218e-03	-1.427792233955290681e-04	3.125902051740616847e-03	-5.152065990957516725e-04	5.804442887593498201e-04	-1.188530280842051362e-03	1.631811245527759250e-04	-1.555960364402434880e-04	1.772876637069213408e-03	-1.381827511094424238e-04	1.100860506778650457e-03	-2.955581222105682355e-04	2.301432028923869550e-04	-4.374658530543329774e-03	2.490149804135691723e-03	6.343364069288561641e-04	5.253534553685797540e-03	-1.209216031574360034e-03	6.378804868322344654e-03	-4.622469954628407283e-03	3.838418872527275816e-03
-2.095122810302275408e-03	1.413138585737937192e-04	-1.855447432780661004e-04	1.389890867645171384e-03	-6.338635844300790105e-04	-2.122209674182682943e-04	-1.834931650805522903e-03	2.913278040561376138e-04	5.847611616464572920e-03	6.714726841530986189e-05	1.325778125193956226e-03	8.772589706357086445e-05	3.752387673824690746e-03	6.148544078757452527e-03	1.378149853472720662e-02	-8.858912028968334278e-04	9.694023358087583420e-03	-1.845229269374039447e-03	-8.333391105290945556e-04	-4.473624593659342868e-03	9.738240241149987136e-04	6.284661189302557767e-04	5.766599940592082377e-03	-7.625951429548798394e-04	1.569270073573504273e-03	-2.055840525588747758e-05	4.158256639015273787e-04	1.025631010358870818e-03	1.619465199205658533e-03	4.633658697888903485e-03	6.246186233767211243e-03	-6.238176074084592852e-04	3.999066891058128230e-03	-5.470398348292634765e-03	-2.092316868895146252e-03	-9.807225472493279889e-03	-1.321072214926752352e-04	-4.392776364165459219e-03	-1.534036701554947180e-04	-1.560004504591791128e-03	-2.333246942071926303e-04	1.631796053837623298e-04	1.082503298396877777e-04	4.431129243077693187e-03	3.260325871221800547e-04	1.033176904589524006e-02	3.977765082416469776e-03	-2.023182274947754285e-04	-2.142978159304404547e-03	4.520668146825136615e-04	1.893098551303497225e-05	6.445500687048582797e-03	-1.370650622271556824e-04	4.254716498664101731e-03	5.926467021277767675e-04	2.416951700020149025e-04	6.500183237216346048e-04	1.888001024220175173e-03	1.113194034287379001e-03	4.567171605489631601e-03	1.128899862349895967e-03	1.040377849744959608e-02	6.163050370275206975e-03	7.788094726981844044e-04
-5.584133855185964383e-04	-5.162856470113390446e-04	-1.047260268732419725e-03	1.598565366796178425e-04	3.108540070462904739e-04	-2.165927245769453074e-04	-3.517126344823495905e-04	-5.903264321484790692e-04	-1.357525720471891182e-03	1.584484021888595690e-03	-1.102905347045540774e-02	1.153787093580081052e-03	-2.598835476981759679e-02	1.794112952880982069e-03	-8.858912028968334278e-04	1.489255683240884448e-02	-4.161712136231674949e-03	-8.977314146570634229e-03	-2.351948980432685618e-02	2.377674259036878512e-03	-1.216371082183148253e-02	6.577905279439742389e-04	-1.311316991081827154e-03	1.486080310166933887e-03	2.952071401908149787e-04	1.278343199394519920e-03	1.113403398418089541e-03	4.328290660404305560e-05	-6.530318419543923707e-04	5.647917151945802423e-04	6.158088450869717793e-04	2.425788264259967110e-03	-1.694085414132192637e-03	-2.259778688919619749e-02	-1.206941541449029626e-02	1.970794513457399533e-03	-4.641079092563177603e-04	-1.677537932333646859e-05	-3.946566606505456736e-04	-1.126750300206366684e-02	-2.926425336765862343e-05	2.490148085318790415e-03	1.233400387266604583e-03	1.354759657017695542e-04	3.755645792684311258e-04	1.470613101138962665e-04	2.429124582855119848e-05	4.003341873470678269e-03	-1.758143667393958988e-04	1.888001220758369963e-03	1.211671655325907791e-03	3.235783645234557295e-04	5.165835034617942108e-04	3.191348543374787703e-05	-4.067080906380901963e-05	9.066335120748647211e-04	-1.770856449653407134e-05	1.227931243640644279e-02	5.854992389754498476e-04	2.333541895419654179e-04	-1.143679129854873952e-02	1.725476835092895969e-03	-1.928403147447141277e-04	2.711980544560927547e-02
2.670750925434329376e-03	4.197382102128550561e-04	1.652812472253099938e-03	-1.985673123920129177e-04	4.304967774389565748e-04	2.391341095668797706e-04	8.293851631225005079e-04	1.829967208432107997e-05	5.480465812178312787e-03	-2.196070724097082206e-04	3.747096537576175956e-03	-4.688199755936717510e-04	8.768384351402709609e-03	4.002351816468357679e-03	9.694023358087583420e-03	-4.161712136231674949e-03	1.270783260981967096e-02	3.141825131838282045e-04	4.698434833634085837e-03	-5.601325579165775115e-03	3.388021781397073957e-03	5.734206457463281224e-05	5.752654221933362587e-03	-9.962959154058660324e-04	-4.914842057178955576e-04	-2.557602200524585184e-04	-7.324303655864392200e-04	4.729325284830143130e-04	-3.837575709707908081e-04	1.521352167497927541e-03	1.071141996738024429e-03	-1.849895596174335160e-04	5.604305633572619245e-03	7.937229432675937685e-04	1.314418346236840337e-03	-9.646458758971205444e-03	2.203500878164398933e-05	-3.967411411412097647e-03	5.833619911790189749e-04	1.506227522210331141e-03	1.836196748533059329e-04	-3.758949851109757469e-04	-1.584110470259238570e-04	1.799864352684321179e-03	6.013150252274123070e-05	5.547900567320634621e-03	2.332291126592018343e-03	-8.639641678788724218e-04	9.545350944045408875e-04	-1.855360224147525427e-04	3.720945979677722001e-04	1.305132391164699019e-03	1.518715307471628362e-04	2.202761412434922281e-03	1.142563345117579565e-03	-2.540381811267534572e-04	-5.320540330815633120e-05	-1.047263617089497873e-03	6.799861018490146189e-04	4.715755442494497934e-03	3.166138951508935644e-03	9.946974381251336844e-03	4.707065241371592712e-03	-5.467034596880768725e-03
-1.690728991990109425e-04	1.631866186598472396e-03	3.747098870450361018e-03	3.359627167342239254e-04	8.188803902975825763e-04	1.613626855561937814e-04	7.220342238352641588e-05	2.925282591915904064e-04	-1.720394355734871609e-04	1.002690284334496577e-03	1.053803025002104932e-02	-3.113380407061115430e-05	2.070314800136831279e-02	-6.663691067410400411e-04	-1.845229269374039447e-03	-8.977314146570634229e-03	3.141825131838282045e-04	1.311262134185621486e-02	2.253518803654988231e-02	5.759283369785703384e-04	9.355720901783864257e-03	4.179319032989809368e-04	-9.451618590350197122e-05	1.553389749328173801e-03	1.448376979906473047e-04	-7.211271164390216284e-04	-1.804902959130445361e-03	-1.891083019918566037e-04	-1.053114847489395245e-03	-1.362820515643892269e-04	-5.954013861306135271e-05	-4.472448529757363915e-05	-2.352104685989670223e-04	2.431903384786429645e-02	9.774289646072801402e-03	1.783563504601565555e-03	-1.075863622341126586e-03	1.890622480692600530e-03	7.050529487074489289e-04	1.229898938128427648e-02	8.565401835140975086e-05	-6.462297012830638555e-04	1.967583999774515525e-04	-2.156633949667143078e-04	1.378167066250249231e-03	-1.110532391820545693e-04	-9.828376257322604898e-05	-1.681514017397369842e-03	6.705603886186212279e-05	1.325779676616566614e-03	1.769123043967184760e-03	-2.050074242023070743e-05	7.236030536789431981e-04	1.118625732153350551e-04	4.017929839249311728e-05	1.425285737733442137e-04	-4.205743545710140854e-05	-1.102905628621662741e-02	6.074185544000531862e-04	-1.533061314384718838e-03	1.214444250480969066e-02	-4.368085716705811736e-03	-2.198550087421305074e-03	-2.424937876256464536e-02
2.396506912398895439e-04	9.881100430617294726e-04	4.698434909709574628e-03	4.077473627306239502e-05	9.646321409792146199e-04	2.001587467722886230e-04	3.724902974143306372e-04	9.650753559102357435e-05	9.881111098528410838e-04	-1.889359616395308019e-04	2.253518503555980435e-02	-1.225343615526678720e-03	4.767188244800141944e-02	-2.782383311816881595e-03	-8.333391105290945556e-04	-2.351948980432685618e-02	4.698434833634085837e-03	2.253518803654988231e-02	4.804304890891172158e-02	-2.343619423956093666e-03	2.250197553873076878e-02	-3.083232865454663325e-04	1.596688173468737391e-03	2.994430194964188151e-05	4.078183450163630583e-05	-1.225339670689945841e-03	-2.343613930481944999e-03	-8.271575989727192107e-05	-2.250711789762115643e-04	-1.859375918953633212e-04	-2.988796556780485810e-04	-1.438428870028726856e-03	9.646291533154703959e-04	4.767188965719584837e-02	2.250197890792148339e-02	-2.250711133017957888e-04	-3.808061061988473770e-04	2.196048701741736258e-03	1.018398664177362417e-03	2.378160959698298604e-02	2.001637835765363667e-04	-2.782376403219019405e-03	-3.083192894188713966e-04	-1.859448458141755418e-04	2.196048973510137878e-03	1.014090777291894901e-04	1.014377014107821826e-04	-6.096762358899422696e-03	3.724954979399411011e-04	-8.333363708242026756e-04	1.596690295770083774e-03	-2.988949800071395279e-04	1.018400045293749254e-03	1.014322357033974335e-04	1.885866324968554276e-04	-1.509295916328392412e-03	9.650945748506588274e-05	-2.351949150667768940e-02	2.994178394437932208e-05	-1.438431010425396872e-03	2.378160446356303998e-02	-6.096764917972322465e-03	-1.509293513757185758e-03	-5.184340739328836822e-02
-2.696595740648519927e-03	-9.946521819570295795e-05	-7.324350627710815489e-04	1.469262910537021474e-03	-2.689774490843769954e-04	1.465685347303987101e-04	-6.589323410205972717e-04	7.398531485391346657e-05	-4.826089653079925629e-03	4.700573372913587045e-04	-1.804904467871854294e-03	4.924047511374455774e-03	-4.959924072764920928e-03	5.665173976316770395e-03	-4.473624593659342868e-03	2.377674259036878512e-03	-5.601325579165775115e-03	5.759283369785703384e-04	-2.343619423956093666e-03	1.029609449698169234e-02	-1.865726047070762929e-03	4.950053362411156038e-03	1.977765837346022525e-04	8.428334708592084747e-04	8.824007167321753272e-04	1.371075035890839536e-04	4.423350989957196885e-04	-6.425874967835556095e-04	5.116476011962638355e-04	-3.935847992621009390e-04	2.456478161158522945e-04	-6.436812387083537350e-05	4.235036049297320748e-03	-6.843544163599395548e-04	-7.821069355749847487e-04	5.536309620318355385e-03	2.589956645268491121e-04	4.907931736011314321e-03	4.568835057121801470e-03	-8.148789521893397454e-04	-5.731459660504998515e-04	2.577526875358126602e-04	1.412914737069110855e-04	-2.256876189953360766e-04	1.671296901304397122e-04	-1.663414469774901917e-03	-1.608521959658203073e-03	2.364033336413657216e-04	-1.362357813947997348e-03	4.158188815102608184e-04	-7.115606559378814008e-05	1.045468186808066764e-03	-2.898898250644392705e-05	-2.457293191157477476e-04	-6.594212056042765384e-04	1.809725207757288570e-04	-4.513364887539646556e-03	1.113407256036646163e-03	-3.468058708411208375e-04	2.266293613990461346e-04	-2.565727232307962648e-03	-4.449665068854953207e-03	-9.767738030333815089e-03	3.426658348395701138e-03
5.702351156729220782e-04	-8.048395195682902029e-06	1.314416214103840234e-03	-1.660576295661675894e-04	5.198303343628867586e-04	1.484502232412918024e-04	5.946938626247877694e-04	-1.285443869733342032e-05	-1.555106387000612439e-04	-9.773838785186298762e-04	9.774286827813984113e-03	-1.967340422282289064e-05	2.429071992080632930e-02	-7.368167437288444073e-04	9.738240241149987136e-04	-1.216371082183148253e-02	3.388021781397073957e-03	9.355720901783864257e-03	2.250197553873076878e-02	-1.865726047070762929e-03	1.307570482751460247e-02	-2.004137014383963603e-04	1.980126666879503464e-03	-1.516430488629826739e-03	-2.245046137281505390e-04	-8.796934782554837948e-04	-7.821037112985516643e-04	6.694408496104327486e-05	8.091310089177428892e-04	-1.944209952831942381e-04	-5.477298151521698853e-04	-1.464778966587478373e-03	1.255772749170172998e-03	2.077989414880544033e-02	1.052157229020232211e-02	-2.055650663993711588e-03	9.107520113941970251e-04	2.206013702964485716e-04	6.237748749931794822e-04	9.148679035144165195e-03	1.592710765168905480e-05	-2.720224037828588605e-03	-6.618377972840044140e-04	1.058385130535450950e-04	1.166422141383390313e-03	4.582065354116486209e-05	-1.752431478117028689e-05	-4.215764921823632501e-03	3.010979907575944085e-04	-2.092316698505374516e-03	-1.413667031768849666e-04	-3.063585668259593349e-04	5.288817497691933800e-04	-5.538094492045784648e-05	1.668501261506861056e-04	-1.408580920009807908e-03	-4.437193282885422635e-04	-1.206941478076724306e-02	-6.138356988311804985e-04	9.812043011815691114e-04	1.111691300562198809e-02	-1.075120131458751592e-03	9.982290650517793658e-05	-2.433678843407695302e-02
-1.958167570985056027e-04	2.985132842423086788e-05	-1.584135617694045568e-04	4.162590953430677374e-04	-1.564667953428432504e-04	3.172791262291078506e-04	6.357259421127521397e-04	1.202964220875316217e-04	-4.101406635868888942e-03	4.451560639169448077e-04	1.967567803150664933e-04	4.320177091818841290e-03	-5.961741260994478202e-04	5.295415205588735637e-03	6.284661189302557767e-04	6.577905279439742389e-04	5.734206457463281224e-05	4.179319032989809368e-04	-3.083232865454663325e-04	4.950053362411156038e-03	-2.004137014383963603e-04	5.085866980867733041e-03	5.014782847835930549e-03	3.694478508040947807e-04	1.441803015315147552e-04	5.881532392988344420e-06	1.412927696821452230e-04	-1.252146681650406681e-04	3.190981229404857267e-04	6.402040058960131274e-05	-2.828807709217934729e-04	-1.593783684477220709e-04	4.235107186447982161e-03	-8.567547362453074942e-04	-6.618399339889257001e-04	3.696092370567256131e-04	-3.842804566912990088e-05	5.140512261556259149e-03	4.345026026911717743e-03	-1.083581921119127444e-04	-6.026348330453832215e-04	3.413500115793252567e-05	7.620662778217397802e-05	4.583649505660179931e-04	1.699097605185861655e-04	1.236103235575723811e-04	-7.517193449863994502e-04	-1.406018288619507181e-04	-5.384971868003947913e-04	1.082485082066762702e-04	-1.174893246615996058e-05	6.229642344953273923e-04	1.825392798359113013e-06	4.443280328086285542e-04	5.394719991818569489e-05	3.420283970243068487e-05	-4.411645587277477146e-03	1.233402660759963000e-03	4.882102114595816052e-04	4.765873426287816142e-03	-4.266418485962327357e-04	1.476694664516655536e-04	-4.695667342677916148e-03	1.030532689294653709e-03
1.151367580021349021e-03	1.043626916191715348e-04	3.720920600156431453e-04	7.193166983099682089e-05	-5.993633028856200010e-05	2.514062195989774824e-04	1.062928892786565039e-03	8.832712534968412013e-05	-4.219825028270869118e-03	5.091867630838079611e-04	1.769121515505399887e-03	4.621967154794962701e-03	3.582560657442757611e-03	5.106015317766255356e-03	5.766599940592082377e-03	-1.311316991081827154e-03	5.752654221933362587e-03	-9.451618590350197122e-05	1.596688173468737391e-03	1.977765837346022525e-04	1.980126666879503464e-03	5.014782847835930549e-03	1.045722346642075085e-02	-7.412714758395333014e-04	-1.703848123538681341e-04	-6.168336866125100743e-05	-7.115259014635603085e-05	4.317870097333251938e-04	3.348369939469568891e-04	9.866867294378374627e-04	5.003391108927803454e-04	-2.241029144316826949e-04	5.082408566194069124e-03	-1.338126129974396943e-03	-1.413674767237552967e-04	-4.821859350007741060e-03	1.425303799774184322e-04	5.497966409545901496e-03	5.010542304425246937e-03	-8.260916123863567824e-05	-4.601744946724241597e-04	-1.555953097766813202e-04	-1.174766878181946915e-05	2.031990191017236328e-03	2.268264686380892586e-04	3.194667604810019768e-03	8.735587538813221423e-04	-5.023637276281682496e-04	-6.886284488383644185e-06	1.893222294367244218e-05	1.352347854393828853e-04	1.511008876352493927e-03	7.113025699744656295e-05	1.412614576538721682e-03	7.286465388070299202e-04	-7.245995769349500152e-05	-4.647677181334538762e-03	1.211671940166348304e-03	7.106511982137386860e-04	9.952853680124527230e-03	1.048206915079690936e-03	4.837151141380073918e-03	-1.884143831351386348e-04	-1.012657336274571046e-03
-3.240104090191341102e-04	6.117927214710609535e-04	6.799883951609218564e-04	1.842980417288284849e-04	-2.904887539268725255e-04	-1.367708686407737104e-05	-2.274156725744503878e-04	3.658742147438785231e-04	3.471032936194546779e-04	7.101505591057936374e-06	6.074200951475721214e-04	-7.875104348756479166e-05	-1.128417581445904060e-03	1.997633057223727562e-04	-7.625951429548798394e-04	1.486080310166933887e-03	-9.962959154058660324e-04	1.553389749328173801e-03	2.994430194964188151e-05	8.428334708592084747e-04	-1.516430488629826739e-03	3.694478508040947807e-04	-7.412714758395333014e-04	2.400894124337818458e-03	1.169876942799018629e-04	1.141108905353602944e-05	-3.468067120544165820e-04	-5.773958966211482826e-05	-3.587333283301024408e-04	1.031800675739087333e-04	2.297406667870527971e-04	3.739309531020998129e-04	-7.463807230660187818e-04	1.170573545937807387e-03	-6.138351295996284131e-04	1.383704494954502654e-03	-3.420713069069766376e-05	5.611076718938178519e-04	-8.509932581066022284e-05	1.502084308469258268e-03	1.383084731498275907e-05	6.343372837882067013e-04	4.882103442892099781e-04	-9.282856476919394901e-05	3.566394204422234748e-04	3.646107529640707804e-07	-1.262169059995131635e-05	6.856230146182833683e-04	-9.504940235205834543e-05	1.113195432652791181e-03	7.106525062533430512e-04	1.494508952150945460e-04	7.533179829898843124e-06	1.241213022219830214e-04	-3.217688397117154171e-05	6.943390661387474540e-04	4.627926630673049029e-04	5.854983623292995360e-04	1.688673480737196055e-03	-1.060600776040239966e-03	6.590461222650614024e-04	-1.045394546987842878e-03	-6.036601338920159678e-04	-1.469375943516731627e-05
-2.338506240906210176e-02	1.094078333248760249e-03	-1.985698797994128501e-04	1.165030533311054231e-02	1.932946242030511683e-04	7.543476625587418587e-04	-9.985978984878417924e-03	1.484414573506480459e-04	1.753995831057676182e-03	1.806631952494783841e-04	3.359682242378614261e-04	-7.568897517036905689e-04	-2.559685874304356472e-04	-3.207811075546497743e-04	1.569270073573504273e-03	2.952071401908149787e-04	-4.914842057178955576e-04	1.448376979906473047e-04	4.078183450163630583e-05	8.824007167321753272e-04	-2.245046137281505390e-04	1.441803015315147552e-04	-1.703848123538681341e-04	1.169876942799018629e-04	1.327553099945111455e-02	-4.178338912030974805e-04	1.469263239235936783e-03	-1.370799030789076603e-03	3.115063710118402829e-03	1.022839256137619141e-02	2.411119341048148165e-02	-1.795278422370387341e-03	-1.349391193155423212e-03	-1.424146368053146657e-04	-1.660559773534619370e-04	3.834842452019184000e-03	-6.089102012070760242e-06	1.477290040690564226e-03	-3.405461961018498078e-05	-2.462849813589400630e-04	1.250626077505946881e-03	9.800024538805237684e-05	4.162579478184557291e-04	9.020999227777505222e-03	9.472777084483471367e-04	2.220403047043595368e-02	1.148931327335524569e-02	-1.514832269244015348e-03	-1.049370247714383891e-02	1.389887517461367399e-03	7.192855952105576894e-05	2.339404560927777627e-02	3.334793174722899627e-04	1.215461282657417236e-02	8.137763163237215526e-04	-6.219961985573597757e-04	1.165471075916214676e-03	1.598566490846844881e-04	1.842999226545180460e-04	-2.300180644837518211e-03	-7.765069876928179364e-05	-1.854936367970140641e-03	3.105437265324522940e-04	3.736884253279092356e-04
1.023337254258534397e-03	-5.044317578267539307e-03	-4.688199936686347725e-04	-7.568894044207375230e-04	4.292791235604442868e-03	-4.658031673838834317e-04	3.655808491040620520e-06	-4.393000676849248727e-03	-1.922907313870332840e-04	5.519123527473766616e-04	-3.113212583323924070e-05	1.968522754925802916e-04	-1.818307253138682668e-03	1.312199332745375853e-04	-2.055840525588747758e-05	1.278343199394519920e-03	-2.557602200524585184e-04	-7.211271164390216284e-04	-1.225339670689945841e-03	1.371075035890839536e-04	-8.796934782554837948e-04	5.881532392988344420e-06	-6.168336866125100743e-05	1.141108905353602944e-05	-4.178338912030974805e-04	5.137605217245436867e-03	4.924048590431238936e-03	3.402995578792883001e-04	-3.672566779076275436e-04	3.200627044309677940e-04	-6.396947163111394233e-04	5.383876250008781152e-03	3.339851801747999334e-05	-1.628470462820552633e-03	-1.967115533654685674e-05	-1.750550487325366390e-04	4.079038413092306564e-04	-1.030045302190890307e-04	-2.810621120640042353e-05	-1.140943211281596550e-03	-3.781174632593722949e-05	5.331426366812887577e-03	4.320177790905942866e-03	-2.467965446148255950e-04	4.209080100487300365e-03	-9.588121045014257092e-04	-6.482486607127940781e-04	8.137137978879891657e-04	6.797272363769344978e-04	8.772790519695307441e-05	4.621967753254317690e-03	-1.401464301915604114e-03	4.427600098795806891e-03	-1.357795199102307957e-03	-3.954803841755924086e-04	-4.688425351443905632e-03	-7.037591746411139978e-05	1.153785629528524198e-03	-7.875093246552804000e-05	2.234482205605601646e-04	-1.248954435920644887e-03	3.292089184199411146e-04	4.984443139614571337e-05	2.215639775780282178e-03
-2.696596127721018546e-03	-4.826089265290630162e-03	-5.601325126040831298e-03	8.824007459838460743e-04	4.235036691876517198e-03	-5.731467737082749292e-04	-1.362358770750186909e-03	-4.513365194327520306e-03	-9.946064612308619997e-05	4.700562258515566952e-04	5.759304889749182780e-04	1.371061407662010889e-04	-6.843487468099662858e-04	2.577552200409497906e-04	4.158256639015273787e-04	1.113403398418089541e-03	-7.324303655864392200e-04	-1.804902959130445361e-03	-2.343613930481944999e-03	4.423350989957196885e-04	-7.821037112985516643e-04	1.412927696821452230e-04	-7.115259014635603085e-05	-3.468067120544165820e-04	1.469263239235936783e-03	4.924048590431238936e-03	1.029609544473766153e-02	-6.425882988131284643e-04	5.536308031937432934e-03	-2.256882482252287948e-04	1.045468469312330452e-03	2.266301873792520244e-04	-2.689763068526542693e-04	-4.959918995868806482e-03	-1.865722745879790870e-03	5.116472382804721246e-04	2.589964402515081534e-04	1.671285893837209490e-04	-2.898890687982270324e-05	-2.565725699059822652e-03	1.465685092114241627e-04	5.665176894901341464e-03	4.950054706842149654e-03	-3.935849696134710476e-04	4.907931030728738056e-03	-1.663414426355818050e-03	-2.457284942196647209e-04	-4.449663068505946978e-03	-6.589320049032241881e-04	-4.473621234025355192e-03	1.977781364324587984e-04	2.456471955084946895e-04	4.568834729859454040e-03	-1.608522866816483642e-03	-6.594209165759988816e-04	-9.767737424017718800e-03	7.398737429685007367e-05	2.377671319773758292e-03	8.428333172152379900e-04	-6.437049695759398146e-05	-8.148768022494503249e-04	2.364063836578486947e-04	1.809758759270587174e-04	3.426652467226680605e-03
8.439727695817461108e-04	-1.868602139676120845e-04	4.729336824886878855e-04	-1.370798704854316302e-03	-4.326390026647342806e-04	-6.274194130940538279e-06	-7.683318325634274065e-04	1.240383255548207120e-04	-1.868614423464742542e-04	-5.691134598944734937e-05	-1.891098994126622621e-04	3.403000617561307314e-04	-6.685504321054458129e-05	5.433061993441904792e-04	1.025631010358870818e-03	4.328290660404305560e-05	4.729325284830143130e-04	-1.891083019918566037e-04	-8.271575989727192107e-05	-6.425874967835556095e-04	6.694408496104327486e-05	-1.252146681650406681e-04	4.317870097333251938e-04	-5.773958966211482826e-05	-1.370799030789076603e-03	3.402995578792883001e-04	-6.425882988131284643e-04	2.419563059562994736e-03	-9.808196042974811572e-04	1.703717809337534916e-03	3.363331956805867178e-04	7.855583934478509080e-04	-4.326387655136884093e-04	-6.685346120014649203e-05	6.694448759759466690e-05	-9.808191694034319990e-04	3.230450235596788063e-05	-7.842807095255728903e-04	-5.449364557367460723e-04	2.047985522018933217e-05	-6.274353284546288777e-06	5.433064004880926862e-04	-1.252148708524095913e-04	1.703718650137697917e-03	-7.842811768556704703e-04	1.614393753502197260e-03	-3.980006820988485653e-04	1.328353059508026544e-03	-7.683317739851285109e-04	1.025632961705887948e-03	4.317875282867460456e-04	3.363342878139711513e-04	-5.449368031941930011e-04	-3.980006175564308225e-04	-1.681877649005814393e-03	1.065716246947404338e-03	1.240378199210429174e-04	4.328156790995058728e-05	-5.774072970628789305e-05	7.855585796242423773e-04	2.047933307275699193e-05	1.328352032784050306e-03	1.065714945972380230e-03	-1.198587241298972768e-05
-8.191968330697584760e-03	-3.644515223245154215e-03	-9.646456439771662963e-03	3.834840249181228553e-03	-5.948959762426256001e-03	2.368491716425269011e-04	-3.373598429850391614e-03	8.813529405561719692e-04	5.564817389458003288e-04	4.345716067996793211e-04	1.783562563216092942e-03	-1.750545070032940112e-04	3.956308365842489509e-03	2.981542334759883445e-04	1.619465199205658533e-03	-6.530318419543923707e-04	-3.837575709707908081e-04	-1.053114847489395245e-03	-2.250711789762115643e-04	5.116476011962638355e-04	8.091310089177428892e-04	3.190981229404857267e-04	3.348369939469568891e-04	-3.587333283301024408e-04	3.115063710118402829e-03	-3.672566779076275436e-04	5.536308031937432934e-03	-9.808196042974811572e-04	1.361679100714841342e-02	1.263046726748514649e-04	4.515863118382740411e-03	-6.378270593856342693e-03	-6.157434722493192701e-04	-4.543742187584844279e-03	-2.055649804703813671e-03	1.695113800817055726e-03	-4.241566580929083158e-04	6.774060374614499294e-04	-4.394846080211811554e-05	-9.182171029165054309e-04	1.288863082224735439e-04	-4.427714515991013934e-03	3.696100359178823092e-04	9.459974793760810019e-04	5.873182208177061756e-03	1.653309820997538341e-04	1.236414464748614292e-03	-1.040044206562945432e-02	-2.916492173189539662e-03	-9.807222310238304652e-03	-4.821856211850415047e-03	4.842682563483065826e-03	-1.039936462715343674e-04	6.666681478391493776e-04	-6.472872559175256403e-04	-4.562125572895155134e-03	4.097870017797704484e-04	1.970792131676616515e-03	1.383703937142809768e-03	-7.840335518230609393e-04	1.602363949869279464e-03	-4.100645195285699271e-04	5.057328285606936362e-04	3.127186620221078387e-04
-2.114998683820732209e-02	7.706398818927754323e-04	1.799864002592338648e-03	9.021000879177353687e-03	7.660024794836473960e-05	-1.261403578979922516e-03	-1.140871577178524318e-02	1.146283578260485776e-04	2.239018185772947110e-03	8.075457773136804167e-05	-2.156604349760744247e-04	-2.467963569925586426e-04	-6.264862772047492725e-04	1.828022640495031471e-03	4.633658697888903485e-03	5.647917151945802423e-04	1.521352167497927541e-03	-1.362820515643892269e-04	-1.859375918953633212e-04	-3.935847992621009390e-04	-1.944209952831942381e-04	6.402040058960131274e-05	9.866867294378374627e-04	1.031800675739087333e-04	1.022839256137619141e-02	3.200627044309677940e-04	-2.256882482252287948e-04	1.703717809337534916e-03	1.263046726748514649e-04	1.470350733942171230e-02	2.537918943832081359e-02	6.935349405902365479e-04	-1.204660816607156437e-03	-2.254627291883483245e-04	1.058416531744109124e-04	9.459994730962079275e-04	1.200025231955817418e-04	-8.423076606116624166e-04	-7.547901745926109598e-04	-2.097565993804627587e-04	-7.701597460286505005e-04	1.738575115077818384e-03	4.583633570416432556e-04	1.283501360478109254e-02	-5.544735119480134842e-04	2.716862313811469615e-02	1.124392664861454880e-02	2.148713830627370282e-03	-1.214418876213334969e-02	4.431130392429125792e-03	2.031987763070168974e-03	2.458654656493602930e-02	-1.317112512876796970e-04	1.179198123223671422e-02	-4.413354347063991887e-04	1.746764771029701716e-03	1.337096081799569146e-03	1.354732358987562535e-04	-9.282885608297322775e-05	-6.762395334107466991e-04	-2.503186727987382417e-04	1.921502106563553833e-03	2.276498310139389927e-03	4.630079754465432889e-04
-4.811251100602424030e-02	3.150958307655260353e-03	1.305129769453751941e-03	2.339404802304591996e-02	-1.208880322977180007e-03	-2.985267087561011392e-04	-2.417949426119155726e-02	1.437380421998343209e-03	3.902249704844012144e-03	1.445103939798917444e-04	-2.049264218548264713e-05	-1.401464179048707119e-03	-8.137101125353735304e-04	7.857045956767918799e-04	6.246186233767211243e-03	6.158088450869717793e-04	1.071141996738024429e-03	-5.954013861306135271e-05	-2.988796556780485810e-04	2.456478161158522945e-04	-5.477298151521698853e-04	-2.828807709217934729e-04	5.003391108927803454e-04	2.297406667870527971e-04	2.411119341048148165e-02	-6.396947163111394233e-04	1.045468469312330452e-03	3.363331956805867178e-04	4.515863118382740411e-03	2.537918943832081359e-02	5.365854980186006429e-02	-2.315686720566091997e-03	-2.318397826479200001e-03	-5.415907702114454002e-04	-3.063527689256541841e-04	4.842688018346173046e-03	-4.337363138748433482e-05	-1.388968443505425067e-04	-1.156750389906542175e-03	-3.092273471701138636e-04	3.493978723731091781e-04	1.772875841119068204e-03	6.229613532157407280e-04	2.458654536719328057e-02	5.707164614031784433e-04	5.290818386839428455e-02	2.551149573554191072e-02	2.660664242950728413e-04	-2.353691722643022274e-02	6.445497825910719708e-03	1.511003306118615828e-03	5.203818156137207662e-02	-3.439621756770878513e-04	2.479702586904590500e-02	3.248533886730977770e-04	1.937328237933527578e-03	2.421671668713610334e-03	3.235724128946786235e-04	1.494517192667737886e-04	-3.359346329679901901e-03	-2.152874270822380243e-04	6.352668893529284859e-05	2.849154166247697476e-03	6.829296988273556631e-04
4.954967258433908180e-03	-5.779436295137576479e-03	4.715756503182465080e-03	-2.300179986578830202e-03	5.356739144172094520e-03	-5.341148854586540195e-04	1.734384990126534420e-03	-5.436467389496393854e-03	-3.895592031482799245e-04	4.942935312910183739e-04	-1.533059920468234430e-03	2.234490335616769511e-04	-4.329436227339248863e-03	3.603719489742035357e-06	-6.238176074084592852e-04	2.425788264259967110e-03	-1.849895596174335160e-04	-4.472448529757363915e-05	-1.438428870028726856e-03	-6.436812387083537350e-05	-1.464778966587478373e-03	-1.593783684477220709e-04	-2.241029144316826949e-04	3.739309531020998129e-04	-1.795278422370387341e-03	5.383876250008781152e-03	2.266301873792520244e-04	7.855583934478509080e-04	-6.378270593856342693e-03	6.935349405902365479e-04	-2.315686720566091997e-03	1.159899494490227584e-02	1.889830725519034936e-04	4.508159062262216406e-04	9.812054605599120072e-04	-7.840344309358090319e-04	3.323930053435899374e-04	-4.117112359401555312e-04	-4.248864719672513026e-05	-6.250589764824662341e-04	2.080539460146004318e-04	5.253537377404478292e-03	4.765873648347331015e-03	-6.762400268507998396e-04	4.623699016142179818e-03	-3.654766274068405063e-04	-6.693283957364527890e-04	6.239035405066216226e-03	2.645091224277439958e-03	4.567174281918694352e-03	9.952854384601597659e-03	-3.359346154752033270e-03	4.831999204963978098e-03	-9.275187327168372964e-04	4.570523201454079602e-04	-3.344899635822787352e-04	-2.087219137356925063e-04	2.333546661774186376e-04	-1.060600009929100161e-03	5.331347171899109699e-04	-2.029506052528954208e-03	6.066009242379799852e-04	-8.620053455053157344e-05	2.499149850193760000e-03
3.076650034280011339e-03	-1.219821091167190498e-04	4.304988710905709561e-04	1.932950037822229734e-04	3.641213813853541982e-04	4.951929735732056538e-04	1.575494806543821947e-03	-1.634274573320228165e-04	-4.846142605195534860e-04	-8.010329391196823801e-05	8.188775320399027755e-04	4.292790580165409958e-03	2.339014311869625114e-03	8.286425717271311830e-03	3.999066891058128230e-03	-1.694085414132192637e-03	5.604305633572619245e-03	-2.352104685989670223e-04	9.646291533154703959e-04	4.235036049297320748e-03	1.255772749170172998e-03	4.235107186447982161e-03	5.082408566194069124e-03	-7.463807230660187818e-04	-1.349391193155423212e-03	3.339851801747999334e-05	-2.689763068526542693e-04	-4.326387655136884093e-04	-6.157434722493192701e-04	-1.204660816607156437e-03	-2.318397826479200001e-03	1.889830725519034936e-04	1.055107150100255582e-02	-1.136193352428188814e-03	5.198306115958007930e-04	-5.948960661707183503e-03	6.442992366709282765e-04	2.400292581063998075e-04	5.120186076667766414e-03	-4.362385773662067444e-04	-3.262212568366975457e-04	-2.180316251698237462e-04	-1.564658733720661018e-04	7.660121072261627062e-05	-7.888968283581375396e-05	6.815073934290584348e-05	-5.376025848564678147e-04	-2.883210843918208627e-04	1.668576304975650593e-03	-6.338548146921712482e-04	-5.993407640377589003e-05	-1.208879788024291163e-03	1.584875929384492780e-04	-1.833930354154377984e-05	6.523360839629001057e-04	-3.672144129583938647e-04	-5.198462381843909838e-03	3.108521712235603118e-04	-2.904902555410201126e-04	5.356737864104926805e-03	-6.697194202441489851e-04	4.529137564789688028e-03	-5.596673345585270395e-03	-4.605488332624256618e-04
6.324851684148118406e-04	3.108884057674878888e-03	8.768385960270644319e-03	-2.559767152527408140e-04	2.339017442805765672e-03	1.855913561364759469e-04	4.308952947480178090e-04	4.525155840371893924e-04	-1.518491057979643724e-04	-5.693647289210765393e-04	2.070314780760128259e-02	-1.818310743833742929e-03	4.363159735708696529e-02	-5.097765505820148549e-03	-5.470398348292634765e-03	-2.259778688919619749e-02	7.937229432675937685e-04	2.431903384786429645e-02	4.767188965719584837e-02	-6.843544163599395548e-04	2.077989414880544033e-02	-8.567547362453074942e-04	-1.338126129974396943e-03	1.170573545937807387e-03	-1.424146368053146657e-04	-1.628470462820552633e-03	-4.959918995868806482e-03	-6.685346120014649203e-05	-4.543742187584844279e-03	-2.254627291883483245e-04	-5.415907702114454002e-04	4.508159062262216406e-04	-1.136193352428188814e-03	5.397631095435938275e-02	2.429072583260995233e-02	3.956305730459196840e-03	-6.745223205024766539e-04	3.271814901111826275e-03	4.901126353522755781e-04	2.612511267454645930e-02	2.482592421899947532e-04	-1.454957099341266762e-03	-5.961701003985393418e-04	-6.264913513236841907e-04	1.253382929136843136e-04	-2.509276492856436064e-04	-1.413338559561164750e-04	-1.840593873275742044e-03	5.405592891955599954e-04	3.752390093401146171e-03	3.582563165125229009e-03	-8.137265537980712792e-04	6.255317783852465830e-04	1.072189073825907522e-04	1.610236370763216485e-04	1.364492559926640779e-03	5.538782459829838176e-04	-2.598836035283235563e-02	-1.128420325318907000e-03	-4.329437272692903196e-03	2.286963405015308287e-02	-1.028026414490766649e-02	-3.419393567481672936e-03	-5.314375525070026002e-02
5.702372382575206147e-04	-1.555114037196544637e-04	3.388021918278219698e-03	-2.245091307771444455e-04	1.255774293690229554e-03	1.592463159945172005e-05	3.010961159864377853e-04	-4.437205619474940584e-04	-8.046896258210246882e-06	-9.773836907348521993e-04	9.355720864514114471e-03	-8.796952134323784327e-04	2.077989341324078254e-02	-2.720226521867847615e-03	-2.092316868895146252e-03	-1.206941541449029626e-02	1.314418346236840337e-03	9.774289646072801402e-03	2.250197890792148339e-02	-7.821069355749847487e-04	1.052157229020232211e-02	-6.618399339889257001e-04	-1.413674767237552967e-04	-6.138351295996284131e-04	-1.660559773534619370e-04	-1.967115533654685674e-05	-1.865722745879790870e-03	6.694448759759466690e-05	-2.055649804703813671e-03	1.058416531744109124e-04	-3.063527689256541841e-04	9.812054605599120072e-04	5.198306115958007930e-04	2.429072583260995233e-02	1.307570780283007043e-02	8.091288236555262657e-04	9.107518860032813839e-04	1.166420915760954741e-03	5.288812825085914245e-04	1.111691617826749898e-02	1.484513317817905912e-04	-7.368126646747848217e-04	-2.004113620559530920e-04	-1.944241679619447343e-04	2.206018062987550959e-04	4.581963526546206362e-05	-5.538007680526489500e-05	-1.075118371483148403e-03	5.946963834866038270e-04	9.738260722436923754e-04	1.980128076501196273e-03	-5.477392211390366564e-04	6.237755608663924159e-04	-1.752784734603151273e-05	1.668496116101758902e-04	9.982204956195356131e-05	-1.285378883839408465e-05	-1.216371270194316345e-02	-1.516431639201443020e-03	-1.464779104887704462e-03	9.148678122191080536e-03	-4.215764777230373260e-03	-1.408579651522468869e-03	-2.433679048095306607e-02
-8.191971464240312140e-03	5.564754673235763893e-04	-3.837654837597016181e-04	3.115064917752060833e-03	-6.157448074318499966e-04	1.288856995971360514e-04	-2.916495055773363210e-03	4.097850051162917973e-04	-3.644516105160363045e-03	4.345739523655555055e-04	-1.053112837363768097e-03	-3.672560848526770175e-04	-4.543742984034001772e-03	-4.427714886677007119e-03	-9.807225472493279889e-03	1.970794513457399533e-03	-9.646458758971205444e-03	1.783563504601565555e-03	-2.250711133017957888e-04	5.536309620318355385e-03	-2.055650663993711588e-03	3.696092370567256131e-04	-4.821859350007741060e-03	1.383704494954502654e-03	3.834842452019184000e-03	-1.750550487325366390e-04	5.116472382804721246e-04	-9.808191694034319990e-04	1.695113800817055726e-03	9.459994730962079275e-04	4.842688018346173046e-03	-7.840344309358090319e-04	-5.948960661707183503e-03	3.956305730459196840e-03	8.091288236555262657e-04	1.361679241107566218e-02	-4.241573056784603930e-04	5.873180918782356166e-03	-1.039948670768194906e-04	1.602363113798804459e-03	2.368512010709167520e-04	2.981463832295052057e-04	3.190951554962623304e-04	1.263054032417234370e-04	6.774064867366201646e-04	1.653337656777725253e-04	6.666722437824851820e-04	-4.100740570688653306e-04	-3.373597482584949746e-03	1.619448080097559773e-03	3.348284022646073259e-04	4.515864796625039881e-03	-4.394899971983741747e-05	1.236414757215374520e-03	-6.472867256690698198e-04	5.057251030838394792e-04	8.813531091417295925e-04	-6.530278046111494435e-04	-3.587313808138741325e-04	-6.378269552961883526e-03	-9.182171186948298244e-04	-1.040043905236623725e-02	-4.562124310996534815e-03	3.127230124788804447e-04
1.243634811978025804e-04	-4.728781306564580188e-04	2.203422670982621128e-05	-6.089269853474979754e-06	6.442992877890925570e-04	-3.095719858369807149e-05	1.038409525507975255e-04	-1.862358671802049042e-04	-4.728773671152733133e-04	-1.493005444249979842e-03	-1.075863539058912344e-03	4.079034202841892200e-04	-6.745222284317627538e-04	5.600084264818159092e-05	-1.321072214926752352e-04	-4.641079092563177603e-04	2.203500878164398933e-05	-1.075863622341126586e-03	-3.808061061988473770e-04	2.589956645268491121e-04	9.107520113941970251e-04	-3.842804566912990088e-05	1.425303799774184322e-04	-3.420713069069766376e-05	-6.089102012070760242e-06	4.079038413092306564e-04	2.589964402515081534e-04	3.230450235596788063e-05	-4.241566580929083158e-04	1.200025231955817418e-04	-4.337363138748433482e-05	3.323930053435899374e-04	6.442992366709282765e-04	-6.745223205024766539e-04	9.107518860032813839e-04	-4.241573056784603930e-04	2.236423944205322405e-03	-3.403331262106201434e-04	3.058806671996412035e-04	-1.618696648890642154e-03	-3.095767398616617553e-05	5.600154354176358092e-05	-3.842750319635374919e-05	1.200020204365540542e-04	-3.403329061068062792e-04	1.088358643411300249e-04	-1.028628140494068817e-04	2.615418069272728392e-04	1.038404085573612230e-04	-1.321070240450394927e-04	1.425307154141165441e-04	-4.337423314982334269e-05	3.058807853194693040e-04	-1.028619031605456491e-04	-8.019861327216444948e-06	-2.640870797634340653e-04	-1.862353639149995159e-04	-4.641073516748356895e-04	-3.420673895328559661e-05	3.323927830812833419e-04	-1.618696450782497898e-03	2.615413150006342009e-04	-2.640867392004687042e-04	1.085919560809622776e-03
-1.930577577832365884e-03	1.445557398791722664e-04	6.012968803072527496e-05	9.472797044009960638e-04	-7.888890084787499577e-05	6.568520832445218227e-04	9.333976041767633961e-04	6.762685140046971737e-05	-8.105136131126108867e-03	9.947343671847363317e-04	1.378167362157905682e-03	4.209080519741765711e-03	1.253368679938095937e-04	8.524497289759467959e-05	-4.392776364165459219e-03	-1.677537932333646859e-05	-3.967411411412097647e-03	1.890622480692600530e-03	2.196048701741736258e-03	4.907931736011314321e-03	2.206013702964485716e-04	5.140512261556259149e-03	5.497966409545901496e-03	5.611076718938178519e-04	1.477290040690564226e-03	-1.030045302190890307e-04	1.671285893837209490e-04	-7.842807095255728903e-04	6.774060374614499294e-04	-8.423076606116624166e-04	-1.388968443505425067e-04	-4.117112359401555312e-04	2.400292581063998075e-04	3.271814901111826275e-03	1.166420915760954741e-03	5.873180918782356166e-03	-3.403331262106201434e-04	1.126402735318508472e-02	5.212603485562247209e-03	2.055781903702162162e-03	1.739643509783954321e-05	-1.427822594720525029e-04	1.699078874180176080e-04	-5.544705772335035586e-04	5.902888279258877973e-04	-1.829539508172711845e-03	-7.016593373471242869e-04	-9.083715909271170745e-04	-6.185783650773332178e-04	3.260259340570933594e-04	2.268226814458125973e-04	5.707210981049122686e-04	1.797914786226277508e-04	4.576709663109716970e-04	3.536061028412026920e-04	-1.753986252800238880e-04	-4.310355980510044774e-03	3.755668547128857286e-04	3.566396684588090424e-04	4.623699964138480202e-03	4.600195250922259815e-04	-6.147266118929602466e-03	-5.188893792223439605e-03	-1.571505202097590349e-03
5.927845835451523663e-04	-2.826974765035257788e-05	1.518717212285320122e-04	3.334806924369476634e-04	1.584880941142800944e-04	2.003940596004306625e-04	1.036423020775127353e-03	-6.692447887701731643e-05	-4.231288990738464942e-03	5.583426571230502844e-04	7.236019499293096235e-04	4.427600265212347161e-03	6.255301429578012055e-04	4.365324704254393805e-03	-1.534036701554947180e-04	-3.946566606505456736e-04	5.833619911790189749e-04	7.050529487074489289e-04	1.018398664177362417e-03	4.568835057121801470e-03	6.237748749931794822e-04	4.345026026911717743e-03	5.010542304425246937e-03	-8.509932581066022284e-05	-3.405461961018498078e-05	-2.810621120640042353e-05	-2.898890687982270324e-05	-5.449364557367460723e-04	-4.394846080211811554e-05	-7.547901745926109598e-04	-1.156750389906542175e-03	-4.248864719672513026e-05	5.120186076667766414e-03	4.901126353522755781e-04	5.288812825085914245e-04	-1.039948670768194906e-04	3.058806671996412035e-04	5.212603485562247209e-03	5.140904045969793904e-03	3.337834982413538675e-04	-2.689721654253413117e-04	-1.381817799187936885e-04	1.825004177312701385e-06	-1.317091260925553242e-04	1.797909027101374192e-04	-8.078829547084190928e-04	-7.426788078883477797e-04	-3.932229632278603040e-04	3.972909047943873210e-04	-1.370640994166651952e-04	7.112944252543715491e-05	-3.439592722175374836e-04	1.883716505746730479e-04	4.250065433783087006e-05	4.375168530129977919e-04	-2.319209113938914971e-04	-4.413061145722376247e-03	5.165835693133259037e-04	7.532514132445066159e-06	4.831999220666500713e-03	-3.503678079981717083e-04	-4.517783399245980285e-04	-5.269310167925326562e-03	-3.238805823195209138e-04
2.147352234016815633e-04	1.468585518537847976e-03	3.166140858990027559e-03	-7.765461403706801690e-05	-6.697182420044916693e-04	1.845444239329427057e-04	1.339339391563207794e-04	8.900333480207895222e-04	1.093566228075490161e-03	4.870504308997900184e-04	1.214444330492071150e-02	-1.248956002603077327e-03	2.286963527635105242e-02	-2.148446914202066949e-03	-1.560004504591791128e-03	-1.126750300206366684e-02	1.506227522210331141e-03	1.229898938128427648e-02	2.378160959698298604e-02	-8.148789521893397454e-04	9.148679035144165195e-03	-1.083581921119127444e-04	-8.260916123863567824e-05	1.502084308469258268e-03	-2.462849813589400630e-04	-1.140943211281596550e-03	-2.565725699059822652e-03	2.047985522018933217e-05	-9.182171029165054309e-04	-2.097565993804627587e-04	-3.092273471701138636e-04	-6.250589764824662341e-04	-4.362385773662067444e-04	2.612511267454645930e-02	1.111691617826749898e-02	1.602363113798804459e-03	-1.618696648890642154e-03	2.055781903702162162e-03	3.337834982413538675e-04	1.499907653143879756e-02	4.303664561215106031e-05	-1.209213275924802319e-03	-4.266400140916322067e-04	-2.503213735785509786e-04	4.600207349407762093e-04	-1.026415810528132273e-04	-1.730240285475181385e-05	-1.900081173760679535e-03	1.528038078015767087e-04	1.128902064323089377e-03	1.048208966825238050e-03	-2.152957106757937716e-04	-3.503668679740472498e-04	3.278154689948584296e-04	1.176491999059790837e-04	1.048334124687585718e-03	5.545122588060168254e-04	-1.143679465416309708e-02	6.590447826318410760e-04	-2.029506843160718693e-03	1.257436812607880955e-02	-4.583534218665652644e-03	-1.157285031165852318e-03	-2.729699716601269657e-02
-4.644346540029752621e-05	1.865878911558328847e-05	2.391332351088135372e-04	7.543489461543650965e-04	4.951922725027265316e-04	1.507570806605899221e-03	7.400141863553196236e-04	-3.897215236391068927e-04	6.487563164265261560e-04	-6.821906900141248571e-06	1.613658823508265830e-04	-4.658030447300845305e-04	1.855965222139525309e-04	-1.022169845470372821e-03	-2.333246942071926303e-04	-2.926425336765862343e-05	1.836196748533059329e-04	8.565401835140975086e-05	2.001637835765363667e-04	-5.731459660504998515e-04	1.592710765168905480e-05	-6.026348330453832215e-04	-4.601744946724241597e-04	1.383084731498275907e-05	1.250626077505946881e-03	-3.781174632593722949e-05	1.465685092114241627e-04	-6.274353284546288777e-06	1.288863082224735439e-04	-7.701597460286505005e-04	3.493978723731091781e-04	2.080539460146004318e-04	-3.262212568366975457e-04	2.482592421899947532e-04	1.484513317817905912e-04	2.368512010709167520e-04	-3.095767398616617553e-05	1.739643509783954321e-05	-2.689721654253413117e-04	4.303664561215106031e-05	2.236634426659191849e-03	-2.752115822026138963e-04	3.172790746269576719e-04	-1.261403024945316345e-03	6.568525739611167855e-04	7.269124900435835408e-06	1.290149582102251367e-03	-3.135659692002350663e-04	1.210433762848310470e-03	-2.122221723838006225e-04	2.514058391914071296e-04	-2.985251041316980074e-04	2.003939212219978724e-04	8.271647419464901643e-04	3.041392092290365177e-05	-3.087233325470205248e-04	5.708356761719237966e-04	-2.165938378828956117e-04	-1.367579526073606883e-05	-5.341158053783763397e-04	1.845476020189165363e-04	-3.458988456909234594e-04	4.944832049249489603e-04	-2.044321445839707965e-04
3.984251013709167550e-04	-2.528477160877017765e-04	4.002350500881352892e-03	-3.207819233711787436e-04	8.286425545803869155e-03	-1.022170265365122651e-03	-1.188529659478703869e-03	-4.374658881624697744e-03	-6.316489460584324208e-05	6.462805828829809758e-04	-6.663658390374070780e-04	1.312198382319027445e-04	-5.097760315695474762e-03	3.124564681006656696e-04	1.631796053837623298e-04	2.490148085318790415e-03	-3.758949851109757469e-04	-6.462297012830638555e-04	-2.782376403219019405e-03	2.577526875358126602e-04	-2.720224037828588605e-03	3.413500115793252567e-05	-1.555953097766813202e-04	6.343372837882067013e-04	9.800024538805237684e-05	5.331426366812887577e-03	5.665176894901341464e-03	5.433064004880926862e-04	-4.427714515991013934e-03	1.738575115077818384e-03	1.772875841119068204e-03	5.253537377404478292e-03	-2.180316251698237462e-04	-1.454957099341266762e-03	-7.368126646747848217e-04	2.981463832295052057e-04	5.600154354176358092e-05	-1.427822594720525029e-04	-1.381817799187936885e-04	-1.209213275924802319e-03	-2.752115822026138963e-04	1.151667238628082887e-02	5.295416589595685480e-03	1.828023597834327416e-03	8.524412203990164804e-05	3.125903044068731925e-03	1.100860520340721195e-03	6.378810614368306611e-03	-9.953230238122367938e-05	6.148546060721175877e-03	5.106015257614485506e-03	7.857051303128712114e-04	4.365323699440676330e-03	-5.152059158365730534e-04	-2.955573553871769380e-04	-4.622467538820715371e-03	8.654769981607117783e-05	1.794110810633266911e-03	1.997630148143978010e-04	3.606134086345551601e-06	-2.148445348621219261e-03	5.804467261281638689e-04	2.301420599644140696e-04	3.838414284130529496e-03
-1.958141639399075943e-04	-4.101406656060501213e-03	5.734113038524385334e-05	1.441786132340935921e-04	4.235106717176931324e-03	-6.026353096943039668e-04	-5.384961964271062045e-04	-4.411645738888632200e-03	2.985266236100595275e-05	4.451554602033428029e-04	4.179334212445088908e-04	5.881009792524267705e-06	-8.567507686728450828e-04	3.413543884433958825e-05	1.082503298396877777e-04	1.233400387266604583e-03	-1.584110470259238570e-04	1.967583999774515525e-04	-3.083192894188713966e-04	1.412914737069110855e-04	-6.618377972840044140e-04	7.620662778217397802e-05	-1.174766878181946915e-05	4.882103442892099781e-04	4.162579478184557291e-04	4.320177790905942866e-03	4.950054706842149654e-03	-1.252148708524095913e-04	3.696100359178823092e-04	4.583633570416432556e-04	6.229613532157407280e-04	4.765873648347331015e-03	-1.564658733720661018e-04	-5.961701003985393418e-04	-2.004113620559530920e-04	3.190951554962623304e-04	-3.842750319635374919e-05	1.699078874180176080e-04	1.825004177312701385e-06	-4.266400140916322067e-04	3.172790746269576719e-04	5.295416589595685480e-03	5.085867378788733878e-03	6.401876104309205345e-05	5.140511564520700537e-03	1.236071363707746690e-04	4.443269570756478879e-04	1.476709565822277906e-04	6.357270733221458744e-04	6.284675374406224540e-04	5.014782453337246829e-03	-2.828841442926618142e-04	4.345025118981576950e-03	-7.517212226548742552e-04	5.394734400846828103e-05	-4.695666351246022968e-03	1.202973272538191942e-04	6.577886332261588705e-04	3.694478483051058634e-04	-1.593783894339348927e-04	-1.083567621294057314e-04	-1.405993726915511367e-04	3.420491300186836900e-05	1.030528674324766121e-03
-2.114998257961073214e-02	2.239019963571706011e-03	1.521351966325702396e-03	1.022838852813124505e-02	-1.204660854710076778e-03	-7.701617586661494352e-04	-1.214418988586822915e-02	1.337096831197669578e-03	7.706385388269094451e-04	8.075388446638663629e-05	-1.362863664670477639e-04	3.200631070998521954e-04	-2.254694724783625382e-04	1.738574912540517218e-03	4.431129243077693187e-03	1.354759657017695542e-04	1.799864352684321179e-03	-2.156633949667143078e-04	-1.859448458141755418e-04	-2.256876189953360766e-04	1.058385130535450950e-04	4.583649505660179931e-04	2.031990191017236328e-03	-9.282856476919394901e-05	9.020999227777505222e-03	-2.467965446148255950e-04	-3.935849696134710476e-04	1.703718650137697917e-03	9.459974793760810019e-04	1.283501360478109254e-02	2.458654536719328057e-02	-6.762400268507998396e-04	7.660121072261627062e-05	-6.264913513236841907e-04	-1.944241679619447343e-04	1.263054032417234370e-04	1.200020204365540542e-04	-5.544705772335035586e-04	-1.317091260925553242e-04	-2.503213735785509786e-04	-1.261403024945316345e-03	1.828023597834327416e-03	6.401876104309205345e-05	1.470350452570916289e-02	-8.423115750109448846e-04	2.716861816091858950e-02	1.179197971090345173e-02	1.921505078271682106e-03	-1.140871186648477476e-02	4.633659587571654567e-03	9.866840338386187979e-04	2.537918108742516499e-02	-7.547921813188281223e-04	1.124392225409212055e-02	-4.413359731712596708e-04	2.276499762397388247e-03	1.146276326572746981e-04	5.647930595208995597e-04	1.031789800098698799e-04	6.935352868497801550e-04	-2.097590322057220119e-04	2.148711454310414572e-03	1.746762956190235508e-03	4.630130658257630466e-04
-1.930573110854047177e-03	-8.105136170237404666e-03	-3.967411927375793027e-03	1.477287191192863496e-03	2.400282767136717650e-04	1.739546140919525361e-05	-6.185773245637995934e-04	-4.310356143690915499e-03	1.445574886922250521e-04	9.947328465566927097e-04	1.890621860583688828e-03	-1.030038881103089571e-04	3.271816961503866417e-03	-1.427792233955290681e-04	3.260325871221800547e-04	3.755645792684311258e-04	6.013150252274123070e-05	1.378167066250249231e-03	2.196048973510137878e-03	1.671296901304397122e-04	1.166422141383390313e-03	1.699097605185861655e-04	2.268264686380892586e-04	3.566394204422234748e-04	9.472777084483471367e-04	4.209080100487300365e-03	4.907931030728738056e-03	-7.842811768556704703e-04	5.873182208177061756e-03	-5.544735119480134842e-04	5.707164614031784433e-04	4.623699016142179818e-03	-7.888968283581375396e-05	1.253382929136843136e-04	2.206018062987550959e-04	6.774064867366201646e-04	-3.403329061068062792e-04	5.902888279258877973e-04	1.797909027101374192e-04	4.600207349407762093e-04	6.568525739611167855e-04	8.524412203990164804e-05	5.140511564520700537e-03	-8.423115750109448846e-04	1.126402765938708597e-02	-1.829546803528037330e-03	4.576688140212417395e-04	-6.147268345508651206e-03	9.334004073332539606e-04	-4.392775331487813566e-03	5.497966168018793287e-03	-1.389046430191166553e-04	5.212603021328477727e-03	-7.016643023770691937e-04	3.536055246859008466e-04	-5.188893984014361291e-03	6.762859330789545900e-05	-1.677675351689814586e-05	5.611078796265089267e-04	-4.117111740330547205e-04	2.055783023172439491e-03	-9.083673500696913192e-04	-1.753936179130311055e-04	-1.571508500655112960e-03
-4.373807782666291888e-02	5.229859391739042143e-03	5.547899107493078907e-03	2.220402684056530657e-02	6.815020618511161696e-05	7.265547159522960482e-06	-2.238022578510235477e-02	1.886158124299852721e-03	5.229856832664692146e-03	-2.715284746561309008e-05	-1.110534556960637918e-04	-9.588117569505399604e-04	-2.509285973042860900e-04	3.125902051740616847e-03	1.033176904589524006e-02	1.470613101138962665e-04	5.547900567320634621e-03	-1.110532391820545693e-04	1.014090777291894901e-04	-1.663414469774901917e-03	4.582065354116486209e-05	1.236103235575723811e-04	3.194667604810019768e-03	3.646107529640707804e-07	2.220403047043595368e-02	-9.588121045014257092e-04	-1.663414426355818050e-03	1.614393753502197260e-03	1.653309820997538341e-04	2.716862313811469615e-02	5.290818386839428455e-02	-3.654766274068405063e-04	6.815073934290584348e-05	-2.509276492856436064e-04	4.581963526546206362e-05	1.653337656777725253e-04	1.088358643411300249e-04	-1.829539508172711845e-03	-8.078829547084190928e-04	-1.026415810528132273e-04	7.269124900435835408e-06	3.125903044068731925e-03	1.236071363707746690e-04	2.716861816091858950e-02	-1.829546803528037330e-03	5.946781096175693393e-02	2.727494353903744950e-02	5.003862356178345044e-03	-2.238021975030842631e-02	1.033176921753346800e-02	3.194661340799229230e-03	5.290817255933386726e-02	-8.078872781068413469e-04	2.727493925589387705e-02	1.506651672191345031e-03	4.726906754051799636e-03	1.886156987165383886e-03	1.470610584330357879e-04	3.647115904701540932e-07	-3.654760105390832191e-04	-1.026406059060440808e-04	5.003856747866774687e-03	4.726903981086483936e-03	1.200317546295160510e-04
-2.137854245401117625e-02	2.782534156654698030e-03	2.202760204315113227e-03	1.215461321401097548e-02	-1.833942041583411247e-05	8.271636289856698718e-04	-1.036360321803505950e-02	8.968801903092136650e-04	2.649472867607492732e-03	-1.338369799203464766e-05	1.118657288784414899e-04	-1.357794791895611860e-03	1.072252147471876608e-04	-5.152065990957516725e-04	3.977765082416469776e-03	2.429124582855119848e-05	2.332291126592018343e-03	-9.828376257322604898e-05	1.014377014107821826e-04	-1.608521959658203073e-03	-1.752431478117028689e-05	-7.517193449863994502e-04	8.735587538813221423e-04	-1.262169059995131635e-05	1.148931327335524569e-02	-6.482486607127940781e-04	-2.457284942196647209e-04	-3.980006820988485653e-04	1.236414464748614292e-03	1.124392664861454880e-02	2.551149573554191072e-02	-6.693283957364527890e-04	-5.376025848564678147e-04	-1.413338559561164750e-04	-5.538007680526489500e-05	6.666722437824851820e-04	-1.028628140494068817e-04	-7.016593373471242869e-04	-7.426788078883477797e-04	-1.730240285475181385e-05	1.290149582102251367e-03	1.100860520340721195e-03	4.443269570756478879e-04	1.179197971090345173e-02	4.576688140212417395e-04	2.727494353903744950e-02	1.480484036623597177e-02	1.129613519189822442e-03	-9.197437660388925115e-03	4.254715575231509186e-03	1.412611823870551023e-03	2.479702281469693681e-02	4.249922038073928639e-05	1.305833163873320810e-02	1.682105315026392271e-03	1.564172282247477085e-03	1.359421659220080847e-03	3.191059307008982143e-05	1.241224415710678528e-04	-9.275194046295125345e-04	3.278205537893276976e-04	1.339918331793406607e-03	2.744672408800114503e-03	-1.077752131309216339e-04
4.328493178688612615e-03	4.166275148442682291e-03	9.946977404493448360e-03	-1.854935326809956748e-03	4.529140820525657911e-03	-3.458978006685496480e-04	9.271303509299987870e-04	-1.524061775050492647e-04	-3.695932171968265879e-04	-9.881984513644944735e-05	-4.368083178334035074e-03	3.292088737452713351e-04	-1.028026298967107260e-02	5.804442887593498201e-04	-2.023182274947754285e-04	4.003341873470678269e-03	-8.639641678788724218e-04	-1.681514017397369842e-03	-6.096762358899422696e-03	2.364033336413657216e-04	-4.215764921823632501e-03	-1.406018288619507181e-04	-5.023637276281682496e-04	6.856230146182833683e-04	-1.514832269244015348e-03	8.137137978879891657e-04	-4.449663068505946978e-03	1.328353059508026544e-03	-1.040044206562945432e-02	2.148713830627370282e-03	2.660664242950728413e-04	6.239035405066216226e-03	-2.883210843918208627e-04	-1.840593873275742044e-03	-1.075118371483148403e-03	-4.100740570688653306e-04	2.615418069272728392e-04	-9.083715909271170745e-04	-3.932229632278603040e-04	-1.900081173760679535e-03	-3.135659692002350663e-04	6.378810614368306611e-03	1.476709565822277906e-04	1.921505078271682106e-03	-6.147268345508651206e-03	5.003862356178345044e-03	1.129613519189822442e-03	1.446287988747249273e-02	8.503725556000679697e-04	1.040378261911328699e-02	4.837152379722558029e-03	6.353140021050797512e-05	-4.517781452523518776e-04	1.339922381591477502e-03	4.780618200623916393e-04	5.994312036150150486e-03	3.148177180960452781e-06	1.725477574301908764e-03	-1.045394259247698016e-03	6.066043675616171645e-04	-4.583534321375808129e-03	1.996457948423998284e-03	5.244061529407570031e-04	6.740239900669567873e-03
2.339279003882568930e-02	-1.380819595006614218e-03	8.293859907103130237e-04	-9.985974947105000221e-03	1.575494059730619956e-03	7.400157214762243668e-04	1.167102517956040281e-02	-1.317245920545541144e-03	-9.127939593123803605e-04	-5.980763750212546894e-05	7.220509787787956569e-05	3.656273867414023995e-06	4.308999290406353793e-04	-1.188530280842051362e-03	-2.142978159304404547e-03	-1.758143667393958988e-04	9.545350944045408875e-04	6.705603886186212279e-05	3.724954979399411011e-04	-1.362357813947997348e-03	3.010979907575944085e-04	-5.384971868003947913e-04	-6.886284488383644185e-06	-9.504940235205834543e-05	-1.049370247714383891e-02	6.797272363769344978e-04	-6.589320049032241881e-04	-7.683317739851285109e-04	-2.916492173189539662e-03	-1.214418876213334969e-02	-2.353691722643022274e-02	2.645091224277439958e-03	1.668576304975650593e-03	5.405592891955599954e-04	5.946963834866038270e-04	-3.373597482584949746e-03	1.038404085573612230e-04	-6.185783650773332178e-04	3.972909047943873210e-04	1.528038078015767087e-04	1.210433762848310470e-03	-9.953230238122367938e-05	6.357270733221458744e-04	-1.140871186648477476e-02	9.334004073332539606e-04	-2.238021975030842631e-02	-9.197437660388925115e-03	8.503725556000679697e-04	1.332035258397981647e-02	-1.834930018854298139e-03	1.062931056394981165e-03	-2.417948586831897978e-02	1.036424004145592055e-03	-1.036359898829706735e-02	1.325811711089544325e-03	-7.911646657303801275e-04	-8.291390600273584139e-04	-3.517170402530562937e-04	-2.274155200104101293e-04	1.734384393042117571e-03	1.339372877424706266e-04	9.271296196233991998e-04	-3.268305664934183230e-04	-4.046401240040813649e-04
-2.095117398147202780e-03	5.847609803217190816e-03	9.694021347703335456e-03	1.569266737959930293e-03	3.999066015279864085e-03	-2.333255484803525728e-04	-2.142976271523924434e-03	6.500177096676675341e-04	1.413129691717712028e-04	6.714800345201081414e-05	-1.845227640365868470e-03	-2.055710914465909688e-05	-5.470396746069527971e-03	1.631811245527759250e-04	4.520668146825136615e-04	1.888001220758369963e-03	-1.855360224147525427e-04	1.325779676616566614e-03	-8.333363708242026756e-04	4.158188815102608184e-04	-2.092316698505374516e-03	1.082485082066762702e-04	1.893222294367244218e-05	1.113195432652791181e-03	1.389887517461367399e-03	8.772790519695307441e-05	-4.473621234025355192e-03	1.025632961705887948e-03	-9.807222310238304652e-03	4.431130392429125792e-03	6.445497825910719708e-03	4.567174281918694352e-03	-6.338548146921712482e-04	3.752390093401146171e-03	9.738260722436923754e-04	1.619448080097559773e-03	-1.321070240450394927e-04	3.260259340570933594e-04	-1.370640994166651952e-04	1.128902064323089377e-03	-2.122221723838006225e-04	6.148546060721175877e-03	6.284675374406224540e-04	4.633659587571654567e-03	-4.392775331487813566e-03	1.033176921753346800e-02	4.254715575231509186e-03	1.040378261911328699e-02	-1.834930018854298139e-03	1.378149866245957991e-02	5.766599647835437062e-03	6.246183393703546097e-03	-1.534040673157783825e-04	3.977764640970184867e-03	5.926476178944558356e-04	6.163052432665399628e-03	2.913236417365869550e-04	-8.858913605297840657e-04	-7.625955166609267415e-04	-6.238081652143435095e-04	-1.560004621328027908e-03	-2.023095264087560125e-04	2.416944264462264288e-04	7.788079197671125831e-04
1.151373021891521171e-03	-4.219826221712509769e-03	5.752651540323209037e-03	-1.703882778237604393e-04	5.082406746272746106e-03	-4.601749870398470343e-04	-6.884062218552560919e-06	-4.647677630487391694e-03	1.043614778144892814e-04	5.091867062700381266e-04	-9.451552408895667976e-05	-6.168278647817069865e-05	-1.338124174891457650e-03	-1.555960364402434880e-04	1.893098551303497225e-05	1.211671655325907791e-03	3.720945979677722001e-04	1.769123043967184760e-03	1.596690295770083774e-03	-7.115606559378814008e-05	-1.413667031768849666e-04	-1.174893246615996058e-05	1.352347854393828853e-04	7.106525062533430512e-04	7.192855952105576894e-05	4.621967753254317690e-03	1.977781364324587984e-04	4.317875282867460456e-04	-4.821856211850415047e-03	2.031987763070168974e-03	1.511003306118615828e-03	9.952854384601597659e-03	-5.993407640377589003e-05	3.582563165125229009e-03	1.980128076501196273e-03	3.348284022646073259e-04	1.425307154141165441e-04	2.268226814458125973e-04	7.112944252543715491e-05	1.048208966825238050e-03	2.514058391914071296e-04	5.106015257614485506e-03	5.014782453337246829e-03	9.866840338386187979e-04	5.497966168018793287e-03	3.194661340799229230e-03	1.412611823870551023e-03	4.837152379722558029e-03	1.062931056394981165e-03	5.766599647835437062e-03	1.045722146984397194e-02	5.003324947026577783e-04	5.010540800999500194e-03	8.735553536050262623e-04	7.286464453748317440e-04	-1.884130201902916180e-04	8.832661368194690129e-05	-1.311317632349087801e-03	-7.412713592509443663e-04	-2.240987575645268109e-04	-8.260845074477340749e-05	-5.023593105796273026e-04	-7.245795825759989870e-05	-1.012659424941157738e-03
-4.811250223225699285e-02	3.902250383221846520e-03	1.071139514719400597e-03	2.411118359195628044e-02	-2.318397429972384773e-03	3.493926540893804418e-04	-2.353692001348918483e-02	2.421671788358737906e-03	3.150958975840660592e-03	1.445107088054712772e-04	-5.954531511621855309e-05	-6.396953664612716134e-04	-5.416035139182430154e-04	1.772876637069213408e-03	6.445500687048582797e-03	3.235783645234557295e-04	1.305132391164699019e-03	-2.050074242023070743e-05	-2.988949800071395279e-04	1.045468186808066764e-03	-3.063585668259593349e-04	6.229642344953273923e-04	1.511008876352493927e-03	1.494508952150945460e-04	2.339404560927777627e-02	-1.401464301915604114e-03	2.456471955084946895e-04	3.363342878139711513e-04	4.842682563483065826e-03	2.458654656493602930e-02	5.203818156137207662e-02	-3.359346154752033270e-03	-1.208879788024291163e-03	-8.137265537980712792e-04	-5.477392211390366564e-04	4.515864796625039881e-03	-4.337423314982334269e-05	5.707210981049122686e-04	-3.439592722175374836e-04	-2.152957106757937716e-04	-2.985251041316980074e-04	7.857051303128712114e-04	-2.828841442926618142e-04	2.537918108742516499e-02	-1.389046430191166553e-04	5.290817255933386726e-02	2.479702281469693681e-02	6.353140021050797512e-05	-2.417948586831897978e-02	6.246183393703546097e-03	5.003324947026577783e-04	5.365852845094400136e-02	-1.156754154253946711e-03	2.551148468046086568e-02	3.248516765389413753e-04	2.849154960037121858e-03	1.437380561993640681e-03	6.158181642553506047e-04	2.297424230746390533e-04	-2.315687306975234162e-03	-3.092323844971876117e-04	2.660642713501601615e-04	1.937327689294694212e-03	6.829455001838901978e-04
5.927867140172953615e-04	-4.231289507115354107e-03	5.833601406555072050e-04	-3.405597038261085904e-05	5.120184057540975303e-03	-2.689723426246027065e-04	3.972917762096475841e-04	-4.413060692846516170e-03	-2.827066595038094603e-05	5.583425454883662572e-04	7.050532132573631306e-04	-2.810610431791428696e-05	4.901135205764598976e-04	-1.381827511094424238e-04	-1.370650622271556824e-04	5.165835034617942108e-04	1.518715307471628362e-04	7.236030536789431981e-04	1.018400045293749254e-03	-2.898898250644392705e-05	5.288817497691933800e-04	1.825392798359113013e-06	7.113025699744656295e-05	7.533179829898843124e-06	3.334793174722899627e-04	4.427600098795806891e-03	4.568834729859454040e-03	-5.449368031941930011e-04	-1.039936462715343674e-04	-1.317112512876796970e-04	-3.439621756770878513e-04	4.831999204963978098e-03	1.584875929384492780e-04	6.255317783852465830e-04	6.237755608663924159e-04	-4.394899971983741747e-05	3.058807853194693040e-04	1.797914786226277508e-04	1.883716505746730479e-04	-3.503668679740472498e-04	2.003939212219978724e-04	4.365323699440676330e-03	4.345025118981576950e-03	-7.547921813188281223e-04	5.212603021328477727e-03	-8.078872781068413469e-04	4.249922038073928639e-05	-4.517781452523518776e-04	1.036424004145592055e-03	-1.534040673157783825e-04	5.010540800999500194e-03	-1.156754154253946711e-03	5.140902548226699426e-03	-7.426809602581591323e-04	4.375167110683206425e-04	-5.269308773147221917e-03	-6.692390710384144568e-05	-3.946570748972823587e-04	-8.509906346330768125e-05	-4.248862742428390472e-05	3.337841001413258428e-04	-3.932236453221089542e-04	-2.319199225923466220e-04	-3.238815709080828916e-04
-2.137853933077821234e-02	2.649474171630003799e-03	2.332291197673407382e-03	1.148930892498206333e-02	-5.376015477510855557e-04	1.290146483681224240e-03	-9.197440304935328159e-03	1.359421650253767478e-03	2.782533829377693921e-03	-1.338363127490510194e-05	-9.828627380493521392e-05	-6.482489787670699197e-04	-1.413399916869838432e-04	1.100860506778650457e-03	4.254716498664101731e-03	3.191348543374787703e-05	2.202761412434922281e-03	1.118625732153350551e-04	1.014322357033974335e-04	-2.457293191157477476e-04	-5.538094492045784648e-05	4.443280328086285542e-04	1.412614576538721682e-03	1.241213022219830214e-04	1.215461282657417236e-02	-1.357795199102307957e-03	-1.608522866816483642e-03	-3.980006175564308225e-04	6.666681478391493776e-04	1.179198123223671422e-02	2.479702586904590500e-02	-9.275187327168372964e-04	-1.833930354154377984e-05	1.072189073825907522e-04	-1.752784734603151273e-05	1.236414757215374520e-03	-1.028619031605456491e-04	4.576709663109716970e-04	4.250065433783087006e-05	3.278154689948584296e-04	8.271647419464901643e-04	-5.152059158365730534e-04	-7.517212226548742552e-04	1.124392225409212055e-02	-7.016643023770691937e-04	2.727493925589387705e-02	1.305833163873320810e-02	1.339922381591477502e-03	-1.036359898829706735e-02	3.977764640970184867e-03	8.735553536050262623e-04	2.551148468046086568e-02	-7.426809602581591323e-04	1.480483448701966354e-02	1.682104460287316312e-03	2.744673475152962974e-03	8.968800694267745153e-04	2.429499242128610215e-05	-1.262087247107216586e-05	-6.693282793844093376e-04	-1.730516439207358719e-05	1.129612341137149235e-03	1.564171812625149080e-03	-1.077672700678632958e-04
7.432188023285698185e-04	5.719610651461117662e-04	1.142564056084770067e-03	8.137763657448793654e-04	6.523367836656144940e-04	3.041352865898453418e-05	1.325810839345227185e-03	-5.564124353834479610e-05	5.719602581624687711e-04	3.095859788377291035e-06	4.017903451138868365e-05	-3.954804266194618997e-04	1.610230106068917956e-04	-2.955581222105682355e-04	5.926467021277767675e-04	-4.067080906380901963e-05	1.142563345117579565e-03	4.017929839249311728e-05	1.885866324968554276e-04	-6.594212056042765384e-04	1.668501261506861056e-04	5.394719991818569489e-05	7.286465388070299202e-04	-3.217688397117154171e-05	8.137763163237215526e-04	-3.954803841755924086e-04	-6.594209165759988816e-04	-1.681877649005814393e-03	-6.472872559175256403e-04	-4.413354347063991887e-04	3.248533886730977770e-04	4.570523201454079602e-04	6.523360839629001057e-04	1.610236370763216485e-04	1.668496116101758902e-04	-6.472867256690698198e-04	-8.019861327216444948e-06	3.536061028412026920e-04	4.375168530129977919e-04	1.176491999059790837e-04	3.041392092290365177e-05	-2.955573553871769380e-04	5.394734400846828103e-05	-4.413359731712596708e-04	3.536055246859008466e-04	1.506651672191345031e-03	1.682105315026392271e-03	4.780618200623916393e-04	1.325811711089544325e-03	5.926476178944558356e-04	7.286464453748317440e-04	3.248516765389413753e-04	4.375167110683206425e-04	1.682104460287316312e-03	2.385430881106366703e-03	3.377789307024905573e-04	-5.564118709666473784e-05	-4.067130664924553072e-05	-3.217641421611182090e-05	4.570521113713317540e-04	1.176499706348066584e-04	4.780608522054597244e-04	3.377786698837161559e-04	-1.483399001436667888e-04
1.517464038536084803e-04	5.188892695313408049e-03	4.707068345326539949e-03	3.105433587718035371e-04	-5.596670323457769020e-03	4.944834488233857805e-04	-3.268300322824410024e-04	5.272512013447564275e-03	1.908393186773633677e-05	-3.953681454552071236e-04	-2.198550343344402025e-03	4.984463730730111550e-05	-3.419394301337725685e-03	2.301432028923869550e-04	2.416951700020149025e-04	9.066335120748647211e-04	-2.540381811267534572e-04	1.425285737733442137e-04	-1.509295916328392412e-03	1.809725207757288570e-04	-1.408580920009807908e-03	3.420283970243068487e-05	-7.245995769349500152e-05	6.943390661387474540e-04	-6.219961985573597757e-04	-4.688425351443905632e-03	-9.767737424017718800e-03	1.065716246947404338e-03	-4.562125572895155134e-03	1.746764771029701716e-03	1.937328237933527578e-03	-3.344899635822787352e-04	-3.672144129583938647e-04	1.364492559926640779e-03	9.982204956195356131e-05	5.057251030838394792e-04	-2.640870797634340653e-04	-1.753986252800238880e-04	-2.319209113938914971e-04	1.048334124687585718e-03	-3.087233325470205248e-04	-4.622467538820715371e-03	-4.695666351246022968e-03	2.276499762397388247e-03	-5.188893984014361291e-03	4.726906754051799636e-03	1.564172282247477085e-03	5.994312036150150486e-03	-7.911646657303801275e-04	6.163052432665399628e-03	-1.884130201902916180e-04	2.849154960037121858e-03	-5.269308773147221917e-03	2.744673475152962974e-03	3.377789307024905573e-04	1.134942291309044490e-02	1.570470953995968619e-04	-1.928395936307914296e-04	-6.036602666119429217e-04	-8.619620203833162084e-05	-1.157285519776316256e-03	5.244119704318588038e-04	3.410865312078438191e-04	8.183041050086891938e-04
-1.802514806823361446e-03	1.312848509762462687e-04	1.829689947454691361e-05	1.484420443476628705e-04	-1.634281493521590255e-04	-3.897215235849642214e-04	-1.317246434920012980e-03	1.256721724862991548e-04	5.151933707450688342e-03	-2.562742860032714331e-04	2.925294303741784378e-04	-4.392999707279385962e-03	4.525171927462031036e-04	-4.374658530543329774e-03	6.500183237216346048e-04	-1.770856449653407134e-05	-5.320540330815633120e-05	-4.205743545710140854e-05	9.650945748506588274e-05	-4.513364887539646556e-03	-4.437193282885422635e-04	-4.411645587277477146e-03	-4.647677181334538762e-03	4.627926630673049029e-04	1.165471075916214676e-03	-7.037591746411139978e-05	7.398737429685007367e-05	1.240378199210429174e-04	4.097870017797704484e-04	1.337096081799569146e-03	2.421671668713610334e-03	-2.087219137356925063e-04	-5.198462381843909838e-03	5.538782459829838176e-04	-1.285378883839408465e-05	8.813531091417295925e-04	-1.862353639149995159e-04	-4.310355980510044774e-03	-4.413061145722376247e-03	5.545122588060168254e-04	5.708356761719237966e-04	8.654769981607117783e-05	1.202973272538191942e-04	1.146276326572746981e-04	6.762859330789545900e-05	1.886156987165383886e-03	1.359421659220080847e-03	3.148177180960452781e-06	-8.291390600273584139e-04	2.913236417365869550e-04	8.832661368194690129e-05	1.437380561993640681e-03	-6.692390710384144568e-05	8.968800694267745153e-04	-5.564118709666473784e-05	1.570470953995968619e-04	5.223846933131803469e-03	-5.903261051626859180e-04	3.658746271807493660e-04	-5.436465875549956889e-03	8.900336639545287616e-04	-1.524046261794160715e-04	5.272513471528693201e-03	-8.106442747818156953e-04
-5.584165311374373643e-04	-1.357525066322449320e-03	-4.161711391536405957e-03	2.952113785325108678e-04	-1.694085366440951923e-03	-2.926182097834319277e-05	-1.758119720911124949e-04	-1.770839669642544477e-05	-5.162868645246273657e-04	1.584483614958448559e-03	-8.977313654928507913e-03	1.278344586913834641e-03	-2.259778602431352507e-02	2.490149804135691723e-03	1.888001024220175173e-03	1.227931243640644279e-02	-1.047263617089497873e-03	-1.102905628621662741e-02	-2.351949150667768940e-02	1.113407256036646163e-03	-1.206941478076724306e-02	1.233402660759963000e-03	1.211671940166348304e-03	5.854983623292995360e-04	1.598566490846844881e-04	1.153785629528524198e-03	2.377671319773758292e-03	4.328156790995058728e-05	1.970792131676616515e-03	1.354732358987562535e-04	3.235724128946786235e-04	2.333546661774186376e-04	3.108521712235603118e-04	-2.598836035283235563e-02	-1.216371270194316345e-02	-6.530278046111494435e-04	-4.641073516748356895e-04	3.755668547128857286e-04	5.165835693133259037e-04	-1.143679465416309708e-02	-2.165938378828956117e-04	1.794110810633266911e-03	6.577886332261588705e-04	5.647930595208995597e-04	-1.677675351689814586e-05	1.470610584330357879e-04	3.191059307008982143e-05	1.725477574301908764e-03	-3.517170402530562937e-04	-8.858913605297840657e-04	-1.311317632349087801e-03	6.158181642553506047e-04	-3.946570748972823587e-04	2.429499242128610215e-05	-4.067130664924553072e-05	-1.928395936307914296e-04	-5.903261051626859180e-04	1.489255914265442612e-02	1.486081346581511311e-03	2.425787561754649303e-03	-1.126750269361827955e-02	4.003341053651635756e-03	9.066335194634102257e-04	2.711980917366788035e-02
-3.240126497259716875e-04	3.471029538508595830e-04	-9.962963160180685149e-04	1.169894021842067154e-04	-7.463806031655730901e-04	1.383108753411174769e-05	-9.504985588006386070e-05	4.627925205000866181e-04	6.117923484930947332e-04	7.101086149844438612e-06	1.553388245416664586e-03	1.141066253490466900e-05	1.170571345804736650e-03	6.343364069288561641e-04	1.113194034287379001e-03	5.854992389754498476e-04	6.799861018490146189e-04	6.074185544000531862e-04	2.994178394437932208e-05	-3.468058708411208375e-04	-6.138356988311804985e-04	4.882102114595816052e-04	7.106511982137386860e-04	1.688673480737196055e-03	1.842999226545180460e-04	-7.875093246552804000e-05	8.428333172152379900e-04	-5.774072970628789305e-05	1.383703937142809768e-03	-9.282885608297322775e-05	1.494517192667737886e-04	-1.060600009929100161e-03	-2.904902555410201126e-04	-1.128420325318907000e-03	-1.516431639201443020e-03	-3.587313808138741325e-04	-3.420673895328559661e-05	3.566396684588090424e-04	7.532514132445066159e-06	6.590447826318410760e-04	-1.367579526073606883e-05	1.997630148143978010e-04	3.694478483051058634e-04	1.031789800098698799e-04	5.611078796265089267e-04	3.647115904701540932e-07	1.241224415710678528e-04	-1.045394259247698016e-03	-2.274155200104101293e-04	-7.625955166609267415e-04	-7.412713592509443663e-04	2.297424230746390533e-04	-8.509906346330768125e-05	-1.262087247107216586e-05	-3.217641421611182090e-05	-6.036602666119429217e-04	3.658746271807493660e-04	1.486081346581511311e-03	2.400893857264625904e-03	3.739294681287659529e-04	1.502082646518759605e-03	6.856215004098472135e-04	6.943388975352243839e-04	-1.469101042601114436e-05
4.954968293222410461e-03	-3.895555366929906471e-04	-1.849849473647440694e-04	-1.795279393094741755e-03	1.889821934853108090e-04	2.080538817726184449e-04	2.645091888867233312e-03	-2.087204551726395366e-04	-5.779435397774063121e-03	4.942928856033398108e-04	-4.472642742161417968e-05	5.383873989884286476e-03	4.508138979765021251e-04	5.253534553685797540e-03	4.567171605489631601e-03	2.333541895419654179e-04	4.715755442494497934e-03	-1.533061314384718838e-03	-1.438431010425396872e-03	2.266293613990461346e-04	9.812043011815691114e-04	4.765873426287816142e-03	9.952853680124527230e-03	-1.060600776040239966e-03	-2.300180644837518211e-03	2.234482205605601646e-04	-6.437049695759398146e-05	7.855585796242423773e-04	-7.840335518230609393e-04	-6.762395334107466991e-04	-3.359346329679901901e-03	5.331347171899109699e-04	5.356737864104926805e-03	-4.329437272692903196e-03	-1.464779104887704462e-03	-6.378269552961883526e-03	3.323927830812833419e-04	4.623699964138480202e-03	4.831999220666500713e-03	-2.029506843160718693e-03	-5.341158053783763397e-04	3.606134086345551601e-06	-1.593783894339348927e-04	6.935352868497801550e-04	-4.117111740330547205e-04	-3.654760105390832191e-04	-9.275194046295125345e-04	6.066043675616171645e-04	1.734384393042117571e-03	-6.238081652143435095e-04	-2.240987575645268109e-04	-2.315687306975234162e-03	-4.248862742428390472e-05	-6.693282793844093376e-04	4.570521113713317540e-04	-8.619620203833162084e-05	-5.436465875549956889e-03	2.425787561754649303e-03	3.739294681287659529e-04	1.159899057261626343e-02	-6.250606161030978830e-04	6.239029674381522950e-03	-3.344917344331953236e-04	2.499150525648492077e-03
2.147331028016261447e-04	1.093565254166776936e-03	1.506226355745199624e-03	-2.462862779802260974e-04	-4.362386903395870695e-04	4.303413157936562990e-05	1.527998562254493590e-04	5.545121182071539780e-04	1.468585305003965776e-03	4.870501742440277288e-04	1.229898519926255797e-02	-1.140944843146916507e-03	2.612510519195140185e-02	-1.209216031574360034e-03	1.128899862349895967e-03	-1.143679129854873952e-02	3.166138951508935644e-03	1.214444250480969066e-02	2.378160446356303998e-02	-2.565727232307962648e-03	1.111691300562198809e-02	-4.266418485962327357e-04	1.048206915079690936e-03	6.590461222650614024e-04	-7.765069876928179364e-05	-1.248954435920644887e-03	-8.148768022494503249e-04	2.047933307275699193e-05	1.602363949869279464e-03	-2.503186727987382417e-04	-2.152874270822380243e-04	-2.029506052528954208e-03	-6.697194202441489851e-04	2.286963405015308287e-02	9.148678122191080536e-03	-9.182171186948298244e-04	-1.618696450782497898e-03	4.600195250922259815e-04	-3.503678079981717083e-04	1.257436812607880955e-02	1.845476020189165363e-04	-2.148445348621219261e-03	-1.083567621294057314e-04	-2.097590322057220119e-04	2.055783023172439491e-03	-1.026406059060440808e-04	3.278205537893276976e-04	-4.583534321375808129e-03	1.339372877424706266e-04	-1.560004621328027908e-03	-8.260845074477340749e-05	-3.092323844971876117e-04	3.337841001413258428e-04	-1.730516439207358719e-05	1.176499706348066584e-04	-1.157285519776316256e-03	8.900336639545287616e-04	-1.126750269361827955e-02	1.502082646518759605e-03	-6.250606161030978830e-04	1.499907203328501408e-02	-1.900082569788395272e-03	1.048333884488415052e-03	-2.729699322382220239e-02
4.328494111204343915e-03	-3.695912806652507576e-04	-8.639658164133114798e-04	-1.514833068071391991e-03	-2.883269067733445525e-04	-3.135654291229971434e-04	8.503740132955360997e-04	3.151552765799886351e-06	4.166274705025901567e-03	-9.882105854808217560e-05	-1.681515627383988690e-03	8.137109587958469030e-04	-1.840595608655062974e-03	6.378804868322344654e-03	1.040377849744959608e-02	1.725476835092895969e-03	9.946974381251336844e-03	-4.368085716705811736e-03	-6.096764917972322465e-03	-4.449665068854953207e-03	-1.075120131458751592e-03	1.476694664516655536e-04	4.837151141380073918e-03	-1.045394546987842878e-03	-1.854936367970140641e-03	3.292089184199411146e-04	2.364063836578486947e-04	1.328352032784050306e-03	-4.100645195285699271e-04	1.921502106563553833e-03	6.352668893529284859e-05	6.066009242379799852e-04	4.529137564789688028e-03	-1.028026414490766649e-02	-4.215764777230373260e-03	-1.040043905236623725e-02	2.615413150006342009e-04	-6.147266118929602466e-03	-4.517783399245980285e-04	-4.583534218665652644e-03	-3.458988456909234594e-04	5.804467261281638689e-04	-1.405993726915511367e-04	2.148711454310414572e-03	-9.083673500696913192e-04	5.003856747866774687e-03	1.339918331793406607e-03	1.996457948423998284e-03	9.271296196233991998e-04	-2.023095264087560125e-04	-5.023593105796273026e-04	2.660642713501601615e-04	-3.932236453221089542e-04	1.129612341137149235e-03	4.780608522054597244e-04	5.244119704318588038e-04	-1.524046261794160715e-04	4.003341053651635756e-03	6.856215004098472135e-04	6.239029674381522950e-03	-1.900082569788395272e-03	1.446286993195619597e-02	5.994309640313010695e-03	6.740240167507194520e-03
1.517449482096994140e-04	1.908296536836476354e-05	-2.540415788363781235e-04	-6.219957261671877659e-04	-3.672181732498687088e-04	-3.087234232343209132e-04	-7.911652894414148785e-04	1.570490560657657251e-04	5.188891784729384934e-03	-3.953681869738495972e-04	1.425299507908775519e-04	-4.688425872577609531e-03	1.364494379831596464e-03	-4.622469954628407283e-03	6.163050370275206975e-03	-1.928403147447141277e-04	4.707065241371592712e-03	-2.198550087421305074e-03	-1.509293513757185758e-03	-9.767738030333815089e-03	9.982290650517793658e-05	-4.695667342677916148e-03	-1.884143831351386348e-04	-6.036601338920159678e-04	3.105437265324522940e-04	4.984443139614571337e-05	1.809758759270587174e-04	1.065714945972380230e-03	5.057328285606936362e-04	2.276498310139389927e-03	2.849154166247697476e-03	-8.620053455053157344e-05	-5.596673345585270395e-03	-3.419393567481672936e-03	-1.408579651522468869e-03	-4.562124310996534815e-03	-2.640867392004687042e-04	-5.188893792223439605e-03	-5.269310167925326562e-03	-1.157285031165852318e-03	4.944832049249489603e-04	2.301420599644140696e-04	3.420491300186836900e-05	1.746762956190235508e-03	-1.753936179130311055e-04	4.726903981086483936e-03	2.744672408800114503e-03	5.244061529407570031e-04	-3.268305664934183230e-04	2.416944264462264288e-04	-7.245795825759989870e-05	1.937327689294694212e-03	-2.319199225923466220e-04	1.564171812625149080e-03	3.377786698837161559e-04	3.410865312078438191e-04	5.272513471528693201e-03	9.066335194634102257e-04	6.943388975352243839e-04	-3.344917344331953236e-04	1.048333884488415052e-03	5.994309640313010695e-03	1.134942389948540367e-02	8.183040808315269685e-04
-7.519703023960191664e-04	-2.003690593211630670e-03	-5.467032756838218974e-03	3.736935982927007296e-04	-4.605481743030941165e-04	-2.044271895186353767e-04	-4.046325679836383507e-04	-8.106443679882486099e-04	-2.003691851260118104e-03	1.053382282161908698e-03	-2.424937443572371121e-02	2.215643169090153117e-03	-5.314374815081955583e-02	3.838418872527275816e-03	7.788094726981844044e-04	2.711980544560927547e-02	-5.467034596880768725e-03	-2.424937876256464536e-02	-5.184340739328836822e-02	3.426658348395701138e-03	-2.433678843407695302e-02	1.030532689294653709e-03	-1.012657336274571046e-03	-1.469375943516731627e-05	3.736884253279092356e-04	2.215639775780282178e-03	3.426652467226680605e-03	-1.198587241298972768e-05	3.127186620221078387e-04	4.630079754465432889e-04	6.829296988273556631e-04	2.499149850193760000e-03	-4.605488332624256618e-04	-5.314375525070026002e-02	-2.433679048095306607e-02	3.127230124788804447e-04	1.085919560809622776e-03	-1.571505202097590349e-03	-3.238805823195209138e-04	-2.729699716601269657e-02	-2.044321445839707965e-04	3.838414284130529496e-03	1.030528674324766121e-03	4.630130658257630466e-04	-1.571508500655112960e-03	1.200317546295160510e-04	-1.077752131309216339e-04	6.740239900669567873e-03	-4.046401240040813649e-04	7.788079197671125831e-04	-1.012659424941157738e-03	6.829455001838901978e-04	-3.238815709080828916e-04	-1.077672700678632958e-04	-1.483399001436667888e-04	8.183041050086891938e-04	-8.106442747818156953e-04	2.711980917366788035e-02	-1.469101042601114436e-05	2.499150525648492077e-03	-2.729699322382220239e-02	6.740240167507194520e-03	8.183040808315269685e-04	5.976948422065470751e-02
