4.724581887234044486e-02	3.136929690835349969e-03	1.999980886657208752e-03	-2.301617466920969496e-02	-7.028911138255925905e-04	-1.300257635330287161e-04	2.272389025314406133e-02	1.473791532807281705e-03	3.136933807024078376e-03	4.543532862189174413e-05	-2.354702584944960383e-04	-6.413622482373247690e-05	-4.023096742174707527e-04	3.497415141483868704e-03	8.611219084821538500e-03	3.108516073236391422e-04	1.999984030124662970e-03	-2.354729231041379400e-04	3.842956730155720844e-04	1.159919965174864434e-03	3.655421891578364800e-04	1.303742061007107881e-03	2.497452994353695568e-03	-2.213208638832411216e-04	-2.301617702972557494e-02	-6.413532507048568822e-05	1.159918146521385753e-03	4.450893158319357661e-04	4.585876910301858213e-03	-2.209675126996365341e-02	-4.868490238614468779e-02	-1.876965328656791422e-03	-7.028908433168803722e-04	-4.023152018961577100e-04	3.655394344461583133e-04	4.585882815999592008e-03	2.737851765311743579e-04	9.932866627934357120e-04	-7.519126634260333273e-05	-3.770548891904839783e-04	-1.300258130320546338e-04	3.497413034183838483e-03	1.303740252371283440e-03	-2.209675258775477963e-02	9.932839440638576572e-04	-4.620057592958395909e-02	-2.231927445947189809e-02	1.945868193953845075e-03	2.272389246085432940e-02	8.611213693476869185e-03	2.497450294928919411e-03	-4.868490313746226539e-02	-7.519269118663587448e-05	-2.231927394823144881e-02	1.782385881061200063e-04	3.113621638158068500e-03	1.473793101180007666e-03	3.108548656437539999e-04	-2.213191653333546592e-04	-1.876969204476814637e-03	-3.770528520826264699e-04	1.945866519628117316e-03	3.113621778398856232e-03	7.756861547653711320e-04
3.136929690835349969e-03	9.924102843450721342e-03	5.085271082583482302e-03	-8.807453487671522549e-04	-6.830677517015769449e-04	1.796472124214315016e-05	1.451979682345897176e-03	5.052337129238596014e-03	7.094787112065397729e-04	6.775865234210516055e-04	-1.339761088250191086e-03	-3.119644983946678451e-04	-3.936200926647976175e-03	-1.036661056667804266e-04	7.482114900832961390e-04	3.160342250823612760e-03	1.226074951043033563e-03	-6.548161096769568746e-04	-2.675261848665722725e-03	-2.374930322815664693e-04	-1.598930476679643383e-03	1.203217064090656444e-04	5.304645732604692816e-04	4.742024587441286869e-04	-9.002271780241561522e-04	-5.042711152120751827e-03	-4.686313638139925561e-03	8.782244982986774529e-05	-3.063884658987701438e-03	-2.258386193406839511e-04	-1.872061949757742455e-03	-6.230663391462487426e-03	1.797599324664669266e-04	-1.672149793341711713e-03	-2.073824671268317235e-04	5.433503989626848902e-04	3.367420748963470003e-04	4.070051189788170842e-04	1.473318981989794971e-04	-1.476648761157672374e-03	7.362253981494951095e-04	-6.739342054154899044e-04	-4.263179320683420544e-03	-8.711543603901937766e-04	-8.047246482670012552e-03	-9.151179154527149494e-04	-3.484560218198137229e-05	3.143375440510007279e-03	2.820747903204631930e-03	5.148040308186265998e-03	-4.527047057762012376e-03	-2.545855828628068585e-03	-4.291161784161409351e-03	-7.751882373629363863e-04	7.828732735594300021e-04	4.764719387960004993e-03	2.067459765959029825e-04	1.483325844492774936e-03	-4.179991868368904216e-04	-5.292689238117172842e-04	-1.955085700164446889e-03	-7.402316355473879863e-04	7.217366812858350686e-05	4.273928008240343059e-03
1.999980886657208752e-03	5.085271082583482302e-03	1.259772957060046293e-02	-3.279921855479787148e-04	5.421930101849701568e-03	1.625313541725407346e-04	7.575035799116899317e-04	-1.627088716443662376e-04	1.226077397020797211e-03	2.005582922686241379e-04	-4.427850958732401296e-03	-5.404791192592749410e-04	-1.018049427929764578e-02	-4.773561830953513955e-04	5.304279181540187248e-04	4.894925473159862477e-03	3.831726087927053367e-03	-3.132840163665625774e-03	-8.272157132031682930e-03	-1.501299853354336189e-03	-4.343225873654594019e-03	-5.219055766080892223e-05	1.329173467331253022e-03	3.874967874360567667e-04	-4.727267919873188529e-04	-4.921975665567737083e-04	-5.341637436822307267e-03	2.525371423015457619e-04	-8.571268629664868799e-03	4.694744684916840301e-04	1.938793763433674855e-04	3.957555298944549424e-03	1.468435203720069599e-03	-6.556666803323504128e-03	-3.459635897555616603e-03	-1.153797813895301875e-03	1.136506553433043606e-04	3.239946239920190002e-04	5.855663069558262462e-04	-3.709329564333153917e-03	7.528419723041244180e-05	3.397262205768557860e-03	1.479161796947869346e-04	6.256359133755617441e-04	-3.152940124453152554e-03	1.816725856063532716e-03	7.570113092219092881e-04	7.590456378453318796e-03	6.760403961263444393e-04	8.530538072262262850e-03	5.654458702998101799e-03	4.087987955596189267e-04	8.260404646031791701e-04	7.978752728054522465e-04	5.385450102360254346e-04	3.653296682049675739e-03	-1.176343528597486958e-04	3.640850498500988915e-03	-2.924775900066988506e-04	-1.900967111871789219e-04	-4.723258561358674099e-03	-1.590071136601301427e-03	-4.952402212612128920e-04	9.253532787662470047e-03
-2.301617466920969496e-02	-8.807453487671522549e-04	-3.279921855479787148e-04	1.337019701855821606e-02	6.362326898164852133e-04	1.278990364191001173e-03	-1.035314417290869246e-02	-5.831369412062124098e-04	-9.002293453952231678e-04	1.725869257875995127e-04	1.702012823380339801e-04	-8.448437291451323626e-04	2.549701344588538613e-04	-3.056000432019581256e-03	-3.888006579395772086e-03	-7.270784330647487009e-05	-4.727303700351703471e-04	7.114772026845257030e-04	4.615837503337388419e-05	-1.960730498307408729e-03	-3.122026804445359930e-05	-1.410659494111544737e-03	-1.406837595869445557e-03	2.708329259444540709e-04	1.158237843407291384e-02	-1.174538895938298088e-04	-7.870306567970045651e-04	-1.177402138492226937e-03	-2.535412664610436906e-03	9.581351637962517986e-03	2.368788198002799369e-02	9.813243295995011193e-04	-3.189533893435517230e-04	4.736291038784627315e-04	-8.549577741723425996e-05	-2.641704245100882226e-03	6.210806496398096758e-06	-9.145965809025841152e-04	-5.971216723800554325e-04	2.183436148857397570e-04	6.204324581886213469e-04	-1.568926256670782286e-03	-5.760481628617275876e-04	1.085773774644213305e-02	-4.062385914036003090e-04	2.324477895625789298e-02	1.217222069346890825e-02	-7.357332851879683179e-04	-1.013820465254637593e-02	-3.655217926796849870e-03	-9.415397504398696684e-04	2.496378216521227128e-02	1.634962214977024575e-04	1.199322058809795463e-02	8.565278683743690960e-04	-1.345793486832445093e-03	-4.742413282371330999e-05	-1.429530095390885115e-04	3.040526315461439285e-05	5.950642323085383661e-04	-1.087233056728785654e-04	-8.992697877237771156e-04	-2.127614612015747383e-04	-2.759118960914527167e-04
-7.028911138255925905e-04	-6.830677517015769449e-04	5.421930101849701568e-03	6.362326898164852133e-04	1.024664479562458277e-02	4.885842552678623186e-04	-2.261744532080032372e-04	-5.233480978937565115e-03	1.797614425841176453e-04	-6.732098073355895738e-04	-3.190514131333356714e-03	-1.528560427595594446e-04	-4.326246003206577970e-03	-3.441112920631552623e-04	-5.516538879512043574e-04	1.451056687217291584e-03	1.468436097344144511e-03	-1.217460261848802693e-03	-3.245792346894642300e-03	-7.855313215842346219e-04	-1.419820199626008021e-03	-1.832753306547199091e-04	3.750880096002387736e-04	2.370183188454767949e-04	-3.189507818221211767e-04	4.444311146713460225e-03	4.510974153272824180e-03	5.683882644145673560e-04	-5.540975652860324896e-03	1.175180006182030210e-03	1.595130898162103444e-03	5.097697615399581980e-03	8.811956253104733048e-04	-1.964377831860080609e-03	-1.266256215925274081e-03	-1.287882247829512080e-03	-5.764977303797562207e-05	-2.054030185539269208e-04	3.171148005776236846e-04	-5.123901486037852476e-04	-3.552898484563896250e-04	8.302581482653417083e-03	4.403119536997185043e-03	1.512732284787310193e-03	6.044610022523526404e-04	3.568896087998508007e-03	1.261219412912509361e-03	3.456716588983218402e-03	-9.101370364186543238e-04	3.348488566726734277e-03	4.993147103425371429e-03	2.605946629939800453e-03	5.179565688284487254e-03	2.631417664312710788e-03	4.855825362539528374e-04	-6.235885832145855734e-03	-2.878225589200334345e-04	4.776819622291447612e-04	-6.618443626788235792e-04	2.916781600290819674e-04	-1.724190511966495034e-03	-4.366687524036930342e-04	-5.311687217839889622e-04	2.361766562570710021e-03
-1.300257635330287161e-04	1.796472124214315016e-05	1.625313541725407346e-04	1.278990364191001173e-03	4.885842552678623186e-04	2.143303913969701185e-03	1.126729214216259673e-03	-1.672873057053143203e-04	7.362247214068196478e-04	4.549840115331052471e-05	1.968428519137343640e-05	-8.544797560991353440e-04	2.323052655749713899e-04	-7.846617162257105496e-04	1.319001213688551864e-07	-1.577560308011957397e-04	7.528118772184426736e-05	2.726208074023525520e-04	1.821943182348833754e-04	-5.502642299439957719e-04	2.754143291336704890e-04	-4.305936288553180273e-04	-4.937472123810568610e-04	-8.204685504732640638e-07	6.204324092836965322e-04	3.375059815131516806e-06	1.834950789870128573e-04	1.283542667905009983e-04	1.961392333104024040e-05	-1.156504234834975506e-03	-4.098397770290222383e-04	1.500212533472262467e-04	-3.552919188437470574e-04	1.584780978322928679e-04	-3.423587973389109512e-05	1.143070738462371511e-04	5.262023767769143974e-05	-2.394787274168767605e-04	-2.740342733033375748e-04	1.060819531820812685e-04	1.370322593859049382e-03	3.622683830800977624e-05	2.105337178279087116e-04	-4.547288483719646394e-04	5.185356611712685403e-04	1.083114653255340593e-04	5.966589904615488427e-04	-1.358282721994909215e-04	4.976576534243906409e-04	4.683231090918996934e-05	3.639578737412496384e-04	6.893391329934150762e-04	5.938862937261961015e-04	1.271567414351343524e-03	-1.273848135825254044e-04	-3.493443890851246009e-04	4.946690128264403120e-04	1.167391322207945428e-05	2.341847763651058224e-05	-7.717678205849550464e-04	-7.474193850404485209e-06	-2.076566544942253011e-04	4.161873396517442756e-04	-1.508559500035615807e-04
2.272389025314406133e-02	1.451979682345897176e-03	7.575035799116899317e-04	-1.035314417290869246e-02	-2.261744532080032372e-04	1.126729214216259673e-03	1.309193098578239484e-02	7.082928059392044938e-04	2.820748320481988262e-03	1.251699465195417070e-04	2.489995625532083476e-05	-8.851912813981605401e-04	1.911429514581379919e-04	1.177959864370276867e-03	3.993116929432901849e-03	3.406682690790833269e-05	6.760368667218010766e-04	-1.713366110860779264e-05	4.530478249550332548e-04	3.863863429206926660e-04	8.313866419783352227e-04	1.651826771854849184e-05	-9.305634470547077613e-05	-3.331991100243522652e-04	-1.013820507650085856e-02	-1.410945941286540991e-04	5.379001226524569943e-04	-7.290731989230546817e-04	2.390546370799664314e-03	-1.169587373228623585e-02	-2.464796043844090512e-02	-9.913569536534859190e-04	-9.101399244978291159e-04	-2.557429127732511803e-04	2.072563609313235206e-04	2.763616129920315814e-03	3.731135183078919978e-04	-2.504833252196250683e-04	-7.275436608253820284e-04	-3.980447634527514971e-04	4.976575554270325826e-04	1.259511092472613385e-03	5.035879787601205875e-04	-1.195754218907640540e-02	6.471563799566734058e-04	-2.298352685469508272e-02	-1.080055479347013375e-02	6.819299606216581294e-04	1.128125725841548112e-02	3.888319304321585183e-03	1.086417105783343134e-03	-2.342779034854131776e-02	4.492450947634756979e-05	-9.566727827128439221e-03	1.061571098258197021e-03	1.503781292871689181e-03	1.572823410788610262e-03	4.001710598163715294e-04	-2.380053808076268825e-05	-2.372499283940474567e-03	-2.059425781245653383e-04	6.812330052326323084e-04	1.841837641141101396e-03	4.884129974246425795e-04
1.473791532807281705e-03	5.052337129238596014e-03	-1.627088716443662376e-04	-5.831369412062124098e-04	-5.233480978937565115e-03	-1.672873057053143203e-04	7.082928059392044938e-04	5.249771284059314563e-03	2.067445926900797655e-04	7.942968650146533301e-04	8.534486096268102196e-04	-5.581329053904249336e-05	1.852601993007191284e-04	1.247142645759479005e-04	4.860271350390466634e-04	7.833709192842886956e-04	-1.176357959124008134e-04	2.131839529552880669e-04	3.137228888440866058e-04	2.504095287295110138e-04	1.179725811377308072e-05	2.108142164496050160e-04	5.785318925379329060e-05	-1.060901995257194420e-04	-4.742376740240440908e-05	-4.502238084898502711e-03	-4.563976801436480518e-03	-2.320392892617632158e-04	1.001648720359139908e-03	-4.465127443047763782e-04	-1.251121362438084323e-03	-5.574764311222663374e-03	-2.878226526032726606e-04	1.110612911759102596e-04	6.052382357272028616e-04	7.174450965156239837e-04	1.638845772895089394e-04	2.825908298936241885e-04	-7.069338977855168843e-05	-5.632633924005318177e-04	4.946689773215898417e-04	-4.538728277093716582e-03	-4.462950936517081149e-03	-9.744318806428903116e-04	-4.365673782942088368e-03	-1.723006324915397122e-03	-4.541749364876453577e-04	-1.438087767804061543e-04	1.572822566486894265e-03	6.362289184398989706e-04	-4.716450478040600663e-03	-2.065205921080798084e-03	-4.496231382363180887e-03	-1.369938114034645674e-03	1.752511619064068128e-04	5.426313487547356970e-03	2.378587092485826601e-04	4.663143833919422250e-04	-7.902805568652613980e-05	-3.357103494471388376e-04	-1.592410379048141774e-04	-1.310082776933794708e-04	2.456761439893758261e-04	9.114503336993635615e-04
3.136933807024078376e-03	7.094787112065397729e-04	1.226077397020797211e-03	-9.002293453952231678e-04	1.797614425841176453e-04	7.362247214068196478e-04	2.820748320481988262e-03	2.067445926900797655e-04	9.924099334329625210e-03	6.775860974241578122e-04	-6.548158088799208324e-04	-5.042708987090169064e-03	-1.672147692648475164e-03	-6.739335272834259469e-04	5.148035063015324320e-03	1.483325472610905020e-03	5.085268440002749940e-03	-1.339759087495079153e-03	-2.675260304355157014e-03	-4.686312210557120120e-03	-2.073821427064960758e-04	-4.263178511678513208e-03	-4.527047774478829348e-03	-4.179982509872989154e-04	-8.807487654752762553e-04	-3.119655618404842783e-04	-2.374985217448429085e-04	8.782366535573631614e-05	5.433447245031821325e-04	-8.711553251763649777e-04	-2.545859473790395948e-03	-5.292651962713482497e-04	-6.830682442759653406e-04	-3.936199007357141406e-03	-1.598931597601183432e-03	-3.063884810070271504e-03	3.367409248236565445e-04	-8.047246072930525421e-03	-4.291161476801889571e-03	-1.955084498102158206e-03	1.796333135288620043e-05	-1.036678752279842529e-04	1.203189513424547468e-04	-2.258377441139228226e-04	4.070029069854579334e-04	-9.151202891593696867e-04	-7.751905114086396487e-04	-7.402284251839560784e-04	1.451980610196099662e-03	7.482108399687900733e-04	5.304634911022633546e-04	-1.872065411315948762e-03	1.473319325244232432e-04	-3.484872849344688409e-05	7.828719591795351481e-04	7.217345830235423931e-05	5.052336208535944742e-03	3.160339581279819274e-03	4.742029166938838440e-04	-6.230660679051843245e-03	-1.476645605162582760e-03	3.143378549956855287e-03	4.764718458216597730e-03	4.273924288563361699e-03
4.543532862189174413e-05	6.775865234210516055e-04	2.005582922686241379e-04	1.725869257875995127e-04	-6.732098073355895738e-04	4.549840115331052471e-05	1.251699465195417070e-04	7.942968650146533301e-04	6.775860974241578122e-04	2.135194598813853085e-03	1.086739667861078267e-03	-3.777629337531073525e-04	-2.578536520718215054e-04	-2.326892678415859949e-04	3.277606122762163465e-04	1.337421217632500225e-03	2.005588688021856707e-04	1.086739202893714611e-03	2.613624265011915779e-04	-5.364341641330066862e-04	-6.332520647796123937e-04	-1.757897417720512333e-04	-1.782206291617144920e-04	-1.455549009044916826e-04	1.725867120749846064e-04	-3.777635030340498342e-04	-5.364345321358779178e-04	-1.080360683603605245e-04	1.070415260556326694e-04	-6.227057001765009072e-06	-4.828579310059923535e-05	-4.877969372937904636e-04	-6.732090320921769230e-04	-2.578546597708666443e-04	-6.332522035878132213e-04	1.070411341112987203e-04	-1.332731751775894334e-03	-9.455525012597875865e-05	-3.624138684145686773e-04	3.585155132440580989e-04	4.549850314487700290e-05	-2.326898381805804516e-04	-1.757901117588671304e-04	-6.227187142728163321e-06	-9.455561955039752165e-05	-1.277177788437546099e-04	-1.170740815543919807e-04	-2.055666672872714354e-05	1.251708111749668469e-04	3.277603474082696521e-04	-1.782215760708454045e-04	-4.828778764683476520e-05	-3.624146256260297452e-04	-1.170749441723534440e-04	1.716226014711246263e-06	7.482445964247257022e-04	7.942964531546556177e-04	1.337422153987438255e-03	-1.455544964361726293e-04	-4.877967022898311916e-04	3.585160402500644789e-04	-2.055691802631655699e-05	7.482438051849462767e-04	9.685784416403892937e-04
-2.354702584944960383e-04	-1.339761088250191086e-03	-4.427850958732401296e-03	1.702012823380339801e-04	-3.190514131333356714e-03	1.968428519137343640e-05	2.489995625532083476e-05	8.534486096268102196e-04	-6.548158088799208324e-04	1.086739667861078267e-03	1.358577915337097659e-02	4.265721306594900172e-04	2.458112985439418405e-02	6.918298979636044403e-04	-2.823669663206607367e-04	-1.114829121538221668e-02	-3.132840330696848828e-03	1.141692811906332497e-02	2.411572541754570739e-02	1.160404013843591283e-03	1.039151207439713114e-02	6.903268215081291321e-05	-1.113075676647439947e-03	5.996491065265261572e-04	7.114711214927379405e-04	-8.685065202041915267e-05	5.338111864451799624e-04	-3.626519909677670679e-04	1.846430990852941396e-03	-2.470746770530773528e-04	1.951971284976310823e-04	-2.327684143027550310e-04	-1.217461544148099387e-03	2.216107497251487007e-02	1.022711984935965532e-02	5.873266417440836488e-04	-7.671771005995683523e-04	-3.977583345489441122e-04	-4.609815346645807941e-04	1.213143647276521478e-02	2.726178580414290414e-04	-8.576188503575910786e-04	-5.740866702569004561e-04	-3.721522796862580373e-04	-1.526244778040249908e-04	-6.110645083320228807e-04	-3.626192867150666925e-05	1.391222771771121521e-03	-1.713529996226388437e-05	-1.492481158932041935e-03	-1.901467543002454200e-03	-4.556128165489258474e-05	-1.268268391197900809e-03	-3.419308099281271164e-04	-9.461345718853796062e-05	1.423355139095693576e-03	2.131853579079000531e-04	-9.570287135424723757e-03	1.415385447954419125e-03	4.999456280638450842e-04	1.225096794494150848e-02	2.495657618081344870e-03	6.778799523309753019e-04	-2.462077198835583430e-02
-6.413622482373247690e-05	-3.119644983946678451e-04	-5.404791192592749410e-04	-8.448437291451323626e-04	-1.528560427595594446e-04	-8.544797560991353440e-04	-8.851912813981605401e-04	-5.581329053904249336e-05	-5.042708987090169064e-03	-3.777629337531073525e-04	4.265721306594900172e-04	5.266795851166480510e-03	1.115743791906601261e-03	5.441325242417955829e-03	1.527416041920744301e-04	-7.874359110998183781e-04	-4.921960801787282147e-04	-8.685114780235185885e-05	8.228399856671244315e-04	5.235311577100167438e-03	-4.422994397999075941e-05	4.531832465152461215e-03	4.742460466022148380e-03	5.319271681606900081e-07	-1.174542679634276013e-04	2.392183896438039017e-04	2.021538468300485220e-04	9.466357464593783372e-05	5.413844624180891502e-05	4.349044696420301353e-04	4.436906228180166178e-04	1.668145810158689268e-04	4.444311538238879082e-03	9.392808080290578543e-04	3.205603379547593453e-04	-1.936206365963483145e-04	-3.817293598875140808e-04	4.413824561566315370e-03	4.490521954265316862e-03	7.288895956786987842e-04	3.374378951654159969e-06	1.440618859256500217e-04	-3.065088812517338248e-07	-3.482457632544633318e-04	-1.103938050758561986e-04	2.007582036793442693e-04	4.684434706352396294e-04	3.051559251658651295e-04	-1.410953906361091161e-04	-2.218014671062249962e-04	-1.501610071438369554e-04	-3.819733069021303065e-04	-8.462904247272617464e-05	-3.363384287353439299e-04	-7.723745268528908108e-05	-8.564244939115994975e-06	-4.502237844304759866e-03	-1.253461249066639043e-03	4.236065477347946909e-05	5.540537979962284823e-03	1.302438920390328785e-03	9.005445674140205841e-04	-4.728603886227698491e-03	-2.068081684629599366e-03
-4.023096742174707527e-04	-3.936200926647976175e-03	-1.018049427929764578e-02	2.549701344588538613e-04	-4.326246003206577970e-03	2.323052655749713899e-04	1.911429514581379919e-04	1.852601993007191284e-04	-1.672147692648475164e-03	-2.578536520718215054e-04	2.458112985439418405e-02	1.115743791906601261e-03	5.278759128014735152e-02	2.121420756024831877e-03	-2.067603297799833835e-04	-2.555908415281638035e-02	-6.556664555798360702e-03	2.216107513420883385e-02	4.932596109477597329e-02	2.707081748585596359e-03	2.427922481370279120e-02	6.295980216796019462e-05	-2.587883941745179259e-03	-7.146110281231628485e-04	4.736178899648286816e-04	9.392819816515561929e-04	3.653299173453172875e-03	-2.407721196610845263e-04	4.467870964828556980e-03	-3.807362774712469422e-04	1.392846925216221501e-04	-2.499567283554695956e-04	-1.964379306393346930e-03	4.623735742920067476e-02	2.192284654876072020e-02	6.772373421134740730e-04	-4.937212298118582622e-04	-1.956849191651152935e-03	-1.171075095810380400e-03	2.344056826037036606e-02	1.584719615215026984e-04	-5.374879313253704601e-04	-9.803522717600828972e-05	-1.326501478494688049e-04	4.502613605025937915e-04	-4.826222903059626881e-04	1.195494545959370421e-04	2.093161629305375238e-03	-2.557481748770947709e-04	-4.127166470406040330e-03	-3.925592228470681927e-03	4.565058266794458797e-04	-1.227070381711293026e-03	8.370100166664356579e-05	2.169967469685563251e-05	1.834780939162595288e-04	1.110629920866146704e-04	-2.320709389943325512e-02	9.817088598065913489e-04	1.148232693388373743e-03	2.575306334525185106e-02	6.301010825442517407e-03	1.386797364880276977e-03	-5.351629430994782333e-02
3.497415141483868704e-03	-1.036661056667804266e-04	-4.773561830953513955e-04	-3.056000432019581256e-03	-3.441112920631552623e-04	-7.846617162257105496e-04	1.177959864370276867e-03	1.247142645759479005e-04	-6.739335272834259469e-04	-2.326892678415859949e-04	6.918298979636044403e-04	5.441325242417955829e-03	2.121420756024831877e-03	1.105147099008031014e-02	5.570140056599015739e-03	-8.319907429218321342e-04	3.397263369907655914e-03	-8.576182020925744330e-04	4.178799085385358691e-04	6.342179941235480053e-03	4.837391491694971327e-04	5.456114887306347944e-03	5.021541517806079290e-03	-5.137281348421550995e-04	-1.568930103607677840e-03	1.440607645372454966e-04	4.257135935927297467e-04	7.219304433611452906e-04	9.383831389223470324e-04	-8.860204240219193600e-05	-2.260831444867712585e-03	-2.119752844552316023e-04	8.302582501829457520e-03	-5.374891328254989076e-04	-3.308532470823910446e-04	-3.326006470307707116e-03	-5.968954594961094120e-04	7.473933718001492124e-04	4.568159970096868742e-03	2.132524683814796082e-04	3.622469134477999172e-05	2.726739919371127673e-04	1.844645989668416074e-04	-9.853363459099112424e-04	2.361327573526163931e-04	-9.489903703791616185e-04	-2.218417714292526908e-04	2.019076014922716565e-04	1.259510691164376309e-03	2.563885955326451966e-04	1.075794438042650472e-04	-3.239537674731366931e-03	1.182009377501478548e-05	-1.015682596912886263e-03	2.611089335174211551e-04	1.215777642961283036e-04	-4.538729165352415815e-03	-3.168078655560886128e-04	4.634637469480818416e-04	4.968785405023677659e-03	2.110447752537073125e-03	5.471079917462540188e-03	-5.074620552144227213e-03	-1.645010025555357011e-03
8.611219084821538500e-03	7.482114900832961390e-04	5.304279181540187248e-04	-3.888006579395772086e-03	-5.516538879512043574e-04	1.319001213688551864e-07	3.993116929432901849e-03	4.860271350390466634e-04	5.148035063015324320e-03	3.277606122762163465e-04	-2.823669663206607367e-04	1.527416041920744301e-04	-2.067603297799833835e-04	5.570140056599015739e-03	1.306982073554817728e-02	8.356105588584118900e-04	8.530535747958697262e-03	-1.492479625776383734e-03	-2.596615409032876180e-03	-3.562941357452508589e-03	-6.369075894380985155e-04	9.373052365818047502e-04	5.707213405557399338e-03	-2.913792509694881688e-04	-3.655226066891596130e-03	-2.218011246751366286e-04	4.572959247029928661e-04	2.399382786466453953e-04	2.587035118959862909e-03	-2.645396568730997572e-03	-7.023387551575642658e-03	-1.196674047000993810e-03	3.348489508118737690e-03	-4.127167017361990480e-03	-1.901633578757090442e-03	-7.391057323833812552e-03	-1.680475388353599563e-04	-3.051291357538656046e-03	9.601367229595244646e-05	-1.730774398508629769e-03	4.682786746592109350e-05	2.563898327862999772e-04	3.840251938826767558e-04	-2.989654038966589079e-03	1.051422859082686706e-03	-5.217265474140697634e-03	-2.820173679020702116e-03	-8.922889210131478878e-04	3.888318548921520634e-03	1.477461157912444631e-03	6.361109495158449173e-04	-7.264295306581039675e-03	1.043934828300062840e-04	-2.672539915223575563e-03	4.462325714972561683e-04	3.499266521973654195e-04	6.362261180363005045e-04	2.025473874188582057e-03	5.061692576428921536e-04	3.651708072634225061e-03	-3.920468624614327361e-04	8.453435943573089917e-03	5.570717207770167594e-03	2.900042370682127165e-03
3.108516073236391422e-04	3.160342250823612760e-03	4.894925473159862477e-03	-7.270784330647487009e-05	1.451056687217291584e-03	-1.577560308011957397e-04	3.406682690790833269e-05	7.833709192842886956e-04	1.483325472610905020e-03	1.337421217632500225e-03	-1.114829121538221668e-02	-7.874359110998183781e-04	-2.555908415281638035e-02	-8.319907429218321342e-04	8.356105588584118900e-04	1.464697822235256838e-02	3.640851923179724142e-03	-9.570285996477113921e-03	-2.384402995478821993e-02	-1.878712254934988314e-03	-1.194653158978246574e-02	-2.496646080796584852e-04	1.222105649947345749e-03	1.259175288704186390e-03	-1.429471879782283458e-04	-1.253462928908269207e-03	-2.175406720397825115e-03	1.375963386567126195e-04	-1.692046309108617176e-03	4.781296126583059664e-04	-6.327222239498018499e-05	-1.175078107542892750e-03	4.776842548037187899e-04	-2.320709094154200375e-02	-1.191565468340012937e-02	-5.326387447339799887e-04	-2.247253579887570200e-04	5.336007898914646962e-04	1.690371200927915610e-04	-1.155649310749425410e-02	1.167701421789271553e-05	-3.168082133638801864e-04	-5.339672931369983909e-04	9.659200612422390309e-05	-6.402633834285480999e-04	3.072099228419321770e-04	-5.923818218782999875e-05	-1.573454623619652834e-03	4.001739918369516319e-04	2.025474517266022748e-03	9.572734617207241756e-04	-3.096827581890409901e-04	3.561795432032845106e-05	-1.014413180542130324e-04	8.493091470354939651e-05	3.172429915029358755e-04	4.663130828498249203e-04	1.237615589365943444e-02	4.292550204299049152e-04	-7.641823068429747174e-04	-1.168471399079685710e-02	-2.608291701396698095e-03	7.627571127843775695e-05	2.746127632337768548e-02
1.999984030124662970e-03	1.226074951043033563e-03	3.831726087927053367e-03	-4.727303700351703471e-04	1.468436097344144511e-03	7.528118772184426736e-05	6.760368667218010766e-04	-1.176357959124008134e-04	5.085268440002749940e-03	2.005588688021856707e-04	-3.132840330696848828e-03	-4.921960801787282147e-04	-6.556664555798360702e-03	3.397263369907655914e-03	8.530535747958697262e-03	3.640851923179724142e-03	1.259773137143204921e-02	-4.427847382766443053e-03	-8.272155510023866676e-03	-5.341638340986040734e-03	-3.459634836882817446e-03	1.479167683879515716e-04	5.654460420823631192e-03	-2.924763840443979639e-04	-3.279968099806473275e-04	-5.404799332713053567e-04	-1.501305638099296796e-03	2.525387860613661313e-04	-1.153805183693551407e-03	6.256354144970189927e-04	4.087964987838768388e-04	-1.900923459396895417e-04	5.421928839348614387e-03	-1.018049333151824914e-02	-4.343229110345937782e-03	-8.571268117114550639e-03	1.136486584818503521e-04	-3.152939983180447648e-03	8.260403128452914467e-04	-4.723258229839976188e-03	1.625288007152032345e-04	-4.773606027752914558e-04	-5.219374152215199009e-05	4.694749310487906883e-04	3.239927502685247679e-04	1.816720977723229602e-03	7.978718089250754885e-04	-1.590069955416500633e-03	7.575034673040050362e-04	5.304211278757120767e-04	1.329170317448123521e-03	1.938737949386621837e-04	5.855662402027252611e-04	7.570043755172584880e-04	5.385415016941323295e-04	-4.952418638730461198e-04	-1.627096159860126623e-04	4.894923711244840610e-03	3.874979386132259814e-04	3.957559449311507521e-03	-3.709324763036507631e-03	7.590463344148214685e-03	3.653298816070827803e-03	9.253530636904656881e-03
-2.354729231041379400e-04	-6.548161096769568746e-04	-3.132840163665625774e-03	7.114772026845257030e-04	-1.217460261848802693e-03	2.726208074023525520e-04	-1.713366110860779264e-05	2.131839529552880669e-04	-1.339759087495079153e-03	1.086739202893714611e-03	1.141692811906332497e-02	-8.685114780235185885e-05	2.216107513420883385e-02	-8.576182020925744330e-04	-1.492479625776383734e-03	-9.570285996477113921e-03	-4.427847382766443053e-03	1.358577750792398613e-02	2.411572261800214861e-02	5.338100627897687323e-04	1.022711837945787863e-02	-5.740865031622095077e-04	-1.901466490518033837e-03	1.415385929424764488e-03	1.701995102870520354e-04	4.265728821268541552e-04	1.160403499140487144e-03	-3.626527874871042631e-04	5.873225318884375216e-04	-3.721541637404100940e-04	-4.556418133739096444e-05	4.999500705099604826e-04	-3.190512768966818988e-03	2.458112494869573589e-02	1.039151014741888229e-02	1.846427946539953499e-03	-7.671773028733797680e-04	-1.526257785120546640e-04	-1.268268616077811292e-03	1.225096564072128760e-02	1.968217785509643303e-05	6.918322208706326280e-04	6.903309009533733337e-05	-2.470695219304575550e-04	-3.977606043046119253e-04	-6.110587330371234499e-04	-3.419303079925997951e-04	2.495664980031063983e-03	2.489651001599395251e-05	-2.823646395198462140e-04	-1.113074850442251264e-03	1.952081214013032815e-04	-4.609820427847318922e-04	-3.625593308299305715e-05	-9.461240529636719512e-05	6.778823034699115119e-04	8.534489461920039032e-04	-1.114829039376847263e-02	5.996502757119083482e-04	-2.327687811630725460e-04	1.213143783751115604e-02	1.391222399904191911e-03	1.423354859542906191e-03	-2.462076984698410853e-02
3.842956730155720844e-04	-2.675261848665722725e-03	-8.272157132031682930e-03	4.615837503337388419e-05	-3.245792346894642300e-03	1.821943182348833754e-04	4.530478249550332548e-04	3.137228888440866058e-04	-2.675260304355157014e-03	2.613624265011915779e-04	2.411572541754570739e-02	8.228399856671244315e-04	4.932596109477597329e-02	4.178799085385358691e-04	-2.596615409032876180e-03	-2.384402995478821993e-02	-8.272155510023866676e-03	2.411572261800214861e-02	5.146542522077009185e-02	2.925414090619356516e-03	2.383892913138999439e-02	-2.625825074806888474e-04	-3.536705397766157916e-03	1.246274014784987051e-04	4.614983003795674433e-05	8.228417746614306427e-04	2.925414452820064310e-03	-2.951626083217310050e-04	2.403457037825281438e-03	-6.922883311890177215e-04	-6.894884323369264954e-04	1.931113579856436665e-04	-3.245793248142816480e-03	4.932595657232355379e-02	2.383892873398491680e-02	2.403460426258573202e-03	-2.534812498866140403e-06	-9.618360574441395987e-04	-1.338933324900537297e-03	2.405964454469228936e-02	1.821895770437013419e-04	4.178836270922632861e-04	-2.625819885876696375e-04	-6.922806757558895921e-04	-9.618383521066144973e-04	-1.637279608960736169e-03	-5.104461892114655177e-04	3.947091769431801053e-03	4.530426623356338385e-04	-2.596611869347383982e-03	-3.536704126058603549e-03	-6.894713109811043518e-04	-1.338933278479698119e-03	-5.104405818066048723e-04	-2.293931039810551885e-06	8.029173675666672044e-04	3.137241207056023400e-04	-2.384403074951591678e-02	1.246280658505080977e-04	1.931056644847315091e-04	2.405964710889409164e-02	3.947080328342149856e-03	8.029130806019748982e-04	-5.241036876701002378e-02
1.159919965174864434e-03	-2.374930322815664693e-04	-1.501299853354336189e-03	-1.960730498307408729e-03	-7.855313215842346219e-04	-5.502642299439957719e-04	3.863863429206926660e-04	2.504095287295110138e-04	-4.686312210557120120e-03	-5.364341641330066862e-04	1.160404013843591283e-03	5.235311577100167438e-03	2.707081748585596359e-03	6.342179941235480053e-03	-3.562941357452508589e-03	-1.878712254934988314e-03	-5.341638340986040734e-03	5.338100627897687323e-04	2.925414090619356516e-03	1.069934353870936189e-02	1.140926263597408013e-03	5.237222364368509034e-03	5.817510576349468714e-04	-3.109964514373581056e-04	-7.870302864567084835e-04	2.021520255940111076e-04	7.598347929307035491e-04	3.031785766140069520e-04	1.080804970052104278e-03	-7.730181533564591412e-04	-1.832005995389639685e-03	-2.553150981104648385e-04	4.510974999489575366e-03	3.653297963602751205e-03	1.608939314692134316e-03	5.377563273601967606e-03	-4.318590335509434768e-04	4.705173116526659843e-03	4.573106147468072868e-03	1.967694790305856214e-03	1.834967528530603625e-04	4.257164469841472065e-04	1.129599403928269234e-04	-1.269725082396155414e-03	-4.610267677606177364e-05	-2.213074448056940279e-03	-2.976020312424769226e-04	5.732319678986326624e-04	5.379025956347565111e-04	4.573032183923459782e-04	-3.312211292346300831e-04	-2.542321517157046951e-03	-2.555208808163200750e-04	-1.252036410531268042e-03	-7.725506175064056227e-05	3.969174781255394263e-04	-4.563977177436839838e-03	-2.175405074469085459e-03	-1.868980136749913678e-05	6.234064603435246531e-04	2.424438006027041827e-03	-3.415273833645218748e-03	-9.340380863608539405e-03	-4.300108983784728563e-03
3.655421891578364800e-04	-1.598930476679643383e-03	-4.343225873654594019e-03	-3.122026804445359930e-05	-1.419820199626008021e-03	2.754143291336704890e-04	8.313866419783352227e-04	1.179725811377308072e-05	-2.073821427064960758e-04	-6.332520647796123937e-04	1.039151207439713114e-02	-4.422994397999075941e-05	2.427922481370279120e-02	4.837391491694971327e-04	-6.369075894380985155e-04	-1.194653158978246574e-02	-3.459634836882817446e-03	1.022711837945787863e-02	2.383892913138999439e-02	1.140926263597408013e-03	1.333860320695032936e-02	-7.321965531264693853e-04	-2.529812127828711364e-03	-1.275467292709834850e-03	-8.550183473670703617e-05	3.205603807142679527e-04	1.608937857156145061e-03	-2.083861902874846017e-05	1.704372036387185154e-03	-3.809546791049517149e-04	-6.630453353499042232e-04	-1.969749658390873527e-04	-1.266256344312473824e-03	2.192284488919868379e-02	1.113177938657160596e-02	5.592781339413947263e-04	9.825805615997394108e-04	-2.120210414369418095e-03	-1.221868623275479491e-03	9.541849961939281519e-03	-3.423867387179930377e-05	-3.308511474241132349e-04	-2.067539937908576344e-04	5.841852215878233989e-05	-1.521921922804490997e-04	-5.700281024421182492e-04	-2.172126079379814163e-04	1.153620797451152154e-03	2.072540558130727014e-04	-1.901629365232032718e-03	-1.927441979788075983e-03	-1.788705283822477048e-04	-4.974557319181997133e-04	-6.982563041129405228e-05	2.229132576157572161e-04	3.216030983133138469e-05	6.052378839149297543e-04	-1.191565593318879429e-02	-4.779692144375665168e-04	-7.517912030854880141e-04	1.108540358216726640e-02	2.603851648000398908e-03	7.071701778454706844e-04	-2.431290706246332783e-02
1.303742061007107881e-03	1.203217064090656444e-04	-5.219055766080892223e-05	-1.410659494111544737e-03	-1.832753306547199091e-04	-4.305936288553180273e-04	1.651826771854849184e-05	2.108142164496050160e-04	-4.263178511678513208e-03	-1.757897417720512333e-04	6.903268215081291321e-05	4.531832465152461215e-03	6.295980216796019462e-05	5.456114887306347944e-03	9.373052365818047502e-04	-2.496646080796584852e-04	1.479167683879515716e-04	-5.740865031622095077e-04	-2.625825074806888474e-04	5.237222364368509034e-03	-7.321965531264693853e-04	5.301359193997986358e-03	5.404120378718036202e-03	-1.134250493844715343e-04	-5.760489070429777392e-04	-3.079525728910385992e-07	1.129578856545297586e-04	1.591528195812904993e-04	4.660372953942063662e-04	-2.905804506281970019e-04	-9.335856311652979914e-04	-2.486308350353901280e-04	4.403119651467531440e-03	-9.803594067487862739e-05	-2.067540710855219829e-04	5.913781675693532925e-04	-7.340131107998644489e-04	5.303825061277030184e-03	4.517147600222289408e-03	3.839381638596631521e-04	2.105342511627452924e-04	1.844644624483669955e-04	1.227169440000259169e-04	-1.188574298706455588e-03	1.243168020265784446e-04	-1.231657090124506099e-03	-1.809246451035297900e-04	-3.410071964440564661e-05	5.035898090683366655e-04	3.840268502097461244e-04	1.463470822660884862e-04	-1.745843200919328878e-03	1.082024422757031130e-05	-7.376385649623194273e-04	-1.392544256669718365e-04	1.482529968438160727e-04	-4.462951160076170792e-03	-5.339665857220321585e-04	-6.655828770759422133e-05	4.852738965669761706e-03	8.025133984626508198e-04	1.545441426343281796e-04	-4.664622516418217429e-03	-8.063904616919430682e-04
2.497452994353695568e-03	5.304645732604692816e-04	1.329173467331253022e-03	-1.406837595869445557e-03	3.750880096002387736e-04	-4.937472123810568610e-04	-9.305634470547077613e-05	5.785318925379329060e-05	-4.527047774478829348e-03	-1.782206291617144920e-04	-1.113075676647439947e-03	4.742460466022148380e-03	-2.587883941745179259e-03	5.021541517806079290e-03	5.707213405557399338e-03	1.222105649947345749e-03	5.654460420823631192e-03	-1.901466490518033837e-03	-3.536705397766157916e-03	5.817510576349468714e-04	-2.529812127828711364e-03	5.404120378718036202e-03	1.099796538159680467e-02	2.246975221983173502e-04	-9.415426969207983795e-04	-1.501613214285421767e-04	-3.312254358290667795e-04	3.433220011625553938e-05	2.750373980505672823e-04	-4.268706859697488152e-04	-1.074078197808578340e-03	-3.185826583297921900e-04	4.993147033957803446e-03	-3.925593510548193790e-03	-1.927444152995804339e-03	-3.871290465253290208e-03	-5.640280694240824236e-04	6.313225058666087179e-03	5.363929207418410491e-03	-1.411121175652532657e-03	3.639567848218211617e-04	1.075786168769651238e-04	1.463459040861219752e-04	-1.620976061087620306e-03	3.947387896264458818e-04	-1.391212127975577362e-03	-3.877662080536574190e-04	-6.872261864491744417e-04	1.086417866837452190e-03	6.361108902169618391e-04	6.749722101189557918e-04	-2.127278343921262371e-03	3.034895476989282509e-04	-9.814889323609599005e-04	-2.729728392781202695e-04	-1.431590408007004810e-04	-4.716451134125153669e-03	9.572749603210574127e-04	7.204970783956625847e-05	9.638100774089181783e-03	-9.511303325960573669e-04	3.753167643669206438e-03	-5.666778143161503405e-04	2.710986375798932636e-03
-2.213208638832411216e-04	4.742024587441286869e-04	3.874967874360567667e-04	2.708329259444540709e-04	2.370183188454767949e-04	-8.204685504732640638e-07	-3.331991100243522652e-04	-1.060901995257194420e-04	-4.179982509872989154e-04	-1.455549009044916826e-04	5.996491065265261572e-04	5.319271681606900081e-07	-7.146110281231628485e-04	-5.137281348421550995e-04	-2.913792509694881688e-04	1.259175288704186390e-03	-2.924763840443979639e-04	1.415385929424764488e-03	1.246274014784987051e-04	-3.109964514373581056e-04	-1.275467292709834850e-03	-1.134250493844715343e-04	2.246975221983173502e-04	2.338842829563192276e-03	3.040722526886809588e-05	4.236114693860639326e-05	-1.868916440258672191e-05	-6.536449473874632841e-05	-4.301487235568626885e-04	1.191865738067141326e-04	2.756092028566353627e-04	1.587477449750973883e-04	-6.618439168036484733e-04	9.817085870484751255e-04	-4.779690719641800211e-04	3.452504209062719296e-04	1.382413144876908193e-04	6.382316394320869868e-04	-2.004888947005148154e-05	1.383122108518969936e-03	2.341886973705922640e-05	4.634640858937205958e-04	-6.655833662972596143e-05	-5.626892162887369266e-05	-2.805002520270341040e-04	1.220893562279509216e-04	5.142519023558744830e-06	4.173914892398123203e-04	-2.380064555980400729e-05	5.061680004111131833e-04	7.204851387547962923e-05	1.875612676671189810e-04	1.601807651850434687e-05	1.247636118101395084e-04	-7.297706260621431007e-05	-7.288528959181792379e-05	-7.902749334033994837e-05	4.292552818172102160e-04	1.576027468339364062e-03	3.196710477497416024e-04	5.649979932317608601e-04	-3.862563802557392460e-04	2.068991278655697751e-04	-1.176502365000702330e-04
-2.301617702972557494e-02	-9.002271780241561522e-04	-4.727267919873188529e-04	1.158237843407291384e-02	-3.189507818221211767e-04	6.204324092836965322e-04	-1.013820507650085856e-02	-4.742376740240440908e-05	-8.807487654752762553e-04	1.725867120749846064e-04	7.114711214927379405e-04	-1.174542679634276013e-04	4.736178899648286816e-04	-1.568930103607677840e-03	-3.655226066891596130e-03	-1.429471879782283458e-04	-3.279968099806473275e-04	1.701995102870520354e-04	4.614983003795674433e-05	-7.870302864567084835e-04	-8.550183473670703617e-05	-5.760489070429777392e-04	-9.415426969207983795e-04	3.040722526886809588e-05	1.337019960888450112e-02	-8.448432611922139773e-04	-1.960730542362404925e-03	-1.177402189592854356e-03	-2.641704853443488550e-03	1.085773876812468584e-02	2.496378522379271922e-02	5.950639604994572640e-04	6.362309667171680118e-04	2.549662062831501460e-04	-3.122251306479912182e-05	-2.535412026021614893e-03	6.210192277536643758e-06	-4.062377437339939265e-04	1.634956884840692813e-04	-1.087245919072463455e-04	1.278990095685193524e-03	-3.055998340183527923e-03	-1.410659045782695215e-03	9.581354435870709577e-03	-9.145960595716544090e-04	2.324478327937307132e-02	1.199322282881429627e-02	-8.992689924724325216e-04	-1.035314609726967032e-02	-3.888002842776699768e-03	-1.406835122271088163e-03	2.368788533293440801e-02	-5.971195937409965945e-04	1.217222295317253733e-02	8.565286180150596560e-04	-2.127616197068797296e-04	-5.831378032916898499e-04	-7.270701111847044991e-05	2.708312487929028065e-04	9.813235790411933401e-04	2.183393273315279153e-04	-7.357380621543564182e-04	-1.345796466496095023e-03	-2.759053091161265845e-04
-6.413532507048568822e-05	-5.042711152120751827e-03	-4.921975665567737083e-04	-1.174538895938298088e-04	4.444311146713460225e-03	3.375059815131516806e-06	-1.410945941286540991e-04	-4.502238084898502711e-03	-3.119655618404842783e-04	-3.777635030340498342e-04	-8.685065202041915267e-05	2.392183896438039017e-04	9.392819816515561929e-04	1.440607645372454966e-04	-2.218011246751366286e-04	-1.253462928908269207e-03	-5.404799332713053567e-04	4.265728821268541552e-04	8.228417746614306427e-04	2.021520255940111076e-04	3.205603807142679527e-04	-3.079525728910385992e-07	-1.501613214285421767e-04	4.236114693860639326e-05	-8.448432611922139773e-04	5.266796807282543569e-03	5.235311456464796821e-03	9.466327189346578855e-05	-1.936219940501827117e-04	-3.482459395516070448e-04	-3.819735630959283619e-04	5.540539936628948586e-03	-1.528567360110159022e-04	1.115745960535981501e-03	-4.422897509564699208e-05	5.413808195797039459e-05	-3.817294781661321546e-04	-1.103940015522128672e-04	-8.462912502798711472e-05	1.302440782664241120e-03	-8.544789601690600239e-04	5.441324552706444835e-03	4.531833023006691039e-03	4.349039998767594527e-04	4.413825688288593348e-03	2.007589548618135512e-04	-3.363381365772434291e-04	9.005450331721514320e-04	-8.851903326693379322e-04	1.527393858422604475e-04	4.742460971959193243e-03	4.436905128240067322e-04	4.490522529189513654e-03	4.684441477149865534e-04	-7.723726277682560091e-05	-4.728603751428361868e-03	-5.581396230807093189e-05	-7.874368890153414600e-04	5.319386926811391132e-07	1.668164313805548904e-04	7.288899158281765675e-04	3.051576380696316556e-04	-8.563634707053068582e-06	-2.068083646431566770e-03
1.159918146521385753e-03	-4.686313638139925561e-03	-5.341637436822307267e-03	-7.870306567970045651e-04	4.510974153272824180e-03	1.834950789870128573e-04	5.379001226524569943e-04	-4.563976801436480518e-03	-2.374985217448429085e-04	-5.364345321358779178e-04	5.338111864451799624e-04	2.021538468300485220e-04	3.653299173453172875e-03	4.257135935927297467e-04	4.572959247029928661e-04	-2.175406720397825115e-03	-1.501305638099296796e-03	1.160403499140487144e-03	2.925414452820064310e-03	7.598347929307035491e-04	1.608937857156145061e-03	1.129578856545297586e-04	-3.312254358290667795e-04	-1.868916440258672191e-05	-1.960730542362404925e-03	5.235311456464796821e-03	1.069934190996501763e-02	3.031794267604592114e-04	5.377562081338662162e-03	-1.269723033370196959e-03	-2.542320674643258182e-03	6.234082570607616660e-04	-7.855315964129687195e-04	2.707082657800871477e-03	1.140926383064899035e-03	1.080804150302206107e-03	-4.318602645699693961e-04	-4.610259947993634752e-05	-2.555208087806656154e-04	2.424441118609285857e-03	-5.502656110483382075e-04	6.342178782044866764e-03	5.237222232332359659e-03	-7.730161925207773826e-04	4.705172991774524138e-03	-2.213073533281643968e-03	-1.252038683358353000e-03	-3.415271151025204600e-03	3.863835183565765378e-04	-3.562944410460702066e-03	5.817515586985227017e-04	-1.832004037095880979e-03	4.573106040783861057e-03	-2.976035147669725545e-04	-7.725766655619974394e-05	-9.340379545747356377e-03	2.504066263874552521e-04	-1.878711655964501607e-03	-3.109956802315926245e-04	-2.553113528506312908e-04	1.967695660608153457e-03	5.732307906264662994e-04	3.969138540022184832e-04	-4.300110503720594099e-03
4.450893158319357661e-04	8.782244982986774529e-05	2.525371423015457619e-04	-1.177402138492226937e-03	5.683882644145673560e-04	1.283542667905009983e-04	-7.290731989230546817e-04	-2.320392892617632158e-04	8.782366535573631614e-05	-1.080360683603605245e-04	-3.626519909677670679e-04	9.466357464593783372e-05	-2.407721196610845263e-04	7.219304433611452906e-04	2.399382786466453953e-04	1.375963386567126195e-04	2.525387860613661313e-04	-3.626527874871042631e-04	-2.951626083217310050e-04	3.031785766140069520e-04	-2.083861902874846017e-05	1.591528195812904993e-04	3.433220011625553938e-05	-6.536449473874632841e-05	-1.177402189592854356e-03	9.466327189346578855e-05	3.031794267604592114e-04	2.361608881465649019e-03	-3.753852613476108143e-04	1.558932271436650786e-03	3.893869656561760903e-04	-2.525723595297111582e-05	5.683894526371201499e-04	-2.407715885958059136e-04	-2.083826349945031985e-05	-3.753875847301842237e-04	-5.320211684735479997e-05	-3.622022564475141566e-04	2.887046737234322735e-04	3.680189642938874961e-05	1.283543859802532231e-04	7.219292240948280408e-04	1.591537803621986737e-04	1.558932092515646689e-03	-3.622003204701795495e-04	1.376454334879134451e-03	-2.837273220666528635e-04	3.771616364103075260e-04	-7.290736606115398675e-04	2.399360246458639642e-04	3.433226025988802497e-05	3.893870950196830845e-04	2.887046792504357703e-04	-2.837274672249224909e-04	-1.569980552088465122e-03	-4.685767979904581710e-04	-2.320387958866940636e-04	1.375967519042156769e-04	-6.536396078786526004e-05	-2.525634985747864713e-05	3.680166024768379175e-05	3.771649267208864809e-04	-4.685752438554377335e-04	1.355071999553879292e-04
4.585876910301858213e-03	-3.063884658987701438e-03	-8.571268629664868799e-03	-2.535412664610436906e-03	-5.540975652860324896e-03	1.961392333104024040e-05	2.390546370799664314e-03	1.001648720359139908e-03	5.433447245031821325e-04	1.070415260556326694e-04	1.846430990852941396e-03	5.413844624180891502e-05	4.467870964828556980e-03	9.383831389223470324e-04	2.587035118959862909e-03	-1.692046309108617176e-03	-1.153805183693551407e-03	5.873225318884375216e-04	2.403457037825281438e-03	1.080804970052104278e-03	1.704372036387185154e-03	4.660372953942063662e-04	2.750373980505672823e-04	-4.301487235568626885e-04	-2.641704853443488550e-03	-1.936219940501827117e-04	5.377562081338662162e-03	-3.753852613476108143e-04	1.313168149205071536e-02	-3.980772857448270849e-03	-6.923607055338598312e-03	-5.824119053771122101e-03	-1.287881766288461339e-03	6.772330056404947569e-04	5.592762940697011426e-04	2.743763630861035911e-03	-1.214617001978597166e-04	6.560184925723684928e-04	-2.786952213683526044e-04	5.602493990927806013e-04	1.143032921219162357e-04	-3.326007874786707664e-03	5.913765282287248778e-04	-3.898193576264244106e-03	5.320916083122236712e-03	-8.896750457118886291e-03	-3.715472503956737498e-03	-8.401217361516796420e-03	2.763608372709599158e-03	-7.391060416347241049e-03	-3.871292743776452456e-03	-7.182117643996262582e-03	-1.693276077837619991e-04	-4.018551695446757020e-03	-4.440548302629906702e-04	-3.294941247294808778e-03	7.174418913834398025e-04	-5.326343849558520631e-04	3.452524749557685018e-04	-9.582688310277880008e-04	1.838661096871381691e-03	2.647887977645589077e-04	1.161663304615712707e-03	-2.169486163079105759e-03
-2.209675126996365341e-02	-2.258386193406839511e-04	4.694744684916840301e-04	9.581351637962517986e-03	1.175180006182030210e-03	-1.156504234834975506e-03	-1.169587373228623585e-02	-4.465127443047763782e-04	-8.711553251763649777e-04	-6.227057001765009072e-06	-2.470746770530773528e-04	4.349044696420301353e-04	-3.807362774712469422e-04	-8.860204240219193600e-05	-2.645396568730997572e-03	4.781296126583059664e-04	6.256354144970189927e-04	-3.721541637404100940e-04	-6.922883311890177215e-04	-7.730181533564591412e-04	-3.809546791049517149e-04	-2.905804506281970019e-04	-4.268706859697488152e-04	1.191865738067141326e-04	1.085773876812468584e-02	-3.482459395516070448e-04	-1.269723033370196959e-03	1.558932271436650786e-03	-3.980772857448270849e-03	1.495772986211454242e-02	2.651883736845859346e-02	5.730768798676528575e-04	1.512732362396086803e-03	-1.326520146293285948e-04	5.841726284658182761e-05	-3.898197589799423657e-03	-7.170266134039059863e-05	-1.249804881946895048e-03	2.745551920800835041e-04	5.161411538010314711e-05	-4.547286858307430005e-04	-9.853370125072955215e-04	-1.188571763129505580e-03	1.288834204409852746e-02	-2.544464979171608566e-03	2.742984144055443663e-02	1.195814703349034301e-02	4.765486980656090930e-04	-1.195754271885563977e-02	-2.989655306124734853e-03	-1.620973353817623582e-03	2.501248719493731273e-02	-4.921698211849898910e-04	1.202888710805316737e-02	-1.465388899045430798e-04	-1.042443892536240981e-03	-9.744314374409122643e-04	9.659276752615652206e-05	-5.627036546151233207e-05	1.707679056482748524e-03	8.909697125318296408e-06	6.278109141117653620e-04	-1.365463384721834605e-03	2.273415270499648598e-04
-4.868490238614468779e-02	-1.872061949757742455e-03	1.938793763433674855e-04	2.368788198002799369e-02	1.595130898162103444e-03	-4.098397770290222383e-04	-2.464796043844090512e-02	-1.251121362438084323e-03	-2.545859473790395948e-03	-4.828579310059923535e-05	1.951971284976310823e-04	4.436906228180166178e-04	1.392846925216221501e-04	-2.260831444867712585e-03	-7.023387551575642658e-03	-6.327222239498018499e-05	4.087964987838768388e-04	-4.556418133739096444e-05	-6.894884323369264954e-04	-1.832005995389639685e-03	-6.630453353499042232e-04	-9.335856311652979914e-04	-1.074078197808578340e-03	2.756092028566353627e-04	2.496378522379271922e-02	-3.819735630959283619e-04	-2.542320674643258182e-03	3.893869656561760903e-04	-6.923607055338598312e-03	2.651883736845859346e-02	5.602582226245711450e-02	2.187087288633912663e-03	2.605946826983706818e-03	4.564962198296564598e-04	-1.788756706470041012e-04	-7.182123105984107234e-03	-3.344115879208285104e-04	-1.543084678198056430e-03	7.105896615195493940e-04	4.408767141175874227e-04	6.893395692413881518e-04	-3.239535033407065293e-03	-1.745840068362116771e-03	2.501248898600276493e-02	-2.364608698919681493e-03	5.437358859141583345e-02	2.670625268423038740e-02	-6.558859880228018512e-04	-2.342779141559268863e-02	-7.264289469859873394e-03	-2.127272146646870359e-03	5.267497630418521704e-02	-1.817201721252454684e-04	2.524451736443113908e-02	6.277035544703570696e-04	-2.353164879349315189e-03	-2.065207071327980308e-03	-3.096766136249293460e-04	1.875593675322793615e-04	3.257521113226763670e-03	4.594349182376017242e-04	-5.501702517491027919e-04	-3.145358412168249192e-03	-7.030895691619791065e-04
-1.876965328656791422e-03	-6.230663391462487426e-03	3.957555298944549424e-03	9.813243295995011193e-04	5.097697615399581980e-03	1.500212533472262467e-04	-9.913569536534859190e-04	-5.574764311222663374e-03	-5.292651962713482497e-04	-4.877969372937904636e-04	-2.327684143027550310e-04	1.668145810158689268e-04	-2.499567283554695956e-04	-2.119752844552316023e-04	-1.196674047000993810e-03	-1.175078107542892750e-03	-1.900923459396895417e-04	4.999500705099604826e-04	1.931113579856436665e-04	-2.553150981104648385e-04	-1.969749658390873527e-04	-2.486308350353901280e-04	-3.185826583297921900e-04	1.587477449750973883e-04	5.950639604994572640e-04	5.540539936628948586e-03	6.234082570607616660e-04	-2.525723595297111582e-05	-5.824119053771122101e-03	5.730768798676528575e-04	2.187087288633912663e-03	1.168509736926937742e-02	2.916769793221653988e-04	1.148238394031461315e-03	-7.517889563677822556e-04	-9.582688107914567269e-04	-4.347581973170982486e-04	-3.968960904498749012e-04	1.841894828065961226e-05	9.969550707316610864e-04	-7.717658810913611070e-04	4.968785594226238396e-03	4.852740562031374917e-03	1.707677895903363108e-03	5.082433653088097407e-03	3.126628909701638457e-03	9.127567594442251991e-04	5.667007035767141800e-03	-2.372495256034491858e-03	3.651706835103843071e-03	9.638101304092205890e-03	3.257519801775634553e-03	4.892082156364571319e-03	1.640114884082416458e-03	-2.545211177735795288e-04	-7.683944362060056042e-04	-3.357084644260683410e-04	-7.641860622883899726e-04	3.196701925919436752e-04	5.484774290843734065e-04	3.728906246822920214e-04	3.792508625398711541e-04	-3.952128587755967333e-04	-1.763180839494172571e-03
-7.028908433168803722e-04	1.797599324664669266e-04	1.468435203720069599e-03	-3.189533893435517230e-04	8.811956253104733048e-04	-3.552919188437470574e-04	-9.101399244978291159e-04	-2.878226526032726606e-04	-6.830682442759653406e-04	-6.732090320921769230e-04	-1.217461544148099387e-03	4.444311538238879082e-03	-1.964379306393346930e-03	8.302582501829457520e-03	3.348489508118737690e-03	4.776842548037187899e-04	5.421928839348614387e-03	-3.190512768966818988e-03	-3.245793248142816480e-03	4.510974999489575366e-03	-1.266256344312473824e-03	4.403119651467531440e-03	4.993147033957803446e-03	-6.618439168036484733e-04	6.362309667171680118e-04	-1.528567360110159022e-04	-7.855315964129687195e-04	5.683894526371201499e-04	-1.287881766288461339e-03	1.512732362396086803e-03	2.605946826983706818e-03	2.916769793221653988e-04	1.024664178534279851e-02	-4.326247807556953678e-03	-1.419822386187376620e-03	-5.540971425403985046e-03	-5.765032755472784007e-05	6.044610423701667675e-04	5.179564244467044914e-03	-1.724192082073777938e-03	4.885834245176566039e-04	-3.441141121014408338e-04	-1.832750934334366022e-04	1.175180031201912209e-03	-2.054007520338645761e-04	3.568893463859705920e-03	2.631416591710982432e-03	-4.366731688414061865e-04	-2.261746263312967972e-04	-5.516588890534901250e-04	3.750876721789890328e-04	1.595127700695693528e-03	3.171161489960395638e-04	1.261215601963020872e-03	4.855806447879684566e-04	-5.311712580866599946e-04	-5.233480563746379863e-03	1.451057432472782367e-03	2.370182135118686396e-04	5.097697827756673961e-03	-5.123905319344936775e-04	3.456720197343715086e-03	-6.235883385952867113e-03	2.361769871829970738e-03
-4.023152018961577100e-04	-1.672149793341711713e-03	-6.556666803323504128e-03	4.736291038784627315e-04	-1.964377831860080609e-03	1.584780978322928679e-04	-2.557429127732511803e-04	1.110612911759102596e-04	-3.936199007357141406e-03	-2.578546597708666443e-04	2.216107497251487007e-02	9.392808080290578543e-04	4.623735742920067476e-02	-5.374891328254989076e-04	-4.127167017361990480e-03	-2.320709094154200375e-02	-1.018049333151824914e-02	2.458112494869573589e-02	4.932595657232355379e-02	3.653297963602751205e-03	2.192284488919868379e-02	-9.803594067487862739e-05	-3.925593510548193790e-03	9.817085870484751255e-04	2.549662062831501460e-04	1.115745960535981501e-03	2.707082657800871477e-03	-2.407715885958059136e-04	6.772330056404947569e-04	-1.326520146293285948e-04	4.564962198296564598e-04	1.148238394031461315e-03	-4.326247807556953678e-03	5.278758257141172305e-02	2.427922216471912337e-02	4.467869795007762060e-03	-4.937209712000923626e-04	4.502602626608843235e-04	-1.227072277378951030e-03	2.575305822281497015e-02	2.323005881361597910e-04	2.121424281091701357e-03	6.296082683960192022e-05	-3.807239240239901020e-04	-1.956850525170728515e-03	-4.826089825583107398e-04	8.370014999427408293e-05	6.301019759279958068e-03	1.911340337343583006e-04	-2.067578516190775166e-04	-2.587882316049065941e-03	1.393127211142463566e-04	-1.171074197648938695e-03	1.195644820000020000e-04	2.170226922107338925e-05	1.386799516647083813e-03	1.852620518892823429e-04	-2.555908387674540178e-02	-7.146099901354521994e-04	-2.499586744807123784e-04	2.344056956951166837e-02	2.093158736297370641e-03	1.834788592376475520e-04	-5.351629015969007475e-02
3.655394344461583133e-04	-2.073824671268317235e-04	-3.459635897555616603e-03	-8.549577741723425996e-05	-1.266256215925274081e-03	-3.423587973389109512e-05	2.072563609313235206e-04	6.052382357272028616e-04	-1.598931597601183432e-03	-6.332522035878132213e-04	1.022711984935965532e-02	3.205603379547593453e-04	2.192284654876072020e-02	-3.308532470823910446e-04	-1.901633578757090442e-03	-1.191565468340012937e-02	-4.343229110345937782e-03	1.039151014741888229e-02	2.383892873398491680e-02	1.608939314692134316e-03	1.113177938657160596e-02	-2.067540710855219829e-04	-1.927444152995804339e-03	-4.779690719641800211e-04	-3.122251306479912182e-05	-4.422897509564699208e-05	1.140926383064899035e-03	-2.083826349945031985e-05	5.592762940697011426e-04	5.841726284658182761e-05	-1.788756706470041012e-04	-7.517889563677822556e-04	-1.419822386187376620e-03	2.427922216471912337e-02	1.333860221860650938e-02	1.704375195214095267e-03	9.825808273414035447e-04	-1.521902799055955191e-04	-4.974561270041083635e-04	1.108540240070897409e-02	2.754127127145546356e-04	4.837410451207108672e-04	-7.321966755139213377e-04	-3.809483834491336502e-04	-2.120211369480829063e-03	-5.700215152335738871e-04	-6.982482191274710513e-05	2.603857161492631987e-03	8.313832256010612615e-04	-6.369054780494716461e-04	-2.529811530832426492e-03	-6.630309684685634824e-04	-1.221868084766544130e-03	-2.172058047045009963e-04	2.229149624696677673e-04	7.071725136285137965e-04	1.179791933187368492e-05	-1.194653180150018548e-02	-1.275466510174411454e-03	-1.969771950792820550e-04	9.541850576330081907e-03	1.153615172758517540e-03	3.215825088579644443e-05	-2.431290659412813082e-02
4.585882815999592008e-03	5.433503989626848902e-04	-1.153797813895301875e-03	-2.641704245100882226e-03	-1.287882247829512080e-03	1.143070738462371511e-04	2.763616129920315814e-03	7.174450965156239837e-04	-3.063884810070271504e-03	1.070411341112987203e-04	5.873266417440836488e-04	-1.936206365963483145e-04	6.772373421134740730e-04	-3.326006470307707116e-03	-7.391057323833812552e-03	-5.326387447339799887e-04	-8.571268117114550639e-03	1.846427946539953499e-03	2.403460426258573202e-03	5.377563273601967606e-03	5.592781339413947263e-04	5.913781675693532925e-04	-3.871290465253290208e-03	3.452504209062719296e-04	-2.535412026021614893e-03	5.413808195797039459e-05	1.080804150302206107e-03	-3.753875847301842237e-04	2.743763630861035911e-03	-3.898197589799423657e-03	-7.182123105984107234e-03	-9.582688107914567269e-04	-5.540971425403985046e-03	4.467869795007762060e-03	1.704375195214095267e-03	1.313167751105670696e-02	-1.214598903272317838e-04	5.320918356131246890e-03	-1.693248965450599194e-04	1.838660861902559297e-03	1.961708730745321725e-05	9.383886934799537611e-04	4.660397606877280459e-04	-3.980777337037973498e-03	6.560183966041229896e-04	-8.896751256656655615e-03	-4.018549807178124419e-03	2.647966593718527220e-04	2.390551350448954886e-03	2.587049468519055269e-03	2.750452307808515890e-04	-6.923608546750448234e-03	-2.786955133775272575e-04	-3.715467243753065550e-03	-4.440499013450940110e-04	1.161671872420738053e-03	1.001646734537306547e-03	-1.692044192136122303e-03	-4.301478752958723221e-04	-5.824118100793237995e-03	5.602483530705974508e-04	-8.401223082010751686e-03	-3.294944950050152435e-03	-2.169487333631923628e-03
2.737851765311743579e-04	3.367420748963470003e-04	1.136506553433043606e-04	6.210806496398096758e-06	-5.764977303797562207e-05	5.262023767769143974e-05	3.731135183078919978e-04	1.638845772895089394e-04	3.367409248236565445e-04	-1.332731751775894334e-03	-7.671771005995683523e-04	-3.817293598875140808e-04	-4.937212298118582622e-04	-5.968954594961094120e-04	-1.680475388353599563e-04	-2.247253579887570200e-04	1.136486584818503521e-04	-7.671773028733797680e-04	-2.534812498866140403e-06	-4.318590335509434768e-04	9.825805615997394108e-04	-7.340131107998644489e-04	-5.640280694240824236e-04	1.382413144876908193e-04	6.210192277536643758e-06	-3.817294781661321546e-04	-4.318602645699693961e-04	-5.320211684735479997e-05	-1.214617001978597166e-04	-7.170266134039059863e-05	-3.344115879208285104e-04	-4.347581973170982486e-04	-5.765032755472784007e-05	-4.937209712000923626e-04	9.825808273414035447e-04	-1.214598903272317838e-04	2.172365587436122202e-03	-7.547673533476407983e-04	-3.196470953944119311e-04	-1.501187845127215786e-03	5.262035136796885373e-05	-5.968945475978332292e-04	-7.340135302293605748e-04	-7.170205462574023652e-05	-7.547684868673640865e-04	-3.021093062615713915e-04	-1.973015251318705106e-04	-2.788858253709423387e-05	3.731136560539189849e-04	-1.680450988094827529e-04	-5.640272276651592254e-04	-3.344106278746510801e-04	-3.196471040679396474e-04	-1.973021279927336831e-04	1.312214122454286806e-04	2.116116322968997925e-04	1.638843603355185220e-04	-2.247256255802550251e-04	1.382409022106694321e-04	-4.347589612888995425e-04	-1.501188929046512119e-03	-2.789092057160563135e-05	2.116103242024439048e-04	1.280269274092604194e-03
9.932866627934357120e-04	4.070051189788170842e-04	3.239946239920190002e-04	-9.145965809025841152e-04	-2.054030185539269208e-04	-2.394787274168767605e-04	-2.504833252196250683e-04	2.825908298936241885e-04	-8.047246072930525421e-03	-9.455525012597875865e-05	-3.977583345489441122e-04	4.413824561566315370e-03	-1.956849191651152935e-03	7.473933718001492124e-04	-3.051291357538656046e-03	5.336007898914646962e-04	-3.152939983180447648e-03	-1.526257785120546640e-04	-9.618360574441395987e-04	4.705173116526659843e-03	-2.120210414369418095e-03	5.303825061277030184e-03	6.313225058666087179e-03	6.382316394320869868e-04	-4.062377437339939265e-04	-1.103940015522128672e-04	-4.610259947993634752e-05	-3.622022564475141566e-04	6.560184925723684928e-04	-1.249804881946895048e-03	-1.543084678198056430e-03	-3.968960904498749012e-04	6.044610423701667675e-04	4.502602626608843235e-04	-1.521902799055955191e-04	5.320918356131246890e-03	-7.547673533476407983e-04	1.079874121577580233e-02	5.243673426203042387e-03	7.282921849653585262e-04	5.185376176404942090e-04	2.361339828556141942e-04	1.243180260342852941e-04	-2.544469582604588428e-03	3.073531513958779405e-04	-3.489042564636594783e-03	-1.073472443534599034e-03	-3.296520733229220011e-04	6.471593383104352372e-04	1.051427567214494301e-03	3.947414839948735783e-04	-2.364612345390063215e-03	6.748075924231704487e-05	-1.336264914616365051e-03	-5.525982428608159410e-04	3.092374981564487840e-04	-4.365673857010990422e-03	-6.402606927364240226e-04	-2.804996623406895906e-04	5.082430757739826374e-03	-3.240148683280138402e-04	-5.172494774791973338e-03	-4.615818920336528172e-03	6.243921140821874710e-05
-7.519126634260333273e-05	1.473318981989794971e-04	5.855663069558262462e-04	-5.971216723800554325e-04	3.171148005776236846e-04	-2.740342733033375748e-04	-7.275436608253820284e-04	-7.069338977855168843e-05	-4.291161476801889571e-03	-3.624138684145686773e-04	-4.609815346645807941e-04	4.490521954265316862e-03	-1.171075095810380400e-03	4.568159970096868742e-03	9.601367229595244646e-05	1.690371200927915610e-04	8.260403128452914467e-04	-1.268268616077811292e-03	-1.338933324900537297e-03	4.573106147468072868e-03	-1.221868623275479491e-03	4.517147600222289408e-03	5.363929207418410491e-03	-2.004888947005148154e-05	1.634956884840692813e-04	-8.462912502798711472e-05	-2.555208087806656154e-04	2.887046737234322735e-04	-2.786952213683526044e-04	2.745551920800835041e-04	7.105896615195493940e-04	1.841894828065961226e-05	5.179564244467044914e-03	-1.227072277378951030e-03	-4.974561270041083635e-04	-1.693248965450599194e-04	-3.196470953944119311e-04	5.243673426203042387e-03	5.228007881314391918e-03	-2.204270497524909544e-04	5.938865595907930409e-04	1.181919296968820884e-05	1.082094493315059596e-05	-4.921720091878941826e-04	6.748215792063502630e-05	2.698213020943428719e-04	8.059248519150785921e-04	-2.304831385576493717e-04	4.492520493069412620e-05	1.043934299083537230e-04	3.034907227801846713e-04	-1.817237335873681057e-04	2.651306569140588799e-04	-3.882740190304782867e-05	-2.300821398950776155e-04	-2.069627340040817325e-04	-4.496231043790785940e-03	3.562025330524079076e-05	1.601847999891799451e-05	4.892081014356185892e-03	-2.377509280928674699e-05	-5.338676583678514907e-04	-5.353199498108439369e-03	4.107561297628496309e-04
-3.770548891904839783e-04	-1.476648761157672374e-03	-3.709329564333153917e-03	2.183436148857397570e-04	-5.123901486037852476e-04	1.060819531820812685e-04	-3.980447634527514971e-04	-5.632633924005318177e-04	-1.955084498102158206e-03	3.585155132440580989e-04	1.213143647276521478e-02	7.288895956786987842e-04	2.344056826037036606e-02	2.132524683814796082e-04	-1.730774398508629769e-03	-1.155649310749425410e-02	-4.723258229839976188e-03	1.225096564072128760e-02	2.405964454469228936e-02	1.967694790305856214e-03	9.541849961939281519e-03	3.839381638596631521e-04	-1.411121175652532657e-03	1.383122108518969936e-03	-1.087245919072463455e-04	1.302440782664241120e-03	2.424441118609285857e-03	3.680189642938874961e-05	5.602493990927806013e-04	5.161411538010314711e-05	4.408767141175874227e-04	9.969550707316610864e-04	-1.724192082073777938e-03	2.575305822281497015e-02	1.108540240070897409e-02	1.838660861902559297e-03	-1.501187845127215786e-03	7.282921849653585262e-04	-2.204270497524909544e-04	1.483771650171948620e-02	-7.476688033091863292e-06	2.110448118142519217e-03	8.025140835139089445e-04	8.914933282681262886e-06	-3.240135353049355808e-04	2.287860814635392847e-04	2.236727033635177745e-04	2.872958984827782801e-03	-2.059466534673833776e-04	-3.920506528631791695e-04	-9.511318277623490329e-04	4.594467648029582876e-04	-2.377403544406455997e-05	5.347814501909625403e-04	-1.137551513385274483e-05	-4.082609111313488873e-04	-1.592392766929623632e-04	-1.168471293277049267e-02	5.649985058830148815e-04	3.728896108928220058e-04	1.267479252158343860e-02	1.230537106330291007e-03	-1.302729479031287268e-04	-2.768547503405120735e-02
-1.300258130320546338e-04	7.362253981494951095e-04	7.528419723041244180e-05	6.204324581886213469e-04	-3.552898484563896250e-04	1.370322593859049382e-03	4.976575554270325826e-04	4.946689773215898417e-04	1.796333135288620043e-05	4.549850314487700290e-05	2.726178580414290414e-04	3.374378951654159969e-06	1.584719615215026984e-04	3.622469134477999172e-05	4.682786746592109350e-05	1.167701421789271553e-05	1.625288007152032345e-04	1.968217785509643303e-05	1.821895770437013419e-04	1.834967528530603625e-04	-3.423867387179930377e-05	2.105342511627452924e-04	3.639567848218211617e-04	2.341886973705922640e-05	1.278990095685193524e-03	-8.544789601690600239e-04	-5.502656110483382075e-04	1.283543859802532231e-04	1.143032921219162357e-04	-4.547286858307430005e-04	6.893395692413881518e-04	-7.717658810913611070e-04	4.885834245176566039e-04	2.323005881361597910e-04	2.754127127145546356e-04	1.961708730745321725e-05	5.262035136796885373e-05	5.185376176404942090e-04	5.938865595907930409e-04	-7.476688033091863292e-06	2.143302854002097912e-03	-7.846603864593098242e-04	-4.305937495271190294e-04	-1.156502367511440124e-03	-2.394796312441986380e-04	1.083133928497055838e-04	1.271567303999522093e-03	-2.076541069311417173e-04	1.126728896843102838e-03	1.344311682731149958e-07	-4.937453890642172277e-04	-4.098386240782586230e-04	-2.740335238615092088e-04	5.966601551661177439e-04	-1.273843370669598999e-04	4.161885727694103585e-04	-1.672878404123033741e-04	-1.577541064841442775e-04	-8.214861883446576750e-07	1.500190071044505335e-04	1.060787924390125311e-04	-1.358331725145470257e-04	-3.493472219945767615e-04	-1.508499989355413734e-04
3.497413034183838483e-03	-6.739342054154899044e-04	3.397262205768557860e-03	-1.568926256670782286e-03	8.302581482653417083e-03	3.622683830800977624e-05	1.259511092472613385e-03	-4.538728277093716582e-03	-1.036678752279842529e-04	-2.326898381805804516e-04	-8.576188503575910786e-04	1.440618859256500217e-04	-5.374879313253704601e-04	2.726739919371127673e-04	2.563898327862999772e-04	-3.168082133638801864e-04	-4.773606027752914558e-04	6.918322208706326280e-04	4.178836270922632861e-04	4.257164469841472065e-04	-3.308511474241132349e-04	1.844644624483669955e-04	1.075786168769651238e-04	4.634640858937205958e-04	-3.055998340183527923e-03	5.441324552706444835e-03	6.342178782044866764e-03	7.219292240948280408e-04	-3.326007874786707664e-03	-9.853370125072955215e-04	-3.239535033407065293e-03	4.968785594226238396e-03	-3.441141121014408338e-04	2.121424281091701357e-03	4.837410451207108672e-04	9.383886934799537611e-04	-5.968945475978332292e-04	2.361339828556141942e-04	1.181919296968820884e-05	2.110448118142519217e-03	-7.846603864593098242e-04	1.105146844687976415e-02	5.456115180137098911e-03	-8.860087545438567356e-05	7.473954994915363303e-04	-9.489862846626390255e-04	-1.015679280044661089e-03	5.471076634900188043e-03	1.177960858273438896e-03	5.570140207472717292e-03	5.021542658766366476e-03	-2.260827447818529630e-03	4.568160365795038286e-03	-2.218384930032111439e-04	2.611106812702101120e-04	-5.074619392340919133e-03	1.247142192934763347e-04	-8.319931571793576924e-04	-5.137289830113422190e-04	-2.119752998375177861e-04	2.132528270013046606e-04	2.019084779907510843e-04	1.215795722873084264e-04	-1.645010837557596330e-03
1.303740252371283440e-03	-4.263179320683420544e-03	1.479161796947869346e-04	-5.760481628617275876e-04	4.403119536997185043e-03	2.105337178279087116e-04	5.035879787601205875e-04	-4.462950936517081149e-03	1.203189513424547468e-04	-1.757901117588671304e-04	-5.740866702569004561e-04	-3.065088812517338248e-07	-9.803522717600828972e-05	1.844645989668416074e-04	3.840251938826767558e-04	-5.339672931369983909e-04	-5.219374152215199009e-05	6.903309009533733337e-05	-2.625819885876696375e-04	1.129599403928269234e-04	-2.067539937908576344e-04	1.227169440000259169e-04	1.463459040861219752e-04	-6.655833662972596143e-05	-1.410659045782695215e-03	4.531833023006691039e-03	5.237222232332359659e-03	1.591537803621986737e-04	5.913765282287248778e-04	-1.188571763129505580e-03	-1.745840068362116771e-03	4.852740562031374917e-03	-1.832750934334366022e-04	6.296082683960192022e-05	-7.321966755139213377e-04	4.660397606877280459e-04	-7.340135302293605748e-04	1.243180260342852941e-04	1.082094493315059596e-05	8.025140835139089445e-04	-4.305937495271190294e-04	5.456115180137098911e-03	5.301359596064347465e-03	-2.905782474834209044e-04	5.303825182661235822e-03	-1.231653694535214151e-03	-7.376375188821856707e-04	1.545458936006697702e-04	1.651763033648381927e-05	9.373048919313474881e-04	5.404121018081926159e-03	-9.335833342128539887e-04	4.517147744824829420e-03	-1.809241385465637389e-04	-1.392549700674442382e-04	-4.664621715922966615e-03	2.108120668757735823e-04	-2.496653328871146723e-04	-1.134248911742781073e-04	-2.486295336300248194e-04	3.839393316965402682e-04	-3.410179204990795794e-05	1.482505604905886188e-04	-8.063915233033794143e-04
-2.209675258775477963e-02	-8.711543603901937766e-04	6.256359133755617441e-04	1.085773774644213305e-02	1.512732284787310193e-03	-4.547288483719646394e-04	-1.195754218907640540e-02	-9.744318806428903116e-04	-2.258377441139228226e-04	-6.227187142728163321e-06	-3.721522796862580373e-04	-3.482457632544633318e-04	-1.326501478494688049e-04	-9.853363459099112424e-04	-2.989654038966589079e-03	9.659200612422390309e-05	4.694749310487906883e-04	-2.470695219304575550e-04	-6.922806757558895921e-04	-1.269725082396155414e-03	5.841852215878233989e-05	-1.188574298706455588e-03	-1.620976061087620306e-03	-5.626892162887369266e-05	9.581354435870709577e-03	4.349039998767594527e-04	-7.730161925207773826e-04	1.558932092515646689e-03	-3.898193576264244106e-03	1.288834204409852746e-02	2.501248898600276493e-02	1.707677895903363108e-03	1.175180031201912209e-03	-3.807239240239901020e-04	-3.809483834491336502e-04	-3.980777337037973498e-03	-7.170205462574023652e-05	-2.544469582604588428e-03	-4.921720091878941826e-04	8.914933282681262886e-06	-1.156502367511440124e-03	-8.860087545438567356e-05	-2.905782474834209044e-04	1.495772846708648754e-02	-1.249802405027371829e-03	2.742984082789950290e-02	1.202888837680580331e-02	6.278092176701163124e-04	-1.169587435600312475e-02	-2.645393947880405466e-03	-4.268687072463705242e-04	2.651883681340468091e-02	2.745559878060345634e-04	1.195814578017164766e-02	-1.465393757357598891e-04	-1.365464320022014792e-03	-4.465121118835932478e-04	4.781243252672038148e-04	1.191855223007729354e-04	5.730792344749949686e-04	5.161478326895851341e-05	4.765550494620716254e-04	-1.042440489111095756e-03	2.273352430733809265e-04
9.932839440638576572e-04	-8.047246482670012552e-03	-3.152940124453152554e-03	-4.062385914036003090e-04	6.044610022523526404e-04	5.185356611712685403e-04	6.471563799566734058e-04	-4.365673782942088368e-03	4.070029069854579334e-04	-9.455561955039752165e-05	-1.526244778040249908e-04	-1.103938050758561986e-04	4.502613605025937915e-04	2.361327573526163931e-04	1.051422859082686706e-03	-6.402633834285480999e-04	3.239927502685247679e-04	-3.977606043046119253e-04	-9.618383521066144973e-04	-4.610267677606177364e-05	-1.521921922804490997e-04	1.243168020265784446e-04	3.947387896264458818e-04	-2.805002520270341040e-04	-9.145960595716544090e-04	4.413825688288593348e-03	4.705172991774524138e-03	-3.622003204701795495e-04	5.320916083122236712e-03	-2.544464979171608566e-03	-2.364608698919681493e-03	5.082433653088097407e-03	-2.054007520338645761e-04	-1.956850525170728515e-03	-2.120211369480829063e-03	6.560183966041229896e-04	-7.547684868673640865e-04	3.073531513958779405e-04	6.748215792063502630e-05	-3.240135353049355808e-04	-2.394796312441986380e-04	7.473954994915363303e-04	5.303825182661235822e-03	-1.249802405027371829e-03	1.079873876267892566e-02	-3.489039703991571838e-03	-1.336265739020851351e-03	-5.172487232787835801e-03	-2.504856309881419428e-04	-3.051291966329974185e-03	6.313224580812060865e-03	-1.543082711506162455e-03	5.243672580556749813e-03	-1.073472999453624257e-03	-5.526002001107735342e-04	-4.615817025144955052e-03	2.825876741392113561e-04	5.336021262431569784e-04	6.382327325906352608e-04	-3.968957027094213328e-04	7.282932703979970446e-04	-3.296558025500543948e-04	3.092312405469173266e-04	6.243707718184708026e-05
-4.620057592958395909e-02	-9.151179154527149494e-04	1.816725856063532716e-03	2.324477895625789298e-02	3.568896087998508007e-03	1.083114653255340593e-04	-2.298352685469508272e-02	-1.723006324915397122e-03	-9.151202891593696867e-04	-1.277177788437546099e-04	-6.110645083320228807e-04	2.007582036793442693e-04	-4.826222903059626881e-04	-9.489903703791616185e-04	-5.217265474140697634e-03	3.072099228419321770e-04	1.816720977723229602e-03	-6.110587330371234499e-04	-1.637279608960736169e-03	-2.213074448056940279e-03	-5.700281024421182492e-04	-1.231657090124506099e-03	-1.391212127975577362e-03	1.220893562279509216e-04	2.324478327937307132e-02	2.007589548618135512e-04	-2.213073533281643968e-03	1.376454334879134451e-03	-8.896750457118886291e-03	2.742984144055443663e-02	5.437358859141583345e-02	3.126628909701638457e-03	3.568893463859705920e-03	-4.826089825583107398e-04	-5.700215152335738871e-04	-8.896751256656655615e-03	-3.021093062615713915e-04	-3.489042564636594783e-03	2.698213020943428719e-04	2.287860814635392847e-04	1.083133928497055838e-04	-9.489862846626390255e-04	-1.231653694535214151e-03	2.742984082789950290e-02	-3.489039703991571838e-03	5.912105486660888115e-02	2.763762252605402384e-02	1.772798654865674183e-03	-2.298352662437137817e-02	-5.217257246514728219e-03	-1.391205843042698544e-03	5.437358457334752482e-02	2.698241468723813329e-04	2.763761988715011247e-02	1.657351788329389231e-03	-2.413447350038487767e-03	-1.723006078924393513e-03	3.072033311412968168e-04	1.220843319987490274e-04	3.126628144229677032e-03	2.287798236174050164e-04	1.772798055803267948e-03	-2.413447675942822102e-03	9.569844006064443637e-05
-2.231927445947189809e-02	-3.484560218198137229e-05	7.570113092219092881e-04	1.217222069346890825e-02	1.261219412912509361e-03	5.966589904615488427e-04	-1.080055479347013375e-02	-4.541749364876453577e-04	-7.751905114086396487e-04	-1.170740815543919807e-04	-3.626192867150666925e-05	4.684434706352396294e-04	1.195494545959370421e-04	-2.218417714292526908e-04	-2.820173679020702116e-03	-5.923818218782999875e-05	7.978718089250754885e-04	-3.419303079925997951e-04	-5.104461892114655177e-04	-2.976020312424769226e-04	-2.172126079379814163e-04	-1.809246451035297900e-04	-3.877662080536574190e-04	5.142519023558744830e-06	1.199322282881429627e-02	-3.363381365772434291e-04	-1.252038683358353000e-03	-2.837273220666528635e-04	-3.715472503956737498e-03	1.195814703349034301e-02	2.670625268423038740e-02	9.127567594442251991e-04	2.631416591710982432e-03	8.370014999427408293e-05	-6.982482191274710513e-05	-4.018549807178124419e-03	-1.973015251318705106e-04	-1.073472443534599034e-03	8.059248519150785921e-04	2.236727033635177745e-04	1.271567303999522093e-03	-1.015679280044661089e-03	-7.376375188821856707e-04	1.202888837680580331e-02	-1.336265739020851351e-03	2.763762252605402384e-02	1.512280732185556850e-02	2.903275223549767105e-04	-9.566728275312063115e-03	-2.672532369739239692e-03	-9.814839144889648138e-04	2.524451702444385770e-02	-3.882564972878446827e-05	1.318106124545375540e-02	1.706978864675890838e-03	-9.708469877278818336e-04	-1.369939167937159544e-03	-1.014398841043023434e-04	1.247606388764376656e-04	1.640113053026339730e-03	5.347733511443445017e-04	2.564254164675661748e-04	-2.137976713641178902e-03	-4.432747032228597298e-04
1.945868193953845075e-03	3.143375440510007279e-03	7.590456378453318796e-03	-7.357332851879683179e-04	3.456716588983218402e-03	-1.358282721994909215e-04	6.819299606216581294e-04	-1.438087767804061543e-04	-7.402284251839560784e-04	-2.055666672872714354e-05	1.391222771771121521e-03	3.051559251658651295e-04	2.093161629305375238e-03	2.019076014922716565e-04	-8.922889210131478878e-04	-1.573454623619652834e-03	-1.590069955416500633e-03	2.495664980031063983e-03	3.947091769431801053e-03	5.732319678986326624e-04	1.153620797451152154e-03	-3.410071964440564661e-05	-6.872261864491744417e-04	4.173914892398123203e-04	-8.992689924724325216e-04	9.005450331721514320e-04	-3.415271151025204600e-03	3.771616364103075260e-04	-8.401217361516796420e-03	4.765486980656090930e-04	-6.558859880228018512e-04	5.667007035767141800e-03	-4.366731688414061865e-04	6.301019759279958068e-03	2.603857161492631987e-03	2.647966593718527220e-04	-2.788858253709423387e-05	-3.296520733229220011e-04	-2.304831385576493717e-04	2.872958984827782801e-03	-2.076541069311417173e-04	5.471076634900188043e-03	1.545458936006697702e-04	6.278092176701163124e-04	-5.172487232787835801e-03	1.772798654865674183e-03	2.903275223549767105e-04	1.312163408268191521e-02	6.812372367100149890e-04	8.453435825699115447e-03	3.753168607048142091e-03	-5.501685139514967803e-04	-5.338664235624634513e-04	2.564300189895177859e-04	3.440040026398966783e-04	5.394340232029217960e-03	-1.310043078040140695e-04	-2.608297527505766371e-03	-3.862589539972851411e-04	3.792469255981130959e-04	1.230537076734668830e-03	1.371051151541446359e-03	7.504107989917473500e-05	-4.659437216265478396e-03
2.272389246085432940e-02	2.820747903204631930e-03	6.760403961263444393e-04	-1.013820465254637593e-02	-9.101370364186543238e-04	4.976576534243906409e-04	1.128125725841548112e-02	1.572822566486894265e-03	1.451980610196099662e-03	1.251708111749668469e-04	-1.713529996226388437e-05	-1.410953906361091161e-04	-2.557481748770947709e-04	1.259510691164376309e-03	3.888318548921520634e-03	4.001739918369516319e-04	7.575034673040050362e-04	2.489651001599395251e-05	4.530426623356338385e-04	5.379025956347565111e-04	2.072540558130727014e-04	5.035898090683366655e-04	1.086417866837452190e-03	-2.380064555980400729e-05	-1.035314609726967032e-02	-8.851903326693379322e-04	3.863835183565765378e-04	-7.290736606115398675e-04	2.763608372709599158e-03	-1.195754271885563977e-02	-2.342779141559268863e-02	-2.372495256034491858e-03	-2.261746263312967972e-04	1.911340337343583006e-04	8.313832256010612615e-04	2.390551350448954886e-03	3.731136560539189849e-04	6.471593383104352372e-04	4.492520493069412620e-05	-2.059466534673833776e-04	1.126728896843102838e-03	1.177960858273438896e-03	1.651763033648381927e-05	-1.169587435600312475e-02	-2.504856309881419428e-04	-2.298352662437137817e-02	-9.566728275312063115e-03	6.812372367100149890e-04	1.309193385077788048e-02	3.993118363919999532e-03	-9.305464827943822224e-05	-2.464796207587116941e-02	-7.275432498551578139e-04	-1.080055435331728209e-02	1.061572114189596790e-03	1.841839064849093389e-03	7.082928290057591281e-04	3.407203896492741674e-05	-3.331992272160473612e-04	-9.913603354809587091e-04	-3.980484438446352203e-04	6.819252152187086323e-04	1.503779116066330602e-03	4.884218470618975714e-04
8.611213693476869185e-03	5.148040308186265998e-03	8.530538072262262850e-03	-3.655217926796849870e-03	3.348488566726734277e-03	4.683231090918996934e-05	3.888319304321585183e-03	6.362289184398989706e-04	7.482108399687900733e-04	3.277603474082696521e-04	-1.492481158932041935e-03	-2.218014671062249962e-04	-4.127166470406040330e-03	2.563885955326451966e-04	1.477461157912444631e-03	2.025474517266022748e-03	5.304211278757120767e-04	-2.823646395198462140e-04	-2.596611869347383982e-03	4.573032183923459782e-04	-1.901629365232032718e-03	3.840268502097461244e-04	6.361108902169618391e-04	5.061680004111131833e-04	-3.888002842776699768e-03	1.527393858422604475e-04	-3.562944410460702066e-03	2.399360246458639642e-04	-7.391060416347241049e-03	-2.989655306124734853e-03	-7.264289469859873394e-03	3.651706835103843071e-03	-5.516588890534901250e-04	-2.067578516190775166e-04	-6.369054780494716461e-04	2.587049468519055269e-03	-1.680450988094827529e-04	1.051427567214494301e-03	1.043934299083537230e-04	-3.920506528631791695e-04	1.344311682731149958e-07	5.570140207472717292e-03	9.373048919313474881e-04	-2.645393947880405466e-03	-3.051291966329974185e-03	-5.217257246514728219e-03	-2.672532369739239692e-03	8.453435825699115447e-03	3.993118363919999532e-03	1.306983173288767987e-02	5.707215875932101015e-03	-7.023379102012703573e-03	9.601237646960801217e-05	-2.820166601965579632e-03	4.462365369263370787e-04	5.570722825381164631e-03	4.860291963285599272e-04	8.356077849614349743e-04	-2.913811347846564253e-04	-1.196682124870569307e-03	-1.730775453436226869e-03	-8.922966282809747683e-04	3.499264101333393693e-04	2.900044873901678512e-03
2.497450294928919411e-03	-4.527047057762012376e-03	5.654458702998101799e-03	-9.415397504398696684e-04	4.993147103425371429e-03	3.639578737412496384e-04	1.086417105783343134e-03	-4.716450478040600663e-03	5.304634911022633546e-04	-1.782215760708454045e-04	-1.901467543002454200e-03	-1.501610071438369554e-04	-3.925592228470681927e-03	1.075794438042650472e-04	6.361109495158449173e-04	9.572734617207241756e-04	1.329170317448123521e-03	-1.113074850442251264e-03	-3.536704126058603549e-03	-3.312211292346300831e-04	-1.927441979788075983e-03	1.463470822660884862e-04	6.749722101189557918e-04	7.204851387547962923e-05	-1.406835122271088163e-03	4.742460971959193243e-03	5.817515586985227017e-04	3.433226025988802497e-05	-3.871292743776452456e-03	-1.620973353817623582e-03	-2.127272146646870359e-03	9.638101304092205890e-03	3.750876721789890328e-04	-2.587882316049065941e-03	-2.529811530832426492e-03	2.750452307808515890e-04	-5.640272276651592254e-04	3.947414839948735783e-04	3.034907227801846713e-04	-9.511318277623490329e-04	-4.937453890642172277e-04	5.021542658766366476e-03	5.404121018081926159e-03	-4.268687072463705242e-04	6.313224580812060865e-03	-1.391205843042698544e-03	-9.814839144889648138e-04	3.753168607048142091e-03	-9.305464827943822224e-05	5.707215875932101015e-03	1.099796559792588432e-02	-1.074075122009701027e-03	5.363928974107171239e-03	-3.877630723847548815e-04	-2.729709078202769432e-04	-5.666767440230785057e-04	5.785181356937410671e-05	1.222103374777582224e-03	2.246968464341020670e-04	-3.185859899053097681e-04	-1.411120488325376529e-03	-6.872305767507971234e-04	-1.431624765256520092e-04	2.710985263608205534e-03
-4.868490313746226539e-02	-2.545855828628068585e-03	4.087987955596189267e-04	2.496378216521227128e-02	2.605946629939800453e-03	6.893391329934150762e-04	-2.342779034854131776e-02	-2.065205921080798084e-03	-1.872065411315948762e-03	-4.828778764683476520e-05	-4.556128165489258474e-05	-3.819733069021303065e-04	4.565058266794458797e-04	-3.239537674731366931e-03	-7.264295306581039675e-03	-3.096827581890409901e-04	1.938737949386621837e-04	1.952081214013032815e-04	-6.894713109811043518e-04	-2.542321517157046951e-03	-1.788705283822477048e-04	-1.745843200919328878e-03	-2.127278343921262371e-03	1.875612676671189810e-04	2.368788533293440801e-02	4.436905128240067322e-04	-1.832004037095880979e-03	3.893870950196830845e-04	-7.182117643996262582e-03	2.501248719493731273e-02	5.267497630418521704e-02	3.257519801775634553e-03	1.595127700695693528e-03	1.393127211142463566e-04	-6.630309684685634824e-04	-6.923608546750448234e-03	-3.344106278746510801e-04	-2.364612345390063215e-03	-1.817237335873681057e-04	4.594467648029582876e-04	-4.098386240782586230e-04	-2.260827447818529630e-03	-9.335833342128539887e-04	2.651883681340468091e-02	-1.543082711506162455e-03	5.437358457334752482e-02	2.524451702444385770e-02	-5.501685139514967803e-04	-2.464796207587116941e-02	-7.023379102012703573e-03	-1.074075122009701027e-03	5.602582059377700374e-02	7.105905999768686275e-04	2.670624988449911419e-02	6.277023248121377458e-04	-3.145356660043413348e-03	-1.251121672547657760e-03	-6.328793590015094925e-05	2.756047828275125971e-04	2.187089399163092904e-03	4.408808448892608694e-04	-6.558833813554668535e-04	-2.353163427868401429e-03	-7.031101471689842021e-04
-7.519269118663587448e-05	-4.291161784161409351e-03	8.260404646031791701e-04	1.634962214977024575e-04	5.179565688284487254e-03	5.938862937261961015e-04	4.492450947634756979e-05	-4.496231382363180887e-03	1.473319325244232432e-04	-3.624146256260297452e-04	-1.268268391197900809e-03	-8.462904247272617464e-05	-1.227070381711293026e-03	1.182009377501478548e-05	1.043934828300062840e-04	3.561795432032845106e-05	5.855662402027252611e-04	-4.609820427847318922e-04	-1.338933278479698119e-03	-2.555208808163200750e-04	-4.974557319181997133e-04	1.082024422757031130e-05	3.034895476989282509e-04	1.601807651850434687e-05	-5.971195937409965945e-04	4.490522529189513654e-03	4.573106040783861057e-03	2.887046792504357703e-04	-1.693276077837619991e-04	-4.921698211849898910e-04	-1.817201721252454684e-04	4.892082156364571319e-03	3.171161489960395638e-04	-1.171074197648938695e-03	-1.221868084766544130e-03	-2.786955133775272575e-04	-3.196471040679396474e-04	6.748075924231704487e-05	2.651306569140588799e-04	-2.377403544406455997e-05	-2.740335238615092088e-04	4.568160365795038286e-03	4.517147744824829420e-03	2.745559878060345634e-04	5.243672580556749813e-03	2.698241468723813329e-04	-3.882564972878446827e-05	-5.338664235624634513e-04	-7.275432498551578139e-04	9.601237646960801217e-05	5.363928974107171239e-03	7.105905999768686275e-04	5.228008491664759387e-03	8.059257964260667850e-04	-2.300816237743329759e-04	-5.353200232481808776e-03	-7.069486330388711549e-05	1.690361933364311329e-04	-2.004884931220198300e-05	1.841920762089448700e-05	-2.204260296403878750e-04	-2.304827079991592521e-04	-2.069648379006304906e-04	4.107529024243110729e-04
-2.231927394823144881e-02	-7.751882373629363863e-04	7.978752728054522465e-04	1.199322058809795463e-02	2.631417664312710788e-03	1.271567414351343524e-03	-9.566727827128439221e-03	-1.369938114034645674e-03	-3.484872849344688409e-05	-1.170749441723534440e-04	-3.419308099281271164e-04	-3.363384287353439299e-04	8.370100166664356579e-05	-1.015682596912886263e-03	-2.672539915223575563e-03	-1.014413180542130324e-04	7.570043755172584880e-04	-3.625593308299305715e-05	-5.104405818066048723e-04	-1.252036410531268042e-03	-6.982563041129405228e-05	-7.376385649623194273e-04	-9.814889323609599005e-04	1.247636118101395084e-04	1.217222295317253733e-02	4.684441477149865534e-04	-2.976035147669725545e-04	-2.837274672249224909e-04	-4.018551695446757020e-03	1.202888710805316737e-02	2.524451736443113908e-02	1.640114884082416458e-03	1.261215601963020872e-03	1.195644820000020000e-04	-2.172058047045009963e-04	-3.715467243753065550e-03	-1.973021279927336831e-04	-1.336264914616365051e-03	-3.882740190304782867e-05	5.347814501909625403e-04	5.966601551661177439e-04	-2.218384930032111439e-04	-1.809241385465637389e-04	1.195814578017164766e-02	-1.073472999453624257e-03	2.763761988715011247e-02	1.318106124545375540e-02	2.564300189895177859e-04	-1.080055435331728209e-02	-2.820166601965579632e-03	-3.877630723847548815e-04	2.670624988449911419e-02	8.059257964260667850e-04	1.512280676458984535e-02	1.706978687502195852e-03	-2.137973823673655800e-03	-4.541751130957649794e-04	-5.924636201104501674e-05	5.139260539711181753e-06	9.127544453306076725e-04	2.236735140529332207e-04	2.903232509556671545e-04	-9.708492096195806735e-04	-4.432850616870804335e-04
1.782385881061200063e-04	7.828732735594300021e-04	5.385450102360254346e-04	8.565278683743690960e-04	4.855825362539528374e-04	-1.273848135825254044e-04	1.061571098258197021e-03	1.752511619064068128e-04	7.828719591795351481e-04	1.716226014711246263e-06	-9.461345718853796062e-05	-7.723745268528908108e-05	2.169967469685563251e-05	2.611089335174211551e-04	4.462325714972561683e-04	8.493091470354939651e-05	5.385415016941323295e-04	-9.461240529636719512e-05	-2.293931039810551885e-06	-7.725506175064056227e-05	2.229132576157572161e-04	-1.392544256669718365e-04	-2.729728392781202695e-04	-7.297706260621431007e-05	8.565286180150596560e-04	-7.723726277682560091e-05	-7.725766655619974394e-05	-1.569980552088465122e-03	-4.440548302629906702e-04	-1.465388899045430798e-04	6.277035544703570696e-04	-2.545211177735795288e-04	4.855806447879684566e-04	2.170226922107338925e-05	2.229149624696677673e-04	-4.440499013450940110e-04	1.312214122454286806e-04	-5.525982428608159410e-04	-2.300821398950776155e-04	-1.137551513385274483e-05	-1.273843370669598999e-04	2.611106812702101120e-04	-1.392549700674442382e-04	-1.465393757357598891e-04	-5.526002001107735342e-04	1.657351788329389231e-03	1.706978864675890838e-03	3.440040026398966783e-04	1.061572114189596790e-03	4.462365369263370787e-04	-2.729709078202769432e-04	6.277023248121377458e-04	-2.300816237743329759e-04	1.706978687502195852e-03	2.386236883674877109e-03	1.411595567958349106e-04	1.752509362356663631e-04	8.493012671346250543e-05	-7.297859255413788283e-05	-2.545235180498378255e-04	-1.137759234578027807e-05	3.439996112833470176e-04	1.411575694190495814e-04	8.852149494062623190e-05
3.113621638158068500e-03	4.764719387960004993e-03	3.653296682049675739e-03	-1.345793486832445093e-03	-6.235885832145855734e-03	-3.493443890851246009e-04	1.503781292871689181e-03	5.426313487547356970e-03	7.217345830235423931e-05	7.482445964247257022e-04	1.423355139095693576e-03	-8.564244939115994975e-06	1.834780939162595288e-04	1.215777642961283036e-04	3.499266521973654195e-04	3.172429915029358755e-04	-4.952418638730461198e-04	6.778823034699115119e-04	8.029173675666672044e-04	3.969174781255394263e-04	3.216030983133138469e-05	1.482529968438160727e-04	-1.431590408007004810e-04	-7.288528959181792379e-05	-2.127616197068797296e-04	-4.728603751428361868e-03	-9.340379545747356377e-03	-4.685767979904581710e-04	-3.294941247294808778e-03	-1.042443892536240981e-03	-2.353164879349315189e-03	-7.683944362060056042e-04	-5.311712580866599946e-04	1.386799516647083813e-03	7.071725136285137965e-04	1.161671872420738053e-03	2.116116322968997925e-04	3.092374981564487840e-04	-2.069627340040817325e-04	-4.082609111313488873e-04	4.161885727694103585e-04	-5.074619392340919133e-03	-4.664621715922966615e-03	-1.365464320022014792e-03	-4.615817025144955052e-03	-2.413447350038487767e-03	-9.708469877278818336e-04	5.394340232029217960e-03	1.841839064849093389e-03	5.570722825381164631e-03	-5.666767440230785057e-04	-3.145356660043413348e-03	-5.353200232481808776e-03	-2.137973823673655800e-03	1.411595567958349106e-04	1.143952276838324997e-02	2.456781404872475285e-04	7.627483282135178019e-05	2.068977793653388616e-04	-3.952179313391049114e-04	-1.302748122665099326e-04	7.503416664327177310e-05	3.464930571623544035e-04	3.019599843097898985e-04
1.473793101180007666e-03	2.067459765959029825e-04	-1.176343528597486958e-04	-4.742413282371330999e-05	-2.878225589200334345e-04	4.946690128264403120e-04	1.572823410788610262e-03	2.378587092485826601e-04	5.052336208535944742e-03	7.942964531546556177e-04	2.131853579079000531e-04	-4.502237844304759866e-03	1.110629920866146704e-04	-4.538729165352415815e-03	6.362261180363005045e-04	4.663130828498249203e-04	-1.627096159860126623e-04	8.534489461920039032e-04	3.137241207056023400e-04	-4.563977177436839838e-03	6.052378839149297543e-04	-4.462951160076170792e-03	-4.716451134125153669e-03	-7.902749334033994837e-05	-5.831378032916898499e-04	-5.581396230807093189e-05	2.504066263874552521e-04	-2.320387958866940636e-04	7.174418913834398025e-04	-9.744314374409122643e-04	-2.065207071327980308e-03	-3.357084644260683410e-04	-5.233480563746379863e-03	1.852620518892823429e-04	1.179791933187368492e-05	1.001646734537306547e-03	1.638843603355185220e-04	-4.365673857010990422e-03	-4.496231043790785940e-03	-1.592392766929623632e-04	-1.672878404123033741e-04	1.247142192934763347e-04	2.108120668757735823e-04	-4.465121118835932478e-04	2.825876741392113561e-04	-1.723006078924393513e-03	-1.369939167937159544e-03	-1.310043078040140695e-04	7.082928290057591281e-04	4.860291963285599272e-04	5.785181356937410671e-05	-1.251121672547657760e-03	-7.069486330388711549e-05	-4.541751130957649794e-04	1.752509362356663631e-04	2.456781404872475285e-04	5.249771392304167748e-03	7.833698443400189228e-04	-1.060896566239593410e-04	-5.574763603798054898e-03	-5.632620364163913075e-04	-1.438089083346580756e-04	5.426312813349076433e-03	9.114471205799079458e-04
3.108548656437539999e-04	1.483325844492774936e-03	3.640850498500988915e-03	-1.429530095390885115e-04	4.776819622291447612e-04	1.167391322207945428e-05	4.001710598163715294e-04	4.663143833919422250e-04	3.160339581279819274e-03	1.337422153987438255e-03	-9.570287135424723757e-03	-1.253461249066639043e-03	-2.320709389943325512e-02	-3.168078655560886128e-04	2.025473874188582057e-03	1.237615589365943444e-02	4.894923711244840610e-03	-1.114829039376847263e-02	-2.384403074951591678e-02	-2.175405074469085459e-03	-1.191565593318879429e-02	-5.339665857220321585e-04	9.572749603210574127e-04	4.292552818172102160e-04	-7.270701111847044991e-05	-7.874368890153414600e-04	-1.878711655964501607e-03	1.375967519042156769e-04	-5.326343849558520631e-04	9.659276752615652206e-05	-3.096766136249293460e-04	-7.641860622883899726e-04	1.451057432472782367e-03	-2.555908387674540178e-02	-1.194653180150018548e-02	-1.692044192136122303e-03	-2.247256255802550251e-04	-6.402606927364240226e-04	3.562025330524079076e-05	-1.168471293277049267e-02	-1.577541064841442775e-04	-8.319931571793576924e-04	-2.496653328871146723e-04	4.781243252672038148e-04	5.336021262431569784e-04	3.072033311412968168e-04	-1.014398841043023434e-04	-2.608297527505766371e-03	3.407203896492741674e-05	8.356077849614349743e-04	1.222103374777582224e-03	-6.328793590015094925e-05	1.690361933364311329e-04	-5.924636201104501674e-05	8.493012671346250543e-05	7.627483282135178019e-05	7.833698443400189228e-04	1.464698125978571713e-02	1.259175149858689224e-03	-1.175077402922265063e-03	-1.155649532717712737e-02	-1.573455508266532240e-03	3.172413221197519406e-04	2.746127823144857427e-02
-2.213191653333546592e-04	-4.179991868368904216e-04	-2.924775900066988506e-04	3.040526315461439285e-05	-6.618443626788235792e-04	2.341847763651058224e-05	-2.380053808076268825e-05	-7.902805568652613980e-05	4.742029166938838440e-04	-1.455544964361726293e-04	1.415385447954419125e-03	4.236065477347946909e-05	9.817088598065913489e-04	4.634637469480818416e-04	5.061692576428921536e-04	4.292550204299049152e-04	3.874979386132259814e-04	5.996502757119083482e-04	1.246280658505080977e-04	-1.868980136749913678e-05	-4.779692144375665168e-04	-6.655828770759422133e-05	7.204970783956625847e-05	1.576027468339364062e-03	2.708312487929028065e-04	5.319386926811391132e-07	-3.109956802315926245e-04	-6.536396078786526004e-05	3.452524749557685018e-04	-5.627036546151233207e-05	1.875593675322793615e-04	3.196701925919436752e-04	2.370182135118686396e-04	-7.146099901354521994e-04	-1.275466510174411454e-03	-4.301478752958723221e-04	1.382409022106694321e-04	-2.804996623406895906e-04	1.601847999891799451e-05	5.649985058830148815e-04	-8.214861883446576750e-07	-5.137289830113422190e-04	-1.134248911742781073e-04	1.191855223007729354e-04	6.382327325906352608e-04	1.220843319987490274e-04	1.247606388764376656e-04	-3.862589539972851411e-04	-3.331992272160473612e-04	-2.913811347846564253e-04	2.246968464341020670e-04	2.756047828275125971e-04	-2.004884931220198300e-05	5.139260539711181753e-06	-7.297859255413788283e-05	2.068977793653388616e-04	-1.060896566239593410e-04	1.259175149858689224e-03	2.338842211895133215e-03	1.587466710475768275e-04	1.383122449169300796e-03	4.173907288173388502e-04	-7.288495823840204042e-05	-1.176508693920187037e-04
-1.876969204476814637e-03	-5.292689238117172842e-04	-1.900967111871789219e-04	5.950642323085383661e-04	2.916781600290819674e-04	-7.717678205849550464e-04	-2.372499283940474567e-03	-3.357103494471388376e-04	-6.230660679051843245e-03	-4.877967022898311916e-04	4.999456280638450842e-04	5.540537979962284823e-03	1.148232693388373743e-03	4.968785405023677659e-03	3.651708072634225061e-03	-7.641823068429747174e-04	3.957559449311507521e-03	-2.327687811630725460e-04	1.931056644847315091e-04	6.234064603435246531e-04	-7.517912030854880141e-04	4.852738965669761706e-03	9.638100774089181783e-03	3.196710477497416024e-04	9.813235790411933401e-04	1.668164313805548904e-04	-2.553113528506312908e-04	-2.525634985747864713e-05	-9.582688310277880008e-04	1.707679056482748524e-03	3.257521113226763670e-03	5.484774290843734065e-04	5.097697827756673961e-03	-2.499586744807123784e-04	-1.969771950792820550e-04	-5.824118100793237995e-03	-4.347589612888995425e-04	5.082430757739826374e-03	4.892081014356185892e-03	3.728896108928220058e-04	1.500190071044505335e-04	-2.119752998375177861e-04	-2.486295336300248194e-04	5.730792344749949686e-04	-3.968957027094213328e-04	3.126628144229677032e-03	1.640113053026339730e-03	3.792469255981130959e-04	-9.913603354809587091e-04	-1.196682124870569307e-03	-3.185859899053097681e-04	2.187089399163092904e-03	1.841920762089448700e-05	9.127544453306076725e-04	-2.545235180498378255e-04	-3.952179313391049114e-04	-5.574763603798054898e-03	-1.175077402922265063e-03	1.587466710475768275e-04	1.168509549363790784e-02	9.969537939726147262e-04	5.667009088868977043e-03	-7.683932631988891430e-04	-1.763177656959954206e-03
-3.770528520826264699e-04	-1.955085700164446889e-03	-4.723258561358674099e-03	-1.087233056728785654e-04	-1.724190511966495034e-03	-7.474193850404485209e-06	-2.059425781245653383e-04	-1.592410379048141774e-04	-1.476645605162582760e-03	3.585160402500644789e-04	1.225096794494150848e-02	1.302438920390328785e-03	2.575306334525185106e-02	2.110447752537073125e-03	-3.920468624614327361e-04	-1.168471399079685710e-02	-3.709324763036507631e-03	1.213143783751115604e-02	2.405964710889409164e-02	2.424438006027041827e-03	1.108540358216726640e-02	8.025133984626508198e-04	-9.511303325960573669e-04	5.649979932317608601e-04	2.183393273315279153e-04	7.288899158281765675e-04	1.967695660608153457e-03	3.680166024768379175e-05	1.838661096871381691e-03	8.909697125318296408e-06	4.594349182376017242e-04	3.728906246822920214e-04	-5.123905319344936775e-04	2.344056956951166837e-02	9.541850576330081907e-03	5.602483530705974508e-04	-1.501188929046512119e-03	-3.240148683280138402e-04	-2.377509280928674699e-05	1.267479252158343860e-02	1.060787924390125311e-04	2.132528270013046606e-04	3.839393316965402682e-04	5.161478326895851341e-05	7.282932703979970446e-04	2.287798236174050164e-04	5.347733511443445017e-04	1.230537076734668830e-03	-3.980484438446352203e-04	-1.730775453436226869e-03	-1.411120488325376529e-03	4.408808448892608694e-04	-2.204260296403878750e-04	2.236735140529332207e-04	-1.137759234578027807e-05	-1.302748122665099326e-04	-5.632620364163913075e-04	-1.155649532717712737e-02	1.383122449169300796e-03	9.969537939726147262e-04	1.483772103388573786e-02	2.872959314464725977e-03	-4.082588231056762757e-04	-2.768547887464776341e-02
1.945866519628117316e-03	-7.402316355473879863e-04	-1.590071136601301427e-03	-8.992697877237771156e-04	-4.366687524036930342e-04	-2.076566544942253011e-04	6.812330052326323084e-04	-1.310082776933794708e-04	3.143378549956855287e-03	-2.055691802631655699e-05	2.495657618081344870e-03	9.005445674140205841e-04	6.301010825442517407e-03	5.471079917462540188e-03	8.453435943573089917e-03	-2.608291701396698095e-03	7.590463344148214685e-03	1.391222399904191911e-03	3.947080328342149856e-03	-3.415273833645218748e-03	2.603851648000398908e-03	1.545441426343281796e-04	3.753167643669206438e-03	-3.862563802557392460e-04	-7.357380621543564182e-04	3.051576380696316556e-04	5.732307906264662994e-04	3.771649267208864809e-04	2.647887977645589077e-04	6.278109141117653620e-04	-5.501702517491027919e-04	3.792508625398711541e-04	3.456720197343715086e-03	2.093158736297370641e-03	1.153615172758517540e-03	-8.401223082010751686e-03	-2.789092057160563135e-05	-5.172494774791973338e-03	-5.338676583678514907e-04	1.230537106330291007e-03	-1.358331725145470257e-04	2.019084779907510843e-04	-3.410179204990795794e-05	4.765550494620716254e-04	-3.296558025500543948e-04	1.772798055803267948e-03	2.564254164675661748e-04	1.371051151541446359e-03	6.819252152187086323e-04	-8.922966282809747683e-04	-6.872305767507971234e-04	-6.558833813554668535e-04	-2.304827079991592521e-04	2.903232509556671545e-04	3.439996112833470176e-04	7.503416664327177310e-05	-1.438089083346580756e-04	-1.573455508266532240e-03	4.173907288173388502e-04	5.667009088868977043e-03	2.872959314464725977e-03	1.312164553925325092e-02	5.394341740145023809e-03	-4.659436511182859370e-03
3.113621778398856232e-03	7.217366812858350686e-05	-4.952402212612128920e-04	-2.127614612015747383e-04	-5.311687217839889622e-04	4.161873396517442756e-04	1.841837641141101396e-03	2.456761439893758261e-04	4.764718458216597730e-03	7.482438051849462767e-04	6.778799523309753019e-04	-4.728603886227698491e-03	1.386797364880276977e-03	-5.074620552144227213e-03	5.570717207770167594e-03	7.627571127843775695e-05	3.653298816070827803e-03	1.423354859542906191e-03	8.029130806019748982e-04	-9.340380863608539405e-03	7.071701778454706844e-04	-4.664622516418217429e-03	-5.666778143161503405e-04	2.068991278655697751e-04	-1.345796466496095023e-03	-8.563634707053068582e-06	3.969138540022184832e-04	-4.685752438554377335e-04	1.161663304615712707e-03	-1.365463384721834605e-03	-3.145358412168249192e-03	-3.952128587755967333e-04	-6.235883385952867113e-03	1.834788592376475520e-04	3.215825088579644443e-05	-3.294944950050152435e-03	2.116103242024439048e-04	-4.615818920336528172e-03	-5.353199498108439369e-03	-1.302729479031287268e-04	-3.493472219945767615e-04	1.215795722873084264e-04	1.482505604905886188e-04	-1.042440489111095756e-03	3.092312405469173266e-04	-2.413447675942822102e-03	-2.137976713641178902e-03	7.504107989917473500e-05	1.503779116066330602e-03	3.499264101333393693e-04	-1.431624765256520092e-04	-2.353163427868401429e-03	-2.069648379006304906e-04	-9.708492096195806735e-04	1.411575694190495814e-04	3.464930571623544035e-04	5.426312813349076433e-03	3.172413221197519406e-04	-7.288495823840204042e-05	-7.683932631988891430e-04	-4.082588231056762757e-04	5.394341740145023809e-03	1.143952083670815752e-02	3.019561345849198488e-04
7.756861547653711320e-04	4.273928008240343059e-03	9.253532787662470047e-03	-2.759118960914527167e-04	2.361766562570710021e-03	-1.508559500035615807e-04	4.884129974246425795e-04	9.114503336993635615e-04	4.273924288563361699e-03	9.685784416403892937e-04	-2.462077198835583430e-02	-2.068081684629599366e-03	-5.351629430994782333e-02	-1.645010025555357011e-03	2.900042370682127165e-03	2.746127632337768548e-02	9.253530636904656881e-03	-2.462076984698410853e-02	-5.241036876701002378e-02	-4.300108983784728563e-03	-2.431290706246332783e-02	-8.063904616919430682e-04	2.710986375798932636e-03	-1.176502365000702330e-04	-2.759053091161265845e-04	-2.068083646431566770e-03	-4.300110503720594099e-03	1.355071999553879292e-04	-2.169486163079105759e-03	2.273415270499648598e-04	-7.030895691619791065e-04	-1.763180839494172571e-03	2.361769871829970738e-03	-5.351629015969007475e-02	-2.431290659412813082e-02	-2.169487333631923628e-03	1.280269274092604194e-03	6.243921140821874710e-05	4.107561297628496309e-04	-2.768547503405120735e-02	-1.508499989355413734e-04	-1.645010837557596330e-03	-8.063915233033794143e-04	2.273352430733809265e-04	6.243707718184708026e-05	9.569844006064443637e-05	-4.432747032228597298e-04	-4.659437216265478396e-03	4.884218470618975714e-04	2.900044873901678512e-03	2.710985263608205534e-03	-7.031101471689842021e-04	4.107529024243110729e-04	-4.432850616870804335e-04	8.852149494062623190e-05	3.019599843097898985e-04	9.114471205799079458e-04	2.746127823144857427e-02	-1.176508693920187037e-04	-1.763177656959954206e-03	-2.768547887464776341e-02	-4.659436511182859370e-03	3.019561345849198488e-04	6.099830998369835250e-02
