0.000000000000000000e+00	-9.653086730000724541e-04	-1.776166892350485201e-03	2.311192712761613727e-05	-3.915816122168808188e-04	-7.495393927024497830e-06	-2.631471232884124989e-05	-1.359612818616546571e-04	-9.653137416946561914e-04	-2.017496536618259835e-04	1.664654280954570593e-04	8.722547184192408595e-05	8.636907220435393988e-04	-5.454235467445569217e-04	-1.916645429471668105e-03	-6.753630952875313426e-04	-1.776169322514194572e-03	1.664637791832566753e-04	2.150969719144527970e-04	4.351858793635990700e-04	-3.811421915375481689e-07	-2.165112563253456478e-04	-1.155319697699699368e-03	9.103842755864796925e-05	2.311506926772512584e-05	8.721555246748989869e-05	4.351689404090391521e-04	2.813656161256549446e-04	2.477387812333126929e-04	7.072394662801387635e-04	7.996937007408095374e-04	-2.318976668176875799e-04	-3.915670358099941303e-04	8.636878883719907975e-04	-3.826028973087496223e-07	2.477393823123251568e-04	-3.681232718037890424e-04	1.831999525142176117e-05	-1.579162901886344310e-04	8.767432054505408349e-04	-7.493206614008392569e-06	-5.454396336969876725e-04	-2.165212620212994695e-04	7.072373694120360002e-04	1.831535072950355887e-05	1.404713055385719807e-03	6.855826021429106297e-04	-4.979367841695630896e-04	-2.631219856313612605e-05	-1.916645309475968097e-03	-1.155323793364697923e-03	7.996883749625345508e-04	-1.579262047637545823e-04	6.855798548000402838e-04	2.697057542015744236e-04	-5.852654244531811135e-04	-1.359711335788918473e-04	-6.753617233382571035e-04	9.103975804436750493e-05	-2.318931355217111463e-04	8.767447461075193477e-04	-4.979360549370674119e-04	-5.852822617718388088e-04	-1.593716314692151907e-03
9.653086730000724541e-04	0.000000000000000000e+00	-9.284350912741446793e-05	-6.300282688092751111e-04	-5.861331492321099259e-05	6.145631020875231046e-05	5.849598848093478815e-04	2.390878225682745856e-05	-3.793509336427861077e-10	-1.742247111013058816e-04	1.157802340936255124e-04	-2.330443559445876338e-06	4.390111711718290999e-04	7.429500335219485702e-05	-8.702307328020954746e-05	-4.219054509389901213e-04	-6.410701906483644861e-05	-2.109233823240942989e-04	1.505264241204113188e-04	3.106995549403012596e-05	2.515161908003288468e-04	-4.890797667242388245e-05	-8.550358591421971383e-05	-1.941502141312324695e-04	-5.048404594188749027e-04	6.010062345736078102e-05	2.000413077262882221e-04	-1.430139838500809716e-05	2.745211249281055222e-04	-6.851497055197794481e-04	-1.189960884175797788e-03	-8.228803904427359111e-06	1.032376647090829430e-04	2.014088536478804989e-04	4.840853686496960945e-05	-6.994108193107696737e-05	-1.778034860202874635e-05	-1.302704922528677921e-04	5.053058750323505884e-05	1.773869675136628807e-04	2.957744186328736933e-06	1.749296824648392714e-04	1.924199421626803810e-04	-5.618750292688432998e-04	2.067328940127493545e-04	-1.074030979572238552e-03	-4.947198916996863299e-04	7.493508203035417542e-05	4.154030276418785392e-04	2.155657059623989995e-04	2.075235575442396839e-04	-1.155342369480042439e-03	1.032693949185018887e-04	-4.779541605830601395e-04	4.554544603089136123e-06	3.596335551231828178e-05	-4.767854211649996546e-05	-2.276059824657777322e-04	-2.714589564807321572e-05	4.801614953944111476e-05	1.349061531773096618e-04	2.768903166771281106e-04	-6.117500514728381336e-05	-4.136142837242440511e-04
1.776166892350485201e-03	9.284350912741446793e-05	0.000000000000000000e+00	-8.718744571788390784e-04	-3.141646211367446007e-05	8.380518810109324236e-05	9.583511123227549111e-04	3.434983288523341002e-05	6.410628117854583218e-05	-1.554183580467190790e-05	1.211199373571085553e-05	-4.470288777555945299e-05	3.647993938120823790e-05	-5.938015292789074438e-06	-1.606176434707827988e-05	1.400246699544562641e-04	2.241448603302350593e-10	-9.990568550121225826e-05	-8.464483325504423947e-05	-2.821940748744317370e-05	1.636359983127377892e-04	-6.817668313963891162e-05	-1.044660023507637070e-04	-1.801864749440670654e-05	-8.305825874584497892e-04	2.757516111038786107e-05	1.185503024339475771e-04	-8.650769282504458513e-05	1.596707306292592091e-04	-1.115984648429432530e-03	-1.937707155226662138e-03	-7.724757168290426364e-05	-1.557515109280542120e-04	-1.474619964285034726e-04	-1.799990385592662898e-04	1.809374429153690056e-04	1.842014599218089914e-05	-1.022654671505027131e-04	-1.175108760005323986e-04	-2.088470399213632339e-05	9.796237732607870213e-05	1.729408658123598574e-04	8.350804873462432836e-05	-1.069434991041185931e-03	3.010329275623222661e-05	-2.038867141556202287e-03	-9.281394830982696385e-04	6.173490764036704194e-05	1.056638704741524621e-03	2.327963195960216429e-04	8.115745327063811419e-05	-2.029189174135736899e-03	1.161636949651132474e-05	-9.343943929337818243e-04	2.970400084591846759e-05	3.941472935703798714e-05	9.378483124834294010e-05	-1.172706194804388634e-04	-4.708145584189917543e-06	-3.598094932414186393e-05	-5.740547187157630138e-05	2.382383545980667756e-04	1.672027127180622237e-04	5.369085235810958545e-05
-2.311192712761613727e-05	6.300282688092751111e-04	8.718744571788390784e-04	0.000000000000000000e+00	2.920405020009186198e-04	3.039812772121347056e-06	-1.267024896518592278e-05	1.094959692284164866e-04	5.048429357824251026e-04	1.036751032291758034e-04	-6.918605337027269029e-05	-3.394522870347892630e-05	-3.583037029240975380e-04	3.405030434674384456e-04	1.065311398447887307e-03	2.817380495556998403e-04	8.305839398032443133e-04	-5.520445527825667252e-05	-5.738183358699771219e-05	-2.029539803161406757e-04	1.981502346073229132e-05	1.416722064069466779e-04	5.699778038808697971e-04	-6.742199124754784671e-05	-1.566140318758516372e-09	-7.225416602115192091e-05	-2.104910386520572911e-04	-1.091615926636271529e-04	-3.169022510808117230e-04	-3.007659100336901531e-04	-3.508274711952858674e-04	3.030464651731406330e-05	2.150740520967788980e-04	-3.776445286855955241e-04	4.635281209679865478e-05	-2.290828644991124057e-04	1.609629477638820051e-04	-5.126078283181206298e-05	6.971870816126722863e-05	-4.106555061142675247e-04	2.399001378005775523e-05	3.662805505277230960e-04	4.683815990133266798e-05	-3.014925583992059360e-04	-2.016970265357425469e-04	-6.077520401100641734e-04	-2.972653981747122847e-04	2.587991567261346609e-04	1.497359372409211122e-05	1.101691881403814213e-03	4.635174150344339452e-04	-3.235444664424781658e-04	4.366847442378496880e-05	-2.963664570971063150e-04	-1.301064719767709298e-04	2.621845160773650287e-04	4.538323787423990708e-05	3.091379156788042837e-04	-5.652891581326722006e-05	1.161270836756745381e-04	-3.715709592178199688e-04	2.197235477581682066e-04	2.822791926791321697e-04	7.232222989463448198e-04
3.915816122168808188e-04	5.861331492321099259e-05	3.141646211367446007e-05	-2.920405020009186198e-04	0.000000000000000000e+00	-1.557254535853457196e-04	-4.495352250074789014e-05	1.055855521582636097e-05	-1.032379319507972153e-04	4.872852500618954195e-05	1.111113746105949320e-04	5.203016717689439296e-05	-1.792329515893496708e-04	-5.428674775042404040e-05	-8.107335575060678999e-05	1.777917668945291419e-04	1.557516545472870920e-04	-3.895591922044411531e-05	-5.982139645695192551e-05	-1.083738430257938812e-04	-1.312909374195455779e-04	-3.715996882693778423e-05	2.993704036724376279e-05	4.610122794241430409e-05	-2.150808965194184164e-04	-9.900107963003124351e-05	-1.704605285884292572e-04	6.294294000980590000e-06	-1.274752927435102005e-04	-2.746190748522854292e-04	-4.603787512012499157e-04	4.853886065905381635e-06	-2.465648205626867068e-11	-2.299989161099022690e-04	-1.180649924383797404e-04	-1.052638538839858150e-04	1.602362277352632395e-05	-2.640227602405626828e-05	-6.457101029591562520e-05	-1.388013871623571070e-04	3.175853996743037736e-05	-8.680441908112332405e-05	-1.181794565319118647e-04	-3.376013213146516253e-04	-1.194842138673066732e-04	-7.313670251162540398e-04	-3.601310166637662581e-04	1.276732926366485514e-04	2.934971041966318852e-04	-1.641489664184609036e-05	-6.245646972396118367e-05	-7.118553827731681494e-04	-3.468759298683338503e-05	-6.191089169948957565e-04	-2.040633493518928879e-04	6.961560526440749926e-05	-7.383372780983797352e-05	-2.399891924238165613e-05	3.305940729925638429e-05	1.711045768557944622e-04	-9.101582355042628152e-05	5.019631908864449613e-05	6.105862945569244093e-05	9.380527261673848329e-05
7.495393927024497830e-06	-6.145631020875231046e-05	-8.380518810109324236e-05	-3.039812772121347056e-06	1.557254535853457196e-04	0.000000000000000000e+00	-1.937806162190404803e-05	-1.256228480815085142e-04	-2.959846983412288085e-06	-7.951149491028836440e-06	2.780752526257383655e-05	7.286229402074938214e-06	5.364590194412715174e-05	-1.406210362926960121e-05	6.157947924843430070e-05	-4.778223959740675883e-05	-9.796239221104548287e-05	6.658012800704631766e-05	6.686468615929557619e-05	4.474913211276714534e-06	1.385947718718841356e-05	-3.361308799934118347e-05	-5.004417805135704842e-05	5.401144191118826598e-06	-2.399113142420948502e-05	1.287546607543840630e-04	1.773264720129177950e-04	7.280422983291189428e-06	-8.364601279555757387e-05	7.399869667581338462e-06	2.121662788206506102e-05	5.371419041636881061e-05	-3.175820327220085977e-05	7.913591637220468759e-05	2.434311954293798806e-05	-7.023099977206595360e-05	-8.534078044755044040e-06	-3.971867253002894207e-05	-4.764265741209874677e-05	2.359853716688098014e-05	6.684847095288729165e-11	1.703247380557305359e-04	6.841976473545436093e-05	6.961460342837545858e-06	-4.024910686778260020e-06	4.678485849623249544e-05	4.133142523494506284e-05	-5.423564515779997076e-05	-2.216755006039162722e-07	4.228063430305935852e-05	-1.850522344588956470e-07	1.983054167801237251e-05	7.544424032726389944e-05	3.794626434953750479e-05	1.882801693178231422e-05	-2.008282454995496806e-04	-7.484406165255479636e-06	-6.775976995456469115e-05	-6.005244789335006891e-06	-1.524156197459879747e-05	3.418720445916910802e-05	-9.216872812636608806e-05	-8.948709963560343009e-06	-6.305688428593583144e-05
2.631471232884124989e-05	-5.849598848093478815e-04	-9.583511123227549111e-04	1.267024896518592278e-05	4.495352250074789014e-05	1.937806162190404803e-05	0.000000000000000000e+00	-2.380291297319304196e-04	-4.154055515758808739e-04	-9.053654632248864709e-05	1.208936640108549635e-04	-5.184422927211821807e-05	5.010888536451120739e-04	-3.602253743027150038e-04	-9.550942929377724284e-04	-3.712264016224321424e-04	-1.056639742693027580e-03	1.406796052202119722e-04	2.095794763875371593e-04	2.018352889185499812e-04	4.578470555674515690e-05	-1.928565077597022427e-04	-7.433583086062644108e-04	4.059087870192639586e-05	-1.497329735675792551e-05	2.337075187623118791e-04	4.840695716649752890e-04	1.633507720786632499e-04	9.544542202623148501e-05	3.563421275868660374e-04	3.881924507061872013e-04	-3.805266162497249508e-05	-2.934896344065673944e-04	5.340972525388883261e-04	5.706005299053740616e-05	1.202660944126580336e-04	-2.042851159298094397e-04	-9.458970135091489728e-05	-1.890009745298810409e-04	5.056259656649752816e-04	2.229320577356639393e-07	-1.881395761939714441e-05	5.718702125505764351e-05	3.639259816033330367e-04	1.168350719221118771e-04	7.299109188433976995e-04	3.491168623257661957e-04	-3.480637514192779468e-04	1.246325215975717499e-09	-9.343593427835954028e-04	-4.901997704229569576e-04	4.038289535888804497e-04	1.213970275035895649e-04	3.745368736612906852e-04	1.424744652870330963e-04	-6.011826177587712393e-04	1.176960851293423700e-05	-3.925856100817385827e-04	2.017674705311091874e-05	-2.752283661292076553e-04	4.721746774842470974e-04	-4.175733868102926940e-04	-2.749689165051683081e-04	-8.562220083699991543e-04
1.359612818616546571e-04	-2.390878225682745856e-05	-3.434983288523341002e-05	-1.094959692284164866e-04	-1.055855521582636097e-05	1.256228480815085142e-04	2.380291297319304196e-04	0.000000000000000000e+00	4.767851244658820146e-05	-1.166762350291266866e-04	-5.705081059933866006e-05	-1.501588855268088369e-05	2.214625011768541017e-04	7.719191635549498367e-05	-1.030633056820045695e-05	-2.629495903380524822e-04	-9.378517483011919692e-05	-1.503250483695460341e-04	2.325947604437765616e-05	8.806903330481878232e-05	1.551945466966957719e-04	6.232731044989842717e-06	-5.029087279484020681e-05	-1.431687865844615687e-04	-4.537857934521380920e-05	7.983563122284718211e-05	1.805440597018764023e-04	8.269092721208032472e-07	1.870328127815895441e-04	-1.368176696110790294e-04	-2.094439858045160554e-04	4.947566381009466215e-06	7.383344438993051672e-05	1.296130062031370647e-04	5.207482648952058363e-05	2.263500136699883586e-05	-1.408344311343605736e-05	-4.596757709793979107e-05	7.236090167016688058e-05	9.343257277349605462e-05	7.483178845102767129e-06	1.334078095805227293e-04	1.597444326910452865e-04	-4.472985708706368670e-05	1.701316592664793136e-04	-2.497216012151333249e-05	-1.280229887467707087e-05	-2.261373102675946637e-05	-1.177465195670765950e-05	1.243163895998353782e-04	1.505496833628441606e-04	-6.537829594233817744e-05	7.976400229531927996e-05	1.640574632824571069e-04	8.409970939394652138e-05	-1.807863844807734314e-05	1.461269632196498776e-10	-6.266925073047756442e-05	-5.185495301741069665e-05	-5.884966118206492764e-05	4.432911328595871370e-05	1.089109399261584430e-04	-7.935095501456355580e-05	-1.574298740791065930e-04
9.653137416946561914e-04	3.793509336427861077e-10	-6.410628117854583218e-05	-5.048429357824251026e-04	1.032379319507972153e-04	2.959846983412288085e-06	4.154055515758808739e-04	-4.767851244658820146e-05	0.000000000000000000e+00	-1.742247497913094751e-04	-2.109302572757635339e-04	6.010061054541825619e-05	2.013926902826318347e-04	1.749297868068940432e-04	2.155656167738974175e-04	-2.275976259752281780e-04	-9.284178741195332242e-05	1.157725285768650597e-04	1.505102883277181672e-04	2.000413879122423986e-04	4.840121696066767936e-05	1.924209028356743353e-04	2.075252878618635941e-04	-2.714558961335415135e-05	-6.300312022124547606e-04	-2.330747995235388036e-06	3.107008520127282089e-05	-1.429900188731428266e-05	-6.994030036932140002e-05	-5.618773318395989995e-04	-1.155347930100415234e-03	4.801545813566805395e-05	-5.861215456601890652e-05	4.389947945988934702e-04	2.515082819858114422e-04	2.745212045446675632e-04	-1.777980698106770358e-05	2.067345582462078895e-04	1.032708305920499646e-04	1.348979420766345907e-04	6.145832994292277579e-05	7.429522231209312474e-05	-4.890798131159660898e-05	-6.851522161653029585e-04	-1.302703126760122634e-04	-1.074036051546025262e-03	-4.779564189482559452e-04	2.768897826941012609e-04	5.849623471027574125e-04	-8.702206466091978797e-05	-8.550327549655651433e-05	-1.189966440946372498e-03	5.053082812040274920e-05	-4.947222109991251384e-04	4.552460918807423924e-06	-6.117518053230440683e-05	2.390828599055996127e-05	-4.218975406102116695e-04	-1.941496851313562308e-04	-8.228621926979528804e-06	1.773785600272722858e-04	7.493380798114445632e-05	3.596223814361612685e-05	-4.135959012731824959e-04
2.017496536618259835e-04	1.742247111013058816e-04	1.554183580467190790e-05	-1.036751032291758034e-04	-4.872852500618954195e-05	7.951149491028836440e-06	9.053654632248864709e-05	1.166762350291266866e-04	1.742247497913094751e-04	0.000000000000000000e+00	1.230761820535119263e-04	-1.508950898974362133e-04	2.861596541842611465e-04	-6.380768746340893371e-05	6.195911990644633496e-06	-1.207814407796670598e-04	1.554185144238095820e-05	1.230763875104315245e-04	3.184561709531647661e-04	-8.992766610466003125e-05	1.818518520569599992e-04	-1.597531375650132544e-04	-1.901849564663362344e-04	-5.591858745324698585e-06	-1.036752021276218360e-04	-1.508941371369477893e-04	-8.992548032625877858e-05	8.957486084907346905e-06	1.198690047134475688e-05	-9.283718730339362603e-05	-2.003883318888330324e-04	-1.977169206098204342e-04	-4.873065028681075736e-05	2.861598171509293015e-04	1.818518101691277665e-04	1.198695271293279604e-05	2.818184101028838127e-05	-1.999075600491839310e-04	-1.131986231253833059e-04	1.341655822955180105e-04	7.951207566880322101e-06	-6.380548703319533844e-05	-1.597521255437421074e-04	-9.283727715151756201e-05	-1.999075882275154524e-04	-1.859703371495020116e-04	-4.761135337556035585e-05	5.863382684072666369e-05	9.053666612853029428e-05	6.195990016268590596e-06	-1.901848814545302772e-04	-2.003882994610540103e-04	-1.131975555519289982e-04	-4.761132150302389897e-05	2.392852245906024601e-05	7.486336635092456337e-05	1.166772584015412340e-04	-1.207814940513484510e-04	-5.591964510117636996e-06	-1.977169202572118126e-04	1.341653509758095866e-04	5.863371192433170778e-05	7.486566026476744354e-05	-2.735084075389070785e-04
-1.664654280954570593e-04	-1.157802340936255124e-04	-1.211199373571085553e-05	6.918605337027269029e-05	-1.111113746105949320e-04	-2.780752526257383655e-05	-1.208936640108549635e-04	5.705081059933866006e-05	2.109302572757635339e-04	-1.230761820535119263e-04	0.000000000000000000e+00	-2.668358585210191844e-04	3.745198587596018647e-04	-4.488243989755067776e-04	-5.542778350068858391e-04	-3.624967887957256975e-04	9.990587388934437871e-05	-1.292756785843153511e-09	-1.383533176727143346e-05	-1.486329188556940290e-04	3.990697467904403834e-05	-2.761938198929588537e-04	-4.098720210890317069e-04	-2.992659690892507699e-05	5.520476019446487434e-05	-1.969387559405921773e-04	-1.360052233965803378e-04	-1.034337813791525677e-04	1.665575338934727916e-04	-2.111946965253772490e-04	-1.954168424166147786e-04	-3.413605924452087475e-04	3.895370815878781984e-05	3.921061470017445745e-04	2.799029061165512011e-05	-1.141577609581607397e-04	-1.265050904604411220e-04	-1.721868997371579411e-04	-7.632283634200834875e-05	3.463743241588764323e-04	-6.658063287148219245e-05	-6.519723975707397961e-04	-2.024040090721186485e-04	-1.340595320409170856e-04	1.684190747417884976e-04	-4.751619335455608282e-04	-2.802065098100330227e-04	-8.468957904704025284e-04	-1.406810042978365858e-04	-8.737242943638577099e-04	-2.820782415533996295e-04	-1.023472796009152028e-04	-3.050990561560380112e-06	-2.173151130081832306e-04	-1.420244904156967481e-04	-3.679621301951834628e-04	1.503295801315947711e-04	-3.329477964506094524e-04	-6.172278609017070236e-06	-5.048469647718873635e-04	3.441960038036874091e-04	-7.034598769063201557e-04	-3.405397925352419150e-04	-7.447319516740644185e-04
-8.722547184192408595e-05	2.330443559445876338e-06	4.470288777555945299e-05	3.394522870347892630e-05	-5.203016717689439296e-05	-7.286229402074938214e-06	5.184422927211821807e-05	1.501588855268088369e-05	-6.010061054541825619e-05	1.508950898974362133e-04	2.668358585210191844e-04	0.000000000000000000e+00	1.811510082135644865e-04	-5.179539751366682779e-05	-2.060934242092596997e-04	-7.124334126468092471e-05	-2.757674123894008846e-05	1.969434757103271836e-04	2.608452106101124667e-04	-3.848483083448686121e-05	5.744546498141807757e-05	-8.015666520539630998e-05	-1.357958776017603839e-04	2.413897836699896283e-05	7.225945835077917951e-05	1.061845088466721737e-11	-2.594755915445226671e-05	-1.319909037339269219e-06	1.375867429119357085e-05	5.191537983895721001e-05	3.370571869607600333e-05	-4.768834684625811670e-05	9.900005143697412663e-05	9.495865263520571935e-05	-3.787051835979871690e-05	-1.424284200917131781e-04	-5.944690845355967877e-05	-9.352379514965285983e-05	-7.166563490068247601e-08	1.179729001473994504e-04	-1.287558094412415014e-04	-5.772228596233028623e-05	-1.254031765723055731e-05	9.521236289058240701e-05	-1.459001780731250685e-05	-1.234339853079507914e-05	-1.631058823488916009e-04	-1.376865421118643332e-04	-2.337122747635465110e-04	-4.557223319039223808e-05	-4.578308833104487640e-05	1.646881977983277040e-04	-7.935336013143164482e-05	-2.016337456652077809e-05	-8.180509354940278266e-05	2.163912668190156891e-05	-7.983500796763896975e-05	1.149191147986699076e-04	1.070406264217747274e-04	3.707899955482897515e-05	9.497028416052122465e-05	-1.083782137477530329e-05	-1.207627991773789440e-04	-2.075843438730346174e-04
-8.636907220435393988e-04	-4.390111711718290999e-04	-3.647993938120823790e-05	3.583037029240975380e-04	1.792329515893496708e-04	-5.364590194412715174e-05	-5.010888536451120739e-04	-2.214625011768541017e-04	-2.013926902826318347e-04	-2.861596541842611465e-04	-3.745198587596018647e-04	-1.811510082135644865e-04	0.000000000000000000e+00	-8.581787922011079039e-04	-1.485527853802742857e-03	-3.583750109075311413e-04	1.474620843462197384e-04	-3.921115823333617620e-04	-8.930537575469580953e-04	-3.096948112398079209e-05	-3.830873007477626313e-04	-1.629623172434090084e-04	-3.847311860836632623e-04	8.115214193971391740e-06	3.776448819136352781e-04	-9.494880276206575111e-05	4.142957175107950447e-05	-2.285687449382464622e-04	5.421255714560011083e-05	-2.143507427147535557e-04	1.548250467613289220e-04	-4.018238762590522345e-04	2.299939479411790082e-04	-5.819289092552745908e-09	-3.809997071597906069e-04	-2.515197414351194314e-05	-3.025497244051918578e-04	3.233947407497020973e-04	2.251814179682647599e-04	3.979961264636112462e-04	-7.913700231837377604e-05	-9.305731445550049791e-04	-7.349505965014135325e-05	-1.848632449496545084e-04	5.955983663452823693e-04	-5.394990088544164737e-04	-3.733645522870248680e-04	-1.903212390673896057e-03	-5.341000134076248629e-04	-1.573144012533427265e-03	-2.637790364489492291e-04	2.211135478431216117e-04	3.165763506226556374e-04	-2.908887416309472438e-04	-3.598807859278940302e-04	-1.137964773964757724e-03	-1.296024916602474643e-04	-3.358663557458450941e-04	6.131980660484728633e-06	-5.243134308948402007e-04	3.561653254538505852e-04	-1.653021557865830531e-03	-1.048802103490422549e-03	-7.593766596039918434e-04
5.454235467445569217e-04	-7.429500335219485702e-05	5.938015292789074438e-06	-3.405030434674384456e-04	5.428674775042404040e-05	1.406210362926960121e-05	3.602253743027150038e-04	-7.719191635549498367e-05	-1.749297868068940432e-04	6.380768746340893371e-05	4.488243989755067776e-04	5.179539751366682779e-05	8.581787922011079039e-04	0.000000000000000000e+00	-2.031068176853723095e-04	-5.627444978622494782e-04	-1.729423743355499557e-04	6.519739621807410339e-04	9.664826397750342270e-04	4.291695453540278027e-05	3.485654370858072256e-04	4.213833416421898943e-06	-2.782920336540109521e-05	3.511999497670158850e-05	-3.662722785182184770e-04	5.772199281574827195e-05	4.034599032850582023e-05	2.073792091445805208e-05	-5.480383838163474248e-05	-3.876646079033494244e-04	-8.475250053318510775e-04	1.723738418969335539e-05	8.680351541760802339e-05	9.305761909366595114e-04	3.297351753351274932e-04	-6.655616044290454491e-05	-8.157359459358022309e-05	4.593443543037533403e-05	1.008653452115409029e-04	5.127758445095459893e-04	-1.703251094402575085e-04	-2.277986472448234687e-10	-4.304478195118651687e-05	-3.472440986909912765e-04	-1.099046503172593225e-04	-8.619766328102199983e-04	-7.344048199743717382e-04	-2.498669333963531586e-05	1.880619253180410759e-05	-2.351616446481596761e-04	-1.530189192680855262e-04	-6.019784178375288744e-04	-6.365775932354032795e-05	-4.178581598213702321e-04	-2.127582906722470801e-04	-1.035801276398619309e-04	-1.334070799760801122e-04	-4.010163075126859126e-04	3.644210203163772421e-05	1.135824476677980250e-04	5.020384864455997367e-04	3.089920138830830906e-05	-1.566716291170098889e-04	-1.167614827427158886e-03
1.916645429471668105e-03	8.702307328020954746e-05	1.606176434707827988e-05	-1.065311398447887307e-03	8.107335575060678999e-05	-6.157947924843430070e-05	9.550942929377724284e-04	1.030633056820045695e-05	-2.155656167738974175e-04	-6.195911990644633496e-06	5.542778350068858391e-04	2.060934242092596997e-04	1.485527853802742857e-03	2.031068176853723095e-04	0.000000000000000000e+00	-8.108353610015671658e-04	-2.327964696608586103e-04	8.737234361015887296e-04	1.420844856109698424e-03	3.227408336093011789e-04	5.874229003974881097e-04	2.137065469043881809e-04	1.343770750404095732e-04	2.593965703707545953e-05	-1.101691639680940724e-03	4.557169685449234475e-05	1.457604764649070121e-04	4.885587388982305315e-05	3.342301711559403897e-05	-1.029905086110382510e-03	-2.174997074478338122e-03	-1.486531112066677025e-05	1.641567759079594970e-05	1.573141737653934802e-03	7.059366547538239653e-04	2.237455102608221138e-04	-9.491533316182722280e-05	2.649359102546600554e-04	1.396040479453296052e-04	7.101551498752805549e-04	-4.228030637488932057e-05	2.351614966496966904e-04	9.111365712011079029e-06	-1.063900221986864656e-03	-2.241507435512881134e-04	-2.285868670013760547e-03	-1.162116497628363360e-03	4.133595669466539821e-04	9.343595024714986029e-04	5.599091845682547045e-10	-1.251426195777030962e-04	-2.125299212612789986e-03	-4.801321557700381477e-05	-1.203265523797236291e-03	-1.035268908727604337e-04	2.108017462734641166e-05	-1.243166852729337421e-04	-7.589565872595596414e-04	2.273953761213094388e-05	1.486957549739277877e-04	1.015904495720066324e-03	2.035241181480928156e-05	-1.056341435479746531e-04	-1.806478037931615564e-03
6.753630952875313426e-04	4.219054509389901213e-04	-1.400246699544562641e-04	-2.817380495556998403e-04	-1.777917668945291419e-04	4.778223959740675883e-05	3.712264016224321424e-04	2.629495903380524822e-04	2.275976259752281780e-04	1.207814407796670598e-04	3.624967887957256975e-04	7.124334126468092471e-05	3.583750109075311413e-04	5.627444978622494782e-04	8.108353610015671658e-04	0.000000000000000000e+00	1.172706817803055720e-04	3.329504964873449858e-04	8.193396111853530703e-04	1.244665662291831603e-05	3.805461906219453102e-04	6.216546738790534106e-05	1.825070906225238006e-04	-1.906939114017324911e-06	-3.091380443228108638e-04	-1.149236630820630364e-04	-1.262822367142197875e-05	1.348913250307621722e-04	1.760240123890748808e-05	-1.277951238034361905e-05	-3.475069909892016993e-04	-1.178942939961255467e-04	2.400108920978783443e-05	3.358722745878491749e-04	3.853779399365980709e-04	-6.653665076377651287e-05	1.871539675606361192e-04	-3.131369584846234759e-04	-1.224285613677821754e-04	-3.628419798326006941e-05	6.776028607062750187e-05	4.010152169768789639e-04	-1.180862880921343302e-04	-1.803141633637370228e-05	-5.553378263004185361e-04	1.027834805855920350e-05	1.142371122974524488e-04	8.505428712558000658e-04	3.925869788949101161e-04	7.589577835701438735e-04	-1.740292815191366396e-04	-3.704093382333701148e-04	-3.319520064235014834e-04	3.664423374819671217e-05	1.858005561073353552e-04	5.762034424739568466e-04	6.266399623324473605e-05	-1.525024059591351751e-09	5.208617346132323928e-06	2.696175013735654848e-04	-2.482596571331641637e-05	1.075446695623921830e-03	5.100454914057476769e-04	3.239161733718494087e-05
1.776169322514194572e-03	6.410701906483644861e-05	-2.241448603302350593e-10	-8.305839398032443133e-04	-1.557516545472870920e-04	9.796239221104548287e-05	1.056639742693027580e-03	9.378517483011919692e-05	9.284178741195332242e-05	-1.554185144238095820e-05	-9.990587388934437871e-05	2.757674123894008846e-05	-1.474620843462197384e-04	1.729423743355499557e-04	2.327964696608586103e-04	-1.172706817803055720e-04	0.000000000000000000e+00	1.211212729664235205e-05	-8.464481928065529202e-05	1.185516087868306772e-04	-1.799996197933774239e-04	8.350961490581704986e-05	8.115934403614221250e-05	-4.707946982528203630e-06	-8.718755183505743061e-04	-4.470287338414346304e-05	-2.821859093241859865e-05	-8.650786980874953895e-05	1.809380447312406923e-04	-1.069436930005304969e-03	-2.029192241149076377e-03	-3.598179008410314235e-05	-3.141532440953457824e-05	3.647980397216400391e-05	1.636361536210000523e-04	1.596707938124289784e-04	1.842021844198170327e-05	3.010512153768725338e-05	1.161785449615152940e-05	-5.740581448438311955e-05	8.380532345095791352e-05	-5.937143297017327879e-06	-6.817652030268578876e-05	-1.115986158610322160e-03	-1.022658769208341627e-04	-2.038870701054298733e-03	-9.343959339254125649e-04	2.382383697963022409e-04	9.583527599240527096e-04	-1.606087085760878237e-05	-1.044664290324232210e-04	-1.937710380047604972e-03	-1.175111256417663258e-04	-9.281409468239894787e-04	2.970401730368839161e-05	1.672027598931731009e-04	3.434830754337336726e-05	1.400252903288379583e-04	-1.801842182617518199e-05	-7.724549854419982941e-05	-2.088459571257783023e-05	6.173529995460914248e-05	3.941351569377186189e-05	5.369107792891975788e-05
-1.664637791832566753e-04	2.109233823240942989e-04	9.990568550121225826e-05	5.520445527825667252e-05	3.895591922044411531e-05	-6.658012800704631766e-05	-1.406796052202119722e-04	1.503250483695460341e-04	-1.157725285768650597e-04	-1.230763875104315245e-04	1.292756785843153511e-09	-1.969434757103271836e-04	3.921115823333617620e-04	-6.519739621807410339e-04	-8.737234361015887296e-04	-3.329504964873449858e-04	-1.211212729664235205e-05	0.000000000000000000e+00	-1.383265045578480068e-05	-1.360066776745876547e-04	2.799316733781030339e-05	-2.024083721420294360e-04	-2.820857474285816532e-04	-6.173107998263347443e-06	6.918464033679754986e-05	-2.668316465534093700e-04	-1.486317072147106018e-04	-1.034336941564642265e-04	-1.141601408607160675e-04	-1.340610561156283008e-04	-1.023501806217157797e-04	-5.048387942450177027e-04	-1.111137956858636105e-04	3.745198846537983739e-04	3.990669600061499776e-05	1.665594364555267651e-04	-1.265049181225444831e-04	1.684121430088712378e-04	-3.055607987001926450e-06	3.441964144205315922e-04	-2.780796062891143232e-05	-4.488228926379021592e-04	-2.761901554986323048e-04	-2.111948733386181639e-04	-1.721812321208480523e-04	-4.751638207400219155e-04	-2.173165274816354691e-04	-7.034591787729112169e-04	-1.208933453994601008e-04	-5.542783907461284413e-04	-4.098655876645075852e-04	-1.954176039748844855e-04	-7.631893024039173917e-05	-2.802068645166628136e-04	-1.420245031185932627e-04	-3.405416802371353689e-04	5.705591833526424595e-05	-3.624968649278798808e-04	-2.992535884238922288e-05	-3.413695498584945693e-04	3.463767132919403973e-04	-8.468962030124466741e-04	-3.679598224794737474e-04	-7.447349422092804745e-04
-2.150969719144527970e-04	-1.505264241204113188e-04	8.464483325504423947e-05	5.738183358699771219e-05	5.982139645695192551e-05	-6.686468615929557619e-05	-2.095794763875371593e-04	-2.325947604437765616e-05	-1.505102883277181672e-04	-3.184561709531647661e-04	1.383533176727143346e-05	-2.608452106101124667e-04	8.930537575469580953e-04	-9.664826397750342270e-04	-1.420844856109698424e-03	-8.193396111853530703e-04	8.464481928065529202e-05	1.383265045578480068e-05	0.000000000000000000e+00	-1.463761228483126137e-04	7.485133414664082302e-05	-2.433001756945365340e-04	-4.298503552981059990e-04	-1.689141535280637999e-05	5.738050395053077022e-05	-2.608353445591695048e-04	-1.463729127683370697e-04	-2.124263193617262346e-04	2.414439858230440052e-06	-4.836963368168163387e-04	-4.871312264347689609e-04	-5.613956475503093955e-04	5.981631076364949171e-05	8.930480932896165021e-04	7.484800669973714531e-05	2.418481638414782188e-06	-2.795182350415291840e-04	2.787359967004363840e-04	1.249075347614030215e-04	7.996307582140922731e-04	-6.686587085158788137e-05	-9.664792117515729961e-04	-2.432912432150934360e-04	-4.836948278560671260e-04	2.787503469330888375e-04	-1.174271796491079423e-03	-6.300168253388746704e-04	-1.606890285570386056e-03	-2.095807940682349493e-04	-1.420846712323546633e-03	-4.298348561003684709e-04	-4.871288823825029772e-04	1.249170832221620686e-04	-6.300156444239010060e-04	-3.570204752949570856e-04	-8.600686869723828077e-04	-2.324891458282575467e-05	-8.193367963666878077e-04	-1.688923602367592205e-05	-5.614144314804028280e-04	7.996328247251697661e-04	-1.606891323066878419e-03	-8.600637900790118664e-04	-1.732850818635422226e-03
-4.351858793635990700e-04	-3.106995549403012596e-05	2.821940748744317370e-05	2.029539803161406757e-04	1.083738430257938812e-04	-4.474913211276714534e-06	-2.018352889185499812e-04	-8.806903330481878232e-05	-2.000413879122423986e-04	8.992766610466003125e-05	1.486329188556940290e-04	3.848483083448686121e-05	3.096948112398079209e-05	-4.291695453540278027e-05	-3.227408336093011789e-04	-1.244665662291831603e-05	-1.185516087868306772e-04	1.360066776745876547e-04	1.463761228483126137e-04	0.000000000000000000e+00	5.803350587031309176e-05	-3.260673579821306810e-05	-7.824001127383303257e-05	2.048119474287118469e-05	2.104996151797811988e-04	2.594712768918310068e-05	-4.794883636917646663e-10	2.064600839665380668e-05	-1.468193112168408095e-04	2.481813426894227789e-04	3.638588831685818847e-04	-2.597433264976764798e-05	1.704596803381882675e-04	-4.142629269227740356e-05	-1.716311352671351094e-04	-1.507831642695966058e-04	-4.899265779413407789e-05	-1.059175618986473103e-05	1.057954419294156688e-04	9.549756027810349086e-05	-1.773269707728563098e-04	-4.034672817229268251e-05	-3.787421582432031955e-05	3.050442840408731536e-04	-6.278208489342645905e-05	4.310076193141917965e-04	-5.357791063862115614e-05	-2.279029768706365071e-04	-4.840778977320261620e-04	-1.457612636232891081e-04	-1.091455297939342541e-04	5.231247554027779016e-04	-2.876517840326408540e-05	2.464654984257280647e-04	-1.330171049400683848e-04	-1.622664723438619889e-04	-1.805433364910138407e-04	1.262670604030805704e-05	3.567693503367819902e-05	1.374436248031800920e-04	-6.451809451201444723e-05	2.140293646861409659e-05	-2.390879711222844721e-04	-1.028359226766474072e-04
3.811421915375481689e-07	-2.515161908003288468e-04	-1.636359983127377892e-04	-1.981502346073229132e-05	1.312909374195455779e-04	-1.385947718718841356e-05	-4.578470555674515690e-05	-1.551945466966957719e-04	-4.840121696066767936e-05	-1.818518520569599992e-04	-3.990697467904403834e-05	-5.744546498141807757e-05	3.830873007477626313e-04	-3.485654370858072256e-04	-5.874229003974881097e-04	-3.805461906219453102e-04	1.799996197933774239e-04	-2.799316733781030339e-05	-7.485133414664082302e-05	-5.803350587031309176e-05	0.000000000000000000e+00	-5.574610493300831849e-05	-1.031839675211012182e-04	8.730579644760059772e-06	-4.635268110929535365e-05	3.787566127127371316e-05	1.716332854993102568e-04	-9.027973777163075548e-05	5.081852928523530996e-05	-2.909411803980578928e-04	-3.501154340067916238e-04	-1.944925118038777012e-04	1.180626483141717519e-04	3.809937078154400922e-04	-1.595231099774842699e-09	-3.602203924334516780e-05	-1.382431019679764863e-04	1.596920248896533962e-04	1.365167054935264375e-04	3.829837665246476719e-04	-2.434361987745486109e-05	-3.297329538112228273e-04	3.703304987414143378e-05	-2.823069245148321664e-04	3.212539755688201943e-04	-6.397170379691182341e-04	-3.598122319602823521e-04	-9.723469500680110428e-04	-5.706142360996450382e-05	-7.059376642058788967e-04	-1.310846413590370670e-04	-3.145056819926418017e-04	2.114711631731260207e-04	-3.444801115635543289e-04	-1.924144038601339384e-04	-6.355546999519609552e-04	-5.207003255663670904e-05	-3.853750211315458158e-04	-4.151504064352299111e-06	-1.725319392395705507e-04	3.629833648329413003e-04	-6.139272784395593922e-04	-4.012745667763842556e-04	-8.106897300405454480e-04
2.165112563253456478e-04	4.890797667242388245e-05	6.817668313963891162e-05	-1.416722064069466779e-04	3.715996882693778423e-05	3.361308799934118347e-05	1.928565077597022427e-04	-6.232731044989842717e-06	-1.924209028356743353e-04	1.597531375650132544e-04	2.761938198929588537e-04	8.015666520539630998e-05	1.629623172434090084e-04	-4.213833416421898943e-06	-2.137065469043881809e-04	-6.216546738790534106e-05	-8.350961490581704986e-05	2.024083721420294360e-04	2.433001756945365340e-04	3.260673579821306810e-05	5.574610493300831849e-05	0.000000000000000000e+00	-2.893442174577306146e-05	2.781845675431122294e-05	-4.683269662810532745e-05	1.254043516475804738e-05	3.787409981447775200e-05	3.723061041516648683e-05	-3.103126106921770506e-06	-1.087692238019940014e-04	-2.758694031305424952e-04	-6.319916631698343557e-05	1.181787400015443817e-04	7.350405934910465735e-05	-3.702833966119496137e-05	-9.665408764626142357e-05	-5.889559398034937361e-05	3.471715150717831716e-05	7.924690024065062736e-05	1.234019776735536394e-04	-6.842070463826525645e-05	4.304501829834291498e-05	1.144342672868146931e-10	-6.110309433392011155e-05	-5.840759221813404125e-05	-3.084028840236934877e-04	-3.145011866593679919e-04	-9.066142842820417314e-05	-5.719175345868441587e-05	-9.111603772051341904e-06	-6.701456818963678506e-05	-1.524836246236050330e-04	-5.932970853743391848e-05	-1.233479382463456846e-04	-1.061036870801169193e-04	-5.189693074177322322e-05	-1.597444516711985104e-04	1.180820978205740003e-04	1.122098399195011468e-04	1.384485858716318074e-04	9.841085134019820916e-05	-3.483025855859062494e-05	-1.823195372250519474e-04	-1.722331918782782020e-04
1.155319697699699368e-03	8.550358591421971383e-05	1.044660023507637070e-04	-5.699778038808697971e-04	-2.993704036724376279e-05	5.004417805135704842e-05	7.433583086062644108e-04	5.029087279484020681e-05	-2.075252878618635941e-04	1.901849564663362344e-04	4.098720210890317069e-04	1.357958776017603839e-04	3.847311860836632623e-04	2.782920336540109521e-05	-1.343770750404095732e-04	-1.825070906225238006e-04	-8.115934403614221250e-05	2.820857474285816532e-04	4.298503552981059990e-04	7.824001127383303257e-05	1.031839675211012182e-04	2.893442174577306146e-05	0.000000000000000000e+00	2.562412615794448063e-05	-4.635146182062229153e-04	4.578328404536890963e-05	1.091456748052265077e-04	9.468125493361533219e-06	1.544141568173498119e-04	-6.060809270035136080e-04	-1.217966313918983270e-03	-5.326268063452009160e-05	6.245643847072098061e-05	2.637945972581337128e-04	1.310923290432741521e-04	-4.068866891074760721e-05	-4.398793186299775401e-05	8.076126421415657022e-05	4.667424591538445818e-05	1.517980006183532681e-04	1.832650177995987340e-07	1.530196447017831223e-04	6.701465102727549757e-05	-5.629996977225823008e-04	-3.420493361146376593e-05	-1.348747196880595994e-03	-6.794126766289270477e-04	7.749445923728600326e-05	4.901981491923419233e-04	1.251429517304696233e-04	-2.111229067190380703e-10	-1.125361294313360645e-03	-8.249056532274272454e-05	-6.682015967860392008e-04	-4.920673467401039179e-05	6.610896751039142176e-05	-1.505506384493518989e-04	1.740220395431872689e-04	1.862512670907788179e-04	1.603893042587332105e-04	2.741827295320573617e-04	-7.349357533926822073e-05	-1.215108522676754398e-04	-3.533862372382591695e-04
-9.103842755864796925e-05	1.941502141312324695e-04	1.801864749440670654e-05	6.742199124754784671e-05	-4.610122794241430409e-05	-5.401144191118826598e-06	-4.059087870192639586e-05	1.431687865844615687e-04	2.714558961335415135e-05	5.591858745324698585e-06	2.992659690892507699e-05	-2.413897836699896283e-05	-8.115214193971391740e-06	-3.511999497670158850e-05	-2.593965703707545953e-05	1.906939114017324911e-06	4.707946982528203630e-06	6.173107998263347443e-06	1.689141535280637999e-05	-2.048119474287118469e-05	-8.730579644760059772e-06	-2.781845675431122294e-05	-2.562412615794448063e-05	0.000000000000000000e+00	5.652840850264066145e-05	-1.070418813109771797e-04	-3.567961010743856407e-05	8.534924121466531298e-06	9.407674827552482322e-06	7.526617007773200255e-05	1.045800859367843050e-04	-1.956486600483216980e-04	-3.305729381737951668e-05	-6.129852868841606942e-06	4.152555031777816687e-06	-4.140085889696511301e-06	1.742655171066336624e-05	-5.099684942117734140e-05	-6.003739129143125788e-05	-2.522282459051881847e-05	6.005341396505984179e-06	-3.644443890782884905e-05	-1.122112362874022558e-04	6.771588208803116930e-05	-2.237112701078595002e-04	8.778971551119096862e-05	5.861903409976029674e-05	4.089783501960343482e-05	-2.017603962786860465e-05	-2.273923989483036672e-05	-1.862517101811967714e-04	8.332358056270179646e-05	-1.380150530322968284e-04	1.972830749187790881e-05	8.232467987385397849e-06	4.583326623809258677e-05	5.185383919441496767e-05	-5.209766659351408500e-06	9.453587050633045991e-11	-2.198633116136132959e-05	-3.162861924185678283e-05	2.565847817539844788e-06	2.373643559936818525e-05	3.433382724036471498e-05
-2.311506926772512584e-05	5.048404594188749027e-04	8.305825874584497892e-04	1.566140318758516372e-09	2.150808965194184164e-04	2.399113142420948502e-05	1.497329735675792551e-05	4.537857934521380920e-05	6.300312022124547606e-04	1.036752021276218360e-04	-5.520476019446487434e-05	-7.225945835077917951e-05	-3.776448819136352781e-04	3.662722785182184770e-04	1.101691639680940724e-03	3.091380443228108638e-04	8.718755183505743061e-04	-6.918464033679754986e-05	-5.738050395053077022e-05	-2.104996151797811988e-04	4.635268110929535365e-05	4.683269662810532745e-05	4.635146182062229153e-04	-5.652840850264066145e-05	0.000000000000000000e+00	-3.394055453262744871e-05	-2.029461717138824435e-04	-1.091615313934820133e-04	-2.290831302633929427e-04	-3.014918937281185068e-04	-3.235435727824828231e-04	1.161294298656116112e-04	2.920330005321804473e-04	-3.583009501858782026e-04	1.981640919922153949e-05	-3.169025133187527207e-04	1.609629148361631581e-04	-2.017000397223774294e-04	4.366309086768125041e-05	-3.715697208341258752e-04	3.038749510684687270e-06	3.405105374614585080e-04	1.416769312686364012e-04	-3.007632556908934867e-04	-5.125854051092276569e-05	-6.077485825237798327e-04	-2.963661325573235176e-04	2.197236861012650047e-04	-1.267309886360111181e-05	1.065311749022913130e-03	5.699799052056196344e-04	-3.508214337620980386e-04	6.972337097405871943e-05	-2.972624645725768203e-04	-1.301064990542334892e-04	2.822714490303391242e-04	1.095012876820317143e-04	2.817368487969280758e-04	-6.742275910738752365e-05	3.030173814190735535e-05	-4.106557807515078288e-04	2.587988063277048799e-04	2.621930617289397513e-04	7.232211333517018798e-04
-8.721555246748989869e-05	-6.010062345736078102e-05	-2.757516111038786107e-05	7.225416602115192091e-05	9.900107963003124351e-05	-1.287546607543840630e-04	-2.337075187623118791e-04	-7.983563122284718211e-05	2.330747995235388036e-06	1.508941371369477893e-04	1.969387559405921773e-04	-1.061845088466721737e-11	9.494880276206575111e-05	-5.772199281574827195e-05	-4.557169685449234475e-05	1.149236630820630364e-04	4.470287338414346304e-05	2.668316465534093700e-04	2.608353445591695048e-04	-2.594712768918310068e-05	-3.787566127127371316e-05	-1.254043516475804738e-05	-4.578328404536890963e-05	1.070418813109771797e-04	3.394055453262744871e-05	0.000000000000000000e+00	-3.848478747558504477e-05	-1.318554178015275366e-06	-1.424278270291046611e-04	9.520723576619417720e-05	1.646774414001271245e-04	3.707922200289152231e-05	-5.202995975234411266e-05	1.811411720798150301e-04	5.744098097631236021e-05	1.375934464978918673e-05	-5.944592137145226227e-05	-1.459020738404709522e-05	-7.935335165219793154e-05	9.496528578548880310e-05	-7.285064201767511780e-06	-5.179532846877378809e-05	-8.015603732229318787e-05	5.191090210098672059e-05	-9.352234278356199595e-05	-1.235356251773306218e-05	-2.016834237464104244e-05	-1.083874702296684130e-05	5.184936313231555617e-05	-2.060931925664796012e-04	-1.357943898527316209e-04	3.369490242347536241e-05	-7.044048561557249896e-08	-1.631105606320272950e-04	-8.180622509579898376e-05	-1.207637479297373585e-04	1.501576277803265625e-05	-7.123833819030259671e-05	2.414005414826887920e-05	-4.768876414416403664e-05	1.179680878814069376e-04	-1.376866645145916643e-04	2.163887977561752561e-05	-2.075735326442381637e-04
-4.351689404090391521e-04	-2.000413077262882221e-04	-1.185503024339475771e-04	2.104910386520572911e-04	1.704605285884292572e-04	-1.773264720129177950e-04	-4.840695716649752890e-04	-1.805440597018764023e-04	-3.107008520127282089e-05	8.992548032625877858e-05	1.360052233965803378e-04	2.594755915445226671e-05	-4.142957175107950447e-05	-4.034599032850582023e-05	-1.457604764649070121e-04	1.262822367142197875e-05	2.821859093241859865e-05	1.486317072147106018e-04	1.463729127683370697e-04	4.794883636917646663e-10	-1.716332854993102568e-04	-3.787409981447775200e-05	-1.091456748052265077e-04	3.567961010743856407e-05	2.029461717138824435e-04	3.848478747558504477e-05	0.000000000000000000e+00	2.064632054446157789e-05	-1.507820650708568727e-04	3.050353807716228325e-04	5.231060775970760787e-04	1.374437738999632159e-04	1.083735901655945088e-04	3.096664673071507115e-05	5.803183649946961383e-05	-1.468180973491813989e-04	-4.899079779686188853e-05	-6.278208687273101026e-05	-2.876529073912313834e-05	-6.451921213298306482e-05	-4.474528313130713066e-06	-4.291684645272221164e-05	-3.260652701969952061e-05	2.481732840411592696e-04	-1.059069277725863181e-05	4.309894454386775913e-04	2.464566806484174972e-04	2.140244801841950892e-05	-2.018266231718057182e-04	-3.227400265439613275e-04	-7.823885671280402941e-05	3.638401610982025264e-04	1.057963995131385831e-04	-5.358609684732081735e-05	-1.330173789614478110e-04	-2.390886894676152552e-04	-8.806923155937150375e-05	-1.244549162646223224e-05	2.048351337580738712e-05	-2.597442481663794805e-05	9.549617841512855916e-05	-2.279026141405542626e-04	-1.622664497953566626e-04	-1.028330772594436576e-04
-2.813656161256549446e-04	1.430139838500809716e-05	8.650769282504458513e-05	1.091615926636271529e-04	-6.294294000980590000e-06	-7.280422983291189428e-06	-1.633507720786632499e-04	-8.269092721208032472e-07	1.429900188731428266e-05	-8.957486084907346905e-06	1.034337813791525677e-04	1.319909037339269219e-06	2.285687449382464622e-04	-2.073792091445805208e-05	-4.885587388982305315e-05	-1.348913250307621722e-04	8.650786980874953895e-05	1.034336941564642265e-04	2.124263193617262346e-04	-2.064600839665380668e-05	9.027973777163075548e-05	-3.723061041516648683e-05	-9.468125493361533219e-06	-8.534924121466531298e-06	1.091615313934820133e-04	1.318554178015275366e-06	-2.064632054446157789e-05	0.000000000000000000e+00	3.653959250982512929e-05	1.117437872824227296e-04	2.708085674370778887e-04	1.631312104141949320e-05	-6.293650560237116496e-06	2.285687626660451834e-04	9.027989571632171872e-05	3.653917588118007326e-05	1.056559020460483546e-05	-3.218714770065943752e-05	-3.027419842433636438e-05	8.330865697531041243e-05	-7.280333162801989647e-06	-2.073834203191566531e-05	-3.723195115307509416e-05	1.117435754895254905e-04	-3.218969266688377021e-05	2.445686655401708466e-04	1.253299506927210314e-04	1.176578360763763463e-04	-1.633505614526186496e-04	-4.885609496993368564e-05	-9.470884159827621553e-06	2.708084827380779049e-04	-3.027565584920986503e-05	1.253299678446944494e-04	-2.030340193368808255e-05	3.102654643150147795e-05	-8.284309262329189575e-07	-1.348914421014909886e-04	-8.534986046659576099e-06	1.631601903436496993e-05	8.330865554572869900e-05	1.176577999982097826e-04	3.102603570653175675e-05	-2.696384844037870432e-04
-2.477387812333126929e-04	-2.745211249281055222e-04	-1.596707306292592091e-04	3.169022510808117230e-04	1.274752927435102005e-04	8.364601279555757387e-05	-9.544542202623148501e-05	-1.870328127815895441e-04	6.994030036932140002e-05	-1.198690047134475688e-05	-1.665575338934727916e-04	-1.375867429119357085e-05	-5.421255714560011083e-05	5.480383838163474248e-05	-3.342301711559403897e-05	-1.760240123890748808e-05	-1.809380447312406923e-04	1.141601408607160675e-04	-2.414439858230440052e-06	1.468193112168408095e-04	-5.081852928523530996e-05	3.103126106921770506e-06	-1.544141568173498119e-04	-9.407674827552482322e-06	2.290831302633929427e-04	1.424278270291046611e-04	1.507820650708568727e-04	-3.653959250982512929e-05	0.000000000000000000e+00	2.265014510872462154e-04	4.068237739951143157e-04	1.559609663129895229e-04	1.052638553141058348e-04	2.515662488923392235e-05	3.602413371502574555e-05	7.169407335469301517e-10	3.722929861877092212e-06	-2.997696766971146937e-05	3.755843985411227526e-05	-1.598810217065604953e-04	7.023102822084699068e-05	6.655512476398287936e-05	9.665336606024777194e-05	2.779195620561916887e-04	1.202783944781493132e-04	6.678044431994555746e-04	4.723800316822975194e-04	-6.016779392817536053e-05	-1.202656097379197967e-04	-2.237455800015817221e-04	4.068842242569240821e-05	5.005577694821297056e-04	1.326271244804376383e-04	4.155798886939080275e-04	1.484222571180937936e-04	-2.612622070729942294e-04	-2.263544707553892548e-05	6.653447470214714872e-05	4.140120602690227195e-06	-1.922337695052155028e-04	1.039452612547312632e-04	-2.640472202409487436e-04	-2.465040958175234408e-04	8.812077827357148749e-05
-7.072394662801387635e-04	6.851497055197794481e-04	1.115984648429432530e-03	3.007659100336901531e-04	2.746190748522854292e-04	-7.399869667581338462e-06	-3.563421275868660374e-04	1.368176696110790294e-04	5.618773318395989995e-04	9.283718730339362603e-05	2.111946965253772490e-04	-5.191537983895721001e-05	2.143507427147535557e-04	3.876646079033494244e-04	1.029905086110382510e-03	1.277951238034361905e-05	1.069436930005304969e-03	1.340610561156283008e-04	4.836963368168163387e-04	-2.481813426894227789e-04	2.909411803980578928e-04	1.087692238019940014e-04	6.060809270035136080e-04	-7.526617007773200255e-05	3.014918937281185068e-04	-9.520723576619417720e-05	-3.050353807716228325e-04	-1.117437872824227296e-04	-2.265014510872462154e-04	0.000000000000000000e+00	3.267689811036695105e-04	7.365553428394239080e-05	3.375950201947656689e-04	1.848664003525009357e-04	2.823086214904987077e-04	-2.779200921226937732e-04	1.753783317820548874e-04	-1.393064825346884597e-04	6.939775502176856220e-05	-1.150060402203036938e-04	-6.962735055705124494e-06	3.472523635850159780e-04	6.110806984819166848e-05	9.751848202398653203e-10	-1.746484320062712632e-04	-1.199175591048746116e-05	-2.146238676737364029e-05	5.042491567287806864e-04	-3.639282558822428196e-04	1.063899795476082669e-03	5.630012507553351555e-04	3.206900360022892516e-04	5.689838940968260328e-05	-4.098375889861798283e-05	-1.810393694810000752e-04	3.845330112401668370e-04	4.473421394797035173e-05	1.802999432815380332e-05	-6.771660378675244791e-05	1.937211672402590194e-04	-1.582809248756527980e-04	5.156634145008252368e-04	3.263728014022711623e-04	5.996407169968216542e-05
-7.996937007408095374e-04	1.189960884175797788e-03	1.937707155226662138e-03	3.508274711952858674e-04	4.603787512012499157e-04	-2.121662788206506102e-05	-3.881924507061872013e-04	2.094439858045160554e-04	1.155347930100415234e-03	2.003883318888330324e-04	1.954168424166147786e-04	-3.370571869607600333e-05	-1.548250467613289220e-04	8.475250053318510775e-04	2.174997074478338122e-03	3.475069909892016993e-04	2.029192241149076377e-03	1.023501806217157797e-04	4.871312264347689609e-04	-3.638588831685818847e-04	3.501154340067916238e-04	2.758694031305424952e-04	1.217966313918983270e-03	-1.045800859367843050e-04	3.235435727824828231e-04	-1.646774414001271245e-04	-5.231060775970760787e-04	-2.708085674370778887e-04	-4.068237739951143157e-04	-3.267689811036695105e-04	0.000000000000000000e+00	1.524377153647707341e-04	7.118397079252867772e-04	-2.211077525109830062e-04	3.145085276660436902e-04	-5.005588816660876995e-04	3.842485226336177099e-04	-2.008772473040541556e-04	2.374163799396353139e-04	-5.470904322755082167e-04	-1.983302147102682485e-05	6.019958262404457704e-04	1.524943761866215473e-04	-3.206851956694598796e-04	-2.074998239855303198e-04	-6.563349425991486449e-04	-3.257161535393053847e-04	5.941582341965389105e-04	-4.038342937616690121e-04	2.125298715936839618e-03	1.125365225833012146e-03	5.729644644885322977e-09	1.038362770216751438e-04	-3.768028226979633312e-04	-3.074649389948903291e-04	6.630680127105656203e-04	6.538902651420172986e-05	3.704067578521142790e-04	-8.332513763935521446e-05	2.713465296419547519e-04	-5.868596473970835465e-04	7.179654265897358542e-04	4.775649011096944410e-04	8.764342694713355905e-04
2.318976668176875799e-04	8.228803904427359111e-06	7.724757168290426364e-05	-3.030464651731406330e-05	-4.853886065905381635e-06	-5.371419041636881061e-05	3.805266162497249508e-05	-4.947566381009466215e-06	-4.801545813566805395e-05	1.977169206098204342e-04	3.413605924452087475e-04	4.768834684625811670e-05	4.018238762590522345e-04	-1.723738418969335539e-05	1.486531112066677025e-05	1.178942939961255467e-04	3.598179008410314235e-05	5.048387942450177027e-04	5.613956475503093955e-04	2.597433264976764798e-05	1.944925118038777012e-04	6.319916631698343557e-05	5.326268063452009160e-05	1.956486600483216980e-04	-1.161294298656116112e-04	-3.707922200289152231e-05	-1.374437738999632159e-04	-1.631312104141949320e-05	-1.559609663129895229e-04	-7.365553428394239080e-05	-1.524377153647707341e-04	0.000000000000000000e+00	-1.711038740546507104e-04	5.242942992618163014e-04	1.725235234848029246e-04	1.922339965343261559e-04	-4.716411545408951019e-05	1.090886863922128393e-04	-8.300873453496630068e-05	3.370398694128680026e-04	1.524390643551704798e-05	-1.135826194284584071e-04	-1.384476844511142322e-04	-1.937228918909039992e-04	-1.490967690053788359e-04	-4.426706240540861188e-04	-2.710837272145888736e-04	-2.389043231021508167e-05	2.752306530170130824e-04	-1.486959313337373563e-04	-1.603874795244911947e-04	-2.713512938968817368e-04	-1.109316108752946565e-04	-2.721185285854464220e-04	-4.846208395473935787e-05	2.377039402536188309e-05	5.884953940885932701e-05	-2.696075557301060260e-04	2.198659350211556584e-05	-3.523616517053642717e-10	2.431285706363021069e-04	-8.584432771907014295e-05	1.206387445976984870e-04	-5.205012505440112470e-04
3.915670358099941303e-04	-1.032376647090829430e-04	1.557515109280542120e-04	-2.150740520967788980e-04	2.465648205626867068e-11	3.175820327220085977e-05	2.934896344065673944e-04	-7.383344438993051672e-05	5.861215456601890652e-05	4.873065028681075736e-05	-3.895370815878781984e-05	-9.900005143697412663e-05	-2.299939479411790082e-04	-8.680351541760802339e-05	-1.641567759079594970e-05	-2.400108920978783443e-05	3.141532440953457824e-05	1.111137956858636105e-04	-5.981631076364949171e-05	-1.704596803381882675e-04	-1.180626483141717519e-04	-1.181787400015443817e-04	-6.245643847072098061e-05	3.305729381737951668e-05	-2.920330005321804473e-04	5.202995975234411266e-05	-1.083735901655945088e-04	6.293650560237116496e-06	-1.052638553141058348e-04	-3.375950201947656689e-04	-7.118397079252867772e-04	1.711038740546507104e-04	0.000000000000000000e+00	-1.792280730316603082e-04	-1.312880756796227187e-04	-1.274762765218704621e-04	1.602177711363126904e-05	-1.194842332410301104e-04	-3.468763696452847357e-05	-9.101363639029423950e-05	-1.557258536940942613e-04	-5.428680852033275142e-05	-3.715976555384170198e-05	-2.746117127986985552e-04	-2.640218491713077390e-05	-7.313522310131513170e-04	-6.191019520238073837e-04	5.019549744519152080e-05	-4.496037025091899786e-05	-8.107396764098025632e-05	2.993675836677503027e-05	-4.603631255925754394e-04	-6.457091632171209784e-05	-3.601235559858368589e-04	-2.040628892133138474e-04	6.105818300791120417e-05	1.055829685210710753e-05	1.777896885513651501e-04	4.609895986755478166e-05	4.855061688891825156e-06	-1.387990003133830785e-04	1.276742806526933978e-04	6.961553701921669650e-05	9.380037781950462149e-05
-8.636878883719907975e-04	-2.014088536478804989e-04	1.474619964285034726e-04	3.776445286855955241e-04	2.299989161099022690e-04	-7.913591637220468759e-05	-5.340972525388883261e-04	-1.296130062031370647e-04	-4.389947945988934702e-04	-2.861598171509293015e-04	-3.921061470017445745e-04	-9.495865263520571935e-05	5.819289092552745908e-09	-9.305761909366595114e-04	-1.573141737653934802e-03	-3.358722745878491749e-04	-3.647980397216400391e-05	-3.745198846537983739e-04	-8.930480932896165021e-04	4.142629269227740356e-05	-3.809937078154400922e-04	-7.350405934910465735e-05	-2.637945972581337128e-04	6.129852868841606942e-06	3.583009501858782026e-04	-1.811411720798150301e-04	-3.096664673071507115e-05	-2.285687626660451834e-04	-2.515662488923392235e-05	-1.848664003525009357e-04	2.211077525109830062e-04	-5.242942992618163014e-04	1.792280730316603082e-04	0.000000000000000000e+00	-3.830879368513107758e-04	5.421603820472676010e-05	-3.025497223432501489e-04	5.955834706489742270e-04	3.165666545497204188e-04	3.561661279031661312e-04	-5.364717793453977943e-05	-8.581753912925767658e-04	-1.629535959528382628e-04	-2.143509518740139967e-04	3.234086861040116759e-04	-5.395028635547013517e-04	-2.908919089927609891e-04	-1.653019957796395944e-03	-5.010887782134802130e-04	-1.485529392285474476e-03	-3.847157935813666279e-04	1.548239288682931320e-04	2.251907251330203109e-04	-3.733650944941119851e-04	-3.598808974559784325e-04	-1.048806493182264776e-03	-2.214519163394039914e-04	-3.583750196863214445e-04	8.117561765924516246e-06	-4.018424589954574383e-04	3.980012886099206166e-04	-1.903212603007905374e-03	-1.137959620748493425e-03	-7.593831630596233973e-04
3.826028973087496223e-07	-4.840853686496960945e-05	1.799990385592662898e-04	-4.635281209679865478e-05	1.180649924383797404e-04	-2.434311954293798806e-05	-5.706005299053740616e-05	-5.207482648952058363e-05	-2.515082819858114422e-04	-1.818518101691277665e-04	-2.799029061165512011e-05	3.787051835979871690e-05	3.809997071597906069e-04	-3.297351753351274932e-04	-7.059366547538239653e-04	-3.853779399365980709e-04	-1.636361536210000523e-04	-3.990669600061499776e-05	-7.484800669973714531e-05	1.716311352671351094e-04	1.595231099774842699e-09	3.702833966119496137e-05	-1.310923290432741521e-04	-4.152555031777816687e-06	-1.981640919922153949e-05	-5.744098097631236021e-05	-5.803183649946961383e-05	-9.027989571632171872e-05	-3.602413371502574555e-05	-2.823086214904987077e-04	-3.145085276660436902e-04	-1.725235234848029246e-04	1.312880756796227187e-04	3.830879368513107758e-04	0.000000000000000000e+00	5.082010582738367196e-05	-1.382431406489160412e-04	3.212467106306325388e-04	2.114661516818179283e-04	3.629841165604798074e-04	-1.386013866736597017e-05	-3.485638162656004438e-04	-5.574210976506355041e-05	-2.909414300319050151e-04	1.596983923657569653e-04	-6.397191475578975061e-04	-3.444816470651825197e-04	-6.139271576722298788e-04	-4.578451783093056800e-05	-5.874236817475218288e-04	-1.031772486742168029e-04	-3.501162403714960162e-04	1.365209686378395350e-04	-3.598126475173867586e-04	-1.924143754292729743e-04	-4.012769922776158668e-04	-1.551891688366968691e-04	-3.805465622600299287e-04	8.731553071647102772e-06	-1.945016383607278579e-04	3.829863440451414789e-04	-9.723473832485196502e-04	-6.355517256543923021e-04	-8.106933404482391786e-04
-2.477393823123251568e-04	6.994108193107696737e-05	-1.809374429153690056e-04	2.290828644991124057e-04	1.052638538839858150e-04	7.023099977206595360e-05	-1.202660944126580336e-04	-2.263500136699883586e-05	-2.745212045446675632e-04	-1.198695271293279604e-05	1.141577609581607397e-04	1.424284200917131781e-04	2.515197414351194314e-05	6.655616044290454491e-05	-2.237455102608221138e-04	6.653665076377651287e-05	-1.596707938124289784e-04	-1.665594364555267651e-04	-2.418481638414782188e-06	1.507831642695966058e-04	3.602203924334516780e-05	9.665408764626142357e-05	4.068866891074760721e-05	4.140085889696511301e-06	3.169025133187527207e-04	-1.375934464978918673e-05	1.468180973491813989e-04	-3.653917588118007326e-05	-7.169407335469301517e-10	2.779200921226937732e-04	5.005588816660876995e-04	-1.922339965343261559e-04	1.274762765218704621e-04	-5.421603820472676010e-05	-5.082010582738367196e-05	0.000000000000000000e+00	3.723011618868308909e-06	1.202788194557007811e-04	1.326278668755135541e-04	1.039431924348664671e-04	8.364602783898783403e-05	5.480326016640246328e-05	3.102242948537130767e-06	2.265020355894171631e-04	-2.997837595931743292e-05	6.678056440365564466e-04	4.155799375401361424e-04	-2.640467057048643770e-04	-9.544573897490327434e-05	-3.342288837859977533e-05	-1.544149252347595380e-04	4.068246318769385425e-04	3.755774714671563031e-05	4.723803807499860107e-04	1.484219460287477784e-04	-2.465034383967994614e-04	-1.870334091478000819e-04	-1.760066096615133934e-05	-9.408071662133892706e-06	1.559610340234146532e-04	-1.598834350606726418e-04	-6.016828393408891129e-05	-2.612634747903931133e-04	8.812526722556899834e-05
3.681232718037890424e-04	1.778034860202874635e-05	-1.842014599218089914e-05	-1.609629477638820051e-04	-1.602362277352632395e-05	8.534078044755044040e-06	2.042851159298094397e-04	1.408344311343605736e-05	1.777980698106770358e-05	-2.818184101028838127e-05	1.265050904604411220e-04	5.944690845355967877e-05	3.025497244051918578e-04	8.157359459358022309e-05	9.491533316182722280e-05	-1.871539675606361192e-04	-1.842021844198170327e-05	1.265049181225444831e-04	2.795182350415291840e-04	4.899265779413407789e-05	1.382431019679764863e-04	5.889559398034937361e-05	4.398793186299775401e-05	-1.742655171066336624e-05	-1.609629148361631581e-04	5.944592137145226227e-05	4.899079779686188853e-05	-1.056559020460483546e-05	-3.722929861877092212e-06	-1.753783317820548874e-04	-3.842485226336177099e-04	4.716411545408951019e-05	-1.602177711363126904e-05	3.025497223432501489e-04	1.382431406489160412e-04	-3.723011618868308909e-06	0.000000000000000000e+00	-1.185815812227230897e-07	-9.551204408171911297e-07	1.347185541380851699e-04	8.534094396249445016e-06	8.157179821733829173e-05	5.889451373844904145e-05	-1.753782276300649306e-04	-1.190624336897319873e-07	-3.610087982957345398e-04	-1.883044290485918256e-04	6.885206969452665007e-05	2.042851410372774649e-04	9.491532428617028595e-05	4.398740660853548773e-05	-3.842486485286207912e-04	-9.562535653314919204e-07	-1.883046141618036399e-04	3.204742920658567104e-06	4.344663656536515466e-05	1.408230072238783830e-05	-1.871541097809524806e-04	-1.742651947836903158e-05	4.716463729154772425e-05	1.347186565301342737e-04	6.885209585228037462e-05	4.344464900213808203e-05	-3.477946434927800144e-04
-1.831999525142176117e-05	1.302704922528677921e-04	1.022654671505027131e-04	5.126078283181206298e-05	2.640227602405626828e-05	3.971867253002894207e-05	9.458970135091489728e-05	4.596757709793979107e-05	-2.067345582462078895e-04	1.999075600491839310e-04	1.721868997371579411e-04	9.352379514965285983e-05	-3.233947407497020973e-04	-4.593443543037533403e-05	-2.649359102546600554e-04	3.131369584846234759e-04	-3.010512153768725338e-05	-1.684121430088712378e-04	-2.787359967004363840e-04	1.059175618986473103e-05	-1.596920248896533962e-04	-3.471715150717831716e-05	-8.076126421415657022e-05	5.099684942117734140e-05	2.017000397223774294e-04	1.459020738404709522e-05	6.278208687273101026e-05	3.218714770065943752e-05	2.997696766971146937e-05	1.393064825346884597e-04	2.008772473040541556e-04	-1.090886863922128393e-04	1.194842332410301104e-04	-5.955834706489742270e-04	-3.212467106306325388e-04	-1.202788194557007811e-04	1.185815812227230897e-07	0.000000000000000000e+00	2.633354974115051719e-05	-1.980761260987894427e-04	4.023107605449490764e-06	1.099052866382904811e-04	5.840749549243828321e-05	1.746504483597484609e-04	-6.274079720334542346e-10	1.474898445600448887e-04	7.753674124975582784e-05	-1.566308333564619048e-04	-1.168371649137800531e-04	2.241505485654783614e-04	3.420412093971418924e-05	2.075047063220730520e-04	-4.309703604768561308e-05	8.514962364421677457e-05	8.376041612183505986e-06	-4.735672672426568550e-06	-1.701326001408661782e-04	5.553305498868422617e-04	2.237104898542473458e-04	1.490985600672313223e-04	-2.218127685677057310e-04	-9.177568155380753988e-05	-1.822065708869381696e-04	5.859500269002765067e-04
1.579162901886344310e-04	-5.053058750323505884e-05	1.175108760005323986e-04	-6.971870816126722863e-05	6.457101029591562520e-05	4.764265741209874677e-05	1.890009745298810409e-04	-7.236090167016688058e-05	-1.032708305920499646e-04	1.131986231253833059e-04	7.632283634200834875e-05	7.166563490068247601e-08	-2.251814179682647599e-04	-1.008653452115409029e-04	-1.396040479453296052e-04	1.224285613677821754e-04	-1.161785449615152940e-05	3.055607987001926450e-06	-1.249075347614030215e-04	-1.057954419294156688e-04	-1.365167054935264375e-04	-7.924690024065062736e-05	-4.667424591538445818e-05	6.003739129143125788e-05	-4.366309086768125041e-05	7.935335165219793154e-05	2.876529073912313834e-05	3.027419842433636438e-05	-3.755843985411227526e-05	-6.939775502176856220e-05	-2.374163799396353139e-04	8.300873453496630068e-05	3.468763696452847357e-05	-3.165666545497204188e-04	-2.114661516818179283e-04	-1.326278668755135541e-04	9.551204408171911297e-07	-2.633354974115051719e-05	0.000000000000000000e+00	-1.057485594706122716e-04	-7.544528164174079277e-05	6.365804400209995704e-05	5.932974602731462516e-05	-5.689344558979119896e-05	4.309646685098353954e-05	-2.680552650460517371e-04	-2.683852967781502315e-04	-6.221530177452739099e-05	-1.214016281510990055e-04	4.801281232146625074e-05	8.249002540176085898e-05	-1.038256850377570594e-04	-9.953579256440249620e-11	-1.223672626597635299e-04	-1.160426233038161107e-04	-3.387896291928420181e-05	-7.976461068393060649e-05	3.319474636604307673e-04	1.380135587273944101e-04	1.109330820910379908e-04	-1.461322066476344048e-04	5.814176465554893642e-06	-2.884703982436292709e-05	2.613114376426288075e-04
-8.767432054505408349e-04	-1.773869675136628807e-04	2.088470399213632339e-05	4.106555061142675247e-04	1.388013871623571070e-04	-2.359853716688098014e-05	-5.056259656649752816e-04	-9.343257277349605462e-05	-1.348979420766345907e-04	-1.341655822955180105e-04	-3.463743241588764323e-04	-1.179729001473994504e-04	-3.979961264636112462e-04	-5.127758445095459893e-04	-7.101551498752805549e-04	3.628419798326006941e-05	5.740581448438311955e-05	-3.441964144205315922e-04	-7.996307582140922731e-04	-9.549756027810349086e-05	-3.829837665246476719e-04	-1.234019776735536394e-04	-1.517980006183532681e-04	2.522282459051881847e-05	3.715697208341258752e-04	-9.496528578548880310e-05	6.451921213298306482e-05	-8.330865697531041243e-05	1.598810217065604953e-04	1.150060402203036938e-04	5.470904322755082167e-04	-3.370398694128680026e-04	9.101363639029423950e-05	-3.561661279031661312e-04	-3.629841165604798074e-04	-1.039431924348664671e-04	-1.347185541380851699e-04	1.980761260987894427e-04	1.057485594706122716e-04	0.000000000000000000e+00	-3.418763560542158327e-05	-5.020369947841370932e-04	-9.840634806814490989e-05	1.582806362959707832e-04	2.218200922396250776e-04	1.922491017812248009e-04	5.457266564294593317e-05	-9.447304509862964467e-04	-4.721745417782865768e-04	-1.015905114039469381e-03	-2.741745654817454893e-04	5.868589103082463149e-04	1.461369807726368498e-04	4.901662795377878512e-05	-1.991100146763907547e-04	-6.853865049525943460e-04	-4.432393678411337761e-05	2.482640889456569380e-05	3.162999704881378253e-05	-2.431378993513750968e-04	1.128469235889903585e-09	-9.482552418341096568e-04	-5.017129545803265377e-04	4.895522229272947928e-05
7.493206614008392569e-06	-2.957744186328736933e-06	-9.796237732607870213e-05	-2.399001378005775523e-05	-3.175853996743037736e-05	-6.684847095288729165e-11	-2.229320577356639393e-07	-7.483178845102767129e-06	-6.145832994292277579e-05	-7.951207566880322101e-06	6.658063287148219245e-05	1.287558094412415014e-04	7.913700231837377604e-05	1.703251094402575085e-04	4.228030637488932057e-05	-6.776028607062750187e-05	-8.380532345095791352e-05	2.780796062891143232e-05	6.686587085158788137e-05	1.773269707728563098e-04	2.434361987745486109e-05	6.842070463826525645e-05	-1.832650177995987340e-07	-6.005341396505984179e-06	-3.038749510684687270e-06	7.285064201767511780e-06	4.474528313130713066e-06	7.280333162801989647e-06	-7.023102822084699068e-05	6.962735055705124494e-06	1.983302147102682485e-05	-1.524390643551704798e-05	1.557258536940942613e-04	5.364717793453977943e-05	1.386013866736597017e-05	-8.364602783898783403e-05	-8.534094396249445016e-06	-4.023107605449490764e-06	7.544528164174079277e-05	3.418763560542158327e-05	0.000000000000000000e+00	-1.406243414807286773e-05	-3.361415802332250256e-05	7.400794212870955816e-06	-3.972074801546645435e-05	4.678720925716125210e-05	3.794733768929104800e-05	-9.216884067788714261e-05	-1.937894166537277996e-05	6.157956864797991484e-05	-5.004629923125980789e-05	2.121889819733797076e-05	-4.764378889448392265e-05	4.133259318353018502e-05	1.882811455393845147e-05	-8.948314234763369082e-06	-1.256239910766176104e-04	-4.778296332020762438e-05	5.401090283735756806e-06	5.371627994401448791e-05	2.359916795880979924e-05	-5.423560739849620329e-05	-2.008288087877857769e-04	-6.305816310069002270e-05
5.454396336969876725e-04	-1.749296824648392714e-04	-1.729408658123598574e-04	-3.662805505277230960e-04	8.680441908112332405e-05	-1.703247380557305359e-04	1.881395761939714441e-05	-1.334078095805227293e-04	-7.429522231209312474e-05	6.380548703319533844e-05	6.519723975707397961e-04	5.772228596233028623e-05	9.305731445550049791e-04	2.277986472448234687e-10	-2.351614966496966904e-04	-4.010152169768789639e-04	5.937143297017327879e-06	4.488228926379021592e-04	9.664792117515729961e-04	4.034672817229268251e-05	3.297329538112228273e-04	-4.304501829834291498e-05	-1.530196447017831223e-04	3.644443890782884905e-05	-3.405105374614585080e-04	5.179532846877378809e-05	4.291684645272221164e-05	2.073834203191566531e-05	-6.655512476398287936e-05	-3.472523635850159780e-04	-6.019958262404457704e-04	1.135826194284584071e-04	5.428680852033275142e-05	8.581753912925767658e-04	3.485638162656004438e-04	-5.480326016640246328e-05	-8.157179821733829173e-05	-1.099052866382904811e-04	-6.365804400209995704e-05	5.020369947841370932e-04	1.406243414807286773e-05	0.000000000000000000e+00	4.214061081304508113e-06	-3.876719950811490130e-04	4.593560917856163908e-05	-8.619933302948384890e-04	-4.178664326661805798e-04	3.089855145044058328e-05	3.602336312185909105e-04	-2.031060458296589052e-04	-2.782794078935842076e-05	-8.475425380272487950e-04	1.008663663834123442e-04	-7.344125661891708935e-04	-2.127585948129368182e-04	-1.566723637114112561e-04	-7.719224349386332590e-05	-5.627429767462062415e-04	3.512222346512579844e-05	1.723726665131124517e-05	5.127745173286093333e-04	-2.498634276337647329e-05	-1.035804297253690390e-04	-1.167611820539542818e-03
2.165212620212994695e-04	-1.924199421626803810e-04	-8.350804873462432836e-05	-4.683815990133266798e-05	1.181794565319118647e-04	-6.841976473545436093e-05	-5.718702125505764351e-05	-1.597444326910452865e-04	4.890798131159660898e-05	1.597521255437421074e-04	2.024040090721186485e-04	1.254031765723055731e-05	7.349505965014135325e-05	4.304478195118651687e-05	-9.111365712011079029e-06	1.180862880921343302e-04	6.817652030268578876e-05	2.761901554986323048e-04	2.432912432150934360e-04	3.787421582432031955e-05	-3.703304987414143378e-05	-1.144342672868146931e-10	-6.701465102727549757e-05	1.122112362874022558e-04	-1.416769312686364012e-04	8.015603732229318787e-05	3.260652701969952061e-05	3.723195115307509416e-05	-9.665336606024777194e-05	-6.110806984819166848e-05	-1.524943761866215473e-04	1.384476844511142322e-04	3.715976555384170198e-05	1.629535959528382628e-04	5.574210976506355041e-05	-3.102242948537130767e-06	-5.889451373844904145e-05	-5.840749549243828321e-05	-5.932974602731462516e-05	9.840634806814490989e-05	3.361415802332250256e-05	-4.214061081304508113e-06	0.000000000000000000e+00	-1.087737426623907287e-04	3.471758109732528755e-05	-3.084131042583461001e-04	-1.233529770151818323e-04	-3.483114001579139994e-05	1.928616422473912375e-04	-2.137063895583312886e-04	-2.893399526461995787e-05	-2.758803531740399752e-04	7.924749110008576388e-05	-3.145059692498450689e-04	-1.061047682295247123e-04	-1.823201921984103201e-04	-6.232794336453981345e-06	-6.216104397292602536e-05	2.781958055104744726e-05	-6.319951817527718458e-05	1.233976572372463680e-04	-9.066181239823691701e-05	-5.189696380050841590e-05	-1.722235137098607498e-04
-7.072373694120360002e-04	5.618750292688432998e-04	1.069434991041185931e-03	3.014925583992059360e-04	3.376013213146516253e-04	-6.961460342837545858e-06	-3.639259816033330367e-04	4.472985708706368670e-05	6.851522161653029585e-04	9.283727715151756201e-05	1.340595320409170856e-04	-9.521236289058240701e-05	1.848632449496545084e-04	3.472440986909912765e-04	1.063900221986864656e-03	1.803141633637370228e-05	1.115986158610322160e-03	2.111948733386181639e-04	4.836948278560671260e-04	-3.050442840408731536e-04	2.823069245148321664e-04	6.110309433392011155e-05	5.629996977225823008e-04	-6.771588208803116930e-05	3.007632556908934867e-04	-5.191090210098672059e-05	-2.481732840411592696e-04	-1.117435754895254905e-04	-2.779195620561916887e-04	-9.751848202398653203e-10	3.206851956694598796e-04	1.937228918909039992e-04	2.746117127986985552e-04	2.143509518740139967e-04	2.909414300319050151e-04	-2.265020355894171631e-04	1.753782276300649306e-04	-1.746504483597484609e-04	5.689344558979119896e-05	-1.582806362959707832e-04	-7.400794212870955816e-06	3.876719950811490130e-04	1.087737426623907287e-04	0.000000000000000000e+00	-1.393045125960940228e-04	-1.199389064460414794e-05	-4.098604586265765584e-05	5.156635348546982633e-04	-3.563424489605194210e-04	1.029905028678919929e-03	6.060823130728250178e-04	3.267694304298599688e-04	6.940205982826268901e-05	-2.146212248314157840e-05	-1.810395842350425864e-04	3.263651177535084515e-04	1.368226060800744595e-04	1.277952704652074597e-05	-7.526702439393257588e-05	7.365360452188179311e-05	-1.150077207774230763e-04	5.042487355676220041e-04	3.845417276437912120e-04	5.996562986916130348e-05
-1.831535072950355887e-05	-2.067328940127493545e-04	-3.010329275623222661e-05	2.016970265357425469e-04	1.194842138673066732e-04	4.024910686778260020e-06	-1.168350719221118771e-04	-1.701316592664793136e-04	1.302703126760122634e-04	1.999075882275154524e-04	-1.684190747417884976e-04	1.459001780731250685e-05	-5.955983663452823693e-04	1.099046503172593225e-04	2.241507435512881134e-04	5.553378263004185361e-04	1.022658769208341627e-04	1.721812321208480523e-04	-2.787503469330888375e-04	6.278208489342645905e-05	-3.212539755688201943e-04	5.840759221813404125e-05	3.420493361146376593e-05	2.237112701078595002e-04	5.125854051092276569e-05	9.352234278356199595e-05	1.059069277725863181e-05	3.218969266688377021e-05	-1.202783944781493132e-04	1.746484320062712632e-04	2.074998239855303198e-04	1.490967690053788359e-04	2.640218491713077390e-05	-3.234086861040116759e-04	-1.596983923657569653e-04	2.997837595931743292e-05	1.190624336897319873e-07	6.274079720334542346e-10	-4.309646685098353954e-05	-2.218200922396250776e-04	3.972074801546645435e-05	-4.593560917856163908e-05	-3.471758109732528755e-05	1.393045125960940228e-04	0.000000000000000000e+00	1.474854059122605789e-04	8.514750509007041181e-05	-9.177694893131370477e-05	9.459204133956522606e-05	-2.649363523365279131e-04	-8.076135637506649595e-05	2.008721025945043952e-04	2.633360038107993129e-05	7.753463670380910820e-05	8.373934257907758916e-06	-1.822065362852877944e-04	4.596737861881819811e-05	3.131442804362548479e-04	5.099717985278424959e-05	-1.090889622025625097e-04	-1.980833189265907240e-04	-1.566320782346154283e-04	-4.735929416438594325e-06	5.859663100950280451e-04
-1.404713055385719807e-03	1.074030979572238552e-03	2.038867141556202287e-03	6.077520401100641734e-04	7.313670251162540398e-04	-4.678485849623249544e-05	-7.299109188433976995e-04	2.497216012151333249e-05	1.074036051546025262e-03	1.859703371495020116e-04	4.751619335455608282e-04	1.234339853079507914e-05	5.394990088544164737e-04	8.619766328102199983e-04	2.285868670013760547e-03	-1.027834805855920350e-05	2.038870701054298733e-03	4.751638207400219155e-04	1.174271796491079423e-03	-4.310076193141917965e-04	6.397170379691182341e-04	3.084028840236934877e-04	1.348747196880595994e-03	-8.778971551119096862e-05	6.077485825237798327e-04	1.235356251773306218e-05	-4.309894454386775913e-04	-2.445686655401708466e-04	-6.678044431994555746e-04	1.199175591048746116e-05	6.563349425991486449e-04	4.426706240540861188e-04	7.313522310131513170e-04	5.395028635547013517e-04	6.397191475578975061e-04	-6.678056440365564466e-04	3.610087982957345398e-04	-1.474898445600448887e-04	2.680552650460517371e-04	-1.922491017812248009e-04	-4.678720925716125210e-05	8.619933302948384890e-04	3.084131042583461001e-04	1.199389064460414794e-05	-1.474854059122605789e-04	0.000000000000000000e+00	-5.987779699511558418e-05	7.758414734082164782e-04	-7.299136659638986134e-04	2.285868110775711014e-03	1.348750452923963648e-03	6.563405728080535335e-04	2.680652517276210095e-04	-5.987498184101833557e-05	-3.299565083211193108e-04	5.531819032762929841e-04	2.498216060453312348e-05	-1.027985084928093154e-05	-8.779134820701361107e-05	4.426667839994136546e-04	-1.922512033169317580e-04	7.758411478885954542e-04	5.531996629570022162e-04	3.250820283787156801e-05
-6.855826021429106297e-04	4.947198916996863299e-04	9.281394830982696385e-04	2.972653981747122847e-04	3.601310166637662581e-04	-4.133142523494506284e-05	-3.491168623257661957e-04	1.280229887467707087e-05	4.779564189482559452e-04	4.761135337556035585e-05	2.802065098100330227e-04	1.631058823488916009e-04	3.733645522870248680e-04	7.344048199743717382e-04	1.162116497628363360e-03	-1.142371122974524488e-04	9.343959339254125649e-04	2.173165274816354691e-04	6.300168253388746704e-04	5.357791063862115614e-05	3.598122319602823521e-04	3.145011866593679919e-04	6.794126766289270477e-04	-5.861903409976029674e-05	2.963661325573235176e-04	2.016834237464104244e-05	-2.464566806484174972e-04	-1.253299506927210314e-04	-4.723800316822975194e-04	2.146238676737364029e-05	3.257161535393053847e-04	2.710837272145888736e-04	6.191019520238073837e-04	2.908919089927609891e-04	3.444816470651825197e-04	-4.155799375401361424e-04	1.883044290485918256e-04	-7.753674124975582784e-05	2.683852967781502315e-04	-5.457266564294593317e-05	-3.794733768929104800e-05	4.178664326661805798e-04	1.233529770151818323e-04	4.098604586265765584e-05	-8.514750509007041181e-05	5.987779699511558418e-05	0.000000000000000000e+00	3.212662514312820006e-04	-3.745394592882691056e-04	1.203265363738691097e-03	6.682032584437483077e-04	3.768083637424228614e-04	1.223722251599734974e-04	1.321157710524987908e-09	-1.340770479563622942e-04	2.866058334230126752e-04	-1.640527568659155703e-04	-3.664562839921357731e-05	-1.972916953711044533e-05	2.721164804397720942e-04	-4.901690329143136517e-05	3.887953660148009806e-04	-1.731325474119358847e-05	-6.952694359630665240e-05
4.979367841695630896e-04	-7.493508203035417542e-05	-6.173490764036704194e-05	-2.587991567261346609e-04	-1.276732926366485514e-04	5.423564515779997076e-05	3.480637514192779468e-04	2.261373102675946637e-05	-2.768897826941012609e-04	-5.863382684072666369e-05	8.468957904704025284e-04	1.376865421118643332e-04	1.903212390673896057e-03	2.498669333963531586e-05	-4.133595669466539821e-04	-8.505428712558000658e-04	-2.382383697963022409e-04	7.034591787729112169e-04	1.606890285570386056e-03	2.279029768706365071e-04	9.723469500680110428e-04	9.066142842820417314e-05	-7.749445923728600326e-05	-4.089783501960343482e-05	-2.197236861012650047e-04	1.083874702296684130e-05	-2.140244801841950892e-05	-1.176578360763763463e-04	6.016779392817536053e-05	-5.042491567287806864e-04	-5.941582341965389105e-04	2.389043231021508167e-05	-5.019549744519152080e-05	1.653019957796395944e-03	6.139271576722298788e-04	2.640467057048643770e-04	-6.885206969452665007e-05	1.566308333564619048e-04	6.221530177452739099e-05	9.447304509862964467e-04	9.216884067788714261e-05	-3.089855145044058328e-05	3.483114001579139994e-05	-5.156635348546982633e-04	9.177694893131370477e-05	-7.758414734082164782e-04	-3.212662514312820006e-04	0.000000000000000000e+00	4.175739033583039271e-04	-2.035215301320724552e-05	7.349519307484766810e-05	-7.179661110980942694e-04	-5.813172636986950866e-06	-3.887955197466513640e-04	1.704540742646544623e-05	7.345257031447597078e-05	-1.089110176436016418e-04	-1.075445684107148494e-03	-2.565840029439974646e-06	8.584366139909372132e-05	9.482550896519944400e-04	5.443175037736592355e-11	-1.833337669947383798e-04	-2.055118187326590747e-03
2.631219856313612605e-05	-4.154030276418785392e-04	-1.056638704741524621e-03	-1.497359372409211122e-05	-2.934971041966318852e-04	2.216755006039162722e-07	-1.246325215975717499e-09	1.177465195670765950e-05	-5.849623471027574125e-04	-9.053666612853029428e-05	1.406810042978365858e-04	2.337122747635465110e-04	5.341000134076248629e-04	-1.880619253180410759e-05	-9.343595024714986029e-04	-3.925869788949101161e-04	-9.583527599240527096e-04	1.208933453994601008e-04	2.095807940682349493e-04	4.840778977320261620e-04	5.706142360996450382e-05	5.719175345868441587e-05	-4.901981491923419233e-04	2.017603962786860465e-05	1.267309886360111181e-05	-5.184936313231555617e-05	2.018266231718057182e-04	1.633505614526186496e-04	1.202656097379197967e-04	3.639282558822428196e-04	4.038342937616690121e-04	-2.752306530170130824e-04	4.496037025091899786e-05	5.010887782134802130e-04	4.578451783093056800e-05	9.544573897490327434e-05	-2.042851410372774649e-04	1.168371649137800531e-04	1.214016281510990055e-04	4.721745417782865768e-04	1.937894166537277996e-05	-3.602336312185909105e-04	-1.928616422473912375e-04	3.563424489605194210e-04	-9.459204133956522606e-05	7.299136659638986134e-04	3.745394592882691056e-04	-4.175739033583039271e-04	0.000000000000000000e+00	-9.550941761656867209e-04	-7.433604063626095618e-04	3.881926064782199523e-04	-1.890061107080009527e-04	3.491168548380948512e-04	1.424746748890355988e-04	-2.749603348505833336e-04	-2.380337680350964207e-04	-3.712263967192440438e-04	4.059161174916034632e-05	-3.805069431854260476e-05	5.056274262386830504e-04	-3.480636553145507973e-04	-6.011907958072162765e-04	-8.562235270944335615e-04
1.916645309475968097e-03	-2.155657059623989995e-04	-2.327963195960216429e-04	-1.101691881403814213e-03	1.641489664184609036e-05	-4.228063430305935852e-05	9.343593427835954028e-04	-1.243163895998353782e-04	8.702206466091978797e-05	-6.195990016268590596e-06	8.737242943638577099e-04	4.557223319039223808e-05	1.573144012533427265e-03	2.351616446481596761e-04	-5.599091845682547045e-10	-7.589577835701438735e-04	1.606087085760878237e-05	5.542783907461284413e-04	1.420846712323546633e-03	1.457612636232891081e-04	7.059376642058788967e-04	9.111603772051341904e-06	-1.251429517304696233e-04	2.273923989483036672e-05	-1.065311749022913130e-03	2.060931925664796012e-04	3.227400265439613275e-04	4.885609496993368564e-05	2.237455800015817221e-04	-1.063899795476082669e-03	-2.125298715936839618e-03	1.486959313337373563e-04	8.107396764098025632e-05	1.485529392285474476e-03	5.874236817475218288e-04	3.342288837859977533e-05	-9.491532428617028595e-05	-2.241505485654783614e-04	-4.801281232146625074e-05	1.015905114039469381e-03	-6.157956864797991484e-05	2.031060458296589052e-04	2.137063895583312886e-04	-1.029905028678919929e-03	2.649363523365279131e-04	-2.285868110775711014e-03	-1.203265363738691097e-03	2.035215301320724552e-05	9.550941761656867209e-04	0.000000000000000000e+00	1.343773489504193998e-04	-2.174996922235562444e-03	1.396038654578594289e-04	-1.162116995718305915e-03	-1.035270570432742789e-04	-1.056333630568393085e-04	1.030559238570906300e-05	-8.108361609511639638e-04	2.593964587744685232e-05	-1.486492586269252543e-05	7.101560650064702405e-04	4.133589541012788401e-04	2.107892006937790773e-05	-1.806480200035847326e-03
1.155323793364697923e-03	-2.075235575442396839e-04	-8.115745327063811419e-05	-4.635174150344339452e-04	6.245646972396118367e-05	1.850522344588956470e-07	4.901997704229569576e-04	-1.505496833628441606e-04	8.550327549655651433e-05	1.901848814545302772e-04	2.820782415533996295e-04	4.578308833104487640e-05	2.637790364489492291e-04	1.530189192680855262e-04	1.251426195777030962e-04	1.740292815191366396e-04	1.044664290324232210e-04	4.098655876645075852e-04	4.298348561003684709e-04	1.091455297939342541e-04	1.310846413590370670e-04	6.701456818963678506e-05	2.111229067190380703e-10	1.862517101811967714e-04	-5.699799052056196344e-04	1.357943898527316209e-04	7.823885671280402941e-05	9.470884159827621553e-06	-4.068842242569240821e-05	-5.630012507553351555e-04	-1.125365225833012146e-03	1.603874795244911947e-04	-2.993675836677503027e-05	3.847157935813666279e-04	1.031772486742168029e-04	1.544149252347595380e-04	-4.398740660853548773e-05	-3.420412093971418924e-05	-8.249002540176085898e-05	2.741745654817454893e-04	5.004629923125980789e-05	2.782794078935842076e-05	2.893399526461995787e-05	-6.060823130728250178e-04	8.076135637506649595e-05	-1.348750452923963648e-03	-6.682032584437483077e-04	-7.349519307484766810e-05	7.433604063626095618e-04	-1.343773489504193998e-04	0.000000000000000000e+00	-1.217970610782417558e-03	4.667435864319610835e-05	-6.794145532231215395e-04	-4.920901172736114352e-05	-1.215108348896383472e-04	5.029044243928835285e-05	-1.824990641289211154e-04	2.562438429949004810e-05	-5.326281193822511519e-05	1.517903678954093494e-04	7.749324824783882827e-05	6.610831040430211326e-05	-3.533688480994514073e-04
-7.996883749625345508e-04	1.155342369480042439e-03	2.029189174135736899e-03	3.235444664424781658e-04	7.118553827731681494e-04	-1.983054167801237251e-05	-4.038289535888804497e-04	6.537829594233817744e-05	1.189966440946372498e-03	2.003882994610540103e-04	1.023472796009152028e-04	-1.646881977983277040e-04	-2.211135478431216117e-04	6.019784178375288744e-04	2.125299212612789986e-03	3.704093382333701148e-04	1.937710380047604972e-03	1.954176039748844855e-04	4.871288823825029772e-04	-5.231247554027779016e-04	3.145056819926418017e-04	1.524836246236050330e-04	1.125361294313360645e-03	-8.332358056270179646e-05	3.508214337620980386e-04	-3.369490242347536241e-05	-3.638401610982025264e-04	-2.708084827380779049e-04	-5.005577694821297056e-04	-3.206900360022892516e-04	-5.729644644885322977e-09	2.713512938968817368e-04	4.603631255925754394e-04	-1.548239288682931320e-04	3.501162403714960162e-04	-4.068246318769385425e-04	3.842486485286207912e-04	-2.075047063220730520e-04	1.038256850377570594e-04	-5.868589103082463149e-04	-2.121889819733797076e-05	8.475425380272487950e-04	2.758803531740399752e-04	-3.267694304298599688e-04	-2.008721025945043952e-04	-6.563405728080535335e-04	-3.768083637424228614e-04	7.179661110980942694e-04	-3.881926064782199523e-04	2.174996922235562444e-03	1.217970610782417558e-03	0.000000000000000000e+00	2.374271419681116529e-04	-3.257158502609864767e-04	-3.074650353378328505e-04	4.775465167442969542e-04	2.094545600327898135e-04	3.475065697185663531e-04	-1.045816084691488255e-04	1.524331775667074813e-04	-5.470935110713415119e-04	5.941577677453749751e-04	6.630864411654216993e-04	8.764367986268168818e-04
1.579262047637545823e-04	-1.032693949185018887e-04	-1.161636949651132474e-05	-4.366847442378496880e-05	3.468759298683338503e-05	-7.544424032726389944e-05	-1.213970275035895649e-04	-7.976400229531927996e-05	-5.053082812040274920e-05	1.131975555519289982e-04	3.050990561560380112e-06	7.935336013143164482e-05	-3.165763506226556374e-04	6.365775932354032795e-05	4.801321557700381477e-05	3.319520064235014834e-04	1.175111256417663258e-04	7.631893024039173917e-05	-1.249170832221620686e-04	2.876517840326408540e-05	-2.114711631731260207e-04	5.932970853743391848e-05	8.249056532274272454e-05	1.380150530322968284e-04	-6.972337097405871943e-05	7.044048561557249896e-08	-1.057963995131385831e-04	3.027565584920986503e-05	-1.326271244804376383e-04	-5.689838940968260328e-05	-1.038362770216751438e-04	1.109316108752946565e-04	6.457091632171209784e-05	-2.251907251330203109e-04	-1.365209686378395350e-04	-3.755774714671563031e-05	9.562535653314919204e-07	4.309703604768561308e-05	9.953579256440249620e-11	-1.461369807726368498e-04	4.764378889448392265e-05	-1.008663663834123442e-04	-7.924749110008576388e-05	-6.940205982826268901e-05	-2.633360038107993129e-05	-2.680652517276210095e-04	-1.223722251599734974e-04	5.813172636986950866e-06	1.890061107080009527e-04	-1.396038654578594289e-04	-4.667435864319610835e-05	-2.374271419681116529e-04	0.000000000000000000e+00	-2.683899835199528251e-04	-1.160438019828482543e-04	-2.884692259710430577e-05	-7.236114294852238416e-05	1.224332606933435652e-04	6.003859917852412192e-05	8.300898350540569901e-05	-1.057531531599319912e-04	-6.221546439841483763e-05	-3.387881945504702124e-05	2.613218282538090306e-04
-6.855798548000402838e-04	4.779541605830601395e-04	9.343943929337818243e-04	2.963664570971063150e-04	6.191089169948957565e-04	-3.794626434953750479e-05	-3.745368736612906852e-04	-1.640574632824571069e-04	4.947222109991251384e-04	4.761132150302389897e-05	2.173151130081832306e-04	2.016337456652077809e-05	2.908887416309472438e-04	4.178581598213702321e-04	1.203265523797236291e-03	-3.664423374819671217e-05	9.281409468239894787e-04	2.802068645166628136e-04	6.300156444239010060e-04	-2.464654984257280647e-04	3.444801115635543289e-04	1.233479382463456846e-04	6.682015967860392008e-04	-1.972830749187790881e-05	2.972624645725768203e-04	1.631105606320272950e-04	5.358609684732081735e-05	-1.253299678446944494e-04	-4.155798886939080275e-04	4.098375889861798283e-05	3.768028226979633312e-04	2.721185285854464220e-04	3.601235559858368589e-04	3.733650944941119851e-04	3.598126475173867586e-04	-4.723803807499860107e-04	1.883046141618036399e-04	-8.514962364421677457e-05	1.223672626597635299e-04	-4.901662795377878512e-05	-4.133259318353018502e-05	7.344125661891708935e-04	3.145059692498450689e-04	2.146212248314157840e-05	-7.753463670380910820e-05	5.987498184101833557e-05	-1.321157710524987908e-09	3.887955197466513640e-04	-3.491168548380948512e-04	1.162116995718305915e-03	6.794145532231215395e-04	3.257158502609864767e-04	2.683899835199528251e-04	0.000000000000000000e+00	-1.340770218360749105e-04	-1.732123509510532199e-05	1.280723973418149914e-05	-1.142371008814514917e-04	-5.861962284493748649e-05	2.710818535440510327e-04	-5.457432234925388025e-05	3.212660963870394735e-04	2.866146172915338378e-04	-6.952540988649359808e-05
-2.697057542015744236e-04	-4.554544603089136123e-06	-2.970400084591846759e-05	1.301064719767709298e-04	2.040633493518928879e-04	-1.882801693178231422e-05	-1.424744652870330963e-04	-8.409970939394652138e-05	-4.552460918807423924e-06	-2.392852245906024601e-05	1.420244904156967481e-04	8.180509354940278266e-05	3.598807859278940302e-04	2.127582906722470801e-04	1.035268908727604337e-04	-1.858005561073353552e-04	-2.970401730368839161e-05	1.420245031185932627e-04	3.570204752949570856e-04	1.330171049400683848e-04	1.924144038601339384e-04	1.061036870801169193e-04	4.920673467401039179e-05	-8.232467987385397849e-06	1.301064990542334892e-04	8.180622509579898376e-05	1.330173789614478110e-04	2.030340193368808255e-05	-1.484222571180937936e-04	1.810393694810000752e-04	3.074649389948903291e-04	4.846208395473935787e-05	2.040628892133138474e-04	3.598808974559784325e-04	1.924143754292729743e-04	-1.484219460287477784e-04	-3.204742920658567104e-06	-8.376041612183505986e-06	1.160426233038161107e-04	1.991100146763907547e-04	-1.882811455393845147e-05	2.127585948129368182e-04	1.061047682295247123e-04	1.810395842350425864e-04	-8.373934257907758916e-06	3.299565083211193108e-04	1.340770479563622942e-04	-1.704540742646544623e-05	-1.424746748890355988e-04	1.035270570432742789e-04	4.920901172736114352e-05	3.074650353378328505e-04	1.160438019828482543e-04	1.340770218360749105e-04	0.000000000000000000e+00	-1.644739814628992289e-04	-8.409842578092831689e-05	-1.858004178741161317e-04	-8.232432091748172973e-06	4.845964352931351484e-05	1.991098624591072720e-04	-1.704542552874397927e-05	-1.644735992892714153e-04	-3.907666971416871166e-04
5.852654244531811135e-04	-3.596335551231828178e-05	-3.941472935703798714e-05	-2.621845160773650287e-04	-6.961560526440749926e-05	2.008282454995496806e-04	6.011826177587712393e-04	1.807863844807734314e-05	6.117518053230440683e-05	-7.486336635092456337e-05	3.679621301951834628e-04	-2.163912668190156891e-05	1.137964773964757724e-03	1.035801276398619309e-04	-2.108017462734641166e-05	-5.762034424739568466e-04	-1.672027598931731009e-04	3.405416802371353689e-04	8.600686869723828077e-04	1.622664723438619889e-04	6.355546999519609552e-04	5.189693074177322322e-05	-6.610896751039142176e-05	-4.583326623809258677e-05	-2.822714490303391242e-04	1.207637479297373585e-04	2.390886894676152552e-04	-3.102654643150147795e-05	2.612622070729942294e-04	-3.845330112401668370e-04	-6.630680127105656203e-04	-2.377039402536188309e-05	-6.105818300791120417e-05	1.048806493182264776e-03	4.012769922776158668e-04	2.465034383967994614e-04	-4.344663656536515466e-05	4.735672672426568550e-06	3.387896291928420181e-05	6.853865049525943460e-04	8.948314234763369082e-06	1.566723637114112561e-04	1.823201921984103201e-04	-3.263651177535084515e-04	1.822065362852877944e-04	-5.531819032762929841e-04	-2.866058334230126752e-04	-7.345257031447597078e-05	2.749603348505833336e-04	1.056333630568393085e-04	1.215108348896383472e-04	-4.775465167442969542e-04	2.884692259710430577e-05	1.732123509510532199e-05	1.644739814628992289e-04	0.000000000000000000e+00	7.935108403382486772e-05	-5.100473389590758858e-04	-2.373884216920235830e-05	-1.206393368315427143e-04	5.017151467396016064e-04	1.833328767020265941e-04	-4.259937578130422973e-10	-1.130246075696992626e-03
1.359711335788918473e-04	4.767854211649996546e-05	-9.378483124834294010e-05	-4.538323787423990708e-05	7.383372780983797352e-05	7.484406165255479636e-06	-1.176960851293423700e-05	-1.461269632196498776e-10	-2.390828599055996127e-05	-1.166772584015412340e-04	-1.503295801315947711e-04	7.983500796763896975e-05	1.296024916602474643e-04	1.334070799760801122e-04	1.243166852729337421e-04	-6.266399623324473605e-05	-3.434830754337336726e-05	-5.705591833526424595e-05	2.324891458282575467e-05	1.805433364910138407e-04	5.207003255663670904e-05	1.597444516711985104e-04	1.505506384493518989e-04	-5.185383919441496767e-05	-1.095012876820317143e-04	-1.501576277803265625e-05	8.806923155937150375e-05	8.284309262329189575e-07	2.263544707553892548e-05	-4.473421394797035173e-05	-6.538902651420172986e-05	-5.884953940885932701e-05	-1.055829685210710753e-05	2.214519163394039914e-04	1.551891688366968691e-04	1.870334091478000819e-04	-1.408230072238783830e-05	1.701326001408661782e-04	7.976461068393060649e-05	4.432393678411337761e-05	1.256239910766176104e-04	7.719224349386332590e-05	6.232794336453981345e-06	-1.368226060800744595e-04	-4.596737861881819811e-05	-2.498216060453312348e-05	1.640527568659155703e-04	1.089110176436016418e-04	2.380337680350964207e-04	-1.030559238570906300e-05	-5.029044243928835285e-05	-2.094545600327898135e-04	7.236114294852238416e-05	-1.280723973418149914e-05	8.409842578092831689e-05	-7.935108403382486772e-05	0.000000000000000000e+00	-2.629446351431849352e-04	-1.431674876684370791e-04	4.947196039119554009e-06	9.342711944305775139e-05	-2.261474958795736922e-05	-1.807876624637010446e-05	-1.574183065927244507e-04
6.753617233382571035e-04	2.276059824657777322e-04	1.172706194804388634e-04	-3.091379156788042837e-04	2.399891924238165613e-05	6.775976995456469115e-05	3.925856100817385827e-04	6.266925073047756442e-05	4.218975406102116695e-04	1.207814940513484510e-04	3.329477964506094524e-04	-1.149191147986699076e-04	3.358663557458450941e-04	4.010163075126859126e-04	7.589565872595596414e-04	1.525024059591351751e-09	-1.400252903288379583e-04	3.624968649278798808e-04	8.193367963666878077e-04	-1.262670604030805704e-05	3.853750211315458158e-04	-1.180820978205740003e-04	-1.740220395431872689e-04	5.209766659351408500e-06	-2.817368487969280758e-04	7.123833819030259671e-05	1.244549162646223224e-05	1.348914421014909886e-04	-6.653447470214714872e-05	-1.802999432815380332e-05	-3.704067578521142790e-04	2.696075557301060260e-04	-1.777896885513651501e-04	3.583750196863214445e-04	3.805465622600299287e-04	1.760066096615133934e-05	1.871541097809524806e-04	-5.553305498868422617e-04	-3.319474636604307673e-04	-2.482640889456569380e-05	4.778296332020762438e-05	5.627429767462062415e-04	6.216104397292602536e-05	-1.277952704652074597e-05	-3.131442804362548479e-04	1.027985084928093154e-05	3.664562839921357731e-05	1.075445684107148494e-03	3.712263967192440438e-04	8.108361609511639638e-04	1.824990641289211154e-04	-3.475065697185663531e-04	-1.224332606933435652e-04	1.142371008814514917e-04	1.858004178741161317e-04	5.100473389590758858e-04	2.629446351431849352e-04	0.000000000000000000e+00	-1.908050061846382848e-06	-1.178855760830625743e-04	-3.628683167569007884e-05	8.505422694478062193e-04	5.762009338570231974e-04	3.239505038454479346e-05
-9.103975804436750493e-05	2.714589564807321572e-05	4.708145584189917543e-06	5.652891581326722006e-05	-3.305940729925638429e-05	6.005244789335006891e-06	-2.017674705311091874e-05	5.185495301741069665e-05	1.941496851313562308e-04	5.591964510117636996e-06	6.172278609017070236e-06	-1.070406264217747274e-04	-6.131980660484728633e-06	-3.644210203163772421e-05	-2.273953761213094388e-05	-5.208617346132323928e-06	1.801842182617518199e-05	2.992535884238922288e-05	1.688923602367592205e-05	-3.567693503367819902e-05	4.151504064352299111e-06	-1.122098399195011468e-04	-1.862512670907788179e-04	-9.453587050633045991e-11	6.742275910738752365e-05	-2.414005414826887920e-05	-2.048351337580738712e-05	8.534986046659576099e-06	-4.140120602690227195e-06	6.771660378675244791e-05	8.332513763935521446e-05	-2.198659350211556584e-05	-4.609895986755478166e-05	-8.117561765924516246e-06	-8.731553071647102772e-06	9.408071662133892706e-06	1.742651947836903158e-05	-2.237104898542473458e-04	-1.380135587273944101e-04	-3.162999704881378253e-05	-5.401090283735756806e-06	-3.512222346512579844e-05	-2.781958055104744726e-05	7.526702439393257588e-05	-5.099717985278424959e-05	8.779134820701361107e-05	1.972916953711044533e-05	2.565840029439974646e-06	-4.059161174916034632e-05	-2.593964587744685232e-05	-2.562438429949004810e-05	1.045816084691488255e-04	-6.003859917852412192e-05	5.861962284493748649e-05	8.232432091748172973e-06	2.373884216920235830e-05	1.431674876684370791e-04	1.908050061846382848e-06	0.000000000000000000e+00	-1.956484164403006270e-04	-2.522374181136443990e-05	4.089739512344103074e-05	4.583037376069641069e-05	3.433633832836494195e-05
2.318931355217111463e-04	-4.801614953944111476e-05	3.598094932414186393e-05	-1.161270836756745381e-04	-1.711045768557944622e-04	1.524156197459879747e-05	2.752283661292076553e-04	5.884966118206492764e-05	8.228621926979528804e-06	1.977169202572118126e-04	5.048469647718873635e-04	-3.707899955482897515e-05	5.243134308948402007e-04	-1.135824476677980250e-04	-1.486957549739277877e-04	-2.696175013735654848e-04	7.724549854419982941e-05	3.413695498584945693e-04	5.614144314804028280e-04	-1.374436248031800920e-04	1.725319392395705507e-04	-1.384485858716318074e-04	-1.603893042587332105e-04	2.198633116136132959e-05	-3.030173814190735535e-05	4.768876414416403664e-05	2.597442481663794805e-05	-1.631601903436496993e-05	1.922337695052155028e-04	-1.937211672402590194e-04	-2.713465296419547519e-04	3.523616517053642717e-10	-4.855061688891825156e-06	4.018424589954574383e-04	1.945016383607278579e-04	-1.559610340234146532e-04	-4.716463729154772425e-05	-1.490985600672313223e-04	-1.109330820910379908e-04	2.431378993513750968e-04	-5.371627994401448791e-05	-1.723726665131124517e-05	6.319951817527718458e-05	-7.365360452188179311e-05	1.090889622025625097e-04	-4.426667839994136546e-04	-2.721164804397720942e-04	-8.584366139909372132e-05	3.805069431854260476e-05	1.486492586269252543e-05	5.326281193822511519e-05	-1.524331775667074813e-04	-8.300898350540569901e-05	-2.710818535440510327e-04	-4.845964352931351484e-05	1.206393368315427143e-04	-4.947196039119554009e-06	1.178855760830625743e-04	1.956484164403006270e-04	0.000000000000000000e+00	3.370498851965596254e-04	-2.388878992096432472e-05	2.377151013586563822e-05	-5.205224982379153768e-04
-8.767447461075193477e-04	-1.349061531773096618e-04	5.740547187157630138e-05	3.715709592178199688e-04	9.101582355042628152e-05	-3.418720445916910802e-05	-4.721746774842470974e-04	-4.432911328595871370e-05	-1.773785600272722858e-04	-1.341653509758095866e-04	-3.441960038036874091e-04	-9.497028416052122465e-05	-3.561653254538505852e-04	-5.020384864455997367e-04	-1.015904495720066324e-03	2.482596571331641637e-05	2.088459571257783023e-05	-3.463767132919403973e-04	-7.996328247251697661e-04	6.451809451201444723e-05	-3.629833648329413003e-04	-9.841085134019820916e-05	-2.741827295320573617e-04	3.162861924185678283e-05	4.106557807515078288e-04	-1.179680878814069376e-04	-9.549617841512855916e-05	-8.330865554572869900e-05	-1.039452612547312632e-04	1.582809248756527980e-04	5.868596473970835465e-04	-2.431285706363021069e-04	1.387990003133830785e-04	-3.980012886099206166e-04	-3.829863440451414789e-04	1.598834350606726418e-04	-1.347186565301342737e-04	2.218127685677057310e-04	1.461322066476344048e-04	-1.128469235889903585e-09	-2.359916795880979924e-05	-5.127745173286093333e-04	-1.233976572372463680e-04	1.150077207774230763e-04	1.980833189265907240e-04	1.922512033169317580e-04	4.901690329143136517e-05	-9.482550896519944400e-04	-5.056274262386830504e-04	-7.101560650064702405e-04	-1.517903678954093494e-04	5.470935110713415119e-04	1.057531531599319912e-04	5.457432234925388025e-05	-1.991098624591072720e-04	-5.017151467396016064e-04	-9.342711944305775139e-05	3.628683167569007884e-05	2.522374181136443990e-05	-3.370498851965596254e-04	0.000000000000000000e+00	-9.447313382218330054e-04	-6.853845966233469006e-04	4.895772036138303779e-05
4.979360549370674119e-04	-2.768903166771281106e-04	-2.382383545980667756e-04	-2.197235477581682066e-04	-5.019631908864449613e-05	9.216872812636608806e-05	4.175733868102926940e-04	-1.089109399261584430e-04	-7.493380798114445632e-05	-5.863371192433170778e-05	7.034598769063201557e-04	1.083782137477530329e-05	1.653021557865830531e-03	-3.089920138830830906e-05	-2.035241181480928156e-05	-1.075446695623921830e-03	-6.173529995460914248e-05	8.468962030124466741e-04	1.606891323066878419e-03	-2.140293646861409659e-05	6.139272784395593922e-04	3.483025855859062494e-05	7.349357533926822073e-05	-2.565847817539844788e-06	-2.587988063277048799e-04	1.376866645145916643e-04	2.279026141405542626e-04	-1.176577999982097826e-04	2.640472202409487436e-04	-5.156634145008252368e-04	-7.179654265897358542e-04	8.584432771907014295e-05	-1.276742806526933978e-04	1.903212603007905374e-03	9.723473832485196502e-04	6.016828393408891129e-05	-6.885209585228037462e-05	9.177568155380753988e-05	-5.814176465554893642e-06	9.482552418341096568e-04	5.423560739849620329e-05	2.498634276337647329e-05	9.066181239823691701e-05	-5.042487355676220041e-04	1.566320782346154283e-04	-7.758411478885954542e-04	-3.887953660148009806e-04	-5.443175037736592355e-11	3.480636553145507973e-04	-4.133589541012788401e-04	-7.749324824783882827e-05	-5.941577677453749751e-04	6.221546439841483763e-05	-3.212660963870394735e-04	1.704542552874397927e-05	-1.833328767020265941e-04	2.261474958795736922e-05	-8.505422694478062193e-04	-4.089739512344103074e-05	2.388878992096432472e-05	9.447313382218330054e-04	0.000000000000000000e+00	7.345323676826638636e-05	-2.055119217153983380e-03
5.852822617718388088e-04	6.117500514728381336e-05	-1.672027127180622237e-04	-2.822791926791321697e-04	-6.105862945569244093e-05	8.948709963560343009e-06	2.749689165051683081e-04	7.935095501456355580e-05	-3.596223814361612685e-05	-7.486566026476744354e-05	3.405397925352419150e-04	1.207627991773789440e-04	1.048802103490422549e-03	1.566716291170098889e-04	1.056341435479746531e-04	-5.100454914057476769e-04	-3.941351569377186189e-05	3.679598224794737474e-04	8.600637900790118664e-04	2.390879711222844721e-04	4.012745667763842556e-04	1.823195372250519474e-04	1.215108522676754398e-04	-2.373643559936818525e-05	-2.621930617289397513e-04	-2.163887977561752561e-05	1.622664497953566626e-04	-3.102603570653175675e-05	2.465040958175234408e-04	-3.263728014022711623e-04	-4.775649011096944410e-04	-1.206387445976984870e-04	-6.961553701921669650e-05	1.137959620748493425e-03	6.355517256543923021e-04	2.612634747903931133e-04	-4.344464900213808203e-05	1.822065708869381696e-04	2.884703982436292709e-05	5.017129545803265377e-04	2.008288087877857769e-04	1.035804297253690390e-04	5.189696380050841590e-05	-3.845417276437912120e-04	4.735929416438594325e-06	-5.531996629570022162e-04	1.731325474119358847e-05	1.833337669947383798e-04	6.011907958072162765e-04	-2.107892006937790773e-05	-6.610831040430211326e-05	-6.630864411654216993e-04	3.387881945504702124e-05	-2.866146172915338378e-04	1.644735992892714153e-04	4.259937578130422973e-10	1.807876624637010446e-05	-5.762009338570231974e-04	-4.583037376069641069e-05	-2.377151013586563822e-05	6.853845966233469006e-04	-7.345323676826638636e-05	0.000000000000000000e+00	-1.130241395067281118e-03
1.593716314692151907e-03	4.136142837242440511e-04	-5.369085235810958545e-05	-7.232222989463448198e-04	-9.380527261673848329e-05	6.305688428593583144e-05	8.562220083699991543e-04	1.574298740791065930e-04	4.135959012731824959e-04	2.735084075389070785e-04	7.447319516740644185e-04	2.075843438730346174e-04	7.593766596039918434e-04	1.167614827427158886e-03	1.806478037931615564e-03	-3.239161733718494087e-05	-5.369107792891975788e-05	7.447349422092804745e-04	1.732850818635422226e-03	1.028359226766474072e-04	8.106897300405454480e-04	1.722331918782782020e-04	3.533862372382591695e-04	-3.433382724036471498e-05	-7.232211333517018798e-04	2.075735326442381637e-04	1.028330772594436576e-04	2.696384844037870432e-04	-8.812077827357148749e-05	-5.996407169968216542e-05	-8.764342694713355905e-04	5.205012505440112470e-04	-9.380037781950462149e-05	7.593831630596233973e-04	8.106933404482391786e-04	-8.812526722556899834e-05	3.477946434927800144e-04	-5.859500269002765067e-04	-2.613114376426288075e-04	-4.895522229272947928e-05	6.305816310069002270e-05	1.167611820539542818e-03	1.722235137098607498e-04	-5.996562986916130348e-05	-5.859663100950280451e-04	-3.250820283787156801e-05	6.952694359630665240e-05	2.055118187326590747e-03	8.562235270944335615e-04	1.806480200035847326e-03	3.533688480994514073e-04	-8.764367986268168818e-04	-2.613218282538090306e-04	6.952540988649359808e-05	3.907666971416871166e-04	1.130246075696992626e-03	1.574183065927244507e-04	-3.239505038454479346e-05	-3.433633832836494195e-05	5.205224982379153768e-04	-4.895772036138303779e-05	2.055119217153983380e-03	1.130241395067281118e-03	0.000000000000000000e+00
