0.000000000000000000e+00	7.866289722163796857e-05	5.820970500125080853e-04	7.822526040781371121e-05	3.309477127440417390e-04	9.133924033616282363e-05	1.238993546432984663e-04	-1.231045317817733260e-05	7.865693000103019309e-05	-8.827798880318700296e-05	4.044427379869863825e-04	-1.831866420466729658e-04	1.066492512408538391e-03	-3.818079911534757662e-04	-6.349559360944588733e-04	-6.509772478185979570e-04	5.820925181033742048e-04	4.044428005680549649e-04	7.498737449468653379e-04	-4.162783106534115925e-04	2.859035061847884241e-04	-1.953802388032229809e-04	-2.135436479105457018e-04	5.405293640676316205e-05	7.822297213940364205e-05	-1.831940325481773099e-04	-4.162936362692003386e-04	-1.137977930243902231e-04	-7.515416525236907810e-04	-1.583124139364503814e-04	-1.469808233567523306e-04	-1.296407170363506902e-04	3.309599877778769900e-04	1.066491403424757282e-03	2.859017163491496755e-04	-7.515378274021101892e-04	-2.011176540618397966e-04	-1.871359409997293125e-04	-7.736022460115624100e-06	7.782649838901892388e-04	9.133779783115813697e-05	-3.818187695849860385e-04	-1.953881936353024608e-04	-1.583109414566406131e-04	-1.871422069591618898e-04	-9.213802995151818530e-05	1.648051588460495054e-05	-4.325564442530125883e-04	1.238973366114902105e-04	-6.349488222508715366e-04	-2.135433341472838561e-04	-1.469765371847716782e-04	-7.744596715375258022e-06	1.648247724439757460e-05	8.201452042622718261e-05	-2.902748768463658401e-04	-1.231866849405928189e-05	-6.509773030143852423e-04	5.405321144494539367e-05	-1.296417686236173096e-04	7.782649289674857009e-04	-4.325644146926985569e-04	-2.902930993705400697e-04	-1.577605658742992165e-03
-7.866289722163796857e-05	0.000000000000000000e+00	1.335631529584463731e-04	1.384002866461855777e-04	1.369467346352140841e-04	5.641359796695933108e-05	-4.311936832702544659e-05	-5.225499511282054657e-05	4.847520174773546362e-10	-8.537804846706347362e-06	-2.997150988672924311e-04	1.155107666367705459e-05	-5.283365138017224322e-04	3.466536151694499560e-05	-1.643939232625504332e-04	9.547951774409622417e-05	-1.953620676879798320e-05	-1.218992155090236918e-04	-4.807737386891790385e-04	1.101198736941751610e-04	-2.847145586932185723e-04	1.008071557724227002e-05	-5.632298513742093292e-05	-3.499156525228840059e-05	-2.197672016790008093e-05	1.699289949978722517e-05	-1.090731396095345220e-04	-2.024968983160908734e-05	-2.643575045988404170e-04	-2.648431215932158412e-05	-2.342150020545725287e-05	1.190056316616002125e-04	1.275155068715109108e-04	-4.109426620763199532e-04	-2.685282917186274185e-04	6.536946078377839234e-05	-2.980482284254095518e-05	8.502618348964484000e-06	9.929171326631947004e-05	-2.275456676440630317e-04	-8.023526836770520829e-05	1.895484615127234184e-05	-4.620195105280977522e-05	1.044936919048067411e-04	-1.189865771984535182e-04	1.599880677815674278e-04	-6.136387388027834998e-06	1.213443110026717585e-04	-1.687847139798454086e-04	1.181319547921626619e-05	-3.950648029632126686e-07	8.483814177663988342e-05	7.385783692544752515e-06	7.834882451558872803e-05	-5.262581115378214206e-05	-5.856725178334225476e-06	-6.044165637695503930e-05	2.399429711399554948e-04	-4.627571358055210997e-05	-7.618795060132180089e-05	-2.930855261552940336e-04	-5.220116838398405348e-05	-2.309023600085721674e-04	4.597316412081044147e-04
-5.820970500125080853e-04	-1.335631529584463731e-04	0.000000000000000000e+00	2.690554264675922296e-04	1.606734956149432486e-04	-7.838676701638484551e-05	-4.689616385418823993e-04	-1.444425432505482758e-04	1.953750195294553019e-05	1.575605635191347121e-05	-4.770266073179976187e-04	-9.376543720079757256e-05	-9.547194207588176849e-04	-2.078505950663860698e-04	-3.173752774834270266e-04	3.334680763260552440e-04	-5.620889589951951610e-10	-3.551060970453014803e-04	-9.013575496442966396e-04	2.361203726207597981e-05	-5.815836865183186388e-04	-4.017545850459244150e-05	-9.090239257605422954e-05	1.310722796408691983e-05	3.203242472741621698e-04	4.069074053663158713e-05	-4.393995828799092548e-05	1.543284544225226318e-04	-2.360147419223888345e-04	6.791880745271386410e-04	1.005650216668213179e-03	1.549134146608536805e-04	-1.035732097256800252e-04	-7.161035451387401905e-04	-2.850634108999853741e-04	3.483137915484644663e-04	-2.969349975845446339e-05	1.128787486724944277e-04	4.084148997478714396e-06	-3.863553196358694318e-04	-2.483967440808163352e-05	-7.294655979183658568e-05	-4.015294698842531676e-05	5.917497447838226433e-04	-7.656177860368274901e-05	1.131878342188356434e-03	5.391797064673575779e-04	-2.508193797055504950e-05	-4.067234292934944180e-04	-2.364200289862418902e-04	-5.874740076724578364e-05	7.933204019179237749e-04	5.309706129061151226e-05	4.421496675224505886e-04	-1.465709927341860965e-05	-2.005836495333913200e-04	4.975069862173099827e-05	4.982635798846859337e-04	-1.240950868853767418e-05	-2.220852427841278295e-04	-3.855933629074520747e-04	-2.493269271265979511e-04	-1.341683204394133599e-04	8.256176228219527097e-04
-7.822526040781371121e-05	-1.384002866461855777e-04	-2.690554264675922296e-04	0.000000000000000000e+00	-1.400198129141458174e-04	-3.297702664748072355e-05	-1.096720802769676935e-04	-8.125433542762487617e-05	2.197943344385545444e-05	4.902041865271277934e-05	-1.716763149256333152e-04	-4.336558884078852295e-05	-4.757084465918562485e-04	-3.645273164209915557e-05	1.698354809586417446e-04	2.540920050648282557e-04	-3.203232257387134910e-04	-1.650611065920506808e-04	-3.059770769682791094e-04	7.075777124930252775e-05	-1.223430182301315063e-04	-5.700725313686229301e-05	-4.187106272786029966e-05	-3.273224867864477203e-05	1.035572115537351399e-09	1.516952037744557819e-04	2.766916092243504083e-04	3.635183015933926597e-05	4.989004068882451400e-04	6.822124293732502454e-05	1.317361024621257256e-04	1.659909328566060095e-04	-3.225164989415805561e-04	-4.372883329390386212e-04	-5.711996749480624102e-05	4.824950106132974530e-04	1.056800545351896419e-04	3.954533747943906284e-05	-9.966601553485448075e-05	-3.327876310386800474e-04	-5.602243164801590095e-05	2.073542709000838666e-04	1.942205219938710815e-04	7.314325584293308933e-05	2.608183283128327127e-04	1.441637948434963684e-05	-3.143132809324804283e-05	2.265963028862547567e-04	-1.092386529423842697e-04	2.120357446032932608e-04	1.900643104889212912e-04	1.045575887708739555e-04	8.244001143455147000e-05	-9.342526969088096314e-06	-7.903689074617895830e-05	7.512560222297498926e-05	1.323023849100149886e-04	2.782030575385343544e-04	-5.478271942197857872e-05	-7.421644116209407467e-05	-3.668024789423513302e-04	1.546690990436015733e-04	2.395576560895938917e-04	6.713203150181903424e-04
-3.309477127440417390e-04	-1.369467346352140841e-04	-1.606734956149432486e-04	1.400198129141458174e-04	0.000000000000000000e+00	-4.701810234490740660e-05	-1.997593793980190061e-04	-6.212882261804296424e-05	-1.275155458413956844e-04	7.036482180631137588e-05	6.309769683797037884e-05	3.687532724491465340e-05	-5.528189580616827271e-05	-1.022162274723243953e-04	-1.616763250256904186e-04	5.864563265509368958e-06	1.035704459636891403e-04	-1.808408935181396416e-05	2.246681873435837728e-05	-3.190016739167835473e-05	2.562894668224867457e-05	3.408929802869874366e-05	1.038674129513646725e-04	-6.051518507400077446e-05	3.225108728034966048e-04	3.473655051975310990e-05	9.157465312301010297e-05	1.000077964311558542e-04	8.170466482524904074e-05	4.074709421535738533e-04	6.623764890269260523e-04	-1.824529754398108070e-05	-1.152999688194318193e-09	-1.104255298151450310e-04	3.717005003162364473e-05	6.553311042526468707e-05	5.203704178653835780e-05	1.464153309398470053e-04	4.207308361939495237e-05	-1.764971571826091739e-04	4.711676181211263425e-05	-9.707864860756166994e-05	-5.041218718390253108e-06	3.812725615369844372e-04	6.316302255379732211e-05	6.371123057030557597e-04	3.655333380423876188e-04	-1.986403540176126243e-04	-1.866298488190470646e-04	-2.619300072923172028e-04	-1.005560261585723963e-04	4.642062641955139839e-04	4.054074648723343151e-05	1.688366021927472272e-04	-1.339891472177570693e-05	-1.951997661216738175e-04	-8.494450935971845779e-05	1.582733787986788463e-04	7.114564006076043944e-05	1.101685495954746869e-04	4.463152983766707408e-05	-9.536217961495554443e-05	-6.134712730543203198e-05	2.343346598852668006e-05
-9.133924033616282363e-05	-5.641359796695933108e-05	7.838676701638484551e-05	3.297702664748072355e-05	4.701810234490740660e-05	0.000000000000000000e+00	-3.992475634599884464e-05	-5.432903180057268785e-05	8.023299346658150223e-05	1.593293363443268665e-06	7.137073326183572032e-05	-3.974681308805492878e-05	9.193096168217776182e-05	-4.994418978823232517e-05	-8.007803999654547857e-05	-6.563253694463614448e-05	2.483841792869869618e-05	6.399197434953130556e-05	9.096403716533322126e-05	-5.729963491498468728e-06	2.853900097929226205e-05	-4.716716962647166626e-05	-9.486887441387179519e-05	2.103176538975713361e-05	5.602299395406013037e-05	6.446169811323501783e-05	3.828716015785405501e-05	-1.653964503414343369e-05	3.304160694814706689e-05	1.732027658434579588e-05	5.046833051062581761e-05	1.208200386269273931e-04	-4.711653200719132613e-05	1.052642857139117044e-04	5.676064356468942641e-05	8.954017224878035668e-05	1.041776525045614795e-05	-5.438787783523547090e-05	-5.861724226076014314e-05	6.618460261247305311e-05	-9.944757286830071446e-11	4.465544524758424325e-05	7.493840861153442594e-05	-8.563582755491595759e-06	8.261209784405787601e-05	-9.632558743262261574e-06	-2.338213069013244999e-05	9.813106483539836143e-05	-5.688291647404613693e-05	-2.782236314025153100e-05	9.818904447520787723e-05	4.989776737411716481e-05	4.352334376552567197e-05	8.245724628121182113e-06	-3.578138326254642329e-05	-2.760379869191035152e-05	7.018365987316696106e-05	-4.996094033003238891e-05	1.605079611551558653e-05	-8.119165972846938010e-05	4.433301884176164419e-05	3.977527351776722351e-05	1.727697045539626828e-05	-1.267349006899642721e-04
-1.238993546432984663e-04	4.311936832702544659e-05	4.689616385418823993e-04	1.096720802769676935e-04	1.997593793980190061e-04	3.992475634599884464e-05	0.000000000000000000e+00	-2.486702507721908709e-05	1.687815478832688731e-04	-1.155602765331238514e-05	3.222303139351397755e-04	-1.281587982668651413e-04	6.832624889033922901e-04	-1.697482867351851306e-04	-3.221706187199848467e-04	-3.930650603784492615e-04	4.067204041298096498e-04	2.616791847562925264e-04	4.924072683462708128e-04	-2.348418365484448381e-04	1.944248201523456217e-04	-1.431324225467305944e-04	-1.756556133754780789e-04	3.212590514210541366e-05	1.092383531459580466e-04	-1.278957031886111752e-04	-3.376660678545656915e-04	-8.856822489605950814e-05	-4.362352996563199263e-04	-6.205678829927090167e-05	2.069370828236331185e-06	5.115824363190615376e-05	1.866358977111567583e-04	6.464632228966478694e-04	1.984425852154252817e-04	-3.432152071987484604e-04	-1.182931741430088245e-04	-1.802022186405474193e-04	-2.645963481168396139e-05	4.956469468148524092e-04	5.688200174948268139e-05	-2.312749505901795510e-04	-1.141879011285248501e-04	-6.941307656776762338e-05	-8.562550318129848843e-05	-3.109052590669884755e-05	2.130510275006245976e-05	-5.389910584293695412e-05	-1.027399722583946366e-09	-2.893744420776167125e-04	-7.928306295804091381e-06	4.723947734756602879e-05	-5.945025206298123409e-06	2.912643276704402823e-05	1.853193183794119988e-05	-5.885204792031692347e-05	4.271246423164633624e-05	-3.568547625492303390e-04	4.741878059547580289e-05	-1.215304032986924801e-04	4.597477578390836840e-04	-8.690658510271650540e-05	-1.112335772126381165e-04	-9.332236904330163752e-04
1.231045317817733260e-05	5.225499511282054657e-05	1.444425432505482758e-04	8.125433542762487617e-05	6.212882261804296424e-05	5.432903180057268785e-05	2.486702507721908709e-05	0.000000000000000000e+00	6.044207432862183849e-05	-8.938937994108107292e-06	-1.022523010331589135e-04	7.203477262263364184e-06	-1.110042625860301459e-04	9.193042666667387050e-05	2.264528744653440350e-07	-1.137266359087346613e-05	-4.974882119295926677e-05	2.737006766264032273e-05	-1.271880347810508448e-04	8.613916532835774417e-05	-1.093684272439946051e-04	4.844979785436325761e-07	-6.877325440451626610e-05	1.097366843717461269e-05	-1.322986833011295855e-04	-4.853460502742371299e-06	-9.866160613308095186e-05	-7.207809789598618178e-05	-1.549171496183343447e-04	-1.662552586105424857e-04	-2.162130200954700046e-04	6.391350458114148682e-05	8.494563283075712398e-05	-2.795220456499622493e-05	-9.896585569318808520e-05	-9.976981856490020183e-07	-6.532407913448887876e-05	-5.782980279239909716e-05	4.970663682385994311e-05	5.352413066560740085e-05	-7.018472805280760740e-05	5.618876468964756593e-05	-1.479327956388072111e-05	-8.082284952421814935e-05	-7.862115106144491991e-05	-1.150981412063096132e-04	-1.033934858715126104e-04	1.393862014831984217e-04	-4.271645285986969641e-05	1.210571529810046442e-04	6.098698290115405792e-05	-6.446932063059250637e-05	-9.853185776241968539e-06	-3.004973474193474339e-06	-1.102083517672212197e-05	8.027599872049379711e-05	-1.818574368739237868e-10	-3.405752360365887368e-06	-5.483760614991689802e-05	-7.978701920073033430e-05	-8.318509667096390145e-05	2.123883516065265276e-05	-1.072741859154960006e-04	8.243605049901883393e-05
-7.865693000103019309e-05	-4.847520174773546362e-10	-1.953750195294553019e-05	-2.197943344385545444e-05	1.275155458413956844e-04	-8.023299346658150223e-05	-1.687815478832688731e-04	-6.044207432862183849e-05	0.000000000000000000e+00	-8.537230371944839344e-06	-1.219051280663038919e-04	1.699329165188849002e-05	-4.109591535095698765e-04	1.895540503242092991e-05	1.181440174023305929e-05	2.399517671268726522e-04	1.335622726328097940e-04	-2.997226519781269645e-04	-4.807899559055421341e-04	-1.090733249803408191e-04	-2.685365554425526210e-04	-4.620236496996738392e-05	-3.955721054998075670e-07	-4.627420742651839637e-05	1.383973003024711597e-04	1.155123054134913192e-05	1.101197577606014119e-04	-2.024835430488016656e-05	6.536901653181109370e-05	1.044894369183468208e-04	8.483077511177807874e-05	-7.618760493063902236e-05	1.369463596924513742e-04	-5.283533580275918008e-04	-2.847231611184226040e-04	-2.643585177901610272e-04	-2.980510989094901526e-05	-1.189877951002785356e-04	7.384965191857813200e-06	-2.930914654031647809e-04	5.641614260970759524e-05	3.466476375362717436e-05	1.008000325807002401e-05	-2.648851651465876985e-05	8.502089986407488257e-06	1.599810035965413169e-04	7.834608921984423878e-05	-5.220134864622868526e-05	-4.311536405372347000e-05	-1.643955216523022064e-04	-5.632421924322649729e-05	-2.342975750542314973e-05	9.929146205889426082e-05	-6.140226360625678677e-06	-5.262764094572984307e-05	-2.309031894147915178e-04	-5.225491907032615597e-05	9.548867434637568720e-05	-3.499010252149591316e-05	1.190065691255652027e-04	-2.275537404507753684e-04	1.213462164300720385e-04	-5.855417695792862869e-06	4.597489258965254148e-04
8.827798880318700296e-05	8.537804846706347362e-06	-1.575605635191347121e-05	-4.902041865271277934e-05	-7.036482180631137588e-05	-1.593293363443268665e-06	1.155602765331238514e-05	8.938937994108107292e-06	8.537230371944839344e-06	0.000000000000000000e+00	5.710272814106132430e-06	-1.050770708670956360e-05	3.288429227680064086e-06	-3.015459035931470361e-05	3.118245154710450409e-05	-1.942136066196913742e-06	-1.575647860157586088e-05	5.710021847197439690e-06	-4.373929013115651529e-05	-4.795228288104725175e-05	-4.687393569979895054e-05	-1.816097657260221966e-05	-1.056404446157154418e-05	2.317577640305334036e-05	-4.902022660605361178e-05	-1.050732870850342273e-05	-4.795085835085337994e-05	2.109823785849367767e-05	1.535802073738323700e-05	-1.715979727310445205e-05	-7.252545904336553557e-05	-2.059022982825476296e-05	-7.036684526797412794e-05	3.288149983919128643e-06	-4.687410627333094091e-05	1.535861150901983067e-05	-5.207638753559681454e-05	1.010091208659762255e-05	-3.436624251235686491e-05	5.493583736527649867e-05	-1.593339491840021902e-06	-3.015277789300557657e-05	-1.816061962454208019e-05	-1.715991481466751657e-05	1.010007534358196426e-05	-4.720332650479142653e-05	-2.747467665224033727e-05	-9.934556350798750358e-06	1.155601942089329166e-05	3.118264307657278762e-05	-1.056471283619229789e-05	-7.252587613827853248e-05	-3.436594538602743117e-05	-2.747463272869081344e-05	-2.722497044768468072e-05	5.554790201853229757e-05	8.939580976417375857e-06	-1.942186399682839968e-06	2.317591282787136349e-05	-2.058987092578547852e-05	5.493607557771355891e-05	-9.935028141328774222e-06	5.554946821547186622e-05	-6.190509149512543857e-05
-4.044427379869863825e-04	2.997150988672924311e-04	4.770266073179976187e-04	1.716763149256333152e-04	-6.309769683797037884e-05	-7.137073326183572032e-05	-3.222303139351397755e-04	1.022523010331589135e-04	1.219051280663038919e-04	-5.710272814106132430e-06	0.000000000000000000e+00	-4.131032821027687762e-05	6.013016412248321785e-06	-7.230187557921865073e-05	1.057338282273299928e-04	-1.160168077740707585e-05	3.551069259586971940e-04	6.840565675244883462e-10	2.850268893244079166e-05	1.035789287721147349e-04	-2.596320345643515102e-06	1.860944999149734421e-04	3.192963042766152433e-04	1.373008523649440240e-05	1.650609580618273226e-04	-1.538402357249761369e-04	-1.886747626725781982e-04	3.075023977577148176e-06	1.525832063065991093e-04	1.614958755740676199e-04	3.662499157632450437e-04	-1.660965433718759941e-04	1.808284314507367410e-05	-3.508231167023968632e-05	1.061228391438686950e-05	4.967253794481818040e-04	-1.429057019767360826e-05	4.204562465414099959e-04	1.937525373931916844e-04	3.858683239944588652e-05	-6.399258217952756111e-05	-1.089203599630728927e-04	4.731922454169730719e-05	2.146148151596222729e-04	1.836591539154291465e-04	2.450582829179256700e-04	7.322170662951260319e-05	-3.318756598542145931e-04	-2.616790985854593622e-04	4.514719296876926083e-04	3.216222058812496891e-04	3.520904159367211532e-04	4.469086797174651312e-05	5.227932010615748807e-05	-1.051669989194203684e-04	9.787129936431588728e-05	-2.736643632195508659e-05	7.404922645194854757e-06	-3.142134158911130453e-06	-1.947803310591346166e-04	3.134016611741289725e-05	-4.915992787385867983e-04	-2.016510399958983959e-04	-8.326514596925366208e-05
1.831866420466729658e-04	-1.155107666367705459e-05	9.376543720079757256e-05	4.336558884078852295e-05	-3.687532724491465340e-05	3.974681308805492878e-05	1.281587982668651413e-04	-7.203477262263364184e-06	-1.699329165188849002e-05	1.050770708670956360e-05	4.131032821027687762e-05	0.000000000000000000e+00	1.549529701610712735e-04	-1.033064521005478114e-05	-3.257167658056452666e-05	-7.700302770762018243e-05	-4.069034886543382019e-05	1.538435848315165182e-04	2.442265628821685582e-04	2.415047551061059699e-05	1.796288901526213813e-04	8.411584559710100396e-06	-3.443412081607893549e-06	4.340590213797945404e-05	-1.516918296497000909e-04	2.131587234274350706e-11	-8.632654781541732340e-05	6.503615710738309811e-06	-5.604891091572221541e-05	-7.586604433023922214e-05	-1.612053262540407502e-04	8.698047921941841755e-05	-3.473618729518150789e-05	2.267243342532379688e-04	1.904040469059565784e-04	4.792050558574914468e-05	8.056327913851676578e-05	1.329244697539357961e-05	3.215813896991119385e-06	1.453883006825141362e-04	-6.446342326373150056e-05	-3.157054574075468165e-05	1.156251771452213348e-05	7.280040927735157352e-05	1.763394061213558307e-05	-9.117998417360376716e-05	-8.600056903009073678e-05	3.404820758118793950e-05	1.278915619125489201e-04	5.181126143881921794e-05	6.993654046594333725e-05	2.010922105036793122e-06	-3.842811746635098948e-05	2.079886798974797484e-05	6.558819934393802695e-05	9.855204230210551797e-05	4.853002011746339942e-06	-6.643865848125112342e-05	-2.882506027582154101e-05	-1.270636663505193519e-05	-3.160495204964738794e-06	-1.289122089987473265e-05	-2.310425437318552096e-05	-2.035787854070930897e-04
-1.066492512408538391e-03	5.283365138017224322e-04	9.547194207588176849e-04	4.757084465918562485e-04	5.528189580616827271e-05	-9.193096168217776182e-05	-6.832624889033922901e-04	1.110042625860301459e-04	4.109591535095698765e-04	-3.288429227680064086e-06	-6.013016412248321785e-06	-1.549529701610712735e-04	0.000000000000000000e+00	-1.242195920379357771e-04	2.805970124896941718e-04	1.085574793986340825e-06	7.161072176146729244e-04	3.508503077441763507e-05	1.724109148737520167e-04	2.114427484295682653e-04	1.252844761205773735e-04	2.168801095197616649e-04	4.268954597721442371e-04	-3.880920649853935824e-05	4.372882260481404703e-04	-2.267157393064853348e-04	-9.337042979088142796e-05	-2.532678252286181731e-06	5.578233120894322480e-04	3.772457809913542267e-04	9.112524846384196554e-04	-3.867149722440864790e-04	1.104232283454079268e-04	2.732039296494417034e-09	9.527491265552727939e-05	8.640220694478106638e-04	7.922191771765748833e-05	5.558354578741736551e-04	2.855720801495504040e-04	-6.056702047478526986e-05	-1.052652693528887372e-04	-1.538649549313856506e-04	1.559472881717856990e-04	4.485260091379214662e-04	4.568513718343333776e-04	6.074964146739446087e-04	2.061216188107320131e-04	-7.538229215766896561e-04	-6.464637162914699383e-04	6.456798941865865603e-04	6.014695234975878189e-04	9.467312764986284901e-04	2.048483235933313174e-04	1.984869480654356160e-04	-2.121351855632000742e-04	-9.542907398813182127e-05	2.796186158904309047e-05	-2.073897633485907003e-05	-3.756857722299005819e-05	-5.489720388800940244e-04	-2.456750507452146252e-05	-1.022360111449975052e-03	-4.519084437486221005e-04	-4.180526244592647895e-05
3.818079911534757662e-04	-3.466536151694499560e-05	2.078505950663860698e-04	3.645273164209915557e-05	1.022162274723243953e-04	4.994418978823232517e-05	1.697482867351851306e-04	-9.193042666667387050e-05	-1.895540503242092991e-05	3.015459035931470361e-05	7.230187557921865073e-05	1.033064521005478114e-05	1.242195920379357771e-04	0.000000000000000000e+00	-3.796719235688689967e-05	-2.149740351677647155e-05	7.294643587318501410e-05	1.089192560398852895e-04	2.294829211486766867e-04	-6.341637779220587535e-05	1.580152625890281692e-04	-2.224586269960437856e-05	-1.218502412561990061e-05	3.360553977697899457e-05	-2.073492623542382788e-04	3.157057225789136688e-05	-5.960198988138218595e-05	3.034330057288825173e-05	-9.135193903103883996e-05	-5.920325600780478091e-05	-3.315832885084047071e-04	1.308870313203728858e-04	9.707886749406849012e-05	1.538644827145790590e-04	1.838941330698516175e-04	-2.001722530908827042e-04	8.532492690992417935e-05	-9.483603907821982473e-05	4.481482649335035676e-06	1.356804779608912449e-04	-4.465618083782620708e-05	-3.103601214510942749e-10	3.763226130401756906e-05	4.878396337372309084e-05	3.236231187474324751e-05	-1.103741642043498623e-04	-1.344535469840925498e-04	4.355071344132280551e-05	2.312699725359261787e-04	-4.388400285881404470e-05	1.150177139422148634e-04	-1.096708282977685884e-04	3.694964561244815424e-05	1.329771254300989762e-05	5.455629020467253929e-05	-3.969189685072699444e-05	-5.618942381495086694e-05	-1.226014079591699864e-04	-9.440448640016070787e-05	1.108532516350533746e-04	-1.186340943027755523e-04	1.027656624704917354e-04	-3.762054885049888548e-05	-2.216344480462428064e-04
6.349559360944588733e-04	1.643939232625504332e-04	3.173752774834270266e-04	-1.698354809586417446e-04	1.616763250256904186e-04	8.007803999654547857e-05	3.221706187199848467e-04	-2.264528744653440350e-07	-1.181440174023305929e-05	-3.118245154710450409e-05	-1.057338282273299928e-04	3.257167658056452666e-05	-2.805970124896941718e-04	3.796719235688689967e-05	0.000000000000000000e+00	1.730410321265009755e-04	2.364190198286153402e-04	-4.514753730091809530e-04	-5.626718948108207566e-04	-2.228496232614699478e-04	-1.315072878529788660e-04	-8.679926119343899535e-05	1.259305733238490912e-05	-5.636168847720518938e-05	-2.120395869937526979e-04	-5.181112513791087318e-05	-6.565486428557806148e-05	1.366939852242027517e-06	-4.979775980759104171e-05	-2.206033396179915681e-04	-5.842891697095063111e-04	-4.059417361590602599e-05	2.619297013474686459e-04	-6.456854449331815614e-04	-3.252777268908284085e-04	-5.717819971142883194e-04	4.327484073660865906e-06	-2.785409852593339437e-04	1.202198637292123680e-05	-1.577772100374759683e-04	2.782270137541336058e-05	4.388263440027026963e-05	-1.311652595845410457e-05	-9.023739593949944534e-05	-9.188647269292780331e-05	-2.418739382257565598e-04	-7.119467366893504493e-05	1.483754191345939091e-04	2.893789283437536155e-04	-2.581087276003342979e-09	4.977261423196642032e-05	-3.722802443790979108e-04	3.839301886856050553e-05	2.054980496505085614e-05	1.243106644239557487e-04	-5.390456570635634298e-05	-1.210576285262646883e-04	1.916744970244272793e-04	-4.096572971917386848e-06	3.093042497988022404e-04	-3.071687418249527271e-04	3.373417631268420540e-04	-5.982758081767066690e-06	4.090508264982458688e-04
6.509772478185979570e-04	-9.547951774409622417e-05	-3.334680763260552440e-04	-2.540920050648282557e-04	-5.864563265509368958e-06	6.563253694463614448e-05	3.930650603784492615e-04	1.137266359087346613e-05	-2.399517671268726522e-04	1.942136066196913742e-06	1.160168077740707585e-05	7.700302770762018243e-05	-1.085574793986340825e-06	2.149740351677647155e-05	-1.730410321265009755e-04	0.000000000000000000e+00	-4.982661411982536401e-04	-7.406752246655654067e-06	-1.342199674349358013e-04	-9.602616202704502505e-05	-1.011839475434139676e-04	-1.006269809816276711e-04	-2.476714248964978493e-04	3.481965992316829624e-05	-2.782025748276711029e-04	6.643401355172382449e-05	-2.685392349418291462e-05	-3.244827137088498336e-06	-3.485335364979778167e-04	-2.494558241369468268e-04	-5.779153890822185096e-04	1.350964365623378162e-04	-1.582725639679188521e-04	2.073564133591920339e-05	-1.203638620277173277e-04	-3.585386474867036186e-04	-1.041326258672083588e-04	-2.140968665072946189e-04	-1.427523402475659937e-04	8.345821106586399116e-05	4.996132051188200703e-05	1.226018282887031017e-04	-1.007511049065497810e-04	-2.553461373745799100e-04	-3.310715515699226043e-04	-3.954148323211620440e-04	-1.321743965626943971e-04	5.221978193266792710e-04	3.568544351777879929e-04	-1.916716173761069176e-04	-3.010982684260793472e-04	-5.490997057520974377e-04	-1.220848117910143527e-04	-1.380441207047037547e-04	9.782593689283411236e-05	1.452206884472040794e-04	3.400894085106053134e-06	8.989120145940984741e-10	6.696690037304110690e-05	2.110095976206192363e-04	9.896897144647444236e-05	3.534280282804610129e-04	1.991640545210618114e-04	-5.328655953087900444e-05
-5.820925181033742048e-04	1.953620676879798320e-05	5.620889589951951610e-10	3.203232257387134910e-04	-1.035704459636891403e-04	-2.483841792869869618e-05	-4.067204041298096498e-04	4.974882119295926677e-05	-1.335622726328097940e-04	1.575647860157586088e-05	-3.551069259586971940e-04	4.069034886543382019e-05	-7.161072176146729244e-04	-7.294643587318501410e-05	-2.364190198286153402e-04	4.982661411982536401e-04	0.000000000000000000e+00	-4.770284342199959519e-04	-9.013619568070233056e-04	-4.394061280399387190e-05	-2.850662267448536851e-04	-4.015350128816629776e-05	-5.874785577995281401e-05	-1.240851356336149846e-05	2.690535748004055155e-04	-9.376473375743090582e-05	2.361068468720820153e-05	1.543274314534536136e-04	3.483086933616050284e-04	5.917451924430576580e-04	7.933152308185684176e-04	-2.220826224827720803e-04	1.606728101096438596e-04	-9.547234788877796783e-04	-5.815864336169391602e-04	-2.360153814070184994e-04	-2.969417071589694181e-05	-7.656306553590505018e-05	5.309618154598970912e-05	-3.855937958200128545e-04	-7.838581578778936083e-05	-2.078504107066878265e-04	-4.017568162724902950e-05	6.791848144106860195e-04	1.128774607509240645e-04	1.131872971201016223e-03	4.421481571930330678e-04	-2.493264145874331955e-04	-4.689576761187658357e-04	-3.173760661379742393e-04	-9.090237023301136771e-05	1.005644879516177535e-03	4.084851550399044273e-06	5.391776604832566877e-04	-1.465638260550085511e-05	-1.341700177218900069e-04	-1.444417435967882920e-04	3.334706414251161367e-04	1.310799368943786435e-05	1.549132607863959628e-04	-3.863568762350110615e-04	-2.508051768486515017e-05	-2.005820825776113731e-04	8.256210632961861248e-04
-4.044428005680549649e-04	1.218992155090236918e-04	3.551060970453014803e-04	1.650611065920506808e-04	1.808408935181396416e-05	-6.399197434953130556e-05	-2.616791847562925264e-04	-2.737006766264032273e-05	2.997226519781269645e-04	-5.710021847197439690e-06	-6.840565675244883462e-10	-1.538435848315165182e-04	-3.508503077441763507e-05	-1.089192560398852895e-04	4.514753730091809530e-04	7.406752246655654067e-06	4.770284342199959519e-04	0.000000000000000000e+00	2.850104962861827601e-05	-1.886774743280640728e-04	1.061074163070116830e-05	4.731558786436033015e-05	3.216169945309178433e-04	-3.141556685992146652e-06	1.716760482101271890e-04	-4.130718874637326994e-05	1.035812638753152309e-04	3.074824125732009191e-06	4.967265547216675407e-04	2.146134793241662956e-04	3.520889401038030395e-04	-1.947756847882624494e-04	-6.309809798850843214e-05	6.012129939387154064e-06	-2.596529190562654179e-06	1.525802296221454414e-04	-1.429068800692610277e-05	1.836507992905879992e-04	4.468687001287987995e-05	3.133963072224492554e-05	-7.137113534068432975e-05	-7.230194899433180504e-05	1.860977562201572176e-04	1.614957350417030118e-04	4.204631976408077887e-04	2.450568119288161787e-04	5.227730754987357665e-05	-4.916029985717598402e-04	-3.222301146521643457e-04	1.057324986301078220e-04	3.193013484278969111e-04	3.662498534094626957e-04	1.937563882001070489e-04	7.322218847406122561e-05	-1.051674797464236086e-04	-2.016544884538941710e-04	1.022564853473907273e-04	-1.160136227271852359e-05	1.372948777581393834e-05	-1.661017467087923336e-04	3.858556918129425696e-05	-3.318714120654398967e-04	9.787497522172752882e-05	-8.326284252737598088e-05
-7.498737449468653379e-04	4.807737386891790385e-04	9.013575496442966396e-04	3.059770769682791094e-04	-2.246681873435837728e-05	-9.096403716533322126e-05	-4.924072683462708128e-04	1.271880347810508448e-04	4.807899559055421341e-04	4.373929013115651529e-05	-2.850268893244079166e-05	-2.442265628821685582e-04	-1.724109148737520167e-04	-2.294829211486766867e-04	5.626718948108207566e-04	1.342199674349358013e-04	9.013619568070233056e-04	-2.850104962861827601e-05	0.000000000000000000e+00	-1.225518753021054676e-04	-2.424185540262843719e-06	1.344821059135997807e-04	5.651295587689095495e-04	1.433837221861228330e-06	3.059768864422777210e-04	-2.442189124415034690e-04	-1.225457768518545460e-04	-7.085287791932897550e-06	6.249969918244557398e-04	2.619125012980066817e-04	5.919918892414134052e-04	-4.136922961391634396e-04	-2.246757405336062644e-05	-1.724085806670476819e-04	-2.422596575021633504e-06	6.249905917053042922e-04	3.608078354289730606e-05	4.957384622747656837e-04	1.755930013742394377e-04	-6.918315197535857214e-05	-9.096467487277215980e-05	-2.294849085607970321e-04	1.344900224540463481e-04	2.619129577932796334e-04	4.957568254870838281e-04	3.192363202814058661e-04	7.730404540011211331e-05	-8.203296192766076000e-04	-4.924073789895257874e-04	5.626653106205992908e-04	5.651412228385025490e-04	5.919939159881512907e-04	1.756022004067087148e-04	7.730670203447788163e-05	-1.845111721339986468e-04	-7.414234399311935854e-05	1.271967633141474511e-04	1.342182213625117844e-04	1.432447181321709026e-06	-4.137030785377201298e-04	-6.918411297157360420e-05	-8.203193348699181625e-04	-7.413392260037405819e-05	1.577957547455150714e-04
4.162783106534115925e-04	-1.101198736941751610e-04	-2.361203726207597981e-05	-7.075777124930252775e-05	3.190016739167835473e-05	5.729963491498468728e-06	2.348418365484448381e-04	-8.613916532835774417e-05	1.090733249803408191e-04	4.795228288104725175e-05	-1.035789287721147349e-04	-2.415047551061059699e-05	-2.114427484295682653e-04	6.341637779220587535e-05	2.228496232614699478e-04	9.602616202704502505e-05	4.394061280399387190e-05	1.886774743280640728e-04	1.225518753021054676e-04	0.000000000000000000e+00	3.201214164556117020e-07	2.390698679680049350e-05	6.422456598632859210e-05	6.718125356441331450e-05	-2.766844323219867178e-04	8.632658079840184462e-05	9.562080270889992874e-10	-4.855642683110282499e-05	-1.511653280209029275e-04	-2.623285034242526831e-04	-5.086042726464450915e-04	1.851412763413672914e-04	-9.157432003142894383e-05	9.337704909019891697e-05	2.191326993488754431e-04	8.892233481849303985e-05	1.159148766140098854e-04	1.639911174355112894e-05	-3.220170037556738219e-05	-4.510777350412590377e-05	-3.828874682995543898e-05	5.960166017993228792e-05	4.206076761042272169e-05	-2.603537427590301226e-04	1.266622319021005105e-05	-6.083481369239523030e-04	-3.555194520635523861e-04	5.235321600282260776e-05	3.376573701262468134e-04	6.565448486293691500e-05	6.432512471574451836e-05	-4.888883791462573982e-04	-1.810738843644520775e-06	-3.042072343355187321e-04	8.609357582875769993e-07	3.337552023225157614e-05	9.866125799711745396e-05	2.685027947518559720e-05	-9.892802395053063090e-05	-5.632353456328213109e-05	-1.889106537315328612e-04	1.010968610431658537e-04	1.611365871787192585e-04	1.114325955764145610e-04
-2.859035061847884241e-04	2.847145586932185723e-04	5.815836865183186388e-04	1.223430182301315063e-04	-2.562894668224867457e-05	-2.853900097929226205e-05	-1.944248201523456217e-04	1.093684272439946051e-04	2.685365554425526210e-04	4.687393569979895054e-05	2.596320345643515102e-06	-1.796288901526213813e-04	-1.252844761205773735e-04	-1.580152625890281692e-04	1.315072878529788660e-04	1.011839475434139676e-04	2.850662267448536851e-04	-1.061074163070116830e-05	2.424185540262843719e-06	-3.201214164556117020e-07	0.000000000000000000e+00	-1.890613012803913731e-05	4.885362242381951776e-05	-2.520751272155105204e-06	5.712129878825035077e-05	-1.903997173219503240e-04	-2.191294599053212732e-04	1.977142854451902825e-05	1.873822345191548174e-04	6.373627988248224934e-05	1.771888390033126239e-04	-1.318723827063880379e-04	-3.717034860401383144e-05	-9.527184433039852848e-05	8.205468919348507528e-10	3.544146486245448608e-04	4.593894935184982464e-05	1.158671285964164681e-04	-4.083532108651120112e-06	-7.315288999824093774e-05	-5.676064414718311511e-05	-1.838950247774323035e-04	-9.723542298877822668e-06	1.131745673425389671e-04	1.423221501741888501e-04	5.153395107301490162e-05	-1.259705134284815860e-05	-1.942178604014934340e-04	-1.984434557311861029e-04	3.252743156414985778e-04	2.946507185399477357e-04	2.323943543923572821e-04	4.825578709688655327e-06	-2.331260909887629960e-05	-9.642764293932373245e-05	1.514984828204442887e-04	9.897025788002975855e-05	1.203619063483420490e-04	2.123197285951322497e-05	-3.619751860856757885e-04	-8.223895332803654265e-05	-5.102308738998092598e-04	-1.194661295522838289e-04	1.819214721575743588e-04
1.953802388032229809e-04	-1.008071557724227002e-05	4.017545850459244150e-05	5.700725313686229301e-05	-3.408929802869874366e-05	4.716716962647166626e-05	1.431324225467305944e-04	-4.844979785436325761e-07	4.620236496996738392e-05	1.816097657260221966e-05	-1.860944999149734421e-04	-8.411584559710100396e-06	-2.168801095197616649e-04	2.224586269960437856e-05	8.679926119343899535e-05	1.006269809816276711e-04	4.015350128816629776e-05	-4.731558786436033015e-05	-1.344821059135997807e-04	-2.390698679680049350e-05	1.890613012803913731e-05	0.000000000000000000e+00	2.774453536332367048e-05	-2.249638710554168223e-05	-1.942164989472908035e-04	-1.156203173464190754e-05	-4.205980677283447023e-05	2.268767512003687560e-05	-1.100301535351790521e-05	-6.488317372879688725e-05	-1.783454390795008405e-04	3.181198361454217621e-05	5.041509977696363587e-06	-1.559384878268827270e-04	9.727547230951334096e-06	-5.289328578133920932e-05	5.780436160255872526e-05	-3.202866137073472053e-05	-6.445304658152718875e-06	-9.215635176022742188e-05	-7.493997513311338493e-05	-3.763217259295285021e-05	4.437505047660116137e-10	6.378466745440641242e-05	4.782310716025650119e-06	-1.031905209054863543e-04	-7.408183441741297013e-05	-1.193947426242079391e-05	1.141835664715649826e-04	1.311549995893682532e-05	2.425004541024632998e-05	-1.915598483454932193e-05	-4.595105137803727621e-05	-1.660295418345811145e-05	5.796348105510032293e-05	6.020204924017371679e-05	1.479326139481656583e-05	1.007462039375025604e-04	-8.371147941892500850e-05	3.753114378472809185e-05	-2.002943582266092956e-04	9.018279066567580634e-05	5.598854102463010521e-05	1.987186641085321274e-04
2.135436479105457018e-04	5.632298513742093292e-05	9.090239257605422954e-05	4.187106272786029966e-05	-1.038674129513646725e-04	9.486887441387179519e-05	1.756556133754780789e-04	6.877325440451626610e-05	3.955721054998075670e-07	1.056404446157154418e-05	-3.192963042766152433e-04	3.443412081607893549e-06	-4.268954597721442371e-04	1.218502412561990061e-05	-1.259305733238490912e-05	2.476714248964978493e-04	5.874785577995281401e-05	-3.216169945309178433e-04	-5.651295587689095495e-04	-6.422456598632859210e-05	-4.885362242381951776e-05	-2.774453536332367048e-05	0.000000000000000000e+00	-5.006182196366827257e-05	-1.900644636623319869e-04	-6.993601423164509407e-05	-6.432461257870563222e-05	1.035790971802218560e-04	1.402862709415359085e-04	2.703981469802829474e-05	-1.034474100597424423e-04	-8.231978080248893073e-05	1.005558903474864946e-04	-6.014567406988752772e-04	-2.946447591153963496e-04	-2.238795336728333172e-04	2.064820666883107568e-05	-1.248959425988454696e-04	1.120558197367307827e-05	-1.984397821842536890e-04	-9.819113242020552010e-05	-1.150178990530396575e-04	-2.424945832360221945e-05	2.772521698593677494e-04	2.917877817467506903e-05	1.633246580790695466e-04	4.368427655348524176e-05	-6.497366651064896193e-05	7.928579641401453743e-06	-4.977530269841245461e-05	-1.918207153514994885e-10	2.163610736589090613e-04	-6.652448072584843993e-05	2.047695615781496416e-04	1.032404159391507104e-04	7.374762737583826194e-05	-6.098656095677370284e-05	3.010910061793149479e-04	-2.555908331875749611e-05	1.263570759315315803e-04	-2.989109022324778521e-04	1.437823698145374593e-04	-3.561717552193164617e-05	5.268224734831111495e-04
-5.405293640676316205e-05	3.499156525228840059e-05	-1.310722796408691983e-05	3.273224867864477203e-05	6.051518507400077446e-05	-2.103176538975713361e-05	-3.212590514210541366e-05	-1.097366843717461269e-05	4.627420742651839637e-05	-2.317577640305334036e-05	-1.373008523649440240e-05	-4.340590213797945404e-05	3.880920649853935824e-05	-3.360553977697899457e-05	5.636168847720518938e-05	-3.481965992316829624e-05	1.240851356336149846e-05	3.141556685992146652e-06	-1.433837221861228330e-06	-6.718125356441331450e-05	2.520751272155105204e-06	2.249638710554168223e-05	5.006182196366827257e-05	0.000000000000000000e+00	5.478207023721359939e-05	2.882352470835212397e-05	9.892580603251894720e-05	-1.849669796518658993e-05	3.695298187467047844e-05	6.592466621938250526e-05	8.204115738420287478e-05	-4.137693080352523775e-05	-7.114382854044319681e-05	3.756700081265451722e-05	-2.123279912433218009e-05	-1.558761382475732773e-06	-4.226646372652318942e-05	2.844679649043082878e-05	4.315632946634255411e-06	5.001122563314035164e-05	-1.605121719694732997e-05	9.440277758051891668e-05	8.371021141478798919e-05	3.720589732895696880e-05	3.790539536981480599e-05	9.148198883030645530e-05	3.077264195143370476e-05	-4.047896962485591219e-05	-4.741889511577320246e-05	4.097088246927585832e-06	2.555831112830105528e-05	7.184736577375773654e-05	8.048955838170626436e-05	4.155373786468780691e-05	6.889088078264028625e-06	-1.058919820196775098e-04	5.483602715638849468e-05	-6.696592570647498239e-05	3.352118001985439008e-11	-1.849170437334953323e-05	7.614317220495673481e-05	-9.646817448078166200e-06	7.508141778018206686e-05	-1.293534065366809939e-04
-7.822297213940364205e-05	2.197672016790008093e-05	-3.203242472741621698e-04	-1.035572115537351399e-09	-3.225108728034966048e-04	-5.602299395406013037e-05	-1.092383531459580466e-04	1.322986833011295855e-04	-1.383973003024711597e-04	4.902022660605361178e-05	-1.650609580618273226e-04	1.516918296497000909e-04	-4.372882260481404703e-04	2.073492623542382788e-04	2.120395869937526979e-04	2.782025748276711029e-04	-2.690535748004055155e-04	-1.716760482101271890e-04	-3.059768864422777210e-04	2.766844323219867178e-04	-5.712129878825035077e-05	1.942164989472908035e-04	1.900644636623319869e-04	-5.478207023721359939e-05	0.000000000000000000e+00	-4.336239634880023858e-05	7.076360085986159454e-05	3.635179709365619406e-05	4.824956993509745863e-04	7.314284543096091426e-05	1.045573799400463522e-04	-7.421601516109351329e-05	-1.400256920732340636e-04	-4.757073845498304191e-04	-1.223418030416943258e-04	4.988984619867834706e-04	1.056798499958890383e-04	2.608153094917549939e-04	8.243606688612377734e-05	-3.668017628915179029e-04	-3.297633870875436662e-05	-3.644816526235503031e-05	-5.700387317737144792e-05	6.821942229324520475e-05	3.954807881989963068e-05	1.441411058578613843e-05	-9.342582790288009585e-06	1.546663748932851161e-04	-1.096699714337794697e-04	1.698327752428871614e-04	-4.187053555493793909e-05	1.317318548698473315e-04	-9.966216720888924040e-05	-3.143315786960784394e-05	-7.903670828683558849e-05	2.395501038878308146e-04	-8.125009963715784135e-05	2.540918476131331276e-04	-3.273237382891634707e-05	1.659912384130538291e-04	-3.327871432233577313e-04	2.265997388878114669e-04	7.513424048516826725e-05	6.713191032926559779e-04
1.831940325481773099e-04	-1.699289949978722517e-05	-4.069074053663158713e-05	-1.516952037744557819e-04	-3.473655051975310990e-05	-6.446169811323501783e-05	1.278957031886111752e-04	4.853460502742371299e-06	-1.155123054134913192e-05	1.050732870850342273e-05	1.538402357249761369e-04	-2.131587234274350706e-11	2.267157393064853348e-04	-3.157057225789136688e-05	5.181112513791087318e-05	-6.643401355172382449e-05	9.376473375743090582e-05	4.130718874637326994e-05	2.442189124415034690e-04	-8.632658079840184462e-05	1.903997173219503240e-04	1.156203173464190754e-05	6.993601423164509407e-05	-2.882352470835212397e-05	4.336239634880023858e-05	0.000000000000000000e+00	2.415015091871135656e-05	6.504216161585903689e-06	4.791960946931010955e-05	7.279614657208026396e-05	2.002474502460488545e-06	-1.270612838937955520e-05	-3.687580137297816435e-05	1.549441770477772221e-04	1.796247683826450545e-04	-5.604874896819410758e-05	8.056408260365805450e-05	1.763332505469800073e-05	-3.842867041501508665e-05	-3.164705707158243554e-06	3.974814951675121347e-05	-1.033054146973944197e-05	8.411144248314805116e-06	-7.587022303944061232e-05	1.329131366209444155e-05	-9.118771434448228169e-05	2.079500575495752529e-05	-1.288993937637980675e-05	1.281626456812615469e-04	-3.257114446220062175e-05	-3.444083376495377509e-06	-1.612135208490656489e-04	3.215000338779531924e-06	-8.600331409009624034e-05	6.558745367098570069e-05	-2.310308949856766089e-05	-7.203225171696282954e-06	-7.699827086351732205e-05	4.340760778224807281e-05	8.698037552223929171e-05	1.453850900299364594e-04	3.404873368530667835e-05	9.855223391068308736e-05	-2.035701721756268145e-04
4.162936362692003386e-04	1.090731396095345220e-04	4.393995828799092548e-05	-2.766916092243504083e-04	-9.157465312301010297e-05	-3.828716015785405501e-05	3.376660678545656915e-04	9.866160613308095186e-05	-1.101197577606014119e-04	4.795085835085337994e-05	1.886747626725781982e-04	8.632654781541732340e-05	9.337042979088142796e-05	5.960198988138218595e-05	6.565486428557806148e-05	2.685392349418291462e-05	-2.361068468720820153e-05	-1.035812638753152309e-04	1.225457768518545460e-04	-9.562080270889992874e-10	2.191294599053212732e-04	4.205980677283447023e-05	6.432461257870563222e-05	-9.892580603251894720e-05	-7.076360085986159454e-05	-2.415015091871135656e-05	0.000000000000000000e+00	-4.855713669692265076e-05	8.892134033710880764e-05	-2.603621032506435885e-04	-4.889049327931166943e-04	-5.632289589266667321e-05	3.190140028322150452e-05	-2.114503715669583707e-04	3.161937353350052071e-07	-1.511694869546536992e-04	1.159165349715793574e-04	1.266355420105103327e-05	-1.811594947680828284e-06	-1.889145062163811648e-04	5.731312641900241107e-06	6.341666012619082897e-05	2.390693784058589249e-05	-2.623376655693505748e-04	1.639828653210748344e-05	-6.083644015234523092e-04	-3.042150403107425237e-04	1.010983646008923513e-04	2.348498626670315870e-04	2.228493716414067024e-04	6.422402695472137360e-05	-5.086204738874269046e-04	-3.220233568098973325e-05	-3.555247757742472162e-04	8.614885073514348739e-07	1.611376151612026566e-04	-8.613950404739266075e-05	9.602999433866928904e-05	6.718408530603624121e-05	1.851432393785136196e-04	-4.510956234042439339e-05	5.235658125762194788e-05	3.337644963898111166e-05	1.114388344434344338e-04
1.137977930243902231e-04	2.024968983160908734e-05	-1.543284544225226318e-04	-3.635183015933926597e-05	-1.000077964311558542e-04	1.653964503414343369e-05	8.856822489605950814e-05	7.207809789598618178e-05	2.024835430488016656e-05	-2.109823785849367767e-05	-3.075023977577148176e-06	-6.503615710738309811e-06	2.532678252286181731e-06	-3.034330057288825173e-05	-1.366939852242027517e-06	3.244827137088498336e-06	-1.543274314534536136e-04	-3.074824125732009191e-06	7.085287791932897550e-06	4.855642683110282499e-05	-1.977142854451902825e-05	-2.268767512003687560e-05	-1.035790971802218560e-04	1.849669796518658993e-05	-3.635179709365619406e-05	-6.504216161585903689e-06	4.855713669692265076e-05	0.000000000000000000e+00	3.365646203742435653e-05	-2.649010265432506198e-05	-7.889220305609413167e-05	-1.161966189836376038e-04	-1.000078775726567483e-04	2.532959949841519204e-06	-1.977189307277045759e-05	3.365564071152645225e-05	3.628693448563157092e-06	-5.512095212963486721e-05	-7.664822169321352575e-05	-5.660353472594029117e-06	1.653966544091459251e-05	-3.034335755247463158e-05	-2.268839733492543619e-05	-2.649002601616315717e-05	-5.512217296775302034e-05	8.359058216746006675e-06	2.728013134194069022e-05	-1.174046139896781809e-04	8.856815807209020362e-05	-1.367791397936862359e-06	-1.035812827218383957e-04	-7.889229217616560233e-05	-7.664856863774508790e-05	2.727992327972972287e-05	6.580533319741261092e-05	1.093642792674618594e-05	7.207737923531407195e-05	3.244530243384720391e-06	1.849697910517476493e-05	-1.161941285363540110e-04	-5.659845486765051638e-06	-1.174031928292990513e-04	1.093734265278787491e-05	8.287687995156803631e-06
7.515416525236907810e-04	2.643575045988404170e-04	2.360147419223888345e-04	-4.989004068882451400e-04	-8.170466482524904074e-05	-3.304160694814706689e-05	4.362352996563199263e-04	1.549171496183343447e-04	-6.536901653181109370e-05	-1.535802073738323700e-05	-1.525832063065991093e-04	5.604891091572221541e-05	-5.578233120894322480e-04	9.135193903103883996e-05	4.979775980759104171e-05	3.485335364979778167e-04	-3.483086933616050284e-04	-4.967265547216675407e-04	-6.249969918244557398e-04	1.511653280209029275e-04	-1.873822345191548174e-04	1.100301535351790521e-05	-1.402862709415359085e-04	-3.695298187467047844e-05	-4.824956993509745863e-04	-4.791960946931010955e-05	-8.892134033710880764e-05	-3.365646203742435653e-05	0.000000000000000000e+00	-6.047858565035215805e-04	-1.160626769593962881e-03	-1.124524718179294256e-05	-6.552988570549989782e-05	-8.640284919017901088e-04	-3.544188872832939371e-04	-3.709408092788113052e-09	6.611487274468520704e-05	-4.716299972877436729e-05	-4.700589360066777418e-05	-3.177898542689436322e-04	-8.953956676944547404e-05	2.001731813485421361e-04	5.289375808676328235e-05	-5.427398619245102623e-04	-3.351239667434747658e-05	-1.245865697739502540e-03	-7.659125479940840243e-04	3.291825226024323241e-04	3.432172765993552811e-04	5.717811973770898712e-04	2.238794144618556122e-04	-9.612322657099620776e-04	-6.441891992860947691e-05	-6.054994130887006269e-04	-1.109567056789079404e-04	3.818140721956562057e-04	9.965884259575603276e-07	3.585420216717001302e-04	1.559835069591769328e-06	-2.402228722393123171e-05	-5.145270162933162804e-04	-5.244118430509480121e-05	-7.545679861731129326e-06	9.091789743917253613e-04
1.583124139364503814e-04	2.648431215932158412e-05	-6.791880745271386410e-04	-6.822124293732502454e-05	-4.074709421535738533e-04	-1.732027658434579588e-05	6.205678829927090167e-05	1.662552586105424857e-04	-1.044894369183468208e-04	1.715979727310445205e-05	-1.614958755740676199e-04	7.586604433023922214e-05	-3.772457809913542267e-04	5.920325600780478091e-05	2.206033396179915681e-04	2.494558241369468268e-04	-5.917451924430576580e-04	-2.146134793241662956e-04	-2.619125012980066817e-04	2.623285034242526831e-04	-6.373627988248224934e-05	6.488317372879688725e-05	-2.703981469802829474e-05	-6.592466621938250526e-05	-7.314284543096091426e-05	-7.279614657208026396e-05	2.603621032506435885e-04	2.649010265432506198e-05	6.047858565035215805e-04	0.000000000000000000e+00	-5.426762763262055894e-05	-3.530779013095505206e-04	-3.812786730893289334e-04	-4.485233716915492178e-04	-1.131737628848214044e-04	5.427366037667801044e-04	9.884863351112248026e-05	1.554851496171701813e-04	-5.310384368027976879e-05	-3.573220196080730644e-04	8.564561567683552355e-06	-4.877889361900974221e-05	-6.378037791993791379e-05	-9.325952836548556917e-10	-1.919410333693792381e-05	9.445143027001306032e-06	4.623422566658684897e-05	-1.895879731780127433e-04	6.941484238388777946e-05	9.023245580393792755e-05	-2.772520839052957644e-04	-1.499313804775094820e-05	-1.707797048469097598e-04	1.903059897374577094e-05	5.291339869228755128e-05	8.954808296385646468e-05	8.082741076626185598e-05	2.553448611546097662e-04	-3.720559721791880244e-05	-8.467147929469613860e-05	-3.425718761883075197e-04	-5.358703575840657147e-05	1.625409259709311967e-04	6.536584417217390424e-04
1.469808233567523306e-04	2.342150020545725287e-05	-1.005650216668213179e-03	-1.317361024621257256e-04	-6.623764890269260523e-04	-5.046833051062581761e-05	-2.069370828236331185e-06	2.162130200954700046e-04	-8.483077511177807874e-05	7.252545904336553557e-05	-3.662499157632450437e-04	1.612053262540407502e-04	-9.112524846384196554e-04	3.315832885084047071e-04	5.842891697095063111e-04	5.779153890822185096e-04	-7.933152308185684176e-04	-3.520889401038030395e-04	-5.919918892414134052e-04	5.086042726464450915e-04	-1.771888390033126239e-04	1.783454390795008405e-04	1.034474100597424423e-04	-8.204115738420287478e-05	-1.045573799400463522e-04	-2.002474502460488545e-06	4.889049327931166943e-04	7.889220305609413167e-05	1.160626769593962881e-03	5.426762763262055894e-05	0.000000000000000000e+00	-3.324963853986612227e-04	-4.642193422436526702e-04	-9.467270682347953817e-04	-2.323910928968949069e-04	9.612285021442746810e-04	2.139335425406431077e-04	2.117419352745459520e-04	-3.595223210168278706e-05	-7.542423290453354866e-04	-4.989606354256857085e-05	1.096814749267113027e-04	1.916503597965364734e-05	1.498898522244080351e-05	9.744580755392734720e-05	-5.187075931596718851e-05	-3.695495979610615746e-05	8.065331051914669306e-05	-4.723521579989901865e-05	3.722709427943322533e-04	-2.163604563765086008e-04	-4.659573952995845402e-09	-1.877340833708508608e-04	-1.772712008615923911e-05	-4.666080482863060403e-05	2.820306116730360692e-04	6.447844688825781889e-05	5.490975334370874891e-04	-7.184800461290728572e-05	5.338285283014332930e-06	-7.102046254383923528e-04	3.307024451443900913e-04	2.854178616891825133e-04	1.410109490315286521e-03
1.296407170363506902e-04	-1.190056316616002125e-04	-1.549134146608536805e-04	-1.659909328566060095e-04	1.824529754398108070e-05	-1.208200386269273931e-04	-5.115824363190615376e-05	-6.391350458114148682e-05	7.618760493063902236e-05	2.059022982825476296e-05	1.660965433718759941e-04	-8.698047921941841755e-05	3.867149722440864790e-04	-1.308870313203728858e-04	4.059417361590602599e-05	-1.350964365623378162e-04	2.220826224827720803e-04	1.947756847882624494e-04	4.136922961391634396e-04	-1.851412763413672914e-04	1.318723827063880379e-04	-3.181198361454217621e-05	8.231978080248893073e-05	4.137693080352523775e-05	7.421601516109351329e-05	1.270612838937955520e-05	5.632289589266667321e-05	1.161966189836376038e-04	1.124524718179294256e-05	3.530779013095505206e-04	3.324963853986612227e-04	0.000000000000000000e+00	-1.101704129756013451e-04	5.489604715585124283e-04	3.619703434425125804e-04	2.402663133373082141e-05	-8.973377659142260757e-06	1.477766679438495998e-05	-8.622217812602928251e-05	2.188484636526450073e-04	8.119303320680733294e-05	-1.108531222944317198e-04	-3.753199458414647636e-05	8.467281390208683187e-05	-6.191564006858778140e-06	2.569349389845495689e-04	2.474376193591977004e-04	-1.353977223783849656e-04	1.215293718453951545e-04	-3.093028530821303416e-04	-1.263579342303867189e-04	-5.337870555433689532e-06	3.247439016593965102e-05	7.480392869610563559e-05	9.928076850205424164e-05	-1.988619424405342964e-04	7.978748869681172372e-05	-2.110036800792651458e-04	1.849212658303118513e-05	-9.039153810320294229e-10	3.668885129896183963e-04	3.123677341187224222e-05	1.862309194435667579e-04	-5.612072975332867272e-04
-3.309599877778769900e-04	-1.275155068715109108e-04	1.035732097256800252e-04	3.225164989415805561e-04	1.152999688194318193e-09	4.711653200719132613e-05	-1.866358977111567583e-04	-8.494563283075712398e-05	-1.369463596924513742e-04	7.036684526797412794e-05	-1.808284314507367410e-05	3.473618729518150789e-05	-1.104232283454079268e-04	-9.707886749406849012e-05	-2.619297013474686459e-04	1.582725639679188521e-04	-1.606728101096438596e-04	6.309809798850843214e-05	2.246757405336062644e-05	9.157432003142894383e-05	3.717034860401383144e-05	-5.041509977696363587e-06	-1.005558903474864946e-04	7.114382854044319681e-05	1.400256920732340636e-04	3.687580137297816435e-05	-3.190140028322150452e-05	1.000078775726567483e-04	6.552988570549989782e-05	3.812786730893289334e-04	4.642193422436526702e-04	1.101704129756013451e-04	0.000000000000000000e+00	-5.528006038985521159e-05	2.562936340842512586e-05	8.170543801837239131e-05	5.203471206641410295e-05	6.316300489134400796e-05	4.054089543012668120e-05	4.463274672186393717e-05	-4.701867594284037219e-05	-1.022154785879644888e-04	3.408947453121755484e-05	4.074773265711926704e-04	1.464147235769423523e-04	6.371256532294615124e-04	1.688418281578507054e-04	-9.536093147832785553e-05	-1.997651325172701293e-04	-1.616751583255555871e-04	1.038687975361942198e-04	6.623896345996573183e-04	4.207410697059492941e-05	3.655398279821603846e-04	-1.339890832709274161e-05	-6.134758646657778244e-05	-6.212888933241876859e-05	5.864299901507263760e-06	-6.051676345644173711e-05	-1.824569861715835114e-05	-1.764960295397562736e-04	-1.986404804018890682e-04	-1.951998663028337076e-04	2.343230541623251504e-05
-1.066491403424757282e-03	4.109426620763199532e-04	7.161035451387401905e-04	4.372883329390386212e-04	1.104255298151450310e-04	-1.052642857139117044e-04	-6.464632228966478694e-04	2.795220456499622493e-05	5.283533580275918008e-04	-3.288149983919128643e-06	3.508231167023968632e-05	-2.267243342532379688e-04	-2.732039296494417034e-09	-1.538644827145790590e-04	6.456854449331815614e-04	-2.073564133591920339e-05	9.547234788877796783e-04	-6.012129939387154064e-06	1.724085806670476819e-04	-9.337704909019891697e-05	9.527184433039852848e-05	1.559384878268827270e-04	6.014567406988752772e-04	-3.756700081265451722e-05	4.757073845498304191e-04	-1.549441770477772221e-04	2.114503715669583707e-04	-2.532959949841519204e-06	8.640284919017901088e-04	4.485233716915492178e-04	9.467270682347953817e-04	-5.489604715585124283e-04	5.528006038985521159e-05	0.000000000000000000e+00	1.252851498499138808e-04	5.578179474015941899e-04	7.922183990766420362e-05	4.568326829876629054e-04	2.048384404176506652e-04	-2.456769962152008380e-05	-9.193127404802674176e-05	-1.242194529081821336e-04	2.168894916596865452e-04	3.772453141785832797e-04	5.558548530923748936e-04	6.074935237950194761e-04	1.984836872941337185e-04	-1.022369816759841586e-03	-6.832612092917526598e-04	2.805915056102199355e-04	4.269085927200756431e-04	9.112523907626097520e-04	2.855825174623632598e-04	2.061225693181643242e-04	-2.121354233907072739e-04	-4.519180572966690289e-04	1.110138590717046447e-04	1.085245799754732628e-06	-3.881060980433452664e-05	-3.867272800900385232e-04	-6.056930988878612271e-05	-7.538139976703656878e-04	-9.542039561459035395e-05	-4.180200141635094079e-05
-2.859017163491496755e-04	2.685282917186274185e-04	2.850634108999853741e-04	5.711996749480624102e-05	-3.717005003162364473e-05	-5.676064356468942641e-05	-1.984425852154252817e-04	9.896585569318808520e-05	2.847231611184226040e-04	4.687410627333094091e-05	-1.061228391438686950e-05	-1.904040469059565784e-04	-9.527491265552727939e-05	-1.838941330698516175e-04	3.252777268908284085e-04	1.203638620277173277e-04	5.815864336169391602e-04	2.596529190562654179e-06	2.422596575021633504e-06	-2.191326993488754431e-04	-8.205468919348507528e-10	-9.727547230951334096e-06	2.946447591153963496e-04	2.123279912433218009e-05	1.223418030416943258e-04	-1.796247683826450545e-04	-3.161937353350052071e-07	1.977189307277045759e-05	3.544188872832939371e-04	1.131737628848214044e-04	2.323910928968949069e-04	-3.619703434425125804e-04	-2.562936340842512586e-05	-1.252851498499138808e-04	0.000000000000000000e+00	1.873790935038681914e-04	4.593902074140781996e-05	1.423127059464280393e-04	4.820552258916563647e-06	-8.223942714441186477e-05	-2.853926215600960706e-05	-1.580159757616085136e-04	-1.890179548509583887e-05	6.373574440198404977e-05	1.158768605847824453e-04	5.153217896679684065e-05	-2.331511631512201994e-05	-5.102368239668291861e-04	-1.944242320086439122e-04	1.315036713144272155e-04	4.885947372250424518e-05	1.771882656172438556e-04	-4.078590489523763586e-06	-1.259687965312006208e-05	-9.642789992245868612e-05	-1.194709769261589666e-04	1.093728838234324049e-04	1.011841200636374571e-04	-2.521388441995357744e-06	-1.318780315341012716e-04	-7.315427098582394740e-05	-1.942124368679773710e-04	1.515029371103007358e-04	1.819236324891647339e-04
7.515378274021101892e-04	-6.536946078377839234e-05	-3.483137915484644663e-04	-4.824950106132974530e-04	-6.553311042526468707e-05	-8.954017224878035668e-05	3.432152071987484604e-04	9.976981856490020183e-07	2.643585177901610272e-04	-1.535861150901983067e-05	-4.967253794481818040e-04	-4.792050558574914468e-05	-8.640220694478106638e-04	2.001722530908827042e-04	5.717819971142883194e-04	3.585386474867036186e-04	2.360153814070184994e-04	-1.525802296221454414e-04	-6.249905917053042922e-04	-8.892233481849303985e-05	-3.544146486245448608e-04	5.289328578133920932e-05	2.238795336728333172e-04	1.558761382475732773e-06	-4.988984619867834706e-04	5.604874896819410758e-05	1.511694869546536992e-04	-3.365564071152645225e-05	3.709408092788113052e-09	-5.427366037667801044e-04	-9.612285021442746810e-04	-2.402663133373082141e-05	-8.170543801837239131e-05	-5.578179474015941899e-04	-1.873790935038681914e-04	0.000000000000000000e+00	6.611563995726286839e-05	-3.351246540512023159e-05	-6.441942217551734475e-05	-5.145265652565479079e-04	-3.304220008798733652e-05	9.135131216620739360e-05	1.100425888251292034e-05	-6.047833974646668782e-04	-4.715934851060000436e-05	-1.245861461125186663e-03	-6.054988771919888550e-04	-5.244750691746494838e-05	4.362321579237057358e-04	4.979644123018928272e-05	-1.402871802173127327e-04	-1.160622082196804961e-03	-4.700580453394235722e-05	-7.659102356937380358e-04	-1.109572911237385212e-04	-7.547297503456937515e-06	1.549179869801798975e-04	3.485296619454113904e-04	-3.695371192748389435e-05	-1.124615347161329536e-05	-3.177864545201019176e-04	3.291817726548388777e-04	3.818149474156667120e-04	9.091727594336893037e-04
2.011176540618397966e-04	2.980482284254095518e-05	2.969349975845446339e-05	-1.056800545351896419e-04	-5.203704178653835780e-05	-1.041776525045614795e-05	1.182931741430088245e-04	6.532407913448887876e-05	2.980510989094901526e-05	5.207638753559681454e-05	1.429057019767360826e-05	-8.056327913851676578e-05	-7.922191771765748833e-05	-8.532492690992417935e-05	-4.327484073660865906e-06	1.041326258672083588e-04	2.969417071589694181e-05	1.429068800692610277e-05	-3.608078354289730606e-05	-1.159148766140098854e-04	-4.593894935184982464e-05	-5.780436160255872526e-05	-2.064820666883107568e-05	4.226646372652318942e-05	-1.056798499958890383e-04	-8.056408260365805450e-05	-1.159165349715793574e-04	-3.628693448563157092e-06	-6.611487274468520704e-05	-9.884863351112248026e-05	-2.139335425406431077e-04	8.973377659142260757e-06	-5.203471206641410295e-05	-7.922183990766420362e-05	-4.593902074140781996e-05	-6.611563995726286839e-05	0.000000000000000000e+00	-6.722334802819652936e-05	-6.794589800732471127e-05	-2.732261802210433866e-05	-1.041766976204556996e-05	-8.532745336885232546e-05	-5.780529387166469365e-05	-9.884898273420731078e-05	-6.722299197654151882e-05	-2.313527623065734324e-04	-1.144133863733268913e-04	6.525778754679691660e-05	1.182927041312592113e-04	-4.328317166701378365e-06	-2.064835340171366782e-05	-2.139330681912882820e-04	-6.794660982649147220e-05	-1.144129901991047604e-04	2.223627969345315326e-05	1.202521740371265070e-04	6.532307188307015923e-05	1.041326018739633188e-04	4.226638439685818037e-05	8.973686532959259738e-06	-2.732279856090014214e-05	6.525882171523298433e-05	1.202505379797833842e-04	1.475669188842722909e-04
1.871359409997293125e-04	-8.502618348964484000e-06	-1.128787486724944277e-04	-3.954533747943906284e-05	-1.464153309398470053e-04	5.438787783523547090e-05	1.802022186405474193e-04	5.782980279239909716e-05	1.189877951002785356e-04	-1.010091208659762255e-05	-4.204562465414099959e-04	-1.329244697539357961e-05	-5.558354578741736551e-04	9.483603907821982473e-05	2.785409852593339437e-04	2.140968665072946189e-04	7.656306553590505018e-05	-1.836507992905879992e-04	-4.957384622747656837e-04	-1.639911174355112894e-05	-1.158671285964164681e-04	3.202866137073472053e-05	1.248959425988454696e-04	-2.844679649043082878e-05	-2.608153094917549939e-04	-1.763332505469800073e-05	-1.266355420105103327e-05	5.512095212963486721e-05	4.716299972877436729e-05	-1.554851496171701813e-04	-2.117419352745459520e-04	-1.477766679438495998e-05	-6.316300489134400796e-05	-4.568326829876629054e-04	-1.423127059464280393e-04	3.351246540512023159e-05	6.722334802819652936e-05	0.000000000000000000e+00	-1.428575943899059245e-05	-2.839331599598215322e-04	-8.261490247202430857e-05	-3.236182515525032512e-05	-4.780749961278495217e-06	1.919847085176281363e-05	1.324559508804362034e-09	-2.785186266376101340e-04	-1.418790833479410449e-04	-5.201476859418781328e-05	8.562108237680631656e-05	9.188538014827520939e-05	-2.917822039721616766e-05	-9.743719197907336755e-05	-1.062525517713749945e-04	-1.217689772624957166e-04	1.553376489272084913e-05	1.430425856635796620e-04	7.862179173690776995e-05	3.310609050675872734e-04	-3.790683486478984849e-05	6.189946928129117252e-06	-2.808856468671891860e-04	1.575481055470553656e-04	1.732479155971261282e-04	6.207014688111986075e-04
7.736022460115624100e-06	-9.929171326631947004e-05	-4.084148997478714396e-06	9.966601553485448075e-05	-4.207308361939495237e-05	5.861724226076014314e-05	2.645963481168396139e-05	-4.970663682385994311e-05	-7.384965191857813200e-06	3.436624251235686491e-05	-1.937525373931916844e-04	-3.215813896991119385e-06	-2.855720801495504040e-04	-4.481482649335035676e-06	-1.202198637292123680e-05	1.427523402475659937e-04	-5.309618154598970912e-05	-4.468687001287987995e-05	-1.755930013742394377e-04	3.220170037556738219e-05	4.083532108651120112e-06	6.445304658152718875e-06	-1.120558197367307827e-05	-4.315632946634255411e-06	-8.243606688612377734e-05	3.842867041501508665e-05	1.811594947680828284e-06	7.664822169321352575e-05	4.700589360066777418e-05	5.310384368027976879e-05	3.595223210168278706e-05	8.622217812602928251e-05	-4.054089543012668120e-05	-2.048384404176506652e-04	-4.820552258916563647e-06	6.441942217551734475e-05	6.794589800732471127e-05	1.428575943899059245e-05	0.000000000000000000e+00	-1.045834204260676965e-04	-4.352498572687581440e-05	-3.694898894331067815e-05	4.595210406339736100e-05	1.707849349786122429e-04	1.062536726562843248e-04	9.288572054327949080e-05	-2.745129621485416422e-05	-6.740923846982590844e-05	5.940249560103773920e-06	-3.839293655160641691e-05	6.652545628002427944e-05	1.877441923609236818e-04	5.277228100328678354e-10	8.706855122697895245e-05	-6.011370088686903562e-06	7.078954956546087205e-06	9.853554920627849553e-06	1.220793890389549219e-04	-8.049110040345762809e-05	-3.247548584468932565e-05	-2.216002549330581359e-04	-2.549395770616780303e-05	-2.020277259182223789e-05	2.701503876094005566e-04
-7.782649838901892388e-04	2.275456676440630317e-04	3.863553196358694318e-04	3.327876310386800474e-04	1.764971571826091739e-04	-6.618460261247305311e-05	-4.956469468148524092e-04	-5.352413066560740085e-05	2.930914654031647809e-04	-5.493583736527649867e-05	-3.858683239944588652e-05	-1.453883006825141362e-04	6.056702047478526986e-05	-1.356804779608912449e-04	1.577772100374759683e-04	-8.345821106586399116e-05	3.855937958200128545e-04	-3.133963072224492554e-05	6.918315197535857214e-05	4.510777350412590377e-05	7.315288999824093774e-05	9.215635176022742188e-05	1.984397821842536890e-04	-5.001122563314035164e-05	3.668017628915179029e-04	3.164705707158243554e-06	1.889145062163811648e-04	5.660353472594029117e-06	3.177898542689436322e-04	3.573220196080730644e-04	7.542423290453354866e-04	-2.188484636526450073e-04	-4.463274672186393717e-05	2.456769962152008380e-05	8.223942714441186477e-05	5.145265652565479079e-04	2.732261802210433866e-05	2.839331599598215322e-04	1.045834204260676965e-04	0.000000000000000000e+00	-4.433363870094697985e-05	1.186343053192420326e-04	2.002992320512868513e-04	3.425735637261034913e-04	2.808951987061893878e-04	5.997912083368194935e-04	2.318212842163997389e-04	-4.966799291524302135e-04	-4.597474070352425214e-04	3.071659182771761180e-04	2.989173826064427282e-04	7.102057696854225961e-04	2.216051645193392225e-04	2.286568291279829194e-04	-1.264121644401177812e-04	-3.182008612716198150e-04	8.318873599470705076e-05	-9.896920902695234340e-05	-7.614396998319419483e-05	-3.668939120265005170e-04	-4.381368324583531128e-10	-5.169923275853702607e-04	-1.345262852746375638e-04	-1.367372265955211033e-04
-9.133779783115813697e-05	8.023526836770520829e-05	2.483967440808163352e-05	5.602243164801590095e-05	-4.711676181211263425e-05	9.944757286830071446e-11	-5.688200174948268139e-05	7.018472805280760740e-05	-5.641614260970759524e-05	1.593339491840021902e-06	6.399258217952756111e-05	6.446342326373150056e-05	1.052652693528887372e-04	4.465618083782620708e-05	-2.782270137541336058e-05	-4.996132051188200703e-05	7.838581578778936083e-05	7.137113534068432975e-05	9.096467487277215980e-05	3.828874682995543898e-05	5.676064414718311511e-05	7.493997513311338493e-05	9.819113242020552010e-05	1.605121719694732997e-05	3.297633870875436662e-05	-3.974814951675121347e-05	-5.731312641900241107e-06	-1.653966544091459251e-05	8.953956676944547404e-05	-8.564561567683552355e-06	4.989606354256857085e-05	-8.119303320680733294e-05	4.701867594284037219e-05	9.193127404802674176e-05	2.853926215600960706e-05	3.304220008798733652e-05	1.041766976204556996e-05	8.261490247202430857e-05	4.352498572687581440e-05	4.433363870094697985e-05	0.000000000000000000e+00	-4.994453289943575540e-05	-4.716830167013934185e-05	1.731971695362181148e-05	-5.439012913618850400e-05	-9.634144023193486821e-06	8.245123871489102164e-06	3.977655682007254678e-05	-3.992416028952092014e-05	-8.007739702893892659e-05	-9.487028260771758730e-05	5.046692610495186876e-05	-5.861844437122383896e-05	-2.338281873988145836e-05	-3.578134957656799848e-05	1.727825925467400277e-05	-5.433043648061735924e-05	-6.563246947699223253e-05	2.103196177230938577e-05	1.208220550587330884e-04	6.618509583814375383e-05	9.812999368873803231e-05	-2.760525988175513776e-05	-1.267357523131258570e-04
3.818187695849860385e-04	-1.895484615127234184e-05	7.294655979183658568e-05	-2.073542709000838666e-04	9.707864860756166994e-05	-4.465544524758424325e-05	2.312749505901795510e-04	-5.618876468964756593e-05	-3.466476375362717436e-05	3.015277789300557657e-05	1.089203599630728927e-04	3.157054574075468165e-05	1.538649549313856506e-04	3.103601214510942749e-10	-4.388263440027026963e-05	-1.226018282887031017e-04	2.078504107066878265e-04	7.230194899433180504e-05	2.294849085607970321e-04	-5.960166017993228792e-05	1.838950247774323035e-04	3.763217259295285021e-05	1.150178990530396575e-04	-9.440277758051891668e-05	3.644816526235503031e-05	1.033054146973944197e-05	-6.341666012619082897e-05	3.034335755247463158e-05	-2.001731813485421361e-04	4.877889361900974221e-05	-1.096814749267113027e-04	1.108531222944317198e-04	1.022154785879644888e-04	1.242194529081821336e-04	1.580159757616085136e-04	-9.135131216620739360e-05	8.532745336885232546e-05	3.236182515525032512e-05	3.694898894331067815e-05	-1.186343053192420326e-04	4.994453289943575540e-05	0.000000000000000000e+00	-2.224605417892574002e-05	-5.920806572817472005e-05	-9.483698394753192957e-05	-1.103844682250847815e-04	1.329274346996016081e-05	1.027666325325445832e-04	1.697536223346052622e-04	-3.796736689710535285e-05	-1.218564777300951751e-05	-3.315942948839250550e-04	4.480819103183992384e-06	-1.344571454253538239e-04	5.455658690860157035e-05	-3.761963281737831257e-05	-9.192966385839660629e-05	-2.149751951841839476e-05	3.360762729132037402e-05	1.308866891148541896e-04	1.356803269954226304e-04	4.355170697412552626e-05	-3.969081293561564172e-05	-2.216354060677792025e-04
1.953881936353024608e-04	4.620195105280977522e-05	4.015294698842531676e-05	-1.942205219938710815e-04	5.041218718390253108e-06	-7.493840861153442594e-05	1.141879011285248501e-04	1.479327956388072111e-05	-1.008000325807002401e-05	1.816061962454208019e-05	-4.731922454169730719e-05	-1.156251771452213348e-05	-1.559472881717856990e-04	-3.763226130401756906e-05	1.311652595845410457e-05	1.007511049065497810e-04	4.017568162724902950e-05	-1.860977562201572176e-04	-1.344900224540463481e-04	-4.206076761042272169e-05	9.723542298877822668e-06	-4.437505047660116137e-10	2.424945832360221945e-05	-8.371021141478798919e-05	5.700387317737144792e-05	-8.411144248314805116e-06	-2.390693784058589249e-05	2.268839733492543619e-05	-5.289375808676328235e-05	6.378037791993791379e-05	-1.916503597965364734e-05	3.753199458414647636e-05	-3.408947453121755484e-05	-2.168894916596865452e-04	1.890179548509583887e-05	-1.100425888251292034e-05	5.780529387166469365e-05	4.780749961278495217e-06	-4.595210406339736100e-05	-2.002992320512868513e-04	4.716830167013934185e-05	2.224605417892574002e-05	0.000000000000000000e+00	-6.488740102817856445e-05	-3.202889082711121368e-05	-1.031985490785367038e-04	-1.660736497154978336e-05	9.018389414883955127e-05	1.431362555231064509e-04	8.679928276862986154e-05	2.774436481450722060e-05	-1.783540808575850118e-04	-6.445669495190094477e-06	-7.408454813205198573e-05	5.796273283785523082e-05	5.598927995439055013e-05	-4.840210576089465824e-07	1.006316903423711646e-04	-2.249479875497208180e-05	3.181232619378995558e-05	-9.215968776681070316e-05	-1.193759913878215690e-05	6.020347595651263207e-05	1.987280300810798377e-04
1.583109414566406131e-04	-1.044936919048067411e-04	-5.917497447838226433e-04	-7.314325584293308933e-05	-3.812725615369844372e-04	8.563582755491595759e-06	6.941307656776762338e-05	8.082284952421814935e-05	2.648851651465876985e-05	1.715991481466751657e-05	-2.146148151596222729e-04	-7.280040927735157352e-05	-4.485260091379214662e-04	-4.878396337372309084e-05	9.023739593949944534e-05	2.553461373745799100e-04	-6.791848144106860195e-04	-1.614957350417030118e-04	-2.619129577932796334e-04	2.603537427590301226e-04	-1.131745673425389671e-04	-6.378466745440641242e-05	-2.772521698593677494e-04	-3.720589732895696880e-05	-6.821942229324520475e-05	7.587022303944061232e-05	2.623376655693505748e-04	2.649002601616315717e-05	5.427398619245102623e-04	9.325952836548556917e-10	-1.498898522244080351e-05	-8.467281390208683187e-05	-4.074773265711926704e-04	-3.772453141785832797e-04	-6.373574440198404977e-05	6.047833974646668782e-04	9.884898273420731078e-05	-1.919847085176281363e-05	-1.707849349786122429e-04	-3.425735637261034913e-04	-1.731971695362181148e-05	5.920806572817472005e-05	6.488740102817856445e-05	0.000000000000000000e+00	1.554895143847911379e-04	9.447151800704052527e-06	1.903257054778955890e-05	-5.359381776842896898e-05	6.205692799201380271e-05	2.205975027360514130e-04	-2.704091699404898748e-05	-5.426819399959090359e-05	-5.309887450018010058e-05	4.623390047495461402e-05	5.291352910397542218e-05	1.625298243640465505e-04	1.662598615392337073e-04	2.494557248619990808e-04	-6.592509983342446239e-05	-3.530775332874525356e-04	-3.573225848415980885e-04	-1.895824518109982435e-04	8.955860726763290665e-05	6.536601429310939619e-04
1.871422069591618898e-04	1.189865771984535182e-04	7.656177860368274901e-05	-2.608183283128327127e-04	-6.316302255379732211e-05	-8.261209784405787601e-05	8.562550318129848843e-05	7.862115106144491991e-05	-8.502089986407488257e-06	-1.010007534358196426e-05	-1.836591539154291465e-04	-1.763394061213558307e-05	-4.568513718343333776e-04	-3.236231187474324751e-05	9.188647269292780331e-05	3.310715515699226043e-04	-1.128774607509240645e-04	-4.204631976408077887e-04	-4.957568254870838281e-04	-1.266622319021005105e-05	-1.423221501741888501e-04	-4.782310716025650119e-06	-2.917877817467506903e-05	-3.790539536981480599e-05	-3.954807881989963068e-05	-1.329131366209444155e-05	-1.639828653210748344e-05	5.512217296775302034e-05	3.351239667434747658e-05	1.919410333693792381e-05	-9.744580755392734720e-05	6.191564006858778140e-06	-1.464147235769423523e-04	-5.558548530923748936e-04	-1.158768605847824453e-04	4.715934851060000436e-05	6.722299197654151882e-05	-1.324559508804362034e-09	-1.062536726562843248e-04	-2.808951987061893878e-04	5.439012913618850400e-05	9.483698394753192957e-05	3.202889082711121368e-05	-1.554895143847911379e-04	0.000000000000000000e+00	-2.785254907177036211e-04	-1.217728118352407146e-04	1.575497418691008652e-04	1.802053725782536359e-04	2.785411420505093643e-04	1.248958714719532247e-04	-2.117494187432087359e-04	-1.428587573960238449e-05	-1.418813807099705534e-04	1.553209051516467201e-05	1.732481892167444647e-04	5.782980917080428644e-05	2.141070393030026131e-04	-2.844515284551700767e-05	-1.477593888183147059e-05	-2.839400581859836958e-04	-5.201130512476101584e-05	1.430444703107043841e-04	6.207217852235625720e-04
9.213802995151818530e-05	-1.599880677815674278e-04	-1.131878342188356434e-03	-1.441637948434963684e-05	-6.371123057030557597e-04	9.632558743262261574e-06	3.109052590669884755e-05	1.150981412063096132e-04	-1.599810035965413169e-04	4.720332650479142653e-05	-2.450582829179256700e-04	9.117998417360376716e-05	-6.074964146739446087e-04	1.103741642043498623e-04	2.418739382257565598e-04	3.954148323211620440e-04	-1.131872971201016223e-03	-2.450568119288161787e-04	-3.192363202814058661e-04	6.083481369239523030e-04	-5.153395107301490162e-05	1.031905209054863543e-04	-1.633246580790695466e-04	-9.148198883030645530e-05	-1.441411058578613843e-05	9.118771434448228169e-05	6.083644015234523092e-04	-8.359058216746006675e-06	1.245865697739502540e-03	-9.445143027001306032e-06	5.187075931596718851e-05	-2.569349389845495689e-04	-6.371256532294615124e-04	-6.074935237950194761e-04	-5.153217896679684065e-05	1.245861461125186663e-03	2.313527623065734324e-04	2.785186266376101340e-04	-9.288572054327949080e-05	-5.997912083368194935e-04	9.634144023193486821e-06	1.103844682250847815e-04	1.031985490785367038e-04	-9.447151800704052527e-06	2.785254907177036211e-04	0.000000000000000000e+00	6.239913142517053424e-05	-7.420007704049731440e-05	3.109234707038166404e-05	2.418636620243082421e-04	-1.633260042434572443e-04	5.186590401465761226e-05	-9.287626860122995883e-05	6.239665842106481152e-05	3.987543867548965117e-05	1.388292429985156322e-04	1.151072243764199581e-04	3.954135982648334562e-04	-9.148258788558219089e-05	-2.569335230590820375e-04	-5.997906234316968937e-04	-7.419053249338908350e-05	1.388500246549841501e-04	1.074093455462224282e-03
-1.648051588460495054e-05	6.136387388027834998e-06	-5.391797064673575779e-04	3.143132809324804283e-05	-3.655333380423876188e-04	2.338213069013244999e-05	-2.130510275006245976e-05	1.033934858715126104e-04	-7.834608921984423878e-05	2.747467665224033727e-05	-7.322170662951260319e-05	8.600056903009073678e-05	-2.061216188107320131e-04	1.344535469840925498e-04	7.119467366893504493e-05	1.321743965626943971e-04	-4.421481571930330678e-04	-5.227730754987357665e-05	-7.730404540011211331e-05	3.555194520635523861e-04	1.259705134284815860e-05	7.408183441741297013e-05	-4.368427655348524176e-05	-3.077264195143370476e-05	9.342582790288009585e-06	-2.079500575495752529e-05	3.042150403107425237e-04	-2.728013134194069022e-05	7.659125479940840243e-04	-4.623422566658684897e-05	3.695495979610615746e-05	-2.474376193591977004e-04	-1.688418281578507054e-04	-1.984836872941337185e-04	2.331511631512201994e-05	6.054988771919888550e-04	1.144133863733268913e-04	1.418790833479410449e-04	2.745129621485416422e-05	-2.318212842163997389e-04	-8.245123871489102164e-06	-1.329274346996016081e-05	1.660736497154978336e-05	-1.903257054778955890e-05	1.217728118352407146e-04	-6.239913142517053424e-05	0.000000000000000000e+00	-4.651871531491123053e-05	-2.912463300355098156e-05	-2.055497961201369639e-05	-2.047695822013225701e-04	1.772266143245110139e-05	-8.706390294955815789e-05	-1.107221032673150023e-09	-2.548838960456361463e-05	5.620363229271721825e-05	3.008385196097365535e-06	1.380426493018820674e-04	-4.155424458020111919e-05	-7.480381605831309629e-05	-2.286559133978239005e-04	5.137925372550005955e-05	-4.328252656776467565e-05	3.936512331919186447e-04
4.325564442530125883e-04	-1.213443110026717585e-04	2.508193797055504950e-05	-2.265963028862547567e-04	1.986403540176126243e-04	-9.813106483539836143e-05	5.389910584293695412e-05	-1.393862014831984217e-04	5.220134864622868526e-05	9.934556350798750358e-06	3.318756598542145931e-04	-3.404820758118793950e-05	7.538229215766896561e-04	-4.355071344132280551e-05	-1.483754191345939091e-04	-5.221978193266792710e-04	2.493264145874331955e-04	4.916029985717598402e-04	8.203296192766076000e-04	-5.235321600282260776e-05	1.942178604014934340e-04	1.193947426242079391e-05	6.497366651064896193e-05	4.047896962485591219e-05	-1.546663748932851161e-04	1.288993937637980675e-05	-1.010983646008923513e-04	1.174046139896781809e-04	-3.291825226024323241e-04	1.895879731780127433e-04	-8.065331051914669306e-05	1.353977223783849656e-04	9.536093147832785553e-05	1.022369816759841586e-03	5.102368239668291861e-04	5.244750691746494838e-05	-6.525778754679691660e-05	5.201476859418781328e-05	6.740923846982590844e-05	4.966799291524302135e-04	-3.977655682007254678e-05	-1.027666325325445832e-04	-9.018389414883955127e-05	5.359381776842896898e-05	-1.575497418691008652e-04	7.420007704049731440e-05	4.651871531491123053e-05	0.000000000000000000e+00	8.690164570070476452e-05	-3.373414047118458584e-04	-1.437833585961235819e-04	-3.306934930460830868e-04	2.549310170505359057e-05	-5.137613348607433713e-05	2.250607640286524005e-05	-2.118535738162553817e-04	-2.123838629102917875e-05	-3.534334050894852872e-04	9.645672548064182842e-06	-3.123896908453404952e-05	5.169949440604023391e-04	-1.273117310195418168e-09	-1.003301190391997857e-04	-1.106204039839618104e-03
-1.238973366114902105e-04	1.687847139798454086e-04	4.067234292934944180e-04	1.092386529423842697e-04	1.866298488190470646e-04	5.688291647404613693e-05	1.027399722583946366e-09	4.271645285986969641e-05	4.311536405372347000e-05	-1.155601942089329166e-05	2.616790985854593622e-04	-1.278915619125489201e-04	6.464637162914699383e-04	-2.312699725359261787e-04	-2.893789283437536155e-04	-3.568544351777879929e-04	4.689576761187658357e-04	3.222301146521643457e-04	4.924073789895257874e-04	-3.376573701262468134e-04	1.984434557311861029e-04	-1.141835664715649826e-04	-7.928579641401453743e-06	4.741889511577320246e-05	1.096699714337794697e-04	-1.281626456812615469e-04	-2.348498626670315870e-04	-8.856815807209020362e-05	-3.432172765993552811e-04	-6.941484238388777946e-05	4.723521579989901865e-05	-1.215293718453951545e-04	1.997651325172701293e-04	6.832612092917526598e-04	1.944242320086439122e-04	-4.362321579237057358e-04	-1.182927041312592113e-04	-8.562108237680631656e-05	-5.940249560103773920e-06	4.597474070352425214e-04	3.992416028952092014e-05	-1.697536223346052622e-04	-1.431362555231064509e-04	-6.205692799201380271e-05	-1.802053725782536359e-04	-3.109234707038166404e-05	2.912463300355098156e-05	-8.690164570070476452e-05	0.000000000000000000e+00	-3.221667852129575667e-04	-1.756551383495003245e-04	2.069584891650246006e-06	-2.646404639196615167e-05	2.130525036941584641e-05	1.853192789884264421e-05	-1.112239593731405296e-04	-2.487139739110880897e-05	-3.930646378540578103e-04	3.212586585639495959e-05	5.115742622514380051e-05	4.956461542080721787e-04	-5.390514390855306295e-05	-5.886210749533947288e-05	-9.332228953617413905e-04
6.349488222508715366e-04	-1.181319547921626619e-05	2.364200289862418902e-04	-2.120357446032932608e-04	2.619300072923172028e-04	2.782236314025153100e-05	2.893744420776167125e-04	-1.210571529810046442e-04	1.643955216523022064e-04	-3.118264307657278762e-05	-4.514719296876926083e-04	-5.181126143881921794e-05	-6.456798941865865603e-04	4.388400285881404470e-05	2.581087276003342979e-09	1.916716173761069176e-04	3.173760661379742393e-04	-1.057324986301078220e-04	-5.626653106205992908e-04	-6.565448486293691500e-05	-3.252743156414985778e-04	-1.311549995893682532e-05	4.977530269841245461e-05	-4.097088246927585832e-06	-1.698327752428871614e-04	3.257114446220062175e-05	-2.228493716414067024e-04	1.367791397936862359e-06	-5.717811973770898712e-04	-9.023245580393792755e-05	-3.722709427943322533e-04	3.093028530821303416e-04	1.616751583255555871e-04	-2.805915056102199355e-04	-1.315036713144272155e-04	-4.979644123018928272e-05	4.328317166701378365e-06	-9.188538014827520939e-05	3.839293655160641691e-05	-3.071659182771761180e-04	8.007739702893892659e-05	3.796736689710535285e-05	-8.679928276862986154e-05	-2.205975027360514130e-04	-2.785411420505093643e-04	-2.418636620243082421e-04	2.055497961201369639e-05	3.373414047118458584e-04	3.221667852129575667e-04	0.000000000000000000e+00	1.259275966647156438e-05	-5.842806283230909947e-04	1.202195902580707688e-05	-7.119066371219657239e-05	1.243108554856087655e-04	-5.983126237940443459e-06	-2.254150509540366672e-07	1.730381495322652651e-04	-5.636235662776016000e-05	-4.059452360590154783e-05	-1.577767261376999790e-04	1.483758079449362297e-04	-5.390212311293925634e-05	4.090457510501702143e-04
2.135433341472838561e-04	3.950648029632126686e-07	5.874740076724578364e-05	-1.900643104889212912e-04	1.005560261585723963e-04	-9.818904447520787723e-05	7.928306295804091381e-06	-6.098698290115405792e-05	5.632421924322649729e-05	1.056471283619229789e-05	-3.216222058812496891e-04	-6.993654046594333725e-05	-6.014695234975878189e-04	-1.150177139422148634e-04	-4.977261423196642032e-05	3.010982684260793472e-04	9.090237023301136771e-05	-3.193013484278969111e-04	-5.651412228385025490e-04	-6.432512471574451836e-05	-2.946507185399477357e-04	-2.425004541024632998e-05	1.918207153514994885e-10	-2.555831112830105528e-05	4.187053555493793909e-05	3.444083376495377509e-06	-6.422402695472137360e-05	1.035812827218383957e-04	-2.238794144618556122e-04	2.772520839052957644e-04	2.163604563765086008e-04	1.263579342303867189e-04	-1.038687975361942198e-04	-4.269085927200756431e-04	-4.885947372250424518e-05	1.402871802173127327e-04	2.064835340171366782e-05	2.917822039721616766e-05	-6.652545628002427944e-05	-2.989173826064427282e-04	9.487028260771758730e-05	1.218564777300951751e-05	-2.774436481450722060e-05	2.704091699404898748e-05	-1.248958714719532247e-04	1.633260042434572443e-04	2.047695822013225701e-04	1.437833585961235819e-04	1.756551383495003245e-04	-1.259275966647156438e-05	0.000000000000000000e+00	-1.034473905232525306e-04	1.120551530866707376e-05	4.368476358786821205e-05	1.032383709772694013e-04	-3.561707108917702008e-05	6.877443766303580660e-05	2.476781542650838708e-04	-5.006112312760305075e-05	-8.232015741567455525e-05	-1.984454033708241301e-04	-6.497197638533845068e-05	7.375005604964748451e-05	5.268368037357752361e-04
1.469765371847716782e-04	-8.483814177663988342e-05	-7.933204019179237749e-04	-1.045575887708739555e-04	-4.642062641955139839e-04	-4.989776737411716481e-05	-4.723947734756602879e-05	6.446932063059250637e-05	2.342975750542314973e-05	7.252587613827853248e-05	-3.520904159367211532e-04	-2.010922105036793122e-06	-9.467312764986284901e-04	1.096708282977685884e-04	3.722802443790979108e-04	5.490997057520974377e-04	-1.005644879516177535e-03	-3.662498534094626957e-04	-5.919939159881512907e-04	4.888883791462573982e-04	-2.323943543923572821e-04	1.915598483454932193e-05	-2.163610736589090613e-04	-7.184736577375773654e-05	-1.317318548698473315e-04	1.612135208490656489e-04	5.086204738874269046e-04	7.889229217616560233e-05	9.612322657099620776e-04	1.499313804775094820e-05	4.659573952995845402e-09	5.337870555433689532e-06	-6.623896345996573183e-04	-9.112523907626097520e-04	-1.771882656172438556e-04	1.160622082196804961e-03	2.139330681912882820e-04	9.743719197907336755e-05	-1.877441923609236818e-04	-7.102057696854225961e-04	-5.046692610495186876e-05	3.315942948839250550e-04	1.783540808575850118e-04	5.426819399959090359e-05	2.117494187432087359e-04	-5.186590401465761226e-05	-1.772266143245110139e-05	3.306934930460830868e-04	-2.069584891650246006e-06	5.842806283230909947e-04	1.034473905232525306e-04	0.000000000000000000e+00	-3.594266174211059383e-05	-3.695510214971400864e-05	-4.666082861587517801e-05	2.853980761203002425e-04	2.162226719803319653e-04	5.779159787963613704e-04	-8.204154552801647354e-05	-3.324964233171900539e-04	-7.542426938626310001e-04	8.066293951102416213e-05	2.820510802263640317e-04	1.410112014306638380e-03
7.744596715375258022e-06	-7.385783692544752515e-06	-5.309706129061151226e-05	-8.244001143455147000e-05	-4.054074648723343151e-05	-4.352334376552567197e-05	5.945025206298123409e-06	9.853185776241968539e-06	-9.929146205889426082e-05	3.436594538602743117e-05	-4.469086797174651312e-05	3.842811746635098948e-05	-2.048483235933313174e-04	-3.694964561244815424e-05	-3.839301886856050553e-05	1.220848117910143527e-04	-4.084851550399044273e-06	-1.937563882001070489e-04	-1.756022004067087148e-04	1.810738843644520775e-06	-4.825578709688655327e-06	4.595105137803727621e-05	6.652448072584843993e-05	-8.048955838170626436e-05	9.966216720888924040e-05	-3.215000338779531924e-06	3.220233568098973325e-05	7.664856863774508790e-05	6.441891992860947691e-05	1.707797048469097598e-04	1.877340833708508608e-04	-3.247439016593965102e-05	-4.207410697059492941e-05	-2.855825174623632598e-04	4.078590489523763586e-06	4.700580453394235722e-05	6.794660982649147220e-05	1.062525517713749945e-04	-5.277228100328678354e-10	-2.216051645193392225e-04	5.861844437122383896e-05	-4.480819103183992384e-06	6.445669495190094477e-06	5.309887450018010058e-05	1.428587573960238449e-05	9.287626860122995883e-05	8.706390294955815789e-05	-2.549310170505359057e-05	2.646404639196615167e-05	-1.202195902580707688e-05	-1.120551530866707376e-05	3.594266174211059383e-05	0.000000000000000000e+00	-2.745478454306869232e-05	-6.012037622460664470e-06	-2.020264730563051808e-05	-4.970587457299978780e-05	1.427579431975658424e-04	-4.313908900854114984e-06	8.622191657923300391e-05	-1.045872633673497996e-04	-6.740817729253269447e-05	7.080146193817099168e-06	2.701607524007185266e-04
-1.648247724439757460e-05	-7.834882451558872803e-05	-4.421496675224505886e-04	9.342526969088096314e-06	-1.688366021927472272e-04	-8.245724628121182113e-06	-2.912643276704402823e-05	3.004973474193474339e-06	6.140226360625678677e-06	2.747463272869081344e-05	-5.227932010615748807e-05	-2.079886798974797484e-05	-1.984869480654356160e-04	-1.329771254300989762e-05	-2.054980496505085614e-05	1.380441207047037547e-04	-5.391776604832566877e-04	-7.322218847406122561e-05	-7.730670203447788163e-05	3.042072343355187321e-04	2.331260909887629960e-05	1.660295418345811145e-05	-2.047695615781496416e-04	-4.155373786468780691e-05	3.143315786960784394e-05	8.600331409009624034e-05	3.555247757742472162e-04	-2.727992327972972287e-05	6.054994130887006269e-04	-1.903059897374577094e-05	1.772712008615923911e-05	-7.480392869610563559e-05	-3.655398279821603846e-04	-2.061225693181643242e-04	1.259687965312006208e-05	7.659102356937380358e-04	1.144129901991047604e-04	1.217689772624957166e-04	-8.706855122697895245e-05	-2.286568291279829194e-04	2.338281873988145836e-05	1.344571454253538239e-04	7.408454813205198573e-05	-4.623390047495461402e-05	1.418813807099705534e-04	-6.239665842106481152e-05	1.107221032673150023e-09	5.137613348607433713e-05	-2.130525036941584641e-05	7.119066371219657239e-05	-4.368476358786821205e-05	3.695510214971400864e-05	2.745478454306869232e-05	0.000000000000000000e+00	-2.548840521895276369e-05	-4.329012116482593511e-05	1.033984192624674104e-04	1.321749791505065095e-04	-3.077325929875185455e-05	-2.474377495433049555e-04	-2.318220346398941608e-04	-4.651470052376370761e-05	5.621353968512404927e-05	3.936533393854922507e-04
-8.201452042622718261e-05	5.262581115378214206e-05	1.465709927341860965e-05	7.903689074617895830e-05	1.339891472177570693e-05	3.578138326254642329e-05	-1.853193183794119988e-05	1.102083517672212197e-05	5.262764094572984307e-05	2.722497044768468072e-05	1.051669989194203684e-04	-6.558819934393802695e-05	2.121351855632000742e-04	-5.455629020467253929e-05	-1.243106644239557487e-04	-9.782593689283411236e-05	1.465638260550085511e-05	1.051674797464236086e-04	1.845111721339986468e-04	-8.609357582875769993e-07	9.642764293932373245e-05	-5.796348105510032293e-05	-1.032404159391507104e-04	-6.889088078264028625e-06	7.903670828683558849e-05	-6.558745367098570069e-05	-8.614885073514348739e-07	-6.580533319741261092e-05	1.109567056789079404e-04	-5.291339869228755128e-05	4.666080482863060403e-05	-9.928076850205424164e-05	1.339890832709274161e-05	2.121354233907072739e-04	9.642789992245868612e-05	1.109572911237385212e-04	-2.223627969345315326e-05	-1.553376489272084913e-05	6.011370088686903562e-06	1.264121644401177812e-04	3.578134957656799848e-05	-5.455658690860157035e-05	-5.796273283785523082e-05	-5.291352910397542218e-05	-1.553209051516467201e-05	-3.987543867548965117e-05	2.548838960456361463e-05	-2.250607640286524005e-05	-1.853192789884264421e-05	-1.243108554856087655e-04	-1.032383709772694013e-04	4.666082861587517801e-05	6.012037622460664470e-06	2.548840521895276369e-05	0.000000000000000000e+00	-5.381744918907175170e-05	1.102177180587554935e-05	-9.782629898544241008e-05	-6.889513617612446763e-06	-9.928337685256435007e-05	1.264119944671364805e-04	-2.250707161029705125e-05	-5.381779887544483059e-05	-2.443532130327895390e-04
2.902748768463658401e-04	5.856725178334225476e-06	2.005836495333913200e-04	-7.512560222297498926e-05	1.951997661216738175e-04	2.760379869191035152e-05	5.885204792031692347e-05	-8.027599872049379711e-05	2.309031894147915178e-04	-5.554790201853229757e-05	-9.787129936431588728e-05	-9.855204230210551797e-05	9.542907398813182127e-05	3.969189685072699444e-05	5.390456570635634298e-05	-1.452206884472040794e-04	1.341700177218900069e-04	2.016544884538941710e-04	7.414234399311935854e-05	-3.337552023225157614e-05	-1.514984828204442887e-04	-6.020204924017371679e-05	-7.374762737583826194e-05	1.058919820196775098e-04	-2.395501038878308146e-04	2.310308949856766089e-05	-1.611376151612026566e-04	-1.093642792674618594e-05	-3.818140721956562057e-04	-8.954808296385646468e-05	-2.820306116730360692e-04	1.988619424405342964e-04	6.134758646657778244e-05	4.519180572966690289e-04	1.194709769261589666e-04	7.547297503456937515e-06	-1.202521740371265070e-04	-1.430425856635796620e-04	-7.078954956546087205e-06	3.182008612716198150e-04	-1.727825925467400277e-05	3.761963281737831257e-05	-5.598927995439055013e-05	-1.625298243640465505e-04	-1.732481892167444647e-04	-1.388292429985156322e-04	-5.620363229271721825e-05	2.118535738162553817e-04	1.112239593731405296e-04	5.983126237940443459e-06	3.561707108917702008e-05	-2.853980761203002425e-04	2.020264730563051808e-05	4.329012116482593511e-05	5.381744918907175170e-05	0.000000000000000000e+00	1.072739893500208001e-04	-1.991689972191658061e-04	-7.508439151872797540e-05	-1.862313574749498960e-04	1.345289583188031342e-04	1.003290694735295711e-04	-1.000551779693466606e-10	-3.457655279268392824e-04
1.231866849405928189e-05	6.044165637695503930e-05	-4.975069862173099827e-05	-1.323023849100149886e-04	8.494450935971845779e-05	-7.018365987316696106e-05	-4.271246423164633624e-05	1.818574368739237868e-10	5.225491907032615597e-05	-8.939580976417375857e-06	2.736643632195508659e-05	-4.853002011746339942e-06	-2.796186158904309047e-05	5.618942381495086694e-05	1.210576285262646883e-04	-3.400894085106053134e-06	1.444417435967882920e-04	-1.022564853473907273e-04	-1.271967633141474511e-04	-9.866125799711745396e-05	-9.897025788002975855e-05	-1.479326139481656583e-05	6.098656095677370284e-05	-5.483602715638849468e-05	8.125009963715784135e-05	7.203225171696282954e-06	8.613950404739266075e-05	-7.207737923531407195e-05	-9.965884259575603276e-07	-8.082741076626185598e-05	-6.447844688825781889e-05	-7.978748869681172372e-05	6.212888933241876859e-05	-1.110138590717046447e-04	-1.093728838234324049e-04	-1.549179869801798975e-04	-6.532307188307015923e-05	-7.862179173690776995e-05	-9.853554920627849553e-06	-8.318873599470705076e-05	5.433043648061735924e-05	9.192966385839660629e-05	4.840210576089465824e-07	-1.662598615392337073e-04	-5.782980917080428644e-05	-1.151072243764199581e-04	-3.008385196097365535e-06	2.123838629102917875e-05	2.487139739110880897e-05	2.254150509540366672e-07	-6.877443766303580660e-05	-2.162226719803319653e-04	4.970587457299978780e-05	-1.033984192624674104e-04	-1.102177180587554935e-05	-1.072739893500208001e-04	0.000000000000000000e+00	-1.136778535688310433e-05	1.097503797746621961e-05	6.391405267096306186e-05	5.351925251827006132e-05	1.393871674535359945e-04	8.027642122138329596e-05	8.244567457309670989e-05
6.509773030143852423e-04	-2.399429711399554948e-04	-4.982635798846859337e-04	-2.782030575385343544e-04	-1.582733787986788463e-04	4.996094033003238891e-05	3.568547625492303390e-04	3.405752360365887368e-06	-9.548867434637568720e-05	1.942186399682839968e-06	-7.404922645194854757e-06	6.643865848125112342e-05	2.073897633485907003e-05	1.226014079591699864e-04	-1.916744970244272793e-04	-8.989120145940984741e-10	-3.334706414251161367e-04	1.160136227271852359e-05	-1.342182213625117844e-04	-2.685027947518559720e-05	-1.203619063483420490e-04	-1.007462039375025604e-04	-3.010910061793149479e-04	6.696592570647498239e-05	-2.540918476131331276e-04	7.699827086351732205e-05	-9.602999433866928904e-05	-3.244530243384720391e-06	-3.585420216717001302e-04	-2.553448611546097662e-04	-5.490975334370874891e-04	2.110036800792651458e-04	-5.864299901507263760e-06	-1.085245799754732628e-06	-1.011841200636374571e-04	-3.485296619454113904e-04	-1.041326018739633188e-04	-3.310609050675872734e-04	-1.220793890389549219e-04	9.896920902695234340e-05	6.563246947699223253e-05	2.149751951841839476e-05	-1.006316903423711646e-04	-2.494557248619990808e-04	-2.141070393030026131e-04	-3.954135982648334562e-04	-1.380426493018820674e-04	3.534334050894852872e-04	3.930646378540578103e-04	-1.730381495322652651e-04	-2.476781542650838708e-04	-5.779159787963613704e-04	-1.427579431975658424e-04	-1.321749791505065095e-04	9.782629898544241008e-05	1.991689972191658061e-04	1.136778535688310433e-05	0.000000000000000000e+00	3.482035083427167704e-05	1.351028444286158530e-04	8.345954895808962645e-05	5.221929659319393506e-04	1.452164473970170440e-04	-5.328853645871801936e-05
-5.405321144494539367e-05	4.627571358055210997e-05	1.240950868853767418e-05	5.478271942197857872e-05	-7.114564006076043944e-05	-1.605079611551558653e-05	-4.741878059547580289e-05	5.483760614991689802e-05	3.499010252149591316e-05	-2.317591282787136349e-05	3.142134158911130453e-06	2.882506027582154101e-05	3.756857722299005819e-05	9.440448640016070787e-05	4.096572971917386848e-06	-6.696690037304110690e-05	-1.310799368943786435e-05	-1.372948777581393834e-05	-1.432447181321709026e-06	9.892802395053063090e-05	-2.123197285951322497e-05	8.371147941892500850e-05	2.555908331875749611e-05	-3.352118001985439008e-11	3.273237382891634707e-05	-4.340760778224807281e-05	-6.718408530603624121e-05	-1.849697910517476493e-05	-1.559835069591769328e-06	3.720559721791880244e-05	7.184800461290728572e-05	-1.849212658303118513e-05	6.051676345644173711e-05	3.881060980433452664e-05	2.521388441995357744e-06	3.695371192748389435e-05	-4.226638439685818037e-05	3.790683486478984849e-05	8.049110040345762809e-05	7.614396998319419483e-05	-2.103196177230938577e-05	-3.360762729132037402e-05	2.249479875497208180e-05	6.592509983342446239e-05	2.844515284551700767e-05	9.148258788558219089e-05	4.155424458020111919e-05	-9.645672548064182842e-06	-3.212586585639495959e-05	5.636235662776016000e-05	5.006112312760305075e-05	8.204154552801647354e-05	4.313908900854114984e-06	3.077325929875185455e-05	6.889513617612446763e-06	7.508439151872797540e-05	-1.097503797746621961e-05	-3.482035083427167704e-05	0.000000000000000000e+00	-4.137620722272907989e-05	5.001181414370739920e-05	-4.047954382413220052e-05	-1.058942654101396934e-04	-1.293550952999614689e-04
1.296417686236173096e-04	7.618795060132180089e-05	2.220852427841278295e-04	7.421644116209407467e-05	-1.101685495954746869e-04	8.119165972846938010e-05	1.215304032986924801e-04	7.978701920073033430e-05	-1.190065691255652027e-04	2.058987092578547852e-05	1.947803310591346166e-04	1.270636663505193519e-05	5.489720388800940244e-04	-1.108532516350533746e-04	-3.093042497988022404e-04	-2.110095976206192363e-04	-1.549132607863959628e-04	1.661017467087923336e-04	4.137030785377201298e-04	5.632353456328213109e-05	3.619751860856757885e-04	-3.753114378472809185e-05	-1.263570759315315803e-04	1.849170437334953323e-05	-1.659912384130538291e-04	-8.698037552223929171e-05	-1.851432393785136196e-04	1.161941285363540110e-04	2.402228722393123171e-05	8.467147929469613860e-05	-5.338285283014332930e-06	9.039153810320294229e-10	1.824569861715835114e-05	3.867272800900385232e-04	1.318780315341012716e-04	1.124615347161329536e-05	-8.973686532959259738e-06	-6.189946928129117252e-06	3.247548584468932565e-05	3.668939120265005170e-04	-1.208220550587330884e-04	-1.308866891148541896e-04	-3.181232619378995558e-05	3.530775332874525356e-04	1.477593888183147059e-05	2.569335230590820375e-04	7.480381605831309629e-05	3.123896908453404952e-05	-5.115742622514380051e-05	4.059452360590154783e-05	8.232015741567455525e-05	3.324964233171900539e-04	-8.622191657923300391e-05	2.474377495433049555e-04	9.928337685256435007e-05	1.862313574749498960e-04	-6.391405267096306186e-05	-1.351028444286158530e-04	4.137620722272907989e-05	0.000000000000000000e+00	2.188543198327122779e-04	-1.353991548901454373e-04	-1.988633040534372909e-04	-5.612201437854068362e-04
-7.782649289674857009e-04	2.930855261552940336e-04	3.855933629074520747e-04	3.668024789423513302e-04	-4.463152983766707408e-05	-4.433301884176164419e-05	-4.597477578390836840e-04	8.318509667096390145e-05	2.275537404507753684e-04	-5.493607557771355891e-05	-3.134016611741289725e-05	3.160495204964738794e-06	2.456750507452146252e-05	1.186340943027755523e-04	3.071687418249527271e-04	-9.896897144647444236e-05	3.863568762350110615e-04	-3.858556918129425696e-05	6.918411297157360420e-05	1.889106537315328612e-04	8.223895332803654265e-05	2.002943582266092956e-04	2.989109022324778521e-04	-7.614317220495673481e-05	3.327871432233577313e-04	-1.453850900299364594e-04	4.510956234042439339e-05	5.659845486765051638e-06	5.145270162933162804e-04	3.425718761883075197e-04	7.102046254383923528e-04	-3.668885129896183963e-04	1.764960295397562736e-04	6.056930988878612271e-05	7.315427098582394740e-05	3.177864545201019176e-04	2.732279856090014214e-05	2.808856468671891860e-04	2.216002549330581359e-04	4.381368324583531128e-10	-6.618509583814375383e-05	-1.356803269954226304e-04	9.215968776681070316e-05	3.573225848415980885e-04	2.839400581859836958e-04	5.997906234316968937e-04	2.286559133978239005e-04	-5.169949440604023391e-04	-4.956461542080721787e-04	1.577767261376999790e-04	1.984454033708241301e-04	7.542426938626310001e-04	1.045872633673497996e-04	2.318220346398941608e-04	-1.264119944671364805e-04	-1.345289583188031342e-04	-5.351925251827006132e-05	-8.345954895808962645e-05	-5.001181414370739920e-05	-2.188543198327122779e-04	0.000000000000000000e+00	-4.966757418073885436e-04	-3.181963511842539599e-04	-1.367383330330949887e-04
4.325644146926985569e-04	5.220116838398405348e-05	2.493269271265979511e-04	-1.546690990436015733e-04	9.536217961495554443e-05	-3.977527351776722351e-05	8.690658510271650540e-05	-2.123883516065265276e-05	-1.213462164300720385e-04	9.935028141328774222e-06	4.915992787385867983e-04	1.289122089987473265e-05	1.022360111449975052e-03	-1.027656624704917354e-04	-3.373417631268420540e-04	-3.534280282804610129e-04	2.508051768486515017e-05	3.318714120654398967e-04	8.203193348699181625e-04	-1.010968610431658537e-04	5.102308738998092598e-04	-9.018279066567580634e-05	-1.437823698145374593e-04	9.646817448078166200e-06	-2.265997388878114669e-04	-3.404873368530667835e-05	-5.235658125762194788e-05	1.174031928292990513e-04	5.244118430509480121e-05	5.358703575840657147e-05	-3.307024451443900913e-04	-3.123677341187224222e-05	1.986404804018890682e-04	7.538139976703656878e-04	1.942124368679773710e-04	-3.291817726548388777e-04	-6.525882171523298433e-05	-1.575481055470553656e-04	2.549395770616780303e-05	5.169923275853702607e-04	-9.812999368873803231e-05	-4.355170697412552626e-05	1.193759913878215690e-05	1.895824518109982435e-04	5.201130512476101584e-05	7.419053249338908350e-05	-5.137925372550005955e-05	1.273117310195418168e-09	5.390514390855306295e-05	-1.483758079449362297e-04	6.497197638533845068e-05	-8.066293951102416213e-05	6.740817729253269447e-05	4.651470052376370761e-05	2.250707161029705125e-05	-1.003290694735295711e-04	-1.393871674535359945e-04	-5.221929659319393506e-04	4.047954382413220052e-05	1.353991548901454373e-04	4.966757418073885436e-04	0.000000000000000000e+00	-2.118543196772125796e-04	-1.106194966592183478e-03
2.902930993705400697e-04	2.309023600085721674e-04	1.341683204394133599e-04	-2.395576560895938917e-04	6.134712730543203198e-05	-1.727697045539626828e-05	1.112335772126381165e-04	1.072741859154960006e-04	5.855417695792862869e-06	-5.554946821547186622e-05	2.016510399958983959e-04	2.310425437318552096e-05	4.519084437486221005e-04	3.762054885049888548e-05	5.982758081767066690e-06	-1.991640545210618114e-04	2.005820825776113731e-04	-9.787497522172752882e-05	7.413392260037405819e-05	-1.611365871787192585e-04	1.194661295522838289e-04	-5.598854102463010521e-05	3.561717552193164617e-05	-7.508141778018206686e-05	-7.513424048516826725e-05	-9.855223391068308736e-05	-3.337644963898111166e-05	-1.093734265278787491e-05	7.545679861731129326e-06	-1.625409259709311967e-04	-2.854178616891825133e-04	-1.862309194435667579e-04	1.951998663028337076e-04	9.542039561459035395e-05	-1.515029371103007358e-04	-3.818149474156667120e-04	-1.202505379797833842e-04	-1.732479155971261282e-04	2.020277259182223789e-05	1.345262852746375638e-04	2.760525988175513776e-05	3.969081293561564172e-05	-6.020347595651263207e-05	-8.955860726763290665e-05	-1.430444703107043841e-04	-1.388500246549841501e-04	4.328252656776467565e-05	1.003301190391997857e-04	5.886210749533947288e-05	5.390212311293925634e-05	-7.375005604964748451e-05	-2.820510802263640317e-04	-7.080146193817099168e-06	-5.621353968512404927e-05	5.381779887544483059e-05	1.000551779693466606e-10	-8.027642122138329596e-05	-1.452164473970170440e-04	1.058942654101396934e-04	1.988633040534372909e-04	3.181963511842539599e-04	2.118543196772125796e-04	0.000000000000000000e+00	-3.457574157838532326e-04
1.577605658742992165e-03	-4.597316412081044147e-04	-8.256176228219527097e-04	-6.713203150181903424e-04	-2.343346598852668006e-05	1.267349006899642721e-04	9.332236904330163752e-04	-8.243605049901883393e-05	-4.597489258965254148e-04	6.190509149512543857e-05	8.326514596925366208e-05	2.035787854070930897e-04	4.180526244592647895e-05	2.216344480462428064e-04	-4.090508264982458688e-04	5.328655953087900444e-05	-8.256210632961861248e-04	8.326284252737598088e-05	-1.577957547455150714e-04	-1.114325955764145610e-04	-1.819214721575743588e-04	-1.987186641085321274e-04	-5.268224734831111495e-04	1.293534065366809939e-04	-6.713191032926559779e-04	2.035701721756268145e-04	-1.114388344434344338e-04	-8.287687995156803631e-06	-9.091789743917253613e-04	-6.536584417217390424e-04	-1.410109490315286521e-03	5.612072975332867272e-04	-2.343230541623251504e-05	4.180200141635094079e-05	-1.819236324891647339e-04	-9.091727594336893037e-04	-1.475669188842722909e-04	-6.207014688111986075e-04	-2.701503876094005566e-04	1.367372265955211033e-04	1.267357523131258570e-04	2.216354060677792025e-04	-1.987280300810798377e-04	-6.536601429310939619e-04	-6.207217852235625720e-04	-1.074093455462224282e-03	-3.936512331919186447e-04	1.106204039839618104e-03	9.332228953617413905e-04	-4.090457510501702143e-04	-5.268368037357752361e-04	-1.410112014306638380e-03	-2.701607524007185266e-04	-3.936533393854922507e-04	2.443532130327895390e-04	3.457655279268392824e-04	-8.244567457309670989e-05	5.328853645871801936e-05	1.293550952999614689e-04	5.612201437854068362e-04	1.367383330330949887e-04	1.106194966592183478e-03	3.457574157838532326e-04	0.000000000000000000e+00
