0.000000000000000000e+00	-2.021154568885282464e-03	-8.925617488655525171e-04	1.088687574373160220e-04	1.748094405902180957e-03	2.969603024453632174e-05	1.184540386042435417e-04	-1.163855943399639756e-03	-2.021157820466301658e-03	1.181805518857634177e-04	5.366187463835509841e-04	-1.873824526134721898e-04	1.233949194661709305e-03	-2.606907697292536533e-03	-7.669503539591097756e-03	-2.234271779721843537e-04	-8.925643997042219651e-04	5.366145071818773701e-04	8.563109185245962188e-04	-1.925912317320352396e-03	5.211727771495250480e-04	-1.724680729255232293e-03	-3.009544418336059651e-03	7.612140036805209150e-05	1.088669986679776980e-04	-1.873899934554745057e-04	-1.925926575715232111e-03	1.274579599974946754e-04	-7.044085339671395454e-03	4.520154425000153637e-04	3.927217056896483826e-04	1.883047539992997472e-03	1.748103687451191008e-03	1.233939782340609265e-03	5.211687286495610659e-04	-7.044081732508630789e-03	3.723633866342371441e-05	-2.851322605582488554e-03	-3.734214930389456906e-04	4.759825228081920401e-04	2.969502245252160204e-05	-2.606919970959819133e-03	-1.724688343127572191e-03	4.520163102180924423e-04	-2.851326251971695626e-03	8.248595764469590121e-04	3.680243327780798306e-04	-1.276216082447071949e-04	1.184532280631457737e-04	-7.669503741729659721e-03	-3.009546797912069412e-03	3.927243304901297861e-04	-3.734280479032687844e-04	3.680260001706416343e-04	2.107050973916543618e-04	-2.412575333885810629e-03	-1.163862460756096137e-03	-2.234226841503735635e-04	7.612472234542420326e-05	1.883049644043244004e-03	4.759868451707565881e-04	-1.276224160236471780e-04	-2.412587515211856142e-03	-3.210265728139779715e-04
2.021154568885282464e-03	0.000000000000000000e+00	-2.240166992005380216e-07	-1.052482605206586218e-03	-6.056555176081238707e-06	3.117475938736476550e-04	1.001235260559979467e-03	-6.354925372200172576e-07	-4.890722141930281238e-10	-4.230263625260144824e-04	-1.816818953190631018e-03	1.473995649182238969e-04	-3.034207876717802226e-03	3.338695757025183022e-04	1.694251234688670595e-04	2.903597526209201920e-04	1.092051829595022260e-04	-1.807380753333662519e-03	-3.724795403508527301e-03	1.646500495874160053e-04	-1.627112800355795964e-03	1.518625396240033633e-04	1.491115753701766902e-04	-3.845411740932634767e-04	-1.349736966573967384e-03	9.898059086181545257e-05	1.370109851163786260e-04	-1.154318116162970237e-04	1.843162701164429546e-04	-2.045486465657846056e-03	-2.513774773475839670e-03	8.406322105970512565e-05	2.866717442147056019e-04	-3.417193350830122558e-03	-2.677681252997088021e-03	2.408323463252405540e-05	-5.546636046932528798e-04	5.068929264184441399e-05	1.475851424024208190e-04	-1.261132202809363799e-03	-5.601422144924977833e-04	2.021594636824137949e-04	1.414500883047437757e-04	-8.243270770411257817e-04	1.262605145783385449e-04	-2.419037780201003813e-03	-1.307643233890901048e-03	1.586233400877930396e-04	-3.368355748573066233e-04	2.255595855526836111e-04	1.299165678499820367e-04	-1.511060251568716864e-03	5.578716390941185405e-05	-7.576879045951580554e-04	-3.875155195878590177e-04	5.699582218071538820e-05	-9.436359960601238810e-05	1.442495541440678552e-03	2.445096334582152575e-04	1.534954354005550671e-04	-1.237549277434947742e-03	3.031349441562538726e-04	-1.032517325716383113e-06	2.793677462058797092e-03
8.925617488655525171e-04	2.240166992005380216e-07	0.000000000000000000e+00	-3.641085773933823238e-04	1.263726573575201992e-04	-7.708696032316292345e-05	6.193025674307074430e-05	-6.321354054521864511e-05	-1.092065724529615910e-04	9.422044881141065952e-07	-4.187678068602753920e-03	1.452106697163279680e-04	-8.928512987041593851e-03	2.049657432251397846e-04	-9.481074288213267630e-05	4.273457161041199076e-03	-4.963386824683043395e-11	-3.952721941080421242e-03	-8.627557789576276864e-03	2.063514199891869187e-04	-4.254048442884345374e-03	1.139950876084984405e-04	5.288888106114878141e-05	9.366572328348752414e-05	-2.638474509109310401e-04	1.173052458109923724e-04	1.831177803966375049e-04	2.059944260332311882e-04	6.546758518761545536e-06	1.800711254955211110e-04	1.589377622597323847e-04	9.711101193857192917e-05	1.620302294740435189e-04	-8.081678647136970872e-03	-3.769714238611262223e-03	7.351240507424200898e-05	3.549817363502055095e-05	2.917384518355776378e-05	1.031341284164290261e-04	-4.017680926961356667e-03	7.646745874593221384e-06	2.416574890875044851e-04	9.894175121913831414e-05	1.252970594412662435e-04	-3.959041060076693406e-05	1.092488598928983902e-04	9.692974474238873683e-05	2.349287985158383290e-04	1.895348222629522172e-04	1.194074075127901316e-04	4.866579830056643483e-05	5.627533046431988889e-05	4.627148232917404204e-05	3.699918300185802767e-05	7.875580783074090705e-06	-8.905713286630369800e-06	-1.326012803301650461e-04	4.057584803970460882e-03	-1.129335561640880479e-04	1.335708584025537471e-04	-4.281872828871748082e-03	2.011258432551309204e-04	-1.514963469485767621e-04	9.192835745927812469e-03
-1.088687574373160220e-04	1.052482605206586218e-03	3.641085773933823238e-04	0.000000000000000000e+00	-7.110477245954600466e-04	-5.650491930998698109e-06	-1.081271260385140067e-04	4.797429387036022778e-04	1.349737375319757637e-03	-7.260761462536449696e-05	-7.398177373103281156e-05	-7.438673192113533662e-04	-1.938033720453887876e-04	-1.238993056231721564e-04	3.591525039633777089e-03	-9.645544814823215772e-05	2.638464909617291515e-04	-6.710791818212736843e-05	-1.442814767340959084e-05	-2.972723356257902442e-04	-6.567384621438500164e-05	-2.521952432881587638e-05	9.073531089209711581e-04	-2.574832437946502538e-05	9.908588410522062382e-10	1.532632966266980843e-04	1.139267694522603288e-03	-3.344305128146148368e-05	3.491854929987214806e-03	-1.225353719820081622e-04	-3.151549711210144803e-05	-8.728440302634777118e-04	-2.099584072882242601e-03	-1.907770508101820097e-04	-5.394912237812214337e-05	3.540708815021020341e-03	-1.816063780337229326e-05	9.943166743715281010e-04	-6.147026992533353128e-04	-2.571578766086807160e-05	2.543050957636239446e-05	1.437734830451988834e-03	9.625577096634073100e-04	-1.865304522865540661e-04	1.463089161228279308e-03	-2.644700154383105087e-04	-6.508964730243582729e-05	7.125864012496035006e-05	-9.920926607021973535e-05	3.780109850245723900e-03	1.529716928757693557e-03	-1.015573707786179359e-04	2.916934946232485962e-04	-1.298990614848295137e-04	-9.796856207641567893e-05	1.015718438349580248e-03	1.364867371485408700e-03	-9.622973539986454257e-05	-2.574156001062570466e-05	-1.418724968117937059e-03	-1.207026821031088900e-05	1.379157065793193697e-06	2.455440491010439045e-03	-2.834072612537504639e-04
-1.748094405902180957e-03	6.056555176081238707e-06	-1.263726573575201992e-04	7.110477245954600466e-04	0.000000000000000000e+00	-4.264798694909234414e-04	-1.213139706288502741e-03	2.005941351264275280e-05	-2.866735506099433116e-04	5.382256453359062724e-04	-1.902119402144818172e-04	8.422199441424324290e-05	-2.969506029540066802e-03	1.408178210191335286e-05	-2.157423876267599227e-04	1.884495722429981859e-03	-1.620311951258369639e-04	-1.283035687139906901e-03	-2.628825685680484178e-03	9.339452025584580339e-05	-1.539419314937017858e-03	5.374302535637380361e-05	-1.547756399591330035e-05	-1.192760306718582293e-04	2.099578947461904453e-03	-3.845992042667052842e-05	4.095820199158159273e-05	-2.360378232915904227e-04	-1.149196749212283636e-05	1.209325013515467201e-03	2.691771595023313961e-03	-2.829576850830120904e-05	-1.419741026318196075e-10	-3.141496678636624025e-03	-1.127838538938578158e-03	1.781772771344978100e-05	3.941188597823412935e-04	9.186580365013414043e-05	4.975099747999074570e-05	-2.610402751446135733e-03	6.174030080582565199e-04	-9.624467914195675833e-06	-3.395823269372288109e-05	5.851331931896496582e-04	-9.849972523074357561e-05	1.504783922351597865e-03	1.056876263477756102e-03	1.654262287345995507e-04	-4.829464515379905312e-04	-5.501680113347257961e-05	-7.095481232317253921e-05	1.405105996472946935e-03	-3.944922141313661251e-06	-3.397103882170778542e-04	-3.510241735947371286e-04	4.066676205429180772e-05	-1.273977350494500315e-04	1.830356794042539183e-03	3.508824723112135288e-04	6.563149336751437283e-05	-1.615360718815574484e-03	2.437765718600127043e-05	-1.251780282727726185e-04	3.955195023121088269e-03
-2.969603024453632174e-05	-3.117475938736476550e-04	7.708696032316292345e-05	5.650491930998698109e-06	4.264798694909234414e-04	0.000000000000000000e+00	-1.185903491076470821e-05	-4.005033446637471656e-04	5.601399566880339940e-04	-6.133283299950714230e-05	1.329415112754440499e-05	-3.902676036940824853e-04	8.709508193258398679e-05	-6.051391727911552797e-04	-4.503849174118795535e-05	-7.267392086041769101e-05	-7.648049679496751562e-06	2.604622783149583066e-05	7.958177000122151185e-05	-5.582914649434519419e-04	4.564291229006584580e-05	-6.264455493121511009e-04	-7.086713324336829222e-04	1.050986565731049284e-05	-2.543002216870037300e-05	5.218444012219010126e-04	3.944707350032691947e-04	1.453314172775235847e-05	-8.342735838793938761e-05	3.629388928066608637e-05	3.073523534650080165e-05	5.040732233663883840e-04	-6.174031619992324804e-04	9.587088985235270766e-05	4.001791622509541323e-05	3.409801298230681670e-05	2.096532439647126692e-05	-6.487580734926227249e-04	-7.505342194282233880e-04	5.909500060406430006e-05	-1.680131903824333753e-10	4.798948806073618481e-04	3.443926461751487672e-04	1.356130997354440220e-06	2.399398717309105412e-04	6.508785330401641706e-05	5.727621408380944852e-05	1.176785205363388664e-04	-3.740618387009424044e-05	7.282505302443214343e-05	3.411378437250996436e-04	5.062682419077027166e-05	1.612757296678138581e-04	4.512782196404606567e-05	1.210232309539198035e-05	-2.985391847969905447e-04	5.718520739782764935e-04	-9.849687696625289879e-05	-1.018865733199366777e-06	-5.675599450530633989e-04	5.496807031934883379e-05	3.349125412889232919e-05	6.930807672581135951e-04	-1.253419491665666108e-04
-1.184540386042435417e-04	-1.001235260559979467e-03	-6.193025674307074430e-05	1.081271260385140067e-04	1.213139706288502741e-03	1.185903491076470821e-05	0.000000000000000000e+00	-7.390423189387945128e-04	3.368330514480855705e-04	3.663001367927394076e-05	2.113253615124259792e-04	-9.382790264811271663e-04	4.630798719725814092e-04	-1.756018296289038258e-03	-3.763810189348452961e-03	-4.230553474548196029e-05	-1.895375996921380278e-04	2.214158994108265032e-04	2.974448819254202868e-04	-1.462769800089279166e-03	1.785510822747044565e-04	-1.651739793572130043e-03	-2.681505684313515402e-03	7.605895721423479219e-05	9.920882791632566853e-05	-3.372921085832271355e-05	-1.043352371416357517e-03	5.983837617947458627e-05	-3.672936115072835718e-03	2.971962063471751377e-04	3.404370380876963744e-04	1.164892628666077366e-03	4.829508246982187349e-04	5.138850034567201026e-04	1.998480370500561941e-04	-3.407798224577767918e-03	2.953731281775486591e-05	-2.569755314983636352e-03	-9.245753258757612343e-04	2.039349339805946490e-04	3.740535351599284482e-05	-1.170375592186794367e-03	-7.460751409194882246e-04	2.109036794898278173e-04	-1.287383033767007436e-03	5.032804050020070214e-04	2.575251128473907049e-04	2.967401973018195303e-05	-5.088803105284819090e-10	-3.582447626171021172e-03	-1.162668998057491201e-03	2.538617223424124211e-04	-8.745754964125476794e-06	2.061024011122385841e-04	9.407491208373561275e-05	-1.198785372059791351e-03	2.415810456212735672e-04	-7.549972757183302558e-05	5.393898347992667910e-05	-3.979170827114986392e-04	1.685786609816666284e-04	-6.220554637687270548e-05	-7.399544191374462371e-04	-2.253174387070179633e-05
1.163855943399639756e-03	6.354925372200172576e-07	6.321354054521864511e-05	-4.797429387036022778e-04	-2.005941351264275280e-05	4.005033446637471656e-04	7.390423189387945128e-04	0.000000000000000000e+00	9.436468003415211087e-05	-2.791841612516589733e-04	-7.790980164423752258e-04	4.239022803558181046e-05	-7.538501321408874257e-05	1.286842934820976226e-04	1.821193341147148809e-04	-7.570122823129467240e-04	1.326014772555121689e-04	-2.057287993433978889e-04	-5.078916141267957561e-04	1.660115056670402839e-05	-7.795099547605169917e-05	5.822255688939542327e-05	1.258827732778492630e-04	-2.679678427823327228e-04	-1.364864298201822531e-03	4.924251270585452468e-05	2.445052825083240101e-05	4.369368492963980936e-05	9.602738441950818267e-05	-1.284122856206567839e-03	-1.822748314560013357e-03	4.976130788465295328e-05	1.273967161767463501e-04	-1.484252574346316524e-04	-7.576622356091251842e-04	7.130883898765324785e-07	-6.254926389973687519e-04	2.784616093900497226e-05	6.560732990058521332e-05	6.707826990230223840e-04	-5.718528586665631722e-04	7.748365304268597085e-05	6.530601581240095036e-05	-3.505646453113007467e-04	1.065219865579368442e-04	-1.212641330656903313e-03	-8.100579490914140614e-04	-1.381793962823111511e-05	-2.415845703669781584e-04	1.253276142509654955e-04	8.673314357523192856e-05	-6.897725527761416550e-04	1.672617644585527717e-05	1.415796558572582809e-04	-1.329787889865630536e-05	1.696571450865320274e-05	7.283035795972419148e-10	-1.758208622636160657e-04	-2.098823457554915871e-04	8.884852401307182629e-05	1.824408392361564482e-04	1.245363905887768589e-04	7.546225697428700016e-05	-5.726521950778736599e-04
2.021157820466301658e-03	4.890722141930281238e-10	1.092065724529615910e-04	-1.349737375319757637e-03	2.866735506099433116e-04	-5.601399566880339940e-04	-3.368330514480855705e-04	-9.436468003415211087e-05	0.000000000000000000e+00	-4.230263836776579616e-04	-1.807385225809098744e-03	9.898072011609455314e-05	-3.417203706091759881e-03	2.021597755436213887e-04	2.255592949021072505e-04	1.442500823762682405e-03	-2.251853711046427251e-07	-1.816825096157370038e-03	-3.724808094486160674e-03	1.370110902385622889e-04	-2.677686498640695877e-03	1.414495569582759201e-04	1.299151210422813739e-04	2.445095990194247879e-04	-1.052484777670689362e-03	1.473991609768040330e-04	1.646500837081718409e-04	-1.154299449268496932e-04	2.408385322889730105e-05	-8.243291558141651199e-04	-1.511064820870340348e-03	1.534948591745490562e-04	-6.057153477714284156e-06	-3.034220681589623082e-03	-1.627119156238690609e-03	1.843158080199573667e-04	-5.546633605461347757e-04	1.262589398738274979e-04	5.578601896007149316e-05	-1.237555068592535723e-03	3.117484951624353439e-04	3.338699802475361754e-04	1.518623714721341984e-04	-2.045486419008289442e-03	5.068954509758815617e-05	-2.419040471858324888e-03	-7.576897648233784331e-04	3.031336218343811599e-04	1.001235959519645221e-03	1.694263634155259986e-04	1.491118169150806145e-04	-2.513775610265367097e-03	1.475862109874088383e-04	-1.307644092503568124e-03	-3.875170304792294748e-04	-1.034470929773327429e-06	-6.351059944574217211e-07	2.903657215246159356e-04	-3.845403867126095812e-04	8.406338907824441992e-05	-1.261137618632076837e-03	1.586254115599874449e-04	5.699687317624384198e-05	2.793689675358652057e-03
-1.181805518857634177e-04	4.230263625260144824e-04	-9.422044881141065952e-07	7.260761462536449696e-05	-5.382256453359062724e-04	6.133283299950714230e-05	-3.663001367927394076e-05	2.791841612516589733e-04	4.230263836776579616e-04	0.000000000000000000e+00	2.440645898381190479e-05	-5.000260743667796475e-04	8.071172464797683082e-05	-5.759945249291183221e-04	2.195855466719983382e-05	-3.455966823407538956e-07	-9.426777403157501945e-07	2.440638183927132550e-05	8.189770055545691227e-05	-6.340318988185046113e-04	6.256098688851944320e-05	-6.286263091427183366e-04	-4.544535218420875074e-04	1.259533201308095889e-05	7.260770565619952075e-05	-5.000252664109844977e-04	-6.340301824598192255e-04	3.925290738489826698e-05	-4.585202002149348015e-06	8.969109917788846886e-05	1.566646947749252710e-04	-3.413437912024716776e-04	-5.382274521234106050e-04	8.071168617443643723e-05	6.256088841211592498e-05	-4.584954090134661561e-06	2.501503787198020690e-05	-4.932190699492489030e-04	-4.677575452125562689e-04	3.814432277717471150e-05	6.133301269186355517e-05	-5.759927010511355430e-04	-6.286251316470041223e-04	8.969083344411895307e-05	-4.932187588948377249e-04	1.932173635740142958e-04	1.303325296811238166e-04	9.994133285774194986e-05	-3.662958087562862816e-05	2.195904870762245309e-05	-4.544526942742650776e-04	1.566642258181699795e-04	-4.677565607657009628e-04	1.303325456230839438e-04	1.691592565993600033e-05	5.504507764194007400e-04	2.791848879898911747e-04	-3.455352417352285728e-07	1.259550624121094596e-05	-3.413441374307286252e-04	3.814462921986381356e-05	9.994097144644311249e-05	5.504521113247830451e-04	-6.136464476427981271e-05
-5.366187463835509841e-04	1.816818953190631018e-03	4.187678068602753920e-03	7.398177373103281156e-05	1.902119402144818172e-04	-1.329415112754440499e-05	-2.113253615124259792e-04	7.790980164423752258e-04	1.807385225809098744e-03	-2.440645898381190479e-05	0.000000000000000000e+00	-9.663903109861883209e-04	1.058447358040412976e-04	-1.005889972192559791e-03	3.124912550950343162e-04	-1.153427640062406993e-05	3.952720120374553919e-03	4.564259201607367717e-10	1.697390471639526706e-04	-1.449069648881876494e-03	7.728705316698212245e-05	-1.882466217953981968e-04	9.902971516038854873e-04	1.318744387183387826e-05	6.710803465382009182e-05	-1.510711403955112067e-03	-2.907493437592524425e-03	2.228380570494678753e-05	-8.891606311746886367e-04	-1.566115810937841160e-05	-5.656911221466240077e-05	-1.072692544387298351e-03	1.283033443533965895e-03	1.209065974766788064e-04	7.093905593603461917e-05	-4.712460305906859435e-04	-1.866528569256588918e-05	5.465658022004301567e-04	5.297426396643222001e-04	1.061914229996706912e-04	-2.604777791154652927e-05	-2.065019686722759356e-03	-7.773060815612748385e-04	2.454844014126870353e-05	3.986422603205096648e-04	2.415206861716757991e-06	-5.935215240549964177e-05	-2.973999155766477581e-03	-2.214197456766481839e-04	6.769309222580462571e-04	1.118018615074259890e-03	-1.843878148658101583e-05	-8.407598839317302251e-05	-4.140025007555271029e-05	-1.322083693703487929e-04	5.839983771020341302e-04	2.057319861289840933e-04	4.125926000939796650e-06	1.500216579248219692e-05	-1.248932128490516311e-03	9.343480867473139960e-05	-3.285757367050726446e-03	-9.144077726556899734e-04	-1.692395505646178595e-05
1.873824526134721898e-04	-1.473995649182238969e-04	-1.452106697163279680e-04	7.438673192113533662e-04	-8.422199441424324290e-05	3.902676036940824853e-04	9.382790264811271663e-04	-4.239022803558181046e-05	-9.898072011609455314e-05	5.000260743667796475e-04	9.663903109861883209e-04	0.000000000000000000e+00	1.789252360029417160e-03	-5.625583150461649948e-05	-1.442549671787617669e-04	-6.703801072393796370e-04	-1.173047996506959882e-04	1.510715538860453585e-03	2.076870622673656318e-03	8.580891294997990577e-06	1.527010881737997372e-03	-2.241640589971344115e-05	-3.871343089921112186e-05	-3.987513764130313370e-05	-1.532593036360093927e-04	7.486466750567926385e-11	3.285637132286174607e-05	-3.287886212343853285e-04	5.354466630061798267e-06	-4.260955149518470928e-04	-8.498268399452674508e-04	-4.879947120517960966e-05	3.846006196399207782e-05	1.727471483803459055e-03	9.031448421291065048e-04	-1.146459251933720531e-04	4.313821581461218602e-04	-2.595525344759382571e-05	2.311246524083708487e-05	6.100284085348395106e-04	-5.218447699487002147e-04	-8.657939900654287933e-05	-1.892746212925896317e-05	5.379075160276286256e-04	5.017667885542179557e-06	-2.193985607120046478e-04	-7.616647002324139406e-04	-1.029540251826978635e-04	3.372647984020149672e-05	-2.215859026449571248e-04	-1.066267896407581276e-04	2.612152290998567871e-04	-2.695521615895895250e-05	1.237432083268287671e-04	2.793116409393962525e-04	-1.245011117715175575e-04	-4.924278991837296787e-05	-4.600544140886196729e-05	1.176936980112430840e-05	3.638583117770016479e-05	8.329000586750496529e-05	-6.220630889884640283e-06	-4.853129049173553818e-05	-1.135380455271025810e-03
-1.233949194661709305e-03	3.034207876717802226e-03	8.928512987041593851e-03	1.938033720453887876e-04	2.969506029540066802e-03	-8.709508193258398679e-05	-4.630798719725814092e-04	7.538501321408874257e-05	3.417203706091759881e-03	-8.071172464797683082e-05	-1.058447358040412976e-04	-1.789252360029417160e-03	0.000000000000000000e+00	-1.967719824925342163e-03	1.024665323537269149e-04	4.825130253218292212e-05	8.081675446750292979e-03	-1.209044728336046740e-04	8.386560094175197848e-05	-2.625480744613360902e-03	4.709777289558480634e-05	-3.622514613301046089e-04	1.776639431254244551e-03	1.480918428813215174e-05	1.907771495655037196e-04	-1.727462688525035301e-03	-3.903150937942816492e-03	-3.867356849334313996e-05	-2.392548286120362196e-03	1.053338679680693418e-05	-1.595574027525397103e-06	-1.368544279391477585e-03	3.141492193871299292e-03	2.568805640610179663e-09	9.956241209945010465e-06	-1.138308459991365078e-03	-6.490316245263885037e-05	1.031938093478765566e-03	1.255444418788985786e-03	1.396457080617935866e-04	-9.587416520162212754e-05	-2.201233959677659311e-03	-3.227253549573117506e-04	-9.198057224401529953e-06	1.419016265635446306e-03	8.139255916280124879e-05	-8.549080717511633413e-05	-6.375833848208630958e-03	-5.138938401879685359e-04	1.232442342323279575e-03	3.042972616989918049e-03	8.109340788052467504e-06	1.307545321932074333e-03	-8.620876480156341418e-05	-2.306659679167831966e-04	-1.324182837106895657e-03	1.484325878931606305e-04	3.696556091244753437e-05	2.547445500365734430e-05	-2.750582844529492026e-03	1.246632267367421294e-04	-7.261328574530695641e-03	-2.600426874651169500e-03	1.554790454703398211e-04
2.606907697292536533e-03	-3.338695757025183022e-04	-2.049657432251397846e-04	1.238993056231721564e-04	-1.408178210191335286e-05	6.051391727911552797e-04	1.756018296289038258e-03	-1.286842934820976226e-04	-2.021597755436213887e-04	5.759945249291183221e-04	1.005889972192559791e-03	5.625583150461649948e-05	1.967719824925342163e-03	0.000000000000000000e+00	-1.388103135170383473e-04	-8.547383224740698685e-04	-2.416581142317821918e-04	2.065022471309342807e-03	2.216763192838684324e-03	7.301602241616527160e-05	1.219508693069424124e-03	3.256744755368558096e-05	-5.557586290528344404e-06	1.133686393097331664e-04	-1.437728234286303995e-03	8.657913117391031511e-05	9.509610700748928060e-05	-5.623349753828249097e-04	2.293486236024966067e-05	-1.945010412487683171e-03	-3.612338602754114076e-03	6.637405856406397001e-05	9.623919363828050436e-06	2.201239595075760169e-03	9.900694966168944143e-04	-5.932135730130813883e-05	2.695146727830395605e-04	4.099246079853222850e-05	6.072373881042402062e-05	8.584732696217347745e-04	-4.798945473825932690e-04	-7.560875282788931374e-11	3.387089981122783306e-05	-1.120745849811295367e-03	7.313968091328824288e-05	-3.158469250815999600e-03	-2.499334614640357465e-03	7.119830294010111023e-05	1.170370875657626708e-03	-3.325950265652249374e-04	-8.345289725095827820e-05	-2.284207258959153504e-03	3.307434648648787290e-05	-1.172928833047688288e-03	-1.229181897028992949e-04	-1.402127497695604755e-04	-7.748382161511802577e-05	-6.481431935629171099e-04	-3.970136822386515201e-04	1.504681217145116350e-04	-3.041779993418583278e-04	1.563723736524307733e-04	1.289616580043456931e-07	-1.381615951090784354e-03
7.669503539591097756e-03	-1.694251234688670595e-04	9.481074288213267630e-05	-3.591525039633777089e-03	2.157423876267599227e-04	4.503849174118795535e-05	3.763810189348452961e-03	-1.821193341147148809e-04	-2.255592949021072505e-04	-2.195855466719983382e-05	-3.124912550950343162e-04	1.442549671787617669e-04	-1.024665323537269149e-04	1.388103135170383473e-04	0.000000000000000000e+00	1.500418095538911633e-04	-1.194078500744929925e-04	-6.769289762340059951e-04	-1.151912466327002348e-03	1.004274435636454956e-04	-1.862537255904110449e-04	1.299005887426749051e-04	1.592106427081622596e-04	-2.196794974098581705e-04	-3.780110608211503451e-03	2.215856077282106376e-04	1.834744669420066928e-04	1.870545896011287994e-05	-5.759504537868115261e-05	-3.674106323157937375e-03	-8.013932639465771654e-03	3.153342569990033096e-04	5.501561594525730350e-05	-1.232438926757651286e-03	-6.041120934738302035e-04	1.032800855082057412e-05	-4.908768130000413062e-05	1.631813506681509111e-04	1.212488789407989019e-04	-5.654220579167450710e-04	-7.282556471978579408e-05	3.325952385700477599e-04	1.867254764451453794e-04	-3.478177195037538902e-03	7.174911839808744318e-05	-7.393788808859523727e-03	-3.506018209942819274e-03	4.264137429715348791e-04	3.582446865863218345e-03	6.051409861501176981e-10	1.853702694471958063e-04	-7.691835324173283868e-03	1.493719541505161418e-04	-3.490556812436709615e-03	1.079635032315040983e-04	-8.361531406181160980e-05	-1.253268914137085129e-04	5.374894208278159979e-04	1.577052605657801158e-06	2.179189571429421572e-04	-3.204932203327080613e-04	1.739067553358707662e-04	-3.414371767906700117e-05	1.168698121659744044e-03
2.234271779721843537e-04	-2.903597526209201920e-04	-4.273457161041199076e-03	9.645544814823215772e-05	-1.884495722429981859e-03	7.267392086041769101e-05	4.230553474548196029e-05	7.570122823129467240e-04	-1.442500823762682405e-03	3.455966823407538956e-07	1.153427640062406993e-05	6.703801072393796370e-04	-4.825130253218292212e-05	8.547383224740698685e-04	-1.500418095538911633e-04	0.000000000000000000e+00	-4.057583267044881023e-03	-4.127015294036363377e-06	-1.175323700361372286e-04	1.091794910143228242e-03	-5.882651904802920276e-05	-1.309608529614091652e-05	-1.192541703154372055e-03	1.739864409490332657e-05	9.623013750935517196e-05	4.600132928658130777e-05	1.352239632139332071e-03	5.446181543577035893e-05	1.043378867670067926e-03	1.967564611946010888e-04	4.225079487909211805e-04	-4.701510765234397440e-04	-1.830354262651609845e-03	-3.696848574049107215e-05	-3.062327151093544004e-05	6.168500646549625408e-04	5.461492421249931287e-05	-7.679909623016269171e-04	-8.659649267163554466e-04	-8.149916882999771171e-05	9.849853334075386272e-05	6.481408645126084849e-04	-5.765322646928296548e-04	2.046821635029392181e-04	-1.835153562055753459e-03	3.985224342231978752e-04	3.061194647246743661e-04	3.253178641138287225e-03	7.550418911884325358e-05	-5.374909577298609721e-04	-2.572932996442900411e-03	4.062769414676093956e-04	-1.381671187876362152e-03	2.523050463575550332e-04	1.116854508784282740e-04	1.204364942463134530e-03	1.758167439554038716e-04	8.515370125287038052e-10	1.013496821601862568e-05	1.058329636360038663e-03	-7.279451271862799242e-05	3.596891274139216166e-03	1.507023383364437547e-03	-5.285676211390656610e-05
8.925643997042219651e-04	-1.092051829595022260e-04	4.963386824683043395e-11	-2.638464909617291515e-04	1.620311951258369639e-04	7.648049679496751562e-06	1.895375996921380278e-04	-1.326014772555121689e-04	2.251853711046427251e-07	9.426777403157501945e-07	-3.952720120374553919e-03	1.173047996506959882e-04	-8.081675446750292979e-03	2.416581142317821918e-04	1.194078500744929925e-04	4.057583267044881023e-03	0.000000000000000000e+00	-4.187679197668799438e-03	-8.627558643333671506e-03	1.831176019561979429e-04	-3.769713484991046946e-03	9.894107503199571279e-05	4.866430215600829655e-05	-1.129345204527529701e-04	-3.641105735456945619e-04	1.452107928065063717e-04	2.063527178759310961e-04	2.059940151663630994e-04	7.351272563608931231e-05	1.252944509336243947e-04	5.627034198495687494e-05	1.335699358075856055e-04	1.263724306802226343e-04	-8.928516553836775976e-03	-4.254050390190196665e-03	6.546225063930453906e-06	3.549806243500029651e-05	-3.959255865374066851e-05	4.627031532857897871e-05	-4.281874430050226082e-03	-7.708793056968957246e-05	2.049677219977492026e-04	1.139956003814231612e-04	1.800722990410283560e-04	2.917315898688443849e-05	1.092484433124547470e-04	3.699738299119110065e-05	2.011259839243640453e-04	6.193027112703119769e-05	-9.480999186273682017e-05	5.288803310309945046e-05	1.589397882655406544e-04	1.031342688752106759e-04	9.693058135078956540e-05	7.875957100799286845e-06	-1.514977114566853976e-04	-6.321263530092309220e-05	4.273459159811435204e-03	9.366715102393113640e-05	9.711024132890482756e-05	-4.017679611849700808e-03	2.349309938995727527e-04	-8.904367859265670417e-06	9.192835300721761624e-03
-5.366145071818773701e-04	1.807380753333662519e-03	3.952721941080421242e-03	6.710791818212736843e-05	1.283035687139906901e-03	-2.604622783149583066e-05	-2.214158994108265032e-04	2.057287993433978889e-04	1.816825096157370038e-03	-2.440638183927132550e-05	-4.564259201607367717e-10	-1.510715538860453585e-03	1.209044728336046740e-04	-2.065022471309342807e-03	6.769289762340059951e-04	4.127015294036363377e-06	4.187679197668799438e-03	0.000000000000000000e+00	1.697379352377913903e-04	-2.907495860312016029e-03	7.093760347403178877e-05	-7.773103305022679380e-04	1.118011958418192384e-03	1.500247269538373693e-05	7.397752905252872832e-05	-9.663873637108978546e-04	-1.449069254811256608e-03	2.228413117238945031e-05	-4.712476686294291093e-04	2.454442789631535246e-05	-1.844788692282308881e-05	-1.248926288513675219e-03	1.902108782089106053e-04	1.058455969261900778e-04	7.728758858758297669e-05	-8.891616724498411107e-04	-1.866555818763792138e-05	3.986359776847384464e-04	-8.407969414439434106e-05	9.343492497042757655e-05	-1.329571359717632315e-05	-1.005888444388487952e-03	-1.882427673816577886e-04	-1.566068328436439418e-05	5.465719597698649648e-04	2.411129745874283155e-06	-4.140450771111814105e-05	-3.285758378050137804e-03	-2.113254732642432247e-04	3.124922181727294917e-04	9.903042501363374349e-04	-5.656861950274600200e-05	5.297466633043630344e-04	-5.935212787695568479e-05	-1.322086613638452049e-04	-9.144093953357213325e-04	7.791018230175860825e-04	-1.153474803038264102e-05	1.318670503841614491e-05	-1.072699762652086324e-03	1.061906001556710754e-04	-2.974001169427438647e-03	5.839987995564747004e-04	-1.692291865080503525e-05
-8.563109185245962188e-04	3.724795403508527301e-03	8.627557789576276864e-03	1.442814767340959084e-05	2.628825685680484178e-03	-7.958177000122151185e-05	-2.974448819254202868e-04	5.078916141267957561e-04	3.724808094486160674e-03	-8.189770055545691227e-05	-1.697390471639526706e-04	-2.076870622673656318e-03	-8.386560094175197848e-05	-2.216763192838684324e-03	1.151912466327002348e-03	1.175323700361372286e-04	8.627558643333671506e-03	-1.697379352377913903e-04	0.000000000000000000e+00	-3.486523210841684442e-03	-9.259441073432512007e-06	-5.560960990572980187e-04	2.245122881354593911e-03	3.047357386619279718e-05	1.442340575236442020e-05	-2.076862113295030975e-03	-3.486519271489032200e-03	-2.668666389103385782e-05	-1.254943010365853909e-03	-1.785673613314917182e-04	-4.234292183639570850e-04	-2.546550979869411160e-03	2.628822695176900696e-03	-8.386199022712416363e-05	-9.257014982733023986e-06	-1.254942901786168736e-03	-1.508689239710043246e-05	1.025290744431063984e-03	9.688870646144451780e-04	4.033050063160787383e-05	-7.958550196025769292e-05	-2.216758019218422089e-03	-5.560874143996837613e-04	-1.785624149078961556e-04	1.025303790879101987e-03	-3.139227659720655135e-04	-2.845776656897951130e-04	-6.712827672644017946e-03	-2.974497441475790920e-04	1.151914472244797497e-03	2.245136853146634942e-03	-4.234180080891348889e-04	9.688950209227105035e-04	-2.845727001917301973e-04	-2.434048667396168620e-04	-1.439207265284648705e-03	5.078994531358884280e-04	1.175302940394765995e-04	3.047213296336194168e-05	-2.546565798717825152e-03	4.032913415336955153e-05	-6.712829699500370839e-03	-1.439204862091373249e-03	2.387712313388922511e-04
1.925912317320352396e-03	-1.646500495874160053e-04	-2.063514199891869187e-04	2.972723356257902442e-04	-9.339452025584580339e-05	5.582914649434519419e-04	1.462769800089279166e-03	-1.660115056670402839e-05	-1.370110902385622889e-04	6.340318988185046113e-04	1.449069648881876494e-03	-8.580891294997990577e-06	2.625480744613360902e-03	-7.301602241616527160e-05	-1.004274435636454956e-04	-1.091794910143228242e-03	-1.831176019561979429e-04	2.907495860312016029e-03	3.486523210841684442e-03	0.000000000000000000e+00	1.594348286922787818e-03	-6.603188153985817873e-06	-7.873455563559732858e-06	3.132669731535016626e-04	-1.139260239577321102e-03	-3.285679631993987805e-05	-2.496123984413215163e-10	-5.685992201665684975e-04	1.251864203063585078e-05	-1.795555643943948405e-03	-3.318358601809080419e-03	-1.220560715658713913e-04	-4.095824883649140023e-05	3.903156031126096132e-03	1.791916434259432835e-03	-2.988953689250629814e-05	3.277670824737898090e-04	6.022747203233461778e-05	2.693311491172839506e-05	1.529333433309272919e-03	-3.944704454821641336e-04	-9.509691006404164871e-05	-4.930982037460062057e-05	-1.213566411764984863e-03	2.466650247153288477e-06	-3.372154543839469155e-03	-2.595397565807036795e-03	-1.105096712535533470e-04	1.043346333075902480e-03	-1.834749003570070611e-04	-1.696850034874737231e-04	-2.228752189513903345e-03	-5.146325998244605834e-05	-1.313651242419869867e-03	-2.782502629878145909e-04	-5.868199056982546823e-05	-2.445091010975426431e-05	-1.352242166133610368e-03	-4.621916155394928914e-04	7.532592413638970145e-05	1.506456285157101041e-04	2.181181358809216212e-05	1.619546087964348697e-05	-2.612040533600230342e-03
-5.211727771495250480e-04	1.627112800355795964e-03	4.254048442884345374e-03	6.567384621438500164e-05	1.539419314937017858e-03	-4.564291229006584580e-05	-1.785510822747044565e-04	7.795099547605169917e-05	2.677686498640695877e-03	-6.256098688851944320e-05	-7.728705316698212245e-05	-1.527010881737997372e-03	-4.709777289558480634e-05	-1.219508693069424124e-03	1.862537255904110449e-04	5.882651904802920276e-05	3.769713484991046946e-03	-7.093760347403178877e-05	9.259441073432512007e-06	-1.594348286922787818e-03	0.000000000000000000e+00	-9.007675409457892649e-04	-3.224154609310557430e-04	4.003202453134829900e-05	5.394886934562785337e-05	-9.031402041160666895e-04	-1.791913467244425021e-03	-3.037611285609818684e-05	-1.008088967327598531e-03	-3.528130672666086496e-05	-8.297310080149556170e-05	-8.835674936358693015e-04	1.127836590471801344e-03	-9.952673535573675770e-06	1.101485708156035956e-09	-5.376634624646116009e-04	1.041154033913696531e-05	-7.367254754616285421e-04	-1.723671376315972928e-04	3.052282529677223706e-05	-4.001950117473748416e-05	-9.900663294796479413e-04	-2.326544808899503637e-04	-5.564136438797428721e-05	4.656864892796198441e-04	-3.977600308248525581e-05	-7.522517802861864713e-05	-2.952732810050530572e-03	-1.998522569491837557e-04	6.041135953164136589e-04	1.242753869765566514e-03	-8.523841062574758301e-05	5.461709082302066559e-04	-1.003657046293387692e-04	-1.069758692336254108e-04	-6.425444770219151253e-04	7.576656845959277211e-04	3.062119907826153607e-05	1.892347142204650555e-05	-2.471361968074336883e-03	7.711967368643707159e-06	-3.344945583555108959e-03	-7.919157675087913541e-04	1.316435234322685030e-04
1.724680729255232293e-03	-1.518625396240033633e-04	-1.139950876084984405e-04	2.521952432881587638e-05	-5.374302535637380361e-05	6.264455493121511009e-04	1.651739793572130043e-03	-5.822255688939542327e-05	-1.414495569582759201e-04	6.286263091427183366e-04	1.882466217953981968e-04	2.241640589971344115e-05	3.622514613301046089e-04	-3.256744755368558096e-05	-1.299005887426749051e-04	1.309608529614091652e-05	-9.894107503199571279e-05	7.773103305022679380e-04	5.560960990572980187e-04	6.603188153985817873e-06	9.007675409457892649e-04	0.000000000000000000e+00	1.674268988735707698e-05	-3.155782627337989704e-04	-9.625535849706073248e-04	1.892813474937690493e-05	4.931076804479753433e-05	-9.276708104476706304e-05	5.683013958309594429e-06	-1.213545148588745810e-03	-2.453310083157534890e-03	-1.318815188303861988e-05	3.395845659886703532e-05	3.227336668311651165e-04	2.326588675301327267e-04	-8.317693477034832994e-05	2.613981942949765176e-04	2.332334607251617447e-05	4.325292450796764342e-05	-1.743703228839848206e-04	-3.443933242369718196e-04	-3.386969482023042828e-05	7.494524535963878334e-10	-2.041592632250189112e-04	1.178122611259725460e-05	-1.919139281863929593e-03	-1.548930620791534509e-03	-3.417874789825203394e-05	7.460717574154407568e-04	-1.867254556260979656e-04	-7.638381327592063796e-05	-1.326441134979416785e-03	-1.137414090886783759e-05	-7.115589871759281804e-04	1.397305955785770623e-05	-1.205789167088497902e-04	-6.530598431402149769e-05	5.765285153307640438e-04	-2.651476394563944934e-04	9.114934832862370750e-05	-6.646677563091703180e-04	5.321056341806577650e-05	-2.414168488658391661e-05	4.731659233642796772e-04
3.009544418336059651e-03	-1.491115753701766902e-04	-5.288888106114878141e-05	-9.073531089209711581e-04	1.547756399591330035e-05	7.086713324336829222e-04	2.681505684313515402e-03	-1.258827732778492630e-04	-1.299151210422813739e-04	4.544535218420875074e-04	-9.902971516038854873e-04	3.871343089921112186e-05	-1.776639431254244551e-03	5.557586290528344404e-06	-1.592106427081622596e-04	1.192541703154372055e-03	-4.866430215600829655e-05	-1.118011958418192384e-03	-2.245122881354593911e-03	7.873455563559732858e-06	3.224154609310557430e-04	-1.674268988735707698e-05	0.000000000000000000e+00	-5.541490375400646810e-04	-1.529715890195268912e-03	1.066278790956815654e-04	1.696870052394671617e-04	4.041865531227848340e-04	1.477732384213146527e-05	-1.310873953333522744e-03	-3.266334520740904468e-03	8.959978497917852193e-05	7.095491610728795547e-05	-3.042959988475091738e-03	-1.242747669977775291e-03	-1.118923091760564255e-04	5.339109449986612077e-04	-3.391783582679347257e-05	3.118044090174892420e-05	-1.748523047907599420e-03	-3.411397894966552947e-04	8.345526476301838711e-05	7.638522963148931452e-05	1.289868153888672534e-04	1.705762776695059807e-05	-2.022704810621581313e-03	-1.373296950115378712e-03	5.637449987619712951e-05	1.162667344571647514e-03	-1.853701145157692586e-04	-9.818871657716688253e-11	-1.958626607837766868e-03	4.589731900741085097e-05	-7.808479056267358075e-04	3.201739090819783005e-04	-2.292029200564161097e-04	-8.673239814912102222e-05	2.572927337831361003e-03	2.491553654542471414e-04	9.661023059293015187e-05	-1.496448883195779147e-03	1.134380511417226050e-04	-4.622970985406508950e-05	3.570446585073334955e-03
-7.612140036805209150e-05	3.845411740932634767e-04	-9.366572328348752414e-05	2.574832437946502538e-05	1.192760306718582293e-04	-1.050986565731049284e-05	-7.605895721423479219e-05	2.679678427823327228e-04	-2.445095990194247879e-04	-1.259533201308095889e-05	-1.318744387183387826e-05	3.987513764130313370e-05	-1.480918428813215174e-05	-1.133686393097331664e-04	2.196794974098581705e-04	-1.739864409490332657e-05	1.129345204527529701e-04	-1.500247269538373693e-05	-3.047357386619279718e-05	-3.132669731535016626e-04	-4.003202453134829900e-05	3.155782627337989704e-04	5.541490375400646810e-04	0.000000000000000000e+00	2.574012514385335318e-05	-1.177085211161326526e-05	4.621887286152164334e-04	3.401622237865182337e-05	2.294497522156226945e-04	4.351996447383073036e-05	7.708073884800251477e-05	-4.947243078683681572e-04	-3.508803031444297262e-04	-2.547541032072640044e-05	-1.892413195460527988e-05	-1.725990378522460623e-05	-1.477778890950022769e-05	5.494831778362820746e-04	6.671699878598510037e-05	-7.976950016753130851e-06	1.018895428967033412e-06	3.970113805567284477e-04	2.651466272916105406e-04	3.947737552872293348e-05	-1.207985924907742885e-04	4.895558568367116604e-05	2.537577426714150716e-05	-1.157301980368012639e-04	-5.393743479995164001e-05	-1.577472519999412992e-06	-2.491551933256237750e-04	6.650943406019811340e-05	1.525353413125312731e-05	7.420131662188813158e-06	-4.850372143217682842e-05	-2.871071143353489557e-04	2.098813879875934744e-04	-1.013425074271174986e-05	-5.126052354388651428e-11	3.674189614364912907e-04	9.720405508171924187e-06	9.213243455616823541e-05	5.112744161958045295e-04	-2.704020534196332940e-06
-1.088669986679776980e-04	1.349736966573967384e-03	2.638474509109310401e-04	-9.908588410522062382e-10	-2.099578947461904453e-03	2.543002216870037300e-05	-9.920882791632566853e-05	1.364864298201822531e-03	1.052484777670689362e-03	-7.260770565619952075e-05	-6.710803465382009182e-05	1.532593036360093927e-04	-1.907771495655037196e-04	1.437728234286303995e-03	3.780110608211503451e-03	-9.623013750935517196e-05	3.641105735456945619e-04	-7.397752905252872832e-05	-1.442340575236442020e-05	1.139260239577321102e-03	-5.394886934562785337e-05	9.625535849706073248e-04	1.529715890195268912e-03	-2.574012514385335318e-05	0.000000000000000000e+00	-7.438645812937605276e-04	-2.972668792355455045e-04	-3.344301674698564586e-05	3.540710476712379505e-03	-1.865310710757353378e-04	-1.015583318937989758e-04	-1.418724726883632175e-03	-7.110524443657856991e-04	-1.937934675749475571e-04	-6.566924447446863440e-05	3.491853981856513252e-03	-1.816068747480691209e-05	1.463087797492103239e-03	2.916901766645290826e-04	-1.206569170374888853e-05	-5.649879353570982224e-06	-1.238945410263784998e-04	-2.521626192524609709e-05	-1.225369499844574934e-04	9.943190857578318442e-04	-2.644722507178069466e-04	-1.298993447136729412e-04	1.376526605232600460e-06	-1.081255486633420668e-04	3.591526269950481506e-03	9.073551363981758374e-04	-3.151950722679784330e-05	-6.146991455959215133e-04	-6.509152339543428350e-05	-9.796859353357101384e-05	2.455434314293312124e-03	4.797463565952153489e-04	-9.646023577180678999e-05	-2.575031443036711489e-05	-8.728453920694933220e-04	-2.571573414476378686e-05	7.125807495678928465e-05	1.015724717445952874e-03	-2.834125837095792370e-04
1.873899934554745057e-04	-9.898059086181545257e-05	-1.173052458109923724e-04	-1.532632966266980843e-04	3.845992042667052842e-05	-5.218444012219010126e-04	3.372921085832271355e-05	-4.924251270585452468e-05	-1.473991609768040330e-04	5.000252664109844977e-04	1.510711403955112067e-03	-7.486466750567926385e-11	1.727462688525035301e-03	-8.657913117391031511e-05	-2.215856077282106376e-04	-4.600132928658130777e-05	-1.452107928065063717e-04	9.663873637108978546e-04	2.076862113295030975e-03	3.285679631993987805e-05	9.031402041160666895e-04	-1.892813474937690493e-05	-1.066278790956815654e-04	1.177085211161326526e-05	7.438645812937605276e-04	0.000000000000000000e+00	8.580702627019123636e-06	-3.287878800247663645e-04	-1.146469208316453501e-04	5.379042866487670788e-04	2.612084864373551553e-04	3.638586702539727642e-05	-8.422100007541573992e-05	1.789246075857146498e-03	1.527007772989273865e-03	5.355117389890202891e-06	4.313830585207445922e-04	5.016757767741173083e-06	-2.695520530184530620e-05	8.328658996424278442e-05	3.902688725386299282e-04	-5.625566817956808110e-05	-2.241670166184772753e-05	-4.260997454165913953e-04	-2.595636870969860322e-05	-2.194065464754457392e-04	1.237393184181077334e-04	-6.219687503597139611e-06	9.382833540163616239e-04	-1.442552487758883245e-04	-3.871434228021607441e-05	-8.498359526118214134e-04	2.311175104078507398e-05	-7.616689869596119777e-04	2.793104079581093047e-04	-4.853074228024764137e-05	-4.239099352350803073e-05	-6.703766635813004568e-04	-3.987439180297498351e-05	-4.880003494881454717e-05	6.100244747855294945e-04	-1.029542682521419525e-04	-1.245023321739657102e-04	-1.135372308981764163e-03
1.925926575715232111e-03	-1.370109851163786260e-04	-1.831177803966375049e-04	-1.139267694522603288e-03	-4.095820199158159273e-05	-3.944707350032691947e-04	1.043352371416357517e-03	-2.445052825083240101e-05	-1.646500837081718409e-04	6.340301824598192255e-04	2.907493437592524425e-03	-3.285637132286174607e-05	3.903150937942816492e-03	-9.509610700748928060e-05	-1.834744669420066928e-04	-1.352239632139332071e-03	-2.063527178759310961e-04	1.449069254811256608e-03	3.486519271489032200e-03	2.496123984413215163e-10	1.791913467244425021e-03	-4.931076804479753433e-05	-1.696870052394671617e-04	-4.621887286152164334e-04	2.972668792355455045e-04	-8.580702627019123636e-06	0.000000000000000000e+00	-5.685993827434130624e-04	-2.989112606485452462e-05	-1.213573136596442399e-03	-2.228766024946941295e-03	7.532633177232710337e-05	-9.339459027158667555e-05	2.625479957573220377e-03	1.594347448312267816e-03	1.251901812942636920e-05	3.277685038714446054e-04	2.464910702860026399e-06	-5.146424434212953111e-05	1.506451816722037345e-04	5.582922802977129378e-04	-7.301539371850468939e-05	-6.603112997965281252e-06	-1.795563300179755638e-03	6.022625053294721430e-05	-3.372169285730454869e-03	-1.313658294860421769e-03	2.181339562332337698e-05	1.462777383620549564e-03	-1.004280019410272624e-04	-7.874177422017381516e-06	-3.318375109462318694e-03	2.693248744587882563e-05	-2.595404989547072695e-03	-2.782507540933255581e-04	1.619612758337369445e-05	-1.660176364530014460e-05	-1.091794089853296559e-03	3.132683974402178991e-04	-1.220557353918346767e-04	1.529331506239599596e-03	-1.105082603196486969e-04	-5.868213820621722077e-05	-2.612037109958174723e-03
-1.274579599974946754e-04	1.154318116162970237e-04	-2.059944260332311882e-04	3.344305128146148368e-05	2.360378232915904227e-04	-1.453314172775235847e-05	-5.983837617947458627e-05	-4.369368492963980936e-05	1.154299449268496932e-04	-3.925290738489826698e-05	-2.228380570494678753e-05	3.287886212343853285e-04	3.867356849334313996e-05	5.623349753828249097e-04	-1.870545896011287994e-05	-5.446181543577035893e-05	-2.059940151663630994e-04	-2.228413117238945031e-05	2.668666389103385782e-05	5.685992201665684975e-04	3.037611285609818684e-05	9.276708104476706304e-05	-4.041865531227848340e-04	-3.401622237865182337e-05	3.344301674698564586e-05	3.287878800247663645e-04	5.685993827434130624e-04	0.000000000000000000e+00	1.447993720173536975e-04	7.008850381465581733e-05	1.354192332412344985e-04	-2.895901318199274751e-04	2.360382058809551800e-04	3.867312513393160532e-05	3.037607982989283371e-05	1.447992052117891650e-04	1.062321784796292340e-05	-3.386941031266863964e-04	-1.887340608250491795e-04	1.948111903444482267e-05	-1.453315404547761148e-05	5.623349031252463000e-04	9.276630417822642923e-05	7.008870706356641199e-05	-3.386956572263531695e-04	1.839477573500971383e-04	9.004217868496220160e-05	-4.360099148167734061e-05	-5.983848007029339241e-05	-1.870564203509294515e-05	-4.041887016720278674e-04	1.354192498316344508e-04	-1.887350133903799385e-04	9.004197537633751888e-05	2.389519799632455706e-05	-3.624338479649685373e-04	-4.369470428542704144e-05	-5.446180569316645920e-05	-3.401606161093989546e-05	-2.895880181601600276e-04	1.948141746963964635e-05	-4.360038458203903503e-05	-3.624337461589918026e-04	-8.181495878098062036e-05
7.044085339671395454e-03	-1.843162701164429546e-04	-6.546758518761545536e-06	-3.491854929987214806e-03	1.149196749212283636e-05	8.342735838793938761e-05	3.672936115072835718e-03	-9.602738441950818267e-05	-2.408385322889730105e-05	4.585202002149348015e-06	8.891606311746886367e-04	-5.354466630061798267e-06	2.392548286120362196e-03	-2.293486236024966067e-05	5.759504537868115261e-05	-1.043378867670067926e-03	-7.351272563608931231e-05	4.712476686294291093e-04	1.254943010365853909e-03	-1.251864203063585078e-05	1.008088967327598531e-03	-5.683013958309594429e-06	-1.477732384213146527e-05	-2.294497522156226945e-04	-3.540710476712379505e-03	1.146469208316453501e-04	2.989112606485452462e-05	-1.447993720173536975e-04	0.000000000000000000e+00	-4.077440710269381388e-03	-8.358297232201248456e-03	2.213409302567264866e-04	-1.781749946610114384e-05	1.138310969433345247e-03	5.376645516030386165e-04	-3.923729911097515507e-11	-1.191659599398287050e-05	4.060320962764277664e-05	-6.264191430206084523e-07	5.909466490993597280e-04	-3.409841786000648183e-05	5.932320520022901572e-05	8.317788813827446518e-05	-3.980192276388144594e-03	1.688665759115556332e-04	-8.587021134320180216e-03	-4.170562400989404062e-03	2.983011279824970458e-05	3.407799479756327098e-03	-1.032792377493529451e-05	1.118924414275011928e-04	-8.055519146723064822e-03	5.601275446333684192e-05	-4.012538262286795970e-03	-2.249877337818170797e-04	3.512291899089080516e-06	-7.136629047835213037e-07	-6.168507282337514636e-04	1.725938385402431616e-05	-1.574450110372722190e-05	8.527887563779723481e-04	-9.449398578999679710e-05	1.245346705654010145e-05	-1.543165343228974961e-03
-4.520154425000153637e-04	2.045486465657846056e-03	-1.800711254955211110e-04	1.225353719820081622e-04	-1.209325013515467201e-03	-3.629388928066608637e-05	-2.971962063471751377e-04	1.284122856206567839e-03	8.243291558141651199e-04	-8.969109917788846886e-05	1.566115810937841160e-05	4.260955149518470928e-04	-1.053338679680693418e-05	1.945010412487683171e-03	3.674106323157937375e-03	-1.967564611946010888e-04	-1.252944509336243947e-04	-2.454442789631535246e-05	1.785673613314917182e-04	1.795555643943948405e-03	3.528130672666086496e-05	1.213545148588745810e-03	1.310873953333522744e-03	-4.351996447383073036e-05	1.865310710757353378e-04	-5.379042866487670788e-04	1.213573136596442399e-03	-7.008850381465581733e-05	4.077440710269381388e-03	0.000000000000000000e+00	3.103994433302096137e-04	-2.683612733342860112e-03	-5.851378626096212163e-04	9.207293007870633473e-06	5.564580925664699149e-05	3.980191703320557287e-03	-8.092447149707770196e-06	1.620267722994327489e-03	4.267255049653339563e-04	8.892995353518783584e-05	-1.355076651342728651e-06	1.120751706641884022e-03	2.041636034346517377e-04	-5.508083910258856778e-10	2.490988911657214099e-04	9.739668201165285538e-05	7.322241657197367764e-05	-4.320359987378755433e-04	-2.109022783478568428e-04	3.478178115055568544e-03	-1.289845467266396658e-04	1.869188856244408093e-04	-5.242957064434490208e-04	4.617757897176399988e-05	-6.807693456082575755e-05	1.055964739641355706e-03	3.505679995901463120e-04	-2.046865644416667848e-04	-3.947875261876248167e-05	-1.200293108186993932e-03	6.343699301212182427e-05	-3.614890416367461286e-04	4.727986520428375519e-04	-5.301658579344528405e-04
-3.927217056896483826e-04	2.513774773475839670e-03	-1.589377622597323847e-04	3.151549711210144803e-05	-2.691771595023313961e-03	-3.073523534650080165e-05	-3.404370380876963744e-04	1.822748314560013357e-03	1.511064820870340348e-03	-1.566646947749252710e-04	5.656911221466240077e-05	8.498268399452674508e-04	1.595574027525397103e-06	3.612338602754114076e-03	8.013932639465771654e-03	-4.225079487909211805e-04	-5.627034198495687494e-05	1.844788692282308881e-05	4.234292183639570850e-04	3.318358601809080419e-03	8.297310080149556170e-05	2.453310083157534890e-03	3.266334520740904468e-03	-7.708073884800251477e-05	1.015583318937989758e-04	-2.612084864373551553e-04	2.228766024946941295e-03	-1.354192332412344985e-04	8.358297232201248456e-03	-3.103994433302096137e-04	0.000000000000000000e+00	-3.159379058014920479e-03	-1.405116292900385460e-03	-8.088321517608362083e-06	8.524848732054593069e-05	8.055517304509911963e-03	-3.672818382249736939e-05	3.564065693910912179e-03	9.005287604255965634e-04	1.763261075207827016e-04	-5.062503412964015133e-05	2.284219049749586054e-03	1.326449564317428668e-03	-1.869221486188167537e-04	2.533501792726768412e-03	-3.504002798266886822e-04	-1.747180112542687604e-04	-2.325561840588318701e-04	-2.538585577949530568e-04	7.691837231886016445e-03	1.958631213701142459e-03	-4.145542119953334265e-09	-2.175084834584591032e-04	-8.748315817515846628e-05	-1.662062894477758204e-04	2.761337018812419497e-03	6.897800325621808969e-04	-4.062870787860499173e-04	-6.651322995111322322e-05	-1.846910095592185861e-03	1.544055173082505266e-04	-1.829525314033162136e-04	1.608848307128064262e-03	-1.102893058097188274e-03
-1.883047539992997472e-03	-8.406322105970512565e-05	-9.711101193857192917e-05	8.728440302634777118e-04	2.829576850830120904e-05	-5.040732233663883840e-04	-1.164892628666077366e-03	-4.976130788465295328e-05	-1.534948591745490562e-04	3.413437912024716776e-04	1.072692544387298351e-03	4.879947120517960966e-05	1.368544279391477585e-03	-6.637405856406397001e-05	-3.153342569990033096e-04	4.701510765234397440e-04	-1.335699358075856055e-04	1.248926288513675219e-03	2.546550979869411160e-03	1.220560715658713913e-04	8.835674936358693015e-04	1.318815188303861988e-05	-8.959978497917852193e-05	4.947243078683681572e-04	1.418724726883632175e-03	-3.638586702539727642e-05	-7.532633177232710337e-05	2.895901318199274751e-04	-2.213409302567264866e-04	2.683612733342860112e-03	3.159379058014920479e-03	0.000000000000000000e+00	-6.562958700982957040e-05	2.750570449436540860e-03	2.471356064488217791e-03	1.574549810964509953e-05	6.256965500833701517e-04	8.133697793299323321e-06	8.840688271898438771e-06	8.312490579812458315e-04	5.675619898948078973e-04	-1.504681431622843920e-04	-9.115006264231313683e-05	1.200292119807571355e-03	-1.028722863903175756e-04	3.459528594328941872e-03	1.794126580984654320e-03	-7.373394819365775281e-05	3.979186673924983968e-04	-2.179187044773503391e-04	-9.661140349969168093e-05	1.846907142618813089e-03	-1.518450312066919789e-05	1.138519202090213216e-03	5.759789553700825175e-04	-5.763178442806989466e-05	-8.884957124526841660e-05	-1.058323371112968817e-03	-3.674189793827595685e-04	-5.777251527259980425e-10	5.344138687060320976e-04	-1.367360586325885711e-04	-2.696305689737729140e-04	-1.536113162464843203e-03
-1.748103687451191008e-03	-2.866717442147056019e-04	-1.620302294740435189e-04	2.099584072882242601e-03	1.419741026318196075e-10	6.174031619992324804e-04	-4.829508246982187349e-04	-1.273967161767463501e-04	6.057153477714284156e-06	5.382274521234106050e-04	-1.283033443533965895e-03	-3.846006196399207782e-05	-3.141492193871299292e-03	-9.623919363828050436e-06	-5.501561594525730350e-05	1.830354262651609845e-03	-1.263724306802226343e-04	-1.902108782089106053e-04	-2.628822695176900696e-03	4.095824883649140023e-05	-1.127836590471801344e-03	-3.395845659886703532e-05	-7.095491610728795547e-05	3.508803031444297262e-04	7.110524443657856991e-04	8.422100007541573992e-05	9.339459027158667555e-05	-2.360382058809551800e-04	1.781749946610114384e-05	5.851378626096212163e-04	1.405116292900385460e-03	6.562958700982957040e-05	0.000000000000000000e+00	-2.969504829355730340e-03	-1.539418675681193151e-03	-1.149132601478754256e-05	3.941173626294937967e-04	-9.850018286331179568e-05	-3.945083686257512458e-06	-1.615360027480556605e-03	-4.264804109174758504e-04	1.408185942674656023e-05	5.374364075181354975e-05	1.209331296815170220e-03	9.186614150462318179e-05	1.504796421132886461e-03	-3.397053481540246401e-04	2.437611002521563480e-05	-1.213144612283563895e-03	-2.157427742384127978e-04	-1.547753005603684447e-05	2.691784420375670922e-03	4.975133986152196000e-05	1.056882668682065755e-03	-3.510235336006508645e-04	-1.251786730047260991e-04	2.005956386258880454e-05	1.884495106743832443e-03	-1.192773138667626480e-04	-2.829617993116494989e-05	-2.610400951185783483e-03	1.654270047188095177e-04	4.066725267837989672e-05	3.955191290369626175e-03
-1.233939782340609265e-03	3.417193350830122558e-03	8.081678647136970872e-03	1.907770508101820097e-04	3.141496678636624025e-03	-9.587088985235270766e-05	-5.138850034567201026e-04	1.484252574346316524e-04	3.034220681589623082e-03	-8.071168617443643723e-05	-1.209065974766788064e-04	-1.727471483803459055e-03	-2.568805640610179663e-09	-2.201239595075760169e-03	1.232438926757651286e-03	3.696848574049107215e-05	8.928516553836775976e-03	-1.058455969261900778e-04	8.386199022712416363e-05	-3.903156031126096132e-03	9.952673535573675770e-06	-3.227336668311651165e-04	3.042959988475091738e-03	2.547541032072640044e-05	1.937934675749475571e-04	-1.789246075857146498e-03	-2.625479957573220377e-03	-3.867312513393160532e-05	-1.138310969433345247e-03	-9.207293007870633473e-06	8.088321517608362083e-06	-2.750570449436540860e-03	2.969504829355730340e-03	0.000000000000000000e+00	4.709824824366258024e-05	-2.392550456434123802e-03	-6.490343561106696460e-05	1.419003881881028117e-03	1.307538520273846807e-03	1.246628376936386243e-04	-8.709919763997162295e-05	-1.967717710891290182e-03	-3.622436614781258490e-04	1.053426173026096320e-05	1.031951917694910433e-03	8.138275903513716688e-05	-8.621869227345594711e-05	-7.261331946380682363e-03	-4.630803979225380645e-04	1.024669222290603213e-04	1.776654153454843791e-03	-1.594437990692297276e-06	1.255453201961723728e-03	-8.549117630061024470e-05	-2.306664332209739092e-04	-2.600431367005048150e-03	7.539232456884879308e-05	4.825111053463551766e-05	1.480793447093995842e-05	-1.368559187402297768e-03	1.396433274474261934e-04	-6.375838336054838462e-03	-1.324182424161171601e-03	1.554825101124606541e-04
-5.211687286495610659e-04	2.677681252997088021e-03	3.769714238611262223e-03	5.394912237812214337e-05	1.127838538938578158e-03	-4.001791622509541323e-05	-1.998480370500561941e-04	7.576622356091251842e-04	1.627119156238690609e-03	-6.256088841211592498e-05	-7.093905593603461917e-05	-9.031448421291065048e-04	-9.956241209945010465e-06	-9.900694966168944143e-04	6.041120934738302035e-04	3.062327151093544004e-05	4.254050390190196665e-03	-7.728758858758297669e-05	9.257014982733023986e-06	-1.791916434259432835e-03	-1.101485708156035956e-09	-2.326588675301327267e-04	1.242747669977775291e-03	1.892413195460527988e-05	6.566924447446863440e-05	-1.527007772989273865e-03	-1.594347448312267816e-03	-3.037607982989283371e-05	-5.376645516030386165e-04	-5.564580925664699149e-05	-8.524848732054593069e-05	-2.471356064488217791e-03	1.539418675681193151e-03	-4.709824824366258024e-05	0.000000000000000000e+00	-1.008089929309547274e-03	1.041147119413532080e-05	4.656804617825392907e-04	5.461675469700176359e-04	7.711447418926975321e-06	-4.564506011965770003e-05	-1.219507597723135193e-03	-9.007637536078377631e-04	-3.528084285237234916e-05	-7.367189536657117515e-04	-3.978075036283869949e-05	-1.003704817526799469e-04	-3.344947114802966637e-03	-1.785515937837407014e-04	1.862535092997965572e-04	-3.224087726012113539e-04	-8.297203425223565517e-05	-1.723629936401401528e-04	-7.522519285648213930e-05	-1.069759621802361595e-04	-7.919179046693258350e-04	7.795441565674786431e-05	5.882665519664945328e-05	4.003133387871967835e-05	-8.835747838687619269e-04	3.052115085976471812e-05	-2.952735296449143614e-03	-6.425443363792102862e-04	1.316460588368158647e-04
7.044081732508630789e-03	-2.408323463252405540e-05	-7.351240507424200898e-05	-3.540708815021020341e-03	-1.781772771344978100e-05	-3.409801298230681670e-05	3.407798224577767918e-03	-7.130883898765324785e-07	-1.843158080199573667e-04	4.584954090134661561e-06	4.712460305906859435e-04	1.146459251933720531e-04	1.138308459991365078e-03	5.932135730130813883e-05	-1.032800855082057412e-05	-6.168500646549625408e-04	-6.546225063930453906e-06	8.891616724498411107e-04	1.254942901786168736e-03	2.988953689250629814e-05	5.376634624646116009e-04	8.317693477034832994e-05	1.118923091760564255e-04	1.725990378522460623e-05	-3.491853981856513252e-03	-5.355117389890202891e-06	-1.251901812942636920e-05	-1.447992052117891650e-04	3.923729911097515507e-11	-3.980191703320557287e-03	-8.055517304509911963e-03	-1.574549810964509953e-05	1.149132601478754256e-05	2.392550456434123802e-03	1.008089929309547274e-03	0.000000000000000000e+00	-1.191649126522436138e-05	1.688665986143610890e-04	5.601231519263252432e-05	8.527892024832476811e-04	8.342670066322791444e-05	-2.293538309696105493e-05	-5.683561306869048312e-06	-4.077438711725143300e-03	4.060211254225031474e-05	-8.587018619209692283e-03	-4.012538113253860672e-03	-9.449377327425145280e-05	3.672933497976839205e-03	5.759542634663444936e-05	-1.477764533147338976e-05	-8.358292848983041659e-03	-6.270433048931865579e-07	-4.170560394501639928e-03	-2.249881548424404322e-04	1.245423520915547146e-05	-9.602684925945700759e-05	-1.043380157924359789e-03	-2.294507291351001097e-04	2.213401643533599063e-04	5.909455172131610270e-04	2.982864133297084689e-05	3.512914165771838758e-06	-1.543165707205409673e-03
-3.723633866342371441e-05	5.546636046932528798e-04	-3.549817363502055095e-05	1.816063780337229326e-05	-3.941188597823412935e-04	-2.096532439647126692e-05	-2.953731281775486591e-05	6.254926389973687519e-04	5.546633605461347757e-04	-2.501503787198020690e-05	1.866528569256588918e-05	-4.313821581461218602e-04	6.490316245263885037e-05	-2.695146727830395605e-04	4.908768130000413062e-05	-5.461492421249931287e-05	-3.549806243500029651e-05	1.866555818763792138e-05	1.508689239710043246e-05	-3.277670824737898090e-04	-1.041154033913696531e-05	-2.613981942949765176e-04	-5.339109449986612077e-04	1.477778890950022769e-05	1.816068747480691209e-05	-4.313830585207445922e-04	-3.277685038714446054e-04	-1.062321784796292340e-05	1.191659599398287050e-05	8.092447149707770196e-06	3.672818382249736939e-05	-6.256965500833701517e-04	-3.941173626294937967e-04	6.490343561106696460e-05	-1.041147119413532080e-05	1.191649126522436138e-05	0.000000000000000000e+00	-5.821055986730616161e-04	-5.160793266820909008e-04	2.896359115055450277e-05	-2.096541736403427343e-05	-2.695164050401387167e-04	-2.613989349809300606e-04	8.092685084939286834e-06	-5.821056564396660500e-04	2.171538651606461196e-05	-7.718278051661237510e-06	1.319988770515130995e-04	-2.953748539643570069e-05	4.908744040811197643e-05	-5.339111777408046908e-04	3.672837567603999098e-05	-5.160800494785078036e-04	-7.718362684338819351e-06	-1.429638298594697229e-05	5.442924086577676044e-04	6.254916339079787807e-04	-5.461515084431492868e-05	1.477759413351719618e-05	-6.256960730599129585e-04	2.896341248607952723e-05	1.319989201230105315e-04	5.442905584322001210e-04	-9.660373849872711958e-05
2.851322605582488554e-03	-5.068929264184441399e-05	-2.917384518355776378e-05	-9.943166743715281010e-04	-9.186580365013414043e-05	6.487580734926227249e-04	2.569755314983636352e-03	-2.784616093900497226e-05	-1.262589398738274979e-04	4.932190699492489030e-04	-5.465658022004301567e-04	2.595525344759382571e-05	-1.031938093478765566e-03	-4.099246079853222850e-05	-1.631813506681509111e-04	7.679909623016269171e-04	3.959255865374066851e-05	-3.986359776847384464e-04	-1.025290744431063984e-03	-6.022747203233461778e-05	7.367254754616285421e-04	-2.332334607251617447e-05	3.391783582679347257e-05	-5.494831778362820746e-04	-1.463087797492103239e-03	-5.016757767741173083e-06	-2.464910702860026399e-06	3.386941031266863964e-04	-4.060320962764277664e-05	-1.620267722994327489e-03	-3.564065693910912179e-03	-8.133697793299323321e-06	9.850018286331179568e-05	-1.419003881881028117e-03	-4.656804617825392907e-04	-1.688665986143610890e-04	5.821055986730616161e-04	0.000000000000000000e+00	5.074482270147262150e-05	-1.278364963247704406e-03	-2.399421963497091570e-04	-7.313761501611328758e-05	-1.178015736493228365e-05	-2.490954796895573486e-04	-5.487674544702494375e-10	-2.943340338531858814e-03	-1.730250623495756561e-03	-1.112105870342927996e-04	1.287380275214286334e-03	-7.174879525955930068e-05	-1.705789416337764782e-05	-2.533495362202246685e-03	-2.299176922210016100e-05	-1.372686846092195136e-03	9.346259341234487760e-05	-1.014899742746223942e-04	-1.065214069610354735e-04	1.835147608698241631e-03	1.207986308460594636e-04	1.028709203432096519e-04	-1.058490563962858656e-03	-3.796945231751398144e-07	-8.386764161751613137e-05	2.358342691867926916e-03
3.734214930389456906e-04	-1.475851424024208190e-04	-1.031341284164290261e-04	6.147026992533353128e-04	-4.975099747999074570e-05	7.505342194282233880e-04	9.245753258757612343e-04	-6.560732990058521332e-05	-5.578601896007149316e-05	4.677575452125562689e-04	-5.297426396643222001e-04	-2.311246524083708487e-05	-1.255444418788985786e-03	-6.072373881042402062e-05	-1.212488789407989019e-04	8.659649267163554466e-04	-4.627031532857897871e-05	8.407969414439434106e-05	-9.688870646144451780e-04	-2.693311491172839506e-05	1.723671376315972928e-04	-4.325292450796764342e-05	-3.118044090174892420e-05	-6.671699878598510037e-05	-2.916901766645290826e-04	2.695520530184530620e-05	5.146424434212953111e-05	1.887340608250491795e-04	6.264191430206084523e-07	-4.267255049653339563e-04	-9.005287604255965634e-04	-8.840688271898438771e-06	3.945083686257512458e-06	-1.307538520273846807e-03	-5.461675469700176359e-04	-5.601231519263252432e-05	5.160793266820909008e-04	-5.074482270147262150e-05	0.000000000000000000e+00	-9.752812025462009914e-04	-1.612769345982733031e-04	-3.307313981087703440e-05	1.137494945470713631e-05	5.243003135096272263e-04	2.299125343900734015e-05	-4.945124351540908323e-04	-9.228078968715285307e-04	-5.746668724863961765e-05	8.742046105476219888e-06	-1.493719620561104525e-04	-4.589757112759885224e-05	2.175175085660129221e-04	-6.612444354175712070e-11	-3.976277883595288014e-05	-2.552202515537786882e-04	-1.176324151310349634e-04	-1.672573781458907411e-05	1.381668023506216897e-03	-1.525414674828588289e-05	1.518346509262865555e-05	-1.429101860623620658e-03	8.083905604752925100e-05	1.652353459086803065e-05	2.181714663793587333e-03
-4.759825228081920401e-04	1.261132202809363799e-03	4.017680926961356667e-03	2.571578766086807160e-05	2.610402751446135733e-03	-5.909500060406430006e-05	-2.039349339805946490e-04	-6.707826990230223840e-04	1.237555068592535723e-03	-3.814432277717471150e-05	-1.061914229996706912e-04	-6.100284085348395106e-04	-1.396457080617935866e-04	-8.584732696217347745e-04	5.654220579167450710e-04	8.149916882999771171e-05	4.281874430050226082e-03	-9.343492497042757655e-05	-4.033050063160787383e-05	-1.529333433309272919e-03	-3.052282529677223706e-05	1.743703228839848206e-04	1.748523047907599420e-03	7.976950016753130851e-06	1.206569170374888853e-05	-8.328658996424278442e-05	-1.506451816722037345e-04	-1.948111903444482267e-05	-5.909466490993597280e-04	-8.892995353518783584e-05	-1.763261075207827016e-04	-8.312490579812458315e-04	1.615360027480556605e-03	-1.246628376936386243e-04	-7.711447418926975321e-06	-8.527892024832476811e-04	-2.896359115055450277e-05	1.278364963247704406e-03	9.752812025462009914e-04	0.000000000000000000e+00	-5.496968334682213636e-05	3.041792337665780513e-04	6.646718007785414918e-04	-6.343668461254713413e-05	1.058497499698274336e-03	-1.442301249324344265e-04	-1.309552772044047034e-04	-3.588705701027725646e-03	-1.685787142128315199e-04	3.204933235466535897e-04	1.496456153560996559e-03	-1.544051447220181250e-04	1.429105988161114525e-03	-1.285819035000480598e-04	-1.275202362490162255e-04	-2.433446539725706535e-03	-1.824372991952101400e-04	7.279457412892519574e-05	-9.721094501238557769e-06	-5.344207440529059536e-04	-5.813220864188015872e-10	-3.398997427134178677e-03	-1.013517165701637544e-03	2.422027841083758133e-04
-2.969502245252160204e-05	5.601422144924977833e-04	-7.646745874593221384e-06	-2.543050957636239446e-05	-6.174030080582565199e-04	1.680131903824333753e-10	-3.740535351599284482e-05	5.718528586665631722e-04	-3.117484951624353439e-04	-6.133301269186355517e-05	2.604777791154652927e-05	5.218447699487002147e-04	9.587416520162212754e-05	4.798945473825932690e-04	7.282556471978579408e-05	-9.849853334075386272e-05	7.708793056968957246e-05	1.329571359717632315e-05	7.958550196025769292e-05	3.944704454821641336e-04	4.001950117473748416e-05	3.443933242369718196e-04	3.411397894966552947e-04	-1.018895428967033412e-06	5.649879353570982224e-06	-3.902688725386299282e-04	-5.582922802977129378e-04	1.453315404547761148e-05	3.409841786000648183e-05	1.355076651342728651e-06	5.062503412964015133e-05	-5.675619898948078973e-04	4.264804109174758504e-04	8.709919763997162295e-05	4.564506011965770003e-05	-8.342670066322791444e-05	2.096541736403427343e-05	2.399421963497091570e-04	1.612769345982733031e-04	5.496968334682213636e-05	0.000000000000000000e+00	-6.051399512545862580e-04	-6.264464743298068898e-04	3.629332412375387777e-05	-6.487589789791309812e-04	6.508637957944779550e-05	4.512696623056306324e-05	3.348993800807568321e-05	-1.185853546272331038e-05	-4.503789182446822664e-05	-7.086725412402568574e-04	3.073378570069866728e-05	-7.505347480049608892e-04	5.727566389614825769e-05	1.210220460646128559e-05	6.930806499897477872e-04	-4.005041347034629423e-04	-7.267610045297949180e-05	1.050964569413951404e-05	5.040744324852331447e-04	5.909670042634911395e-05	1.176771786037464080e-04	-2.985397413943426288e-04	-1.253457907732682779e-04
2.606919970959819133e-03	-2.021594636824137949e-04	-2.416574890875044851e-04	-1.437734830451988834e-03	9.624467914195675833e-06	-4.798948806073618481e-04	1.170375592186794367e-03	-7.748365304268597085e-05	-3.338699802475361754e-04	5.759927010511355430e-04	2.065019686722759356e-03	8.657939900654287933e-05	2.201233959677659311e-03	7.560875282788931374e-11	-3.325952385700477599e-04	-6.481408645126084849e-04	-2.049677219977492026e-04	1.005888444388487952e-03	2.216758019218422089e-03	9.509691006404164871e-05	9.900663294796479413e-04	3.386969482023042828e-05	-8.345526476301838711e-05	-3.970113805567284477e-04	1.238945410263784998e-04	5.625566817956808110e-05	7.301539371850468939e-05	-5.623349031252463000e-04	-5.932320520022901572e-05	-1.120751706641884022e-03	-2.284219049749586054e-03	1.504681431622843920e-04	-1.408185942674656023e-05	1.967717710891290182e-03	1.219507597723135193e-03	2.293538309696105493e-05	2.695164050401387167e-04	7.313761501611328758e-05	3.307313981087703440e-05	-3.041792337665780513e-04	6.051399512545862580e-04	0.000000000000000000e+00	3.256737820398191438e-05	-1.945016976904091191e-03	4.099172531223791078e-05	-3.158482330917005386e-03	-1.172935211145234927e-03	1.563723140547320354e-04	1.756024832664951872e-03	-1.388105034589758242e-04	-5.557774505398813307e-06	-3.612353333658379576e-03	6.072353235837750187e-05	-2.499341654903080093e-03	-1.229191975250498172e-04	1.290087553920409927e-07	-1.286848239794144064e-04	-8.547369780980613486e-04	1.133700854424782273e-04	6.637390468218487484e-05	8.584708211330361986e-04	7.119918970000801506e-05	-1.402129034614251846e-04	-1.381612065372826020e-03
1.724688343127572191e-03	-1.414500883047437757e-04	-9.894175121913831414e-05	-9.625577096634073100e-04	3.395823269372288109e-05	-3.443926461751487672e-04	7.460751409194882246e-04	-6.530601581240095036e-05	-1.518623714721341984e-04	6.286251316470041223e-04	7.773060815612748385e-04	1.892746212925896317e-05	3.227253549573117506e-04	-3.387089981122783306e-05	-1.867254764451453794e-04	5.765322646928296548e-04	-1.139956003814231612e-04	1.882427673816577886e-04	5.560874143996837613e-04	4.930982037460062057e-05	2.326544808899503637e-04	-7.494524535963878334e-10	-7.638522963148931452e-05	-2.651466272916105406e-04	2.521626192524609709e-05	2.241670166184772753e-05	6.603112997965281252e-06	-9.276630417822642923e-05	-8.317788813827446518e-05	-2.041636034346517377e-04	-1.326449564317428668e-03	9.115006264231313683e-05	-5.374364075181354975e-05	3.622436614781258490e-04	9.007637536078377631e-04	5.683561306869048312e-06	2.613989349809300606e-04	1.178015736493228365e-05	-1.137494945470713631e-05	-6.646718007785414918e-04	6.264464743298068898e-04	-3.256737820398191438e-05	0.000000000000000000e+00	-1.213549198106115461e-03	2.332285090173220367e-05	-1.919148360871614787e-03	-7.115635879202015807e-04	5.321134047725874835e-05	1.651743349360797457e-03	-1.299011251419964039e-04	1.674236817563147181e-05	-2.453318646897343323e-03	4.325251092216760929e-05	-1.548935015973661612e-03	1.397156655068154069e-05	-2.414129735386751974e-05	-5.822257941073798187e-05	1.310004777208331332e-05	-3.155771646728968371e-04	-1.318861230275784310e-05	-1.743738316330531858e-04	-3.417897344720511070e-05	-1.205786131916588498e-04	4.731749039807646266e-04
-4.520163102180924423e-04	8.243270770411257817e-04	-1.252970594412662435e-04	1.865304522865540661e-04	-5.851331931896496582e-04	-1.356130997354440220e-06	-2.109036794898278173e-04	3.505646453113007467e-04	2.045486419008289442e-03	-8.969083344411895307e-05	-2.454844014126870353e-05	-5.379075160276286256e-04	9.198057224401529953e-06	1.120745849811295367e-03	3.478177195037538902e-03	-2.046821635029392181e-04	-1.800722990410283560e-04	1.566068328436439418e-05	1.785624149078961556e-04	1.213566411764984863e-03	5.564136438797428721e-05	2.041592632250189112e-04	-1.289868153888672534e-04	-3.947737552872293348e-05	1.225369499844574934e-04	4.260997454165913953e-04	1.795563300179755638e-03	-7.008870706356641199e-05	3.980192276388144594e-03	5.508083910258856778e-10	1.869221486188167537e-04	-1.200292119807571355e-03	-1.209331296815170220e-03	-1.053426173026096320e-05	3.528084285237234916e-05	4.077438711725143300e-03	-8.092685084939286834e-06	2.490954796895573486e-04	-5.243003135096272263e-04	6.343668461254713413e-05	-3.629332412375387777e-05	1.945016976904091191e-03	1.213549198106115461e-03	0.000000000000000000e+00	1.620269191836551988e-03	9.739764166735720430e-05	4.617933655788467647e-05	-3.614900909893695863e-04	-2.971960420995952996e-04	3.674105609645848119e-03	1.310874660375044212e-03	3.103989513595525841e-04	4.267286651882888616e-04	7.322156858256303991e-05	-6.807682000350192544e-05	4.727917951428103937e-04	1.284126181273303243e-03	-1.967556462862262052e-04	-4.352146943377844905e-05	-2.683612359120134822e-03	8.892544663459793779e-05	-4.320320050461652541e-04	1.055972754378555357e-03	-5.301603724222872429e-04
2.851326251971695626e-03	-1.262605145783385449e-04	3.959041060076693406e-05	-1.463089161228279308e-03	9.849972523074357561e-05	-2.399398717309105412e-04	1.287383033767007436e-03	-1.065219865579368442e-04	-5.068954509758815617e-05	4.932187588948377249e-04	-3.986422603205096648e-04	-5.017667885542179557e-06	-1.419016265635446306e-03	-7.313968091328824288e-05	-7.174911839808744318e-05	1.835153562055753459e-03	-2.917315898688443849e-05	-5.465719597698649648e-04	-1.025303790879101987e-03	-2.466650247153288477e-06	-4.656864892796198441e-04	-1.178122611259725460e-05	-1.705762776695059807e-05	1.207985924907742885e-04	-9.943190857578318442e-04	2.595636870969860322e-05	-6.022625053294721430e-05	3.386956572263531695e-04	-1.688665759115556332e-04	-2.490988911657214099e-04	-2.533501792726768412e-03	1.028722863903175756e-04	-9.186614150462318179e-05	-1.031951917694910433e-03	7.367189536657117515e-04	-4.060211254225031474e-05	5.821056564396660500e-04	5.487674544702494375e-10	-2.299125343900734015e-05	-1.058497499698274336e-03	6.487589789791309812e-04	-4.099172531223791078e-05	-2.332285090173220367e-05	-1.620269191836551988e-03	0.000000000000000000e+00	-2.943346008624436998e-03	-1.372690474348132149e-03	-3.783732657791817481e-07	2.569756136297292326e-03	-1.631823081698342121e-04	3.391747266113471289e-05	-3.564068169979105541e-03	5.074463443508897824e-05	-1.730252272547183005e-03	9.346039899816050984e-05	-8.386777106454016762e-05	-2.784657355046611069e-05	7.679982272282896661e-04	-5.494823993748840837e-04	-8.133834226279023890e-06	-1.278370406842754608e-03	-1.112124061051762664e-04	-1.014904229828519835e-04	2.358357934627991481e-03
-8.248595764469590121e-04	2.419037780201003813e-03	-1.092488598928983902e-04	2.644700154383105087e-04	-1.504783922351597865e-03	-6.508785330401641706e-05	-5.032804050020070214e-04	1.212641330656903313e-03	2.419040471858324888e-03	-1.932173635740142958e-04	-2.415206861716757991e-06	2.193985607120046478e-04	-8.139255916280124879e-05	3.158469250815999600e-03	7.393788808859523727e-03	-3.985224342231978752e-04	-1.092484433124547470e-04	-2.411129745874283155e-06	3.139227659720655135e-04	3.372154543839469155e-03	3.977600308248525581e-05	1.919139281863929593e-03	2.022704810621581313e-03	-4.895558568367116604e-05	2.644722507178069466e-04	2.194065464754457392e-04	3.372169285730454869e-03	-1.839477573500971383e-04	8.587021134320180216e-03	-9.739668201165285538e-05	3.504002798266886822e-04	-3.459528594328941872e-03	-1.504796421132886461e-03	-8.138275903513716688e-05	3.978075036283869949e-05	8.587018619209692283e-03	-2.171538651606461196e-05	2.943340338531858814e-03	4.945124351540908323e-04	1.442301249324344265e-04	-6.508637957944779550e-05	3.158482330917005386e-03	1.919148360871614787e-03	-9.739764166735720430e-05	2.943346008624436998e-03	0.000000000000000000e+00	2.447519650558907522e-05	-1.325864986525153617e-03	-5.032790322057588157e-04	7.393789461556504392e-03	2.022709230305308817e-03	3.503967722810020580e-04	4.945212964098540630e-04	2.447287965272352476e-05	-1.683038418876421378e-04	1.164970181127853582e-03	1.212649188481396394e-03	-3.985264280514254267e-04	-4.895895966737748734e-05	-3.459529926593231212e-03	1.442253462993669990e-04	-1.325859723303610994e-03	1.164986405263512652e-03	-1.033131801810519956e-03
-3.680243327780798306e-04	1.307643233890901048e-03	-9.692974474238873683e-05	6.508964730243582729e-05	-1.056876263477756102e-03	-5.727621408380944852e-05	-2.575251128473907049e-04	8.100579490914140614e-04	7.576897648233784331e-04	-1.303325296811238166e-04	5.935215240549964177e-05	7.616647002324139406e-04	8.549080717511633413e-05	2.499334614640357465e-03	3.506018209942819274e-03	-3.061194647246743661e-04	-3.699738299119110065e-05	4.140450771111814105e-05	2.845776656897951130e-04	2.595397565807036795e-03	7.522517802861864713e-05	1.548930620791534509e-03	1.373296950115378712e-03	-2.537577426714150716e-05	1.298993447136729412e-04	-1.237393184181077334e-04	1.313658294860421769e-03	-9.004217868496220160e-05	4.170562400989404062e-03	-7.322241657197367764e-05	1.747180112542687604e-04	-1.794126580984654320e-03	3.397053481540246401e-04	8.621869227345594711e-05	1.003704817526799469e-04	4.012538113253860672e-03	7.718278051661237510e-06	1.730250623495756561e-03	9.228078968715285307e-04	1.309552772044047034e-04	-4.512696623056306324e-05	1.172935211145234927e-03	7.115635879202015807e-04	-4.617933655788467647e-05	1.372690474348132149e-03	-2.447519650558907522e-05	0.000000000000000000e+00	-5.168344774002562409e-04	-2.061005708741822857e-04	3.490558057413518760e-03	7.808505666812707354e-04	8.747880302417672751e-05	3.976736281273680429e-05	-1.136261074418632127e-09	-6.326501167704589798e-05	9.249766155454465250e-04	-1.415762511513493117e-04	-2.523094758794616364e-04	-7.422087834939336002e-06	-1.138520744480134511e-03	1.285817115473184696e-04	-4.466197063446435698e-04	-4.862677552415199016e-04	-6.374875499198533104e-04
1.276216082447071949e-04	-1.586233400877930396e-04	-2.349287985158383290e-04	-7.125864012496035006e-05	-1.654262287345995507e-04	-1.176785205363388664e-04	-2.967401973018195303e-05	1.381793962823111511e-05	-3.031336218343811599e-04	-9.994133285774194986e-05	2.973999155766477581e-03	1.029540251826978635e-04	6.375833848208630958e-03	-7.119830294010111023e-05	-4.264137429715348791e-04	-3.253178641138287225e-03	-2.011259839243640453e-04	3.285758378050137804e-03	6.712827672644017946e-03	1.105096712535533470e-04	2.952732810050530572e-03	3.417874789825203394e-05	-5.637449987619712951e-05	1.157301980368012639e-04	-1.376526605232600460e-06	6.219687503597139611e-06	-2.181339562332337698e-05	4.360099148167734061e-05	-2.983011279824970458e-05	4.320359987378755433e-04	2.325561840588318701e-04	7.373394819365775281e-05	-2.437611002521563480e-05	7.261331946380682363e-03	3.344947114802966637e-03	9.449377327425145280e-05	-1.319988770515130995e-04	1.112105870342927996e-04	5.746668724863961765e-05	3.588705701027725646e-03	-3.348993800807568321e-05	-1.563723140547320354e-04	-5.321134047725874835e-05	3.614900909893695863e-04	3.783732657791817481e-07	1.325864986525153617e-03	5.168344774002562409e-04	0.000000000000000000e+00	6.220658407716882611e-05	-1.739047398158331684e-04	-1.134382391583669322e-04	1.829518189864322102e-04	-8.083948963964418142e-05	4.466199449063771969e-04	2.569167161626746730e-04	1.028880477238289389e-04	-1.245363023340826704e-04	-3.596893322833181073e-03	-9.213383710315756420e-05	1.367344036016343817e-04	3.398995734247916949e-03	-3.451453446174629195e-11	-1.752634270302160847e-04	-7.584806351377837777e-03
-1.184532280631457737e-04	3.368355748573066233e-04	-1.895348222629522172e-04	9.920926607021973535e-05	4.829464515379905312e-04	3.740618387009424044e-05	5.088803105284819090e-10	2.415845703669781584e-04	-1.001235959519645221e-03	3.662958087562862816e-05	2.214197456766481839e-04	-3.372647984020149672e-05	5.138938401879685359e-04	-1.170370875657626708e-03	-3.582446865863218345e-03	-7.550418911884325358e-05	-6.193027112703119769e-05	2.113254732642432247e-04	2.974497441475790920e-04	-1.043346333075902480e-03	1.998522569491837557e-04	-7.460717574154407568e-04	-1.162667344571647514e-03	5.393743479995164001e-05	1.081255486633420668e-04	-9.382833540163616239e-04	-1.462777383620549564e-03	5.983848007029339241e-05	-3.407799479756327098e-03	2.109022783478568428e-04	2.538585577949530568e-04	-3.979186673924983968e-04	1.213144612283563895e-03	4.630803979225380645e-04	1.785515937837407014e-04	-3.672933497976839205e-03	2.953748539643570069e-05	-1.287380275214286334e-03	-8.742046105476219888e-06	1.685787142128315199e-04	1.185853546272331038e-05	-1.756024832664951872e-03	-1.651743349360797457e-03	2.971960420995952996e-04	-2.569756136297292326e-03	5.032790322057588157e-04	2.061005708741822857e-04	-6.220658407716882611e-05	0.000000000000000000e+00	-3.763809480617864855e-03	-2.681506098227241178e-03	3.404370365991927182e-04	-9.245782459885068093e-04	2.575253545119975422e-04	9.407456844989347394e-05	-7.399484096084977657e-04	-7.390453662122785155e-04	-4.230598782901365176e-05	7.606042546097630528e-05	1.164892343885797063e-03	2.039390931401683347e-04	2.967079572929752268e-05	-1.198791993205262224e-03	-2.253652004650312339e-05
7.669503741729659721e-03	-2.255595855526836111e-04	-1.194074075127901316e-04	-3.780109850245723900e-03	5.501680113347257961e-05	-7.282505302443214343e-05	3.582447626171021172e-03	-1.253276142509654955e-04	-1.694263634155259986e-04	-2.195904870762245309e-05	-6.769309222580462571e-04	2.215859026449571248e-04	-1.232442342323279575e-03	3.325950265652249374e-04	-6.051409861501176981e-10	5.374909577298609721e-04	9.480999186273682017e-05	-3.124922181727294917e-04	-1.151914472244797497e-03	1.834749003570070611e-04	-6.041135953164136589e-04	1.867254556260979656e-04	1.853701145157692586e-04	1.577472519999412992e-06	-3.591526269950481506e-03	1.442552487758883245e-04	1.004280019410272624e-04	1.870564203509294515e-05	1.032792377493529451e-05	-3.478178115055568544e-03	-7.691837231886016445e-03	2.179187044773503391e-04	2.157427742384127978e-04	-1.024669222290603213e-04	-1.862535092997965572e-04	-5.759542634663444936e-05	-4.908744040811197643e-05	7.174879525955930068e-05	1.493719620561104525e-04	-3.204933235466535897e-04	4.503789182446822664e-05	1.388105034589758242e-04	1.299011251419964039e-04	-3.674105609645848119e-03	1.631823081698342121e-04	-7.393789461556504392e-03	-3.490558057413518760e-03	1.739047398158331684e-04	3.763809480617864855e-03	0.000000000000000000e+00	1.592113707649251407e-04	-8.013931464866647092e-03	1.212498483843580494e-04	-3.506018530087176913e-03	1.079629442398051677e-04	-3.414543880123610249e-05	-1.821198177769569194e-04	1.500419020198381448e-04	-2.196803051064192798e-04	3.153346247532914318e-04	-5.654242298921508068e-04	4.264139740954342494e-04	-8.361566721067632108e-05	1.168700249666897130e-03
3.009546797912069412e-03	-1.299165678499820367e-04	-4.866579830056643483e-05	-1.529716928757693557e-03	7.095481232317253921e-05	-3.411378437250996436e-04	1.162668998057491201e-03	-8.673314357523192856e-05	-1.491118169150806145e-04	4.544526942742650776e-04	-1.118018615074259890e-03	1.066267896407581276e-04	-3.042972616989918049e-03	8.345289725095827820e-05	-1.853702694471958063e-04	2.572932996442900411e-03	-5.288803310309945046e-05	-9.903042501363374349e-04	-2.245136853146634942e-03	1.696850034874737231e-04	-1.242753869765566514e-03	7.638381327592063796e-05	9.818871657716688253e-11	2.491551933256237750e-04	-9.073551363981758374e-04	3.871434228021607441e-05	7.874177422017381516e-06	4.041887016720278674e-04	-1.118924414275011928e-04	1.289845467266396658e-04	-1.958631213701142459e-03	9.661140349969168093e-05	1.547753005603684447e-05	-1.776654153454843791e-03	3.224087726012113539e-04	1.477764533147338976e-05	5.339111777408046908e-04	1.705789416337764782e-05	4.589757112759885224e-05	-1.496456153560996559e-03	7.086725412402568574e-04	5.557774505398813307e-06	-1.674236817563147181e-05	-1.310874660375044212e-03	-3.391747266113471289e-05	-2.022709230305308817e-03	-7.808505666812707354e-04	1.134382391583669322e-04	2.681506098227241178e-03	-1.592113707649251407e-04	0.000000000000000000e+00	-3.266336127072289215e-03	3.118049050055083033e-05	-1.373298484731221101e-03	3.201715897576232249e-04	-4.623020055564123652e-05	-1.258831265056489747e-04	1.192549014320866754e-03	-5.541483313965453721e-04	8.959960589128917411e-05	-1.748528830873922676e-03	5.637309621353525071e-05	-2.292029838971005305e-04	3.570461972082359520e-03
-3.927243304901297861e-04	1.511060251568716864e-03	-5.627533046431988889e-05	1.015573707786179359e-04	-1.405105996472946935e-03	-5.062682419077027166e-05	-2.538617223424124211e-04	6.897725527761416550e-04	2.513775610265367097e-03	-1.566642258181699795e-04	1.843878148658101583e-05	-2.612152290998567871e-04	-8.109340788052467504e-06	2.284207258959153504e-03	7.691835324173283868e-03	-4.062769414676093956e-04	-1.589397882655406544e-04	5.656861950274600200e-05	4.234180080891348889e-04	2.228752189513903345e-03	8.523841062574758301e-05	1.326441134979416785e-03	1.958626607837766868e-03	-6.650943406019811340e-05	3.151950722679784330e-05	8.498359526118214134e-04	3.318375109462318694e-03	-1.354192498316344508e-04	8.055519146723064822e-03	-1.869188856244408093e-04	4.145542119953334265e-09	-1.846907142618813089e-03	-2.691784420375670922e-03	1.594437990692297276e-06	8.297203425223565517e-05	8.358292848983041659e-03	-3.672837567603999098e-05	2.533495362202246685e-03	-2.175175085660129221e-04	1.544051447220181250e-04	-3.073378570069866728e-05	3.612353333658379576e-03	2.453318646897343323e-03	-3.103989513595525841e-04	3.564068169979105541e-03	-3.503967722810020580e-04	-8.747880302417672751e-05	-1.829518189864322102e-04	-3.404370365991927182e-04	8.013931464866647092e-03	3.266336127072289215e-03	0.000000000000000000e+00	9.005356276104178968e-04	-1.747186642374616138e-04	-1.662060283177322880e-04	1.608834296376367417e-03	1.822755696267746705e-03	-4.225065467966718615e-04	-7.708381809010963299e-05	-3.159378940340270940e-03	1.763163399945937146e-04	-2.325489738632537757e-04	2.761353059166210371e-03	-1.102881441142685316e-03
3.734280479032687844e-04	-5.578716390941185405e-05	-4.627148232917404204e-05	-2.916934946232485962e-04	3.944922141313661251e-06	-1.612757296678138581e-04	8.745754964125476794e-06	-1.672617644585527717e-05	-1.475862109874088383e-04	4.677565607657009628e-04	8.407598839317302251e-05	2.695521615895895250e-05	-1.307545321932074333e-03	-3.307434648648787290e-05	-1.493719541505161418e-04	1.381671187876362152e-03	-1.031342688752106759e-04	-5.297466633043630344e-04	-9.688950209227105035e-04	5.146325998244605834e-05	-5.461709082302066559e-04	1.137414090886783759e-05	-4.589731900741085097e-05	-1.525353413125312731e-05	6.146991455959215133e-04	-2.311175104078507398e-05	-2.693248744587882563e-05	1.887350133903799385e-04	-5.601275446333684192e-05	5.242957064434490208e-04	2.175084834584591032e-04	1.518450312066919789e-05	-4.975133986152196000e-05	-1.255453201961723728e-03	1.723629936401401528e-04	6.270433048931865579e-07	5.160800494785078036e-04	2.299176922210016100e-05	6.612444354175712070e-11	-1.429105988161114525e-03	7.505347480049608892e-04	-6.072353235837750187e-05	-4.325251092216760929e-05	-4.267286651882888616e-04	-5.074463443508897824e-05	-4.945212964098540630e-04	-3.976736281273680429e-05	8.083948963964418142e-05	9.245782459885068093e-04	-1.212498483843580494e-04	-3.118049050055083033e-05	-9.005356276104178968e-04	0.000000000000000000e+00	-9.228113453944966930e-04	-2.552214444157270123e-04	1.652325048191678790e-05	-6.560803928632656483e-05	8.659697610770447727e-04	-6.671557658498791245e-05	-8.839771558729956057e-06	-9.752842510567449278e-04	-5.746692494958295780e-05	-1.176322970409613279e-04	2.181723717645762690e-03
-3.680260001706416343e-04	7.576879045951580554e-04	-3.699918300185802767e-05	1.298990614848295137e-04	3.397103882170778542e-04	-4.512782196404606567e-05	-2.061024011122385841e-04	-1.415796558572582809e-04	1.307644092503568124e-03	-1.303325456230839438e-04	4.140025007555271029e-05	-1.237432083268287671e-04	8.620876480156341418e-05	1.172928833047688288e-03	3.490556812436709615e-03	-2.523050463575550332e-04	-9.693058135078956540e-05	5.935212787695568479e-05	2.845727001917301973e-04	1.313651242419869867e-03	1.003657046293387692e-04	7.115589871759281804e-04	7.808479056267358075e-04	-7.420131662188813158e-06	6.509152339543428350e-05	7.616689869596119777e-04	2.595404989547072695e-03	-9.004197537633751888e-05	4.012538262286795970e-03	-4.617757897176399988e-05	8.748315817515846628e-05	-1.138519202090213216e-03	-1.056882668682065755e-03	8.549117630061024470e-05	7.522519285648213930e-05	4.170560394501639928e-03	7.718362684338819351e-06	1.372686846092195136e-03	3.976277883595288014e-05	1.285819035000480598e-04	-5.727566389614825769e-05	2.499341654903080093e-03	1.548935015973661612e-03	-7.322156858256303991e-05	1.730252272547183005e-03	-2.447287965272352476e-05	1.136261074418632127e-09	-4.466199449063771969e-04	-2.575253545119975422e-04	3.506018530087176913e-03	1.373298484731221101e-03	1.747186642374616138e-04	9.228113453944966930e-04	0.000000000000000000e+00	-6.326491608425058115e-05	-4.862742255709857995e-04	8.100620602067092578e-04	-3.061192221489295018e-04	-2.537725138897597884e-05	-1.794127361520457195e-03	1.309507463350340420e-04	-5.168312472146438692e-04	9.249846099045474449e-04	-6.374827522701452445e-04
-2.107050973916543618e-04	3.875155195878590177e-04	-7.875580783074090705e-06	9.796856207641567893e-05	3.510241735947371286e-04	-1.210232309539198035e-05	-9.407491208373561275e-05	1.329787889865630536e-05	3.875170304792294748e-04	-1.691592565993600033e-05	1.322083693703487929e-04	-2.793116409393962525e-04	2.306659679167831966e-04	1.229181897028992949e-04	-1.079635032315040983e-04	-1.116854508784282740e-04	-7.875957100799286845e-06	1.322086613638452049e-04	2.434048667396168620e-04	2.782502629878145909e-04	1.069758692336254108e-04	-1.397305955785770623e-05	-3.201739090819783005e-04	4.850372143217682842e-05	9.796859353357101384e-05	-2.793104079581093047e-04	2.782507540933255581e-04	-2.389519799632455706e-05	2.249877337818170797e-04	6.807693456082575755e-05	1.662062894477758204e-04	-5.759789553700825175e-04	3.510235336006508645e-04	2.306664332209739092e-04	1.069759621802361595e-04	2.249881548424404322e-04	1.429638298594697229e-05	-9.346259341234487760e-05	2.552202515537786882e-04	1.275202362490162255e-04	-1.210220460646128559e-05	1.229191975250498172e-04	-1.397156655068154069e-05	6.807682000350192544e-05	-9.346039899816050984e-05	1.683038418876421378e-04	6.326501167704589798e-05	-2.569167161626746730e-04	-9.407456844989347394e-05	-1.079629442398051677e-04	-3.201715897576232249e-04	1.662060283177322880e-04	2.552214444157270123e-04	6.326491608425058115e-05	0.000000000000000000e+00	-4.840235172633718759e-04	1.329892355948318176e-05	-1.116853906117587438e-04	4.850362324388791480e-05	-5.759812880064184510e-04	1.275199874262902930e-04	-2.569168594596638023e-04	-4.840231320053906515e-04	-2.403691104674372152e-04
2.412575333885810629e-03	-5.699582218071538820e-05	8.905713286630369800e-06	-1.015718438349580248e-03	-4.066676205429180772e-05	2.985391847969905447e-04	1.198785372059791351e-03	-1.696571450865320274e-05	1.034470929773327429e-06	-5.504507764194007400e-04	-5.839983771020341302e-04	1.245011117715175575e-04	1.324182837106895657e-03	1.402127497695604755e-04	8.361531406181160980e-05	-1.204364942463134530e-03	1.514977114566853976e-04	9.144093953357213325e-04	1.439207265284648705e-03	5.868199056982546823e-05	6.425444770219151253e-04	1.205789167088497902e-04	2.292029200564161097e-04	2.871071143353489557e-04	-2.455434314293312124e-03	4.853074228024764137e-05	-1.619612758337369445e-05	3.624338479649685373e-04	-3.512291899089080516e-06	-1.055964739641355706e-03	-2.761337018812419497e-03	5.763178442806989466e-05	1.251786730047260991e-04	2.600431367005048150e-03	7.919179046693258350e-04	-1.245423520915547146e-05	-5.442924086577676044e-04	1.014899742746223942e-04	1.176324151310349634e-04	2.433446539725706535e-03	-6.930806499897477872e-04	-1.290087553920409927e-07	2.414129735386751974e-05	-4.727917951428103937e-04	8.386777106454016762e-05	-1.164970181127853582e-03	-9.249766155454465250e-04	-1.028880477238289389e-04	7.399484096084977657e-04	3.414543880123610249e-05	4.623020055564123652e-05	-1.608834296376367417e-03	-1.652325048191678790e-05	4.862742255709857995e-04	4.840235172633718759e-04	0.000000000000000000e+00	-7.546108939583600424e-05	-1.507026473190552565e-03	-5.112772930371026984e-04	2.696284707673232369e-04	1.013517429612208675e-03	1.752624579445419099e-04	-1.133663891396414206e-10	-2.880125677610063852e-03
1.163862460756096137e-03	9.436359960601238810e-05	1.326012803301650461e-04	-1.364867371485408700e-03	1.273977350494500315e-04	-5.718520739782764935e-04	-2.415810456212735672e-04	-7.283035795972419148e-10	6.351059944574217211e-07	-2.791848879898911747e-04	-2.057319861289840933e-04	4.924278991837296787e-05	-1.484325878931606305e-04	7.748382161511802577e-05	1.253268914137085129e-04	-1.758167439554038716e-04	6.321263530092309220e-05	-7.791018230175860825e-04	-5.078994531358884280e-04	2.445091010975426431e-05	-7.576656845959277211e-04	6.530598431402149769e-05	8.673239814912102222e-05	-2.098813879875934744e-04	-4.797463565952153489e-04	4.239099352350803073e-05	1.660176364530014460e-05	4.369470428542704144e-05	7.136629047835213037e-07	-3.505679995901463120e-04	-6.897800325621808969e-04	8.884957124526841660e-05	-2.005956386258880454e-05	-7.539232456884879308e-05	-7.795441565674786431e-05	9.602684925945700759e-05	-6.254916339079787807e-04	1.065214069610354735e-04	1.672573781458907411e-05	1.824372991952101400e-04	4.005041347034629423e-04	1.286848239794144064e-04	5.822257941073798187e-05	-1.284126181273303243e-03	2.784657355046611069e-05	-1.212649188481396394e-03	1.415762511513493117e-04	1.245363023340826704e-04	7.390453662122785155e-04	1.821198177769569194e-04	1.258831265056489747e-04	-1.822755696267746705e-03	6.560803928632656483e-05	-8.100620602067092578e-04	-1.329892355948318176e-05	7.546108939583600424e-05	0.000000000000000000e+00	-7.570087704688356362e-04	-2.679668641495806846e-04	4.976156258654045039e-05	6.707789812498588401e-04	-1.381732623664902346e-05	1.696571050914888208e-05	-5.726439310318563866e-04
2.234226841503735635e-04	-1.442495541440678552e-03	-4.057584803970460882e-03	9.622973539986454257e-05	-1.830356794042539183e-03	9.849687696625289879e-05	7.549972757183302558e-05	1.758208622636160657e-04	-2.903657215246159356e-04	3.455352417352285728e-07	-4.125926000939796650e-06	4.600544140886196729e-05	-3.696556091244753437e-05	6.481431935629171099e-04	-5.374894208278159979e-04	-8.515370125287038052e-10	-4.273459159811435204e-03	1.153474803038264102e-05	-1.175302940394765995e-04	1.352242166133610368e-03	-3.062119907826153607e-05	-5.765285153307640438e-04	-2.572927337831361003e-03	1.013425074271174986e-05	9.646023577180678999e-05	6.703766635813004568e-04	1.091794089853296559e-03	5.446180569316645920e-05	6.168507282337514636e-04	2.046865644416667848e-04	4.062870787860499173e-04	1.058323371112968817e-03	-1.884495106743832443e-03	-4.825111053463551766e-05	-5.882665519664945328e-05	1.043380157924359789e-03	5.461515084431492868e-05	-1.835147608698241631e-03	-1.381668023506216897e-03	-7.279457412892519574e-05	7.267610045297949180e-05	8.547369780980613486e-04	-1.310004777208331332e-05	1.967556462862262052e-04	-7.679982272282896661e-04	3.985264280514254267e-04	2.523094758794616364e-04	3.596893322833181073e-03	4.230598782901365176e-05	-1.500419020198381448e-04	-1.192549014320866754e-03	4.225065467966718615e-04	-8.659697610770447727e-04	3.061192221489295018e-04	1.116853906117587438e-04	1.507026473190552565e-03	7.570087704688356362e-04	0.000000000000000000e+00	1.739926502869626891e-05	-4.701445856572321596e-04	-8.149779367649912475e-05	3.253179363178486556e-03	1.204364129587105238e-03	-5.285876784318793188e-05
-7.612472234542420326e-05	-2.445096334582152575e-04	1.129335561640880479e-04	2.574156001062570466e-05	-3.508824723112135288e-04	1.018865733199366777e-06	-5.393898347992667910e-05	2.098823457554915871e-04	3.845403867126095812e-04	-1.259550624121094596e-05	-1.500216579248219692e-05	-1.176936980112430840e-05	-2.547445500365734430e-05	3.970136822386515201e-04	-1.577052605657801158e-06	-1.013496821601862568e-05	-9.366715102393113640e-05	-1.318670503841614491e-05	-3.047213296336194168e-05	4.621916155394928914e-04	-1.892347142204650555e-05	2.651476394563944934e-04	-2.491553654542471414e-04	5.126052354388651428e-11	2.575031443036711489e-05	3.987439180297498351e-05	-3.132683974402178991e-04	3.401606161093989546e-05	-1.725938385402431616e-05	3.947875261876248167e-05	6.651322995111322322e-05	3.674189793827595685e-04	1.192773138667626480e-04	-1.480793447093995842e-05	-4.003133387871967835e-05	2.294507291351001097e-04	-1.477759413351719618e-05	-1.207986308460594636e-04	1.525414674828588289e-05	9.721094501238557769e-06	-1.050964569413951404e-05	-1.133700854424782273e-04	3.155771646728968371e-04	4.352146943377844905e-05	5.494823993748840837e-04	4.895895966737748734e-05	7.422087834939336002e-06	9.213383710315756420e-05	-7.606042546097630528e-05	2.196803051064192798e-04	5.541483313965453721e-04	7.708381809010963299e-05	6.671557658498791245e-05	2.537725138897597884e-05	-4.850362324388791480e-05	5.112772930371026984e-04	2.679668641495806846e-04	-1.739926502869626891e-05	0.000000000000000000e+00	-4.947237375528397386e-04	-7.976572828016855219e-06	-1.157292061595212198e-04	-2.871085064905351709e-04	-2.705510734744734185e-06
-1.883049644043244004e-03	-1.534954354005550671e-04	-1.335708584025537471e-04	1.418724968117937059e-03	-6.563149336751437283e-05	5.675599450530633989e-04	3.979170827114986392e-04	-8.884852401307182629e-05	-8.406338907824441992e-05	3.413441374307286252e-04	1.248932128490516311e-03	-3.638583117770016479e-05	2.750582844529492026e-03	-1.504681217145116350e-04	-2.179189571429421572e-04	-1.058329636360038663e-03	-9.711024132890482756e-05	1.072699762652086324e-03	2.546565798717825152e-03	-7.532592413638970145e-05	2.471361968074336883e-03	-9.114934832862370750e-05	-9.661023059293015187e-05	-3.674189614364912907e-04	8.728453920694933220e-04	4.880003494881454717e-05	1.220557353918346767e-04	2.895880181601600276e-04	1.574450110372722190e-05	1.200293108186993932e-03	1.846910095592185861e-03	5.777251527259980425e-10	2.829617993116494989e-05	1.368559187402297768e-03	8.835747838687619269e-04	-2.213401643533599063e-04	6.256960730599129585e-04	-1.028709203432096519e-04	-1.518346509262865555e-05	5.344207440529059536e-04	-5.040744324852331447e-04	-6.637390468218487484e-05	1.318861230275784310e-05	2.683612359120134822e-03	8.133834226279023890e-06	3.459529926593231212e-03	1.138520744480134511e-03	-1.367344036016343817e-04	-1.164892343885797063e-03	-3.153346247532914318e-04	-8.959960589128917411e-05	3.159378940340270940e-03	8.839771558729956057e-06	1.794127361520457195e-03	5.759812880064184510e-04	-2.696284707673232369e-04	-4.976156258654045039e-05	4.701445856572321596e-04	4.947237375528397386e-04	0.000000000000000000e+00	8.312556292586370955e-04	-7.373503954088681163e-05	-5.763259270941161394e-05	-1.536127545899049901e-03
-4.759868451707565881e-04	1.237549277434947742e-03	4.281872828871748082e-03	1.207026821031088900e-05	1.615360718815574484e-03	-5.496807031934883379e-05	-1.685786609816666284e-04	-1.824408392361564482e-04	1.261137618632076837e-03	-3.814462921986381356e-05	-9.343480867473139960e-05	-8.329000586750496529e-05	-1.246632267367421294e-04	3.041779993418583278e-04	3.204932203327080613e-04	7.279451271862799242e-05	4.017679611849700808e-03	-1.061906001556710754e-04	-4.032913415336955153e-05	-1.506456285157101041e-04	-7.711967368643707159e-06	6.646677563091703180e-04	1.496448883195779147e-03	-9.720405508171924187e-06	2.571573414476378686e-05	-6.100244747855294945e-04	-1.529331506239599596e-03	-1.948141746963964635e-05	-8.527887563779723481e-04	-6.343699301212182427e-05	-1.544055173082505266e-04	-5.344138687060320976e-04	2.610400951185783483e-03	-1.396433274474261934e-04	-3.052115085976471812e-05	-5.909455172131610270e-04	-2.896341248607952723e-05	1.058490563962858656e-03	1.429101860623620658e-03	5.813220864188015872e-10	-5.909670042634911395e-05	-8.584708211330361986e-04	1.743738316330531858e-04	-8.892544663459793779e-05	1.278370406842754608e-03	-1.442253462993669990e-04	-1.285817115473184696e-04	-3.398995734247916949e-03	-2.039390931401683347e-04	5.654242298921508068e-04	1.748528830873922676e-03	-1.763163399945937146e-04	9.752842510567449278e-04	-1.309507463350340420e-04	-1.275199874262902930e-04	-1.013517429612208675e-03	-6.707789812498588401e-04	8.149779367649912475e-05	7.976572828016855219e-06	-8.312556292586370955e-04	0.000000000000000000e+00	-3.588704455854849814e-03	-2.433444514187460290e-03	2.422012476980277187e-04
1.276224160236471780e-04	-3.031349441562538726e-04	-2.011258432551309204e-04	-1.379157065793193697e-06	-2.437765718600127043e-05	-3.349125412889232919e-05	6.220554637687270548e-05	-1.245363905887768589e-04	-1.586254115599874449e-04	-9.994097144644311249e-05	3.285757367050726446e-03	6.220630889884640283e-06	7.261328574530695641e-03	-1.563723736524307733e-04	-1.739067553358707662e-04	-3.596891274139216166e-03	-2.349309938995727527e-04	2.974001169427438647e-03	6.712829699500370839e-03	-2.181181358809216212e-05	3.344945583555108959e-03	-5.321056341806577650e-05	-1.134380511417226050e-04	-9.213243455616823541e-05	-7.125807495678928465e-05	1.029542682521419525e-04	1.105082603196486969e-04	4.360038458203903503e-05	9.449398578999679710e-05	3.614890416367461286e-04	1.829525314033162136e-04	1.367360586325885711e-04	-1.654270047188095177e-04	6.375838336054838462e-03	2.952735296449143614e-03	-2.982864133297084689e-05	-1.319989201230105315e-04	3.796945231751398144e-07	-8.083905604752925100e-05	3.398997427134178677e-03	-1.176771786037464080e-04	-7.119918970000801506e-05	3.417897344720511070e-05	4.320320050461652541e-04	1.112124061051762664e-04	1.325859723303610994e-03	4.466197063446435698e-04	3.451453446174629195e-11	-2.967079572929752268e-05	-4.264139740954342494e-04	-5.637309621353525071e-05	2.325489738632537757e-04	5.746692494958295780e-05	5.168312472146438692e-04	2.569168594596638023e-04	-1.752624579445419099e-04	1.381732623664902346e-05	-3.253179363178486556e-03	1.157292061595212198e-04	7.373503954088681163e-05	3.588704455854849814e-03	0.000000000000000000e+00	1.028873777796264624e-04	-7.584805378785561096e-03
2.412587515211856142e-03	1.032517325716383113e-06	1.514963469485767621e-04	-2.455440491010439045e-03	1.251780282727726185e-04	-6.930807672581135951e-04	7.399544191374462371e-04	-7.546225697428700016e-05	-5.699687317624384198e-05	-5.504521113247830451e-04	9.144077726556899734e-04	4.853129049173553818e-05	2.600426874651169500e-03	-1.289616580043456931e-07	3.414371767906700117e-05	-1.507023383364437547e-03	8.904367859265670417e-06	-5.839987995564747004e-04	1.439204862091373249e-03	-1.619546087964348697e-05	7.919157675087913541e-04	2.414168488658391661e-05	4.622970985406508950e-05	-5.112744161958045295e-04	-1.015724717445952874e-03	1.245023321739657102e-04	5.868213820621722077e-05	3.624337461589918026e-04	-1.245346705654010145e-05	-4.727986520428375519e-04	-1.608848307128064262e-03	2.696305689737729140e-04	-4.066725267837989672e-05	1.324182424161171601e-03	6.425443363792102862e-04	-3.512914165771838758e-06	-5.442905584322001210e-04	8.386764161751613137e-05	-1.652353459086803065e-05	1.013517165701637544e-03	2.985397413943426288e-04	1.402129034614251846e-04	1.205786131916588498e-04	-1.055972754378555357e-03	1.014904229828519835e-04	-1.164986405263512652e-03	4.862677552415199016e-04	1.752634270302160847e-04	1.198791993205262224e-03	8.361566721067632108e-05	2.292029838971005305e-04	-2.761353059166210371e-03	1.176322970409613279e-04	-9.249846099045474449e-04	4.840231320053906515e-04	1.133663891396414206e-10	-1.696571050914888208e-05	-1.204364129587105238e-03	2.871085064905351709e-04	5.763259270941161394e-05	2.433444514187460290e-03	-1.028873777796264624e-04	0.000000000000000000e+00	-2.880122044583126838e-03
3.210265728139779715e-04	-2.793677462058797092e-03	-9.192835745927812469e-03	2.834072612537504639e-04	-3.955195023121088269e-03	1.253419491665666108e-04	2.253174387070179633e-05	5.726521950778736599e-04	-2.793689675358652057e-03	6.136464476427981271e-05	1.692395505646178595e-05	1.135380455271025810e-03	-1.554790454703398211e-04	1.381615951090784354e-03	-1.168698121659744044e-03	5.285676211390656610e-05	-9.192835300721761624e-03	1.692291865080503525e-05	-2.387712313388922511e-04	2.612040533600230342e-03	-1.316435234322685030e-04	-4.731659233642796772e-04	-3.570446585073334955e-03	2.704020534196332940e-06	2.834125837095792370e-04	1.135372308981764163e-03	2.612037109958174723e-03	8.181495878098062036e-05	1.543165343228974961e-03	5.301658579344528405e-04	1.102893058097188274e-03	1.536113162464843203e-03	-3.955191290369626175e-03	-1.554825101124606541e-04	-1.316460588368158647e-04	1.543165707205409673e-03	9.660373849872711958e-05	-2.358342691867926916e-03	-2.181714663793587333e-03	-2.422027841083758133e-04	1.253457907732682779e-04	1.381612065372826020e-03	-4.731749039807646266e-04	5.301603724222872429e-04	-2.358357934627991481e-03	1.033131801810519956e-03	6.374875499198533104e-04	7.584806351377837777e-03	2.253652004650312339e-05	-1.168700249666897130e-03	-3.570461972082359520e-03	1.102881441142685316e-03	-2.181723717645762690e-03	6.374827522701452445e-04	2.403691104674372152e-04	2.880125677610063852e-03	5.726439310318563866e-04	5.285876784318793188e-05	2.705510734744734185e-06	1.536127545899049901e-03	-2.422012476980277187e-04	7.584805378785561096e-03	2.880122044583126838e-03	0.000000000000000000e+00
