0.000000000000000000e+00	-9.467196122977643031e-04	-1.609452596887999895e-03	2.588318769863621137e-05	-7.063557756580012437e-04	1.208970293037225392e-05	2.969539853280776754e-06	-5.105531102579639077e-05	-9.467220097582314340e-04	8.313209512493329682e-04	2.313320676382576795e-04	-2.544714918105917467e-04	-1.496369712223421296e-03	-1.544937359682238120e-03	-2.692981922960424775e-03	1.807802109328651881e-03	-1.609450997058588587e-03	2.313300185763199758e-04	2.072300912105343304e-04	5.979238718825981161e-04	-7.321619879525422296e-05	-2.585743296458091521e-04	-1.258768638905967147e-03	1.639108038619392204e-04	2.588362543979654077e-05	-2.544802213480773078e-04	5.979086732996758552e-04	3.473650467997938364e-04	1.725827102155153133e-03	8.827902742123385415e-04	9.178826393796516185e-04	-1.344625696266784579e-03	-7.063420959686076209e-04	-1.496371689637572989e-03	-7.321783342310712547e-05	1.725827684432698975e-03	5.276862166736997909e-04	9.937964646194619601e-04	4.852679377012446152e-05	-1.457012061053275000e-03	1.208989096142779462e-05	-1.544951879575058758e-03	-2.585833164589738269e-04	8.827909462249400319e-04	9.937928972678020112e-04	1.899150264755775086e-03	8.912555765799310206e-04	-2.999306523353678297e-03	2.969991109910451344e-06	-2.692984683352588754e-03	-1.258774542923831157e-03	9.178818742162879593e-04	4.851753276778464477e-05	8.912550417262410374e-04	3.580172018800523051e-04	-1.441481243441979782e-03	-5.106441775442135825e-05	1.807802509842375630e-03	1.639121132128266989e-04	-1.344620957633824165e-03	-1.457010706103725088e-03	-2.999305823939997680e-03	-1.441496889588155753e-03	3.468597860843231247e-03
9.467196122977643031e-04	0.000000000000000000e+00	-7.888061041366425290e-05	-5.987313834967591128e-04	-2.972862268950827048e-05	-9.562568939629950069e-06	5.403332670858398187e-04	1.548258536645901167e-05	-6.734750076265503366e-10	-1.593064696061940555e-04	-1.006154356086543027e-04	1.395503473974582433e-04	-1.400574341566973731e-04	6.205668563471995530e-05	2.135504950495347451e-04	-1.837413192663032427e-04	2.451562872049016886e-04	-2.392280519806907146e-04	-1.028190901628246137e-04	6.534911756752730160e-05	5.732516422283417463e-05	1.284364332262422624e-04	2.210764648962336063e-04	-1.460302666094631403e-04	-5.233791409489416775e-04	7.178725212089494408e-05	2.345032310942284982e-04	-3.644445569468443249e-05	3.143330431036869344e-04	-5.521079001862157481e-04	-1.224618915190573299e-03	-2.879195941202363174e-05	-2.326102105373934652e-04	5.550616446411785491e-05	1.069196369444306948e-04	3.543196335116210040e-04	1.061359964221443792e-04	2.261785259660837580e-04	-8.246171322356935147e-05	4.771476771574646811e-05	-9.423133361941034964e-05	2.099458500156786765e-04	2.317066532954628730e-04	-6.589513415301759530e-04	2.658504393156217336e-04	-1.123585803387233770e-03	-8.249818158062538443e-04	5.700827834176328029e-05	3.990434346743821758e-04	2.190287975942170357e-04	2.188969228072283905e-04	-1.235145976282443119e-03	1.401060612360708235e-04	-5.525612337609335945e-04	-1.011086071611363719e-04	1.653341326338799732e-06	1.486230856834080038e-04	-2.369845911211914172e-04	-2.329997370257086214e-04	8.248814039907668977e-06	-3.948325654769404636e-04	-1.358853018200806241e-04	2.375058175972698856e-04	-5.906198903804244643e-05
1.609452596887999895e-03	7.888061041366425290e-05	0.000000000000000000e+00	-7.816249518869799063e-04	1.975589364644985248e-05	8.653261940412334684e-05	8.865441482757504708e-04	1.095666235888304762e-05	-2.451574649501992429e-04	-3.777264872299774824e-05	1.051994533735511785e-04	1.471685581277962424e-04	2.484588348466524330e-04	6.328750511890992116e-05	-3.790195388694016536e-04	4.507128843154952787e-05	3.629439793115081460e-10	3.896720040528363734e-05	1.448008934982358983e-04	2.266763179906184657e-04	2.947269178556242248e-04	1.557707541637255906e-04	8.470630284928801787e-05	-3.771131203378053664e-06	-6.986120887336969704e-04	4.177804251294501317e-05	1.357357787844023643e-04	-1.229803937322452309e-04	1.013864926557133111e-04	-9.952829067929143056e-04	-1.553173290817512573e-03	-7.792933232954093992e-05	6.989011662101050687e-05	3.808056593108587401e-04	-5.779820423279155155e-05	3.630080199232351042e-04	-3.688205675392546289e-05	2.830117358459522097e-04	1.682736277252895336e-04	2.674212296744190231e-04	1.307317798592186309e-04	1.964525898833022069e-04	8.323075959822182057e-05	-9.887265104648094126e-04	-1.725483517000862518e-05	-1.616728453931341736e-03	-7.212194518725180761e-04	7.760001064209500930e-05	1.031627896555047889e-03	1.513978115176225245e-04	2.905165284872638336e-05	-1.763710166184846197e-03	1.304281982166854075e-05	-7.760673070911344989e-04	9.799454606674757608e-05	-1.402751706132415941e-05	-1.600268375122803548e-04	-4.754399500484275958e-04	-7.096296698835886821e-05	9.469528777301727601e-05	9.492563477018794071e-05	-2.034455132812475572e-05	-2.729638840322336831e-04	-4.146864938950625907e-04
-2.588318769863621137e-05	5.987313834967591128e-04	7.816249518869799063e-04	0.000000000000000000e+00	4.015625506955607690e-04	3.712173031422910750e-07	-2.382756412172150448e-05	7.900000277947047010e-05	5.233798165249156382e-04	-4.523051460539609858e-04	-5.620810215862934904e-05	1.489958580272205280e-04	8.556282808451973459e-04	8.999779078686280867e-04	1.458274348691346485e-03	-9.999544621200604812e-04	6.986106430864730786e-04	-7.214582630076023131e-05	7.388777941865307485e-06	-1.875515051586397930e-04	9.423696193820130479e-05	1.912942214454471321e-04	5.808541419476311723e-04	-6.556928716053884597e-05	-1.890138708755185917e-10	8.800892006105676233e-05	-3.744245371626981570e-04	-1.385236978492360681e-04	-1.115956035535647321e-03	-4.016970605091024077e-04	-4.155730634531519399e-04	6.544082286484121476e-04	4.982474767519944926e-04	8.351514123229054334e-04	1.381890837969583464e-04	-9.869394131342139505e-04	-2.084993545934612396e-04	-5.493485772420767963e-04	2.304179789527567351e-05	7.619656691622460950e-04	2.012096276935356010e-05	7.878624806564749755e-04	4.860041580654332643e-05	-3.820273843169814032e-04	-6.124908346196863366e-04	-8.593556499934770256e-04	-3.866985944642967882e-04	1.433254179535131245e-03	-7.814890062350062704e-06	1.554289420066779469e-03	5.728704208196920902e-04	-3.933700645365825494e-04	-6.148168236702417566e-05	-4.111517431792135980e-04	-1.805241048647143460e-04	7.584974663859911457e-04	-5.694936302297810588e-05	-9.316924753454813163e-04	-5.292352665909772912e-05	6.159083382801938678e-04	7.700123064719910544e-04	1.386620848266465183e-03	5.652194782924328375e-04	-1.820781769053850599e-03
7.063557756580012437e-04	2.972862268950827048e-05	-1.975589364644985248e-05	-4.015625506955607690e-04	0.000000000000000000e+00	-1.072210539838235239e-04	1.862404992055096179e-04	-2.280974568123330455e-06	2.326104810606882570e-04	1.508914918304727541e-04	4.201211301348295327e-04	-1.412460984490236009e-04	3.542963057269080205e-04	2.001413233454252846e-04	1.761732245852944622e-04	-6.403597333100953309e-05	-6.988989471640763259e-05	2.032182117665759188e-04	4.750061029095468631e-04	1.726636284772981814e-04	1.926891768961426564e-04	1.495654302839110087e-04	6.785088577731081608e-05	5.548700515493704361e-05	-4.982547238384861694e-04	-1.068017124975847857e-04	-1.692784580332254169e-04	1.460293449863417879e-04	-1.641976115900405878e-04	-3.540701276647739921e-04	-6.278227860738059760e-04	1.881122596476024611e-05	-2.811945667056893385e-10	3.283750005127995461e-04	5.347916812783029604e-05	3.497543815109140867e-04	-8.337955371223680352e-05	6.149643260692583616e-05	9.951523762656139780e-05	3.512495943923166003e-04	-8.583243471904842517e-05	-1.299787890077929331e-04	-1.466988739804985246e-04	-7.232866856018589359e-05	-1.581846463284576751e-04	-7.324360504331705983e-04	-3.704001917780460305e-04	1.564142852304595418e-04	3.663550699546612704e-04	-9.971442186877373451e-05	-1.092140504028862391e-04	-6.665716998264512635e-04	-4.175381492108194129e-05	-6.275662243059004341e-04	-1.340596884935253870e-04	4.943932865182698382e-05	1.145281672537149453e-04	-4.607024159907005263e-05	1.397033377557393389e-04	-2.289789467012286292e-04	2.481201002424039529e-04	3.271452463777701136e-04	1.978239611791905944e-05	-5.220497926256631449e-04
-1.208970293037225392e-05	9.562568939629950069e-06	-8.653261940412334684e-05	-3.712173031422910750e-07	1.072210539838235239e-04	0.000000000000000000e+00	-2.606631166836073372e-05	-5.710128665454334456e-05	9.422969274992423316e-05	-1.538846767212367927e-05	3.169576528007958901e-05	1.943270278792983417e-06	1.133983625970276266e-04	7.642044886560755545e-05	7.820697992594915810e-05	-3.708391284567252963e-05	-1.307314820847446614e-04	2.011505506513308313e-05	9.984868817327803027e-05	1.145353087670331955e-04	9.768445906330454971e-05	7.333502492123137735e-06	-1.079331641996386930e-04	1.073991476191276688e-05	-2.012077753790655804e-05	6.281129946533090230e-05	1.034439915367202481e-04	1.722892632423737643e-05	-1.463138735721720583e-04	1.406295498914106567e-05	4.179272962008142949e-05	2.599072222800826427e-05	8.583262643128865136e-05	1.044834136613279518e-04	9.173744062638752861e-05	-1.047537262124975449e-04	1.305329046891329270e-05	-8.547488564929669997e-05	5.332288299824040849e-06	1.009749646295701633e-04	1.526767296319348670e-10	1.011114392272625809e-04	6.448536364334948542e-05	2.556545239776247393e-05	-7.541146366162148734e-06	6.914155030337165893e-05	6.704962519753763540e-05	-1.186805923634884835e-04	-2.280558016806734831e-05	1.194539126818721183e-04	1.209307352292128277e-05	4.137307712914153906e-05	4.996583527713036705e-05	3.831388603989764477e-05	1.286810746784239435e-05	-1.266449335080626010e-04	2.656664836378723082e-06	-2.627917949467939099e-05	1.954875458452999903e-05	-1.006324195457371354e-04	1.050749730457452736e-04	-1.448585330508935063e-04	-1.420141911634419411e-04	-1.183799506082943104e-04
-2.969539853280776754e-06	-5.403332670858398187e-04	-8.865441482757504708e-04	2.382756412172150448e-05	-1.862404992055096179e-04	2.606631166836073372e-05	0.000000000000000000e+00	-1.401533890657265062e-04	-3.990440273609012880e-04	3.831305736429036586e-04	2.307630418302257383e-04	-2.009421622202433298e-04	-5.879651664342597922e-04	-7.929177960107414505e-04	-1.324901722308520578e-03	8.098644384085154201e-04	-1.031626016247806817e-03	1.631237771486259054e-04	2.237497641537761466e-04	3.536969741389690033e-04	3.276860414997503115e-05	-1.848589804574009071e-04	-8.160369509887627996e-04	1.176094996744391050e-04	7.815122471449781086e-06	5.164456057826399656e-06	4.217546665310858457e-04	2.010273123201611594e-04	7.371541917144926528e-04	4.575609597540870530e-04	4.855231784049460556e-04	-5.935924122378987561e-04	-3.663476683336468285e-04	-6.209605984518573422e-04	1.538080836783010049e-05	8.045675300296906661e-04	2.767602278027741754e-04	4.099941317828954736e-04	-4.893714753034457860e-05	-6.003214172735790938e-04	2.280586604303785751e-05	-6.418616658468411776e-04	-4.016055156478986896e-05	4.643481497888929388e-04	5.674738457345643913e-04	1.001876853191933404e-03	4.820500308787040340e-04	-1.627871008176829792e-03	2.591073539528541254e-10	-1.244520745903786047e-03	-5.542842513537255336e-04	4.779445761872394712e-04	1.710854193626271634e-04	4.630011162645668700e-04	1.759563947942905282e-04	-8.922317449495383111e-04	7.572262394197640812e-06	8.245351995777546513e-04	1.338234180649739249e-04	-8.203995262257837359e-04	-6.393546551134188802e-04	-1.712243720852348310e-03	-7.997626414782636056e-04	1.552348188189197351e-03
5.105531102579639077e-05	-1.548258536645901167e-05	-1.095666235888304762e-05	-7.900000277947047010e-05	2.280974568123330455e-06	5.710128665454334456e-05	1.401533890657265062e-04	0.000000000000000000e+00	-1.486236730976143376e-04	-1.728906205380077851e-04	-2.469648358084514366e-04	1.652904088524578146e-04	-1.529691449038873699e-04	-5.952045201720370244e-05	2.058462090238137747e-05	-1.221025759973060217e-04	1.600262988967499230e-04	-2.187556721364467623e-04	-2.149747662144205164e-04	-5.466077554484309635e-05	-3.399548122384598453e-05	6.174537598221299363e-06	1.125493961962546871e-04	-1.205912659540917008e-04	5.695406172957510264e-05	9.892261964274286353e-05	2.019386523499449269e-04	-1.028505047558130536e-04	2.172746163584747775e-04	-8.406442714886510693e-05	-2.327829693322106984e-04	5.228826811179083706e-06	-1.145279725152268063e-04	-4.742555677885966487e-05	6.433385294113407201e-05	-6.485700715827548391e-07	9.785540405158407869e-05	1.094572698530364881e-04	-6.682758472051467157e-05	-1.236628842884231628e-04	-2.657403566694395682e-06	1.885876231800413046e-04	1.957557194841220592e-04	-2.571877208467593747e-04	2.107103080609227391e-04	-1.372344654264159619e-04	-2.219367722471584162e-04	-1.128535876170181528e-05	-7.576666189021253627e-06	1.757201062927551743e-04	1.803562784027842305e-04	-2.104110770529901838e-04	9.664740729404183435e-05	1.030038271050565124e-04	1.777941385820489521e-05	-1.613591372150096839e-05	-8.649168479270578566e-11	-1.473131569384288769e-04	-1.994970442061565620e-04	1.625346995136597915e-04	-2.972229810869543337e-04	-2.023330951620619215e-04	1.143979630919340256e-04	1.101975821227359355e-04
9.467220097582314340e-04	6.734750076265503366e-10	2.451574649501992429e-04	-5.233798165249156382e-04	-2.326104810606882570e-04	-9.422969274992423316e-05	3.990440273609012880e-04	1.486236730976143376e-04	0.000000000000000000e+00	-1.593067779480283257e-04	-2.392336855147187932e-04	7.178688374015731381e-05	5.549430366399268129e-05	2.099450596770420453e-04	2.190279330720917069e-04	-2.369783877222534935e-04	-7.888063475780109383e-05	-1.006205160072750986e-04	-1.028312467732653745e-04	2.345033147371340340e-04	1.069138391807778165e-04	2.317064296774697454e-04	2.188967028534749104e-04	-2.329991679308114107e-04	-5.987329853899707238e-04	1.395496131427633292e-04	6.534901380247611687e-05	-3.644184283148233937e-05	3.543209011467427123e-04	-6.589519763770985972e-04	-1.235147885636584709e-03	8.247628387822497138e-06	-2.972881954260033526e-05	-1.400676324228615423e-04	5.732020951307083289e-05	3.143343901936020276e-04	1.061363948272234616e-04	2.658508643953866866e-04	1.401061788087697418e-04	-3.948381277677001232e-04	-9.561337920809814066e-06	6.205679278526343885e-05	1.284363378005870374e-04	-5.521070661620274943e-04	2.261787936171492128e-04	-1.123586849269590402e-03	-5.525616165190860244e-04	-1.358858180234247454e-04	5.403339026220193827e-04	2.135521795290339911e-04	2.210770242701492832e-04	-1.224619923692260408e-03	-8.246170568655780925e-05	-8.249826162176684009e-04	-1.011106445710141706e-04	2.375063254552975444e-04	1.548261775793598045e-05	-1.837360964430227749e-04	-1.460302010922950606e-04	-2.879306073358566171e-05	4.770882655520467658e-05	5.700677040695439337e-05	1.652627763338379585e-06	-5.904819506651912489e-05
-8.313209512493329682e-04	1.593064696061940555e-04	3.777264872299774824e-05	4.523051460539609858e-04	-1.508914918304727541e-04	1.538846767212367927e-05	-3.831305736429036586e-04	1.728906205380077851e-04	1.593067779480283257e-04	0.000000000000000000e+00	1.503662336875837187e-04	-1.765932697523845275e-04	3.456898773630686338e-04	-1.583132297444175417e-04	-2.504966364964084037e-05	-1.575565921130991595e-04	3.777230071000900761e-05	1.503663335989491139e-04	3.776465832456876769e-04	-2.114360842325784722e-04	2.160383133100800767e-04	-1.956236981450452136e-04	-1.886150512631534402e-04	-1.919402088038439275e-05	4.523048731345578714e-04	-1.765921215397990508e-04	-2.114342643023061513e-04	8.292098221318137941e-06	-6.353734870233042299e-05	4.436046575541659058e-04	8.696232418774600421e-04	-1.643017368052402446e-04	-1.508932508024003662e-04	3.456901400492987694e-04	2.160385169968748837e-04	-6.353683200303365743e-05	3.236555606704122822e-05	-1.961190759662378275e-04	-1.987468151319669407e-04	1.538268289875242161e-04	1.538850820464202708e-05	-1.583109969152629809e-04	-1.956220827918634308e-04	4.436047634691512925e-04	-1.961183907152178919e-04	8.443899470520448277e-04	3.717054132166623366e-04	4.552490307993549873e-05	-3.831304149506676573e-04	-2.504878943354944983e-05	-1.886138438847001476e-04	8.696235702467296430e-04	-1.987456533271575194e-04	3.717054128968797248e-04	-2.450238530538581311e-05	1.760513350399110560e-04	1.728918520238967977e-04	-1.575567136858616502e-04	-1.919419772357642992e-05	-1.643026926394413668e-04	1.538266273231708682e-04	4.552453564115137421e-05	1.760530193673321905e-04	-3.360517350281241660e-04
-2.313320676382576795e-04	1.006154356086543027e-04	-1.051994533735511785e-04	5.620810215862934904e-05	-4.201211301348295327e-04	-3.169576528007958901e-05	-2.307630418302257383e-04	2.469648358084514366e-04	2.392336855147187932e-04	-1.503662336875837187e-04	0.000000000000000000e+00	-1.504870689095111108e-04	3.854643254559264446e-04	-1.770319841144569919e-04	1.482120338185378646e-04	-4.162461604567883715e-04	-3.896972505993244874e-05	5.648422128777907231e-10	4.888078121396270714e-05	7.529202838718757616e-06	3.587092094654536329e-05	-1.296172083631370766e-04	-8.893508985697452373e-05	-4.501023607631437861e-05	7.214620609581888803e-05	-1.952018073346997880e-04	-3.086037635783913931e-05	4.135981853645106805e-04	6.221743758921666461e-04	9.843912778346704598e-04	1.139993972944450436e-03	-3.995020917670391017e-04	-2.032208725741254177e-04	4.230922149690603687e-04	4.389209220733305639e-05	2.688510226943904933e-04	-1.415841278431136368e-04	1.201346022188078367e-05	-8.373455931762342058e-05	3.679600556200982291e-04	-2.011574857293576131e-05	-3.979426486679674092e-04	-1.707960003440424715e-04	1.025974736031528504e-03	1.295384292894192308e-04	2.006838960536632376e-03	8.801673000953965081e-04	-4.437662983617977853e-04	-1.631253065024692054e-04	-2.239441770959029203e-04	-1.714247224268295572e-04	1.117198953818843371e-03	-1.351166693713234100e-04	8.673844800485982186e-04	2.192932375845231161e-04	3.319195822316671534e-05	2.187602691327592366e-04	-4.135303478717945822e-04	-3.286635412810998103e-05	-3.515257127058755374e-04	3.666314927146274195e-04	-3.967339589486030041e-04	6.476959853408642515e-06	-8.593328462196546565e-04
2.544714918105917467e-04	-1.395503473974582433e-04	-1.471685581277962424e-04	-1.489958580272205280e-04	1.412460984490236009e-04	-1.943270278792983417e-06	2.009421622202433298e-04	-1.652904088524578146e-04	-7.178688374015731381e-05	1.765932697523845275e-04	1.504870689095111108e-04	0.000000000000000000e+00	-3.737980590645758499e-05	-8.282877751999545004e-05	-2.371601570717037739e-04	1.993513905250060060e-04	-4.177744874094607079e-05	1.952069132871526243e-04	1.081292801189635551e-04	-2.262472989758556056e-05	-1.444840683483032619e-04	-9.597597721008385024e-05	-1.462409348960629725e-04	2.016892179038666760e-04	-8.800386124189913122e-05	2.888127332697418948e-10	8.228197454352229046e-05	5.506967614074970976e-05	8.817770490770981230e-06	1.095616707217989731e-04	-1.096836522015870078e-04	1.495325428179936154e-04	1.068024344390116460e-04	4.710852218414654654e-05	-4.116316548416503905e-05	-1.355559776299151585e-04	-9.687553088384983041e-05	-1.036324653411356740e-04	3.014700318871735609e-06	2.064469930717505869e-04	-6.281141498545870833e-05	8.206657168371197641e-05	1.550114432270409089e-04	-9.666004474711413529e-05	2.005081938589405228e-04	-1.521577235288259502e-04	-1.884812133237491819e-04	1.846697379323095404e-04	-5.167490833107349742e-06	-1.473399197123910435e-05	1.917164225588630956e-04	-8.077874769120695379e-05	2.284133605912888805e-04	5.540110050007291791e-05	2.078384012914591259e-05	-1.445952148840242508e-04	-9.892268221195845996e-05	2.121635626513756264e-04	1.267466986718410399e-04	2.814141543611549138e-05	6.404446831989371440e-05	-5.948445146474454405e-05	-1.589800765583297974e-04	6.965594367529652519e-06
1.496369712223421296e-03	1.400574341566973731e-04	-2.484588348466524330e-04	-8.556282808451973459e-04	-3.542963057269080205e-04	-1.133983625970276266e-04	5.879651664342597922e-04	1.529691449038873699e-04	-5.549430366399268129e-05	-3.456898773630686338e-04	-3.854643254559264446e-04	3.737980590645758499e-05	0.000000000000000000e+00	-2.541152844634419128e-04	-2.155305392499810857e-04	-4.352558762494078371e-04	-3.808093226591440514e-04	-4.230898327078982685e-04	-7.955442557666632993e-04	5.733316297938527602e-04	-3.787593408089229632e-04	1.066956027795030635e-04	-4.970544076693266292e-05	-6.550567688263807680e-06	-8.351514294442936165e-04	-4.709836220864492887e-05	4.063921861130413140e-04	7.956964294754498117e-04	9.728966287489025557e-04	1.109244589113887128e-03	3.031397376993333814e-04	-5.520446360199242428e-04	-3.283800469108785801e-04	2.582342903256756991e-09	-3.830128706306668018e-04	1.179321009033472640e-03	-3.220271470484748627e-04	5.416551775476747405e-04	1.367670807839989973e-04	4.426002446145347073e-04	-1.044847659621693265e-04	-2.358164626202513992e-04	5.228304996600045406e-05	1.126382318561270669e-03	4.070250062524680395e-04	2.189951001679122863e-03	8.889246606951901018e-04	-9.385891470744890707e-04	6.209583883357580950e-04	1.026317055580111727e-04	-6.015664149133866071e-06	2.950809462776813490e-04	5.641887572826751796e-05	8.934761953144433654e-04	5.844085589666351502e-04	-2.744899281880386300e-04	4.743449043419944349e-05	-4.531067282092084234e-04	-1.009497924951342936e-05	-5.391780562439365578e-04	4.089095069273125703e-04	-1.066321702023722857e-03	-4.965751411621755580e-04	-9.657660814561786714e-04
1.544937359682238120e-03	-6.205668563471995530e-05	-6.328750511890992116e-05	-8.999779078686280867e-04	-2.001413233454252846e-04	-7.642044886560755545e-05	7.929177960107414505e-04	5.952045201720370244e-05	-2.099450596770420453e-04	1.583132297444175417e-04	1.770319841144569919e-04	8.282877751999545004e-05	2.541152844634419128e-04	0.000000000000000000e+00	-2.203839009956648975e-04	-3.793054988801558558e-05	-1.964512506323385255e-04	3.979482406322890705e-04	4.006924608720455151e-04	1.335046848693184304e-04	1.457323495288610004e-05	4.125933569355972068e-05	1.457164176293631026e-06	1.159661030936906285e-04	-7.878538844944511311e-04	-8.206616651969101772e-05	4.458454912858795364e-07	1.192200266829449571e-04	4.050383980205380036e-04	-5.137413983831144336e-04	-1.533698526495101862e-03	7.749806427206093560e-05	1.299800348374351546e-04	2.358267667916092813e-04	1.740343709521085158e-04	1.392689713429872268e-06	-6.676451173620350161e-05	1.146463752014507324e-04	1.605191543529010923e-04	1.415501302275496353e-04	-1.011104311102837693e-04	4.162056912274282724e-10	2.284048149815469332e-04	-7.272643251707301129e-04	4.270722466577564144e-04	-1.489705336394731320e-03	-9.924573188136577399e-04	2.629075621610980494e-04	6.418563245769550504e-04	2.161038121189244783e-04	4.109438477334937398e-04	-1.470052094045172161e-03	1.680305354422666989e-04	-7.299978509935449705e-04	-8.421567891759771090e-05	2.168476478816029596e-04	-1.885877236335473865e-04	2.465461084114437429e-05	6.231591313630961020e-05	1.046124301845320875e-04	3.074223913481429231e-04	-7.271909970308281868e-05	-2.663359635333728027e-04	-3.697215028939256597e-04
2.692981922960424775e-03	-2.135504950495347451e-04	3.790195388694016536e-04	-1.458274348691346485e-03	-1.761732245852944622e-04	-7.820697992594915810e-05	1.324901722308520578e-03	-2.058462090238137747e-05	-2.190279330720917069e-04	2.504966364964084037e-05	-1.482120338185378646e-04	2.371601570717037739e-04	2.155305392499810857e-04	2.203839009956648975e-04	0.000000000000000000e+00	-1.837495910483285578e-04	-1.513965178912248986e-04	2.239504353075516107e-04	-1.533912037454404230e-05	4.080210334552720293e-04	-1.615935440314857096e-05	2.859339170216405228e-04	2.163076532512466898e-04	-6.443242008419767500e-05	-1.554286769414538801e-03	1.473390788077939935e-05	-3.142148992109390507e-04	9.148324423269971585e-05	1.234108591036576380e-04	-1.347457254745070129e-03	-2.922934771709463989e-03	3.538803327706598165e-04	9.971522584068144568e-05	-1.026213847534372865e-04	-3.525369580958567209e-06	3.453604084454986282e-04	-5.323089912509314209e-05	4.048398267010133006e-04	2.400844712686646637e-04	-2.535448942013436915e-04	-1.194529277383564822e-04	-2.161022801234811861e-04	3.524078091751425563e-05	-1.265895585955701015e-03	2.921673673841010833e-04	-2.733518230578364447e-03	-1.518319561834024795e-03	2.761983157321818414e-04	1.244520450729696883e-03	2.020032801122885859e-09	4.210850643255553780e-04	-2.725882993101519641e-03	4.092631161122108714e-05	-1.520987525196916025e-03	-1.146467423162429386e-04	3.373035548986027675e-04	-1.757200658090261750e-04	8.463142202933985692e-05	4.190295083859387501e-05	9.858129042771496882e-05	3.944278454202240986e-04	-1.711293655379696654e-04	-2.525941865704949213e-04	-1.542352046213544907e-04
-1.807802109328651881e-03	1.837413192663032427e-04	-4.507128843154952787e-05	9.999544621200604812e-04	6.403597333100953309e-05	3.708391284567252963e-05	-8.098644384085154201e-04	1.221025759973060217e-04	2.369783877222534935e-04	1.575565921130991595e-04	4.162461604567883715e-04	-1.993513905250060060e-04	4.352558762494078371e-04	3.793054988801558558e-05	1.837495910483285578e-04	0.000000000000000000e+00	4.754428963339899601e-04	4.135296216866307683e-04	8.795411973815398920e-04	-6.064096321843797429e-04	4.237416850655437292e-04	-2.235317749582207080e-04	-2.764250692437149527e-05	1.337517219385334980e-05	9.316928439900136428e-04	-2.121680466433386518e-04	-2.889205290786368775e-04	-4.378168641114063954e-04	-5.443671385050898037e-04	-1.601681991726863888e-05	9.755111933667209422e-04	-8.475595589474333488e-05	4.607407058895649366e-05	4.531050440470870831e-04	4.472565575140033216e-04	-7.249018563793767182e-04	2.077842629007382630e-04	-5.086610431873378078e-04	-2.655941117430738515e-04	-1.068074751277280031e-06	2.627999804717804820e-05	-2.465864443191884232e-05	-2.283023132136773764e-04	-2.865076167387700391e-05	-4.779656344860006402e-04	2.733746886826772735e-05	1.276633324723365818e-04	2.841860660162454956e-04	-8.245341149256699229e-04	-8.463460410585337066e-05	-3.429784576006796471e-04	9.824472598989391833e-04	-2.435647952068919131e-04	7.913032600991788310e-05	-2.477147118039374138e-04	1.751853577435262196e-04	1.473081451262854395e-04	2.092741515002997888e-10	-1.245013411038886000e-06	2.414537550649185828e-04	-3.570482402061723906e-05	8.530659230394619947e-04	5.421068557128750059e-04	2.393626588108668118e-05
1.609450997058588587e-03	-2.451562872049016886e-04	-3.629439793115081460e-10	-6.986106430864730786e-04	6.988989471640763259e-05	1.307314820847446614e-04	1.031626016247806817e-03	-1.600262988967499230e-04	7.888063475780109383e-05	-3.777230071000900761e-05	3.896972505993244874e-05	4.177744874094607079e-05	3.808093226591440514e-04	1.964512506323385255e-04	1.513965178912248986e-04	-4.754428963339899601e-04	0.000000000000000000e+00	1.052025804736043507e-04	1.448059246081672313e-04	1.357351450965815873e-04	-5.779811526100451466e-05	8.323039126703442509e-05	2.905125509263358418e-05	-7.096213667016963668e-05	-7.816237223380025165e-04	1.471687324267137182e-04	2.266777821663473139e-04	-1.229803980043556199e-04	3.630087073722525746e-04	-9.887250085095541496e-04	-1.763706855800873611e-03	9.469432960194969500e-05	1.975583789914413469e-05	2.484652341202194816e-04	2.947304694029617505e-04	1.013869002671789689e-04	-3.688244350574772853e-05	-1.725440899487929277e-05	1.304293262268783740e-05	9.492913100868579127e-05	8.653271606961324982e-05	6.328907171577705809e-05	1.557713546768761355e-04	-9.952802694525181033e-04	2.830113962311619265e-04	-1.616724113898155386e-03	-7.760644434325023348e-04	-2.034399909402758686e-05	8.865441096884567372e-04	-3.790172286555112393e-04	8.470641090833915909e-05	-1.553170534489350767e-03	1.682734435076771776e-04	-7.212174694512170662e-04	9.799547459474991940e-05	-2.729632927548092001e-04	1.095664609241221977e-05	4.507042952006797779e-05	-3.770623683840411681e-06	-7.793019976898983732e-05	2.674237770651840401e-04	7.759810784359853775e-05	-1.402830375240887642e-05	-4.146920896212135331e-04
-2.313300185763199758e-04	2.392280519806907146e-04	-3.896720040528363734e-05	7.214582630076023131e-05	-2.032182117665759188e-04	-2.011505506513308313e-05	-1.631237771486259054e-04	2.187556721364467623e-04	1.006205160072750986e-04	-1.503663335989491139e-04	-5.648422128777907231e-10	-1.952069132871526243e-04	4.230898327078982685e-04	-3.979482406322890705e-04	-2.239504353075516107e-04	-4.135296216866307683e-04	-1.052025804736043507e-04	0.000000000000000000e+00	4.887962325658234790e-05	-3.086053675057668299e-05	4.389126688564954325e-05	-1.708010396513218242e-04	-1.714346885747434872e-04	-3.286596747116126696e-05	5.620646155224685159e-05	-1.504820045737923406e-04	7.529521844603589444e-06	4.135983151482468473e-04	2.688470198328339524e-04	1.025972295602311721e-03	1.117195273646555149e-03	-3.515144210749124418e-04	-4.201244140011957569e-04	3.854648626884230522e-04	3.587100449451861763e-05	6.221796919738750578e-04	-1.415839820959788982e-04	1.295342295039719218e-04	-1.351203408561219401e-04	3.666318196851338081e-04	-3.169636709622870266e-05	-1.770273156355228294e-04	-1.296123029964453490e-04	9.843920036671179909e-04	1.201852517135993409e-05	2.006837255019842080e-03	8.673831434917232772e-04	-3.967277520117547729e-04	-2.307624098237983485e-04	1.482172749056739837e-04	-8.892529906818219944e-05	1.139993609754034326e-03	-8.373079880064090790e-05	8.801671415018270245e-04	2.192934382299328269e-04	6.478668612954350723e-06	2.469695510706623959e-04	-4.162462278940092181e-04	-4.501074720305498796e-05	-3.995135806435720638e-04	3.679586367754595537e-04	-4.437732368150477773e-04	3.319022526567286767e-05	-8.593320118662681455e-04
-2.072300912105343304e-04	1.028190901628246137e-04	-1.448008934982358983e-04	-7.388777941865307485e-06	-4.750061029095468631e-04	-9.984868817327803027e-05	-2.237497641537761466e-04	2.149747662144205164e-04	1.028312467732653745e-04	-3.776465832456876769e-04	-4.888078121396270714e-05	-1.081292801189635551e-04	7.955442557666632993e-04	-4.006924608720455151e-04	1.533912037454404230e-05	-8.795411973815398920e-04	-1.448059246081672313e-04	-4.887962325658234790e-05	0.000000000000000000e+00	1.733080949580791347e-04	2.033199281623846062e-05	-4.328619794030124008e-05	4.118290907589375869e-06	-4.279886328272916905e-05	-7.390367417268358112e-06	-1.081182248360837488e-04	1.733098267819650111e-04	7.846784173608876284e-04	8.937554412647016281e-04	1.930616232199445668e-03	2.081188546565332365e-03	-4.731230853444986020e-04	-4.750129440070764188e-04	7.955468871934530915e-04	2.033279589274436354e-05	8.937639168757416722e-04	-2.965086275408679176e-04	3.776638915158587280e-04	-2.837710085194424393e-05	7.785900613203871473e-04	-9.985033599497794869e-05	-4.006821710252961083e-04	-4.327613461713538154e-05	1.930619463912189217e-03	3.776739751860541693e-04	3.929965980150468274e-03	1.705848061937963482e-03	-8.386253806935545490e-04	-2.237509863193308328e-04	1.534874242354363204e-05	4.138217431304604753e-06	2.081191775212729543e-03	-2.836872618871520295e-05	1.705849353914253973e-03	5.651740304340230250e-04	-8.062737084501588177e-05	2.149847599657706931e-04	-8.795418453500486022e-04	-4.279963294672390402e-05	-4.731464787083309231e-04	7.785885633777008073e-04	-8.386377666269309236e-04	-8.062902373821173065e-05	-1.829224708674249879e-03
-5.979238718825981161e-04	-6.534911756752730160e-05	-2.266763179906184657e-04	1.875515051586397930e-04	-1.726636284772981814e-04	-1.145353087670331955e-04	-3.536969741389690033e-04	5.466077554484309635e-05	-2.345033147371340340e-04	2.114360842325784722e-04	-7.529202838718757616e-06	2.262472989758556056e-05	-5.733316297938527602e-04	-1.335046848693184304e-04	-4.080210334552720293e-04	6.064096321843797429e-04	-1.357351450965815873e-04	3.086053675057668299e-05	-1.733080949580791347e-04	0.000000000000000000e+00	-1.894167356251183325e-04	-5.595956439732361980e-05	-9.123164337025735946e-05	1.843625368101054081e-04	3.744325350015598273e-04	-8.228230272994349896e-05	-8.844480920032169477e-10	7.944782727211333474e-05	1.883410880530669721e-04	5.931426633537665097e-04	7.491680670490829001e-04	6.681681961554950758e-05	1.692792007960118063e-04	-4.063916821741013117e-04	-2.413094177004796088e-04	-1.451534767763078032e-04	-1.488490324047506297e-05	2.172918764496420462e-05	1.195527214916738154e-04	-1.077116709224729325e-04	-1.034435623598262735e-04	-4.465221037471348438e-07	2.078277516430988912e-04	3.407108340108496759e-04	3.786923155302770625e-04	5.914071182566284050e-04	1.163113114786804047e-04	9.368562036250527086e-05	-4.217610979116573409e-04	3.142141026431505952e-04	3.593431631754083304e-04	6.220344844548190760e-04	1.554018093026859003e-04	3.415033043069307279e-04	-6.050962517432140924e-05	1.874686756942553370e-04	-2.019389498398641816e-04	2.889194733873998123e-04	5.951115277369422826e-05	1.213258124702340025e-04	-2.825768616549484413e-04	-9.290196458724900698e-05	-3.004131255277291872e-04	5.912956328933559238e-04
7.321619879525422296e-05	-5.732516422283417463e-05	-2.947269178556242248e-04	-9.423696193820130479e-05	-1.926891768961426564e-04	-9.768445906330454971e-05	-3.276860414997503115e-05	3.399548122384598453e-05	-1.069138391807778165e-04	-2.160383133100800767e-04	-3.587092094654536329e-05	1.444840683483032619e-04	3.787593408089229632e-04	-1.457323495288610004e-05	1.615935440314857096e-05	-4.237416850655437292e-04	5.779811526100451466e-05	-4.389126688564954325e-05	-2.033199281623846062e-05	1.894167356251183325e-04	0.000000000000000000e+00	1.251620119969122581e-04	1.962337585686795536e-04	-2.598131664455445632e-06	-1.381888863953953687e-04	4.116828296314256445e-05	2.413101722647466893e-04	3.457562735998014666e-04	4.520441199419244181e-04	8.174993959412353789e-04	7.955752885522035869e-04	-2.394089960765835557e-04	-5.348135867803281609e-05	3.830147340260958082e-04	3.324409486097344192e-10	3.982247568474992514e-04	-1.369820822009566101e-04	3.093062396209662673e-04	1.580221230824583006e-04	3.845094996819999338e-04	-9.173807340810649256e-05	-1.740291520824859516e-04	5.681326624212247806e-05	8.180310207158896039e-04	2.960105051555180899e-04	1.659071630541183746e-03	7.150408855932299454e-04	-6.522037677044012060e-04	-1.538220087698745754e-05	3.529775343444053304e-06	-2.767040583778316848e-06	7.857964805456363333e-04	6.860723428527927602e-05	6.502213941505094116e-04	2.833354689469057318e-04	-1.598666561892271045e-04	-6.432969174814348080e-05	-4.472570539049536926e-04	-1.046887504654575026e-05	1.796297259473452845e-05	3.761070045106828250e-04	-2.311712942263134110e-04	-1.333588829390418458e-04	-9.048089566556756849e-04
2.585743296458091521e-04	-1.284364332262422624e-04	-1.557707541637255906e-04	-1.912942214454471321e-04	-1.495654302839110087e-04	-7.333502492123137735e-06	1.848589804574009071e-04	-6.174537598221299363e-06	-2.317064296774697454e-04	1.956236981450452136e-04	1.296172083631370766e-04	9.597597721008385024e-05	-1.066956027795030635e-04	-4.125933569355972068e-05	-2.859339170216405228e-04	2.235317749582207080e-04	-8.323039126703442509e-05	1.708010396513218242e-04	4.328619794030124008e-05	5.595956439732361980e-05	-1.251620119969122581e-04	0.000000000000000000e+00	-2.587567100199671512e-05	1.480841042063978379e-04	-4.859518479209674988e-05	-1.550108731189531359e-04	-2.078278932889541467e-04	4.010198106976260723e-05	1.948991703561474476e-05	4.704735627233761223e-05	-1.476551457317732828e-04	1.189007828957792284e-04	1.466993323076809107e-04	-5.227410048446125463e-05	-5.680888089941844811e-05	-1.024992640241484735e-04	-1.004610583164577682e-04	5.078697505067720033e-05	9.898775006650094061e-05	1.326572305630601811e-04	-6.448553993832254437e-05	-2.284038928589322847e-04	2.253286126453673340e-10	-9.200434393197924588e-05	1.927901621674392289e-04	-1.955619978252854719e-04	-2.499602048006698300e-04	1.496636478678954737e-04	4.015733884354929031e-05	-3.524039550302769549e-05	1.630334610034016134e-04	-1.176510389781027844e-04	6.893144545148814954e-05	5.176076075463674150e-05	2.250098258156772005e-05	1.547514049814972402e-04	-1.957557660862041158e-04	2.282986700256089312e-04	9.954972152973409088e-05	1.464527637641146833e-04	3.935355321589435989e-05	-1.111823117472822658e-04	-2.535280747833558749e-04	1.291108619149655494e-04
1.258768638905967147e-03	-2.210764648962336063e-04	-8.470630284928801787e-05	-5.808541419476311723e-04	-6.785088577731081608e-05	1.079331641996386930e-04	8.160369509887627996e-04	-1.125493961962546871e-04	-2.188967028534749104e-04	1.886150512631534402e-04	8.893508985697452373e-05	1.462409348960629725e-04	4.970544076693266292e-05	-1.457164176293631026e-06	-2.163076532512466898e-04	2.764250692437149527e-05	-2.905125509263358418e-05	1.714346885747434872e-04	-4.118290907589375869e-06	9.123164337025735946e-05	-1.962337585686795536e-04	2.587567100199671512e-05	0.000000000000000000e+00	1.161005887027316400e-04	-5.728664294111450971e-04	-1.917155860654569236e-04	-3.593427847234839092e-04	-1.558725110376400933e-06	-1.128062702245983574e-04	-5.338805808714135008e-04	-1.170954827301188151e-03	1.854691342284604414e-04	1.092144651413614644e-04	6.034512505824512390e-06	2.776126517005126173e-06	-4.815292563966304526e-05	-1.589516395183088637e-04	7.283762432234986133e-05	6.220166444032522511e-05	1.768093988041137771e-04	-1.209411469319856210e-05	-4.109417803230278271e-04	-1.630329605079962124e-04	-6.179522627875208649e-04	5.549561873040043418e-05	-1.119227067946854505e-03	-6.244084511686401155e-04	2.178225124839390232e-04	5.542828865828738644e-04	-4.210829808722218017e-04	2.102391105411811120e-10	-9.927971745042779052e-04	6.034167019480875846e-05	-3.271145327175878012e-04	1.079158792076077996e-04	4.054566036084320923e-05	-1.803563329370965179e-04	3.429712224145256734e-04	1.219193416626824627e-04	1.477529714297703555e-04	1.674836464712877522e-04	-1.644961338313893082e-04	-2.063762202324731856e-04	2.469493086575080506e-05
-1.639108038619392204e-04	1.460302666094631403e-04	3.771131203378053664e-06	6.556928716053884597e-05	-5.548700515493704361e-05	-1.073991476191276688e-05	-1.176094996744391050e-04	1.205912659540917008e-04	2.329991679308114107e-04	1.919402088038439275e-05	4.501023607631437861e-05	-2.016892179038666760e-04	6.550567688263807680e-06	-1.159661030936906285e-04	6.443242008419767500e-05	-1.337517219385334980e-05	7.096213667016963668e-05	3.286596747116126696e-05	4.279886328272916905e-05	-1.843625368101054081e-04	2.598131664455445632e-06	-1.480841042063978379e-04	-1.161005887027316400e-04	0.000000000000000000e+00	5.292319443106739831e-05	-1.267477026116607989e-04	-5.951410699224810263e-05	-1.107159447066666709e-05	3.792710847519313382e-05	6.544978718471425273e-05	1.667528526966560059e-04	-1.599014103305286690e-04	-1.397014117134954322e-04	1.009437632481498922e-05	1.046857083191725430e-05	-3.941956388918023092e-06	1.548769190252521932e-05	-1.796283949032456652e-04	-1.543764120511278244e-04	-1.458032102730975923e-05	-1.954852876986022355e-05	-6.231790805494879962e-05	-9.955051034631867929e-05	6.499757881627998195e-05	-1.196865116081108349e-04	1.785996720008843706e-04	1.227074340355717550e-04	-1.924551849793239045e-05	-1.338225569632337463e-04	-4.190165838124065682e-05	-1.219186446830125748e-04	1.765052187374333633e-04	-7.690439504226744699e-05	1.265218669319058647e-04	9.851114935317913568e-06	2.365563340835923366e-05	1.994960037113245848e-04	1.245193773047726624e-06	-2.464115111088121250e-11	-1.812389223311621444e-04	-3.633241288675636400e-05	5.391749038382120224e-05	1.842793066134768790e-04	1.763034794244046989e-05
-2.588362543979654077e-05	5.233791409489416775e-04	6.986120887336969704e-04	1.890138708755185917e-10	4.982547238384861694e-04	2.012077753790655804e-05	-7.815122471449781086e-06	-5.695406172957510264e-05	5.987329853899707238e-04	-4.523048731345578714e-04	-7.214620609581888803e-05	8.800386124189913122e-05	8.351514294442936165e-04	7.878538844944511311e-04	1.554286769414538801e-03	-9.316928439900136428e-04	7.816237223380025165e-04	-5.620646155224685159e-05	7.390367417268358112e-06	-3.744325350015598273e-04	1.381888863953953687e-04	4.859518479209674988e-05	5.728664294111450971e-04	-5.292319443106739831e-05	0.000000000000000000e+00	1.490004256448516028e-04	-1.875442768708092845e-04	-1.385238234763841838e-04	-9.869409517729087027e-04	-3.820267373194676788e-04	-3.933699496847239485e-04	6.159115583652195313e-04	4.015544639035032153e-04	8.556304621245196598e-04	9.423846614866087832e-05	-1.115954893440237322e-03	-2.084993982358495268e-04	-6.124927042325644787e-04	-6.148688983350402760e-05	7.700133310551426653e-04	3.710134093627708338e-07	8.999863731199279383e-04	1.912991258532399110e-04	-4.016971660210852391e-04	-5.493474448109221964e-04	-8.593552779317227899e-04	-4.111518492331844876e-04	1.386622399064310358e-03	-2.382806934713692251e-05	1.458277952770876528e-03	5.808579398111687192e-04	-4.155724154859441097e-04	2.304632597274230800e-05	-3.866983479382873836e-04	-1.805241781765957055e-04	5.652123877478354083e-04	7.900545347318327285e-05	-9.999549122021067667e-04	-6.557002602395603161e-05	6.544047175588670658e-04	7.619654025777877022e-04	1.433253419570850720e-03	7.585058647905165707e-04	-1.820782742209698822e-03
2.544802213480773078e-04	-7.178725212089494408e-05	-4.177804251294501317e-05	-8.800892006105676233e-05	1.068017124975847857e-04	-6.281129946533090230e-05	-5.164456057826399656e-06	-9.892261964274286353e-05	-1.395496131427633292e-04	1.765921215397990508e-04	1.952018073346997880e-04	-2.888127332697418948e-10	4.709836220864492887e-05	8.206616651969101772e-05	-1.473390788077939935e-05	2.121680466433386518e-04	-1.471687324267137182e-04	1.504820045737923406e-04	1.081182248360837488e-04	8.228230272994349896e-05	-4.116828296314256445e-05	1.550108731189531359e-04	1.917155860654569236e-04	1.267477026116607989e-04	-1.490004256448516028e-04	0.000000000000000000e+00	-2.262453493083537803e-05	5.507134338030104920e-05	-1.355547551533440958e-04	-9.666410285319065366e-05	-8.078810658605672566e-05	2.814102805025027400e-05	1.412456262604101418e-04	-3.738993465255324635e-05	-1.444885626017059074e-04	8.819441568190955759e-06	-9.687429543324559719e-05	2.005081261290402755e-04	2.284130460768608157e-04	6.403923446847211852e-05	-1.942506025560312482e-06	-8.282914849825303064e-05	-9.597604967194613926e-05	1.095579458715005170e-04	-1.036320628681638132e-04	-1.521671351980013760e-04	5.539633732499455945e-05	-5.948499084839966862e-05	2.009467416860274513e-04	-2.371606814895983002e-04	-1.462411291186736773e-04	-1.096939097224919801e-04	3.014586405299568057e-06	-1.884866226039892223e-04	2.078206701781569330e-05	-1.589801881240350393e-04	-1.652900068552643062e-04	1.993571769771686740e-04	2.016903258800163603e-04	1.495311945961443761e-04	2.064414453218219232e-04	1.846687355987657389e-04	-1.445954057809184631e-04	6.978094903030753208e-06
-5.979086732996758552e-04	-2.345032310942284982e-04	-1.357357787844023643e-04	3.744245371626981570e-04	1.692784580332254169e-04	-1.034439915367202481e-04	-4.217546665310858457e-04	-2.019386523499449269e-04	-6.534901380247611687e-05	2.114342643023061513e-04	3.086037635783913931e-05	-8.228197454352229046e-05	-4.063921861130413140e-04	-4.458454912858795364e-07	3.142148992109390507e-04	2.889205290786368775e-04	-2.266777821663473139e-04	-7.529521844603589444e-06	-1.733098267819650111e-04	8.844480920032169477e-10	-2.413101722647466893e-04	2.078278932889541467e-04	3.593427847234839092e-04	5.951410699224810263e-05	1.875442768708092845e-04	2.262453493083537803e-05	0.000000000000000000e+00	7.944842774761478308e-05	-1.451525720177808073e-04	3.407037282493258407e-04	6.220179388536784936e-04	1.213250867461318380e-04	-1.726645178146237521e-04	-5.733326833016064508e-04	-1.894181312684163111e-04	1.883440406293992704e-04	-1.488327858255095332e-05	3.786928447439213779e-04	1.554016754271632806e-04	-2.825765957028537846e-04	-1.145351915105389000e-04	-1.335051130509305045e-04	-5.595978824164525188e-05	5.931360673186842312e-04	2.172930970909081974e-05	5.913923224734368884e-04	3.414960963400206486e-04	-9.290260692415722524e-05	-3.536892192177713444e-04	-4.080214925425124746e-04	-9.123212455259231690e-05	7.491506697632202214e-04	1.195524456126518501e-04	1.163034757382156278e-04	-6.051013058067949047e-05	-3.004132283275550222e-04	5.466086223793896790e-05	6.064106197917785990e-04	1.843653813268975223e-04	6.681587144376693660e-05	-1.077120310435673899e-04	9.368515974764535042e-05	1.874684802692077191e-04	5.912974039927428645e-04
-3.473650467997938364e-04	3.644445569468443249e-05	1.229803937322452309e-04	1.385236978492360681e-04	-1.460293449863417879e-04	-1.722892632423737643e-05	-2.010273123201611594e-04	1.028505047558130536e-04	3.644184283148233937e-05	-8.292098221318137941e-06	-4.135981853645106805e-04	-5.506967614074970976e-05	-7.956964294754498117e-04	-1.192200266829449571e-04	-9.148324423269971585e-05	4.378168641114063954e-04	1.229803980043556199e-04	-4.135983151482468473e-04	-7.846784173608876284e-04	-7.944782727211333474e-05	-3.457562735998014666e-04	-4.010198106976260723e-05	1.558725110376400933e-06	1.107159447066666709e-05	1.385238234763841838e-04	-5.507134338030104920e-05	-7.944842774761478308e-05	0.000000000000000000e+00	1.504635068262300587e-04	1.410808745576485202e-04	3.299839901406563156e-04	-5.355770558993053383e-05	-1.460283745629976752e-04	-7.956964311887550906e-04	-3.457560240180391998e-04	1.504626136776113015e-04	2.600543665240287052e-05	-1.554104101015723923e-06	-7.640800394225670880e-05	-3.795492048099429524e-04	-1.722893164260888256e-05	-1.192211203954300375e-04	-4.010376254604728046e-05	1.410808681157919506e-04	-1.556640964194402953e-06	2.983800018392177966e-04	1.371657191115205126e-04	6.619165967546706045e-05	-2.010273682271572330e-04	-9.148402426563910636e-05	1.555529792505014006e-06	3.299840842255426275e-04	-7.640964587709138606e-05	1.371658064021144823e-04	-3.339094759052604216e-05	1.263073842081419542e-04	1.028486702175295209e-04	4.378166272053987261e-04	1.107142346364077670e-05	-5.355438437638264729e-05	-3.795493027311613952e-04	6.619150569343249923e-05	1.263066295189546715e-04	8.729819847588630999e-04
-1.725827102155153133e-03	-3.143330431036869344e-04	-1.013864926557133111e-04	1.115956035535647321e-03	1.641976115900405878e-04	1.463138735721720583e-04	-7.371541917144926528e-04	-2.172746163584747775e-04	-3.543209011467427123e-04	6.353734870233042299e-05	-6.221743758921666461e-04	-8.817770490770981230e-06	-9.728966287489025557e-04	-4.050383980205380036e-04	-1.234108591036576380e-04	5.443671385050898037e-04	-3.630087073722525746e-04	-2.688470198328339524e-04	-8.937554412647016281e-04	-1.883410880530669721e-04	-4.520441199419244181e-04	-1.948991703561474476e-05	1.128062702245983574e-04	-3.792710847519313382e-05	9.869409517729087027e-04	1.355547551533440958e-04	1.451525720177808073e-04	-1.504635068262300587e-04	0.000000000000000000e+00	7.340822962092483691e-04	1.650080575752530671e-03	1.280475124818961964e-04	-3.497539989278675176e-04	-1.179313499542530147e-03	-3.982220581848885986e-04	1.341769604660923579e-09	9.683183367822773805e-05	3.649347852685403239e-04	-1.233264032046531927e-05	-9.231178821307769447e-04	1.047545031010025697e-04	-1.393808945596956471e-06	1.024984754684814069e-04	7.601684321753561339e-04	1.887566779894620374e-04	1.710687736474810839e-03	1.018519039228214925e-03	-2.419731781986411278e-04	-8.045668511555781419e-04	-3.453608147059326677e-04	4.815204786512379325e-05	1.825455243085112068e-03	1.666841176951752799e-04	1.032689129064577431e-03	1.293102710858587781e-04	-3.648879175875317728e-04	6.475928602968116630e-07	7.248977777229051282e-04	3.942653887408443180e-06	1.536196373477654599e-04	-4.359335585265253785e-04	-4.859489971502365031e-04	1.325419034661990878e-04	1.471529417244866328e-03
-8.827902742123385415e-04	5.521079001862157481e-04	9.952829067929143056e-04	4.016970605091024077e-04	3.540701276647739921e-04	-1.406295498914106567e-05	-4.575609597540870530e-04	8.406442714886510693e-05	6.589519763770985972e-04	-4.436046575541659058e-04	-9.843912778346704598e-04	-1.095616707217989731e-04	-1.109244589113887128e-03	5.137413983831144336e-04	1.347457254745070129e-03	1.601681991726863888e-05	9.887250085095541496e-04	-1.025972295602311721e-03	-1.930616232199445668e-03	-5.931426633537665097e-04	-8.174993959412353789e-04	-4.704735627233761223e-05	5.338805808714135008e-04	-6.544978718471425273e-05	3.820267373194676788e-04	9.666410285319065366e-05	-3.407037282493258407e-04	-1.410808745576485202e-04	-7.340822962092483691e-04	0.000000000000000000e+00	4.295158959566931106e-04	5.591491962523738313e-04	7.232197932136662341e-05	-1.126378563309218426e-03	-8.180286396776972543e-04	-7.601681246313743163e-04	-1.808845399166030422e-04	-6.132549430206857711e-04	-2.669216322999827594e-04	-2.195989104462040713e-04	-2.556581201790180882e-05	7.272724766476017580e-04	9.200841680276305686e-05	-1.378842654863840804e-10	-5.121504172583716879e-04	-1.029639814566563126e-04	-8.278859334005538625e-05	1.538369598589695540e-03	-4.643482662551742194e-04	1.265898332648288365e-03	6.179549614790510927e-04	4.319453699744795860e-04	-1.185651165608376292e-05	-7.257383019649690033e-05	-2.452722060716044884e-04	7.389492702344067129e-04	2.571918578033137708e-04	2.864935002608775459e-05	-6.499822245848956687e-05	4.965931733945938564e-04	-2.715905980906463380e-04	1.562760479479231770e-03	1.065388958932399644e-03	3.137549852522010779e-04
-9.178826393796516185e-04	1.224618915190573299e-03	1.553173290817512573e-03	4.155730634531519399e-04	6.278227860738059760e-04	-4.179272962008142949e-05	-4.855231784049460556e-04	2.327829693322106984e-04	1.235147885636584709e-03	-8.696232418774600421e-04	-1.139993972944450436e-03	1.096836522015870078e-04	-3.031397376993333814e-04	1.533698526495101862e-03	2.922934771709463989e-03	-9.755111933667209422e-04	1.763706855800873611e-03	-1.117195273646555149e-03	-2.081188546565332365e-03	-7.491680670490829001e-04	-7.955752885522035869e-04	1.476551457317732828e-04	1.170954827301188151e-03	-1.667528526966560059e-04	3.933699496847239485e-04	8.078810658605672566e-05	-6.220179388536784936e-04	-3.299839901406563156e-04	-1.650080575752530671e-03	-4.295158959566931106e-04	0.000000000000000000e+00	9.898347480306831682e-04	6.665544292610377144e-04	-2.950756375352179802e-04	-7.857933073874636982e-04	-1.825454126936809380e-03	-5.238487543804116976e-04	-1.215194306456726051e-03	-1.777321009514011270e-04	5.979884669968073621e-04	-4.137347973389919706e-05	1.470069313879841886e-03	1.176606765029752563e-04	-4.319452898511608532e-04	-1.207727270170636750e-03	-1.063314459547542046e-03	-5.177047576087805223e-04	2.892846213090880143e-03	-4.779454664870144546e-04	2.725887630879589643e-03	9.928032408631208994e-04	7.557256828519872544e-10	-1.837828114961625407e-04	-5.297908656481971476e-04	-4.119049966358416092e-04	1.481300765400327818e-03	2.104218405904708159e-04	-9.824487927005552852e-04	-1.765066462402534696e-04	1.172757461837231185e-03	6.030566264775196351e-04	3.097177445774959050e-03	1.626317225965294173e-03	-1.629412062087175900e-03
1.344625696266784579e-03	2.879195941202363174e-05	7.792933232954093992e-05	-6.544082286484121476e-04	-1.881122596476024611e-05	-2.599072222800826427e-05	5.935924122378987561e-04	-5.228826811179083706e-06	-8.247628387822497138e-06	1.643017368052402446e-04	3.995020917670391017e-04	-1.495325428179936154e-04	5.520446360199242428e-04	-7.749806427206093560e-05	-3.538803327706598165e-04	8.475595589474333488e-05	-9.469432960194969500e-05	3.515144210749124418e-04	4.731230853444986020e-04	-6.681681961554950758e-05	2.394089960765835557e-04	-1.189007828957792284e-04	-1.854691342284604414e-04	1.599014103305286690e-04	-6.159115583652195313e-04	-2.814102805025027400e-05	-1.213250867461318380e-04	5.355770558993053383e-05	-1.280475124818961964e-04	-5.591491962523738313e-04	-9.898347480306831682e-04	0.000000000000000000e+00	2.289789368425844006e-04	5.391559950492840012e-04	-1.797203946068520438e-05	-1.536190166109198277e-04	-1.846478891290721487e-04	-1.812728562805274765e-04	1.070233585303693828e-04	4.376483397355788161e-04	1.006340603659086142e-04	-1.046126987530548958e-04	-1.464525329506718618e-04	-4.965954867828454352e-04	-1.869907403408004347e-04	-1.080543393872586454e-03	-3.115506483966628149e-04	-1.831375096192525579e-05	8.204017022200135907e-04	-9.858198027950810377e-05	-1.477528290978577692e-04	-1.172763363433126753e-03	-1.268371553450518233e-04	-6.015864342506106049e-04	1.198373638006139808e-04	3.585055588908478104e-05	-1.625341206797928590e-04	-2.414417251783437064e-04	1.812387389694021782e-04	-9.161852173977978677e-10	5.573563232156464754e-04	2.954622320806910615e-04	-2.446860292109304764e-04	-6.161417746732859770e-04
7.063420959686076209e-04	2.326102105373934652e-04	-6.989011662101050687e-05	-4.982474767519944926e-04	2.811945667056893385e-10	-8.583262643128865136e-05	3.663476683336468285e-04	1.145279725152268063e-04	2.972881954260033526e-05	1.508932508024003662e-04	2.032208725741254177e-04	-1.068024344390116460e-04	3.283800469108785801e-04	-1.299800348374351546e-04	-9.971522584068144568e-05	-4.607407058895649366e-05	-1.975583789914413469e-05	4.201244140011957569e-04	4.750129440070764188e-04	-1.692792007960118063e-04	5.348135867803281609e-05	-1.466993323076809107e-04	-1.092144651413614644e-04	1.397014117134954322e-04	-4.015544639035032153e-04	-1.412456262604101418e-04	1.726645178146237521e-04	1.460283745629976752e-04	3.497539989278675176e-04	-7.232197932136662341e-05	-6.665544292610377144e-04	-2.289789368425844006e-04	0.000000000000000000e+00	3.543032134548919311e-04	1.926932591601940845e-04	-1.641979377054512512e-04	-8.338119322165191507e-05	-1.581846084358111350e-04	-4.175390696317542486e-05	2.481238401610057036e-04	-1.072204585732765400e-04	2.001419824554387600e-04	1.495662826878189108e-04	-3.540626708107465085e-04	6.149666805525665786e-05	-7.324201714976796753e-04	-6.275571134473738322e-04	3.271452021524834863e-04	1.862352732075787747e-04	1.761725377683316489e-04	6.785112030812523584e-05	-6.278069299249476598e-04	9.951575979662307704e-05	-3.703920930439063338e-04	-1.340580019795910749e-04	1.978171144004724395e-05	-2.280738429847450103e-06	-6.403864079655114208e-05	5.548460290328968345e-05	1.881053172915341201e-05	3.512519083962235464e-04	1.564128463033070081e-04	4.943918505751642876e-05	-5.220574505636079408e-04
1.496371689637572989e-03	-5.550616446411785491e-05	-3.808056593108587401e-04	-8.351514123229054334e-04	-3.283750005127995461e-04	-1.044834136613279518e-04	6.209605984518573422e-04	4.742555677885966487e-05	1.400676324228615423e-04	-3.456901400492987694e-04	-4.230922149690603687e-04	-4.710852218414654654e-05	-2.582342903256756991e-09	-2.358267667916092813e-04	1.026213847534372865e-04	-4.531050440470870831e-04	-2.484652341202194816e-04	-3.854648626884230522e-04	-7.955468871934530915e-04	4.063916821741013117e-04	-3.830147340260958082e-04	5.227410048446125463e-05	-6.034512505824512390e-06	-1.009437632481498922e-05	-8.556304621245196598e-04	3.738993465255324635e-05	5.733326833016064508e-04	7.956964311887550906e-04	1.179313499542530147e-03	1.126378563309218426e-03	2.950756375352179802e-04	-5.391559950492840012e-04	-3.543032134548919311e-04	0.000000000000000000e+00	-3.787596424812616027e-04	9.729063309569826838e-04	-3.220268818471737305e-04	4.070172009269482799e-04	5.641146330757635784e-05	4.089096136820980832e-04	-1.134000625965853639e-04	-2.541067275776112602e-04	1.067045409909473796e-04	1.109246373562119969e-03	5.416647214490249475e-04	2.189948507215220067e-03	8.934734800879580918e-04	-1.066310341724480311e-03	5.879647575778801588e-04	-2.155218325359497243e-04	-4.968706851633216862e-05	3.031401411429478351e-04	1.367743266937247412e-04	8.889250459785664853e-04	5.844085896935059593e-04	-4.965725934588825427e-04	1.529781056972535057e-04	-4.352553213698176450e-04	-6.551369250258304939e-06	-5.520672292245445631e-04	4.425970749990092048e-04	-9.386034292703214228e-04	-2.744928127835581633e-04	-9.657632165292447460e-04
7.321783342310712547e-05	-1.069196369444306948e-04	5.779820423279155155e-05	-1.381890837969583464e-04	-5.347916812783029604e-05	-9.173744062638752861e-05	-1.538080836783010049e-05	-6.433385294113407201e-05	-5.732020951307083289e-05	-2.160385169968748837e-04	-4.389209220733305639e-05	4.116316548416503905e-05	3.830128706306668018e-04	-1.740343709521085158e-04	3.525369580958567209e-06	-4.472565575140033216e-04	-2.947304694029617505e-04	-3.587100449451861763e-05	-2.033279589274436354e-05	2.413094177004796088e-04	-3.324409486097344192e-10	5.680888089941844811e-05	-2.776126517005126173e-06	-1.046857083191725430e-05	-9.423846614866087832e-05	1.444885626017059074e-04	1.894181312684163111e-04	3.457560240180391998e-04	3.982220581848885986e-04	8.180286396776972543e-04	7.857933073874636982e-04	1.797203946068520438e-05	-1.926932591601940845e-04	3.787596424812616027e-04	0.000000000000000000e+00	4.520483984171853441e-04	-1.369819855014571281e-04	2.960065932843742361e-04	6.860317287064629879e-05	3.761072916775269484e-04	-9.768542777457502361e-05	-1.456966001957952337e-05	1.251659170319937425e-04	8.174997906783844880e-04	3.093104269656164317e-04	1.659069565578093252e-03	6.502197293315862842e-04	-2.311677553394396543e-04	-3.276825986179720976e-05	1.616214229325061991e-05	1.962410361060771603e-04	7.955744323699522969e-04	1.580252281712706745e-04	7.150404930275694113e-04	2.833355668550051115e-04	-1.333588919939554843e-04	3.400005586358915846e-05	-4.237415738720862928e-04	-2.598299646844287666e-06	-2.394198271166031737e-04	3.845084423037025464e-04	-6.522106972153879269e-04	-1.598672084310589310e-04	-9.048081555654645912e-04
-1.725827684432698975e-03	-3.543196335116210040e-04	-3.630080199232351042e-04	9.869394131342139505e-04	-3.497543815109140867e-04	1.047537262124975449e-04	-8.045675300296906661e-04	6.485700715827548391e-07	-3.143343901936020276e-04	6.353683200303365743e-05	-2.688510226943904933e-04	1.355559776299151585e-04	-1.179321009033472640e-03	-1.392689713429872268e-06	-3.453604084454986282e-04	7.249018563793767182e-04	-1.013869002671789689e-04	-6.221796919738750578e-04	-8.937639168757416722e-04	1.451534767763078032e-04	-3.982247568474992514e-04	1.024992640241484735e-04	4.815292563966304526e-05	3.941956388918023092e-06	1.115954893440237322e-03	-8.819441568190955759e-06	-1.883440406293992704e-04	-1.504626136776113015e-04	-1.341769604660923579e-09	7.601681246313743163e-04	1.825454126936809380e-03	1.536190166109198277e-04	1.641979377054512512e-04	-9.729063309569826838e-04	-4.520483984171853441e-04	0.000000000000000000e+00	9.683250070457102301e-05	1.887572906459971875e-04	1.666846814009169788e-04	-4.359387189921485055e-04	1.463130880595763070e-04	-4.050403597742523393e-04	-1.949191279860602215e-05	7.340817991589888023e-04	3.649326072731031096e-04	1.710684722654369147e-03	1.032686199645468667e-03	-4.859489801184189777e-04	-7.371551490119615958e-04	-1.234109220192500787e-04	1.128045224695327928e-04	1.650079632294260395e-03	-1.233406466592633835e-05	1.018516539760708477e-03	1.293084263291187797e-04	1.325432680878877128e-04	-2.172755316096862399e-04	5.443707129088139803e-04	-3.792752269598080876e-05	1.280493335713592078e-04	-9.231228696410106408e-04	-2.419719327050622233e-04	-3.648880047535001721e-04	1.471539168835207106e-03
-5.276862166736997909e-04	-1.061359964221443792e-04	3.688205675392546289e-05	2.084993545934612396e-04	8.337955371223680352e-05	-1.305329046891329270e-05	-2.767602278027741754e-04	-9.785540405158407869e-05	-1.061363948272234616e-04	-3.236555606704122822e-05	1.415841278431136368e-04	9.687553088384983041e-05	3.220271470484748627e-04	6.676451173620350161e-05	5.323089912509314209e-05	-2.077842629007382630e-04	3.688244350574772853e-05	1.415839820959788982e-04	2.965086275408679176e-04	1.488490324047506297e-05	1.369820822009566101e-04	1.004610583164577682e-04	1.589516395183088637e-04	-1.548769190252521932e-05	2.084993982358495268e-04	9.687429543324559719e-05	1.488327858255095332e-05	-2.600543665240287052e-05	-9.683183367822773805e-05	1.808845399166030422e-04	5.238487543804116976e-04	1.846478891290721487e-04	8.338119322165191507e-05	3.220268818471737305e-04	1.369819855014571281e-04	-9.683250070457102301e-05	0.000000000000000000e+00	9.095507124863555764e-05	9.977863054221009853e-05	1.362777954297324126e-04	-1.305324241248203705e-05	6.676241453615600725e-05	1.004596560248148019e-04	1.808845549474744736e-04	9.095448806165665158e-05	4.953596159516684798e-04	2.508845114405264774e-04	3.891631589061079317e-05	-2.767601709991198387e-04	5.323010634250327478e-05	1.589503822740496964e-04	5.238483896963528133e-04	9.977750322414296940e-05	2.508841356866648581e-04	1.321422978393857496e-06	-6.494592269336988937e-06	-9.785648198942052266e-05	-2.077840416389917623e-04	-1.548751501209829159e-05	1.846491466656163382e-04	1.362779696611396548e-04	3.891702731973411492e-05	-6.496000561109193516e-06	-3.716507656138992718e-04
-9.937964646194619601e-04	-2.261785259660837580e-04	-2.830117358459522097e-04	5.493485772420767963e-04	-6.149643260692583616e-05	8.547488564929669997e-05	-4.099941317828954736e-04	-1.094572698530364881e-04	-2.658508643953866866e-04	1.961190759662378275e-04	-1.201346022188078367e-05	1.036324653411356740e-04	-5.416551775476747405e-04	-1.146463752014507324e-04	-4.048398267010133006e-04	5.086610431873378078e-04	1.725440899487929277e-05	-1.295342295039719218e-04	-3.776638915158587280e-04	-2.172918764496420462e-05	-3.093062396209662673e-04	-5.078697505067720033e-05	-7.283762432234986133e-05	1.796283949032456652e-04	6.124927042325644787e-04	-2.005081261290402755e-04	-3.786928447439213779e-04	1.554104101015723923e-06	-3.649347852685403239e-04	6.132549430206857711e-04	1.215194306456726051e-03	1.812728562805274765e-04	1.581846084358111350e-04	-4.070172009269482799e-04	-2.960065932843742361e-04	-1.887572906459971875e-04	-9.095507124863555764e-05	0.000000000000000000e+00	4.155807196272508306e-05	3.427389125649314282e-05	7.539652618790434907e-06	-4.270718137496901405e-04	-1.927907489728065743e-04	5.121506981663607235e-04	-1.083582656785354409e-09	1.057666091081690875e-03	5.261101271528834805e-04	2.885768896378971057e-05	-5.674748004755355690e-04	-2.921678802280192402e-04	-5.549709238980248785e-05	1.207729329024348399e-03	3.298163361847194141e-05	7.550249049712704202e-04	7.682474205421394205e-05	3.754869279871170978e-05	-2.107104107228620728e-04	4.779623822048102971e-04	1.196868383743230951e-04	1.869916266319275122e-04	-3.206027761058801015e-04	-1.696737915374499643e-04	-2.523847692341445637e-04	7.012186574112621272e-04
-4.852679377012446152e-05	8.246171322356935147e-05	-1.682736277252895336e-04	-2.304179789527567351e-05	-9.951523762656139780e-05	-5.332288299824040849e-06	4.893714753034457860e-05	6.682758472051467157e-05	-1.401061788087697418e-04	1.987468151319669407e-04	8.373455931762342058e-05	-3.014700318871735609e-06	-1.367670807839989973e-04	-1.605191543529010923e-04	-2.400844712686646637e-04	2.655941117430738515e-04	-1.304293262268783740e-05	1.351203408561219401e-04	2.837710085194424393e-05	-1.195527214916738154e-04	-1.580221230824583006e-04	-9.898775006650094061e-05	-6.220166444032522511e-05	1.543764120511278244e-04	6.148688983350402760e-05	-2.284130460768608157e-04	-1.554016754271632806e-04	7.640800394225670880e-05	1.233264032046531927e-05	2.669216322999827594e-04	1.777321009514011270e-04	-1.070233585303693828e-04	4.175390696317542486e-05	-5.641146330757635784e-05	-6.860317287064629879e-05	-1.666846814009169788e-04	-9.977863054221009853e-05	-4.155807196272508306e-05	0.000000000000000000e+00	1.187215553134337768e-04	-4.996622052390893695e-05	-1.680299046607852892e-04	-6.893128966040923248e-05	1.186094055127821353e-05	-3.298261245108468330e-05	8.521914582367370481e-05	-9.035444209408709671e-05	1.669727095683296166e-04	-1.710886903422393864e-04	-4.092676785158985470e-05	-6.034216082167237114e-05	1.837925490803633214e-04	-5.701013029857037958e-11	1.467907141917666216e-04	-2.997405927072984566e-05	9.912083512459690378e-05	-9.664739529486083441e-05	2.435618011987151143e-04	7.690328206215972648e-05	1.268373111958199053e-04	-3.562958135653286748e-08	-2.403852663023323279e-05	-6.467179862782652705e-05	1.211417403596898123e-04
1.457012061053275000e-03	-4.771476771574646811e-05	-2.674212296744190231e-04	-7.619656691622460950e-04	-3.512495943923166003e-04	-1.009749646295701633e-04	6.003214172735790938e-04	1.236628842884231628e-04	3.948381277677001232e-04	-1.538268289875242161e-04	-3.679600556200982291e-04	-2.064469930717505869e-04	-4.426002446145347073e-04	-1.415501302275496353e-04	2.535448942013436915e-04	1.068074751277280031e-06	-9.492913100868579127e-05	-3.666318196851338081e-04	-7.785900613203871473e-04	1.077116709224729325e-04	-3.845094996819999338e-04	-1.326572305630601811e-04	-1.768093988041137771e-04	1.458032102730975923e-05	-7.700133310551426653e-04	-6.403923446847211852e-05	2.825765957028537846e-04	3.795492048099429524e-04	9.231178821307769447e-04	2.195989104462040713e-04	-5.979884669968073621e-04	-4.376483397355788161e-04	-2.481238401610057036e-04	-4.089096136820980832e-04	-3.761072916775269484e-04	4.359387189921485055e-04	-1.362777954297324126e-04	-3.427389125649314282e-05	-1.187215553134337768e-04	0.000000000000000000e+00	-1.050755919437284288e-04	-3.074176102920785254e-04	-3.934858648732296379e-05	2.715910253309953399e-04	3.206077277905113303e-04	3.598839509123345206e-04	9.917799415217562356e-05	-6.408966328835017474e-04	6.393547158036502580e-04	-3.944216592468267760e-04	-1.674731459551929871e-04	-6.030570317917427915e-04	3.920720645489869470e-08	8.167760543975786870e-05	3.079157926829965215e-04	-2.648964500480135379e-04	2.972279538371594898e-04	3.570508098521766850e-05	3.633193676879118783e-05	-5.573686048869416765e-04	-9.761872889354171468e-10	-4.590508461831784492e-04	-8.519905395869716206e-06	4.631031303109437450e-06
-1.208989096142779462e-05	9.423133361941034964e-05	-1.307317798592186309e-04	-2.012096276935356010e-05	8.583243471904842517e-05	-1.526767296319348670e-10	-2.280586604303785751e-05	2.657403566694395682e-06	9.561337920809814066e-06	-1.538850820464202708e-05	2.011574857293576131e-05	6.281141498545870833e-05	1.044847659621693265e-04	1.011104311102837693e-04	1.194529277383564822e-04	-2.627999804717804820e-05	-8.653271606961324982e-05	3.169636709622870266e-05	9.985033599497794869e-05	1.034435623598262735e-04	9.173807340810649256e-05	6.448553993832254437e-05	1.209411469319856210e-05	1.954852876986022355e-05	-3.710134093627708338e-07	1.942506025560312482e-06	1.145351915105389000e-04	1.722893164260888256e-05	-1.047545031010025697e-04	2.556581201790180882e-05	4.137347973389919706e-05	-1.006340603659086142e-04	1.072204585732765400e-04	1.134000625965853639e-04	9.768542777457502361e-05	-1.463130880595763070e-04	1.305324241248203705e-05	-7.539652618790434907e-06	4.996622052390893695e-05	1.050755919437284288e-04	0.000000000000000000e+00	7.642080858059315050e-05	7.332833580918814503e-06	1.406295717755854947e-05	-8.547697340570656354e-05	6.914170202235406129e-05	3.831398216181832979e-05	-1.448582129717445840e-04	-2.606638132222092801e-05	7.820789379038009179e-05	-1.079348645751114413e-04	4.179260215685742612e-05	5.331147603334150762e-06	6.704950671352217628e-05	1.286809743496344438e-05	-1.420138314571614188e-04	-5.710147766465289537e-05	-3.708484967824487663e-05	1.073980584207899247e-05	2.599178416465964771e-05	1.009757419793709169e-04	-1.186809351744172973e-04	-1.266445999094316225e-04	-1.183816793524581897e-04
1.544951879575058758e-03	-2.099458500156786765e-04	-1.964525898833022069e-04	-7.878624806564749755e-04	1.299787890077929331e-04	-1.011114392272625809e-04	6.418616658468411776e-04	-1.885876231800413046e-04	-6.205679278526343885e-05	1.583109969152629809e-04	3.979426486679674092e-04	-8.206657168371197641e-05	2.358164626202513992e-04	-4.162056912274282724e-10	2.161022801234811861e-04	2.465864443191884232e-05	-6.328907171577705809e-05	1.770273156355228294e-04	4.006821710252961083e-04	4.465221037471348438e-07	1.740291520824859516e-04	2.284038928589322847e-04	4.109417803230278271e-04	6.231790805494879962e-05	-8.999863731199279383e-04	8.282914849825303064e-05	1.335051130509305045e-04	1.192211203954300375e-04	1.393808945596956471e-06	-7.272724766476017580e-04	-1.470069313879841886e-03	1.046126987530548958e-04	-2.001419824554387600e-04	2.541067275776112602e-04	1.456966001957952337e-05	4.050403597742523393e-04	-6.676241453615600725e-05	4.270718137496901405e-04	1.680299046607852892e-04	3.074176102920785254e-04	-7.642080858059315050e-05	0.000000000000000000e+00	4.125938832428543957e-05	-5.137480805326456170e-04	1.146466963814429617e-04	-1.489722678082643168e-03	-7.300067840001084893e-04	-7.271872682621400566e-05	7.929254536066104864e-04	-2.203841324878491516e-04	1.456912836609163601e-06	-1.533716734081213857e-03	1.605187598082639510e-04	-9.924677700352468532e-04	-8.421760941110012543e-05	-2.663354394310142852e-04	5.952045772029740720e-05	-3.792542008116173055e-05	1.159677393327790765e-04	7.749665335619431968e-05	1.415445025973001078e-04	2.629061228354383608e-04	2.168466388022881699e-04	-3.697102177752588544e-04
2.585833164589738269e-04	-2.317066532954628730e-04	-8.323075959822182057e-05	-4.860041580654332643e-05	1.466988739804985246e-04	-6.448536364334948542e-05	4.016055156478986896e-05	-1.957557194841220592e-04	-1.284363378005870374e-04	1.956220827918634308e-04	1.707960003440424715e-04	-1.550114432270409089e-04	-5.228304996600045406e-05	-2.284048149815469332e-04	-3.524078091751425563e-05	2.283023132136773764e-04	-1.557713546768761355e-04	1.296123029964453490e-04	4.327613461713538154e-05	-2.078277516430988912e-04	-5.681326624212247806e-05	-2.253286126453673340e-10	1.630329605079962124e-04	9.955051034631867929e-05	-1.912991258532399110e-04	9.597604967194613926e-05	5.595978824164525188e-05	4.010376254604728046e-05	-1.024984754684814069e-04	-9.200841680276305686e-05	-1.176606765029752563e-04	1.464525329506718618e-04	-1.495662826878189108e-04	-1.067045409909473796e-04	-1.251659170319937425e-04	1.949191279860602215e-05	-1.004596560248148019e-04	1.927907489728065743e-04	6.893128966040923248e-05	3.934858648732296379e-05	-7.332833580918814503e-06	-4.125938832428543957e-05	0.000000000000000000e+00	4.704341759861241812e-05	5.078717190573290771e-05	-1.955717541948627730e-04	5.175572143468259789e-05	-1.111824791690020370e-04	1.848635165198659767e-04	-2.859338821346843517e-04	-2.587562601929535415e-05	-1.476657479396623833e-04	9.898767099168591247e-05	-2.499659254937704298e-04	2.249905890325030160e-05	-2.535280273685192780e-04	-6.174301920276630467e-06	2.235365255261507361e-04	1.480849921265583579e-04	1.188995449176560160e-04	1.326520716453663735e-04	1.496618214213988522e-04	1.547510114337827497e-04	1.291218016123705571e-04
-8.827909462249400319e-04	6.589513415301759530e-04	9.887265104648094126e-04	3.820273843169814032e-04	7.232866856018589359e-05	-2.556545239776247393e-05	-4.643481497888929388e-04	2.571877208467593747e-04	5.521070661620274943e-04	-4.436047634691512925e-04	-1.025974736031528504e-03	9.666004474711413529e-05	-1.126382318561270669e-03	7.272643251707301129e-04	1.265895585955701015e-03	2.865076167387700391e-05	9.952802694525181033e-04	-9.843920036671179909e-04	-1.930619463912189217e-03	-3.407108340108496759e-04	-8.180310207158896039e-04	9.200434393197924588e-05	6.179522627875208649e-04	-6.499757881627998195e-05	4.016971660210852391e-04	-1.095579458715005170e-04	-5.931360673186842312e-04	-1.410808681157919506e-04	-7.601684321753561339e-04	1.378842654863840804e-10	4.319452898511608532e-04	4.965954867828454352e-04	3.540626708107465085e-04	-1.109246373562119969e-03	-8.174997906783844880e-04	-7.340817991589888023e-04	-1.808845549474744736e-04	-5.121506981663607235e-04	-1.186094055127821353e-05	-2.715910253309953399e-04	-1.406295717755854947e-05	5.137480805326456170e-04	-4.704341759861241812e-05	0.000000000000000000e+00	-6.132537916015898521e-04	-1.029635283155871028e-04	-7.257388703444045885e-05	1.562761464912324968e-03	-4.575613679655252293e-04	1.347458931201535749e-03	5.338833566438535259e-04	4.295171647183224518e-04	-2.669175345342844900e-04	-8.278785013863344594e-05	-2.452721672243591894e-04	1.065382101455007290e-03	8.406820603040429402e-05	1.601786679859320813e-05	-6.545075327209777907e-05	5.591473346064973135e-04	-2.196013754340289583e-04	1.538367115192949483e-03	7.389562102797114264e-04	3.137577907759567719e-04
-9.937928972678020112e-04	-2.658504393156217336e-04	1.725483517000862518e-05	6.124908346196863366e-04	1.581846463284576751e-04	7.541146366162148734e-06	-5.674738457345643913e-04	-2.107103080609227391e-04	-2.261787936171492128e-04	1.961183907152178919e-04	-1.295384292894192308e-04	-2.005081938589405228e-04	-4.070250062524680395e-04	-4.270722466577564144e-04	-2.921673673841010833e-04	4.779656344860006402e-04	-2.830113962311619265e-04	-1.201852517135993409e-05	-3.776739751860541693e-04	-3.786923155302770625e-04	-2.960105051555180899e-04	-1.927901621674392289e-04	-5.549561873040043418e-05	1.196865116081108349e-04	5.493474448109221964e-04	1.036320628681638132e-04	-2.172930970909081974e-05	1.556640964194402953e-06	-1.887566779894620374e-04	5.121504172583716879e-04	1.207727270170636750e-03	1.869907403408004347e-04	-6.149666805525665786e-05	-5.416647214490249475e-04	-3.093104269656164317e-04	-3.649326072731031096e-04	-9.095448806165665158e-05	1.083582656785354409e-09	3.298261245108468330e-05	-3.206077277905113303e-04	8.547697340570656354e-05	-1.146466963814429617e-04	-5.078717190573290771e-05	6.132537916015898521e-04	0.000000000000000000e+00	1.057663917704644400e-03	7.550239877087228189e-04	-1.696745739789831870e-04	-4.099922582384211804e-04	-4.048396963047000874e-04	-7.283760293063684828e-05	1.215191180995507225e-03	4.155808677618298426e-05	5.261092196948359730e-04	7.682279746139492396e-05	-2.523850654006453385e-04	-1.094574901658211595e-04	5.086659349515111183e-04	1.796286554043324314e-04	1.812723662748936702e-04	3.426921278827068024e-05	2.885537665517035147e-05	3.754805807020868971e-05	7.012296851992842923e-04
-1.899150264755775086e-03	1.123585803387233770e-03	1.616728453931341736e-03	8.593556499934770256e-04	7.324360504331705983e-04	-6.914155030337165893e-05	-1.001876853191933404e-03	1.372344654264159619e-04	1.123586849269590402e-03	-8.443899470520448277e-04	-2.006838960536632376e-03	1.521577235288259502e-04	-2.189951001679122863e-03	1.489705336394731320e-03	2.733518230578364447e-03	-2.733746886826772735e-05	1.616724113898155386e-03	-2.006837255019842080e-03	-3.929965980150468274e-03	-5.914071182566284050e-04	-1.659071630541183746e-03	1.955619978252854719e-04	1.119227067946854505e-03	-1.785996720008843706e-04	8.593552779317227899e-04	1.521671351980013760e-04	-5.913923224734368884e-04	-2.983800018392177966e-04	-1.710687736474810839e-03	1.029639814566563126e-04	1.063314459547542046e-03	1.080543393872586454e-03	7.324201714976796753e-04	-2.189948507215220067e-03	-1.659069565578093252e-03	-1.710684722654369147e-03	-4.953596159516684798e-04	-1.057666091081690875e-03	-8.521914582367370481e-05	-3.598839509123345206e-04	-6.914170202235406129e-05	1.489722678082643168e-03	1.955717541948627730e-04	1.029635283155871028e-04	-1.057663917704644400e-03	0.000000000000000000e+00	-3.324400148858896488e-05	2.730746768541900300e-03	-1.001877031682453728e-03	2.733525168094189280e-03	1.119234961032148593e-03	1.063315270016906193e-03	-8.520942872816798807e-05	-3.324340443613710717e-05	-4.286903985600249529e-04	1.367509082036135522e-03	1.372441176504082577e-04	-2.733773001132889244e-05	-1.786011255263207761e-04	1.080536671106820286e-03	-3.598861673865581898e-04	2.730742651496250589e-03	1.367523821057542964e-03	4.689238613012123138e-04
-8.912555765799310206e-04	8.249818158062538443e-04	7.212194518725180761e-04	3.866985944642967882e-04	3.704001917780460305e-04	-6.704962519753763540e-05	-4.820500308787040340e-04	2.219367722471584162e-04	5.525616165190860244e-04	-3.717054132166623366e-04	-8.801673000953965081e-04	1.884812133237491819e-04	-8.889246606951901018e-04	9.924573188136577399e-04	1.518319561834024795e-03	-1.276633324723365818e-04	7.760644434325023348e-04	-8.673831434917232772e-04	-1.705848061937963482e-03	-1.163113114786804047e-04	-7.150408855932299454e-04	2.499602048006698300e-04	6.244084511686401155e-04	-1.227074340355717550e-04	4.111518492331844876e-04	-5.539633732499455945e-05	-3.414960963400206486e-04	-1.371657191115205126e-04	-1.018519039228214925e-03	8.278859334005538625e-05	5.177047576087805223e-04	3.115506483966628149e-04	6.275571134473738322e-04	-8.934734800879580918e-04	-6.502197293315862842e-04	-1.032686199645468667e-03	-2.508845114405264774e-04	-5.261101271528834805e-04	9.035444209408709671e-05	-9.917799415217562356e-05	-3.831398216181832979e-05	7.300067840001084893e-04	-5.175572143468259789e-05	7.257388703444045885e-05	-7.550239877087228189e-04	3.324400148858896488e-05	0.000000000000000000e+00	1.255925197447804384e-03	-4.630014602831383124e-04	1.520991608706560166e-03	3.271187733182166942e-04	5.297916672599462407e-04	-1.467859683838078464e-04	2.711518709987731260e-10	-1.777866268246994675e-04	7.023900760084783763e-04	-1.029983238985916419e-04	-7.913114365940281288e-05	-1.265226354691840072e-04	6.015821535102826387e-04	-8.167764302857322980e-05	1.317937001632593294e-03	4.513045552658579524e-04	6.146646355807258081e-05
2.999306523353678297e-03	-5.700827834176328029e-05	-7.760001064209500930e-05	-1.433254179535131245e-03	-1.564142852304595418e-04	1.186805923634884835e-04	1.627871008176829792e-03	1.128535876170181528e-05	1.358858180234247454e-04	-4.552490307993549873e-05	4.437662983617977853e-04	-1.846697379323095404e-04	9.385891470744890707e-04	-2.629075621610980494e-04	-2.761983157321818414e-04	-2.841860660162454956e-04	2.034399909402758686e-05	3.967277520117547729e-04	8.386253806935545490e-04	-9.368562036250527086e-05	6.522037677044012060e-04	-1.496636478678954737e-04	-2.178225124839390232e-04	1.924551849793239045e-05	-1.386622399064310358e-03	5.948499084839966862e-05	9.290260692415722524e-05	-6.619165967546706045e-05	2.419731781986411278e-04	-1.538369598589695540e-03	-2.892846213090880143e-03	1.831375096192525579e-05	-3.271452021524834863e-04	1.066310341724480311e-03	2.311677553394396543e-04	4.859489801184189777e-04	-3.891631589061079317e-05	-2.885768896378971057e-05	-1.669727095683296166e-04	6.408966328835017474e-04	1.448582129717445840e-04	7.271872682621400566e-05	1.111824791690020370e-04	-1.562761464912324968e-03	1.696745739789831870e-04	-2.730746768541900300e-03	-1.255925197447804384e-03	0.000000000000000000e+00	1.712244732055835141e-03	1.711284612736916526e-04	1.644959069558494147e-04	-3.097179776804951344e-03	2.403825260895550475e-05	-1.317939960007230137e-03	1.603151120623090976e-04	8.644961433882645846e-05	2.023335643595016657e-04	-8.530590466410696744e-04	-5.391835284498662137e-05	-2.954641390280090510e-04	4.590432737992273388e-04	-3.138031724700549348e-10	1.414723132346051545e-04	-1.214916687022725948e-03
-2.969991109910451344e-06	-3.990434346743821758e-04	-1.031627896555047889e-03	7.814890062350062704e-06	-3.663550699546612704e-04	2.280558016806734831e-05	-2.591073539528541254e-10	7.576666189021253627e-06	-5.403339026220193827e-04	3.831304149506676573e-04	1.631253065024692054e-04	5.167490833107349742e-06	-6.209583883357580950e-04	-6.418563245769550504e-04	-1.244520450729696883e-03	8.245341149256699229e-04	-8.865441096884567372e-04	2.307624098237983485e-04	2.237509863193308328e-04	4.217610979116573409e-04	1.538220087698745754e-05	-4.015733884354929031e-05	-5.542828865828738644e-04	1.338225569632337463e-04	2.382806934713692251e-05	-2.009467416860274513e-04	3.536892192177713444e-04	2.010273682271572330e-04	8.045668511555781419e-04	4.643482662551742194e-04	4.779454664870144546e-04	-8.204017022200135907e-04	-1.862352732075787747e-04	-5.879647575778801588e-04	3.276825986179720976e-05	7.371551490119615958e-04	2.767601709991198387e-04	5.674748004755355690e-04	1.710886903422393864e-04	-6.393547158036502580e-04	2.606638132222092801e-05	-7.929254536066104864e-04	-1.848635165198659767e-04	4.575613679655252293e-04	4.099922582384211804e-04	1.001877031682453728e-03	4.630014602831383124e-04	-1.712244732055835141e-03	0.000000000000000000e+00	-1.324903008744251088e-03	-8.160400029602623249e-04	4.855227686843609594e-04	-4.894228273854903794e-05	4.820498057504240836e-04	1.759563610762573884e-04	-7.997546416007974071e-04	-1.401567892781432813e-04	8.098639790994513303e-04	1.176102417748546472e-04	-5.935913521543448312e-04	-6.003201249276628312e-04	-1.627871056553462786e-03	-8.922383134830248622e-04	1.552346472843954550e-03
2.692984683352588754e-03	-2.190287975942170357e-04	-1.513978115176225245e-04	-1.554289420066779469e-03	9.971442186877373451e-05	-1.194539126818721183e-04	1.244520745903786047e-03	-1.757201062927551743e-04	-2.135521795290339911e-04	2.504878943354944983e-05	2.239441770959029203e-04	1.473399197123910435e-05	-1.026317055580111727e-04	-2.161038121189244783e-04	-2.020032801122885859e-09	8.463460410585337066e-05	3.790172286555112393e-04	-1.482172749056739837e-04	-1.534874242354363204e-05	-3.142141026431505952e-04	-3.529775343444053304e-06	3.524039550302769549e-05	4.210829808722218017e-04	4.190165838124065682e-05	-1.458277952770876528e-03	2.371606814895983002e-04	4.080214925425124746e-04	9.148402426563910636e-05	3.453608147059326677e-04	-1.265898332648288365e-03	-2.725887630879589643e-03	9.858198027950810377e-05	-1.761725377683316489e-04	2.155218325359497243e-04	-1.616214229325061991e-05	1.234109220192500787e-04	-5.323010634250327478e-05	2.921678802280192402e-04	4.092676785158985470e-05	3.944216592468267760e-04	-7.820789379038009179e-05	2.203841324878491516e-04	2.859338821346843517e-04	-1.347458931201535749e-03	4.048396963047000874e-04	-2.733525168094189280e-03	-1.520991608706560166e-03	-1.711284612736916526e-04	1.324903008744251088e-03	0.000000000000000000e+00	2.163071919393156251e-04	-2.922939308439384543e-03	2.400841292947682789e-04	-1.518324691731863345e-03	-1.146485650979307879e-04	-2.525935228761632236e-04	-2.058568943131608008e-05	-1.837453812410487096e-04	-6.443360902480167068e-05	3.538797732490186121e-04	-2.535504867915896327e-04	2.761945690954339234e-04	3.373002698298470641e-04	-1.542248905038320840e-04
1.258774542923831157e-03	-2.188969228072283905e-04	-2.905165284872638336e-05	-5.728704208196920902e-04	1.092140504028862391e-04	-1.209307352292128277e-05	5.542842513537255336e-04	-1.803562784027842305e-04	-2.210770242701492832e-04	1.886138438847001476e-04	1.714247224268295572e-04	-1.917164225588630956e-04	6.015664149133866071e-06	-4.109438477334937398e-04	-4.210850643255553780e-04	3.429784576006796471e-04	-8.470641090833915909e-05	8.892529906818219944e-05	-4.138217431304604753e-06	-3.593431631754083304e-04	2.767040583778316848e-06	-1.630334610034016134e-04	-2.102391105411811120e-10	1.219186446830125748e-04	-5.808579398111687192e-04	1.462411291186736773e-04	9.123212455259231690e-05	-1.555529792505014006e-06	-4.815204786512379325e-05	-6.179549614790510927e-04	-9.928032408631208994e-04	1.477528290978577692e-04	-6.785112030812523584e-05	4.968706851633216862e-05	-1.962410361060771603e-04	-1.128045224695327928e-04	-1.589503822740496964e-04	5.549709238980248785e-05	6.034216082167237114e-05	1.674731459551929871e-04	1.079348645751114413e-04	-1.456912836609163601e-06	2.587562601929535415e-05	-5.338833566438535259e-04	7.283760293063684828e-05	-1.119234961032148593e-03	-3.271187733182166942e-04	-1.644959069558494147e-04	8.160400029602623249e-04	-2.163071919393156251e-04	0.000000000000000000e+00	-1.170961997763577365e-03	6.220154162089595634e-05	-6.244133702245634491e-04	1.079122975375694992e-04	-2.063759622640471596e-04	-1.125496977177871063e-04	2.765238764533262106e-05	1.161002804003698913e-04	1.854679739404812742e-04	1.767990343168648871e-04	2.178187740282917046e-04	4.054397426913049457e-05	2.471702779966440628e-05
-9.178818742162879593e-04	1.235145976282443119e-03	1.763710166184846197e-03	3.933700645365825494e-04	6.665716998264512635e-04	-4.137307712914153906e-05	-4.779445761872394712e-04	2.104110770529901838e-04	1.224619923692260408e-03	-8.696235702467296430e-04	-1.117198953818843371e-03	8.077874769120695379e-05	-2.950809462776813490e-04	1.470052094045172161e-03	2.725882993101519641e-03	-9.824472598989391833e-04	1.553170534489350767e-03	-1.139993609754034326e-03	-2.081191775212729543e-03	-6.220344844548190760e-04	-7.857964805456363333e-04	1.176510389781027844e-04	9.927971745042779052e-04	-1.765052187374333633e-04	4.155724154859441097e-04	1.096939097224919801e-04	-7.491506697632202214e-04	-3.299840842255426275e-04	-1.825455243085112068e-03	-4.319453699744795860e-04	-7.557256828519872544e-10	1.172763363433126753e-03	6.278069299249476598e-04	-3.031401411429478351e-04	-7.955744323699522969e-04	-1.650079632294260395e-03	-5.238483896963528133e-04	-1.207729329024348399e-03	-1.837925490803633214e-04	6.030570317917427915e-04	-4.179260215685742612e-05	1.533716734081213857e-03	1.476657479396623833e-04	-4.295171647183224518e-04	-1.215191180995507225e-03	-1.063315270016906193e-03	-5.297916672599462407e-04	3.097179776804951344e-03	-4.855227686843609594e-04	2.922939308439384543e-03	1.170961997763577365e-03	0.000000000000000000e+00	-1.777212230461160699e-04	-5.177044444918494845e-04	-4.119048751088959844e-04	1.626299179687621440e-03	2.327925622431208249e-04	-9.755104731695625215e-04	-1.667545003557706199e-04	9.898298699291118320e-04	5.979848147855927002e-04	2.892843702649963364e-03	1.481317452797912670e-03	-1.629409077324413865e-03
-4.851753276778464477e-05	-1.401060612360708235e-04	-1.304281982166854075e-05	6.148168236702417566e-05	4.175381492108194129e-05	-4.996583527713036705e-05	-1.710854193626271634e-04	-9.664740729404183435e-05	8.246170568655780925e-05	1.987456533271575194e-04	1.351166693713234100e-04	-2.284133605912888805e-04	-5.641887572826751796e-05	-1.680305354422666989e-04	-4.092631161122108714e-05	2.435647952068919131e-04	-1.682734435076771776e-04	8.373079880064090790e-05	2.836872618871520295e-05	-1.554018093026859003e-04	-6.860723428527927602e-05	-6.893144545148814954e-05	-6.034167019480875846e-05	7.690439504226744699e-05	-2.304632597274230800e-05	-3.014586405299568057e-06	-1.195524456126518501e-04	7.640964587709138606e-05	-1.666841176951752799e-04	1.185651165608376292e-05	1.837828114961625407e-04	1.268371553450518233e-04	-9.951575979662307704e-05	-1.367743266937247412e-04	-1.580252281712706745e-04	1.233406466592633835e-05	-9.977750322414296940e-05	-3.298163361847194141e-05	5.701013029857037958e-11	-3.920720645489869470e-08	-5.331147603334150762e-06	-1.605187598082639510e-04	-9.898767099168591247e-05	2.669175345342844900e-04	-4.155808677618298426e-05	8.520942872816798807e-05	1.467859683838078464e-04	-2.403825260895550475e-05	4.894228273854903794e-05	-2.400841292947682789e-04	-6.220154162089595634e-05	1.777212230461160699e-04	0.000000000000000000e+00	-9.035981859054623882e-05	-2.997579076722732360e-05	-6.467189557354416178e-05	6.682762308800431754e-05	2.655985140658152256e-04	1.543775382492441959e-04	-1.070236161234325008e-04	1.187173853972848408e-04	1.669716249824768203e-04	9.912094843016883280e-05	1.211510715535780373e-04
-8.912550417262410374e-04	5.525612337609335945e-04	7.760673070911344989e-04	4.111517431792135980e-04	6.275662243059004341e-04	-3.831388603989764477e-05	-4.630011162645668700e-04	-1.030038271050565124e-04	8.249826162176684009e-04	-3.717054128968797248e-04	-8.673844800485982186e-04	-5.540110050007291791e-05	-8.934761953144433654e-04	7.299978509935449705e-04	1.520987525196916025e-03	-7.913032600991788310e-05	7.212174694512170662e-04	-8.801671415018270245e-04	-1.705849353914253973e-03	-3.415033043069307279e-04	-6.502213941505094116e-04	-5.176076075463674150e-05	3.271145327175878012e-04	-1.265218669319058647e-04	3.866983479382873836e-04	1.884866226039892223e-04	-1.163034757382156278e-04	-1.371658064021144823e-04	-1.032689129064577431e-03	7.257383019649690033e-05	5.297908656481971476e-04	6.015864342506106049e-04	3.703920930439063338e-04	-8.889250459785664853e-04	-7.150404930275694113e-04	-1.018516539760708477e-03	-2.508841356866648581e-04	-7.550249049712704202e-04	-1.467907141917666216e-04	-8.167760543975786870e-05	-6.704950671352217628e-05	9.924677700352468532e-04	2.499659254937704298e-04	8.278785013863344594e-05	-5.261092196948359730e-04	3.324340443613710717e-05	-2.711518709987731260e-10	1.317939960007230137e-03	-4.820498057504240836e-04	1.518324691731863345e-03	6.244133702245634491e-04	5.177044444918494845e-04	9.035981859054623882e-05	0.000000000000000000e+00	-1.777867314441489372e-04	4.512968544811425372e-04	2.219418392210376555e-04	-1.276621772330619245e-04	-1.227076805917579755e-04	3.115468423207438638e-04	-9.917988431837444850e-05	1.255923169859692002e-03	7.023973627573237496e-04	6.146843233240158340e-05
-3.580172018800523051e-04	1.011086071611363719e-04	-9.799454606674757608e-05	1.805241048647143460e-04	1.340596884935253870e-04	-1.286810746784239435e-05	-1.759563947942905282e-04	-1.777941385820489521e-05	1.011106445710141706e-04	2.450238530538581311e-05	-2.192932375845231161e-04	-2.078384012914591259e-05	-5.844085589666351502e-04	8.421567891759771090e-05	1.146467423162429386e-04	2.477147118039374138e-04	-9.799547459474991940e-05	-2.192934382299328269e-04	-5.651740304340230250e-04	6.050962517432140924e-05	-2.833354689469057318e-04	-2.250098258156772005e-05	-1.079158792076077996e-04	-9.851114935317913568e-06	1.805241781765957055e-04	-2.078206701781569330e-05	6.051013058067949047e-05	3.339094759052604216e-05	-1.293102710858587781e-04	2.452722060716044884e-04	4.119049966358416092e-04	-1.198373638006139808e-04	1.340580019795910749e-04	-5.844085896935059593e-04	-2.833355668550051115e-04	-1.293084263291187797e-04	-1.321422978393857496e-06	-7.682474205421394205e-05	2.997405927072984566e-05	-3.079157926829965215e-04	-1.286809743496344438e-05	8.421760941110012543e-05	-2.249905890325030160e-05	2.452721672243591894e-04	-7.682279746139492396e-05	4.286903985600249529e-04	1.777866268246994675e-04	-1.603151120623090976e-04	-1.759563610762573884e-04	1.146485650979307879e-04	-1.079122975375694992e-04	4.119048751088959844e-04	2.997579076722732360e-05	1.777867314441489372e-04	0.000000000000000000e+00	-1.270252604982428338e-04	-1.777750490130861088e-05	2.477152314649760066e-04	-9.850864654506257082e-06	-1.198410068392451058e-04	-3.079159881966304500e-04	-1.603159956047042962e-04	-1.270246905693687739e-04	6.318983560866445323e-04
1.441481243441979782e-03	-1.653341326338799732e-06	1.402751706132415941e-05	-7.584974663859911457e-04	-4.943932865182698382e-05	1.266449335080626010e-04	8.922317449495383111e-04	1.613591372150096839e-05	-2.375063254552975444e-04	-1.760513350399110560e-04	-3.319195822316671534e-05	1.445952148840242508e-04	2.744899281880386300e-04	-2.168476478816029596e-04	-3.373035548986027675e-04	-1.751853577435262196e-04	2.729632927548092001e-04	-6.478668612954350723e-06	8.062737084501588177e-05	-1.874686756942553370e-04	1.598666561892271045e-04	-1.547514049814972402e-04	-4.054566036084320923e-05	-2.365563340835923366e-05	-5.652123877478354083e-04	1.589801881240350393e-04	3.004132283275550222e-04	-1.263073842081419542e-04	3.648879175875317728e-04	-7.389492702344067129e-04	-1.481300765400327818e-03	-3.585055588908478104e-05	-1.978171144004724395e-05	4.965725934588825427e-04	1.333588919939554843e-04	-1.325432680878877128e-04	6.494592269336988937e-06	-3.754869279871170978e-05	-9.912083512459690378e-05	2.648964500480135379e-04	1.420138314571614188e-04	2.663354394310142852e-04	2.535280273685192780e-04	-1.065382101455007290e-03	2.523850654006453385e-04	-1.367509082036135522e-03	-7.023900760084783763e-04	-8.644961433882645846e-05	7.997546416007974071e-04	2.525935228761632236e-04	2.063759622640471596e-04	-1.626299179687621440e-03	6.467189557354416178e-05	-4.512968544811425372e-04	1.270252604982428338e-04	0.000000000000000000e+00	-1.143980745027968200e-04	-5.421062440043951294e-04	-1.842824394358784411e-04	2.446855262187064327e-04	8.518388319356103792e-06	-1.414736730763585157e-04	-8.176628587702489560e-10	-4.176771665812730600e-04
5.106441775442135825e-05	-1.486230856834080038e-04	1.600268375122803548e-04	5.694936302297810588e-05	-1.145281672537149453e-04	-2.656664836378723082e-06	-7.572262394197640812e-06	8.649168479270578566e-11	-1.548261775793598045e-05	-1.728918520238967977e-04	-2.187602691327592366e-04	9.892268221195845996e-05	-4.743449043419944349e-05	1.885877236335473865e-04	1.757200658090261750e-04	-1.473081451262854395e-04	-1.095664609241221977e-05	-2.469695510706623959e-04	-2.149847599657706931e-04	2.019389498398641816e-04	6.432969174814348080e-05	1.957557660862041158e-04	1.803563329370965179e-04	-1.994960037113245848e-04	-7.900545347318327285e-05	1.652900068552643062e-04	-5.466086223793896790e-05	-1.028486702175295209e-04	-6.475928602968116630e-07	-2.571918578033137708e-04	-2.104218405904708159e-04	1.625341206797928590e-04	2.280738429847450103e-06	-1.529781056972535057e-04	-3.400005586358915846e-05	2.172755316096862399e-04	9.785648198942052266e-05	2.107104107228620728e-04	9.664739529486083441e-05	-2.972279538371594898e-04	5.710147766465289537e-05	-5.952045772029740720e-05	6.174301920276630467e-06	-8.406820603040429402e-05	1.094574901658211595e-04	-1.372441176504082577e-04	1.029983238985916419e-04	-2.023335643595016657e-04	1.401567892781432813e-04	2.058568943131608008e-05	1.125496977177871063e-04	-2.327925622431208249e-04	-6.682762308800431754e-05	-2.219418392210376555e-04	1.777750490130861088e-05	1.143980745027968200e-04	0.000000000000000000e+00	-1.220985423757722874e-04	-1.205902668214072903e-04	5.228494761289830906e-06	-1.236675364904529675e-04	-1.128532812030161458e-05	-1.613602980057712237e-05	1.102087241982008101e-04
-1.807802509842375630e-03	2.369845911211914172e-04	4.754399500484275958e-04	9.316924753454813163e-04	4.607024159907005263e-05	2.627917949467939099e-05	-8.245351995777546513e-04	1.473131569384288769e-04	1.837360964430227749e-04	1.575567136858616502e-04	4.135303478717945822e-04	-2.121635626513756264e-04	4.531067282092084234e-04	-2.465461084114437429e-05	-8.463142202933985692e-05	-2.092741515002997888e-10	-4.507042952006797779e-05	4.162462278940092181e-04	8.795418453500486022e-04	-2.889194733873998123e-04	4.472570539049536926e-04	-2.282986700256089312e-04	-3.429712224145256734e-04	-1.245193773047726624e-06	9.999549122021067667e-04	-1.993571769771686740e-04	-6.064106197917785990e-04	-4.378166272053987261e-04	-7.248977777229051282e-04	-2.864935002608775459e-05	9.824487927005552852e-04	2.414417251783437064e-04	6.403864079655114208e-05	4.352553213698176450e-04	4.237415738720862928e-04	-5.443707129088139803e-04	2.077840416389917623e-04	-4.779623822048102971e-04	-2.435618011987151143e-04	-3.570508098521766850e-05	3.708484967824487663e-05	3.792542008116173055e-05	-2.235365255261507361e-04	-1.601786679859320813e-05	-5.086659349515111183e-04	2.733773001132889244e-05	7.913114365940281288e-05	8.530590466410696744e-04	-8.098639790994513303e-04	1.837453812410487096e-04	-2.765238764533262106e-05	9.755104731695625215e-04	-2.655985140658152256e-04	1.276621772330619245e-04	-2.477152314649760066e-04	5.421062440043951294e-04	1.220985423757722874e-04	0.000000000000000000e+00	1.337544905648616891e-05	-8.474658215971381876e-05	-1.066835916319039987e-06	2.841908645677312917e-04	1.751856697439749711e-04	2.393557195014246004e-05
-1.639121132128266989e-04	2.329997370257086214e-04	7.096296698835886821e-05	5.292352665909772912e-05	-1.397033377557393389e-04	-1.954875458452999903e-05	-1.338234180649739249e-04	1.994970442061565620e-04	1.460302010922950606e-04	1.919419772357642992e-05	3.286635412810998103e-05	-1.267466986718410399e-04	1.009497924951342936e-05	-6.231591313630961020e-05	-4.190295083859387501e-05	1.245013411038886000e-06	3.770623683840411681e-06	4.501074720305498796e-05	4.279963294672390402e-05	-5.951115277369422826e-05	1.046887504654575026e-05	-9.954972152973409088e-05	-1.219193416626824627e-04	2.464115111088121250e-11	6.557002602395603161e-05	-2.016903258800163603e-04	-1.843653813268975223e-04	-1.107142346364077670e-05	-3.942653887408443180e-06	6.499822245848956687e-05	1.765066462402534696e-04	-1.812387389694021782e-04	-5.548460290328968345e-05	6.551369250258304939e-06	2.598299646844287666e-06	3.792752269598080876e-05	1.548751501209829159e-05	-1.196868383743230951e-04	-7.690328206215972648e-05	-3.633193676879118783e-05	-1.073980584207899247e-05	-1.159677393327790765e-04	-1.480849921265583579e-04	6.545075327209777907e-05	-1.796286554043324314e-04	1.786011255263207761e-04	1.265226354691840072e-04	5.391835284498662137e-05	-1.176102417748546472e-04	6.443360902480167068e-05	-1.161002804003698913e-04	1.667545003557706199e-04	-1.543775382492441959e-04	1.227076805917579755e-04	9.850864654506257082e-06	1.842824394358784411e-04	1.205902668214072903e-04	-1.337544905648616891e-05	0.000000000000000000e+00	-1.599019432077844450e-04	-1.457986904465532725e-05	-1.924610176334111625e-05	2.365216708917018738e-05	1.762956383940878695e-05
1.344620957633824165e-03	-8.248814039907668977e-06	-9.469528777301727601e-05	-6.159083382801938678e-04	2.289789467012286292e-04	1.006324195457371354e-04	8.203995262257837359e-04	-1.625346995136597915e-04	2.879306073358566171e-05	1.643026926394413668e-04	3.515257127058755374e-04	-2.814141543611549138e-05	5.391780562439365578e-04	-1.046124301845320875e-04	-9.858129042771496882e-05	-2.414537550649185828e-04	7.793019976898983732e-05	3.995135806435720638e-04	4.731464787083309231e-04	-1.213258124702340025e-04	-1.796297259473452845e-05	-1.464527637641146833e-04	-1.477529714297703555e-04	1.812389223311621444e-04	-6.544047175588670658e-04	-1.495311945961443761e-04	-6.681587144376693660e-05	5.355438437638264729e-05	-1.536196373477654599e-04	-4.965931733945938564e-04	-1.172757461837231185e-03	9.161852173977978677e-10	-1.881053172915341201e-05	5.520672292245445631e-04	2.394198271166031737e-04	-1.280493335713592078e-04	-1.846491466656163382e-04	-1.869916266319275122e-04	-1.268373111958199053e-04	5.573686048869416765e-04	-2.599178416465964771e-05	-7.749665335619431968e-05	-1.188995449176560160e-04	-5.591473346064973135e-04	-1.812723662748936702e-04	-1.080536671106820286e-03	-6.015821535102826387e-04	2.954641390280090510e-04	5.935913521543448312e-04	-3.538797732490186121e-04	-1.854679739404812742e-04	-9.898298699291118320e-04	1.070236161234325008e-04	-3.115468423207438638e-04	1.198410068392451058e-04	-2.446855262187064327e-04	-5.228494761289830906e-06	8.474658215971381876e-05	1.599019432077844450e-04	0.000000000000000000e+00	4.376605836107329631e-04	-1.831316586117478270e-05	3.585078328419158086e-05	-6.161682816225790438e-04
1.457010706103725088e-03	3.948325654769404636e-04	-9.492563477018794071e-05	-7.700123064719910544e-04	-2.481201002424039529e-04	-1.050749730457452736e-04	6.393546551134188802e-04	2.972229810869543337e-04	-4.770882655520467658e-05	-1.538266273231708682e-04	-3.666314927146274195e-04	-6.404446831989371440e-05	-4.089095069273125703e-04	-3.074223913481429231e-04	-3.944278454202240986e-04	3.570482402061723906e-05	-2.674237770651840401e-04	-3.679586367754595537e-04	-7.785885633777008073e-04	2.825768616549484413e-04	-3.761070045106828250e-04	-3.935355321589435989e-05	-1.674836464712877522e-04	3.633241288675636400e-05	-7.619654025777877022e-04	-2.064414453218219232e-04	1.077120310435673899e-04	3.795493027311613952e-04	4.359335585265253785e-04	2.715905980906463380e-04	-6.030566264775196351e-04	-5.573563232156464754e-04	-3.512519083962235464e-04	-4.425970749990092048e-04	-3.845084423037025464e-04	9.231228696410106408e-04	-1.362779696611396548e-04	3.206027761058801015e-04	3.562958135653286748e-08	9.761872889354171468e-10	-1.009757419793709169e-04	-1.415445025973001078e-04	-1.326520716453663735e-04	2.196013754340289583e-04	-3.426921278827068024e-05	3.598861673865581898e-04	8.167764302857322980e-05	-4.590432737992273388e-04	6.003201249276628312e-04	2.535504867915896327e-04	-1.767990343168648871e-04	-5.979848147855927002e-04	-1.187173853972848408e-04	9.917988431837444850e-05	3.079159881966304500e-04	-8.518388319356103792e-06	1.236675364904529675e-04	1.066835916319039987e-06	1.457986904465532725e-05	-4.376605836107329631e-04	0.000000000000000000e+00	-6.409033157984017105e-04	-2.648989152138359884e-04	4.628992485965059168e-06
2.999305823939997680e-03	1.358853018200806241e-04	2.034455132812475572e-05	-1.386620848266465183e-03	-3.271452463777701136e-04	1.448585330508935063e-04	1.712243720852348310e-03	2.023330951620619215e-04	-5.700677040695439337e-05	-4.552453564115137421e-05	3.967339589486030041e-04	5.948445146474454405e-05	1.066321702023722857e-03	7.271909970308281868e-05	1.711293655379696654e-04	-8.530659230394619947e-04	-7.759810784359853775e-05	4.437732368150477773e-04	8.386377666269309236e-04	9.290196458724900698e-05	2.311712942263134110e-04	1.111823117472822658e-04	1.644961338313893082e-04	-5.391749038382120224e-05	-1.433253419570850720e-03	-1.846687355987657389e-04	-9.368515974764535042e-05	-6.619150569343249923e-05	4.859489971502365031e-04	-1.562760479479231770e-03	-3.097177445774959050e-03	-2.954622320806910615e-04	-1.564128463033070081e-04	9.386034292703214228e-04	6.522106972153879269e-04	2.419719327050622233e-04	-3.891702731973411492e-05	1.696737915374499643e-04	2.403852663023323279e-05	4.590508461831784492e-04	1.186809351744172973e-04	-2.629061228354383608e-04	-1.496618214213988522e-04	-1.538367115192949483e-03	-2.885537665517035147e-05	-2.730742651496250589e-03	-1.317937001632593294e-03	3.138031724700549348e-10	1.627871056553462786e-03	-2.761945690954339234e-04	-2.178187740282917046e-04	-2.892843702649963364e-03	-1.669716249824768203e-04	-1.255923169859692002e-03	1.603159956047042962e-04	1.414736730763585157e-04	1.128532812030161458e-05	-2.841908645677312917e-04	1.924610176334111625e-05	1.831316586117478270e-05	6.409033157984017105e-04	0.000000000000000000e+00	8.644895414748257753e-05	-1.214930783956116520e-03
1.441496889588155753e-03	-2.375058175972698856e-04	2.729638840322336831e-04	-5.652194782924328375e-04	-1.978239611791905944e-05	1.420141911634419411e-04	7.997626414782636056e-04	-1.143979630919340256e-04	-1.652627763338379585e-06	-1.760530193673321905e-04	-6.476959853408642515e-06	1.589800765583297974e-04	4.965751411621755580e-04	2.663359635333728027e-04	2.525941865704949213e-04	-5.421068557128750059e-04	1.402830375240887642e-05	-3.319022526567286767e-05	8.062902373821173065e-05	3.004131255277291872e-04	1.333588829390418458e-04	2.535280747833558749e-04	2.063762202324731856e-04	-1.842793066134768790e-04	-7.585058647905165707e-04	1.445954057809184631e-04	-1.874684802692077191e-04	-1.263066295189546715e-04	-1.325419034661990878e-04	-1.065388958932399644e-03	-1.626317225965294173e-03	2.446860292109304764e-04	-4.943918505751642876e-05	2.744928127835581633e-04	1.598672084310589310e-04	3.648880047535001721e-04	6.496000561109193516e-06	2.523847692341445637e-04	6.467179862782652705e-05	8.519905395869716206e-06	1.266445999094316225e-04	-2.168466388022881699e-04	-1.547510114337827497e-04	-7.389562102797114264e-04	-3.754805807020868971e-05	-1.367523821057542964e-03	-4.513045552658579524e-04	-1.414723132346051545e-04	8.922383134830248622e-04	-3.373002698298470641e-04	-4.054397426913049457e-05	-1.481317452797912670e-03	-9.912094843016883280e-05	-7.023973627573237496e-04	1.270246905693687739e-04	8.176628587702489560e-10	1.613602980057712237e-05	-1.751856697439749711e-04	-2.365216708917018738e-05	-3.585078328419158086e-05	2.648989152138359884e-04	-8.644895414748257753e-05	0.000000000000000000e+00	-4.176790304826786746e-04
-3.468597860843231247e-03	5.906198903804244643e-05	4.146864938950625907e-04	1.820781769053850599e-03	5.220497926256631449e-04	1.183799506082943104e-04	-1.552348188189197351e-03	-1.101975821227359355e-04	5.904819506651912489e-05	3.360517350281241660e-04	8.593328462196546565e-04	-6.965594367529652519e-06	9.657660814561786714e-04	3.697215028939256597e-04	1.542352046213544907e-04	-2.393626588108668118e-05	4.146920896212135331e-04	8.593320118662681455e-04	1.829224708674249879e-03	-5.912956328933559238e-04	9.048089566556756849e-04	-1.291108619149655494e-04	-2.469493086575080506e-05	-1.763034794244046989e-05	1.820782742209698822e-03	-6.978094903030753208e-06	-5.912974039927428645e-04	-8.729819847588630999e-04	-1.471529417244866328e-03	-3.137549852522010779e-04	1.629412062087175900e-03	6.161417746732859770e-04	5.220574505636079408e-04	9.657632165292447460e-04	9.048081555654645912e-04	-1.471539168835207106e-03	3.716507656138992718e-04	-7.012186574112621272e-04	-1.211417403596898123e-04	-4.631031303109437450e-06	1.183816793524581897e-04	3.697102177752588544e-04	-1.291218016123705571e-04	-3.137577907759567719e-04	-7.012296851992842923e-04	-4.689238613012123138e-04	-6.146646355807258081e-05	1.214916687022725948e-03	-1.552346472843954550e-03	1.542248905038320840e-04	-2.471702779966440628e-05	1.629409077324413865e-03	-1.211510715535780373e-04	-6.146843233240158340e-05	-6.318983560866445323e-04	4.176771665812730600e-04	-1.102087241982008101e-04	-2.393557195014246004e-05	-1.762956383940878695e-05	6.161682816225790438e-04	-4.628992485965059168e-06	1.214930783956116520e-03	4.176790304826786746e-04	0.000000000000000000e+00
