0.000000000000000000e+00	2.308473001771995867e-03	7.626846432967550760e-04	-5.525702885308785006e-05	-2.442859352874394117e-03	-1.085585893266370508e-04	-2.784992970629824802e-04	1.671259530371112505e-03	2.308467795327955215e-03	-2.371343105184208822e-04	-9.826706968730576815e-04	-2.766513603530255136e-04	-2.335811074263908528e-03	2.019438218354631387e-03	7.561761162904313480e-03	4.056142666739078872e-04	7.626790188190506409e-04	-9.826766441186594869e-04	-9.801126888490416071e-04	9.768448471700321920e-04	-8.160092492996863902e-04	1.030745131047334021e-03	2.390060509764335185e-03	-5.908739091190084330e-05	-5.524981613429201657e-05	-2.766581712758446284e-04	9.768357660305559444e-04	4.700447025898025545e-04	6.354045068505639535e-03	9.881929342651766569e-04	8.831608443238432842e-04	-1.774432066290697590e-03	-2.442852588447860449e-03	-2.335827036096922715e-03	-8.160151178729850401e-04	6.354039903916849918e-03	-8.503518968941286042e-05	1.991609807238695247e-03	-3.545083271801360804e-04	-5.340766498313179612e-04	-1.085531960091597789e-04	2.019429340426222470e-03	1.030744058659275892e-03	9.881838301848725695e-04	1.991616149544125653e-03	2.004482416947700896e-03	7.265865994491640121e-04	1.236220075336072781e-03	-2.784928864508293286e-04	7.561763566338062376e-03	2.390065076218247236e-03	8.831447166058801991e-04	-3.545085942619097697e-04	7.265813478344709852e-04	3.931616892572278974e-05	3.509509640745213030e-03	1.671252733190158133e-03	4.056209859896238597e-04	-5.908295970520495552e-05	-1.774426269450938513e-03	-5.340709232815386669e-04	1.236226463403936309e-03	3.509503412713371046e-03	-2.309510834083597190e-04
-2.308473001771995867e-03	0.000000000000000000e+00	-1.178673066140315971e-04	1.172666550550924888e-03	-9.787015738813749908e-05	-4.321444680138836984e-04	-1.211435095317836162e-03	2.620239170855276443e-05	-2.451047387683126955e-10	4.167839005763554570e-04	1.704507627551768868e-03	-2.240691717476986085e-04	3.031581435101188791e-03	-5.324003484653097064e-04	-2.048734462520188462e-04	-1.544006932107862577e-04	-3.405861919341556161e-04	1.369028401329127481e-03	2.922977195879659928e-03	-7.990600718442848445e-05	1.427871007068698753e-03	-2.233362049660444939e-04	-2.869558496883751943e-04	2.703453810927403328e-04	1.559656552775370159e-03	1.184120973759230164e-05	2.417161315919310921e-04	-1.103575634183474185e-04	4.188013411911401776e-04	1.843276848428384218e-03	2.896120365020044430e-03	-1.738221438219164704e-04	-5.080168285480437824e-04	2.478604408901516516e-03	2.055109411481097735e-03	6.414682600972983185e-05	3.840551647048626041e-04	-1.060464237431259227e-04	-2.151368942355115618e-04	8.703803084349442769e-04	5.800706674769404939e-04	5.297931194906417747e-05	1.734909499034526566e-04	6.463668719666965448e-04	2.906382386796160745e-04	1.890611585445982649e-03	1.551292722494040412e-03	-1.677423328337365857e-04	2.469347713839023148e-04	-7.462249148379573719e-05	8.045926614519996424e-05	1.722296463642942078e-03	1.186959290796971834e-04	6.324344567984710886e-04	5.043169412290876043e-04	-1.521175604518218405e-04	1.625345850485333408e-04	-1.091354784990257150e-03	-1.699797028518724534e-05	-2.320024869647348991e-04	1.509351439682490642e-03	-2.526366138644914501e-04	1.279947350665551313e-08	-2.233733944204011751e-03
-7.626846432967550760e-04	1.178673066140315971e-04	0.000000000000000000e+00	3.561767513643237723e-04	-1.673708488103848452e-04	6.862553384059366635e-05	-1.293117689384130876e-04	1.410443226666970723e-04	3.405848012185938621e-04	-1.457746903522254083e-04	4.190632410269481273e-03	-3.273930920410154217e-04	9.395677035931040977e-03	-3.093199483671521272e-04	5.418796145179190747e-05	-4.417064895745101416e-03	1.602072423142098141e-09	3.400588513201596198e-03	8.027856560141672509e-03	-4.535439113954947091e-04	4.226678141619409981e-03	-3.845263952413458886e-04	-3.987667127233365631e-04	-2.749976254869538131e-04	3.590519781275584832e-04	-1.014243241659375792e-04	-6.578466330016600572e-05	-4.912799393785910376e-04	6.219954033790425405e-05	-9.751036370782225921e-04	-2.532590503230868254e-04	-2.292201749663577855e-04	-2.475688341233894850e-04	6.918717081786646475e-03	3.108977666212786074e-03	-4.317721447112682766e-04	-1.969241153581466602e-04	-5.711426754644909412e-04	-3.863442027015530247e-04	3.640616137142183191e-03	1.471023633050371794e-04	-9.803649474506443686e-06	-7.433302298316453330e-05	-9.797312094810498723e-04	-1.448270135018255402e-04	-2.544626888216020184e-03	-5.244538538193996508e-04	-2.451992985124981758e-05	-7.243702837220994764e-05	-4.507695095762134400e-05	-1.079587321404949167e-04	-1.711047663471343178e-04	-1.142999019884414547e-04	-6.659296381717582768e-04	-1.084451759262775294e-04	2.694657838099924518e-05	3.039531977612426931e-04	-3.955012014159233619e-03	3.572556374244966566e-04	-2.140379341789677540e-04	4.767872632889956844e-03	2.236382459837997516e-04	4.546403597784573762e-04	-9.233514819856875055e-03
5.525702885308785006e-05	-1.172666550550924888e-03	-3.561767513643237723e-04	0.000000000000000000e+00	1.071607522145187792e-03	4.623902067639832638e-05	1.625685143024960776e-04	-7.437334264291189066e-04	-1.559656888045639605e-03	1.695966859309733102e-04	1.859264779307302784e-04	1.029174388629163026e-03	4.932862182051734462e-04	6.013135556784498896e-04	-3.449276459208652258e-03	1.376451728470471281e-04	-3.590564993129679921e-04	1.984230072118726811e-04	-1.518384528865284150e-04	7.152804325205703532e-04	9.970834581167430078e-05	3.288988896172828288e-04	-6.936789673842117801e-04	-1.455870247939295239e-05	-3.483763925467053867e-09	1.700686709927249772e-04	-7.235496902815716832e-04	-2.211974415713597892e-04	-3.527726245655328670e-03	-5.311809683084965563e-04	-5.570096141169940396e-04	1.079174609539787152e-03	2.258185898513507314e-03	5.028845534206706101e-04	3.594354615554437842e-05	-3.342480488791728550e-03	-2.456496335523419827e-05	-7.765007995072703475e-04	8.306738868952893940e-04	-5.913458869579883486e-05	6.734500255815145794e-05	-8.900714786982434623e-04	-7.390476743302611725e-04	-4.883040968424832030e-04	-1.634134927432154272e-03	-1.050435113852650135e-03	-3.993012727312679803e-04	4.292293734722279629e-05	1.383254033367910100e-04	-3.424409368530602522e-03	-1.188602454783044965e-03	-4.483500711994021430e-04	-9.702930412271732071e-05	-3.878120469276055389e-04	-4.606356577378042819e-05	-1.289369421584305071e-03	-1.616780737422534014e-03	1.103099641843206043e-04	2.497773438126981709e-06	1.545610795143729718e-03	-3.602724499386026746e-05	-2.499608364069911241e-05	-2.804491377954673736e-03	8.113712962096827257e-04
2.442859352874394117e-03	9.787015738813749908e-05	1.673708488103848452e-04	-1.071607522145187792e-03	0.000000000000000000e+00	4.633286814346496401e-04	1.498026407880544836e-03	4.076224335196950311e-05	5.080141611702043442e-04	-5.618100294640625270e-04	1.070937633641169667e-04	-1.815682720329993781e-04	2.951558089994822318e-03	-4.720583146418442892e-05	1.381306809748392150e-04	-1.904693389282207869e-03	2.475711844025015474e-04	9.747280921604300130e-04	2.415457002707965123e-03	-3.285793195435148168e-04	1.464387073284229533e-03	-2.742378602769209722e-04	-1.398046375056453787e-04	-8.546229359628975222e-05	-2.258193323740407231e-03	-1.558049408676114695e-04	-2.819232875283113858e-04	5.469979315218319955e-05	-2.382314402299505192e-04	-1.956442992879212084e-03	-3.519039415679355368e-03	4.170703903599919061e-05	1.329138846018965278e-09	2.340344589548932520e-03	8.207089042530837236e-04	-4.525569164044521684e-04	-5.015363611784950069e-04	-6.641462514431033248e-04	-2.585537880080786190e-04	2.218243527850718814e-03	-4.229953474248832534e-04	-1.901061036320851713e-04	-1.839752333433331401e-04	-1.592286669293519526e-03	-2.161549108213378710e-04	-3.517852314408796439e-03	-1.698843787808409665e-03	1.943638097125317474e-04	9.241208352927763074e-04	-8.002459533821873710e-05	-4.192508909941900755e-05	-2.392828977675512218e-03	-8.713303168985505264e-05	-3.339404740404909610e-04	2.260705601348920101e-04	1.025548863306731157e-04	1.942524817409443190e-04	-1.865828735762283495e-03	-4.025884516474774488e-04	9.968545785653719425e-05	1.707188960522081252e-03	4.184965041412232059e-04	3.347159923521549540e-04	-3.937440143011594271e-03
1.085585893266370508e-04	4.321444680138836984e-04	-6.862553384059366635e-05	-4.623902067639832638e-05	-4.633286814346496401e-04	0.000000000000000000e+00	3.590343982619681007e-05	4.691132572506814835e-04	-5.800740520694354363e-04	1.061558709469367793e-04	5.261393402384368018e-06	3.416703974677162648e-04	-6.716910658708410932e-05	5.708281116505374521e-04	1.755240676053962249e-06	6.987259552637992989e-05	-1.471065637300481401e-04	7.393641053591144696e-06	-7.073017931891282259e-05	5.633009990351990539e-04	-8.090967977086849488e-05	5.236898240085632395e-04	4.961890811643089594e-04	-1.149164783279048004e-06	-6.734769723897341635e-05	-4.886947447067929978e-04	-4.571209779585258884e-04	1.943874763789448439e-05	-4.904424772845411042e-05	-4.562148625626758733e-05	-6.822551045721712273e-05	-5.182934245429524078e-04	4.229931719487667286e-04	-8.127042697604012220e-05	-1.149175902469421677e-04	2.453712474416012317e-05	-1.277278406196659497e-04	4.664739225283631805e-04	5.676049306191533351e-04	-9.589056411203341035e-06	-2.169015272905226895e-11	-2.859842888402230930e-04	-4.886417084473538945e-04	-1.186263318858877963e-05	-6.279684216864479286e-04	-5.249317253762881077e-05	-1.729138482638716771e-06	1.314840790144873530e-04	2.186249632780744117e-05	1.467690885681108975e-04	-4.228644650474857724e-04	-3.256828895577536741e-05	-3.047840210752710867e-04	-3.546538696307607072e-05	-2.587587500345044359e-06	4.700905907172355912e-04	-5.706205423680462893e-04	7.118577396832770430e-05	1.385407603776124487e-05	4.608222162210600997e-04	1.737523047368527761e-05	7.622129993999277910e-08	-6.577485962982750718e-04	7.884774555593456109e-05
2.784992970629824802e-04	1.211435095317836162e-03	1.293117689384130876e-04	-1.625685143024960776e-04	-1.498026407880544836e-03	-3.590343982619681007e-05	0.000000000000000000e+00	9.958608636256374713e-04	-2.469400784936382561e-04	-8.123793673597514602e-05	-2.504440655006895107e-04	6.545828386159866733e-04	-6.412002050459742050e-04	1.307297269096709125e-03	3.539939920070270599e-03	-4.738336141261244674e-05	7.243063206272053146e-05	-2.408079982469775383e-04	2.789699417089547447e-05	1.026951170638035508e-03	-1.799909590263701613e-04	1.215238012278883201e-03	2.216716020535903359e-03	-7.253411150295340274e-05	-1.383242734791346280e-04	-8.078582653258734709e-05	5.753046387004655694e-04	2.744842222142971711e-04	3.320653779331867936e-03	3.814094809676207452e-04	2.005896792860430643e-04	-1.122638760478442826e-03	-9.241192987300018286e-04	-6.523449733744485484e-04	-1.848890291622731666e-04	3.250134684593922359e-03	-9.802672879405989069e-05	2.069373349674279768e-03	4.649121974583173261e-04	-4.690543646891095304e-05	-2.185952343999772825e-05	1.257110667752966721e-03	4.723900666639256228e-04	4.276137917875347076e-04	8.294089843543005561e-04	8.346089563504887395e-04	2.705561411586661661e-04	4.735713755570519247e-04	3.209041283841907594e-09	3.775104423014770394e-03	9.545486147188601746e-04	2.611504002478404912e-04	-3.372121368320314195e-04	2.771199770347305058e-04	2.323373993880230011e-05	1.779684315221600251e-03	-1.671978905766973540e-05	-6.539290910732557956e-05	-7.468028949203907459e-05	2.629370744102587504e-04	1.914208229956141294e-06	2.781823020515449365e-04	1.168714179968680968e-03	-6.682830613668053936e-04
-1.671259530371112505e-03	-2.620239170855276443e-05	-1.410443226666970723e-04	7.437334264291189066e-04	-4.076224335196950311e-05	-4.691132572506814835e-04	-9.958608636256374713e-04	0.000000000000000000e+00	-1.625332772296873645e-04	2.508394237044696100e-04	7.079583164727694996e-04	-3.149996875454459888e-05	-2.476920486583667641e-05	-1.625314249336894112e-04	-1.638872310218164076e-04	8.240422026882586286e-04	-3.039547113427344422e-04	1.302923448780055537e-04	2.424768079830432789e-04	1.980374962446313804e-04	-1.102141975723309715e-05	1.753660629100505425e-05	-1.642725803673709712e-04	2.922847972387514377e-04	1.616784921256079251e-03	9.301892039101147531e-05	2.860201700170657496e-04	-1.133045544796100381e-04	3.227766004142637590e-04	1.545731772006494163e-03	2.430310153669631469e-03	-1.047222385469290815e-04	-1.942549204106296709e-04	3.159783370886551010e-05	6.259028942541444880e-04	2.583572660832298513e-04	5.933513165259532256e-04	1.795212971065404651e-04	9.508656749809067904e-07	-7.109809298733241190e-04	5.706205089793245974e-04	1.589132422941853676e-04	1.946074135120508426e-04	6.468614115956527284e-04	2.512949924718327951e-04	1.881529770409257714e-03	1.212375195260096197e-03	-1.519274035300911211e-04	1.671660573072393153e-05	4.362150826576889043e-05	7.471508719587960476e-05	1.252409274619857571e-03	1.022446894525870411e-04	1.470988661497615261e-04	1.387116859526006229e-04	-1.143137336976616006e-04	9.158894327633212984e-10	2.820656181288965555e-04	2.739513375448360830e-04	-2.605145787950387997e-04	-1.837526256344797410e-04	-3.216095798277307407e-04	-2.290524249250456591e-04	8.217304233821629954e-04
-2.308467795327955215e-03	2.451047387683126955e-10	-3.405848012185938621e-04	1.559656888045639605e-03	-5.080141611702043442e-04	5.800740520694354363e-04	2.469400784936382561e-04	1.625332772296873645e-04	0.000000000000000000e+00	4.167847888518967951e-04	1.369027139410980464e-03	1.184008402774780824e-05	2.478599168417299371e-03	5.297770407945804347e-05	-7.462564143959559641e-05	-1.091350686094705834e-03	-1.178639783508135367e-04	1.704502442589958273e-03	2.922966916573790756e-03	2.417163535366457876e-04	2.055104716953959181e-03	1.734934850181555081e-04	8.046289950468409253e-05	-1.699732225314208557e-05	1.172661701441108512e-03	-2.240680883951525089e-04	-7.990333405307640331e-05	-1.103571963780189901e-04	6.414794332773705811e-05	6.463591953047913242e-04	1.722285120873527815e-03	-2.320024413136263005e-04	-9.786816035490644218e-05	3.031569214286922425e-03	1.427864739235818435e-03	4.188032764889014709e-04	3.840541010768981460e-04	2.906432908093599258e-04	1.186992834875828920e-04	1.509348139891625393e-03	-4.321450122361666598e-04	-5.323979095571520267e-04	-2.233348020828358315e-04	1.843275345210211450e-03	-1.060459813065602942e-04	1.890602829941035509e-03	6.324303894323806720e-04	-2.526358490093231005e-04	-1.211433202424176854e-03	-2.048699112364997695e-04	-2.869536632373874841e-04	2.896116938801252677e-03	-2.151354289686321333e-04	1.551290743186964968e-03	5.043169613637311227e-04	1.220617001924776974e-08	2.620186632195391742e-05	-1.543934229781982132e-04	2.703480137734891927e-04	-1.738249399677398144e-04	8.703788502319139472e-04	-1.677494513790123154e-04	-1.521220755105041314e-04	-2.233726079669306423e-03
2.371343105184208822e-04	-4.167839005763554570e-04	1.457746903522254083e-04	-1.695966859309733102e-04	5.618100294640625270e-04	-1.061558709469367793e-04	8.123793673597514602e-05	-2.508394237044696100e-04	-4.167847888518967951e-04	0.000000000000000000e+00	8.660456544774004903e-05	4.002402044110382837e-04	1.768664692748975296e-04	3.209207302131548999e-04	-1.347339106099093619e-04	-1.097852283446152364e-04	1.457717303037465106e-04	8.660486331760793976e-05	2.484460611406061814e-04	4.118972549015046791e-04	1.476880899824608944e-04	4.478407593209607308e-04	4.616239413532589419e-04	-3.222195014470117342e-05	-1.695971652752368923e-04	4.002398805216350304e-04	4.118965514637799429e-04	1.492455933745820797e-05	-6.745047674450330383e-05	-7.842550588799891329e-05	-2.502178125072082766e-04	3.357250254011950787e-04	5.618075299335875683e-04	1.768663798762808734e-04	1.476883941753546689e-04	-6.744728301842796815e-05	3.427744897247935629e-05	3.696171814277156601e-04	4.915673746262265702e-04	7.240157664900481889e-05	-1.061558468388794320e-04	3.209211373914847443e-04	4.478411092649502070e-04	-7.842499952065646110e-05	3.696160884683610749e-04	-2.090149029596559817e-04	-1.424234231770193882e-04	-1.534287450972635872e-04	8.123825344969449699e-05	-1.347326410921977579e-04	4.616247776170485494e-04	-2.502168436030590901e-04	4.915673750747945108e-04	-1.424233578140354014e-04	5.901980903346771331e-06	-4.796612170630709009e-04	-2.508386019513355919e-04	-1.097848162134846764e-04	-3.222233496842840598e-05	3.357237263445722814e-04	7.240106895868530623e-05	-1.534303086959261343e-04	-4.796617951223127591e-04	-2.146329870574268425e-04
9.826706968730576815e-04	-1.704507627551768868e-03	-4.190632410269481273e-03	-1.859264779307302784e-04	-1.070937633641169667e-04	-5.261393402384368018e-06	2.504440655006895107e-04	-7.079583164727694996e-04	-1.369027139410980464e-03	-8.660456544774004903e-05	0.000000000000000000e+00	8.088873194385328043e-04	5.234517045682191699e-05	1.001739166379421496e-03	-1.800975805809792551e-04	-1.867521807260973804e-04	-3.400595006639763572e-03	-3.083988809268419226e-09	-1.533117263049585280e-04	1.067565893609421189e-03	-1.299120766721661600e-04	-1.714459467634569623e-04	-1.152480747686985456e-03	6.891645547258608176e-05	-1.984217554669659520e-04	1.252437495427997146e-03	2.788537831052356059e-03	-6.044575771981388972e-05	9.817553728009536899e-04	-2.194042104327247143e-04	3.794620043579038015e-05	5.716105306989604281e-04	-9.747297572993634347e-04	2.477528864806861214e-04	-1.031277778617665391e-04	-3.521770553730116360e-04	-1.634336339486807603e-04	-1.505218012729682550e-03	-7.415116679779019775e-04	3.393678466516690528e-04	-7.394575489039557946e-06	1.569284860797370233e-03	4.704255002242613282e-04	-2.547411632913911027e-04	-5.807492426572825927e-04	-8.730648546252471999e-04	-1.428645412915077436e-04	2.330193973856453313e-03	2.408042056031658746e-04	-1.418712819576141253e-03	-1.596621715080407539e-03	3.399783899828243573e-05	4.775775434234970362e-05	-1.346055510571800740e-04	1.007016196272199051e-04	-9.582662418396352758e-04	-1.302912872195036501e-04	-2.951896357773254893e-04	5.843795346520261395e-05	1.289323858316686160e-03	2.634913510295007976e-04	3.624793095768196610e-03	1.004433942017413399e-03	-6.837171276594781761e-04
2.766513603530255136e-04	2.240691717476986085e-04	3.273930920410154217e-04	-1.029174388629163026e-03	1.815682720329993781e-04	-3.416703974677162648e-04	-6.545828386159866733e-04	3.149996875454459888e-05	-1.184008402774780824e-05	-4.002402044110382837e-04	-8.088873194385328043e-04	0.000000000000000000e+00	-1.508001230082734682e-03	-5.191611009918340076e-05	-2.532456879158199352e-05	6.216762252777721740e-04	1.014238418354675137e-04	-1.252433786429854026e-03	-1.749209471783359825e-03	-1.149836251573757432e-04	-1.389471136118465436e-03	-9.375404707654171803e-05	-3.027434776717398749e-05	3.399550064513215126e-05	-1.700646013322419658e-04	-4.863881280972159188e-10	-2.059323216901676472e-04	4.279657713790540425e-04	-2.329955984386583297e-04	2.090722480491125882e-04	1.226472025061394952e-04	2.058797005663652938e-04	1.558026669015725638e-04	-1.404319349718717320e-03	-8.825265247892476617e-04	-2.459467738291450014e-04	-5.504707647968736786e-04	-1.357845314142856904e-04	4.891031831180799402e-06	-5.264547578194926896e-04	4.886949355668143615e-04	1.534657367940475215e-04	-3.995050701358230435e-05	-7.634318517927826458e-04	-2.031826240318840759e-04	-2.826462455236631449e-04	3.709772847377055096e-04	2.919326521217058203e-04	8.078448794947260697e-05	2.170482300561839956e-04	1.479329696377687108e-04	-9.259588736244628651e-04	-3.061957759241119544e-05	-4.836683315547438697e-04	-4.382659708298609121e-04	2.541842937144480176e-04	-9.301725175867343203e-05	-2.973782502036997704e-05	3.196601314045102645e-05	1.268068683979478757e-04	1.034026090628754755e-04	4.716024624638045311e-05	-4.645420727651109925e-05	9.294625780147886332e-04
2.335811074263908528e-03	-3.031581435101188791e-03	-9.395677035931040977e-03	-4.932862182051734462e-04	-2.951558089994822318e-03	6.716910658708410932e-05	6.412002050459742050e-04	2.476920486583667641e-05	-2.478599168417299371e-03	-1.768664692748975296e-04	-5.234517045682191699e-05	1.508001230082734682e-03	0.000000000000000000e+00	2.157970606408293312e-03	2.013733612939474756e-04	-2.390239570568847977e-04	-6.918722512480620854e-03	-2.477657787987311224e-04	-6.858980908122511632e-04	1.792226696773959772e-03	-4.125252727109817927e-04	-1.758854095010212008e-04	-2.147253504301532834e-03	1.798767150842309616e-04	-5.028785098982969850e-04	1.404330623211734030e-03	3.887718699849834411e-03	-7.465906214118682709e-05	2.371426969196097773e-03	-6.457261870638786056e-04	-2.407324770704983522e-04	4.598742957085064369e-04	-2.340344398553430988e-03	-1.266551003566298390e-08	-4.952999021697465035e-04	-1.130098436049239855e-03	-3.600634678042682890e-04	-2.734055805525937612e-03	-1.632368192220483381e-03	5.653190559428767411e-04	8.126934567360873931e-05	1.503516035411200545e-03	-1.258472340645877020e-04	-6.778039689293675549e-04	-1.805555226601378641e-03	-2.289992475923946329e-03	-4.818628147792464070e-04	5.083409928751354140e-03	6.523356636226737212e-04	-3.118219027338851000e-03	-4.257663584157708389e-03	-2.444941856751760203e-04	-1.514604254248987005e-03	-4.869561237804472952e-04	9.595675474724860024e-05	4.065197288476771328e-04	-3.159584930452524521e-05	-3.229696143994787122e-04	2.261282996572467436e-04	2.951429503737202763e-03	4.461746894213977112e-04	8.116511292576959052e-03	2.744862171916549395e-03	-1.027200574138579158e-03
-2.019438218354631387e-03	5.324003484653097064e-04	3.093199483671521272e-04	-6.013135556784498896e-04	4.720583146418442892e-05	-5.708281116505374521e-04	-1.307297269096709125e-03	1.625314249336894112e-04	-5.297770407945804347e-05	-3.209207302131548999e-04	-1.001739166379421496e-03	5.191611009918340076e-05	-2.157970606408293312e-03	0.000000000000000000e+00	-1.922015596869132686e-05	1.074655169418450937e-03	9.806093918755927965e-06	-1.569281848243282099e-03	-2.213914908267616485e-03	3.508908887418858268e-05	-1.364953537812182505e-03	2.039841055726870710e-05	8.378974256829418760e-05	7.929103956850928008e-06	8.900769749497960872e-04	-1.534661865253101145e-04	-2.742370802023156922e-04	5.913067919483337275e-04	-3.744812283843091533e-04	1.297874271548277864e-03	2.208751155243559444e-03	1.151576207007867032e-04	1.901044290981944711e-04	-1.503505696611535849e-03	-1.217753552704557273e-03	-1.118141217957938386e-04	-5.982578829798687343e-04	5.324911094107206175e-05	1.474607502710427768e-04	-5.619880576994017076e-04	2.859855958915252447e-04	7.183194077022751842e-10	-2.289775799043496920e-04	5.302226299679722171e-04	-6.006001876883780392e-04	1.629059437010306173e-03	1.497262568630777953e-03	3.557769645856461967e-04	-1.257111089202777102e-03	2.548277102082698573e-04	-5.289653071857610420e-05	1.186014887617432238e-03	-2.190625382518369925e-04	4.655082934256113934e-04	-2.145467140267428717e-04	3.098842148700788317e-04	-1.589112158421920168e-04	6.006082761577114784e-04	4.057046982107098470e-04	1.370978802857668658e-04	3.665454920095983409e-04	-7.238449722175323547e-05	-2.061550264543067024e-04	1.515763840766746204e-03
-7.561761162904313480e-03	2.048734462520188462e-04	-5.418796145179190747e-05	3.449276459208652258e-03	-1.381306809748392150e-04	-1.755240676053962249e-06	-3.539939920070270599e-03	1.638872310218164076e-04	7.462564143959559641e-05	1.347339106099093619e-04	1.800975805809792551e-04	2.532456879158199352e-05	-2.013733612939474756e-04	1.922015596869132686e-05	0.000000000000000000e+00	7.015396231139847194e-05	4.508450213323079878e-05	1.418715695585610892e-03	1.119507534177324390e-03	2.000833807101264712e-04	-8.824090540613812000e-05	1.291884226506934661e-04	7.058885760507314770e-05	5.791020036779285802e-04	3.424406037105138037e-03	-2.170479494598103040e-04	-2.740601837299317832e-04	-9.626425575350356528e-05	-2.701009653775235321e-04	3.002118248738014361e-03	7.071987643445123636e-03	-1.557657164434766853e-04	8.002644365673908201e-05	3.118222656854726348e-03	9.643322520323031584e-04	2.628740081523705608e-04	-1.102219166183920017e-04	2.737010051615039290e-04	1.290625061947973061e-04	1.293658038162389529e-03	-1.467691935907368829e-04	-2.548240016539176831e-04	-2.760358712402461757e-04	2.948563775094142046e-03	-3.601795729350345610e-04	5.665244809489522124e-03	2.625637404512224174e-03	-2.306067326258589260e-05	-3.775100658627739136e-03	4.154358611540556398e-09	-3.214162936151120282e-04	7.205321685552830424e-03	-2.545959237834392679e-04	2.966963686288611422e-03	-3.419869650614267291e-04	2.234492491607959126e-04	-4.362079251400730626e-05	-8.757685061454112494e-04	-1.501814202608955191e-04	-7.704595344817040978e-05	1.849892700871046049e-04	-2.954905845768660585e-04	-1.743096799036474216e-04	-9.218783335741506137e-04
-4.056142666739078872e-04	1.544006932107862577e-04	4.417064895745101416e-03	-1.376451728470471281e-04	1.904693389282207869e-03	-6.987259552637992989e-05	4.738336141261244674e-05	-8.240422026882586286e-04	1.091350686094705834e-03	1.097852283446152364e-04	1.867521807260973804e-04	-6.216762252777721740e-04	2.390239570568847977e-04	-1.074655169418450937e-03	-7.015396231139847194e-05	0.000000000000000000e+00	3.955013290504209508e-03	2.951963180677268442e-04	7.087217189030097604e-04	-1.015078316910360354e-03	3.889443146357364186e-04	1.283915764127525959e-04	1.437585090946275589e-03	-9.317673939639570366e-05	-1.103124533741487129e-04	2.973175069225596738e-05	-1.414480557971530168e-03	-5.325290395732706011e-06	-1.114270642836700208e-03	-6.977625469170128632e-05	-6.662478625557629458e-04	7.624847220385426840e-04	1.865828932732964580e-03	3.229816733780255028e-04	4.415914815226656205e-04	-1.906736248898151134e-05	2.313218678404387160e-04	1.364541456633707990e-03	1.119168911428283352e-03	-1.460584772843575338e-04	-7.118502761699444263e-05	-6.006127517691441575e-04	6.023119689615573803e-04	-5.717739746567026518e-05	1.805293592586824361e-03	3.344470172953653130e-04	-1.458548210266228035e-04	-2.910534831259999414e-03	6.539741005897036505e-05	8.757692954414911333e-04	2.891129585237286678e-03	-7.055745745726133824e-04	1.430235086166607456e-03	-1.376513631456655572e-04	-4.123368266139819794e-06	-9.702563666871187814e-04	-2.820672475624407026e-04	-2.721384482781309265e-09	-1.321848515849968352e-04	-1.025408982511566251e-03	-1.537393019777920421e-04	-3.871871522970687408e-03	-1.493255413965904280e-03	2.369023235457966433e-04
-7.626790188190506409e-04	3.405861919341556161e-04	-1.602072423142098141e-09	3.590564993129679921e-04	-2.475711844025015474e-04	1.471065637300481401e-04	-7.243063206272053146e-05	3.039547113427344422e-04	1.178639783508135367e-04	-1.457717303037465106e-04	3.400595006639763572e-03	-1.014238418354675137e-04	6.918722512480620854e-03	-9.806093918755927965e-06	-4.508450213323079878e-05	-3.955013290504209508e-03	0.000000000000000000e+00	4.190630200418554892e-03	8.027853604174899071e-03	-6.578107212810231814e-05	3.108974565109418053e-03	-7.433038133410102999e-05	-1.079565394566860083e-04	3.572561540365861354e-04	3.561733585402907659e-04	-3.273915154473402023e-04	-4.535375015378776938e-04	-4.912817009704055146e-04	-4.317653585416101085e-04	-9.797376737208651765e-04	-1.711127576122085481e-04	-2.140411252762324142e-04	-1.673693916223999850e-04	9.395665931880355093e-03	4.226671285467078348e-03	6.220858224353421374e-05	-1.969275617272021948e-04	-1.448186350592151300e-04	-1.142952018395531981e-04	4.767872602314267294e-03	6.862494982095929607e-05	-3.093153280814673776e-04	-3.845234949821117265e-04	-9.751002079692761438e-04	-5.711414863700200496e-04	-2.544624296954916490e-03	-6.659278679821529177e-04	2.236390194601648482e-04	-1.293078620186520976e-04	5.419285788492982119e-05	-3.987657859392015587e-04	-2.532550647535883694e-04	-3.863445742376674531e-04	-5.244499183494266345e-04	-1.084409903773567288e-04	4.546420616448412517e-04	1.410416043241466129e-04	-4.417054740975560542e-03	-2.749920207642882371e-04	-2.292241493859089295e-04	3.640619492649609795e-03	-2.453238071061611023e-05	2.693689360113594915e-05	-9.233511937160134020e-03
9.826766441186594869e-04	-1.369028401329127481e-03	-3.400588513201596198e-03	-1.984230072118726811e-04	-9.747280921604300130e-04	-7.393641053591144696e-06	2.408079982469775383e-04	-1.302923448780055537e-04	-1.704502442589958273e-03	-8.660486331760793976e-05	3.083988809268419226e-09	1.252433786429854026e-03	2.477657787987311224e-04	1.569281848243282099e-03	-1.418715695585610892e-03	-2.951963180677268442e-04	-4.190630200418554892e-03	0.000000000000000000e+00	-1.533042760912348840e-04	2.788535479584278946e-03	-1.031220620062969946e-04	4.704226071302596577e-04	-1.596624690480490105e-03	5.843584640829321765e-05	-1.859315943286310067e-04	8.088896856007358246e-04	1.067563328227018587e-03	-6.044508585353719872e-05	-3.521832350785324313e-04	-2.547457871861122077e-04	3.398840472532718661e-05	1.289330945959715280e-03	-1.070940551969468141e-04	5.234604881267229128e-05	-1.299096136487745278e-04	9.817561791838260582e-04	-1.634329522484649524e-04	-5.807504713768881464e-04	4.775796492500623385e-05	2.634918123602341235e-04	-5.262193307931685167e-06	1.001741663919281100e-03	-1.714433035500031316e-04	-2.194051529105426712e-04	-1.505216685865106221e-03	-8.730714322332958164e-04	-1.346094131338761472e-04	3.624797984460437564e-03	2.504465854088179727e-04	-1.800923120285727352e-04	-1.152474214209847246e-03	3.794232590092659011e-05	-7.415111838861708667e-04	-1.428665460095872449e-04	1.007018696365821167e-04	1.004438247851377301e-03	-7.079548543319558792e-04	-1.867529542502311779e-04	6.891807499074066102e-05	5.716027209810622262e-04	3.393735928704367903e-04	2.330187978386023297e-03	-9.582688530390523398e-04	-6.837248252558887195e-04
9.801126888490416071e-04	-2.922977195879659928e-03	-8.027856560141672509e-03	1.518384528865284150e-04	-2.415457002707965123e-03	7.073017931891282259e-05	-2.789699417089547447e-05	-2.424768079830432789e-04	-2.922966916573790756e-03	-2.484460611406061814e-04	1.533117263049585280e-04	1.749209471783359825e-03	6.858980908122511632e-04	2.213914908267616485e-03	-1.119507534177324390e-03	-7.087217189030097604e-04	-8.027853604174899071e-03	1.533042760912348840e-04	0.000000000000000000e+00	3.239769399373038095e-03	-8.516952777119606022e-05	2.041897640265806285e-04	-2.749448611424164593e-03	1.933049393386728626e-04	1.518338490712761051e-04	1.749217044178807707e-03	3.239772084611691923e-03	-2.900702410191147810e-05	1.125635957312609223e-03	8.189034725691825192e-05	1.270335923289747648e-03	1.895529172636529602e-03	-2.415455385726205696e-03	6.858842313677919987e-04	-8.517470030012174679e-05	1.125638419756066046e-03	-3.177272804433198413e-04	-1.730577612973973950e-03	-1.238498348297212021e-03	8.628609027692842569e-04	7.072770986654274700e-05	2.213918233001052963e-03	2.041939139719038036e-04	8.189420623838449638e-05	-1.730574625521999563e-03	-7.036437599109896012e-04	2.368419042502866866e-04	6.475010937768668068e-03	-2.789843239161404623e-05	-1.119507133026804470e-03	-2.749443460117986099e-03	1.270340137652492714e-03	-1.238498457615013794e-03	2.368434416832074598e-04	9.302974735096394441e-05	1.335731083025507634e-03	-2.424730657787335013e-04	-7.087148166886501292e-04	1.933103295864162414e-04	1.895516096255724613e-03	8.628675367937058572e-04	6.475004519843171463e-03	1.335727151751320806e-03	-1.893111336806089151e-03
-9.768448471700321920e-04	7.990600718442848445e-05	4.535439113954947091e-04	-7.152804325205703532e-04	3.285793195435148168e-04	-5.633009990351990539e-04	-1.026951170638035508e-03	-1.980374962446313804e-04	-2.417163535366457876e-04	-4.118972549015046791e-04	-1.067565893609421189e-03	1.149836251573757432e-04	-1.792226696773959772e-03	-3.508908887418858268e-05	-2.000833807101264712e-04	1.015078316910360354e-03	6.578107212810231814e-05	-2.788535479584278946e-03	-3.239769399373038095e-03	0.000000000000000000e+00	-1.234627690751730848e-03	5.045677783777242909e-05	1.646836710547013309e-04	-4.986914685911442938e-04	7.235550556308548154e-04	2.059300722174366497e-04	-2.956520947515245325e-09	6.806870613313518049e-04	-2.109932080881662497e-04	1.725601629076798250e-03	2.433865662573387982e-03	5.871340276820023133e-04	2.819201948179355581e-04	-3.887709165606198936e-03	-1.746488168581515968e-03	-1.884227604793072052e-04	-3.539905894814416774e-04	1.147193033504883620e-04	2.238655064152627098e-04	-1.690414661239997111e-03	4.571207692376045911e-04	2.742355124619582371e-04	1.842056889204753839e-04	9.849433424178933617e-04	3.059929038715661831e-05	3.264975317500644521e-03	2.320565192816608294e-03	2.926264242548254303e-04	-5.753087371718861032e-04	2.740600507104667656e-04	5.670135274956564220e-04	1.226438127014441333e-03	2.189131145820689267e-04	9.491795442183554666e-04	2.292314187207929979e-04	-2.005008458480332317e-05	-2.860180623457474593e-04	1.414472342413327678e-03	4.729141311424587147e-04	3.116774641965972892e-04	4.329300636316376011e-05	5.812286973182614685e-07	-2.912637248344707034e-04	2.686832768980252847e-03
8.160092492996863902e-04	-1.427871007068698753e-03	-4.226678141619409981e-03	-9.970834581167430078e-05	-1.464387073284229533e-03	8.090967977086849488e-05	1.799909590263701613e-04	1.102141975723309715e-05	-2.055104716953959181e-03	-1.476880899824608944e-04	1.299120766721661600e-04	1.389471136118465436e-03	4.125252727109817927e-04	1.364953537812182505e-03	8.824090540613812000e-05	-3.889443146357364186e-04	-3.108974565109418053e-03	1.031220620062969946e-04	8.516952777119606022e-05	1.234627690751730848e-03	0.000000000000000000e+00	7.140677768068303191e-04	1.805844594920539073e-04	9.672880279043612347e-05	-3.594243281396748897e-05	8.825316355525657458e-04	1.746492778030766212e-03	-8.664964378976634283e-06	9.739561798832346070e-04	-1.767304136716622972e-04	1.939833973355622955e-04	5.543279594468607935e-04	-8.207062237272891216e-04	4.952885464040506728e-04	-2.692575680816975282e-09	-1.949997167790950160e-04	-1.700855947306295396e-04	1.888465900265792177e-04	1.788062964601255952e-05	5.064561445419230989e-04	1.149166602373719720e-04	1.217755652686640898e-03	1.515343828402957501e-04	-2.163444169058724149e-04	-7.031160907336437378e-04	-8.251601240920696488e-04	-9.540919722092526751e-05	2.701257906966563361e-03	1.848856136748385415e-04	-9.643342086080873609e-04	-1.662061770413689708e-03	1.438579392050946121e-04	-6.738309883676932895e-04	-1.059403695232148483e-04	-9.962092913065381523e-06	4.174936664728541818e-04	-6.259022643350869259e-04	-4.415848995099961303e-04	1.077284244598311841e-04	2.465277997963642807e-03	4.796456227638848466e-04	3.643560024199189208e-03	8.952195243425053366e-04	-1.080928765105835989e-03
-1.030745131047334021e-03	2.233362049660444939e-04	3.845263952413458886e-04	-3.288988896172828288e-04	2.742378602769209722e-04	-5.236898240085632395e-04	-1.215238012278883201e-03	-1.753660629100505425e-05	-1.734934850181555081e-04	-4.478407593209607308e-04	1.714459467634569623e-04	9.375404707654171803e-05	1.758854095010212008e-04	-2.039841055726870710e-05	-1.291884226506934661e-04	-1.283915764127525959e-04	7.433038133410102999e-05	-4.704226071302596577e-04	-2.041897640265806285e-04	-5.045677783777242909e-05	-7.140677768068303191e-04	0.000000000000000000e+00	7.679824408012069035e-05	3.056355233922653566e-04	7.390499078598121527e-04	3.995073261580934891e-05	-1.842069414697702987e-04	8.739378229502163054e-05	-3.022596551451319728e-04	8.641120072114350046e-04	1.704209186411878704e-03	2.607253785411689051e-04	1.839736646196999141e-04	1.258530926665770648e-04	-1.515331176098365568e-04	-1.975200811549430557e-04	-3.298733567848238573e-04	4.333096470646874161e-06	1.014009347300191740e-04	3.549760376541564967e-04	4.886417411680173128e-04	2.289794014889949135e-04	3.983019631617016471e-10	-2.570644800894936492e-04	-2.087096511270266014e-04	1.085818377913592026e-03	1.132119159945519727e-03	3.349299046719461659e-04	-4.723894158053822383e-04	2.760373933246780304e-04	2.008305568404858714e-04	5.444945762087837794e-04	1.210557035987317527e-05	3.158592332008924473e-04	-1.202733578190842229e-04	2.140011127291472650e-04	-1.946077551365455675e-04	-6.023158763168797065e-04	3.444500916116207388e-04	2.375783835079354317e-04	8.917685444619497317e-04	9.368122941616172669e-06	-1.600279759874921907e-04	-7.022500188284013694e-04
-2.390060509764335185e-03	2.869558496883751943e-04	3.987667127233365631e-04	6.936789673842117801e-04	1.398046375056453787e-04	-4.961890811643089594e-04	-2.216716020535903359e-03	1.642725803673709712e-04	-8.046289950468409253e-05	-4.616239413532589419e-04	1.152480747686985456e-03	3.027434776717398749e-05	2.147253504301532834e-03	-8.378974256829418760e-05	-7.058885760507314770e-05	-1.437585090946275589e-03	1.079565394566860083e-04	1.596624690480490105e-03	2.749448611424164593e-03	-1.646836710547013309e-04	-1.805844594920539073e-04	-7.679824408012069035e-05	0.000000000000000000e+00	6.840394337961634881e-04	1.188601165349372716e-03	-1.479319489749340790e-04	-5.670127067307166851e-04	-4.039787769256063016e-04	-4.920010925495031575e-04	6.791028166627478477e-04	2.469389840284394368e-03	1.172143370105212484e-04	4.192455865282349178e-05	4.257666182959250409e-03	1.662061028960988823e-03	-2.211174539583926092e-04	-5.639475162306087971e-04	-7.205929235197794912e-05	-3.349357656973259693e-05	2.341415156448979108e-03	4.228640953081980831e-04	5.290071336694777341e-05	-2.008292431464231051e-04	-7.542732995324095838e-04	-3.576895675950743586e-04	3.863189045906772361e-04	7.513503457649708213e-04	4.250610452789863590e-04	-9.545445319112978722e-04	3.214208736182111339e-04	6.494433266653900326e-10	1.286040592688090893e-03	-2.001966730181536642e-04	2.920190964448922985e-04	-4.793413243978892377e-04	6.322858374524479999e-04	-7.471708262115657603e-05	-2.891130162106186549e-03	-2.942028539390957316e-04	1.553546597926010512e-04	1.664987297813066459e-03	-4.847884174017484806e-05	1.095149187268683810e-05	-4.113198320863447124e-03
5.908739091190084330e-05	-2.703453810927403328e-04	2.749976254869538131e-04	1.455870247939295239e-05	8.546229359628975222e-05	1.149164783279048004e-06	7.253411150295340274e-05	-2.922847972387514377e-04	1.699732225314208557e-05	3.222195014470117342e-05	-6.891645547258608176e-05	-3.399550064513215126e-05	-1.798767150842309616e-04	-7.929103956850928008e-06	-5.791020036779285802e-04	9.317673939639570366e-05	-3.572561540365861354e-04	-5.843584640829321765e-05	-1.933049393386728626e-04	4.986914685911442938e-04	-9.672880279043612347e-05	-3.056355233922653566e-04	-6.840394337961634881e-04	0.000000000000000000e+00	-2.499664948854870841e-06	-3.196775283180660623e-05	-4.729186177903595741e-04	-1.225187219946908754e-04	-4.901741709257354928e-04	-7.855061908860745765e-05	-5.796200780721956372e-05	5.403527244649869356e-04	4.025881594652158278e-04	-2.261233872532552366e-04	-1.077246780593378041e-04	3.358229844490169861e-04	1.038270579443462211e-05	-3.848640134253780579e-04	3.573078510207430651e-05	-1.344518145140061595e-04	-1.385367465655446649e-05	-4.057047505140625766e-04	-3.444501144167357943e-04	-4.543164531009466603e-05	-1.770791941568965232e-04	-1.366426562348680688e-05	2.679666395489434559e-05	2.619569413150463471e-04	7.468276170369031637e-05	1.501853454652789959e-04	2.942055511095266864e-04	-4.040481521937077010e-05	-8.957321282667383717e-06	3.261794268401379914e-05	1.435804631593801562e-04	2.577398401891927348e-04	-2.739511653630657224e-04	1.321815565027096239e-04	-5.679086879259535045e-10	-5.685617637606150618e-04	-1.321595789896652055e-04	-4.455960692313393917e-04	-7.577133431960907150e-04	2.733801859265822779e-04
5.524981613429201657e-05	-1.559656552775370159e-03	-3.590519781275584832e-04	3.483763925467053867e-09	2.258193323740407231e-03	6.734769723897341635e-05	1.383242734791346280e-04	-1.616784921256079251e-03	-1.172661701441108512e-03	1.695971652752368923e-04	1.984217554669659520e-04	1.700646013322419658e-04	5.028785098982969850e-04	-8.900769749497960872e-04	-3.424406037105138037e-03	1.103124533741487129e-04	-3.561733585402907659e-04	1.859315943286310067e-04	-1.518338490712761051e-04	-7.235550556308548154e-04	3.594243281396748897e-05	-7.390499078598121527e-04	-1.188601165349372716e-03	2.499664948854870841e-06	0.000000000000000000e+00	1.029176998785597983e-03	7.152814584635818883e-04	-2.211973143742617743e-04	-3.342488362923360865e-03	-4.883054838483039464e-04	-4.483507955494164116e-04	1.545615692381749340e-03	1.071602554477134621e-03	4.932978592713952110e-04	9.971342905892797959e-05	-3.527721382215660319e-03	-2.456471327023132100e-05	-1.634131971843551419e-03	-9.703008715117643704e-05	-3.602349024024698813e-05	4.623655438538751381e-05	6.013186683765304368e-04	3.288988968592600291e-04	-5.311725320041087378e-04	-7.765058198930131078e-04	-1.050427887378957252e-03	-3.878112722340400567e-04	-2.499028269287720738e-05	1.625615656119653901e-04	-3.449272051832806898e-03	-6.936781183505644644e-04	-5.569938892142057250e-04	8.306749118415662249e-04	-3.992956861050575654e-04	-4.606445471157158942e-05	-2.804493515240376322e-03	-7.437280556478196095e-04	1.376409579604430031e-04	-1.456083853355250637e-05	1.079170166733351907e-03	-5.913666059432647103e-05	4.291930593367222172e-05	-1.289364329823333016e-03	8.113699337993147184e-04
2.766581712758446284e-04	-1.184120973759230164e-05	1.014243241659375792e-04	-1.700686709927249772e-04	1.558049408676114695e-04	4.886947447067929978e-04	8.078582653258734709e-05	-9.301892039101147531e-05	2.240680883951525089e-04	-4.002398805216350304e-04	-1.252437495427997146e-03	4.863881280972159188e-10	-1.404330623211734030e-03	1.534661865253101145e-04	2.170479494598103040e-04	-2.973175069225596738e-05	3.273915154473402023e-04	-8.088896856007358246e-04	-1.749217044178807707e-03	-2.059300722174366497e-04	-8.825316355525657458e-04	-3.995073261580934891e-05	1.479319489749340790e-04	3.196775283180660623e-05	-1.029176998785597983e-03	0.000000000000000000e+00	-1.149823122098515230e-04	4.279663189522582155e-04	-2.459458044224334134e-04	-7.634347939102989478e-04	-9.259634759614782627e-04	1.268062634001317079e-04	1.815691883736899606e-04	-1.508007497824877686e-03	-1.389473339357356896e-03	-2.329940935888053107e-04	-5.504697641493712119e-04	-2.031833796050426944e-04	-3.061952346688175185e-05	1.033992078725357033e-04	-3.416689707584261680e-04	-5.191638933495854177e-05	-9.375221676382445267e-05	2.090676032152344451e-04	-1.357813426998001442e-04	-2.826531762858455190e-04	-4.836702286192980354e-04	4.715622564723315137e-05	-6.545776562458932839e-04	-2.532677466582194237e-05	-3.027246952493840349e-05	1.226364048172110801e-04	4.893861259025807430e-06	3.709724947903246094e-04	-4.382665858485461970e-04	-4.645828586622693848e-05	3.149892237496200849e-05	6.216811261352615369e-04	3.399579977772432179e-05	2.058795302799236080e-04	-5.264607148049412280e-04	2.919325571344627600e-04	2.541833143760816472e-04	9.294734989658301298e-04
-9.768357660305559444e-04	-2.417161315919310921e-04	6.578466330016600572e-05	7.235496902815716832e-04	2.819232875283113858e-04	4.571209779585258884e-04	-5.753046387004655694e-04	-2.860201700170657496e-04	7.990333405307640331e-05	-4.118965514637799429e-04	-2.788537831052356059e-03	2.059323216901676472e-04	-3.887718699849834411e-03	2.742370802023156922e-04	2.740601837299317832e-04	1.414480557971530168e-03	4.535375015378776938e-04	-1.067563328227018587e-03	-3.239772084611691923e-03	2.956520947515245325e-09	-1.746492778030766212e-03	1.842069414697702987e-04	5.670127067307166851e-04	4.729186177903595741e-04	-7.152814584635818883e-04	1.149823122098515230e-04	0.000000000000000000e+00	6.806869704674368884e-04	-1.884190514947185367e-04	9.849420243540094131e-04	1.226435196554934116e-03	3.116745067765202279e-04	3.285763603943400420e-04	-1.792228091176063754e-03	-1.234629764050084594e-03	-2.109853750391157978e-04	-3.539907953329202812e-04	3.060088640932641737e-05	2.189127851001986186e-04	4.329187778437939237e-05	-5.632988806420843745e-04	-3.509077611897890362e-05	5.045779920366003318e-05	1.725596356672770343e-03	1.147236832211702781e-04	3.264972740017563820e-03	9.491798825785584953e-04	5.732408490044733126e-07	-1.026945627610686106e-03	-2.000846495354256121e-04	1.646865732319236679e-04	2.433854484217195038e-03	2.238693421222307401e-04	2.320563754116095403e-03	2.292330198997292903e-04	-2.912700336347480304e-04	-1.980375568167610763e-04	1.015080371924392127e-03	-4.986905360916792790e-04	5.871318079985264442e-04	-1.690417937082139797e-03	2.926247602164891611e-04	-2.005040226857898820e-05	2.686842003472520932e-03
-4.700447025898025545e-04	1.103575634183474185e-04	4.912799393785910376e-04	2.211974415713597892e-04	-5.469979315218319955e-05	-1.943874763789448439e-05	-2.744842222142971711e-04	1.133045544796100381e-04	1.103571963780189901e-04	-1.492455933745820797e-05	6.044575771981388972e-05	-4.279657713790540425e-04	7.465906214118682709e-05	-5.913067919483337275e-04	9.626425575350356528e-05	5.325290395732706011e-06	4.912817009704055146e-04	6.044508585353719872e-05	2.900702410191147810e-05	-6.806870613313518049e-04	8.664964378976634283e-06	-8.739378229502163054e-05	4.039787769256063016e-04	1.225187219946908754e-04	2.211973143742617743e-04	-4.279663189522582155e-04	-6.806869704674368884e-04	0.000000000000000000e+00	-1.969066569056269556e-04	2.407232556852926598e-04	5.091899010438999265e-04	1.477023668227712039e-04	-5.469849966354694442e-05	7.465809277199070781e-05	8.665420256618458429e-06	-1.969088832533954234e-04	3.517203695432693578e-05	3.998050331157016260e-04	2.287532464641520624e-04	5.457779248192566601e-05	-1.943891828914070413e-05	-5.913085356748011990e-04	-8.739478867559404051e-05	2.407224986355624636e-04	3.998059307484759430e-04	4.870283778219234054e-04	2.337960202170218864e-04	-2.692305967688480515e-05	-2.744845425673381406e-04	9.626087533648474987e-05	4.039762268111679469e-04	5.091899933538339288e-04	2.287531525995927894e-04	2.337968516622158845e-04	-2.224305550446428593e-05	3.834351939795539949e-04	1.133035186160606688e-04	5.325426266848323894e-06	1.225183308708593921e-04	1.477042200566498710e-04	5.457744122600167427e-05	-2.692064926883662440e-05	3.834364100717947916e-04	-4.074920682811225309e-05
-6.354045068505639535e-03	-4.188013411911401776e-04	-6.219954033790425405e-05	3.527726245655328670e-03	2.382314402299505192e-04	4.904424772845411042e-05	-3.320653779331867936e-03	-3.227766004142637590e-04	-6.414794332773705811e-05	6.745047674450330383e-05	-9.817553728009536899e-04	2.329955984386583297e-04	-2.371426969196097773e-03	3.744812283843091533e-04	2.701009653775235321e-04	1.114270642836700208e-03	4.317653585416101085e-04	3.521832350785324313e-04	-1.125635957312609223e-03	2.109932080881662497e-04	-9.739561798832346070e-04	3.022596551451319728e-04	4.920010925495031575e-04	4.901741709257354928e-04	3.342488362923360865e-03	2.459458044224334134e-04	1.884190514947185367e-04	1.969066569056269556e-04	0.000000000000000000e+00	4.225981709198745051e-03	8.113174215069320766e-03	2.375170022609220501e-04	4.525520810729326011e-04	1.130099486588256527e-03	1.949965413075928670e-04	6.400890726471469144e-09	9.887946232953754157e-05	2.771591518274923310e-04	3.497756023384657035e-04	6.285125734295292181e-05	-2.453395894618784143e-05	1.118135444274398520e-04	1.975205104380300253e-04	4.356919910174903224e-03	2.684541117663178820e-04	9.535064262533504698e-03	4.262576284318224037e-03	-2.214399001097865159e-04	-3.250136366837829902e-03	-2.628704020176751265e-04	2.211232815182286406e-04	8.221672734695477380e-03	2.969928039202910600e-04	4.341893590877343029e-03	3.292669917476511669e-04	-4.547171282755704943e-04	-2.583557083648237098e-04	1.906766002034218502e-05	-3.358215205970279792e-04	2.384852970319435879e-04	-1.053756257623764429e-03	4.105599203490474991e-05	-2.986266845112376463e-04	1.421897853481153030e-03
-9.881929342651766569e-04	-1.843276848428384218e-03	9.751036370782225921e-04	5.311809683084965563e-04	1.956442992879212084e-03	4.562148625626758733e-05	-3.814094809676207452e-04	-1.545731772006494163e-03	-6.463591953047913242e-04	7.842550588799891329e-05	2.194042104327247143e-04	-2.090722480491125882e-04	6.457261870638786056e-04	-1.297874271548277864e-03	-3.002118248738014361e-03	6.977625469170128632e-05	9.797376737208651765e-04	2.547457871861122077e-04	-8.189034725691825192e-05	-1.725601629076798250e-03	1.767304136716622972e-04	-8.641120072114350046e-04	-6.791028166627478477e-04	7.855061908860745765e-05	4.883054838483039464e-04	7.634347939102989478e-04	-9.849420243540094131e-04	-2.407232556852926598e-04	-4.225981709198745051e-03	0.000000000000000000e+00	4.974511521242631559e-04	2.887656153936843037e-03	1.592284072266248775e-03	6.778140646998743633e-04	2.163498765536461940e-04	-4.356919756180971035e-03	1.310468674763460510e-04	-1.482440247138121833e-03	3.920725405715282374e-05	-1.546559199165387392e-05	1.185996240468096912e-05	-5.302207512641189235e-04	2.570644262681906576e-04	3.791289717133589261e-09	1.541752180699084785e-04	-5.021405951743783690e-05	4.312358082009995605e-05	5.188783246510592518e-04	-4.276219296721531617e-04	-2.948566800231024361e-03	7.542732875675474315e-04	5.644566296741935010e-04	1.010643096092627216e-03	1.008183417174297392e-04	-9.225980746376232899e-05	-1.410288729638034446e-03	-6.468563438509222514e-04	5.717366389073455838e-05	4.542875937525769539e-05	1.425013883186488500e-03	-3.514774616874595265e-05	5.553839337139329993e-04	-6.931207867010474909e-04	7.545639407565240923e-04
-8.831608443238432842e-04	-2.896120365020044430e-03	2.532590503230868254e-04	5.570096141169940396e-04	3.519039415679355368e-03	6.822551045721712273e-05	-2.005896792860430643e-04	-2.430310153669631469e-03	-1.722285120873527815e-03	2.502178125072082766e-04	-3.794620043579038015e-05	-1.226472025061394952e-04	2.407324770704983522e-04	-2.208751155243559444e-03	-7.071987643445123636e-03	6.662478625557629458e-04	1.711127576122085481e-04	-3.398840472532718661e-05	-1.270335923289747648e-03	-2.433865662573387982e-03	-1.939833973355622955e-04	-1.704209186411878704e-03	-2.469389840284394368e-03	5.796200780721956372e-05	4.483507955494164116e-04	9.259634759614782627e-04	-1.226435196554934116e-03	-5.091899010438999265e-04	-8.113174215069320766e-03	-4.974511521242631559e-04	0.000000000000000000e+00	3.604482202623889454e-03	2.392820772637036311e-03	2.445154967618223775e-04	-1.438498044657807043e-04	-8.221665160322782356e-03	1.478313773241455491e-04	-3.364079777161081870e-03	-2.553662251057804049e-04	-5.694624779175100002e-04	3.256294989383588855e-05	-1.186010979442724336e-03	-5.444953796184612152e-04	-5.644392200423558855e-04	-2.020569518765959714e-03	-1.138907052446697576e-03	-3.192728392637375558e-04	6.660132842472985719e-04	-2.611656653601014308e-04	-7.205325445710016041e-03	-1.286042864364926250e-03	1.789686212451396937e-08	8.760719536293659800e-04	-3.545182325654812599e-04	-8.080132668418636319e-05	-3.441547559575356199e-03	-1.252399130219727756e-03	7.055670105586221621e-04	4.040027909084908388e-05	2.401635665081911473e-03	-6.225536666926228483e-04	7.414099794306389709e-04	-2.137291829449803476e-03	2.801066268655995079e-03
1.774432066290697590e-03	1.738221438219164704e-04	2.292201749663577855e-04	-1.079174609539787152e-03	-4.170703903599919061e-05	5.182934245429524078e-04	1.122638760478442826e-03	1.047222385469290815e-04	2.320024413136263005e-04	-3.357250254011950787e-04	-5.716105306989604281e-04	-2.058797005663652938e-04	-4.598742957085064369e-04	-1.151576207007867032e-04	1.557657164434766853e-04	-7.624847220385426840e-04	2.140411252762324142e-04	-1.289330945959715280e-03	-1.895529172636529602e-03	-5.871340276820023133e-04	-5.543279594468607935e-04	-2.607253785411689051e-04	-1.172143370105212484e-04	-5.403527244649869356e-04	-1.545615692381749340e-03	-1.268062634001317079e-04	-3.116745067765202279e-04	-1.477023668227712039e-04	-2.375170022609220501e-04	-2.887656153936843037e-03	-3.604482202623889454e-03	0.000000000000000000e+00	-9.968130147799947587e-05	-2.951438643997990156e-03	-2.465279844688381648e-03	-2.384903317716087229e-04	-6.963028696185676828e-04	-2.754564616558268344e-04	-2.828630161096622208e-04	-6.972620210362851607e-04	-4.608224822572980607e-04	-1.370984617061477007e-04	-2.375761730072955321e-04	-1.425017581328464310e-03	-3.187851362516230802e-04	-4.032076840981058119e-03	-1.996850462264088653e-03	1.553507407291447508e-04	-2.629333991996223854e-04	7.704089100892201993e-05	-1.553547193239995252e-04	-2.401647005467164725e-03	-2.229035110637107636e-04	-1.481947095122979757e-03	-7.462095894111885411e-04	2.681233952025757370e-04	2.605127460898586924e-04	1.025414534897361313e-03	5.685599682189001851e-04	1.016992299578069366e-09	-5.317891345710182695e-05	2.914594783932113187e-04	7.195295110936309607e-04	8.771220299478494666e-04
2.442852588447860449e-03	5.080168285480437824e-04	2.475688341233894850e-04	-2.258185898513507314e-03	-1.329138846018965278e-09	-4.229931719487667286e-04	9.241192987300018286e-04	1.942549204106296709e-04	9.786816035490644218e-05	-5.618075299335875683e-04	9.747297572993634347e-04	-1.558026669015725638e-04	2.340344398553430988e-03	-1.901044290981944711e-04	-8.002644365673908201e-05	-1.865828932732964580e-03	1.673693916223999850e-04	1.070940551969468141e-04	2.415455385726205696e-03	-2.819201948179355581e-04	8.207062237272891216e-04	-1.839736646196999141e-04	-4.192455865282349178e-05	-4.025881594652158278e-04	-1.071602554477134621e-03	-1.815691883736899606e-04	-3.285763603943400420e-04	5.469849966354694442e-05	-4.525520810729326011e-04	-1.592284072266248775e-03	-2.392820772637036311e-03	9.968130147799947587e-05	0.000000000000000000e+00	2.951556505104933718e-03	1.464385275575140087e-03	-2.382291516974505662e-04	-5.015390056774484849e-04	-2.161535016648295391e-04	-8.713238612119390217e-05	1.707191353225478211e-03	4.633293258964319740e-04	-4.720496859937848276e-05	-2.742366117285289107e-04	-1.956435891309143971e-03	-6.641447559695594968e-04	-3.517838302551556419e-03	-3.339333382272606683e-04	4.184944216514594568e-04	1.498024579229510420e-03	1.381316076312825796e-04	-1.398057517696771703e-04	-3.519025941395899880e-03	-2.585543145807097667e-04	-1.698836468510472614e-03	2.260731326971363486e-04	3.347166763711065685e-04	4.076155174431905423e-05	-1.904689928972746592e-03	-8.546199252032817288e-05	4.170741666318840705e-05	2.218244025970676422e-03	1.943637436187853861e-04	1.025531177999864052e-04	-3.937439671880666597e-03
2.335827036096922715e-03	-2.478604408901516516e-03	-6.918717081786646475e-03	-5.028845534206706101e-04	-2.340344589548932520e-03	8.127042697604012220e-05	6.523449733744485484e-04	-3.159783370886551010e-05	-3.031569214286922425e-03	-1.768663798762808734e-04	-2.477528864806861214e-04	1.404319349718717320e-03	1.266551003566298390e-08	1.503505696611535849e-03	-3.118222656854726348e-03	-3.229816733780255028e-04	-9.395665931880355093e-03	-5.234604881267229128e-05	-6.858842313677919987e-04	3.887709165606198936e-03	-4.952885464040506728e-04	-1.258530926665770648e-04	-4.257666182959250409e-03	2.261233872532552366e-04	-4.932978592713952110e-04	1.508007497824877686e-03	1.792228091176063754e-03	-7.465809277199070781e-05	-1.130099486588256527e-03	-6.778140646998743633e-04	-2.445154967618223775e-04	2.951438643997990156e-03	-2.951556505104933718e-03	0.000000000000000000e+00	-4.125236055566696217e-04	2.371427050491738998e-03	-3.600635812955684683e-04	-1.805556194446111384e-03	-1.514603577217987817e-03	4.461749444123388336e-04	6.716694752798180342e-05	2.157975436554190277e-03	-1.758782088878280679e-04	-6.457319996853777468e-04	-2.734046770170132055e-03	-2.290011302555664333e-03	-4.869670962628424118e-04	8.116512301598209286e-03	6.412064366963901628e-04	2.013789403392378949e-04	-2.147241118532140954e-03	-2.407479231342728307e-04	-1.632365182229084458e-03	-4.818700257605492039e-04	9.595645858191576862e-05	2.744865346450181022e-03	2.477474592799530563e-05	-2.390242839133774073e-04	1.798812449868489847e-04	4.598587813974489708e-04	5.653316239493395411e-04	5.083395916862354369e-03	4.065162296963068379e-04	-1.027214127979872828e-03
8.160151178729850401e-04	-2.055109411481097735e-03	-3.108977666212786074e-03	-3.594354615554437842e-05	-8.207089042530837236e-04	1.149175902469421677e-04	1.848890291622731666e-04	-6.259028942541444880e-04	-1.427864739235818435e-03	-1.476883941753546689e-04	1.031277778617665391e-04	8.825265247892476617e-04	4.952999021697465035e-04	1.217753552704557273e-03	-9.643322520323031584e-04	-4.415914815226656205e-04	-4.226671285467078348e-03	1.299096136487745278e-04	8.517470030012174679e-05	1.746488168581515968e-03	2.692575680816975282e-09	1.515331176098365568e-04	-1.662061028960988823e-03	1.077246780593378041e-04	-9.971342905892797959e-05	1.389473339357356896e-03	1.234629764050084594e-03	-8.665420256618458429e-06	-1.949965413075928670e-04	-2.163498765536461940e-04	1.438498044657807043e-04	2.465279844688381648e-03	-1.464385275575140087e-03	4.125236055566696217e-04	0.000000000000000000e+00	9.739550951907594446e-04	-1.700856416175892407e-04	-7.031162477149192642e-04	-6.738306623551254364e-04	4.796449387808551269e-04	8.090840186133333215e-05	1.364951827563473576e-03	7.140696746669480781e-04	-1.767330536036209622e-04	1.888515120151962171e-04	-8.251689795762448109e-04	-1.059448150787642353e-04	3.643554634873987386e-03	1.799937113254797293e-04	8.823626544009840914e-05	1.805857767586857804e-04	1.939759641637296347e-04	1.788144368451689516e-05	-9.541314085945509782e-05	-9.962446341977074498e-06	8.952181747773945222e-04	1.102256750779163203e-05	-3.889434690131988222e-04	9.673103192489483561e-05	5.543222552306008646e-04	5.064609459710197508e-04	2.701253318103288316e-03	4.174921143926690502e-04	-1.080933887331943666e-03
-6.354039903916849918e-03	-6.414682600972983185e-05	4.317721447112682766e-04	3.342480488791728550e-03	4.525569164044521684e-04	-2.453712474416012317e-05	-3.250134684593922359e-03	-2.583572660832298513e-04	-4.188032764889014709e-04	6.744728301842796815e-05	3.521770553730116360e-04	2.459467738291450014e-04	1.130098436049239855e-03	1.118141217957938386e-04	-2.628740081523705608e-04	1.906736248898151134e-05	-6.220858224353421374e-05	-9.817561791838260582e-04	-1.125638419756066046e-03	1.884227604793072052e-04	1.949997167790950160e-04	1.975200811549430557e-04	2.211174539583926092e-04	-3.358229844490169861e-04	3.527721382215660319e-03	2.329940935888053107e-04	2.109853750391157978e-04	1.969088832533954234e-04	-6.400890726471469144e-09	4.356919756180971035e-03	8.221665160322782356e-03	2.384903317716087229e-04	2.382291516974505662e-04	-2.371427050491738998e-03	-9.739550951907594446e-04	0.000000000000000000e+00	9.888308585589064277e-05	2.684522972916895001e-04	2.969909375563037661e-04	-1.053760947334357167e-03	4.904089316354517654e-05	3.744796292523400031e-04	3.022558943395529615e-04	4.225977696341925646e-03	2.771525939439056329e-04	9.535052330078057359e-03	4.341883002853413193e-03	4.106123323406397137e-05	-3.320656200285499078e-03	2.700999150112449315e-04	4.919995527620305009e-04	8.113164682556996132e-03	3.497745103078403798e-04	4.262569626955846520e-03	3.292631345150712771e-04	-2.986265930424533309e-04	-3.227762491605093778e-04	1.114264009348288863e-03	4.901704517595386907e-04	2.375176792950207288e-04	6.284894114897832259e-05	-2.214383616683399873e-04	-4.547166560317143324e-04	1.421895519127998895e-03
8.503518968941286042e-05	-3.840551647048626041e-04	1.969241153581466602e-04	2.456496335523419827e-05	5.015363611784950069e-04	1.277278406196659497e-04	9.802672879405989069e-05	-5.933513165259532256e-04	-3.840541010768981460e-04	-3.427744897247935629e-05	1.634336339486807603e-04	5.504707647968736786e-04	3.600634678042682890e-04	5.982578829798687343e-04	1.102219166183920017e-04	-2.313218678404387160e-04	1.969275617272021948e-04	1.634329522484649524e-04	3.177272804433198413e-04	3.539905894814416774e-04	1.700855947306295396e-04	3.298733567848238573e-04	5.639475162306087971e-04	-1.038270579443462211e-05	2.456471327023132100e-05	5.504697641493712119e-04	3.539907953329202812e-04	-3.517203695432693578e-05	-9.887946232953754157e-05	-1.310468674763460510e-04	-1.478313773241455491e-04	6.963028696185676828e-04	5.015390056774484849e-04	3.600635812955684683e-04	1.700856416175892407e-04	-9.888308585589064277e-05	0.000000000000000000e+00	5.366012895534435535e-04	5.215715301276778373e-04	1.748397709879175900e-04	1.277277241151179702e-04	5.982536789697660232e-04	3.298717476474207801e-04	-1.310466276922985342e-04	5.366022398603728389e-04	-1.742900102981603957e-04	-4.370293485364287148e-05	3.010096764079964719e-05	9.802716479753536107e-05	1.102175804032109443e-04	5.639449090108477475e-04	-1.478327994854635667e-04	5.215711023871379094e-04	-4.370379852851605446e-05	-1.947343352106976558e-05	-5.475877334666472140e-04	-5.933526867074274741e-04	-2.313216260488788246e-04	-1.038226403954399949e-05	6.963052112821745175e-04	1.748395465564603932e-04	3.010496161702343122e-05	-5.475876212657888008e-04	-4.231798426554071301e-04
-1.991609807238695247e-03	1.060464237431259227e-04	5.711426754644909412e-04	7.765007995072703475e-04	6.641462514431033248e-04	-4.664739225283631805e-04	-2.069373349674279768e-03	-1.795212971065404651e-04	-2.906432908093599258e-04	-3.696171814277156601e-04	1.505218012729682550e-03	1.357845314142856904e-04	2.734055805525937612e-03	-5.324911094107206175e-05	-2.737010051615039290e-04	-1.364541456633707990e-03	1.448186350592151300e-04	5.807504713768881464e-04	1.730577612973973950e-03	-1.147193033504883620e-04	-1.888465900265792177e-04	-4.333096470646874161e-06	7.205929235197794912e-05	3.848640134253780579e-04	1.634131971843551419e-03	2.031833796050426944e-04	-3.060088640932641737e-05	-3.998050331157016260e-04	-2.771591518274923310e-04	1.482440247138121833e-03	3.364079777161081870e-03	2.754564616558268344e-04	2.161535016648295391e-04	1.805556194446111384e-03	7.031162477149192642e-04	-2.684522972916895001e-04	-5.366012895534435535e-04	0.000000000000000000e+00	9.246697774234978982e-05	1.402635070596021816e-03	6.279656418528506770e-04	6.006025963832032320e-04	2.087092352405973299e-04	-1.541752404890692988e-04	-1.769383592160872877e-09	2.638400388397627375e-03	1.734661794400539246e-03	3.662890507677408168e-04	-8.294080929461459086e-04	3.601789144526829621e-04	3.576879221857743370e-04	2.020564693659101813e-03	2.314033336463747767e-04	1.204014606285473644e-03	-7.510970375774388228e-05	3.631621969501762641e-05	-2.512971606209772829e-04	-1.805297693080927263e-03	1.770786687553503060e-04	3.187883250822722697e-04	1.664680616575776092e-03	-3.171981955387515194e-06	-1.736560003827671743e-04	-2.984649237835825929e-03
3.545083271801360804e-04	2.151368942355115618e-04	3.863442027015530247e-04	-8.306738868952893940e-04	2.585537880080786190e-04	-5.676049306191533351e-04	-4.649121974583173261e-04	-9.508656749809067904e-07	-1.186992834875828920e-04	-4.915673746262265702e-04	7.415116679779019775e-04	-4.891031831180799402e-06	1.632368192220483381e-03	-1.474607502710427768e-04	-1.290625061947973061e-04	-1.119168911428283352e-03	1.142952018395531981e-04	-4.775796492500623385e-05	1.238498348297212021e-03	-2.238655064152627098e-04	-1.788062964601255952e-05	-1.014009347300191740e-04	3.349357656973259693e-05	-3.573078510207430651e-05	9.703008715117643704e-05	3.061952346688175185e-05	-2.189127851001986186e-04	-2.287532464641520624e-04	-3.497756023384657035e-04	-3.920725405715282374e-05	2.553662251057804049e-04	2.828630161096622208e-04	8.713238612119390217e-05	1.514603577217987817e-03	6.738306623551254364e-04	-2.969909375563037661e-04	-5.215715301276778373e-04	-9.246697774234978982e-05	0.000000000000000000e+00	1.083086219790536930e-03	3.047831374849098354e-04	2.190641195417213452e-04	-1.210523935634565020e-05	-1.010639270636690817e-03	-2.314042903718914576e-04	-5.031785648151399296e-04	5.692856910189205734e-04	3.934534149757118763e-04	3.372118365024623170e-04	2.545962545649571671e-04	2.001957383013970864e-04	-8.760682163730111171e-04	-2.221344352153187783e-10	-3.136262374151091198e-04	1.961203350550875016e-04	2.493780306355355275e-04	-1.022459849283547707e-04	-1.430235396598215393e-03	8.956745973951620287e-06	2.229054046364354908e-04	1.506935701844576425e-03	7.985127741046770347e-05	6.500538031428371936e-06	-2.453477077783128811e-03
5.340766498313179612e-04	-8.703803084349442769e-04	-3.640616137142183191e-03	5.913458869579883486e-05	-2.218243527850718814e-03	9.589056411203341035e-06	4.690543646891095304e-05	7.109809298733241190e-04	-1.509348139891625393e-03	-7.240157664900481889e-05	-3.393678466516690528e-04	5.264547578194926896e-04	-5.653190559428767411e-04	5.619880576994017076e-04	-1.293658038162389529e-03	1.460584772843575338e-04	-4.767872602314267294e-03	-2.634918123602341235e-04	-8.628609027692842569e-04	1.690414661239997111e-03	-5.064561445419230989e-04	-3.549760376541564967e-04	-2.341415156448979108e-03	1.344518145140061595e-04	3.602349024024698813e-05	-1.033992078725357033e-04	-4.329187778437939237e-05	-5.457779248192566601e-05	-6.285125734295292181e-05	1.546559199165387392e-05	5.694624779175100002e-04	6.972620210362851607e-04	-1.707191353225478211e-03	-4.461749444123388336e-04	-4.796449387808551269e-04	1.053760947334357167e-03	-1.748397709879175900e-04	-1.402635070596021816e-03	-1.083086219790536930e-03	0.000000000000000000e+00	-1.737557973052083387e-05	-3.665396858250874034e-04	-8.917632540104668010e-04	3.514439446344384366e-05	-1.664677059399898885e-03	-3.728339407440814162e-04	1.170540881964998888e-04	3.691848815447990560e-03	-1.912238615252737778e-06	-1.849830227897081639e-04	-1.664980219411384393e-03	6.225486023905708053e-04	-1.506935097723587514e-03	1.415616192579037536e-04	1.309587047997605479e-04	2.368266838603558071e-03	1.837557687823549335e-04	1.537385905741444898e-04	1.321615245032259508e-04	5.316906640164291762e-05	3.234636851364771639e-09	2.795662268974683645e-03	6.374407446533262743e-04	6.322589921975554699e-05
1.085531960091597789e-04	-5.800706674769404939e-04	-1.471023633050371794e-04	-6.734500255815145794e-05	4.229953474248832534e-04	2.169015272905226895e-11	2.185952343999772825e-05	-5.706205089793245974e-04	4.321450122361666598e-04	1.061558468388794320e-04	7.394575489039557946e-06	-4.886949355668143615e-04	-8.126934567360873931e-05	-2.859855958915252447e-04	1.467691935907368829e-04	7.118502761699444263e-05	-6.862494982095929607e-05	5.262193307931685167e-06	-7.072770986654274700e-05	-4.571207692376045911e-04	-1.149166602373719720e-04	-4.886417411680173128e-04	-4.228640953081980831e-04	1.385367465655446649e-05	-4.623655438538751381e-05	3.416689707584261680e-04	5.632988806420843745e-04	1.943891828914070413e-05	2.453395894618784143e-05	-1.185996240468096912e-05	-3.256294989383588855e-05	4.608224822572980607e-04	-4.633293258964319740e-04	-6.716694752798180342e-05	-8.090840186133333215e-05	-4.904089316354517654e-05	-1.277277241151179702e-04	-6.279656418528506770e-04	-3.047831374849098354e-04	1.737557973052083387e-05	0.000000000000000000e+00	5.708286496838692065e-04	5.236892454197964982e-04	-4.561854569104860466e-05	4.664718230208274199e-04	-5.248741278404117487e-05	-3.546308315320083272e-05	7.850661623111170832e-08	3.590077872955661970e-05	1.758893588146666549e-06	4.961893845554935303e-04	-6.821897944852195125e-05	5.676045235072527204e-04	-1.725860439831016429e-06	-2.587669562994641285e-06	-6.577474485387237169e-04	4.691138167600998263e-04	6.987196433383589746e-05	-1.148914648793867980e-06	-5.182943161889240914e-04	-9.588338141979816726e-06	1.314806464056279258e-04	4.700900932278397754e-04	7.884669291143050064e-05
-2.019429340426222470e-03	-5.297931194906417747e-05	9.803649474506443686e-06	8.900714786982434623e-04	1.901061036320851713e-04	2.859842888402230930e-04	-1.257110667752966721e-03	-1.589132422941853676e-04	5.323979095571520267e-04	-3.209211373914847443e-04	-1.569284860797370233e-03	-1.534657367940475215e-04	-1.503516035411200545e-03	-7.183194077022751842e-10	2.548240016539176831e-04	6.006127517691441575e-04	3.093153280814673776e-04	-1.001741663919281100e-03	-2.213918233001052963e-03	-2.742355124619582371e-04	-1.217755652686640898e-03	-2.289794014889949135e-04	-5.290071336694777341e-05	4.057047505140625766e-04	-6.013186683765304368e-04	5.191638933495854177e-05	3.509077611897890362e-05	5.913085356748011990e-04	-1.118135444274398520e-04	5.302207512641189235e-04	1.186010979442724336e-03	1.370984617061477007e-04	4.720496859937848276e-05	-2.157975436554190277e-03	-1.364951827563473576e-03	-3.744796292523400031e-04	-5.982536789697660232e-04	-6.006025963832032320e-04	-2.190641195417213452e-04	3.665396858250874034e-04	-5.708286496838692065e-04	0.000000000000000000e+00	2.039872491264578362e-05	1.297873049386241576e-03	5.325028657254802004e-05	1.629055956300246369e-03	4.655068903695079650e-04	-7.238628412211485421e-05	-1.307292858008046385e-03	-1.922176920916427096e-05	8.378917651560772019e-05	2.208740366701808511e-03	1.474625602227248779e-04	1.497256882943566979e-03	-2.145478717016577601e-04	-2.061582172115641247e-04	1.625305812325875360e-04	1.074659155167633677e-03	7.928328748585973648e-06	1.151567373531707018e-04	-5.619971754212134234e-04	3.557758030052535062e-04	3.098826365133120408e-04	1.515776815041172069e-03
-1.030744058659275892e-03	-1.734909499034526566e-04	7.433302298316453330e-05	7.390476743302611725e-04	1.839752333433331401e-04	4.886417084473538945e-04	-4.723900666639256228e-04	-1.946074135120508426e-04	2.233348020828358315e-04	-4.478411092649502070e-04	-4.704255002242613282e-04	3.995050701358230435e-05	1.258472340645877020e-04	2.289775799043496920e-04	2.760358712402461757e-04	-6.023119689615573803e-04	3.845234949821117265e-04	1.714433035500031316e-04	-2.041939139719038036e-04	-1.842056889204753839e-04	-1.515343828402957501e-04	-3.983019631617016471e-10	2.008292431464231051e-04	3.444501144167357943e-04	-3.288988968592600291e-04	9.375221676382445267e-05	-5.045779920366003318e-05	8.739478867559404051e-05	-1.975205104380300253e-04	-2.570644262681906576e-04	5.444953796184612152e-04	2.375761730072955321e-04	2.742366117285289107e-04	1.758782088878280679e-04	-7.140696746669480781e-04	-3.022558943395529615e-04	-3.298717476474207801e-04	-2.087092352405973299e-04	1.210523935634565020e-05	8.917632540104668010e-04	-5.236892454197964982e-04	-2.039872491264578362e-05	0.000000000000000000e+00	8.641108992436239734e-04	4.333014879714892562e-06	1.085817829685024665e-03	3.158590179621858151e-04	9.366281461487537755e-06	-1.215238305547109744e-03	-1.291874089523794558e-04	7.679893492361045896e-05	1.704205778408742497e-03	1.014017688115732965e-04	1.132117746269559362e-03	-1.202747670412501578e-04	-1.600293667811710906e-04	-1.753685280404014351e-05	-1.283878677699530515e-04	3.056356980931365847e-04	2.607232662139437698e-04	3.549720120766599327e-04	3.349270105911006422e-04	2.140002747791429588e-04	-7.022395764242534994e-04
-9.881838301848725695e-04	-6.463668719666965448e-04	9.797312094810498723e-04	4.883040968424832030e-04	1.592286669293519526e-03	1.186263318858877963e-05	-4.276137917875347076e-04	-6.468614115956527284e-04	-1.843275345210211450e-03	7.842499952065646110e-05	2.547411632913911027e-04	7.634318517927826458e-04	6.778039689293675549e-04	-5.302226299679722171e-04	-2.948563775094142046e-03	5.717739746567026518e-05	9.751002079692761438e-04	2.194051529105426712e-04	-8.189420623838449638e-05	-9.849433424178933617e-04	2.163444169058724149e-04	2.570644800894936492e-04	7.542732995324095838e-04	4.543164531009466603e-05	5.311725320041087378e-04	-2.090676032152344451e-04	-1.725596356672770343e-03	-2.407224986355624636e-04	-4.356919910174903224e-03	-3.791289717133589261e-09	5.644392200423558855e-04	1.425017581328464310e-03	1.956435891309143971e-03	6.457319996853777468e-04	1.767330536036209622e-04	-4.225977696341925646e-03	1.310466276922985342e-04	1.541752404890692988e-04	1.010639270636690817e-03	-3.514439446344384366e-05	4.561854569104860466e-05	-1.297873049386241576e-03	-8.641108992436239734e-04	0.000000000000000000e+00	-1.482438531822206484e-03	-5.022253897744247825e-05	1.008109516478432159e-04	5.553809490847258067e-04	-3.814087022763624612e-04	-3.002128334473680264e-03	-6.791060022090107109e-04	4.974500275092769500e-04	3.920905545154053899e-05	4.312246418669152400e-05	-9.225974468425309025e-05	-6.931287710861634482e-04	-1.545727817414686497e-03	6.977298970565611546e-05	7.854693443830997664e-05	2.887652692627642841e-03	-1.547061413389782874e-05	5.188795762647598455e-04	-1.410281517200781976e-03	7.545646175141702177e-04
-1.991616149544125653e-03	-2.906382386796160745e-04	1.448270135018255402e-04	1.634134927432154272e-03	2.161549108213378710e-04	6.279684216864479286e-04	-8.294089843543005561e-04	-2.512949924718327951e-04	1.060459813065602942e-04	-3.696160884683610749e-04	5.807492426572825927e-04	2.031826240318840759e-04	1.805555226601378641e-03	6.006001876883780392e-04	3.601795729350345610e-04	-1.805293592586824361e-03	5.711414863700200496e-04	1.505216685865106221e-03	1.730574625521999563e-03	-3.059929038715661831e-05	7.031160907336437378e-04	2.087096511270266014e-04	3.576895675950743586e-04	1.770791941568965232e-04	7.765058198930131078e-04	1.357813426998001442e-04	-1.147236832211702781e-04	-3.998059307484759430e-04	-2.684541117663178820e-04	-1.541752180699084785e-04	2.020569518765959714e-03	3.187851362516230802e-04	6.641447559695594968e-04	2.734046770170132055e-03	-1.888515120151962171e-04	-2.771525939439056329e-04	-5.366022398603728389e-04	1.769383592160872877e-09	2.314042903718914576e-04	1.664677059399898885e-03	-4.664718230208274199e-04	-5.325028657254802004e-05	-4.333014879714892562e-06	1.482438531822206484e-03	0.000000000000000000e+00	2.638402052596750501e-03	1.204016093634448529e-03	-3.173431236094662912e-06	-2.069376920369554815e-03	-2.736980657529491543e-04	7.206280124498685145e-05	3.364083290268687042e-03	9.246758408149236734e-05	1.734665398348671141e-03	-7.511084998268642565e-05	-1.736550463453645477e-04	-1.795208993258772933e-04	-1.364535984666892998e-03	3.848659627840896177e-04	2.754531860949283604e-04	1.402635937376523791e-03	3.662845722614787962e-04	3.631663955557231575e-05	-2.984640185766407675e-03
-2.004482416947700896e-03	-1.890611585445982649e-03	2.544626888216020184e-03	1.050435113852650135e-03	3.517852314408796439e-03	5.249317253762881077e-05	-8.346089563504887395e-04	-1.881529770409257714e-03	-1.890602829941035509e-03	2.090149029596559817e-04	8.730648546252471999e-04	2.826462455236631449e-04	2.289992475923946329e-03	-1.629059437010306173e-03	-5.665244809489522124e-03	-3.344470172953653130e-04	2.544624296954916490e-03	8.730714322332958164e-04	7.036437599109896012e-04	-3.264975317500644521e-03	8.251601240920696488e-04	-1.085818377913592026e-03	-3.863189045906772361e-04	1.366426562348680688e-05	1.050427887378957252e-03	2.826531762858455190e-04	-3.264972740017563820e-03	-4.870283778219234054e-04	-9.535064262533504698e-03	5.021405951743783690e-05	1.138907052446697576e-03	4.032076840981058119e-03	3.517838302551556419e-03	2.290011302555664333e-03	8.251689795762448109e-04	-9.535052330078057359e-03	1.742900102981603957e-04	-2.638400388397627375e-03	5.031785648151399296e-04	3.728339407440814162e-04	5.248741278404117487e-05	-1.629055956300246369e-03	-1.085817829685024665e-03	5.022253897744247825e-05	-2.638402052596750501e-03	0.000000000000000000e+00	2.061182857766860957e-04	1.731824215368342164e-03	-8.346164514803935909e-04	-5.665254905631742985e-03	-3.863197402650837549e-04	1.138925062954516867e-03	5.031841334103275432e-04	2.061252342756830910e-04	-1.497551426778003522e-04	-1.736770364030312081e-03	-1.881518205096755977e-03	-3.344544372222595162e-04	1.365773493894252661e-05	4.032065925152549662e-03	3.728250743122083193e-04	1.731824204992742696e-03	-1.736755544122132316e-03	6.317263386635768802e-04
-7.265865994491640121e-04	-1.551292722494040412e-03	5.244538538193996508e-04	3.993012727312679803e-04	1.698843787808409665e-03	1.729138482638716771e-06	-2.705561411586661661e-04	-1.212375195260096197e-03	-6.324303894323806720e-04	1.424234231770193882e-04	1.428645412915077436e-04	-3.709772847377055096e-04	4.818628147792464070e-04	-1.497262568630777953e-03	-2.625637404512224174e-03	1.458548210266228035e-04	6.659278679821529177e-04	1.346094131338761472e-04	-2.368419042502866866e-04	-2.320565192816608294e-03	9.540919722092526751e-05	-1.132119159945519727e-03	-7.513503457649708213e-04	-2.679666395489434559e-05	3.878112722340400567e-04	4.836702286192980354e-04	-9.491798825785584953e-04	-2.337960202170218864e-04	-4.262576284318224037e-03	-4.312358082009995605e-05	3.192728392637375558e-04	1.996850462264088653e-03	3.339333382272606683e-04	4.869670962628424118e-04	1.059448150787642353e-04	-4.341883002853413193e-03	4.370293485364287148e-05	-1.734661794400539246e-03	-5.692856910189205734e-04	-1.170540881964998888e-04	3.546308315320083272e-05	-4.655068903695079650e-04	-3.158590179621858151e-04	-1.008109516478432159e-04	-1.204016093634448529e-03	-2.061182857766860957e-04	0.000000000000000000e+00	7.509691356081724632e-04	-2.771260457906004129e-04	-2.966965269253035459e-03	-2.920191240307926594e-04	3.545339929308575187e-04	3.136277547341037976e-04	3.879015749363992822e-09	-4.565956788342717687e-05	-1.229925543800313142e-03	-1.470933396195384069e-04	1.376474492584358646e-04	-3.262027811046542560e-05	1.481938307399870451e-03	-1.415640508553937370e-04	8.995895314965080556e-04	2.911616649960149187e-04	9.629480841720823190e-04
-1.236220075336072781e-03	1.677423328337365857e-04	2.451992985124981758e-05	-4.292293734722279629e-05	-1.943638097125317474e-04	-1.314840790144873530e-04	-4.735713755570519247e-04	1.519274035300911211e-04	2.526358490093231005e-04	1.534287450972635872e-04	-2.330193973856453313e-03	-2.919326521217058203e-04	-5.083409928751354140e-03	-3.557769645856461967e-04	2.306067326258589260e-05	2.910534831259999414e-03	-2.236390194601648482e-04	-3.624797984460437564e-03	-6.475010937768668068e-03	-2.926264242548254303e-04	-2.701257906966563361e-03	-3.349299046719461659e-04	-4.250610452789863590e-04	-2.619569413150463471e-04	2.499028269287720738e-05	-4.715622564723315137e-05	-5.732408490044733126e-07	2.692305967688480515e-05	2.214399001097865159e-04	-5.188783246510592518e-04	-6.660132842472985719e-04	-1.553507407291447508e-04	-4.184944216514594568e-04	-8.116512301598209286e-03	-3.643554634873987386e-03	-4.106123323406397137e-05	-3.010096764079964719e-05	-3.662890507677408168e-04	-3.934534149757118763e-04	-3.691848815447990560e-03	-7.850661623111170832e-08	7.238628412211485421e-05	-9.366281461487537755e-06	-5.553809490847258067e-04	3.173431236094662912e-06	-1.731824215368342164e-03	-7.509691356081724632e-04	0.000000000000000000e+00	-2.781782296312123389e-04	2.954844204549332857e-04	4.847523594297950870e-05	-7.414173506284185179e-04	-7.985006555191344183e-05	-8.995972094920054755e-04	-4.980908831769314052e-04	1.735944069074445118e-04	3.216084689005702015e-04	3.871872069915865359e-03	4.455907900806855486e-04	-2.914579937811335140e-04	-2.795674931749056978e-03	1.925367318784390255e-10	4.476889835419115568e-04	7.350228206466104947e-03
2.784928864508293286e-04	-2.469347713839023148e-04	7.243702837220994764e-05	-1.383254033367910100e-04	-9.241208352927763074e-04	-2.186249632780744117e-05	-3.209041283841907594e-09	-1.671660573072393153e-05	1.211433202424176854e-03	-8.123825344969449699e-05	-2.408042056031658746e-04	-8.078448794947260697e-05	-6.523356636226737212e-04	1.257111089202777102e-03	3.775100658627739136e-03	-6.539741005897036505e-05	1.293078620186520976e-04	-2.504465854088179727e-04	2.789843239161404623e-05	5.753087371718861032e-04	-1.848856136748385415e-04	4.723894158053822383e-04	9.545445319112978722e-04	-7.468276170369031637e-05	-1.625615656119653901e-04	6.545776562458932839e-04	1.026945627610686106e-03	2.744845425673381406e-04	3.250136366837829902e-03	4.276219296721531617e-04	2.611656653601014308e-04	2.629333991996223854e-04	-1.498024579229510420e-03	-6.412064366963901628e-04	-1.799937113254797293e-04	3.320656200285499078e-03	-9.802716479753536107e-05	8.294080929461459086e-04	-3.372118365024623170e-04	1.912238615252737778e-06	-3.590077872955661970e-05	1.307292858008046385e-03	1.215238305547109744e-03	3.814087022763624612e-04	2.069376920369554815e-03	8.346164514803935909e-04	2.771260457906004129e-04	2.781782296312123389e-04	0.000000000000000000e+00	3.539943731786000976e-03	2.216719522307380313e-03	2.005895069667161523e-04	4.649122216522904856e-04	2.705575270811207654e-04	2.323425721761468140e-05	1.168717276036390033e-03	9.958584755441909041e-04	-4.738044214431410520e-05	-7.253098121404550562e-05	-1.122639758125056801e-03	-4.690113026401056024e-05	4.735682365782245161e-04	1.779679656706327929e-03	-6.682850954462049922e-04
-7.561763566338062376e-03	7.462249148379573719e-05	4.507695095762134400e-05	3.424409368530602522e-03	8.002459533821873710e-05	-1.467690885681108975e-04	-3.775104423014770394e-03	-4.362150826576889043e-05	2.048699112364997695e-04	1.347326410921977579e-04	1.418712819576141253e-03	-2.170482300561839956e-04	3.118219027338851000e-03	-2.548277102082698573e-04	-4.154358611540556398e-09	-8.757692954414911333e-04	-5.419285788492982119e-05	1.800923120285727352e-04	1.119507133026804470e-03	-2.740600507104667656e-04	9.643342086080873609e-04	-2.760373933246780304e-04	-3.214208736182111339e-04	-1.501853454652789959e-04	3.449272051832806898e-03	2.532677466582194237e-05	2.000846495354256121e-04	-9.626087533648474987e-05	2.628704020176751265e-04	2.948566800231024361e-03	7.205325445710016041e-03	-7.704089100892201993e-05	-1.381316076312825796e-04	-2.013789403392378949e-04	-8.823626544009840914e-05	-2.700999150112449315e-04	-1.102175804032109443e-04	-3.601789144526829621e-04	-2.545962545649571671e-04	1.849830227897081639e-04	-1.758893588146666549e-06	1.922176920916427096e-05	1.291874089523794558e-04	3.002128334473680264e-03	2.736980657529491543e-04	5.665254905631742985e-03	2.966965269253035459e-03	-2.954844204549332857e-04	-3.539943731786000976e-03	0.000000000000000000e+00	7.058557479740776644e-05	7.071996096088493597e-03	1.290605773604138059e-04	2.625638437696954652e-03	-3.419891111363323501e-04	-1.743068352572701898e-04	1.638858323490042894e-04	7.015623033414488860e-05	5.790981201991109769e-04	-1.557657320843657412e-04	1.293649397090339140e-03	-2.306564765481250125e-05	2.234449168129153780e-04	-9.218680485360146752e-04
-2.390065076218247236e-03	-8.045926614519996424e-05	1.079587321404949167e-04	1.188602454783044965e-03	4.192508909941900755e-05	4.228644650474857724e-04	-9.545486147188601746e-04	-7.471508719587960476e-05	2.869536632373874841e-04	-4.616247776170485494e-04	1.596621715080407539e-03	-1.479329696377687108e-04	4.257663584157708389e-03	5.289653071857610420e-05	3.214162936151120282e-04	-2.891129585237286678e-03	3.987657859392015587e-04	1.152474214209847246e-03	2.749443460117986099e-03	-5.670135274956564220e-04	1.662061770413689708e-03	-2.008305568404858714e-04	-6.494433266653900326e-10	-2.942055511095266864e-04	6.936781183505644644e-04	3.027246952493840349e-05	-1.646865732319236679e-04	-4.039762268111679469e-04	-2.211232815182286406e-04	-7.542732875675474315e-04	1.286042864364926250e-03	1.553547193239995252e-04	1.398057517696771703e-04	2.147241118532140954e-03	-1.805857767586857804e-04	-4.919995527620305009e-04	-5.639449090108477475e-04	-3.576879221857743370e-04	-2.001957383013970864e-04	1.664980219411384393e-03	-4.961893845554935303e-04	-8.378917651560772019e-05	-7.679893492361045896e-05	6.791060022090107109e-04	-7.206280124498685145e-05	3.863197402650837549e-04	2.920191240307926594e-04	-4.847523594297950870e-05	-2.216719522307380313e-03	-7.058557479740776644e-05	0.000000000000000000e+00	2.469392989042481102e-03	-3.349481949678468316e-05	7.513490256909019938e-04	-4.793446442839116323e-04	1.095468913370621264e-05	1.642706511375926267e-04	-1.437578564109914716e-03	6.840389094764454201e-04	1.172138439133611938e-04	2.341410063055468331e-03	4.250560869353286640e-04	6.322826596209122144e-04	-4.113186210724346405e-03
-8.831447166058801991e-04	-1.722296463642942078e-03	1.711047663471343178e-04	4.483500711994021430e-04	2.392828977675512218e-03	3.256828895577536741e-05	-2.611504002478404912e-04	-1.252409274619857571e-03	-2.896116938801252677e-03	2.502168436030590901e-04	-3.399783899828243573e-05	9.259588736244628651e-04	2.444941856751760203e-04	-1.186014887617432238e-03	-7.205321685552830424e-03	7.055745745726133824e-04	2.532550647535883694e-04	-3.794232590092659011e-05	-1.270340137652492714e-03	-1.226438127014441333e-03	-1.438579392050946121e-04	-5.444945762087837794e-04	-1.286040592688090893e-03	4.040481521937077010e-05	5.569938892142057250e-04	-1.226364048172110801e-04	-2.433854484217195038e-03	-5.091899933538339288e-04	-8.221672734695477380e-03	-5.644566296741935010e-04	-1.789686212451396937e-08	2.401647005467164725e-03	3.519025941395899880e-03	2.407479231342728307e-04	-1.939759641637296347e-04	-8.113164682556996132e-03	1.478327994854635667e-04	-2.020564693659101813e-03	8.760682163730111171e-04	-6.225486023905708053e-04	6.821897944852195125e-05	-2.208740366701808511e-03	-1.704205778408742497e-03	-4.974500275092769500e-04	-3.364083290268687042e-03	-1.138925062954516867e-03	-3.545339929308575187e-04	7.414173506284185179e-04	-2.005895069667161523e-04	-7.071996096088493597e-03	-2.469392989042481102e-03	0.000000000000000000e+00	-2.553637297754597223e-04	-3.192756698688278827e-04	-8.080205297796605218e-05	-2.137302181011777828e-03	-2.430300987130176900e-03	6.662403614448458595e-04	5.795493335344813961e-05	3.604475709111890948e-03	-5.694727998915086187e-04	6.660127915320692782e-04	-3.441535745281943271e-03	2.801068498639219632e-03
3.545085942619097697e-04	-1.186959290796971834e-04	1.142999019884414547e-04	9.702930412271732071e-05	8.713303168985505264e-05	3.047840210752710867e-04	3.372121368320314195e-04	-1.022446894525870411e-04	2.151354289686321333e-04	-4.915673750747945108e-04	-4.775775434234970362e-05	3.061957759241119544e-05	1.514604254248987005e-03	2.190625382518369925e-04	2.545959237834392679e-04	-1.430235086166607456e-03	3.863445742376674531e-04	7.415111838861708667e-04	1.238498457615013794e-03	-2.189131145820689267e-04	6.738309883676932895e-04	-1.210557035987317527e-05	2.001966730181536642e-04	8.957321282667383717e-06	-8.306749118415662249e-04	-4.893861259025807430e-06	-2.238693421222307401e-04	-2.287531525995927894e-04	-2.969928039202910600e-04	-1.010643096092627216e-03	-8.760719536293659800e-04	2.229035110637107636e-04	2.585543145807097667e-04	1.632365182229084458e-03	-1.788144368451689516e-05	-3.497745103078403798e-04	-5.215711023871379094e-04	-2.314033336463747767e-04	2.221344352153187783e-10	1.506935097723587514e-03	-5.676045235072527204e-04	-1.474625602227248779e-04	-1.014017688115732965e-04	-3.920905545154053899e-05	-9.246758408149236734e-05	-5.031841334103275432e-04	-3.136277547341037976e-04	7.985006555191344183e-05	-4.649122216522904856e-04	-1.290605773604138059e-04	3.349481949678468316e-05	2.553637297754597223e-04	0.000000000000000000e+00	5.692838282965267081e-04	1.961191838137813046e-04	6.501633379201853663e-06	-9.519170129857604571e-07	-1.119165853308515517e-03	-3.572960225534915746e-05	2.828635366422787428e-04	1.083085886665104310e-03	3.934524675129376240e-04	2.493781092550470362e-04	-2.453473807647479563e-03
-7.265813478344709852e-04	-6.324344567984710886e-04	6.659296381717582768e-04	3.878120469276055389e-04	3.339404740404909610e-04	3.546538696307607072e-05	-2.771199770347305058e-04	-1.470988661497615261e-04	-1.551290743186964968e-03	1.424233578140354014e-04	1.346055510571800740e-04	4.836683315547438697e-04	4.869561237804472952e-04	-4.655082934256113934e-04	-2.966963686288611422e-03	1.376513631456655572e-04	5.244499183494266345e-04	1.428665460095872449e-04	-2.368434416832074598e-04	-9.491795442183554666e-04	1.059403695232148483e-04	-3.158592332008924473e-04	-2.920190964448922985e-04	-3.261794268401379914e-05	3.992956861050575654e-04	-3.709724947903246094e-04	-2.320563754116095403e-03	-2.337968516622158845e-04	-4.341893590877343029e-03	-1.008183417174297392e-04	3.545182325654812599e-04	1.481947095122979757e-03	1.698836468510472614e-03	4.818700257605492039e-04	9.541314085945509782e-05	-4.262569626955846520e-03	4.370379852851605446e-05	-1.204014606285473644e-03	3.136262374151091198e-04	-1.415616192579037536e-04	1.725860439831016429e-06	-1.497256882943566979e-03	-1.132117746269559362e-03	-4.312246418669152400e-05	-1.734665398348671141e-03	-2.061252342756830910e-04	-3.879015749363992822e-09	8.995972094920054755e-04	-2.705575270811207654e-04	-2.625638437696954652e-03	-7.513490256909019938e-04	3.192756698688278827e-04	-5.692838282965267081e-04	0.000000000000000000e+00	-4.566021981594931716e-05	2.911577955705760019e-04	-1.212369507836670319e-03	1.458526449089579409e-04	-2.679948500597567390e-05	1.996845064191930547e-03	-1.170597243986957103e-04	7.509683661220854182e-04	-1.229920067819684996e-03	9.629507911726977376e-04
-3.931616892572278974e-05	-5.043169412290876043e-04	1.084451759262775294e-04	4.606356577378042819e-05	-2.260705601348920101e-04	2.587587500345044359e-06	-2.323373993880230011e-05	-1.387116859526006229e-04	-5.043169613637311227e-04	-5.901980903346771331e-06	-1.007016196272199051e-04	4.382659708298609121e-04	-9.595675474724860024e-05	2.145467140267428717e-04	3.419869650614267291e-04	4.123368266139819794e-06	1.084409903773567288e-04	-1.007018696365821167e-04	-9.302974735096394441e-05	-2.292314187207929979e-04	9.962092913065381523e-06	1.202733578190842229e-04	4.793413243978892377e-04	-1.435804631593801562e-04	4.606445471157158942e-05	4.382665858485461970e-04	-2.292330198997292903e-04	2.224305550446428593e-05	-3.292669917476511669e-04	9.225980746376232899e-05	8.080132668418636319e-05	7.462095894111885411e-04	-2.260731326971363486e-04	-9.595645858191576862e-05	9.962446341977074498e-06	-3.292631345150712771e-04	1.947343352106976558e-05	7.510970375774388228e-05	-1.961203350550875016e-04	-1.309587047997605479e-04	2.587669562994641285e-06	2.145478717016577601e-04	1.202747670412501578e-04	9.225974468425309025e-05	7.511084998268642565e-05	1.497551426778003522e-04	4.565956788342717687e-05	4.980908831769314052e-04	-2.323425721761468140e-05	3.419891111363323501e-04	4.793446442839116323e-04	8.080205297796605218e-05	-1.961191838137813046e-04	4.566021981594931716e-05	0.000000000000000000e+00	5.096004190998238825e-04	-1.387101857855819922e-04	4.124053721490431420e-06	-1.435802064154807138e-04	7.462057803867458948e-04	-1.309592324893302955e-04	4.980889655728048095e-04	5.096004240027565430e-04	1.478041852806075574e-04
-3.509509640745213030e-03	1.521175604518218405e-04	-2.694657838099924518e-05	1.289369421584305071e-03	-1.025548863306731157e-04	-4.700905907172355912e-04	-1.779684315221600251e-03	1.143137336976616006e-04	-1.220617001924776974e-08	4.796612170630709009e-04	9.582662418396352758e-04	-2.541842937144480176e-04	-4.065197288476771328e-04	-3.098842148700788317e-04	-2.234492491607959126e-04	9.702563666871187814e-04	-4.546420616448412517e-04	-1.004438247851377301e-03	-1.335731083025507634e-03	2.005008458480332317e-05	-4.174936664728541818e-04	-2.140011127291472650e-04	-6.322858374524479999e-04	-2.577398401891927348e-04	2.804493515240376322e-03	4.645828586622693848e-05	2.912700336347480304e-04	-3.834351939795539949e-04	4.547171282755704943e-04	1.410288729638034446e-03	3.441547559575356199e-03	-2.681233952025757370e-04	-3.347166763711065685e-04	-2.744865346450181022e-03	-8.952181747773945222e-04	2.986265930424533309e-04	5.475877334666472140e-04	-3.631621969501762641e-05	-2.493780306355355275e-04	-2.368266838603558071e-03	6.577474485387237169e-04	2.061582172115641247e-04	1.600293667811710906e-04	6.931287710861634482e-04	1.736550463453645477e-04	1.736770364030312081e-03	1.229925543800313142e-03	-1.735944069074445118e-04	-1.168717276036390033e-03	1.743068352572701898e-04	-1.095468913370621264e-05	2.137302181011777828e-03	-6.501633379201853663e-06	-2.911577955705760019e-04	-5.096004190998238825e-04	0.000000000000000000e+00	2.290531504905252646e-04	1.493254972325664927e-03	7.577096762798282183e-04	-7.195307526253783784e-04	-6.374448000072080803e-04	-4.476922376567880977e-04	-1.315876102210496472e-09	2.749151395397147341e-03
-1.671252733190158133e-03	-1.625345850485333408e-04	-3.039531977612426931e-04	1.616780737422534014e-03	-1.942524817409443190e-04	5.706205423680462893e-04	1.671978905766973540e-05	-9.158894327633212984e-10	-2.620186632195391742e-05	2.508386019513355919e-04	1.302912872195036501e-04	9.301725175867343203e-05	3.159584930452524521e-05	1.589112158421920168e-04	4.362079251400730626e-05	2.820672475624407026e-04	-1.410416043241466129e-04	7.079548543319558792e-04	2.424730657787335013e-04	2.860180623457474593e-04	6.259022643350869259e-04	1.946077551365455675e-04	7.471708262115657603e-05	2.739511653630657224e-04	7.437280556478196095e-04	-3.149892237496200849e-05	1.980375568167610763e-04	-1.133035186160606688e-04	2.583557083648237098e-04	6.468563438509222514e-04	1.252399130219727756e-03	-2.605127460898586924e-04	-4.076155174431905423e-05	-2.477474592799530563e-05	-1.102256750779163203e-05	3.227762491605093778e-04	5.933526867074274741e-04	2.512971606209772829e-04	1.022459849283547707e-04	-1.837557687823549335e-04	-4.691138167600998263e-04	-1.625305812325875360e-04	1.753685280404014351e-05	1.545727817414686497e-03	1.795208993258772933e-04	1.881518205096755977e-03	1.470933396195384069e-04	-3.216084689005702015e-04	-9.958584755441909041e-04	-1.638858323490042894e-04	-1.642706511375926267e-04	2.430300987130176900e-03	9.519170129857604571e-07	1.212369507836670319e-03	1.387101857855819922e-04	-2.290531504905252646e-04	0.000000000000000000e+00	8.240444012979021484e-04	2.922855809567901459e-04	-1.047230393368236544e-04	-7.109825260912114786e-04	-1.519305082560781653e-04	-1.143145696192455606e-04	8.217344497868374039e-04
-4.056209859896238597e-04	1.091354784990257150e-03	3.955012014159233619e-03	-1.103099641843206043e-04	1.865828735762283495e-03	-7.118577396832770430e-05	6.539290910732557956e-05	-2.820656181288965555e-04	1.543934229781982132e-04	1.097848162134846764e-04	2.951896357773254893e-04	2.973782502036997704e-05	3.229696143994787122e-04	-6.006082761577114784e-04	8.757685061454112494e-04	2.721384482781309265e-09	4.417054740975560542e-03	1.867529542502311779e-04	7.087148166886501292e-04	-1.414472342413327678e-03	4.415848995099961303e-04	6.023158763168797065e-04	2.891130162106186549e-03	-1.321815565027096239e-04	-1.376409579604430031e-04	-6.216811261352615369e-04	-1.015080371924392127e-03	-5.325426266848323894e-06	-1.906766002034218502e-05	-5.717366389073455838e-05	-7.055670105586221621e-04	-1.025414534897361313e-03	1.904689928972746592e-03	2.390242839133774073e-04	3.889434690131988222e-04	-1.114264009348288863e-03	2.313216260488788246e-04	1.805297693080927263e-03	1.430235396598215393e-03	-1.537385905741444898e-04	-6.987196433383589746e-05	-1.074659155167633677e-03	1.283878677699530515e-04	-6.977298970565611546e-05	1.364535984666892998e-03	3.344544372222595162e-04	-1.376474492584358646e-04	-3.871872069915865359e-03	4.738044214431410520e-05	-7.015623033414488860e-05	1.437578564109914716e-03	-6.662403614448458595e-04	1.119165853308515517e-03	-1.458526449089579409e-04	-4.124053721490431420e-06	-1.493254972325664927e-03	-8.240444012979021484e-04	0.000000000000000000e+00	-9.317903633166942697e-05	7.624892636016150204e-04	-1.460644285566858012e-04	-2.910533124095524091e-03	-9.702571071010252911e-04	2.369081692967876102e-04
5.908295970520495552e-05	1.699797028518724534e-05	-3.572556374244966566e-04	-2.497773438126981709e-06	4.025884516474774488e-04	-1.385407603776124487e-05	7.468028949203907459e-05	-2.739513375448360830e-04	-2.703480137734891927e-04	3.222233496842840598e-05	-5.843795346520261395e-05	-3.196601314045102645e-05	-2.261282996572467436e-04	-4.057046982107098470e-04	1.501814202608955191e-04	1.321848515849968352e-04	2.749920207642882371e-04	-6.891807499074066102e-05	-1.933103295864162414e-04	-4.729141311424587147e-04	-1.077284244598311841e-04	-3.444500916116207388e-04	2.942028539390957316e-04	5.679086879259535045e-10	1.456083853355250637e-05	-3.399579977772432179e-05	4.986905360916792790e-04	-1.225183308708593921e-04	3.358215205970279792e-04	-4.542875937525769539e-05	-4.040027909084908388e-05	-5.685599682189001851e-04	8.546199252032817288e-05	-1.798812449868489847e-04	-9.673103192489483561e-05	-4.901704517595386907e-04	1.038226403954399949e-05	-1.770786687553503060e-04	-8.956745973951620287e-06	-1.321615245032259508e-04	1.148914648793867980e-06	-7.928328748585973648e-06	-3.056356980931365847e-04	-7.854693443830997664e-05	-3.848659627840896177e-04	-1.365773493894252661e-05	3.262027811046542560e-05	-4.455907900806855486e-04	7.253098121404550562e-05	-5.790981201991109769e-04	-6.840389094764454201e-04	-5.795493335344813961e-05	3.572960225534915746e-05	2.679948500597567390e-05	1.435802064154807138e-04	-7.577096762798282183e-04	-2.922855809567901459e-04	9.317903633166942697e-05	0.000000000000000000e+00	5.403520182809255128e-04	-1.344536307026483464e-04	2.619553534227177629e-04	2.577370427619005361e-04	2.733850956011652346e-04
1.774426269450938513e-03	2.320024869647348991e-04	2.140379341789677540e-04	-1.545610795143729718e-03	-9.968545785653719425e-05	-4.608222162210600997e-04	-2.629370744102587504e-04	2.605145787950387997e-04	1.738249399677398144e-04	-3.357237263445722814e-04	-1.289323858316686160e-03	-1.268068683979478757e-04	-2.951429503737202763e-03	-1.370978802857668658e-04	7.704595344817040978e-05	1.025408982511566251e-03	2.292241493859089295e-04	-5.716027209810622262e-04	-1.895516096255724613e-03	-3.116774641965972892e-04	-2.465277997963642807e-03	-2.375783835079354317e-04	-1.553546597926010512e-04	5.685617637606150618e-04	-1.079170166733351907e-03	-2.058795302799236080e-04	-5.871318079985264442e-04	-1.477042200566498710e-04	-2.384852970319435879e-04	-1.425013883186488500e-03	-2.401635665081911473e-03	-1.016992299578069366e-09	-4.170741666318840705e-05	-4.598587813974489708e-04	-5.543222552306008646e-04	-2.375176792950207288e-04	-6.963052112821745175e-04	-3.187883250822722697e-04	-2.229054046364354908e-04	-5.316906640164291762e-05	5.182943161889240914e-04	-1.151567373531707018e-04	-2.607232662139437698e-04	-2.887652692627642841e-03	-2.754531860949283604e-04	-4.032065925152549662e-03	-1.481938307399870451e-03	2.914579937811335140e-04	1.122639758125056801e-03	1.557657320843657412e-04	-1.172138439133611938e-04	-3.604475709111890948e-03	-2.828635366422787428e-04	-1.996845064191930547e-03	-7.462057803867458948e-04	7.195307526253783784e-04	1.047230393368236544e-04	-7.624892636016150204e-04	-5.403520182809255128e-04	0.000000000000000000e+00	-6.972563665172649364e-04	1.553538379229172511e-04	2.681261216228381442e-04	8.771091764262699091e-04
5.340709232815386669e-04	-1.509351439682490642e-03	-4.767872632889956844e-03	3.602724499386026746e-05	-1.707188960522081252e-03	-1.737523047368527761e-05	-1.914208229956141294e-06	1.837526256344797410e-04	-8.703788502319139472e-04	-7.240106895868530623e-05	-2.634913510295007976e-04	-1.034026090628754755e-04	-4.461746894213977112e-04	-3.665454920095983409e-04	-1.849892700871046049e-04	1.537393019777920421e-04	-3.640619492649609795e-03	-3.393735928704367903e-04	-8.628675367937058572e-04	-4.329300636316376011e-05	-4.796456227638848466e-04	-8.917685444619497317e-04	-1.664987297813066459e-03	1.321595789896652055e-04	5.913666059432647103e-05	5.264607148049412280e-04	1.690417937082139797e-03	-5.457744122600167427e-05	1.053756257623764429e-03	3.514774616874595265e-05	6.225536666926228483e-04	5.317891345710182695e-05	-2.218244025970676422e-03	-5.653316239493395411e-04	-5.064609459710197508e-04	-6.284894114897832259e-05	-1.748395465564603932e-04	-1.664680616575776092e-03	-1.506935701844576425e-03	-3.234636851364771639e-09	9.588338141979816726e-06	5.619971754212134234e-04	-3.549720120766599327e-04	1.547061413389782874e-05	-1.402635937376523791e-03	-3.728250743122083193e-04	1.415640508553937370e-04	2.795674931749056978e-03	4.690113026401056024e-05	-1.293649397090339140e-03	-2.341410063055468331e-03	5.694727998915086187e-04	-1.083085886665104310e-03	1.170597243986957103e-04	1.309592324893302955e-04	6.374448000072080803e-04	7.109825260912114786e-04	1.460644285566858012e-04	1.344536307026483464e-04	6.972563665172649364e-04	0.000000000000000000e+00	3.691845083708370553e-03	2.368264411890815858e-03	6.323264677188765448e-05
-1.236226463403936309e-03	2.526366138644914501e-04	-2.236382459837997516e-04	2.499608364069911241e-05	-4.184965041412232059e-04	-7.622129993999277910e-08	-2.781823020515449365e-04	3.216095798277307407e-04	1.677494513790123154e-04	1.534303086959261343e-04	-3.624793095768196610e-03	-4.716024624638045311e-05	-8.116511292576959052e-03	7.238449722175323547e-05	2.954905845768660585e-04	3.871871522970687408e-03	2.453238071061611023e-05	-2.330187978386023297e-03	-6.475004519843171463e-03	-5.812286973182614685e-07	-3.643560024199189208e-03	-9.368122941616172669e-06	4.847884174017484806e-05	4.455960692313393917e-04	-4.291930593367222172e-05	-2.919325571344627600e-04	-2.926247602164891611e-04	2.692064926883662440e-05	-4.105599203490474991e-05	-5.553839337139329993e-04	-7.414099794306389709e-04	-2.914594783932113187e-04	-1.943637436187853861e-04	-5.083395916862354369e-03	-2.701253318103288316e-03	2.214383616683399873e-04	-3.010496161702343122e-05	3.171981955387515194e-06	-7.985127741046770347e-05	-2.795662268974683645e-03	-1.314806464056279258e-04	-3.557758030052535062e-04	-3.349270105911006422e-04	-5.188795762647598455e-04	-3.662845722614787962e-04	-1.731824204992742696e-03	-8.995895314965080556e-04	-1.925367318784390255e-10	-4.735682365782245161e-04	2.306564765481250125e-05	-4.250560869353286640e-04	-6.660127915320692782e-04	-3.934524675129376240e-04	-7.509683661220854182e-04	-4.980889655728048095e-04	4.476922376567880977e-04	1.519305082560781653e-04	2.910533124095524091e-03	-2.619553534227177629e-04	-1.553538379229172511e-04	-3.691845083708370553e-03	0.000000000000000000e+00	1.735978913502166706e-04	7.350219351097212785e-03
-3.509503412713371046e-03	-1.279947350665551313e-08	-4.546403597784573762e-04	2.804491377954673736e-03	-3.347159923521549540e-04	6.577485962982750718e-04	-1.168714179968680968e-03	2.290524249250456591e-04	1.521220755105041314e-04	4.796617951223127591e-04	-1.004433942017413399e-03	4.645420727651109925e-05	-2.744862171916549395e-03	2.061550264543067024e-04	1.743096799036474216e-04	1.493255413965904280e-03	-2.693689360113594915e-05	9.582688530390523398e-04	-1.335727151751320806e-03	2.912637248344707034e-04	-8.952195243425053366e-04	1.600279759874921907e-04	-1.095149187268683810e-05	7.577133431960907150e-04	1.289364329823333016e-03	-2.541833143760816472e-04	2.005040226857898820e-05	-3.834364100717947916e-04	2.986266845112376463e-04	6.931207867010474909e-04	2.137291829449803476e-03	-7.195295110936309607e-04	-1.025531177999864052e-04	-4.065162296963068379e-04	-4.174921143926690502e-04	4.547166560317143324e-04	5.475876212657888008e-04	1.736560003827671743e-04	-6.500538031428371936e-06	-6.374407446533262743e-04	-4.700900932278397754e-04	-3.098826365133120408e-04	-2.140002747791429588e-04	1.410281517200781976e-03	-3.631663955557231575e-05	1.736755544122132316e-03	-2.911616649960149187e-04	-4.476889835419115568e-04	-1.779679656706327929e-03	-2.234449168129153780e-04	-6.322826596209122144e-04	3.441535745281943271e-03	-2.493781092550470362e-04	1.229920067819684996e-03	-5.096004240027565430e-04	1.315876102210496472e-09	1.143145696192455606e-04	9.702571071010252911e-04	-2.577370427619005361e-04	-2.681261216228381442e-04	-2.368264411890815858e-03	-1.735978913502166706e-04	0.000000000000000000e+00	2.749148264282404424e-03
2.309510834083597190e-04	2.233733944204011751e-03	9.233514819856875055e-03	-8.113712962096827257e-04	3.937440143011594271e-03	-7.884774555593456109e-05	6.682830613668053936e-04	-8.217304233821629954e-04	2.233726079669306423e-03	2.146329870574268425e-04	6.837171276594781761e-04	-9.294625780147886332e-04	1.027200574138579158e-03	-1.515763840766746204e-03	9.218783335741506137e-04	-2.369023235457966433e-04	9.233511937160134020e-03	6.837248252558887195e-04	1.893111336806089151e-03	-2.686832768980252847e-03	1.080928765105835989e-03	7.022500188284013694e-04	4.113198320863447124e-03	-2.733801859265822779e-04	-8.113699337993147184e-04	-9.294734989658301298e-04	-2.686842003472520932e-03	4.074920682811225309e-05	-1.421897853481153030e-03	-7.545639407565240923e-04	-2.801066268655995079e-03	-8.771220299478494666e-04	3.937439671880666597e-03	1.027214127979872828e-03	1.080933887331943666e-03	-1.421895519127998895e-03	4.231798426554071301e-04	2.984649237835825929e-03	2.453477077783128811e-03	-6.322589921975554699e-05	-7.884669291143050064e-05	-1.515776815041172069e-03	7.022395764242534994e-04	-7.545646175141702177e-04	2.984640185766407675e-03	-6.317263386635768802e-04	-9.629480841720823190e-04	-7.350228206466104947e-03	6.682850954462049922e-04	9.218680485360146752e-04	4.113186210724346405e-03	-2.801068498639219632e-03	2.453473807647479563e-03	-9.629507911726977376e-04	-1.478041852806075574e-04	-2.749151395397147341e-03	-8.217344497868374039e-04	-2.369081692967876102e-04	-2.733850956011652346e-04	-8.771091764262699091e-04	-6.323264677188765448e-05	-7.350219351097212785e-03	-2.749148264282404424e-03	0.000000000000000000e+00
