5.474178800315997184e-02	-2.067839158277770366e-03	1.773828606655228899e-04	-2.675485483355084446e-02	1.370976142900653862e-03	-4.274652536012805472e-05	2.673728370602256044e-02	-1.274941567804591894e-03	-2.067837782968144633e-03	-1.090631374477344100e-04	-5.670897795797371407e-04	5.711895867028983368e-04	9.401272109721215200e-04	-8.812078370013546810e-04	-3.809553097747290975e-03	3.131883143626945643e-04	1.773803647516890975e-04	-5.670858772895976795e-04	-2.912016834190734628e-03	-1.457313749089409437e-03	-3.481508902283566133e-04	-4.632016586102821959e-04	-3.860626177066993261e-04	-5.482455199916575953e-05	-2.675486177614134348e-02	5.711904528264829736e-04	-1.457313702986332785e-03	-2.295516300905011894e-05	-4.873057329288903519e-03	-2.723619122474196103e-02	-5.839380788966413993e-02	2.922620746102879905e-03	1.370975222033933745e-03	9.401369940901715613e-04	-3.481457557191912269e-04	-4.873058711124049827e-03	-4.164863578967673675e-05	-1.063071159420938107e-03	2.340496191420265288e-04	-2.632715775236248775e-04	-4.275253645337142330e-05	-8.812073820210553684e-04	-4.631990935773763925e-04	-2.723618278802251644e-02	-1.063066383022209967e-03	-5.741833473980079150e-02	-2.742891285062486195e-02	1.537125970373716573e-03	2.673727482174880279e-02	-3.809551339759372109e-03	-3.860569457304480743e-04	-5.839378962409134954e-02	2.340525767518858349e-04	-2.742890562205357874e-02	-1.671862655068776004e-04	-7.846641820183710998e-04	-1.274940325000241360e-03	3.131831167078174822e-04	-5.482818445165032150e-05	2.922618611843003870e-03	-2.632756118993146268e-04	1.537127328746391765e-03	-7.846633399170354966e-04	2.561113652459119129e-03
-2.067839158277770366e-03	9.201552887109280127e-03	1.294522105517938561e-03	1.067665588077066404e-03	-2.822390807276339668e-03	2.547643255884907273e-04	-9.325108300254752189e-04	5.856421036111077345e-03	8.105362328879709994e-04	-3.990037939692293802e-04	4.112780630420504228e-04	-4.746146107858451794e-04	1.281102562481645137e-03	3.762626572952393111e-05	9.275894390429605552e-04	-1.302545755685531083e-03	1.145680699826748250e-03	6.009282538672008379e-04	1.066634712048098333e-03	-1.093259979478229064e-03	4.719101635653678200e-04	-2.580379529700732111e-04	3.146799729120101246e-04	3.766932954080409041e-05	8.144199342538707004e-04	-5.835196350095784787e-03	-3.528227130744927137e-03	-1.459701064552025227e-04	9.018836359435099541e-05	3.183381650356334209e-04	1.941052068933465675e-03	-9.249319307304961629e-03	6.049996901731241356e-05	1.368939339785399476e-03	-1.382212947203692881e-04	-1.124720587709091089e-04	-3.013494469403429888e-04	-2.578556713631225154e-04	-2.454181609639366924e-04	9.825266142832475916e-04	-2.165470222476813028e-04	-2.873768972714854479e-03	-5.363901455098197754e-03	1.206076857664686169e-03	-8.351053428448230662e-03	2.424882722747066788e-03	1.224930324214524094e-03	-3.965266032962765335e-05	-1.555080276801402896e-03	1.190249541236865650e-03	-7.868103125010435586e-03	2.511314923673560115e-03	-5.381648495968140850e-03	1.344180230858322200e-03	2.649399355417626084e-06	3.579996200904096964e-03	4.497327229629532260e-04	-8.120934822547455287e-04	3.939762935181561070e-04	-2.868900960944234741e-04	1.103822150817000561e-03	1.739595598281712938e-04	1.022081714063316060e-03	-2.045248747376914207e-03
1.773828606655228899e-04	1.294522105517938561e-03	4.371194943056099479e-03	-7.851448803783162445e-05	1.366460391590832791e-03	-2.080105450128456814e-05	3.416435548773593463e-05	-3.673658290941479677e-05	1.145680220547302909e-03	-9.552926576820679866e-05	1.706403825987427760e-03	-8.519681834418855277e-04	3.734878306003628756e-03	-9.374808197599064164e-04	1.883821517571624598e-04	-1.974097089043672787e-03	1.607873379998676303e-03	2.229979340731766575e-03	4.260495994942304319e-03	-1.115485651866323551e-03	1.791461563244734108e-03	-5.443025173064040736e-04	-4.014936113082575539e-05	1.525520262824209814e-04	1.340665416172554127e-05	-4.382844098042060254e-04	-1.562430388924282171e-03	9.246354230435485015e-05	-6.739639352700802118e-04	4.339542478768781616e-04	2.921187954635241627e-04	3.522401397111735947e-04	-6.237698438089640373e-05	5.030934757388628303e-03	2.204666225696636818e-03	-1.129982313273298277e-04	-1.243214412550865241e-04	-2.069591629560029074e-04	-2.619799720473838488e-04	2.440609277554298389e-03	5.022340953678767117e-05	8.140897522903521285e-05	2.594430348082276869e-05	3.383326792460079088e-04	-3.859495465104654502e-05	1.429796320143612246e-03	5.771154794190706382e-04	1.033944461726752934e-03	1.121335934805415581e-04	6.708642762706451068e-04	1.618873977915507526e-03	1.538238026613912991e-04	5.161643927938335376e-04	5.174736375734725977e-04	2.508255830215216703e-04	2.841804507817862814e-04	5.783018439824312833e-04	-2.500595467792573329e-03	-1.314660793065524594e-04	-1.003415883780672466e-03	2.188505741619529554e-03	-1.320075905957640051e-03	2.306580366161417454e-04	-4.992784847003144816e-03
-2.675485483355084446e-02	1.067665588077066404e-03	-7.851448803783162445e-05	1.390717608162724862e-02	-7.657351320127321528e-04	3.710376281797606556e-04	-1.274572806098952897e-02	6.907099209642582685e-04	8.144193440772481756e-04	2.285486195140385877e-04	-1.393807922571880327e-04	1.079708090480539047e-04	-1.365376899219046406e-03	1.069249573372009791e-03	1.907417728535555027e-03	3.261694894625487935e-04	1.340837333473930758e-05	1.325665485569706039e-04	6.518385163752930724e-04	1.310173522749228433e-03	-1.821823326295140188e-04	6.202310392024207742e-04	4.736154980840860586e-04	2.311962863519778083e-05	1.296012393870919766e-02	-3.374081556109905433e-04	6.055373212465592608e-04	-2.119568327859038372e-04	2.395355837993483686e-03	1.320833646822136553e-02	2.827591927275902028e-02	-1.388488625993324239e-03	1.079181446726775167e-04	-1.251171910158485178e-03	-1.972234844289116494e-04	2.241006775413676658e-03	2.082106696938455925e-05	6.672022063618902356e-04	3.370108276389131331e-04	-2.770923083123223371e-04	-6.003130928678329951e-05	3.309071351770509440e-04	2.023188640375621437e-04	1.350233618717249992e-02	6.594407098657769067e-04	2.836527545496338176e-02	1.358762482964960029e-02	-6.315365781934337026e-04	-1.322237936920544858e-02	1.917919658503862684e-03	2.038106662294612631e-04	2.929982923749146692e-02	-1.112923104075892852e-04	1.378059919830392638e-02	2.507159693733596734e-04	5.520671139950623571e-04	1.397782330370242639e-04	3.320326629990251553e-04	-1.087004624830498623e-04	-1.058743220444666872e-03	-5.221179682085363505e-04	-4.750039882254387556e-04	-2.494740436807556987e-04	-1.979016048792857124e-04
1.370976142900653862e-03	-2.822390807276339668e-03	1.366460391590832791e-03	-7.657351320127321528e-04	9.255350295268683497e-03	-3.773183924697480203e-04	6.333090517973083899e-04	-5.889300182256277001e-03	6.050078840297613711e-05	2.235677444125225191e-04	9.598764289613983267e-04	-4.580504103659945427e-04	8.574997016891849032e-04	-7.897465577337358473e-04	-8.554100126032661115e-04	-2.295328617646768274e-04	-6.237478948060236187e-05	5.698245095197538874e-04	1.175873514706216039e-03	-2.716599891661833116e-04	5.158087528335545888e-04	-4.484382925543331402e-04	-9.802548934811530605e-04	-1.861544431452542771e-04	1.079172016965314828e-04	5.433021874995197509e-03	7.862650990430160303e-03	-3.909236621910039595e-04	-1.272822992240866136e-03	-4.358497146797648929e-04	-1.141818087552622877e-03	3.747743011162602521e-03	-1.889596965024927704e-04	1.232032928340323109e-03	7.334110521783256814e-04	7.757267515388305908e-05	2.132081425275822884e-04	4.652244666107265686e-05	-2.290946671347336857e-04	-1.894643975496039957e-04	2.791811440304457553e-04	8.470002917175293092e-03	5.441702600539683604e-03	-1.074846464921017011e-03	2.880551253326400080e-03	-1.347419830293231178e-03	-5.011602981592584109e-04	1.846174837946709484e-04	9.507917972541878905e-04	1.221498622455419192e-04	3.702027514162429308e-03	-1.948896653735430681e-03	5.901048691072611346e-03	-1.281476986538550213e-03	4.415789474571396600e-05	-9.164129764105358872e-03	2.587100154715365899e-04	-7.023912409921742594e-04	-4.887687691187835471e-05	-1.037730570980439958e-03	3.409143051620276959e-04	-1.110744401063805962e-03	-3.044276403429899678e-04	-7.272237351195537033e-04
-4.274652536012805472e-05	2.547643255884907273e-04	-2.080105450128456814e-05	3.710376281797606556e-04	-3.773183924697480203e-04	1.441680348957360708e-03	3.283258274423763064e-04	3.125808489096058244e-04	-2.165468451896563500e-04	1.541744942204227700e-05	-1.078904242980481922e-04	2.938394047726087177e-04	4.645357595431789320e-05	2.155913470239828220e-04	1.347957709226962582e-05	-1.485096772867792428e-04	5.022386846362918709e-05	2.209412108063961338e-05	5.229692302588554397e-05	2.195474143843370151e-04	1.859307705090845449e-04	2.234775891416570376e-04	2.409110307729389231e-04	-2.245856450477957413e-04	-6.003394311687594955e-05	-2.078075724950561199e-04	-3.325872630755649867e-04	1.025850552441863982e-03	5.282098259960171327e-05	-2.848107852105663052e-04	-2.989240326034223487e-04	-2.781957943952757047e-04	2.791819464282328583e-04	2.673441425171944302e-05	3.207525033409075769e-05	-4.790619620336059758e-05	1.260679972098882709e-05	2.337566139307923284e-04	1.318335678207351567e-04	-7.189794256390296359e-06	1.012315616403239391e-03	-4.372910069108893122e-04	-3.623138310421041767e-04	1.015854062833734643e-04	-2.449414520853613730e-04	5.407805992697704947e-05	-3.126958979040464037e-05	-3.674141085716647095e-05	-1.009733792374971427e-04	-6.238076311625534952e-05	-3.597342877251785438e-04	4.198792205113635731e-04	-3.839891273799870370e-04	3.503658061525195193e-04	-1.012897914243799822e-03	4.013924466792868559e-04	-2.885678561019417148e-04	-1.146586221966577642e-05	-2.144274409909075266e-04	3.524752908027072073e-04	-1.354791593917325414e-04	5.546804328345744379e-05	-1.845430149695338707e-04	-1.636939278445467924e-05
2.673728370602256044e-02	-9.325108300254752189e-04	3.416435548773593463e-05	-1.274572806098952897e-02	6.333090517973083899e-04	3.283258274423763064e-04	1.390217102216608977e-02	-5.572030487925674642e-04	-1.555079117742673260e-03	8.313714557703939659e-05	1.915950437182337021e-04	6.351251462177819702e-04	1.494062556275264995e-03	-2.819480100236346101e-04	-1.949013753048468292e-03	-3.340152692843329028e-04	1.121332047042952274e-04	1.780804412646826737e-04	-4.409131956811207466e-04	-4.658808810618483755e-04	5.175904179028933440e-04	2.195923087949973925e-04	4.527628761972362931e-04	-1.863574206737631086e-04	-1.322238700964930430e-02	9.977833393707367785e-05	-7.687952422006996689e-04	-1.817370914417786943e-04	-2.254307287294986511e-03	-1.366915152373809894e-02	-2.929612847659088248e-02	1.167324987023617318e-03	9.507918576916450128e-04	1.260062405923711906e-03	2.105966538380147778e-04	-2.320085767860304363e-03	-2.579797480866315252e-05	2.968724758883946628e-04	6.003787480339320415e-04	2.546126271082570680e-04	-1.009761872356090601e-04	-8.420759335787144067e-04	-4.036661871299598641e-04	-1.350139305116817776e-02	-5.146255690010809528e-04	-2.836965536577701341e-02	-1.359184392817049808e-02	3.757154481524571372e-04	1.292371043748423431e-02	-2.144887440829114367e-03	-4.072669924856344077e-04	-2.826622621069133784e-02	8.075804999124074936e-05	-1.329596542072919094e-02	1.388003527031455111e-04	-4.894550036692815352e-04	-1.064131620129957862e-03	-4.372739201169385456e-05	-2.745903873713136404e-05	2.038764967203844560e-03	2.950106022364947867e-04	5.008583667588930796e-04	-7.452639397909827969e-04	3.763816732820456893e-04
-1.274941567804591894e-03	5.856421036111077345e-03	-3.673658290941479677e-05	6.907099209642582685e-04	-5.889300182256277001e-03	3.125808489096058244e-04	-5.572030487925674642e-04	5.864453712384221432e-03	4.497329816647705186e-04	-3.931836546420590600e-04	-2.707968491067525886e-04	-3.093392732185694396e-06	2.476675067612415029e-04	5.072667280233223233e-04	7.507777561133036938e-04	-5.577943937288179065e-04	5.783010504736489470e-04	2.704191978010643264e-05	-3.590145445409674411e-05	-2.977719252763147200e-04	1.156489423440696128e-05	1.121022977217001493e-04	4.843945573413911622e-04	1.805784880514416861e-04	1.397790201076173173e-04	-5.550329873920753151e-03	-5.613671772199006760e-03	1.080823955583010794e-04	5.522870646833654817e-04	1.679816907093665906e-04	1.045472279183994047e-03	-6.426826495176157089e-03	2.587092739077684073e-04	1.366664917391810540e-04	-3.850931282498436681e-04	-2.056947657002512774e-04	-1.340975404030235051e-04	-2.961358052001403923e-04	-8.242797540437564577e-06	5.724179659221950711e-04	-2.885676584554163751e-04	-5.647847568580973213e-03	-5.364239443364753578e-03	8.733455449884680718e-04	-5.592258049753436738e-03	1.371451046623695449e-03	5.692309708147612595e-04	-1.059329985021292608e-04	-1.064132344581235259e-03	3.889978584955205792e-04	-5.707259275180343906e-03	1.726186063967344872e-03	-5.558859688369924626e-03	1.075927559934538365e-03	-4.138515360931308576e-05	6.300909876028226025e-03	1.069543439156284988e-04	-1.229809690760277755e-04	2.662417362471424225e-04	2.645967899227332073e-04	3.388795749913615365e-04	6.266118057040546974e-04	4.929975640848816790e-04	-6.630740991674043648e-04
-2.067837782968144633e-03	8.105362328879709994e-04	1.145680220547302909e-03	8.144193440772481756e-04	6.050078840297613711e-05	-2.165468451896563500e-04	-1.555079117742673260e-03	4.497329816647705186e-04	9.201550777434001904e-03	-3.990042654485467192e-04	6.009291124643993849e-04	-5.835193976281762701e-03	1.368940911690205448e-03	-2.873766673620618307e-03	1.190251949734759396e-03	-8.120941167398660048e-04	1.294520640698971050e-03	4.112791906735811624e-04	1.066636620328037565e-03	-3.528225418800819829e-03	-1.382204241052934065e-04	-5.363901135140885373e-03	-7.868102880381668690e-03	3.939771137679497041e-04	1.067664489881966876e-03	-4.746139381252603403e-04	-1.093258039375169521e-03	-1.459703870299794491e-04	-1.124729541116457996e-04	1.206074931915014897e-03	2.511311017806204440e-03	-2.868906314117548439e-04	-2.822390222873676253e-03	1.281105129363622943e-03	4.719113157101827031e-04	9.018886306282338189e-05	-3.013489480911839052e-04	-8.351053439189525668e-03	-5.381648600113789552e-03	1.103823698701663020e-03	2.547641498640294865e-04	3.762762241635810218e-05	-2.580367854701184796e-04	3.183366794943635089e-04	-2.578559763693886358e-04	2.424878927321223385e-03	1.344178077272403880e-03	1.739592543593681010e-04	-9.325100732026554186e-04	9.275879938669334213e-04	3.146794539777811490e-04	1.941049770387793735e-03	-2.454180216377659205e-04	1.224929004656784759e-03	2.649224510009999386e-06	1.022080529143331012e-03	5.856418932375481029e-03	-1.302546972273049527e-03	3.766986051189984922e-05	-9.249316397673536944e-03	9.825274909019251959e-04	-3.965082462164687415e-05	3.579996162671474601e-03	-2.045251336617907260e-03
-1.090631374477344100e-04	-3.990037939692293802e-04	-9.552926576820679866e-05	2.285486195140385877e-04	2.235677444125225191e-04	1.541744942204227700e-05	8.313714557703939659e-05	-3.931836546420590600e-04	-3.990042654485467192e-04	1.476311701761705720e-03	8.284522268995346995e-05	3.351825610058584712e-04	-5.903961091138120376e-04	2.977267033835413008e-04	-4.316033742639489688e-05	6.594961732256075532e-04	-9.552926911683133117e-05	8.284509373292412945e-05	-1.864417223919099891e-04	3.098033306762497168e-04	-1.850534194327151951e-04	2.195185347657610054e-04	3.210498148846175834e-04	-1.027888266647898011e-03	2.285484373492464394e-04	3.351822660928125558e-04	3.098031703911002517e-04	-2.504870620844721956e-04	6.493257260309405758e-05	1.899730842832308788e-05	1.292423344594916034e-04	4.223544804258668427e-04	2.235677829875125366e-04	-5.903960644224871780e-04	-1.850532408042134750e-04	6.493285731165341170e-05	-9.884556312508669621e-04	4.229758300488251055e-04	3.624742713437667909e-04	-4.134528747206497250e-04	1.541720653230577544e-05	2.977265531385287975e-04	2.195181720339514100e-04	1.899764636736981900e-05	4.229751177339440352e-04	6.162303174768868211e-05	6.013719885351458431e-05	1.975808284557337111e-05	8.313674665384964042e-05	-4.316044014921543520e-05	3.210491968293192368e-04	1.292427228756574790e-04	3.624738832574566326e-04	6.013724714287595159e-05	2.151095549500904960e-04	-3.676771565106190911e-04	-3.931839738660560142e-04	6.594957123496445091e-04	-1.027888383339794175e-03	4.223551115841118683e-04	-4.134527481860592480e-04	1.975812327108236380e-05	-3.676772972311582620e-04	1.096633775839008559e-03
-5.670897795797371407e-04	4.112780630420504228e-04	1.706403825987427760e-03	-1.393807922571880327e-04	9.598764289613983267e-04	-1.078904242980481922e-04	1.915950437182337021e-04	-2.707968491067525886e-04	6.009291124643993849e-04	8.284522268995346995e-05	1.388582933646177742e-02	-4.542613285749063983e-04	2.826519475601906028e-02	-7.885643795118451888e-04	1.856273485209486765e-04	-1.369938238223190191e-02	2.229978955256269567e-03	1.290102912928211762e-02	2.771614430726460077e-02	-1.091623921753981851e-03	1.315591975949129654e-02	-1.727751697712291912e-05	8.917743026890386730e-04	2.329967119295766517e-06	1.325712812702281389e-04	-1.058176875406750480e-04	-9.858427996020787884e-05	-1.532781524044994669e-04	4.562432883437037338e-06	-1.367423934094478405e-04	-1.077696056847588651e-03	-6.173557201551379842e-04	5.698221898918314193e-04	2.712493526843248390e-02	1.265225647280798955e-02	-4.978632845847494022e-04	-2.930647796840238849e-04	8.330854096507791292e-04	4.458204986503378018e-04	1.376745285596040098e-02	2.209577415616277360e-05	-2.098153727844431489e-04	2.611252278598908587e-04	-1.430555276458413854e-04	7.859227710737706849e-04	6.421395390105823827e-04	-9.461527564188587733e-05	-2.378434995321229532e-03	1.780805551087357276e-04	-3.508509871740364073e-04	5.512302204441862268e-04	-1.222914871290120206e-03	6.908505150069757733e-04	-3.536344993020786552e-04	3.759069379241845150e-05	-1.393820959086293498e-03	2.704349227079680691e-05	-1.335497579609925232e-02	4.612173393273392161e-04	-3.118527306453975322e-04	1.400668547662322835e-02	-1.981763561918968054e-03	-3.630996045471588350e-04	-3.004008847395760878e-02
5.711895867028983368e-04	-4.746146107858451794e-04	-8.519681834418855277e-04	1.079708090480539047e-04	-4.580504103659945427e-04	2.938394047726087177e-04	6.351251462177819702e-04	-3.093392732185694396e-06	-5.835193976281762701e-03	3.351825610058584712e-04	-4.542613285749063983e-04	5.810642384376634231e-03	-1.150427460642405603e-03	6.072692177716822355e-03	8.173128565248455671e-05	7.072786863648451543e-04	-4.382823023599100205e-04	-1.058195910181531437e-04	-8.901859086473369945e-04	6.008969080031204175e-03	-7.216222575124401066e-05	5.505915915302719149e-03	5.668914744792453130e-03	-8.303601887476712859e-05	-3.374072901392858237e-04	1.258178597014899202e-04	5.139530259567761609e-04	9.905462475704227389e-05	5.078630530567434598e-04	-3.426554083011301884e-04	-8.321865991194745760e-04	-2.642615105092362940e-04	5.433021268761604669e-03	-1.266126732902516250e-03	-5.330526392084570034e-04	-1.498431818138620700e-04	2.930922583750834322e-04	5.573266039955309357e-03	5.366758539422740969e-03	-8.389320972814345596e-04	-2.078071032131140108e-04	-2.805328332142992091e-04	8.895102976942791259e-06	2.380414751607137877e-04	3.056924641895259961e-04	-5.617268625738475489e-04	-7.452350966018408008e-04	-3.145149373308975824e-04	9.977782766614459503e-05	-4.860929137802151578e-04	-4.762249136044390896e-04	-1.888696749437838161e-04	-9.690328464978832245e-05	-2.059002624930338912e-04	-1.462034504217825230e-04	-2.739153097937989129e-04	-5.550328178006352919e-03	1.056328001961675004e-03	-5.645090849046461143e-06	6.378354848552268523e-03	-1.014796195822615169e-03	4.844475902899718963e-04	-5.848608709914434461e-03	1.722301852765712512e-03
9.401272109721215200e-04	1.281102562481645137e-03	3.734878306003628756e-03	-1.365376899219046406e-03	8.574997016891849032e-04	4.645357595431789320e-05	1.494062556275264995e-03	2.476675067612415029e-04	1.368940911690205448e-03	-5.903961091138120376e-04	2.826519475601906028e-02	-1.150427460642405603e-03	6.090618529927305930e-02	-1.978872280978886435e-03	4.967312777843643432e-04	-3.022318887317707384e-02	5.030934244555477358e-03	2.712493570920916988e-02	5.843064811971748762e-02	-2.898877671110875430e-03	2.816355516556236227e-02	-4.300194728312007513e-04	1.794660914509399637e-03	-3.069737526372124173e-04	-1.251161233972457494e-03	-1.266122719420708937e-03	-1.753845802987054857e-03	2.499825096245664711e-05	-5.387929731052052622e-05	-1.341652258030066967e-03	-4.692991875812369332e-03	-1.885447425524199375e-03	1.232028908094316352e-03	5.813274443338510566e-02	2.704753370166858989e-02	-1.809298984310233564e-03	-7.656720730033446994e-04	9.921292553227451655e-04	5.986783103756553558e-04	2.948301060412381741e-02	2.673825293471151617e-05	-2.308409254303141894e-03	-5.250799647551784334e-04	-1.171022327679391946e-03	1.089885410358398810e-03	-5.249108160846368935e-04	-1.149044650114071624e-03	-5.276257834510831440e-03	1.260061800736830828e-03	-1.257036613657866713e-03	4.962894439272207397e-04	-4.586427059000440509e-03	5.099499445846361959e-04	-1.307591477911668014e-03	4.046328689108765028e-05	-1.591784383927808549e-03	1.366694350089985379e-04	-2.920910203130388377e-02	4.945237866723637202e-04	-5.252315362714339705e-04	3.047485461772684451e-02	-3.905788225504964843e-03	-3.577437943194613818e-04	-6.549910949792162040e-02
-8.812078370013546810e-04	3.762626572952393111e-05	-9.374808197599064164e-04	1.069249573372009791e-03	-7.897465577337358473e-04	2.155913470239828220e-04	-2.819480100236346101e-04	5.072667280233223233e-04	-2.873766673620618307e-03	2.977267033835413008e-04	-7.885643795118451888e-04	6.072692177716822355e-03	-1.978872280978886435e-03	1.004843660384712595e-02	1.333127061764015483e-03	1.156742993365916100e-03	8.141173209698704719e-05	-2.098181439086714540e-04	-1.737611477791019222e-03	9.145324657004464536e-03	-7.506883179098485176e-04	6.088907343807781897e-03	3.689268540384859144e-03	2.239409787727840949e-04	3.309079351581829549e-04	-2.805320744256380736e-04	2.949858733302957716e-04	-1.196318437583401948e-04	1.059107169541377352e-03	5.006852960011808767e-04	8.185146741812325457e-04	-1.157912337990629065e-03	8.470002684345858540e-03	-2.308414969857895335e-03	-1.190499805864255129e-03	-8.463139671869162630e-05	2.358113815302729198e-04	2.934248703808201367e-03	5.674857297567949613e-03	-1.158698193566308488e-03	-4.372901006731796545e-04	-2.574717133258964540e-04	-2.631073643427371870e-04	8.417819480118244203e-04	6.487085590831355106e-05	1.193263357487301442e-03	-2.739277564606867692e-04	-2.481872447915284383e-04	-8.420759552806329892e-04	-9.311734201972036214e-05	-1.061038112985611577e-03	1.618746832006036666e-03	-4.712489679589031469e-04	7.023812430207892251e-04	-1.953784070160769415e-04	2.804506079189057126e-04	-5.647846681173664118e-03	1.322987676090460387e-03	4.672889459648062454e-05	3.697646845984858734e-03	-1.569834412299561666e-03	1.275109754045706482e-03	-8.722999594763802822e-03	2.588478772659831041e-03
-3.809553097747290975e-03	9.275894390429605552e-04	1.883821517571624598e-04	1.907417728535555027e-03	-8.554100126032661115e-04	1.347957709226962582e-05	-1.949013753048468292e-03	7.507777561133036938e-04	1.190251949734759396e-03	-4.316033742639489688e-05	1.856273485209486765e-04	8.173128565248455671e-05	4.967312777843643432e-04	1.333127061764015483e-03	4.370265341146263062e-03	-1.687200550733862514e-04	6.708650041958099134e-04	-3.508503956984999439e-04	-7.432456924290697735e-05	-2.844144807523155388e-04	1.294614810205142047e-04	4.828264792459929897e-04	1.506807736398907546e-03	-7.266149497044005630e-05	1.917920810622755811e-03	-4.860940516780818017e-04	-1.261858074295326977e-04	2.241298588219400455e-04	1.439783889463379070e-03	2.532703202561251057e-03	4.763664360106371724e-03	-1.018441611848864246e-03	1.221498887322532080e-04	-1.257035873734563530e-03	-5.048437032503859216e-04	-1.047664627499871742e-03	-5.873278471991255059e-05	-2.026984903095943472e-05	-9.391190777599940599e-06	-2.240332928160062795e-04	-6.238032948939797363e-05	-9.311798262708195295e-05	-1.919982266359995728e-04	2.532227187983582435e-03	-1.921464605644464572e-05	5.511585942206796360e-03	2.458951111485711740e-03	-1.030648546539450960e-04	-2.144887811830752632e-03	1.336468599758904811e-03	-3.151287000477075287e-05	4.932705129674395256e-03	-4.475549075209476774e-04	2.621329554813282489e-03	1.443385672795373766e-04	9.270444866121501206e-04	3.889988775337775684e-04	3.427277941123581468e-04	2.558119732307083654e-04	3.573173432143415037e-04	2.510972732988526091e-04	4.640681627244931575e-04	1.525536872075408711e-03	-7.689888996159012133e-05
3.131883143626945643e-04	-1.302545755685531083e-03	-1.974097089043672787e-03	3.261694894625487935e-04	-2.295328617646768274e-04	-1.485096772867792428e-04	-3.340152692843329028e-04	-5.577943937288179065e-04	-8.120941167398660048e-04	6.594961732256075532e-04	-1.369938238223190191e-02	7.072786863648451543e-04	-3.022318887317707384e-02	1.156742993365916100e-03	-1.687200550733862514e-04	1.587201338245733395e-02	-2.500595310022547119e-03	-1.335497657044718185e-02	-2.872590042504594848e-02	1.455185684750616567e-03	-1.381988125581238777e-02	3.377586446946861595e-04	-7.129670361332453819e-04	3.329750970926197541e-04	3.320270150672161762e-04	1.056326053682542362e-03	1.215875876825134577e-03	-5.858148467492965326e-05	1.781001830743260633e-04	5.019988020900519564e-04	1.593070362789481866e-03	1.584596996508714703e-03	-7.023896058931407673e-04	-2.920910343272698634e-02	-1.360961638351157119e-02	7.584397885804163193e-04	4.893139158851169974e-04	-3.827712377131616125e-04	-2.340321330526650345e-04	-1.491243130917773926e-02	-1.146793105603984097e-05	1.322984848759138415e-03	7.352931778772464969e-04	2.192700854269918757e-04	3.030511799356210728e-04	-4.876662444711349484e-04	2.207868732242487385e-04	2.473265477178353787e-03	-4.372704980014623533e-05	3.427283822512677369e-04	3.568929294187910993e-04	1.380271302499758070e-03	2.553350263855925302e-04	2.191398873447708800e-04	1.201976570947700359e-04	3.787707096223431533e-04	-1.229822638695191397e-04	1.493144268004019046e-02	-7.936179333635255890e-05	5.018102430578844694e-04	-1.535235625589367013e-02	2.079165699155397645e-03	1.750938708138587922e-04	3.340882669511280323e-02
1.773803647516890975e-04	1.145680699826748250e-03	1.607873379998676303e-03	1.340837333473930758e-05	-6.237478948060236187e-05	5.022386846362918709e-05	1.121332047042952274e-04	5.783010504736489470e-04	1.294520640698971050e-03	-9.552926911683133117e-05	2.229978955256269567e-03	-4.382823023599100205e-04	5.030934244555477358e-03	8.141173209698704719e-05	6.708650041958099134e-04	-2.500595310022547119e-03	4.371195966684858492e-03	1.706405838512622215e-03	4.260497587674029474e-03	-1.562427515420922435e-03	2.204666298030747741e-03	2.594674539634232840e-05	1.618876590394165843e-03	-1.314651980157058178e-04	-7.851381243623120371e-05	-8.519677641831370409e-04	-1.115483028325771212e-03	9.246336811895326053e-05	-1.129973100219541153e-04	3.383326698894971712e-04	1.538239291281979170e-04	-1.003417335828341202e-03	1.366464511158466209e-03	3.734882456063066784e-03	1.791463313854320654e-03	-6.739645916955302324e-04	-1.243213477031997194e-04	-3.859264424971130389e-05	5.161672669882932290e-04	2.188507857766522867e-03	-2.080141938005037052e-05	-9.374791850094012051e-04	-5.443015985561888443e-04	4.339553656533667175e-04	-2.069589865262944182e-04	1.429796885564396007e-03	5.174732225308915651e-04	-1.320077389761000180e-03	3.416289705825505986e-05	1.883818768116767017e-04	-4.014986650583375811e-05	2.921215815277444197e-04	-2.619789405995401549e-04	5.771163289547535415e-04	2.508252685539247425e-04	2.306550192600233652e-04	-3.673910976629195062e-05	-1.974099100389973237e-03	1.525510691734249737e-04	3.522414691702183457e-04	2.440608909673581614e-03	1.033942753002409492e-03	2.841767703928439444e-04	-4.992787352882176871e-03
-5.670858772895976795e-04	6.009282538672008379e-04	2.229979340731766575e-03	1.325665485569706039e-04	5.698245095197538874e-04	2.209412108063961338e-05	1.780804412646826737e-04	2.704191978010643264e-05	4.112791906735811624e-04	8.284509373292412945e-05	1.290102912928211762e-02	-1.058195910181531437e-04	2.712493570920916988e-02	-2.098181439086714540e-04	-3.508503956984999439e-04	-1.335497657044718185e-02	1.706405838512622215e-03	1.388583676639515083e-02	2.771615208285988646e-02	-9.858755280050699940e-05	1.265225712923955144e-02	2.611235903113309450e-04	5.512304532829262688e-04	4.612201213474404296e-04	-1.393804320195086109e-04	-4.542594906842722827e-04	-1.091621013667064309e-03	-1.532776687580617351e-04	-4.978626740766776797e-04	-1.430554110381064429e-04	-1.222914330566271480e-03	-3.118521915840900046e-04	9.598755249246725303e-04	2.826521044580702219e-02	1.315592656744165451e-02	4.561845646872682671e-06	-2.930647492782095711e-04	7.859223427827833740e-04	6.908498273614168978e-04	1.400669334784123213e-02	-1.078883927728547891e-04	-7.885616367946875248e-04	-1.727544050916660556e-05	-1.367464730245289244e-04	8.330867682974735190e-04	6.421353243256542817e-04	-3.536340236129810596e-04	-1.981764445408299661e-03	1.915991416468271679e-04	1.856273112885766245e-04	8.917755612756735409e-04	-1.077706221541291929e-03	4.458222606285413333e-04	-9.462042290281133376e-05	3.759021718871243325e-05	-3.631027432439481789e-04	-2.707958450147148833e-04	-1.369938944642661374e-02	2.327250041901253300e-06	-6.173566211208043148e-04	1.376745270962190584e-02	-2.378436015825595440e-03	-1.393819117304845659e-03	-3.004009692786822894e-02
-2.912016834190734628e-03	1.066634712048098333e-03	4.260495994942304319e-03	6.518385163752930724e-04	1.175873514706216039e-03	5.229692302588554397e-05	-4.409131956811207466e-04	-3.590145445409674411e-05	1.066636620328037565e-03	-1.864417223919099891e-04	2.771614430726460077e-02	-8.901859086473369945e-04	5.843064811971748762e-02	-1.737611477791019222e-03	-7.432456924290697735e-05	-2.872590042504594848e-02	4.260497587674029474e-03	2.771615208285988646e-02	5.892184742303653577e-02	-1.848148330284930894e-03	2.761284414705545559e-02	-1.150899894151653801e-04	1.528498144898503882e-03	7.549334609148068676e-05	6.518444277309709241e-04	-8.901820692451762121e-04	-1.848141698602321801e-03	2.593564477897270800e-05	-5.036445939017235134e-04	7.425328890678226839e-04	-4.729920006875789956e-04	-1.024137897433150413e-03	1.175869474875987017e-03	5.843066370127104198e-02	2.761285054268957512e-02	-5.036458778917126062e-04	-4.065277824517832218e-04	1.506602346459273278e-03	8.550039182557631068e-04	2.898451829648496930e-02	5.230112442671905646e-05	-1.737605720191312975e-03	-1.150861019091970394e-04	7.425282409227217714e-04	1.506604425570006248e-03	3.563627621927920822e-03	6.784398386818699112e-04	-4.655794785302921207e-03	-4.409084452329702303e-04	-7.432509722427510295e-05	1.528499189863041091e-03	-4.730040151370000110e-04	8.550068685991532753e-04	6.784336200710997054e-04	7.161557243209467033e-05	-1.233883773320950533e-03	-3.589840037039331331e-05	-2.872590660841167071e-02	7.548782556146298639e-05	-1.024139167845628104e-03	2.898451024297101983e-02	-4.655794168543008101e-03	-1.233877735277237511e-03	-6.337267226898167516e-02
-1.457313749089409437e-03	-1.093259979478229064e-03	-1.115485651866323551e-03	1.310173522749228433e-03	-2.716599891661833116e-04	2.195474143843370151e-04	-4.658808810618483755e-04	-2.977719252763147200e-04	-3.528225418800819829e-03	3.098033306762497168e-04	-1.091623921753981851e-03	6.008969080031204175e-03	-2.898877671110875430e-03	9.145324657004464536e-03	-2.844144807523155388e-04	1.455185684750616567e-03	-1.562427515420922435e-03	-9.858755280050699940e-05	-1.848148330284930894e-03	1.008109405077301304e-02	-1.057127380707164731e-03	6.009756610186261540e-03	2.783609510487712255e-03	3.200757258979217016e-04	6.055378901752545397e-04	5.139544238905845858e-04	8.606109193312900651e-04	-3.361440550477479616e-04	9.576788638398547925e-04	2.036615308051831468e-04	8.404948071937157379e-04	4.835536673117303113e-05	7.862650485971834496e-03	-1.753852979643231742e-03	-8.043697701469619196e-04	1.418045302060164364e-03	3.443742520742165822e-04	3.537479769983432540e-03	5.624910208097688713e-03	-1.129341647971386468e-03	-3.325864329138180243e-04	2.949864651398878806e-04	4.904565639213330323e-04	5.017019992784962261e-04	1.103654673542113496e-03	3.604074193771336946e-04	-4.657447331193853264e-04	-1.427171209093666617e-04	-7.687952279091839983e-04	-1.261851682238940558e-04	-3.357764575143656991e-05	1.445304455429804232e-03	2.862385105314447760e-04	3.942676201254527901e-04	-2.596701125472165948e-04	-2.644504007515095637e-04	-5.613670959077957101e-03	1.215879609145297793e-03	-1.912238890994896647e-04	2.869481252030142530e-03	-2.023382730902988091e-03	-2.414948793931340253e-04	-9.425981200027834517e-03	2.878902096683280329e-03
-3.481508902283566133e-04	4.719101635653678200e-04	1.791461563244734108e-03	-1.821823326295140188e-04	5.158087528335545888e-04	1.859307705090845449e-04	5.175904179028933440e-04	1.156489423440696128e-05	-1.382204241052934065e-04	-1.850534194327151951e-04	1.315591975949129654e-02	-7.216222575124401066e-05	2.816355516556236227e-02	-7.506883179098485176e-04	1.294614810205142047e-04	-1.381988125581238777e-02	2.204666298030747741e-03	1.265225712923955144e-02	2.761284414705545559e-02	-1.057127380707164731e-03	1.378891479694341338e-02	1.551351294143859302e-04	1.419362878393416131e-03	-3.874231618979603366e-04	-1.972181476839969842e-04	-5.330507521630944772e-04	-8.043663861510256955e-04	1.578325391487186741e-04	-8.005629497526782468e-05	-1.508562400947727243e-04	-1.335146336328435750e-03	-7.217281619319709102e-04	7.334088774608472092e-04	2.704753435146854679e-02	1.279573454343034718e-02	-7.260106729003160033e-04	-2.256499410009701930e-05	1.054452743063741390e-03	6.557505507926600450e-04	1.343704512809028653e-02	3.207721352442855086e-05	-1.190496999887826271e-03	-2.315573366540158275e-04	1.179785361213913687e-04	6.150234138002098330e-04	7.972402621310270120e-04	-1.121610887266724925e-04	-2.484746167184841408e-03	2.105962436187700827e-04	-5.048440471433125352e-04	3.979261418868786006e-04	-1.128577191686496936e-03	3.371903011312491838e-04	-8.640056752158057859e-05	3.649538989200525984e-05	-7.647029286295707259e-04	-3.850914855534000618e-04	-1.360961586725227546e-02	6.815245006489987958e-05	4.160183514755325844e-04	1.377088143289863231e-02	-1.878459327850318366e-03	-4.442628438601971697e-04	-2.994981271049881183e-02
-4.632016586102821959e-04	-2.580379529700732111e-04	-5.443025173064040736e-04	6.202310392024207742e-04	-4.484382925543331402e-04	2.234775891416570376e-04	2.195923087949973925e-04	1.121022977217001493e-04	-5.363901135140885373e-03	2.195185347657610054e-04	-1.727751697712291912e-05	5.505915915302719149e-03	-4.300194728312007513e-04	6.088907343807781897e-03	4.828264792459929897e-04	3.377586446946861595e-04	2.594674539634232840e-05	2.611235903113309450e-04	-1.150899894151653801e-04	6.009756610186261540e-03	1.551351294143859302e-04	5.777508226825491325e-03	6.045728915745978392e-03	1.198824271243327440e-04	2.023202809529945669e-04	8.896194210298255138e-06	4.904573600955767533e-04	-7.948600702374373291e-05	7.895882423493330148e-04	1.351380587356245788e-04	1.866894144860561824e-04	-4.858408080714522780e-04	5.441703165449152634e-03	-5.250836562148180264e-04	-2.315592155461165965e-04	3.347990718910747896e-04	2.832095421103474758e-04	5.986891742342044867e-03	5.516770300261588864e-03	-3.121951441085075996e-04	-3.623135011513249322e-04	-2.631063042032576746e-04	1.182179415606788946e-04	6.631151632834491900e-04	5.178822960176385692e-04	4.979995201972992449e-04	-2.669616817185797202e-04	-5.857799747077512822e-04	-4.036675315693649918e-04	-1.919970683640059828e-04	-2.641097622692889241e-04	8.398544603750138400e-04	1.454708082418421349e-05	3.750484354226671650e-04	2.773296700278533232e-05	-2.656880793982208892e-04	-5.364239284856152368e-03	7.352951751032326538e-04	1.909561424370481242e-04	5.900197428092520020e-03	-5.794853436225751902e-04	9.318513510460253713e-05	-5.846714611132794795e-03	7.990281043598707012e-04
-3.860626177066993261e-04	3.146799729120101246e-04	-4.014936113082575539e-05	4.736154980840860586e-04	-9.802548934811530605e-04	2.409110307729389231e-04	4.527628761972362931e-04	4.843945573413911622e-04	-7.868102880381668690e-03	3.210498148846175834e-04	8.917743026890386730e-04	5.668914744792453130e-03	1.794660914509399637e-03	3.689268540384859144e-03	1.506807736398907546e-03	-7.129670361332453819e-04	1.618876590394165843e-03	5.512304532829262688e-04	1.528498144898503882e-03	2.783609510487712255e-03	1.419362878393416131e-03	6.045728915745978392e-03	1.013711242459377528e-02	-3.220514905936983259e-04	2.038133059659906162e-04	-4.762249605195393665e-04	-3.357663833519849322e-05	1.912733082443215298e-04	9.282606046260650145e-04	5.185125179338140539e-04	5.371984088950945571e-04	-8.152368568640683049e-04	3.702029823694919473e-03	4.962894212568090763e-04	3.979259542720926975e-04	-4.782573317875124476e-04	1.896468413354623645e-04	9.068064667175265367e-03	6.073892043344760946e-03	3.359135906957147477e-04	-3.597343044231939100e-04	-1.061037345155256941e-03	-2.641100292391256239e-04	1.410442501977462234e-03	3.159424714447667346e-04	1.692067398431084139e-03	4.305357576856720268e-04	-1.083592061744046049e-03	-4.072698605525332380e-04	-3.151142951660200356e-05	-1.950297758483975367e-04	1.321393794219004065e-03	-2.520486406824595555e-04	8.502201816060253039e-04	3.536472808827823217e-04	3.612979460394780454e-05	-5.707259430228508318e-03	3.568929346255401394e-04	2.929905515595639977e-04	9.545302862603393529e-03	6.189400811970873634e-04	4.471431851052681339e-04	-2.892943906306745180e-03	-1.066241260203702225e-03
-5.482455199916575953e-05	3.766932954080409041e-05	1.525520262824209814e-04	2.311962863519778083e-05	-1.861544431452542771e-04	-2.245856450477957413e-04	-1.863574206737631086e-04	1.805784880514416861e-04	3.939771137679497041e-04	-1.027888266647898011e-03	2.329967119295766517e-06	-8.303601887476712859e-05	-3.069737526372124173e-04	2.239409787727840949e-04	-7.266149497044005630e-05	3.329750970926197541e-04	-1.314651980157058178e-04	4.612201213474404296e-04	7.549334609148068676e-05	3.200757258979217016e-04	-3.874231618979603366e-04	1.198824271243327440e-04	-3.220514905936983259e-04	1.655701655311727716e-03	-1.087024630824951106e-04	-5.644761289226778897e-06	-1.912240725042973902e-04	-1.187701868755150790e-05	-7.402114874658604065e-05	1.602826561312565125e-04	5.602649443816824619e-05	1.486290019597963418e-04	-4.887655548811644675e-05	4.945295016570551514e-04	6.815470457420648518e-05	2.822920254301399413e-04	1.010557581482155864e-03	-1.360033634609711644e-04	-6.136761282040314406e-05	4.356239282459705396e-04	-2.144271803082999192e-04	4.672899979121798557e-05	1.909565590721392161e-04	1.723696789674445122e-05	2.305389088473789141e-04	2.688205977040620910e-05	-1.317712305205233066e-04	1.452175904824936866e-04	-2.745685229570448739e-05	2.558123137586246687e-04	2.929918701864514204e-04	2.644082108374760790e-05	1.083478587855702732e-05	-7.291941273222417000e-06	-8.799494227280208356e-06	3.304245180714391076e-04	2.662419599350246044e-04	-7.936434696928854060e-05	1.216787835418260168e-03	-5.052155199698089025e-04	3.095001947006501214e-05	-1.459229195332522114e-04	-2.065531762234754272e-04	-9.968592436566288948e-05
-2.675486177614134348e-02	8.144199342538707004e-04	1.340665416172554127e-05	1.296012393870919766e-02	1.079172016965314828e-04	-6.003394311687594955e-05	-1.322238700964930430e-02	1.397790201076173173e-04	1.067664489881966876e-03	2.285484373492464394e-04	1.325712812702281389e-04	-3.374072901392858237e-04	-1.251161233972457494e-03	3.309079351581829549e-04	1.917920810622755811e-03	3.320270150672161762e-04	-7.851381243623120371e-05	-1.393804320195086109e-04	6.518444277309709241e-04	6.055378901752545397e-04	-1.972181476839969842e-04	2.023202809529945669e-04	2.038133059659906162e-04	-1.087024630824951106e-04	1.390718295577135846e-02	1.079706887714486330e-04	1.310173853150360451e-03	-2.119564548681936362e-04	2.241006611652739556e-03	1.350234394582038727e-02	2.929984568133952444e-02	-1.058744096389656157e-03	-7.657349985119191009e-04	-1.365376655426479759e-03	-1.821822952313778901e-04	2.395357249614509920e-03	2.082104074050638613e-05	6.594429483516478551e-04	-1.112910648508688043e-04	-5.221173217619915104e-04	3.710410882254522400e-04	1.069250007726079647e-03	6.202298361383420770e-04	1.320833574184298448e-02	6.671995096415311724e-04	2.836528318413509414e-02	1.378060644625608497e-02	-4.750021994223401628e-04	-1.274572703183855446e-02	1.907417184846227961e-03	4.736124190683870796e-04	2.827591752597697489e-02	3.370089919399541899e-04	1.358762468273775476e-02	2.507156782352553260e-04	-2.494732014876866171e-04	6.907091882142448250e-04	3.261692197014951292e-04	2.312145052591150362e-05	-1.388487258391606170e-03	-2.770874046800609713e-04	-6.315364280616096292e-04	5.520669435874445445e-04	-1.979082866692980576e-04
5.711904528264829736e-04	-5.835196350095784787e-03	-4.382844098042060254e-04	-3.374081556109905433e-04	5.433021874995197509e-03	-2.078075724950561199e-04	9.977833393707367785e-05	-5.550329873920753151e-03	-4.746139381252603403e-04	3.351822660928125558e-04	-1.058176875406750480e-04	1.258178597014899202e-04	-1.266122719420708937e-03	-2.805320744256380736e-04	-4.860940516780818017e-04	1.056326053682542362e-03	-8.519677641831370409e-04	-4.542594906842722827e-04	-8.901820692451762121e-04	5.139544238905845858e-04	-5.330507521630944772e-04	8.896194210298255138e-06	-4.762249605195393665e-04	-5.644761289226778897e-06	1.079706887714486330e-04	5.810645526325424783e-03	6.008972334820349842e-03	9.905409827697231177e-05	-1.498428133030717735e-04	2.380405742637033671e-04	-1.888708322670725869e-04	6.378357832012749792e-03	-4.580495008540651225e-04	-1.150423876996206803e-03	-7.216032845805177298e-05	5.078628376235448357e-04	2.930926270640325402e-04	3.056928976900044029e-04	-9.690263766709133206e-05	-1.014794542571347512e-03	2.938394290995169356e-04	6.072695910034927973e-03	5.505917524525836756e-03	-3.426567893651212213e-04	5.573266200194998063e-03	-5.617293193273179127e-04	-2.059007432376805651e-04	4.844506643959264978e-04	6.351260598661649399e-04	8.173261792398400392e-05	5.668915186689551036e-03	-8.321895004177511795e-04	5.366758542601627810e-03	-7.452366632049215681e-04	-1.462031326814846374e-04	-5.848608832999523457e-03	-3.093002953292305022e-06	7.072770280055252785e-04	-8.303551556204465567e-05	-2.642629353636933177e-04	-8.389299037412082565e-04	-3.145166198854572369e-04	-2.739168644370976657e-04	1.722297474093617900e-03
-1.457313702986332785e-03	-3.528227130744927137e-03	-1.562430388924282171e-03	6.055373212465592608e-04	7.862650990430160303e-03	-3.325872630755649867e-04	-7.687952422006996689e-04	-5.613671772199006760e-03	-1.093258039375169521e-03	3.098031703911002517e-04	-9.858427996020787884e-05	5.139530259567761609e-04	-1.753845802987054857e-03	2.949858733302957716e-04	-1.261858074295326977e-04	1.215875876825134577e-03	-1.115483028325771212e-03	-1.091621013667064309e-03	-1.848141698602321801e-03	8.606109193312900651e-04	-8.043663861510256955e-04	4.904573600955767533e-04	-3.357663833519849322e-05	-1.912240725042973902e-04	1.310173853150360451e-03	6.008972334820349842e-03	1.008109820425240333e-02	-3.361449451200611239e-04	1.418044784406937656e-03	5.017014959690157616e-04	1.445304315165839943e-03	2.869483391658727948e-03	-2.716586688065689170e-04	-2.898871636730973415e-03	-1.057124253718876635e-03	9.576791526121383302e-04	3.443745400235235588e-04	1.103656054777658272e-03	2.862398841594922380e-04	-2.023380024827141181e-03	2.195470310710231996e-04	9.145329100478367598e-03	6.009758954974018727e-03	2.036606406059015889e-04	3.537479664479901715e-03	3.604059209069858708e-04	3.942675299003859518e-04	-2.414919122862916039e-04	-4.658803154481182067e-04	-2.844132737401941025e-04	2.783609747207397341e-03	8.404928932947318887e-04	5.624909950340590062e-03	-4.657458027496712543e-04	-2.596693841554882599e-04	-9.425981109441258082e-03	-2.977711199822832291e-04	1.455182717874767403e-03	3.200760439281963429e-04	4.835259559941992250e-05	-1.129338017267166559e-03	-1.427208050533167237e-04	-2.644521933448910770e-04	2.878894300034624213e-03
-2.295516300905011894e-05	-1.459701064552025227e-04	9.246354230435485015e-05	-2.119568327859038372e-04	-3.909236621910039595e-04	1.025850552441863982e-03	-1.817370914417786943e-04	1.080823955583010794e-04	-1.459703870299794491e-04	-2.504870620844721956e-04	-1.532781524044994669e-04	9.905462475704227389e-05	2.499825096245664711e-05	-1.196318437583401948e-04	2.241298588219400455e-04	-5.858148467492965326e-05	9.246336811895326053e-05	-1.532776687580617351e-04	2.593564477897270800e-05	-3.361440550477479616e-04	1.578325391487186741e-04	-7.948600702374373291e-05	1.912733082443215298e-04	-1.187701868755150790e-05	-2.119564548681936362e-04	9.905409827697231177e-05	-3.361449451200611239e-04	1.689783240261663252e-03	-1.614591871519872402e-04	6.679229206671037991e-04	4.970847833713449649e-04	3.110306510181486323e-04	-3.909230886002546803e-04	2.499862680296227629e-05	1.578325873256198090e-04	-1.614590489963214589e-04	2.221164192002309640e-04	-8.418092943915042332e-05	-2.870812813844610990e-04	1.175194945680384943e-05	1.025850693440598805e-03	-1.196327171660110076e-04	-7.948658396343845486e-05	6.679230680869160507e-04	-8.418133844236015521e-05	9.968772232302890342e-04	3.102164358825652162e-04	2.924347495892927083e-04	-1.817369896315695324e-04	2.241300388753817113e-04	1.912730845021705839e-04	4.970845515541641706e-04	-2.870817907110628266e-04	3.102160871543990263e-04	-1.195844962968141151e-03	5.313070273953921212e-04	1.080819855858429707e-04	-5.858140755809815086e-05	-1.187722119198629181e-05	3.110309032381236268e-04	1.175153601219121921e-05	2.924346882194893719e-04	5.313060539353136246e-04	-8.287749906494164796e-05
-4.873057329288903519e-03	9.018836359435099541e-05	-6.739639352700802118e-04	2.395355837993483686e-03	-1.272822992240866136e-03	5.282098259960171327e-05	-2.254307287294986511e-03	5.522870646833654817e-04	-1.124729541116457996e-04	6.493257260309405758e-05	4.562432883437037338e-06	5.078630530567434598e-04	-5.387929731052052622e-05	1.059107169541377352e-03	1.439783889463379070e-03	1.781001830743260633e-04	-1.129973100219541153e-04	-4.978626740766776797e-04	-5.036445939017235134e-04	9.576788638398547925e-04	-8.005629497526782468e-05	7.895882423493330148e-04	9.282606046260650145e-04	-7.402114874658604065e-05	2.241006611652739556e-03	-1.498428133030717735e-04	1.418044784406937656e-03	-1.614591871519872402e-04	4.355497027787679984e-03	1.789144522472373416e-03	4.550448603639577899e-03	-1.745235452301001052e-03	7.757324559259694285e-05	-1.809296633491741437e-03	-7.260096720263886465e-04	1.333586623772957652e-03	1.179903239763423764e-05	9.359013203007972206e-04	4.783529939293967165e-04	-6.172700309646471373e-04	-4.790588595479181185e-05	-8.463146071091835927e-05	3.347996182599466473e-04	2.027567576066636752e-03	1.146563957711033491e-03	3.840825782938325252e-03	1.937734694808100362e-03	-4.872106101678297472e-04	-2.320084340439582376e-03	-1.047663629099176942e-03	-4.782558497730629728e-04	4.766324881678447867e-03	-4.533417663352814011e-05	1.925882549435561138e-03	-1.195638101462441510e-04	-3.009567878208745735e-04	-2.056953639280002452e-04	7.584382777957876260e-04	2.822918926381508395e-04	1.226662527832957138e-04	-9.172586676916343550e-05	1.769764101118980219e-04	-1.779597257577310613e-05	6.468449103617501111e-04
-2.723619122474196103e-02	3.183381650356334209e-04	4.339542478768781616e-04	1.320833646822136553e-02	-4.358497146797648929e-04	-2.848107852105663052e-04	-1.366915152373809894e-02	1.679816907093665906e-04	1.206074931915014897e-03	1.899730842832308788e-05	-1.367423934094478405e-04	-3.426554083011301884e-04	-1.341652258030066967e-03	5.006852960011808767e-04	2.532703202561251057e-03	5.019988020900519564e-04	3.383326698894971712e-04	-1.430554110381064429e-04	7.425328890678226839e-04	2.036615308051831468e-04	-1.508562400947727243e-04	1.351380587356245788e-04	5.185125179338140539e-04	1.602826561312565125e-04	1.350234394582038727e-02	2.380405742637033671e-04	5.017014959690157616e-04	6.679229206671037991e-04	1.789144522472373416e-03	1.552436094111817565e-02	3.093309536373535160e-02	-7.769660644648293903e-05	-1.074846339361504137e-03	-1.171023082722956726e-03	1.179779416422965929e-04	2.027568954840357381e-03	1.829809562619312796e-04	2.481990016380265199e-04	-3.691961682334820162e-04	-2.125234912874702305e-04	1.015885301129280997e-04	8.417817265094267249e-04	6.631132434327459716e-04	1.463956797901254034e-02	9.456123320415823520e-04	3.138455923675964598e-02	1.496559618481789478e-02	2.042964735415550321e-04	-1.350139239805775090e-02	2.532227434925807350e-03	1.410439200170731863e-03	3.007710765786552470e-02	2.386341608940193999e-04	1.457492238824497494e-02	3.478418925935675729e-04	7.802216662528820706e-04	8.733443342175809844e-04	2.192708153142426935e-04	1.723928450538251189e-05	-1.078277173375634043e-03	-2.143188161541441220e-04	1.129024721855514935e-04	1.170123000314267619e-03	-4.048530598712854955e-04
-5.839380788966413993e-02	1.941052068933465675e-03	2.921187954635241627e-04	2.827591927275902028e-02	-1.141818087552622877e-03	-2.989240326034223487e-04	-2.929612847659088248e-02	1.045472279183994047e-03	2.511311017806204440e-03	1.292423344594916034e-04	-1.077696056847588651e-03	-8.321865991194745760e-04	-4.692991875812369332e-03	8.185146741812325457e-04	4.763664360106371724e-03	1.593070362789481866e-03	1.538239291281979170e-04	-1.222914330566271480e-03	-4.729920006875789956e-04	8.404948071937157379e-04	-1.335146336328435750e-03	1.866894144860561824e-04	5.371984088950945571e-04	5.602649443816824619e-05	2.929984568133952444e-02	-1.888708322670725869e-04	1.445304315165839943e-03	4.970847833713449649e-04	4.550448603639577899e-03	3.093309536373535160e-02	6.541427170923748424e-02	-1.958046412296877807e-03	-1.948896688535433188e-03	-4.586427638280066513e-03	-1.128577822003118750e-03	4.766327836840898551e-03	9.302935172240201021e-05	5.895621499636444392e-04	-6.859880011936489181e-04	-1.507722850225157174e-03	4.198860322099239213e-04	1.618747111374226923e-03	8.398510903683780024e-04	3.007710792836403024e-02	1.144288416006750131e-03	6.440566394561511587e-02	3.112092222964735894e-02	-1.474340059941571545e-04	-2.826622546920766824e-02	4.932704621162696361e-03	1.321386900919104207e-03	6.302251378294604356e-02	-2.750110290555395092e-05	3.027073875883697085e-02	5.955047258189194621e-04	1.342098068171878201e-03	1.726183842176856088e-03	1.380271685930175695e-03	2.644539787236008726e-05	-2.777502970245082029e-03	-1.386542250679020667e-03	-3.169623898656074678e-04	1.991701631732215819e-03	1.140140889094080033e-03
2.922620746102879905e-03	-9.249319307304961629e-03	3.522401397111735947e-04	-1.388488625993324239e-03	3.747743011162602521e-03	-2.781957943952757047e-04	1.167324987023617318e-03	-6.426826495176157089e-03	-2.868906314117548439e-04	4.223544804258668427e-04	-6.173557201551379842e-04	-2.642615105092362940e-04	-1.885447425524199375e-03	-1.157912337990629065e-03	-1.018441611848864246e-03	1.584596996508714703e-03	-1.003417335828341202e-03	-3.118521915840900046e-04	-1.024137897433150413e-03	4.835536673117303113e-05	-7.217281619319709102e-04	-4.858408080714522780e-04	-8.152368568640683049e-04	1.486290019597963418e-04	-1.058744096389656157e-03	6.378357832012749792e-03	2.869483391658727948e-03	3.110306510181486323e-04	-1.745235452301001052e-03	-7.769660644648293903e-05	-1.958046412296877807e-03	1.123145205580130049e-02	-1.037730083444301761e-03	-5.252307928111036705e-04	4.160187640516243646e-04	1.226653849868415789e-04	2.065576618132359491e-04	-2.353264049054937940e-04	-4.680926439316568334e-04	-6.665000809976343726e-04	3.524756549764141312e-04	3.697649751726539424e-03	5.900198038780387483e-03	-1.078279515391277095e-03	8.710863974655178726e-03	-1.726407809378137760e-03	-7.762049773608256913e-04	1.540470358032132317e-03	2.038766597345133443e-03	3.573191050775678342e-04	9.545303351085417456e-03	-2.777507746227919107e-03	5.939975640381595090e-03	-1.139247825173348187e-03	2.544193495087222886e-04	-2.977943749921707454e-03	2.645969509166029186e-04	5.018100321021098107e-04	-5.052143784278087611e-04	-2.646058685678137601e-04	-1.027415081198441472e-03	-2.994984317768583921e-04	-4.161150667372559087e-05	1.867990699464604654e-03
1.370975222033933745e-03	6.049996901731241356e-05	-6.237698438089640373e-05	1.079181446726775167e-04	-1.889596965024927704e-04	2.791819464282328583e-04	9.507918576916450128e-04	2.587092739077684073e-04	-2.822390222873676253e-03	2.235677829875125366e-04	5.698221898918314193e-04	5.433021268761604669e-03	1.232028908094316352e-03	8.470002684345858540e-03	1.221498887322532080e-04	-7.023896058931407673e-04	1.366464511158466209e-03	9.598755249246725303e-04	1.175869474875987017e-03	7.862650485971834496e-03	7.334088774608472092e-04	5.441703165449152634e-03	3.702029823694919473e-03	-4.887655548811644675e-05	-7.657349985119191009e-04	-4.580495008540651225e-04	-2.716586688065689170e-04	-3.909230886002546803e-04	7.757324559259694285e-05	-1.074846339361504137e-03	-1.948896688535433188e-03	-1.037730083444301761e-03	9.255354818723953575e-03	8.574982616504349831e-04	5.158077352940298359e-04	-1.272823426965292081e-03	2.132078960473561395e-04	2.880553494152005879e-03	5.901052225659619843e-03	3.409136691140506590e-04	-3.773183937303445736e-04	-7.897455684306908721e-04	-4.484388544496062346e-04	-4.358484809355811463e-04	4.652103040049886085e-05	-1.347418949482253638e-03	-1.281477309408815459e-03	-1.110742795943853861e-03	6.333079765855871915e-04	-8.554098487939833500e-04	-9.802566764824745173e-04	-1.141816003893667865e-03	-2.290954902981495885e-04	-5.011596730348443721e-04	4.415706601230084093e-05	-3.044280141617671702e-04	-5.889302380212739670e-03	-2.295322932946671011e-04	-1.861551028384673381e-04	3.747742563892503959e-03	-1.894659552577514976e-04	1.846133869918043001e-04	-9.164134459041829717e-03	-7.272215653641674916e-04
9.401369940901715613e-04	1.368939339785399476e-03	5.030934757388628303e-03	-1.251171910158485178e-03	1.232032928340323109e-03	2.673441425171944302e-05	1.260062405923711906e-03	1.366664917391810540e-04	1.281105129363622943e-03	-5.903960644224871780e-04	2.712493526843248390e-02	-1.266126732902516250e-03	5.813274443338510566e-02	-2.308414969857895335e-03	-1.257035873734563530e-03	-2.920910343272698634e-02	3.734882456063066784e-03	2.826521044580702219e-02	5.843066370127104198e-02	-1.753852979643231742e-03	2.704753435146854679e-02	-5.250836562148180264e-04	4.962894212568090763e-04	4.945295016570551514e-04	-1.365376655426479759e-03	-1.150423876996206803e-03	-2.898871636730973415e-03	2.499862680296227629e-05	-1.809296633491741437e-03	-1.171023082722956726e-03	-4.586427638280066513e-03	-5.252307928111036705e-04	8.574982616504349831e-04	6.090621809030896672e-02	2.816356930047444682e-02	-5.388160784498187568e-05	-7.656725629487989154e-04	1.089883848257307535e-03	5.099483570613087737e-04	3.047487130393563420e-02	4.645747854496906539e-05	-1.978866808320479693e-03	-4.300154646192591449e-04	-1.341661405121681062e-03	9.921320209525610369e-04	-5.249210064178469644e-04	-1.307591089436234769e-03	-3.905789684194944412e-03	1.494071828447384506e-03	4.967310989619441470e-04	1.794663091694686727e-03	-4.693014574926682343e-03	5.986816128125266312e-04	-1.149055814866613377e-03	4.046290037138098092e-05	-3.577498382733476342e-04	2.476695519250839811e-04	-3.022320360404157774e-02	-3.069796982958060286e-04	-1.885449273032997666e-03	2.948301027307258931e-02	-5.276259630972536530e-03	-1.591780871829510165e-03	-6.549912685888775732e-02
-3.481457557191912269e-04	-1.382212947203692881e-04	2.204666225696636818e-03	-1.972234844289116494e-04	7.334110521783256814e-04	3.207525033409075769e-05	2.105966538380147778e-04	-3.850931282498436681e-04	4.719113157101827031e-04	-1.850532408042134750e-04	1.265225647280798955e-02	-5.330526392084570034e-04	2.704753370166858989e-02	-1.190499805864255129e-03	-5.048437032503859216e-04	-1.360961638351157119e-02	1.791463313854320654e-03	1.315592656744165451e-02	2.761285054268957512e-02	-8.043697701469619196e-04	1.279573454343034718e-02	-2.315592155461165965e-04	3.979259542720926975e-04	6.815470457420648518e-05	-1.821822952313778901e-04	-7.216032845805177298e-05	-1.057124253718876635e-03	1.578325873256198090e-04	-7.260096720263886465e-04	1.179779416422965929e-04	-1.128577822003118750e-03	4.160187640516243646e-04	5.158077352940298359e-04	2.816356930047444682e-02	1.378892094354561282e-02	-8.005733822242352071e-05	-2.256552701143346067e-05	6.150225206939224486e-04	3.371893228275003006e-04	1.377088857687964150e-02	1.859326152591724750e-04	-7.506855007325253896e-04	1.551369498403679526e-04	-1.508607723313044359e-04	1.054453809384261987e-03	7.972349555755488823e-04	-8.640049282675993738e-05	-1.878459945419672312e-03	5.175951164684818116e-04	1.294615471721090403e-04	1.419363683423906100e-03	-1.335157694718326279e-03	6.557520859557989081e-04	-1.121666696908721979e-04	3.649533149740153218e-05	-4.442658930886042665e-04	1.156599768235560280e-05	-1.381988752572771081e-02	-3.874261527336502310e-04	-7.217289195128370055e-04	1.343704473053963268e-02	-2.484746771633225548e-03	-7.647008408653132444e-04	-2.994981969997161791e-02
-4.873058711124049827e-03	-1.124720587709091089e-04	-1.129982313273298277e-04	2.241006775413676658e-03	7.757267515388305908e-05	-4.790619620336059758e-05	-2.320085767860304363e-03	-2.056947657002512774e-04	9.018886306282338189e-05	6.493285731165341170e-05	-4.978632845847494022e-04	-1.498431818138620700e-04	-1.809298984310233564e-03	-8.463139671869162630e-05	-1.047664627499871742e-03	7.584397885804163193e-04	-6.739645916955302324e-04	4.561845646872682671e-06	-5.036458778917126062e-04	1.418045302060164364e-03	-7.260106729003160033e-04	3.347990718910747896e-04	-4.782573317875124476e-04	2.822920254301399413e-04	2.395357249614509920e-03	5.078628376235448357e-04	9.576791526121383302e-04	-1.614590489963214589e-04	1.333586623772957652e-03	2.027568954840357381e-03	4.766327836840898551e-03	1.226653849868415789e-04	-1.272823426965292081e-03	-5.388160784498187568e-05	-8.005733822242352071e-05	4.355497771735824392e-03	1.179904700745278398e-05	1.146562315133882589e-03	-4.533502858257213960e-05	-9.172715367947211341e-05	5.282183915262483696e-05	1.059107686404603833e-03	7.895877746751433840e-04	1.789144401473855136e-03	9.358998151254578190e-04	3.840827163245597378e-03	1.925884047199753757e-03	1.769774993707957011e-04	-2.254307007283440009e-03	1.439783892609843062e-03	9.282588144130510515e-04	4.550448622525930450e-03	4.783519381897288281e-04	1.937734876876487638e-03	-1.195638043387103623e-04	-1.779532018139687638e-05	5.522877162543148033e-04	1.781017479944808424e-04	-7.402100732951891074e-05	-1.745236736423338162e-03	-6.172715764441016190e-04	-4.872095621738739709e-04	-3.009563983193572169e-04	6.468484832478320476e-04
-4.164863578967673675e-05	-3.013494469403429888e-04	-1.243214412550865241e-04	2.082106696938455925e-05	2.132081425275822884e-04	1.260679972098882709e-05	-2.579797480866315252e-05	-1.340975404030235051e-04	-3.013489480911839052e-04	-9.884556312508669621e-04	-2.930647796840238849e-04	2.930922583750834322e-04	-7.656720730033446994e-04	2.358113815302729198e-04	-5.873278471991255059e-05	4.893139158851169974e-04	-1.243213477031997194e-04	-2.930647492782095711e-04	-4.065277824517832218e-04	3.443742520742165822e-04	-2.256499410009701930e-05	2.832095421103474758e-04	1.896468413354623645e-04	1.010557581482155864e-03	2.082104074050638613e-05	2.930926270640325402e-04	3.443745400235235588e-04	2.221164192002309640e-04	1.179903239763423764e-05	1.829809562619312796e-04	9.302935172240201021e-05	2.065576618132359491e-04	2.132078960473561395e-04	-7.656725629487989154e-04	-2.256552701143346067e-05	1.179904700745278398e-05	1.455250668262827833e-03	1.876365164204304840e-04	2.103439093207463474e-04	-7.467339707267909091e-04	1.260690361308609394e-05	2.358116875121652497e-04	2.832099379470644500e-04	1.829808243786887800e-04	1.876369455328400165e-04	6.136235176794853688e-05	-9.149902353357053158e-05	2.463258801203388766e-05	-2.579772443241503009e-05	-5.873260953680647847e-05	1.896475045671303550e-04	9.302938405753342238e-05	2.103442259556023502e-04	-9.149894712453605005e-05	-2.027613809042760353e-04	-2.412788393856359927e-04	-1.340972309250224991e-04	4.893144782252850265e-04	1.010557843060020050e-03	2.065571744414980383e-04	-7.467338544734196133e-04	2.463241175850408406e-05	-2.412787162810083453e-04	1.289091404586578237e-03
-1.063071159420938107e-03	-2.578556713631225154e-04	-2.069591629560029074e-04	6.672022063618902356e-04	4.652244666107265686e-05	2.337566139307923284e-04	2.968724758883946628e-04	-2.961358052001403923e-04	-8.351053439189525668e-03	4.229758300488251055e-04	8.330854096507791292e-04	5.573266039955309357e-03	9.921292553227451655e-04	2.934248703808201367e-03	-2.026984903095943472e-05	-3.827712377131616125e-04	-3.859264424971130389e-05	7.859223427827833740e-04	1.506602346459273278e-03	3.537479769983432540e-03	1.054452743063741390e-03	5.986891742342044867e-03	9.068064667175265367e-03	-1.360033634609711644e-04	6.594429483516478551e-04	3.056928976900044029e-04	1.103656054777658272e-03	-8.418092943915042332e-05	9.359013203007972206e-04	2.481990016380265199e-04	5.895621499636444392e-04	-2.353264049054937940e-04	2.880553494152005879e-03	1.089883848257307535e-03	6.150225206939224486e-04	1.146562315133882589e-03	1.876365164204304840e-04	9.868581822875140824e-03	5.995199466431616088e-03	4.806201794372599889e-04	-2.449414007768321703e-04	6.487229211443122081e-05	5.178823346377295269e-04	9.456155550217326938e-04	8.397874956718824873e-04	7.963300051723533638e-04	1.757582367475010049e-04	-9.906358571553073623e-04	-5.146279992988671021e-04	-1.921306643585929652e-05	3.159422969758598565e-04	1.144294933988247547e-03	5.187364536433710250e-04	5.593882699878205845e-04	2.444557988081644479e-04	-1.080961054886558047e-03	-5.592258263969309209e-03	3.030521934616417241e-04	2.305380942118626705e-04	8.710863854181755822e-03	3.483303242110540477e-04	-1.091635186458006024e-03	-3.576498110791697868e-03	-8.727690875360853869e-04
2.340496191420265288e-04	-2.454181609639366924e-04	-2.619799720473838488e-04	3.370108276389131331e-04	-2.290946671347336857e-04	1.318335678207351567e-04	6.003787480339320415e-04	-8.242797540437564577e-06	-5.381648600113789552e-03	3.624742713437667909e-04	4.458204986503378018e-04	5.366758539422740969e-03	5.986783103756553558e-04	5.674857297567949613e-03	-9.391190777599940599e-06	-2.340321330526650345e-04	5.161672669882932290e-04	6.908498273614168978e-04	8.550039182557631068e-04	5.624910208097688713e-03	6.557505507926600450e-04	5.516770300261588864e-03	6.073892043344760946e-03	-6.136761282040314406e-05	-1.112910648508688043e-04	-9.690263766709133206e-05	2.862398841594922380e-04	-2.870812813844610990e-04	4.783529939293967165e-04	-3.691961682334820162e-04	-6.859880011936489181e-04	-4.680926439316568334e-04	5.901052225659619843e-03	5.099483570613087737e-04	3.371893228275003006e-04	-4.533502858257213960e-05	2.103439093207463474e-04	5.995199466431616088e-03	5.826047139150080344e-03	1.655775187441487959e-04	-3.839890683308842443e-04	-4.712476900266583126e-04	1.454676697611884535e-05	2.386363510685739209e-04	5.187356285884864781e-04	-3.098784629868552650e-04	-5.758993258927105462e-04	-8.888343250383968271e-04	8.075636288760421359e-05	-4.475540544141373310e-04	-2.520497067785822326e-04	-2.749691222480106403e-05	1.365872193807771335e-04	-4.284319816355347784e-06	2.089411887699765694e-04	-4.943944554666123391e-04	-5.558861189841651090e-03	2.553359182366721171e-04	1.083407633925147391e-05	5.939975641445891311e-03	-1.549068598719407239e-04	-2.638044561831778454e-04	-6.307290834198828189e-03	-2.513448900616875722e-04
-2.632715775236248775e-04	9.825266142832475916e-04	2.440609277554298389e-03	-2.770923083123223371e-04	-1.894643975496039957e-04	-7.189794256390296359e-06	2.546126271082570680e-04	5.724179659221950711e-04	1.103823698701663020e-03	-4.134528747206497250e-04	1.376745285596040098e-02	-8.389320972814345596e-04	2.948301060412381741e-02	-1.158698193566308488e-03	-2.240332928160062795e-04	-1.491243130917773926e-02	2.188507857766522867e-03	1.400669334784123213e-02	2.898451829648496930e-02	-1.129341647971386468e-03	1.343704512809028653e-02	-3.121951441085075996e-04	3.359135906957147477e-04	4.356239282459705396e-04	-5.221173217619915104e-04	-1.014794542571347512e-03	-2.023380024827141181e-03	1.175194945680384943e-05	-6.172700309646471373e-04	-2.125234912874702305e-04	-1.507722850225157174e-03	-6.665000809976343726e-04	3.409136691140506590e-04	3.047487130393563420e-02	1.377088857687964150e-02	-9.172715367947211341e-05	-7.467339707267909091e-04	4.806201794372599889e-04	1.655775187441487959e-04	1.611895459004245718e-02	-1.354768195859926215e-04	-1.569831960489446922e-03	-5.794834403213239933e-04	-2.143232148136335570e-04	3.483319342875204594e-04	7.153930510319986540e-04	-2.014899934102560013e-04	-2.077993062121632692e-03	2.950150052560891636e-04	2.510972391507607570e-04	6.189413359807252515e-04	-1.386553006412448051e-03	-1.549052657310122491e-04	7.161446930535855424e-05	1.638195848849646774e-04	4.897507149047302007e-04	3.388808047630287399e-04	-1.535236383025849125e-02	3.094725452621743139e-05	-1.027416395621129786e-03	1.522848986791368840e-02	-2.473860315294829776e-03	-4.763481314451789334e-04	-3.369927962610057282e-02
-4.275253645337142330e-05	-2.165470222476813028e-04	5.022340953678767117e-05	-6.003130928678329951e-05	2.791811440304457553e-04	1.012315616403239391e-03	-1.009761872356090601e-04	-2.885676584554163751e-04	2.547641498640294865e-04	1.541720653230577544e-05	2.209577415616277360e-05	-2.078071032131140108e-04	2.673825293471151617e-05	-4.372901006731796545e-04	-6.238032948939797363e-05	-1.146793105603984097e-05	-2.080141938005037052e-05	-1.078883927728547891e-04	5.230112442671905646e-05	-3.325864329138180243e-04	3.207721352442855086e-05	-3.623135011513249322e-04	-3.597343044231939100e-04	-2.144271803082999192e-04	3.710410882254522400e-04	2.938394290995169356e-04	2.195470310710231996e-04	1.025850693440598805e-03	-4.790588595479181185e-05	1.015885301129280997e-04	4.198860322099239213e-04	3.524756549764141312e-04	-3.773183937303445736e-04	4.645747854496906539e-05	1.859326152591724750e-04	5.282183915262483696e-05	1.260690361308609394e-05	-2.449414007768321703e-04	-3.839890683308842443e-04	-1.354768195859926215e-04	1.441680825228995903e-03	2.155913020054762400e-04	2.234773620544723961e-04	-2.848077138597271754e-04	2.337564387740991966e-04	5.408487865241127894e-05	3.503696114127452001e-04	5.546892458336628081e-05	3.283229691874412718e-04	1.347995165483501256e-05	2.409108349605306701e-04	-2.989179454300208900e-04	1.318331535280321213e-04	-3.126687778369620856e-05	-1.012897906381363426e-03	-1.845421593235844321e-04	3.125806163942362360e-04	-1.485117869008658264e-04	-2.245856123116416760e-04	-2.781956515048672690e-04	-7.187993704034416294e-06	-3.674089700401891824e-05	4.013921041562893690e-04	-1.637427660064839769e-05
-8.812073820210553684e-04	-2.873768972714854479e-03	8.140897522903521285e-05	3.309071351770509440e-04	8.470002917175293092e-03	-4.372910069108893122e-04	-8.420759335787144067e-04	-5.647847568580973213e-03	3.762762241635810218e-05	2.977265531385287975e-04	-2.098153727844431489e-04	-2.805328332142992091e-04	-2.308409254303141894e-03	-2.574717133258964540e-04	-9.311798262708195295e-05	1.322984848759138415e-03	-9.374791850094012051e-04	-7.885616367946875248e-04	-1.737605720191312975e-03	2.949864651398878806e-04	-1.190496999887826271e-03	-2.631063042032576746e-04	-1.061037345155256941e-03	4.672899979121798557e-05	1.069250007726079647e-03	6.072695910034927973e-03	9.145329100478367598e-03	-1.196327171660110076e-04	-8.463146071091835927e-05	8.417817265094267249e-04	1.618747111374226923e-03	3.697649751726539424e-03	-7.897455684306908721e-04	-1.978866808320479693e-03	-7.506855007325253896e-04	1.059107686404603833e-03	2.358116875121652497e-04	6.487229211443122081e-05	-4.712476900266583126e-04	-1.569831960489446922e-03	2.155913020054762400e-04	1.004844159476857290e-02	6.088909929196301488e-03	5.006841825802286518e-04	2.934248430755907050e-03	1.193262207271850780e-03	7.023815759098789996e-04	1.275114622596511607e-03	-2.819471499722456167e-04	1.333127511608589184e-03	3.689268861975568067e-03	8.185123539534306649e-04	5.674856949003419075e-03	-2.739288186232966427e-04	-1.953776518752069137e-04	-8.722999088005188584e-03	5.072671915850227422e-04	1.156740287999530759e-03	2.239412419805371867e-04	-1.157914470741384146e-03	-1.158695246332430533e-03	-2.481902859048750994e-04	2.804488374853006004e-04	2.588472313007751310e-03
-4.631990935773763925e-04	-5.363901455098197754e-03	2.594430348082276869e-05	2.023188640375621437e-04	5.441702600539683604e-03	-3.623138310421041767e-04	-4.036661871299598641e-04	-5.364239443364753578e-03	-2.580367854701184796e-04	2.195181720339514100e-04	2.611252278598908587e-04	8.895102976942791259e-06	-5.250799647551784334e-04	-2.631073643427371870e-04	-1.919982266359995728e-04	7.352931778772464969e-04	-5.443015985561888443e-04	-1.727544050916660556e-05	-1.150861019091970394e-04	4.904565639213330323e-04	-2.315573366540158275e-04	1.182179415606788946e-04	-2.641100292391256239e-04	1.909565590721392161e-04	6.202298361383420770e-04	5.505917524525836756e-03	6.009758954974018727e-03	-7.948658396343845486e-05	3.347996182599466473e-04	6.631132434327459716e-04	8.398510903683780024e-04	5.900198038780387483e-03	-4.484388544496062346e-04	-4.300154646192591449e-04	1.551369498403679526e-04	7.895877746751433840e-04	2.832099379470644500e-04	5.178823346377295269e-04	1.454676697611884535e-05	-5.794834403213239933e-04	2.234773620544723961e-04	6.088909929196301488e-03	5.777508268990049628e-03	1.351361066070562737e-04	5.986889582482115939e-03	4.979956604330127400e-04	3.750469400959340147e-04	9.318815478200900360e-05	2.195935965042204448e-04	4.828275799208783716e-04	6.045726991777886777e-03	1.866856473296410815e-04	5.516768718449104048e-03	-2.669637166423430687e-04	2.773318693504981698e-05	-5.846713700823750505e-03	1.121037028665661581e-04	3.377568024224629852e-04	1.198827885248122331e-04	-4.858424477864952220e-04	-3.121933303688246880e-04	-5.857814293550911476e-04	-2.656875594568017056e-04	7.990238124159134564e-04
-2.723618278802251644e-02	1.206076857664686169e-03	3.383326792460079088e-04	1.350233618717249992e-02	-1.074846464921017011e-03	1.015854062833734643e-04	-1.350139305116817776e-02	8.733455449884680718e-04	3.183366794943635089e-04	1.899764636736981900e-05	-1.430555276458413854e-04	2.380414751607137877e-04	-1.171022327679391946e-03	8.417819480118244203e-04	2.532227187983582435e-03	2.192700854269918757e-04	4.339553656533667175e-04	-1.367464730245289244e-04	7.425282409227217714e-04	5.017019992784962261e-04	1.179785361213913687e-04	6.631151632834491900e-04	1.410442501977462234e-03	1.723696789674445122e-05	1.320833574184298448e-02	-3.426567893651212213e-04	2.036606406059015889e-04	6.679230680869160507e-04	2.027567576066636752e-03	1.463956797901254034e-02	3.007710792836403024e-02	-1.078279515391277095e-03	-4.358484809355811463e-04	-1.341661405121681062e-03	-1.508607723313044359e-04	1.789144401473855136e-03	1.829808243786887800e-04	9.456155550217326938e-04	2.386363510685739209e-04	-2.143232148136335570e-04	-2.848077138597271754e-04	5.006841825802286518e-04	1.351361066070562737e-04	1.552435228647902100e-02	2.481957957534091210e-04	3.138454949018722878e-02	1.457492152718662184e-02	1.129023695734237144e-04	-1.366914292110175955e-02	2.532702158077814250e-03	5.185093846926848308e-04	3.093307681090026046e-02	-3.691979960373407499e-04	1.496558788360912232e-02	3.478416199007798430e-04	1.170123549937489554e-03	1.679805508844709892e-04	5.020038546058771655e-04	1.602840789184233495e-04	-7.769499886149270956e-05	-2.125238954654396710e-04	2.042948953576114227e-04	7.802203240820596714e-04	-4.048476174059042424e-04
-1.063066383022209967e-03	-8.351053428448230662e-03	-3.859495465104654502e-05	6.594407098657769067e-04	2.880551253326400080e-03	-2.449414520853613730e-04	-5.146255690010809528e-04	-5.592258049753436738e-03	-2.578559763693886358e-04	4.229751177339440352e-04	7.859227710737706849e-04	3.056924641895259961e-04	1.089885410358398810e-03	6.487085590831355106e-05	-1.921464605644464572e-05	3.030511799356210728e-04	-2.069589865262944182e-04	8.330867682974735190e-04	1.506604425570006248e-03	1.103654673542113496e-03	6.150234138002098330e-04	5.178822960176385692e-04	3.159424714447667346e-04	2.305389088473789141e-04	6.671995096415311724e-04	5.573266200194998063e-03	3.537479664479901715e-03	-8.418133844236015521e-05	1.146563957711033491e-03	9.456123320415823520e-04	1.144288416006750131e-03	8.710863974655178726e-03	4.652103040049886085e-05	9.921320209525610369e-04	1.054453809384261987e-03	9.358998151254578190e-04	1.876369455328400165e-04	8.397874956718824873e-04	5.187356285884864781e-04	3.483319342875204594e-04	2.337564387740991966e-04	2.934248430755907050e-03	5.986889582482115939e-03	2.481957957534091210e-04	9.868579206080897726e-03	7.963235031743028276e-04	5.593853146404605212e-04	-1.091633218219487675e-03	2.968745508958178184e-04	-2.026833625835163091e-05	9.068061752178425972e-03	5.895562776800649003e-04	5.995196842378645516e-03	1.757550558255392735e-04	2.444555597668557822e-04	-3.576495903059737080e-03	-2.961345056740741005e-04	-3.827724232086858426e-04	-1.360028655298402939e-04	-2.353260735538633612e-04	4.806210271585357606e-04	-9.906359529548152288e-04	-1.080959195532484127e-03	-8.727713253162720178e-04
-5.741833473980079150e-02	2.424882722747066788e-03	1.429796320143612246e-03	2.836527545496338176e-02	-1.347419830293231178e-03	5.407805992697704947e-05	-2.836965536577701341e-02	1.371451046623695449e-03	2.424878927321223385e-03	6.162303174768868211e-05	6.421395390105823827e-04	-5.617268625738475489e-04	-5.249108160846368935e-04	1.193263357487301442e-03	5.511585942206796360e-03	-4.876662444711349484e-04	1.429796885564396007e-03	6.421353243256542817e-04	3.563627621927920822e-03	3.604074193771336946e-04	7.972402621310270120e-04	4.979995201972992449e-04	1.692067398431084139e-03	2.688205977040620910e-05	2.836528318413509414e-02	-5.617293193273179127e-04	3.604059209069858708e-04	9.968772232302890342e-04	3.840825782938325252e-03	3.138455923675964598e-02	6.440566394561511587e-02	-1.726407809378137760e-03	-1.347418949482253638e-03	-5.249210064178469644e-04	7.972349555755488823e-04	3.840827163245597378e-03	6.136235176794853688e-05	7.963300051723533638e-04	-3.098784629868552650e-04	7.153930510319986540e-04	5.408487865241127894e-05	1.193262207271850780e-03	4.979956604330127400e-04	3.138454949018722878e-02	7.963235031743028276e-04	6.669596376545287864e-02	3.156544147038350262e-02	4.133366807708516253e-04	-2.836964561594568918e-02	5.511584933996669863e-03	1.692060991053817142e-03	6.440564338376376929e-02	-3.098821934574173343e-04	3.156543316330658044e-02	1.088542502886871970e-03	2.240343447004994760e-03	1.371448713627954627e-03	-4.876604905067154347e-04	2.688587722841739955e-05	-1.726403440356267995e-03	7.153970027854476485e-04	4.133353614745658008e-04	2.240342185767602891e-03	-3.397996685365246242e-03
-2.742891285062486195e-02	1.224930324214524094e-03	5.771154794190706382e-04	1.358762482964960029e-02	-5.011602981592584109e-04	-3.126958979040464037e-05	-1.359184392817049808e-02	5.692309708147612595e-04	1.344178077272403880e-03	6.013719885351458431e-05	-9.461527564188587733e-05	-7.452350966018408008e-04	-1.149044650114071624e-03	-2.739277564606867692e-04	2.458951111485711740e-03	2.207868732242487385e-04	5.174732225308915651e-04	-3.536340236129810596e-04	6.784398386818699112e-04	-4.657447331193853264e-04	-1.121610887266724925e-04	-2.669616817185797202e-04	4.305357576856720268e-04	-1.317712305205233066e-04	1.378060644625608497e-02	-2.059007432376805651e-04	3.942675299003859518e-04	3.102164358825652162e-04	1.937734694808100362e-03	1.496559618481789478e-02	3.112092222964735894e-02	-7.762049773608256913e-04	-1.281477309408815459e-03	-1.307591089436234769e-03	-8.640049282675993738e-05	1.925884047199753757e-03	-9.149902353357053158e-05	1.757582367475010049e-04	-5.758993258927105462e-04	-2.014899934102560013e-04	3.503696114127452001e-04	7.023815759098789996e-04	3.750469400959340147e-04	1.457492152718662184e-02	5.593853146404605212e-04	3.156544147038350262e-02	1.569097228741707026e-02	1.524402750944792032e-04	-1.329596419816266029e-02	2.621329820173400049e-03	8.502172529367977086e-04	3.027073683269909665e-02	-4.286128059312326207e-06	1.484270985439229557e-02	7.087550224037814529e-04	8.837845095027794650e-04	1.075926531478181179e-03	2.191397332523416339e-04	-7.289948685600870529e-06	-1.139245467653704057e-03	7.161968409994493869e-05	1.006205925558865965e-04	1.724057422259903669e-03	-6.201131167694897382e-04
1.537125970373716573e-03	-3.965266032962765335e-05	1.033944461726752934e-03	-6.315365781934337026e-04	1.846174837946709484e-04	-3.674141085716647095e-05	3.757154481524571372e-04	-1.059329985021292608e-04	1.739592543593681010e-04	1.975808284557337111e-05	-2.378434995321229532e-03	-3.145149373308975824e-04	-5.276257834510831440e-03	-2.481872447915284383e-04	-1.030648546539450960e-04	2.473265477178353787e-03	-1.320077389761000180e-03	-1.981764445408299661e-03	-4.655794785302921207e-03	-1.427171209093666617e-04	-2.484746167184841408e-03	-5.857799747077512822e-04	-1.083592061744046049e-03	1.452175904824936866e-04	-4.750021994223401628e-04	4.844506643959264978e-04	-2.414919122862916039e-04	2.924347495892927083e-04	-4.872106101678297472e-04	2.042964735415550321e-04	-1.474340059941571545e-04	1.540470358032132317e-03	-1.110742795943853861e-03	-3.905789684194944412e-03	-1.878459945419672312e-03	1.769774993707957011e-04	2.463258801203388766e-05	-9.906358571553073623e-04	-8.888343250383968271e-04	-2.077993062121632692e-03	5.546892458336628081e-05	1.275114622596511607e-03	9.318815478200900360e-05	1.129023695734237144e-04	-1.091633218219487675e-03	4.133366807708516253e-04	1.524402750944792032e-04	4.368288569306265877e-03	5.008590569998260661e-04	4.640689692601417007e-04	4.471460594815289597e-04	-3.169634092073279289e-04	-2.638015188960672044e-04	1.006204324871816424e-04	1.299900019425634812e-04	1.328692752992720284e-03	6.266107349078025744e-04	2.079166116936658187e-03	-1.459221388863175296e-04	-2.994989703937396856e-04	-2.473859184623963380e-03	1.300601808597450035e-03	1.058073136019868198e-03	5.062794313584388292e-03
2.673727482174880279e-02	-1.555080276801402896e-03	1.121335934805415581e-04	-1.322237936920544858e-02	9.507917972541878905e-04	-1.009733792374971427e-04	1.292371043748423431e-02	-1.064132344581235259e-03	-9.325100732026554186e-04	8.313674665384964042e-05	1.780805551087357276e-04	9.977782766614459503e-05	1.260061800736830828e-03	-8.420759552806329892e-04	-2.144887811830752632e-03	-4.372704980014623533e-05	3.416289705825505986e-05	1.915991416468271679e-04	-4.409084452329702303e-04	-7.687952279091839983e-04	2.105962436187700827e-04	-4.036675315693649918e-04	-4.072698605525332380e-04	-2.745685229570448739e-05	-1.274572703183855446e-02	6.351260598661649399e-04	-4.658803154481182067e-04	-1.817369896315695324e-04	-2.320084340439582376e-03	-1.350139239805775090e-02	-2.826622546920766824e-02	2.038766597345133443e-03	6.333079765855871915e-04	1.494071828447384506e-03	5.175951164684818116e-04	-2.254307007283440009e-03	-2.579772443241503009e-05	-5.146279992988671021e-04	8.075636288760421359e-05	2.950150052560891636e-04	3.283229691874412718e-04	-2.819471499722456167e-04	2.195935965042204448e-04	-1.366914292110175955e-02	2.968745508958178184e-04	-2.836964561594568918e-02	-1.329596419816266029e-02	5.008590569998260661e-04	1.390216256126083211e-02	-1.949012278827382157e-03	4.527654562804111246e-04	-2.929611032185706204e-02	6.003798899904290703e-04	-1.359183591807299959e-02	1.388005779947471289e-04	-7.452637363070861807e-04	-5.572022202641309591e-04	-3.340203888657120685e-04	-1.863589274040777614e-04	1.167323733889261052e-03	2.546129742991608616e-04	3.757166223649502715e-04	-4.894542063309984632e-04	3.763761188057267474e-04
-3.809551339759372109e-03	1.190249541236865650e-03	6.708642762706451068e-04	1.917919658503862684e-03	1.221498622455419192e-04	-6.238076311625534952e-05	-2.144887440829114367e-03	3.889978584955205792e-04	9.275879938669334213e-04	-4.316044014921543520e-05	-3.508509871740364073e-04	-4.860929137802151578e-04	-1.257036613657866713e-03	-9.311734201972036214e-05	1.336468599758904811e-03	3.427283822512677369e-04	1.883818768116767017e-04	1.856273112885766245e-04	-7.432509722427510295e-05	-1.261851682238940558e-04	-5.048440471433125352e-04	-1.919970683640059828e-04	-3.151142951660200356e-05	2.558123137586246687e-04	1.907417184846227961e-03	8.173261792398400392e-05	-2.844132737401941025e-04	2.241300388753817113e-04	-1.047663629099176942e-03	2.532227434925807350e-03	4.932704621162696361e-03	3.573191050775678342e-04	-8.554098487939833500e-04	4.967310989619441470e-04	1.294615471721090403e-04	1.439783892609843062e-03	-5.873260953680647847e-05	-1.921306643585929652e-05	-4.475540544141373310e-04	2.510972391507607570e-04	1.347995165483501256e-05	1.333127511608589184e-03	4.828275799208783716e-04	2.532702158077814250e-03	-2.026833625835163091e-05	5.511584933996669863e-03	2.621329820173400049e-03	4.640689692601417007e-04	-1.949012278827382157e-03	4.370264608791888869e-03	1.506809236859481260e-03	4.763662036188573944e-03	-9.390389094441951672e-06	2.458950228666031967e-03	1.443389567947383405e-04	1.525536761502911372e-03	7.507767284381388923e-04	-1.687199629535922536e-04	-7.266166914185093846e-05	-1.018439642665884808e-03	-2.240338158436741404e-04	-1.030644899860781884e-04	9.270441317066527688e-04	-7.689822461068581230e-05
-3.860569457304480743e-04	-7.868103125010435586e-03	1.618873977915507526e-03	2.038106662294612631e-04	3.702027514162429308e-03	-3.597342877251785438e-04	-4.072669924856344077e-04	-5.707259275180343906e-03	3.146794539777811490e-04	3.210491968293192368e-04	5.512302204441862268e-04	-4.762249136044390896e-04	4.962894439272207397e-04	-1.061038112985611577e-03	-3.151287000477075287e-05	3.568929294187910993e-04	-4.014986650583375811e-05	8.917755612756735409e-04	1.528499189863041091e-03	-3.357764575143656991e-05	3.979261418868786006e-04	-2.641097622692889241e-04	-1.950297758483975367e-04	2.929918701864514204e-04	4.736124190683870796e-04	5.668915186689551036e-03	2.783609747207397341e-03	1.912730845021705839e-04	-4.782558497730629728e-04	1.410439200170731863e-03	1.321386900919104207e-03	9.545303351085417456e-03	-9.802566764824745173e-04	1.794663091694686727e-03	1.419363683423906100e-03	9.282588144130510515e-04	1.896475045671303550e-04	3.159422969758598565e-04	-2.520497067785822326e-04	6.189413359807252515e-04	2.409108349605306701e-04	3.689268861975568067e-03	6.045726991777886777e-03	5.185093846926848308e-04	9.068061752178425972e-03	1.692060991053817142e-03	8.502172529367977086e-04	4.471460594815289597e-04	4.527654562804111246e-04	1.506809236859481260e-03	1.013710950144475556e-02	5.371921557523089748e-04	6.073889353043418135e-03	4.305327189966691318e-04	3.536473488640835740e-04	-2.892941541073303785e-03	4.843958604800677192e-04	-7.129678918997466638e-04	-3.220512079627418185e-04	-8.152360009257306282e-04	3.359135225026037589e-04	-1.083591202499614584e-03	3.613205215410538775e-05	-1.066242276769944868e-03
-5.839378962409134954e-02	2.511314923673560115e-03	1.538238026613912991e-04	2.929982923749146692e-02	-1.948896653735430681e-03	4.198792205113635731e-04	-2.826622621069133784e-02	1.726186063967344872e-03	1.941049770387793735e-03	1.292427228756574790e-04	-1.222914871290120206e-03	-1.888696749437838161e-04	-4.586427059000440509e-03	1.618746832006036666e-03	4.932705129674395256e-03	1.380271302499758070e-03	2.921215815277444197e-04	-1.077706221541291929e-03	-4.730040151370000110e-04	1.445304455429804232e-03	-1.128577191686496936e-03	8.398544603750138400e-04	1.321393794219004065e-03	2.644082108374760790e-05	2.827591752597697489e-02	-8.321895004177511795e-04	8.404928932947318887e-04	4.970845515541641706e-04	4.766324881678447867e-03	3.007710765786552470e-02	6.302251378294604356e-02	-2.777507746227919107e-03	-1.141816003893667865e-03	-4.693014574926682343e-03	-1.335157694718326279e-03	4.550448622525930450e-03	9.302938405753342238e-05	1.144294933988247547e-03	-2.749691222480106403e-05	-1.386553006412448051e-03	-2.989179454300208900e-04	8.185123539534306649e-04	1.866856473296410815e-04	3.093307681090026046e-02	5.895562776800649003e-04	6.440564338376376929e-02	3.027073683269909665e-02	-3.169634092073279289e-04	-2.929611032185706204e-02	4.763662036188573944e-03	5.371921557523089748e-04	6.541423253769529378e-02	-6.859911645982843826e-04	3.112090474548050156e-02	5.955045824334722834e-04	1.991701965318416583e-03	1.045470264727628657e-03	1.593082544848547361e-03	5.603061907549422766e-05	-1.958043657147058580e-03	-1.507724053366464459e-03	-1.474377898060579483e-04	1.342095883722249855e-03	1.140154734837147722e-03
2.340525767518858349e-04	-5.381648495968140850e-03	5.161643927938335376e-04	-1.112923104075892852e-04	5.901048691072611346e-03	-3.839891273799870370e-04	8.075804999124074936e-05	-5.558859688369924626e-03	-2.454180216377659205e-04	3.624738832574566326e-04	6.908505150069757733e-04	-9.690328464978832245e-05	5.099499445846361959e-04	-4.712489679589031469e-04	-4.475549075209476774e-04	2.553350263855925302e-04	-2.619789405995401549e-04	4.458222606285413333e-04	8.550068685991532753e-04	2.862385105314447760e-04	3.371903011312491838e-04	1.454708082418421349e-05	-2.520486406824595555e-04	1.083478587855702732e-05	3.370089919399541899e-04	5.366758542601627810e-03	5.624909950340590062e-03	-2.870817907110628266e-04	-4.533417663352814011e-05	2.386341608940193999e-04	-2.750110290555395092e-05	5.939975640381595090e-03	-2.290954902981495885e-04	5.986816128125266312e-04	6.557520859557989081e-04	4.783519381897288281e-04	2.103442259556023502e-04	5.187364536433710250e-04	1.365872193807771335e-04	-1.549052657310122491e-04	1.318331535280321213e-04	5.674856949003419075e-03	5.516768718449104048e-03	-3.691979960373407499e-04	5.995196842378645516e-03	-3.098821934574173343e-04	-4.286128059312326207e-06	-2.638015188960672044e-04	6.003798899904290703e-04	-9.390389094441951672e-06	6.073889353043418135e-03	-6.859911645982843826e-04	5.826043887025721471e-03	-5.759008241275143450e-04	2.089414424528501595e-04	-6.307287110148216032e-03	-8.241782919927573070e-06	-2.340335598310424182e-04	-6.136753411534889716e-05	-4.680926599559298877e-04	1.655783154800069383e-04	-8.888353023602376876e-04	-4.943932804164006926e-04	-2.513472397349353175e-04
-2.742890562205357874e-02	1.344180230858322200e-03	5.174736375734725977e-04	1.378059919830392638e-02	-1.281476986538550213e-03	3.503658061525195193e-04	-1.329596542072919094e-02	1.075927559934538365e-03	1.224929004656784759e-03	6.013724714287595159e-05	-3.536344993020786552e-04	-2.059002624930338912e-04	-1.307591477911668014e-03	7.023812430207892251e-04	2.621329554813282489e-03	2.191398873447708800e-04	5.771163289547535415e-04	-9.462042290281133376e-05	6.784336200710997054e-04	3.942676201254527901e-04	-8.640056752158057859e-05	3.750484354226671650e-04	8.502201816060253039e-04	-7.291941273222417000e-06	1.358762468273775476e-02	-7.452366632049215681e-04	-4.657458027496712543e-04	3.102160871543990263e-04	1.925882549435561138e-03	1.457492238824497494e-02	3.027073875883697085e-02	-1.139247825173348187e-03	-5.011596730348443721e-04	-1.149055814866613377e-03	-1.121666696908721979e-04	1.937734876876487638e-03	-9.149894712453605005e-05	5.593882699878205845e-04	-4.284319816355347784e-06	7.161446930535855424e-05	-3.126687778369620856e-05	-2.739288186232966427e-04	-2.669637166423430687e-04	1.496558788360912232e-02	1.757550558255392735e-04	3.156543316330658044e-02	1.484270985439229557e-02	1.006204324871816424e-04	-1.359183591807299959e-02	2.458950228666031967e-03	4.305327189966691318e-04	3.112090474548050156e-02	-5.759008241275143450e-04	1.569096426016820811e-02	7.087552160858950944e-04	1.724057623950831083e-03	5.692301326634916251e-04	2.207927461776110017e-04	-1.317692369113573989e-04	-7.762037909658110182e-04	-2.014909854897327574e-04	1.524385787043048472e-04	8.837835745977230990e-04	-6.201060182386543360e-04
-1.671862655068776004e-04	2.649399355417626084e-06	2.508255830215216703e-04	2.507159693733596734e-04	4.415789474571396600e-05	-1.012897914243799822e-03	1.388003527031455111e-04	-4.138515360931308576e-05	2.649224510009999386e-06	2.151095549500904960e-04	3.759069379241845150e-05	-1.462034504217825230e-04	4.046328689108765028e-05	-1.953784070160769415e-04	1.443385672795373766e-04	1.201976570947700359e-04	2.508252685539247425e-04	3.759021718871243325e-05	7.161557243209467033e-05	-2.596701125472165948e-04	3.649538989200525984e-05	2.773296700278533232e-05	3.536472808827823217e-04	-8.799494227280208356e-06	2.507156782352553260e-04	-1.462031326814846374e-04	-2.596693841554882599e-04	-1.195844962968141151e-03	-1.195638101462441510e-04	3.478418925935675729e-04	5.955047258189194621e-04	2.544193495087222886e-04	4.415706601230084093e-05	4.046290037138098092e-05	3.649533149740153218e-05	-1.195638043387103623e-04	-2.027613809042760353e-04	2.444557988081644479e-04	2.089411887699765694e-04	1.638195848849646774e-04	-1.012897906381363426e-03	-1.953776518752069137e-04	2.773318693504981698e-05	3.478416199007798430e-04	2.444555597668557822e-04	1.088542502886871970e-03	7.087550224037814529e-04	1.299900019425634812e-04	1.388005779947471289e-04	1.443389567947383405e-04	3.536473488640835740e-04	5.955045824334722834e-04	2.089414424528501595e-04	7.087552160858950944e-04	1.663020164447950779e-03	1.497159999990454017e-04	-4.138481482419571473e-05	1.201976723155621918e-04	-8.799272850965596550e-06	2.544192916456362212e-04	1.638199978133360779e-04	1.299897026930275229e-04	1.497165217993145191e-04	-6.203112782132447775e-05
-7.846641820183710998e-04	3.579996200904096964e-03	2.841804507817862814e-04	5.520671139950623571e-04	-9.164129764105358872e-03	4.013924466792868559e-04	-4.894550036692815352e-04	6.300909876028226025e-03	1.022080529143331012e-03	-3.676771565106190911e-04	-1.393820959086293498e-03	-2.739153097937989129e-04	-1.591784383927808549e-03	2.804506079189057126e-04	9.270444866121501206e-04	3.787707096223431533e-04	2.306550192600233652e-04	-3.631027432439481789e-04	-1.233883773320950533e-03	-2.644504007515095637e-04	-7.647029286295707259e-04	-2.656880793982208892e-04	3.612979460394780454e-05	3.304245180714391076e-04	-2.494732014876866171e-04	-5.848608832999523457e-03	-9.425981109441258082e-03	5.313070273953921212e-04	-3.009567878208745735e-04	7.802216662528820706e-04	1.342098068171878201e-03	-2.977943749921707454e-03	-3.044280141617671702e-04	-3.577498382733476342e-04	-4.442658930886042665e-04	-1.779532018139687638e-05	-2.412788393856359927e-04	-1.080961054886558047e-03	-4.943944554666123391e-04	4.897507149047302007e-04	-1.845421593235844321e-04	-8.722999088005188584e-03	-5.846713700823750505e-03	1.170123549937489554e-03	-3.576495903059737080e-03	2.240343447004994760e-03	8.837845095027794650e-04	1.328692752992720284e-03	-7.452637363070861807e-04	1.525536761502911372e-03	-2.892941541073303785e-03	1.991701965318416583e-03	-6.307287110148216032e-03	1.724057623950831083e-03	1.497159999990454017e-04	1.102428946930131270e-02	4.929966306234006071e-04	1.750966109099419291e-04	-2.065528772826173568e-04	-4.161033496025998504e-05	-4.763499134313324058e-04	1.058076147787056706e-03	8.396213059233505931e-04	5.161135775772260738e-04
-1.274940325000241360e-03	4.497327229629532260e-04	5.783018439824312833e-04	1.397782330370242639e-04	2.587100154715365899e-04	-2.885678561019417148e-04	-1.064131620129957862e-03	1.069543439156284988e-04	5.856418932375481029e-03	-3.931839738660560142e-04	2.704349227079680691e-05	-5.550328178006352919e-03	1.366694350089985379e-04	-5.647846681173664118e-03	3.889988775337775684e-04	-1.229822638695191397e-04	-3.673910976629195062e-05	-2.707958450147148833e-04	-3.589840037039331331e-05	-5.613670959077957101e-03	-3.850914855534000618e-04	-5.364239284856152368e-03	-5.707259430228508318e-03	2.662419599350246044e-04	6.907091882142448250e-04	-3.093002953292305022e-06	-2.977711199822832291e-04	1.080819855858429707e-04	-2.056953639280002452e-04	8.733443342175809844e-04	1.726183842176856088e-03	2.645969509166029186e-04	-5.889302380212739670e-03	2.476695519250839811e-04	1.156599768235560280e-05	5.522877162543148033e-04	-1.340972309250224991e-04	-5.592258263969309209e-03	-5.558861189841651090e-03	3.388808047630287399e-04	3.125806163942362360e-04	5.072671915850227422e-04	1.121037028665661581e-04	1.679805508844709892e-04	-2.961345056740741005e-04	1.371448713627954627e-03	1.075926531478181179e-03	6.266107349078025744e-04	-5.572022202641309591e-04	7.507767284381388923e-04	4.843958604800677192e-04	1.045470264727628657e-03	-8.241782919927573070e-06	5.692301326634916251e-04	-4.138481482419571473e-05	4.929966306234006071e-04	5.864453524180765140e-03	-5.577952784691981485e-04	1.805790623305542314e-04	-6.426824034041345515e-03	5.724192911103821203e-04	-1.059300122202909113e-04	6.300912473046862625e-03	-6.630765707348031330e-04
3.131831167078174822e-04	-8.120934822547455287e-04	-2.500595467792573329e-03	3.320326629990251553e-04	-7.023912409921742594e-04	-1.146586221966577642e-05	-4.372739201169385456e-05	-1.229809690760277755e-04	-1.302546972273049527e-03	6.594957123496445091e-04	-1.335497579609925232e-02	1.056328001961675004e-03	-2.920910203130388377e-02	1.322987676090460387e-03	3.427277941123581468e-04	1.493144268004019046e-02	-1.974099100389973237e-03	-1.369938944642661374e-02	-2.872590660841167071e-02	1.215879609145297793e-03	-1.360961586725227546e-02	7.352951751032326538e-04	3.568929346255401394e-04	-7.936434696928854060e-05	3.261692197014951292e-04	7.072770280055252785e-04	1.455182717874767403e-03	-5.858140755809815086e-05	7.584382777957876260e-04	2.192708153142426935e-04	1.380271685930175695e-03	5.018100321021098107e-04	-2.295322932946671011e-04	-3.022320360404157774e-02	-1.381988752572771081e-02	1.781017479944808424e-04	4.893144782252850265e-04	3.030521934616417241e-04	2.553359182366721171e-04	-1.535236383025849125e-02	-1.485117869008658264e-04	1.156740287999530759e-03	3.377568024224629852e-04	5.020038546058771655e-04	-3.827724232086858426e-04	-4.876604905067154347e-04	2.191397332523416339e-04	2.079166116936658187e-03	-3.340203888657120685e-04	-1.687199629535922536e-04	-7.129678918997466638e-04	1.593082544848547361e-03	-2.340335598310424182e-04	2.207927461776110017e-04	1.201976723155621918e-04	1.750966109099419291e-04	-5.577952784691981485e-04	1.587201982631460118e-02	3.329782862479526914e-04	1.584597695658723424e-03	-1.491243049120757717e-02	2.473266170562934442e-03	3.787689057758532232e-04	3.340883387682708899e-02
-5.482818445165032150e-05	3.939762935181561070e-04	-1.314660793065524594e-04	-1.087004624830498623e-04	-4.887687691187835471e-05	-2.144274409909075266e-04	-2.745903873713136404e-05	2.662417362471424225e-04	3.766986051189984922e-05	-1.027888383339794175e-03	4.612173393273392161e-04	-5.645090849046461143e-06	4.945237866723637202e-04	4.672889459648062454e-05	2.558119732307083654e-04	-7.936179333635255890e-05	1.525510691734249737e-04	2.327250041901253300e-06	7.548782556146298639e-05	-1.912238890994896647e-04	6.815245006489987958e-05	1.909561424370481242e-04	2.929905515595639977e-04	1.216787835418260168e-03	2.312145052591150362e-05	-8.303551556204465567e-05	3.200760439281963429e-04	-1.187722119198629181e-05	2.822918926381508395e-04	1.723928450538251189e-05	2.644539787236008726e-05	-5.052143784278087611e-04	-1.861551028384673381e-04	-3.069796982958060286e-04	-3.874261527336502310e-04	-7.402100732951891074e-05	1.010557843060020050e-03	2.305380942118626705e-04	1.083407633925147391e-05	3.094725452621743139e-05	-2.245856123116416760e-04	2.239412419805371867e-04	1.198827885248122331e-04	1.602840789184233495e-04	-1.360028655298402939e-04	2.688587722841739955e-05	-7.289948685600870529e-06	-1.459221388863175296e-04	-1.863589274040777614e-04	-7.266166914185093846e-05	-3.220512079627418185e-04	5.603061907549422766e-05	-6.136753411534889716e-05	-1.317692369113573989e-04	-8.799272850965596550e-06	-2.065528772826173568e-04	1.805790623305542314e-04	3.329782862479526914e-04	1.655701875516351132e-03	1.486282886678492142e-04	4.356208331245219056e-04	1.452179107556515075e-04	3.304249342503288523e-04	-9.967976986697598817e-05
2.922618611843003870e-03	-2.868900960944234741e-04	-1.003415883780672466e-03	-1.058743220444666872e-03	-1.037730570980439958e-03	3.524752908027072073e-04	2.038764967203844560e-03	2.645967899227332073e-04	-9.249316397673536944e-03	4.223551115841118683e-04	-3.118527306453975322e-04	6.378354848552268523e-03	-5.252315362714339705e-04	3.697646845984858734e-03	3.573173432143415037e-04	5.018102430578844694e-04	3.522414691702183457e-04	-6.173566211208043148e-04	-1.024139167845628104e-03	2.869481252030142530e-03	4.160183514755325844e-04	5.900197428092520020e-03	9.545302862603393529e-03	-5.052155199698089025e-04	-1.388487258391606170e-03	-2.642629353636933177e-04	4.835259559941992250e-05	3.110309032381236268e-04	1.226662527832957138e-04	-1.078277173375634043e-03	-2.777502970245082029e-03	-2.646058685678137601e-04	3.747742563892503959e-03	-1.885449273032997666e-03	-7.217289195128370055e-04	-1.745236736423338162e-03	2.065571744414980383e-04	8.710863854181755822e-03	5.939975641445891311e-03	-1.027416395621129786e-03	-2.781956515048672690e-04	-1.157914470741384146e-03	-4.858424477864952220e-04	-7.769499886149270956e-05	-2.353260735538633612e-04	-1.726403440356267995e-03	-1.139245467653704057e-03	-2.994989703937396856e-04	1.167323733889261052e-03	-1.018439642665884808e-03	-8.152360009257306282e-04	-1.958043657147058580e-03	-4.680926599559298877e-04	-7.762037909658110182e-04	2.544192916456362212e-04	-4.161033496025998504e-05	-6.426824034041345515e-03	1.584597695658723424e-03	1.486282886678492142e-04	1.123144822469793538e-02	-6.665006367801595182e-04	1.540466862662012238e-03	-2.977943859958150086e-03	1.867992179262240862e-03
-2.632756118993146268e-04	1.103822150817000561e-03	2.188505741619529554e-03	-5.221179682085363505e-04	3.409143051620276959e-04	-1.354791593917325414e-04	2.950106022364947867e-04	3.388795749913615365e-04	9.825274909019251959e-04	-4.134527481860592480e-04	1.400668547662322835e-02	-1.014796195822615169e-03	3.047485461772684451e-02	-1.569834412299561666e-03	2.510972732988526091e-04	-1.535235625589367013e-02	2.440608909673581614e-03	1.376745270962190584e-02	2.898451024297101983e-02	-2.023382730902988091e-03	1.377088143289863231e-02	-5.794853436225751902e-04	6.189400811970873634e-04	3.095001947006501214e-05	-2.770874046800609713e-04	-8.389299037412082565e-04	-1.129338017267166559e-03	1.175153601219121921e-05	-9.172586676916343550e-05	-2.143188161541441220e-04	-1.386542250679020667e-03	-1.027415081198441472e-03	-1.894659552577514976e-04	2.948301027307258931e-02	1.343704473053963268e-02	-6.172715764441016190e-04	-7.467338544734196133e-04	3.483303242110540477e-04	-1.549068598719407239e-04	1.522848986791368840e-02	-7.187993704034416294e-06	-1.158695246332430533e-03	-3.121933303688246880e-04	-2.125238954654396710e-04	4.806210271585357606e-04	7.153970027854476485e-04	7.161968409994493869e-05	-2.473859184623963380e-03	2.546129742991608616e-04	-2.240338158436741404e-04	3.359135225026037589e-04	-1.507724053366464459e-03	1.655783154800069383e-04	-2.014909854897327574e-04	1.638199978133360779e-04	-4.763499134313324058e-04	5.724192911103821203e-04	-1.491243049120757717e-02	4.356208331245219056e-04	-6.665006367801595182e-04	1.611894595400586994e-02	-2.077992548155364709e-03	4.897532717214937194e-04	-3.369927051303014259e-02
1.537127328746391765e-03	1.739595598281712938e-04	-1.320075905957640051e-03	-4.750039882254387556e-04	-1.110744401063805962e-03	5.546804328345744379e-05	5.008583667588930796e-04	6.266118057040546974e-04	-3.965082462164687415e-05	1.975812327108236380e-05	-1.981763561918968054e-03	4.844475902899718963e-04	-3.905788225504964843e-03	1.275109754045706482e-03	4.640681627244931575e-04	2.079165699155397645e-03	1.033942753002409492e-03	-2.378436015825595440e-03	-4.655794168543008101e-03	-2.414948793931340253e-04	-1.878459327850318366e-03	9.318513510460253713e-05	4.471431851052681339e-04	-1.459229195332522114e-04	-6.315364280616096292e-04	-3.145166198854572369e-04	-1.427208050533167237e-04	2.924346882194893719e-04	1.769764101118980219e-04	1.129024721855514935e-04	-3.169623898656074678e-04	-2.994984317768583921e-04	1.846133869918043001e-04	-5.276259630972536530e-03	-2.484746771633225548e-03	-4.872095621738739709e-04	2.463241175850408406e-05	-1.091635186458006024e-03	-2.638044561831778454e-04	-2.473860315294829776e-03	-3.674089700401891824e-05	-2.481902859048750994e-04	-5.857814293550911476e-04	2.042948953576114227e-04	-9.906359529548152288e-04	4.133353614745658008e-04	1.006205925558865965e-04	1.300601808597450035e-03	3.757166223649502715e-04	-1.030644899860781884e-04	-1.083591202499614584e-03	-1.474377898060579483e-04	-8.888353023602376876e-04	1.524385787043048472e-04	1.299897026930275229e-04	1.058076147787056706e-03	-1.059300122202909113e-04	2.473266170562934442e-03	1.452179107556515075e-04	1.540466862662012238e-03	-2.077992548155364709e-03	4.368286539147133926e-03	1.328696145886926758e-03	5.062795517470278575e-03
-7.846633399170354966e-04	1.022081714063316060e-03	2.306580366161417454e-04	-2.494740436807556987e-04	-3.044276403429899678e-04	-1.845430149695338707e-04	-7.452639397909827969e-04	4.929975640848816790e-04	3.579996162671474601e-03	-3.676772972311582620e-04	-3.630996045471588350e-04	-5.848608709914434461e-03	-3.577437943194613818e-04	-8.722999594763802822e-03	1.525536872075408711e-03	1.750938708138587922e-04	2.841767703928439444e-04	-1.393819117304845659e-03	-1.233877735277237511e-03	-9.425981200027834517e-03	-4.442628438601971697e-04	-5.846714611132794795e-03	-2.892943906306745180e-03	-2.065531762234754272e-04	5.520669435874445445e-04	-2.739168644370976657e-04	-2.644521933448910770e-04	5.313060539353136246e-04	-1.779597257577310613e-05	1.170123000314267619e-03	1.991701631732215819e-03	-4.161150667372559087e-05	-9.164134459041829717e-03	-1.591780871829510165e-03	-7.647008408653132444e-04	-3.009563983193572169e-04	-2.412787162810083453e-04	-3.576498110791697868e-03	-6.307290834198828189e-03	-4.763481314451789334e-04	4.013921041562893690e-04	2.804488374853006004e-04	-2.656875594568017056e-04	7.802203240820596714e-04	-1.080959195532484127e-03	2.240342185767602891e-03	1.724057422259903669e-03	1.058073136019868198e-03	-4.894542063309984632e-04	9.270441317066527688e-04	3.613205215410538775e-05	1.342095883722249855e-03	-4.943932804164006926e-04	8.837835745977230990e-04	1.497165217993145191e-04	8.396213059233505931e-04	6.300912473046862625e-03	3.787689057758532232e-04	3.304249342503288523e-04	-2.977943859958150086e-03	4.897532717214937194e-04	1.328696145886926758e-03	1.102429448520680574e-02	5.161090905451870721e-04
2.561113652459119129e-03	-2.045248747376914207e-03	-4.992784847003144816e-03	-1.979016048792857124e-04	-7.272237351195537033e-04	-1.636939278445467924e-05	3.763816732820456893e-04	-6.630740991674043648e-04	-2.045251336617907260e-03	1.096633775839008559e-03	-3.004008847395760878e-02	1.722301852765712512e-03	-6.549910949792162040e-02	2.588478772659831041e-03	-7.689888996159012133e-05	3.340882669511280323e-02	-4.992787352882176871e-03	-3.004009692786822894e-02	-6.337267226898167516e-02	2.878902096683280329e-03	-2.994981271049881183e-02	7.990281043598707012e-04	-1.066241260203702225e-03	-9.968592436566288948e-05	-1.979082866692980576e-04	1.722297474093617900e-03	2.878894300034624213e-03	-8.287749906494164796e-05	6.468449103617501111e-04	-4.048530598712854955e-04	1.140140889094080033e-03	1.867990699464604654e-03	-7.272215653641674916e-04	-6.549912685888775732e-02	-2.994981969997161791e-02	6.468484832478320476e-04	1.289091404586578237e-03	-8.727690875360853869e-04	-2.513448900616875722e-04	-3.369927962610057282e-02	-1.637427660064839769e-05	2.588472313007751310e-03	7.990238124159134564e-04	-4.048476174059042424e-04	-8.727713253162720178e-04	-3.397996685365246242e-03	-6.201131167694897382e-04	5.062794313584388292e-03	3.763761188057267474e-04	-7.689822461068581230e-05	-1.066242276769944868e-03	1.140154734837147722e-03	-2.513472397349353175e-04	-6.201060182386543360e-04	-6.203112782132447775e-05	5.161135775772260738e-04	-6.630765707348031330e-04	3.340883387682708899e-02	-9.967976986697598817e-05	1.867992179262240862e-03	-3.369927051303014259e-02	5.062795517470278575e-03	5.161090905451870721e-04	7.395604484081988450e-02
