0.000000000000000000e+00	9.752607138430478611e-04	-9.821469593854938846e-05	5.210804034606105611e-05	-1.421745941769204154e-03	6.512042963205263112e-05	-4.001450315182196460e-05	6.398403595197419119e-04	9.752613222217897766e-04	1.146033099303743339e-04	9.560154252404530939e-05	1.934152531006110302e-04	-1.210316478975049202e-04	1.350487553355765331e-03	4.250138549747088657e-03	9.875116540012616193e-05	-9.821366833102335267e-05	9.560220140374136493e-05	-1.574280820045666955e-04	1.534442855825717163e-03	-2.006307467564555087e-04	1.053033490757037532e-03	1.649790596236404370e-03	8.869787220331266106e-05	5.210836028774321245e-05	1.934093283920603618e-04	1.534429045831655226e-03	-9.921523819201159724e-05	4.880889603684816780e-03	-2.044026794339607656e-04	-1.358983442629480291e-04	-1.141355527097676417e-03	-1.421739291313102536e-03	-1.210307588607847018e-04	-2.006310468122763290e-04	4.880898103879807368e-03	-1.183526416628236859e-04	1.939958613732275811e-03	2.288925940820599842e-04	1.863950712351278836e-05	6.512077254068384942e-05	1.350474224891746230e-03	1.053023620354151882e-03	-2.044035171150143844e-04	1.939951762761992979e-03	-1.700432110823241845e-04	-3.564279074130959784e-05	-1.929457170195232672e-04	-4.001431154495358573e-05	4.250132083007757133e-03	1.649783452052785548e-03	-1.358986106713195208e-04	2.288857641528063681e-04	-3.564254544071414213e-05	-5.245943575613938359e-05	1.222400259852234137e-03	6.398369331126355173e-04	9.875056742780741973e-05	8.869789289373428641e-05	-1.141356207729956988e-03	1.863995300444511627e-05	-1.929467250671210274e-04	1.222392061553776062e-03	3.145926309624770762e-05
-9.752607138430478611e-04	0.000000000000000000e+00	1.557793241242891357e-04	3.875955316481767814e-04	1.222707519726297333e-04	-3.511368078552797901e-04	-6.818223090568212644e-04	-5.778558034636631716e-05	8.547324160725071920e-10	1.835114783636889639e-04	9.405785480347211933e-04	-3.270798289698325604e-05	1.349536628518234992e-03	-1.387778104046485017e-04	-2.487466830268958862e-04	-1.918101674491556104e-04	1.690751651402679187e-04	1.126256594425487740e-03	2.327095282333605224e-03	-9.259869561277942417e-05	8.520369368319364884e-04	-6.501086633847622063e-05	-3.336758937996553475e-05	2.518750387362423868e-04	8.462347929378151966e-04	-4.643283595115791067e-07	-7.236632045473192815e-05	2.849484403561750642e-04	-1.886149391953553106e-04	1.801815245238999261e-03	1.987312498239688849e-03	1.793721584313031004e-05	2.020451788612329341e-05	2.508207061647270766e-03	1.992332629667288232e-03	-1.567391846814201656e-05	4.313459670554817792e-04	-5.227226562652237510e-06	7.301104793530383431e-06	8.523393916130062638e-04	2.800851093191867452e-04	-3.884924462651127472e-05	-1.665026009002170895e-05	8.212405674399591606e-04	-3.783647193942624745e-05	2.252282953434664968e-03	1.025844682303969115e-03	-3.763421047022176222e-05	1.474964846740886495e-04	-1.120776209650470193e-04	1.386146952562474658e-05	1.117997502890235879e-03	3.491748028202703062e-05	7.458878300895396222e-04	2.922893853665334361e-04	-6.282228030407400825e-05	2.995938255781249769e-07	-1.024942059079402652e-03	-2.854146775163123690e-04	-4.552591408847091311e-05	5.530226987607882909e-04	-1.153162818638120538e-04	-9.795486551170334095e-05	-1.748231960452979999e-03
9.821469593854938846e-05	-1.557793241242891357e-04	0.000000000000000000e+00	-3.922416788006801081e-05	-7.177367489246853569e-07	-6.564250108072307657e-05	-1.109273948473937441e-05	-9.088390199230027180e-05	-1.690733520003211425e-04	-8.319587360157768008e-05	2.243774798088816851e-03	-3.202737370554811840e-05	4.561150768848807463e-03	-2.611012845953036149e-04	-4.917429811947715730e-04	-2.584573489597943516e-03	3.485810597824877052e-11	2.627938240797140709e-03	5.279232008442824586e-03	-8.904478782506742061e-06	2.270933374798471925e-03	-2.462487239298728734e-05	-6.819041751717779573e-05	3.382682180931073158e-05	-3.125769869906839897e-06	3.248286055537582477e-05	-3.923886471913927605e-05	1.409893002311148188e-04	-1.316263965334523341e-05	4.782986764117396557e-04	2.671882010840047166e-04	5.589042757228766329e-05	-8.483847635567267037e-05	5.940516309285581373e-03	2.874133007629091005e-03	2.476600224324041572e-04	6.373598005540068417e-05	1.659905572674943855e-04	2.665401802891769652e-05	2.711819923589318601e-03	-9.300817395288867517e-05	-9.683287193987831552e-05	4.673634151940148475e-05	4.808010826075923092e-04	1.397541504382071565e-04	1.138912963591760157e-03	3.291519796182401712e-04	-1.746419648724791798e-04	-3.202692797882839102e-05	-1.773953113674539605e-04	5.241926119682533195e-05	2.168632857595048722e-04	6.801334086020560817e-05	4.051091375421332413e-04	1.596488597511736560e-04	-1.118711070225111468e-04	-2.918600446306954347e-05	-2.698814723985535485e-03	-1.775852068719267220e-04	-8.026564387865055641e-05	2.243304725605195938e-03	-2.407809692824672320e-04	-1.531872449957844245e-04	-5.561825246842583975e-03
-5.210804034606105611e-05	-3.875955316481767814e-04	3.922416788006801081e-05	0.000000000000000000e+00	4.997248027244094058e-04	-3.550291857335649808e-05	-2.520849586390362836e-05	-1.854049720451497372e-04	-8.462366644963296991e-04	-6.892690319464260854e-05	-2.455656617016195478e-05	3.640171938331226292e-04	7.445942893977505620e-05	-1.465139839878480687e-04	-2.416129294267202986e-03	-1.218536387683708260e-04	3.121700065217106223e-06	-2.706309484448555196e-05	1.058776456818638271e-04	6.811345410684123110e-05	1.109644196095612258e-04	-5.400658021525536230e-05	-5.883653422983925203e-04	-5.204784027733350425e-05	-2.075156947777809019e-10	-2.343914504447348153e-04	-8.470515140028811972e-04	3.161423142799354871e-05	-2.147539635647668574e-03	6.487589357862554083e-05	6.129297584225766257e-05	3.785468043482187852e-04	1.459275875288460530e-03	8.731842461183629881e-05	1.453016346074289134e-04	-2.120831149216518587e-03	7.507827293469006866e-05	-5.121618754648862588e-04	4.432944457798441377e-04	6.876924868713576305e-06	-6.022500790217010229e-05	-9.033178400317680478e-04	-5.668163448394433930e-04	1.610647499303296832e-04	-7.998362876035897649e-04	9.555345606616440538e-05	-4.621414711613516999e-06	-7.945244270427887293e-05	-6.278466199583494740e-06	-2.214090636962617355e-03	-9.080916920423205609e-04	1.087646069469116658e-04	-1.698902932045708264e-04	3.407271826073593745e-05	1.497417793771195791e-05	-4.970944714480219056e-04	-8.309933725520858919e-04	-5.872559983284419288e-05	-4.901574430750048437e-05	7.577658315009311307e-04	-1.561877178866447025e-05	-1.222097881947208033e-04	-1.510116153939272069e-03	-5.019383382656413591e-05
1.421745941769204154e-03	-1.222707519726297333e-04	7.177367489246853569e-07	-4.997248027244094058e-04	0.000000000000000000e+00	2.236757422608748639e-04	7.137391322697640619e-04	-7.193180929115526243e-05	-2.020463836106755701e-05	-2.783100647679509140e-04	1.679190780932306044e-06	3.046424127178680886e-06	1.312654299793672213e-03	-1.392501085595588067e-05	-2.032889983528216596e-05	-9.974647023130510208e-04	8.483650552094739415e-05	9.117666858222120072e-04	1.458450152811589145e-03	9.254264957807203235e-06	5.976330185509982776e-04	5.827404757258677101e-05	7.083625560366227022e-05	2.227510197762016273e-04	-1.459280581101212153e-03	6.882384211247686624e-05	6.573736532330083713e-05	2.442384569773855402e-04	1.647079132522697267e-04	-5.386212776757220207e-04	-1.512642886257927529e-03	2.611814653582902990e-05	-8.761173226483375594e-10	2.322856973084120973e-03	8.221020068203415028e-04	1.189098022775252528e-04	-3.189016586119376804e-04	1.085464044340352124e-04	2.463892601622793153e-05	1.802619747730298348e-03	-4.414808994963924718e-04	-3.457150928319167339e-05	7.235066693736385299e-05	-1.025720506772869313e-04	2.036519556608165464e-04	-4.756510185882875967e-04	-4.918484737820223197e-04	-2.170575556462144430e-04	3.549101762868530100e-04	-1.085414814698701608e-04	5.216201489299905831e-05	-7.133890309519348456e-04	6.873478321547124787e-05	3.606878549599152532e-04	2.850016403220917947e-04	-1.402524621829366689e-04	-1.854504684689293472e-05	-1.070058085049000428e-03	-2.661928208377183276e-04	9.256431063741234861e-06	7.819580756116906520e-04	-3.905409244645750800e-05	-1.032537745877804003e-05	-2.171731587914107250e-03
-6.512042963205263112e-05	3.511368078552797901e-04	6.564250108072307657e-05	3.550291857335649808e-05	-2.236757422608748639e-04	0.000000000000000000e+00	-3.002202620665197933e-05	2.737898446301924782e-04	-2.800876209871351304e-04	1.882334698672762568e-05	8.628295967171142672e-05	2.069099817875284667e-04	9.532623452235066503e-05	2.467774119624527025e-04	-4.512592529662710558e-05	-4.325033916101160688e-05	9.300564199281563353e-05	4.573208923782573542e-05	8.992621741472740858e-05	3.003044130072377201e-04	6.705750995849836743e-05	3.481631993621868816e-04	4.581649713493975628e-04	-2.546610438022120542e-06	6.022467280896762166e-05	-4.714060110719094001e-04	-3.441729027472790136e-04	4.233272377917757493e-07	9.683948658957577363e-05	2.938979969887089787e-05	7.192636150019048860e-05	-3.882780861826329549e-04	4.414799815672694060e-04	5.334288475274459726e-05	4.855092525797595059e-05	5.395562283204932989e-05	1.930312856099828438e-05	5.102316127979998313e-04	5.513691365598450420e-04	2.852557022252313250e-05	-1.645514422726030660e-10	-4.516190842331506200e-04	-2.583832385839283799e-04	5.437939663424513057e-05	-1.344558624774138550e-04	5.643040422472098366e-05	1.522807215908915642e-05	-8.706089867814012029e-05	-1.533181960975255382e-05	-1.009882491136486710e-04	-2.561876718477095784e-04	2.750866295249830611e-05	-1.218101310072269047e-04	-2.489785845819013599e-06	-1.234450263697872959e-05	2.331468031140130303e-04	-3.298886095720898227e-04	-8.660503633593899980e-06	2.155551666299387480e-05	3.460338091793929097e-04	3.764243827970011958e-05	-3.998348501109632805e-05	-4.185854510021273724e-04	-7.219355308793359806e-05
4.001450315182196460e-05	6.818223090568212644e-04	1.109273948473937441e-05	2.520849586390362836e-05	-7.137391322697640619e-04	3.002202620665197933e-05	0.000000000000000000e+00	4.270334516306115462e-04	-1.474966838638956050e-04	9.021121973036552917e-05	1.513750837062941544e-04	6.156119769396757070e-04	1.692923323691564804e-05	1.012707168703908759e-03	2.239703257490414413e-03	1.391505981826749100e-05	3.202620795025068907e-05	6.026326859166547187e-05	-1.186468270653235919e-05	1.023385360436662207e-03	-5.887625134972186214e-05	1.062318043656968261e-03	1.675780150596784370e-03	3.482200876427870402e-05	6.278674827531410657e-06	-7.905617590632339894e-05	6.254158534861572246e-04	-5.254553286793832466e-05	2.308154010354442759e-03	-1.422122949735443015e-04	-1.278581815600799397e-04	-6.924009268980792567e-04	-3.549070653104670044e-04	-3.863100044766861179e-05	-8.484097131466531686e-05	2.306761643858565910e-03	-7.119401272672846732e-05	1.803606759190136454e-03	6.893800195078520019e-04	6.540996237329980848e-05	1.533175915090652489e-05	4.986902995192376295e-04	3.612582117777737465e-04	-6.587514159018441687e-05	7.217355043919000332e-04	-1.103816911708197413e-04	-3.157743997740127922e-05	4.886946250635707477e-05	-9.626327939964509934e-11	2.063662689936368849e-03	6.188410120798563951e-04	-7.597175164320246711e-05	-2.258994117902759707e-05	-4.449992404765322279e-05	-2.233598635393625352e-05	7.260807172618241948e-04	-1.529862064723189804e-04	5.421498169819744385e-05	6.907496179883162784e-05	3.231906656513695289e-04	4.655387393980325611e-05	5.222716936164696676e-05	3.795242932711719486e-04	-6.270361890803614804e-05
-6.398403595197419119e-04	5.778558034636631716e-05	9.088390199230027180e-05	1.854049720451497372e-04	7.193180929115526243e-05	-2.737898446301924782e-04	-4.270334516306115462e-04	0.000000000000000000e+00	-2.986232354826797055e-07	1.817976693950498421e-04	5.151283181081761989e-04	8.545521935494847888e-06	3.095889080890060002e-05	-3.176398034273061964e-05	-9.640175104031040144e-05	4.349262055873098472e-04	2.918800786306605262e-05	1.256533078072092030e-04	4.176824379804189714e-04	-3.083394280775074865e-05	1.150338115351989940e-04	-4.392119215261790888e-05	-4.039126310277151662e-05	1.388803089534900413e-04	8.309951121977187348e-04	-1.568801442808487250e-05	-5.732813698352202307e-05	3.479945147486297773e-05	-1.820408419443223240e-04	8.714345809344434864e-04	1.145541484956174097e-03	1.882361122572405904e-05	1.854576776514744410e-05	9.554014182264123332e-05	5.409806266816804404e-04	-6.999699695623470136e-05	4.487604553375365893e-04	-4.765253047032642160e-05	6.696544107768536899e-06	-4.201056055845838258e-04	3.298882766944599568e-04	2.911038628670301745e-05	-2.692764980003046579e-05	2.171896253194942751e-04	-1.199723310032660927e-04	7.816057513242628905e-04	4.985433567454660136e-04	1.327059657408692433e-04	1.529848883783966143e-04	1.411388946619182352e-05	-3.470918978323790314e-06	3.321163525610987266e-04	-1.128930429969807128e-05	-1.017839183684417432e-04	-3.331846359525459583e-06	4.278217049764108888e-05	7.868136412449979952e-11	6.205924215512617496e-05	1.262278303490844901e-04	-9.496385149396764270e-06	-8.157546807045407719e-05	-2.271324314930847860e-05	-5.244844894661218236e-05	2.218061778281868381e-04
-9.752613222217897766e-04	-8.547324160725071920e-10	1.690733520003211425e-04	8.462366644963296991e-04	2.020463836106755701e-05	2.800876209871351304e-04	1.474966838638956050e-04	2.986232354826797055e-07	0.000000000000000000e+00	1.835116897293825205e-04	1.126253215226045556e-03	-4.641787942154772251e-07	2.508198149232156692e-03	-3.884884210516236728e-05	-1.120779283404060985e-04	-1.024937622517553635e-03	1.557804440016238813e-04	9.405732463423422448e-04	2.327082975072387698e-03	-7.236629512688563543e-05	1.992325923141309574e-03	-1.664990489039683513e-05	1.386200723341106159e-05	-2.854136499195758254e-04	3.875962915819852620e-04	-3.270770293279202186e-05	-9.259828560346989354e-05	2.849496700681248456e-04	-1.567370956811811318e-05	8.212402489836977994e-04	1.117999393563998611e-03	-4.552573871768279742e-05	1.222713744829714562e-04	1.349524823633575787e-03	8.520298586208632351e-04	-1.886150092462206469e-04	4.313445968400162747e-04	-3.783651965537916076e-05	3.491772010890881379e-05	5.530197076252223870e-04	-3.511349488884735626e-04	-1.387792013796835524e-04	-6.501128490302813547e-05	1.801816648176802951e-03	-5.226883115171536599e-06	2.252284733810631413e-03	7.458900447849896569e-04	-1.153185467692502332e-04	-6.818211568314655555e-04	-2.487510723510536056e-04	-3.336961621683035505e-05	1.987313811711583465e-03	7.301327930992917612e-06	1.025845724928826225e-03	2.922890202790421645e-04	-9.795738475125304458e-05	-5.778589458767612974e-05	-1.918043449138031480e-04	2.518764638944857577e-04	1.793796590583952180e-05	8.523357342876494193e-04	-3.763263614953922970e-05	-6.282217974959734353e-05	-1.748222930630051767e-03
-1.146033099303743339e-04	-1.835114783636889639e-04	8.319587360157768008e-05	6.892690319464260854e-05	2.783100647679509140e-04	-1.882334698672762568e-05	-9.021121973036552917e-05	-1.817976693950498421e-04	-1.835116897293825205e-04	0.000000000000000000e+00	4.778637933631698937e-05	3.110121840322051614e-04	4.036574430621043267e-05	4.896252266077834705e-04	8.745767124876611107e-05	-6.319115343871828622e-05	8.319401211551718394e-05	4.778684384409173603e-05	6.695999639842609564e-05	4.276547307990341031e-04	1.775064837790327888e-05	5.417608972769852056e-04	4.007707906143912835e-04	-1.870940877931097178e-05	6.892714936647694986e-05	3.110131756713159935e-04	4.276560197083983245e-04	-2.701414001713453006e-05	6.710642477160554836e-05	3.570281360387310724e-05	9.101219240765967187e-05	2.492356247995326356e-04	2.783072248409786164e-04	4.036639916373692790e-05	1.775089060654757352e-05	6.710808319293081088e-05	-7.930077905134700578e-06	4.415893381042775836e-04	3.128218273806726742e-04	6.497339233786093951e-06	-1.882363088545631590e-05	4.896279437137599898e-04	5.417624792022576220e-04	3.570248280249240739e-05	4.415891580730744222e-04	6.981813356938499173e-05	1.657771272611287678e-05	-4.926611919018982128e-06	-9.021160326171736177e-05	8.745986950681902098e-05	4.007724855601257213e-04	9.101163327627205210e-05	3.128226968958983372e-04	1.657823169916774201e-05	-3.436766899899615905e-05	-3.229369111495469379e-04	-1.817962879180598013e-04	-6.319126306714181285e-05	-1.870949552879955935e-05	2.492339212659046722e-04	6.497425474768886231e-06	-4.928793573313566107e-06	-3.229363180151059070e-04	-3.778511243448311554e-05
-9.560154252404530939e-05	-9.405785480347211933e-04	-2.243774798088816851e-03	2.455656617016195478e-05	-1.679190780932306044e-06	-8.628295967171142672e-05	-1.513750837062941544e-04	-5.151283181081761989e-04	-1.126253215226045556e-03	-4.778637933631698937e-05	0.000000000000000000e+00	6.180930167814530779e-04	-4.054739029542200196e-05	6.483146681478881316e-04	-3.384668586552763789e-04	-8.215441156386488371e-05	-2.627942789375540059e-03	7.980381460843152634e-11	-4.284031733426915575e-05	9.654497877916450206e-04	4.074309400970282495e-06	1.989506891074158080e-04	-6.581513539194825280e-04	-2.538948571580589057e-05	2.706309208352424510e-05	1.056741123729592474e-03	1.641681442182420323e-03	4.342985374109786415e-05	-1.104999629676161496e-05	1.651714582668222030e-04	2.137551362325933917e-04	1.041174581803385596e-03	-9.117717238252857556e-04	1.047982238885332166e-05	5.261727318633355492e-05	4.148940387280590242e-04	5.348027289260121270e-05	-2.280922647917547365e-04	-3.595968479826169633e-04	-3.584605426657482414e-05	-4.573215846765084152e-05	1.837637693529463063e-03	6.046314834444472402e-04	1.531382842930118849e-04	-5.956780244271627509e-04	1.889841800053281939e-04	4.592016863307032449e-05	2.599779956806586197e-03	-6.026282219859151819e-05	1.197494001902781681e-04	-4.743322415720614520e-04	1.399347446447595151e-04	-4.819343219740098697e-05	-1.454658143020674842e-05	-3.426924010293734237e-05	-5.853909619990953239e-05	-1.256490427520365327e-04	-1.254308709639147289e-04	-5.391042675122175310e-05	8.359866576412775235e-04	-6.748695817271297705e-05	2.050946024606142316e-03	6.013049171038311247e-04	-1.304669547436147683e-04
-1.934152531006110302e-04	3.270798289698325604e-05	3.202737370554811840e-05	-3.640171938331226292e-04	-3.046424127178680886e-06	-2.069099817875284667e-04	-6.156119769396757070e-04	-8.545521935494847888e-06	4.641787942154772251e-07	-3.110121840322051614e-04	-6.180930167814530779e-04	0.000000000000000000e+00	-1.177483439417054177e-03	-3.246932864040355006e-05	2.886160729416136860e-06	4.101608781825537113e-04	-3.248322472558281534e-05	-1.056738327976860289e-03	-1.430795944089645333e-03	5.489298226311894882e-05	-9.975456687904820513e-04	1.164773254015504448e-05	-9.156829589358930863e-06	-2.889661495136752690e-05	2.343938407590305149e-04	-1.912603554366984742e-10	2.052019239625651250e-05	1.079328538510341575e-04	6.280538755148133701e-05	1.798980832115246165e-04	6.249815338803482809e-04	2.320310419147787512e-05	-6.882424494272245362e-05	-1.131651967198521805e-03	-5.414750409991793412e-04	2.168222895424208336e-04	-2.265846105501308769e-04	7.649716216002265643e-05	-1.055228145719432093e-06	-4.731835218129349968e-04	4.714054481089011042e-04	5.728166926621758927e-05	5.235461363313858555e-05	-4.080913631837847699e-04	4.084796535880152015e-05	1.356077240562601435e-04	6.256872118720345531e-04	4.424273995687570124e-05	7.905370344146152382e-05	1.547876997886280122e-04	7.146266517854093885e-05	-1.953536568097143350e-04	-4.034311644438488581e-07	-7.235276348404698116e-05	-1.189636233198175199e-04	6.063155736604225888e-05	1.568822314050301610e-05	9.118244528331999094e-05	-3.555072163496675205e-05	-8.139047199521621829e-05	-1.819486126203682529e-04	-1.360021037177975645e-04	-4.378660889817024437e-05	9.259795290453427504e-04
1.210316478975049202e-04	-1.349536628518234992e-03	-4.561150768848807463e-03	-7.445942893977505620e-05	-1.312654299793672213e-03	-9.532623452235066503e-05	-1.692923323691564804e-05	-3.095889080890060002e-05	-2.508198149232156692e-03	-4.036574430621043267e-05	4.054739029542200196e-05	1.177483439417054177e-03	0.000000000000000000e+00	9.988352418939239457e-04	-7.283716975120924737e-04	-7.002431905871143655e-05	-5.940519441424413523e-03	-1.047997071598813021e-05	-5.713246916255822384e-05	1.819536029375800907e-03	7.500570212984232217e-05	1.324207675237223762e-04	-1.539456363096049132e-03	-3.111990609717351340e-05	-8.731878740090065938e-05	1.131657888976090546e-03	1.800917275640571968e-03	1.181983162625656786e-04	-3.845329681689000148e-05	2.074586290546489924e-04	1.331453647861644777e-04	1.637532310241686644e-03	-2.322862836094726630e-03	-3.928283314802628488e-10	5.625294847962054390e-05	9.317168437040779239e-04	1.287789695224339807e-04	-7.316280384261409676e-04	-9.887907361137622010e-04	-8.254326344516878223e-05	-5.334264837686507473e-05	2.084407759679680200e-03	8.281265994611696608e-05	1.609134416050586418e-04	-1.953226626083571886e-03	1.170024195084290279e-04	-1.977380718948216760e-05	5.711241293863312737e-03	3.863188692262108353e-05	2.901115727077160098e-04	-1.549454115963148828e-03	3.953018264660955678e-05	-1.056868565260089907e-03	-1.243333795003845040e-04	-2.935436938215760976e-05	1.616180929947094854e-03	-9.553264015144081415e-05	-1.678370782427488406e-04	-7.420047832171905314e-05	1.677704380068890553e-03	-1.457903403716622501e-04	4.198668579605959600e-03	1.558028241461856516e-03	-2.418221227823387834e-04
-1.350487553355765331e-03	1.387778104046485017e-04	2.611012845953036149e-04	1.465139839878480687e-04	1.392501085595588067e-05	-2.467774119624527025e-04	-1.012707168703908759e-03	3.176398034273061964e-05	3.884884210516236728e-05	-4.896252266077834705e-04	-6.483146681478881316e-04	3.246932864040355006e-05	-9.988352418939239457e-04	0.000000000000000000e+00	5.690121977659052480e-05	3.494680193280233081e-04	9.683285961696251577e-05	-1.837635634944919348e-03	-1.722996999196708956e-03	9.460861023730472491e-05	-6.236998579505347463e-04	7.483456872453656287e-05	7.895818378898999338e-05	-3.238191841317430942e-04	9.033246792868590211e-04	-5.728235708874058037e-05	-4.630013369604973542e-05	2.928341653661330679e-04	1.384739851839136295e-04	1.221736326852490345e-03	2.497810901035336234e-03	-5.016494223644104081e-05	3.457114144948624348e-05	-2.084405755706271977e-03	-7.611928266059806575e-04	2.173901090787536019e-04	-6.478275256135076501e-05	1.461985639491115020e-04	7.236370373671393414e-05	-8.966248947774074947e-04	4.516201364201539981e-04	-1.437292021545833484e-09	2.709104035558699072e-05	9.074403730896316977e-04	3.966051958597272692e-05	2.585819493304971142e-03	2.144406894483202528e-03	-3.078971196318306292e-06	-4.986942237274409172e-04	1.277338831451678002e-04	9.875333311870633350e-05	1.651481113424207959e-03	-1.420471366530953511e-05	9.855819542820844735e-04	3.211880604597114851e-04	5.298079730988619515e-05	-2.911038967734723833e-05	5.722601955569159293e-04	2.032247806241537554e-04	-1.411694515347896640e-04	-5.977276321334888692e-05	-3.360256488160677079e-04	-1.653555209877096300e-04	1.309632083261439654e-03
-4.250138549747088657e-03	2.487466830268958862e-04	4.917429811947715730e-04	2.416129294267202986e-03	2.032889983528216596e-05	4.512592529662710558e-05	-2.239703257490414413e-03	9.640175104031040144e-05	1.120779283404060985e-04	-8.745767124876611107e-05	3.384668586552763789e-04	-2.886160729416136860e-06	7.283716975120924737e-04	-5.690121977659052480e-05	0.000000000000000000e+00	-3.086203352392652855e-04	1.773979040965077648e-04	-1.197484369992129452e-04	5.445126289441703247e-04	3.673230596904382948e-05	4.907792162361652565e-04	1.936334461462920235e-05	1.832199274700971645e-05	-1.422572878993584502e-04	2.214094304761913840e-03	-1.547878021911810022e-04	-2.494565208931175983e-04	1.544222021742465889e-04	-1.166139886725357295e-05	2.807750746977239094e-03	5.432415178202991760e-03	-1.011540465980742770e-04	1.085424329438111374e-04	-2.901120046130362205e-04	1.239960867665933913e-04	4.724312597672669862e-05	1.628102225706370455e-04	4.533944889586428106e-05	7.165086693733948252e-05	-6.772738221355107573e-05	1.009900276039708334e-04	-1.277389384150673488e-04	-1.013084128508619632e-04	2.857121376090672286e-03	-1.010820558284897047e-04	6.336239347372955508e-03	3.074288722881363817e-03	6.547485703253512631e-05	-2.063662415651052601e-03	-5.695733672087064520e-09	4.192833149493906543e-05	5.420916620926502505e-03	-5.474781787827368842e-05	2.835830499643822531e-03	2.720762919625341206e-04	8.748619687967904555e-05	-1.411427837425678928e-05	-1.305783967885136218e-04	1.327164837446335714e-05	-1.153449314208238497e-04	1.130211114278190939e-04	-2.635078770747161956e-04	-1.184392014693725118e-04	-3.533241264071357020e-04
-9.875116540012616193e-05	1.918101674491556104e-04	2.584573489597943516e-03	1.218536387683708260e-04	9.974647023130510208e-04	4.325033916101160688e-05	-1.391505981826749100e-05	-4.349262055873098472e-04	1.024937622517553635e-03	6.319115343871828622e-05	8.215441156386488371e-05	-4.101608781825537113e-04	7.002431905871143655e-05	-3.494680193280233081e-04	3.086203352392652855e-04	0.000000000000000000e+00	2.698815458547922964e-03	1.254318560510536782e-04	2.122704278203706814e-04	-6.124573212516852549e-04	3.221673350407784804e-05	1.502323132186332208e-04	8.670934149014391471e-04	1.858128956365369495e-05	5.872618369946318610e-05	-9.118465973307319800e-05	-6.503087035834314742e-04	-9.597784690750048840e-05	-1.342672240717863098e-05	-8.613470125887670429e-05	-3.649758387088604676e-05	3.034858832788955057e-05	1.070060330623413911e-03	1.678382868592423211e-04	6.122949030975250828e-05	-2.060102943336713827e-04	-6.980623850006052343e-05	6.650416418474121381e-04	6.052496493475704835e-04	1.361571112476419893e-04	8.659898701067292673e-06	-5.722593805176819093e-04	5.295890149515374186e-04	-7.313666429116985460e-05	1.759588327118046056e-03	-3.536535586773391967e-05	3.286785049373538374e-05	-2.526575593221378358e-03	-5.421623159407339739e-05	1.305811490812709035e-04	1.658721766941739003e-03	1.858053173206010433e-05	1.035114619691933791e-03	6.113610918357634304e-05	1.512664133169089454e-05	-9.604223808874820913e-04	-6.206233252016758609e-05	-3.026058716145275766e-10	5.236422856146667426e-06	-7.840184749207789600e-04	7.136087105023479710e-05	-2.285434455011033442e-03	-9.676467860823385024e-04	1.963432534359089984e-05
9.821366833102335267e-05	-1.690751651402679187e-04	-3.485810597824877052e-11	-3.121700065217106223e-06	-8.483650552094739415e-05	-9.300564199281563353e-05	-3.202620795025068907e-05	-2.918800786306605262e-05	-1.557804440016238813e-04	-8.319401211551718394e-05	2.627942789375540059e-03	3.248322472558281534e-05	5.940519441424413523e-03	-9.683285961696251577e-05	-1.773979040965077648e-04	-2.698815458547922964e-03	0.000000000000000000e+00	2.243776380470338672e-03	5.279233650217589335e-03	-3.923776741596163298e-05	2.874130567139408267e-03	4.673676999136445922e-05	5.241903965221776217e-05	-1.775832004019642124e-04	-3.922304165360690140e-05	-3.202697906227916069e-05	-8.906196362814432021e-06	1.409874058470788412e-04	2.476551748217020363e-04	4.807978027833629360e-04	2.168634743800475326e-04	-8.026262990067079255e-05	-7.177509894922634866e-07	4.561151975866217095e-03	2.270932685791603005e-03	-1.316014461638135251e-05	6.373354320482390320e-05	1.397548350521539613e-04	6.801367559372443821e-05	2.243309344465891329e-03	-6.564075677401446838e-05	-2.611024213793552181e-04	-2.462585016795012041e-05	4.782992084192762587e-04	1.659886890100621638e-04	1.138915379287990231e-03	4.051126916456076555e-04	-2.407802027111816709e-04	-1.108984081883762553e-05	-4.917478407991681972e-04	-6.819295380654310601e-05	2.671905180291979289e-04	2.665388860519801338e-05	3.291544658994474530e-04	1.596510496167899721e-04	-1.531895538161995784e-04	-9.088457602128040334e-05	-2.584570972271867627e-03	3.382938402292311842e-05	5.589098296302562698e-05	2.711822915566685418e-03	-1.746401534604566038e-04	-1.118716781536378867e-04	-5.561829088061082636e-03
-9.560220140374136493e-05	-1.126256594425487740e-03	-2.627938240797140709e-03	2.706309484448555196e-05	-9.117666858222120072e-04	-4.573208923782573542e-05	-6.026326859166547187e-05	-1.256533078072092030e-04	-9.405732463423422448e-04	-4.778684384409173603e-05	-7.980381460843152634e-11	1.056738327976860289e-03	1.047997071598813021e-05	1.837635634944919348e-03	1.197484369992129452e-04	-1.254318560510536782e-04	-2.243776380470338672e-03	0.000000000000000000e+00	-4.283955305933251703e-05	1.641681380473270380e-03	5.261747014293567844e-05	6.046278955728846740e-04	-4.743387014924878341e-04	-5.391079770035588797e-05	2.455666867121366855e-05	6.180959489063299599e-04	9.654487840390217927e-04	4.343009815139193066e-05	4.148887605764563918e-04	1.531392432110790147e-04	1.399362097239491276e-04	8.359944952044588793e-04	-1.682694779857820560e-06	-4.054628389239208527e-05	4.075656358623067356e-06	-1.104724550093985353e-05	5.348062738039790034e-05	-5.956825497324072126e-04	-4.819709087363912528e-05	-6.748701635630248810e-05	-8.628373894841364906e-05	6.483182269198331255e-04	1.989542479099804873e-04	1.651718680786485498e-04	-2.280882073868989023e-04	1.889847074699586523e-04	-1.454720014218571718e-05	2.050949397561827904e-03	-1.513763718451466289e-04	-3.384621613602275744e-04	-6.581431315747867956e-04	2.137550020763847344e-04	-3.595924197748864501e-04	4.592035215435640337e-05	-3.426988095424793887e-05	6.013041991449505179e-04	-5.151233979276068076e-04	-8.215501597782068528e-05	-2.538985428655143897e-05	1.041166647576595916e-03	-3.584593113407525273e-05	2.599777087236514617e-03	-5.853779784281656527e-05	-1.304675397103057400e-04
1.574280820045666955e-04	-2.327095282333605224e-03	-5.279232008442824586e-03	-1.058776456818638271e-04	-1.458450152811589145e-03	-8.992621741472740858e-05	1.186468270653235919e-05	-4.176824379804189714e-04	-2.327082975072387698e-03	-6.695999639842609564e-05	4.284031733426915575e-05	1.430795944089645333e-03	5.713246916255822384e-05	1.722996999196708956e-03	-5.445126289441703247e-04	-2.122704278203706814e-04	-5.279233650217589335e-03	4.283955305933251703e-05	0.000000000000000000e+00	2.063994388270013781e-03	8.882504447857084151e-05	3.512371190873918693e-04	-1.362307474020836356e-03	-7.492187804899171977e-05	-1.058778277461866599e-04	1.430803104080510509e-03	2.063995920785148541e-03	1.006066899895351446e-04	2.215748280825130317e-04	1.468541249394059351e-04	5.120909192846676873e-05	2.001777707645132319e-03	-1.458457005904062855e-03	5.713181081984373998e-05	8.882536309284108970e-05	2.215785721334708066e-04	8.206057204361923054e-05	-1.075676815594891339e-03	-7.332359509774207754e-04	-5.157653056729790948e-05	-8.992681339176552819e-05	1.723000943731969013e-03	3.512443152941091941e-04	1.468534330543155365e-04	-1.075665509674530399e-03	5.619170329220130912e-05	-9.693531743724641682e-05	4.817153327718422945e-03	1.186353049696791946e-05	-5.445125429248283931e-04	-1.362293934505931069e-03	5.120909186764584578e-05	-7.332265488777065399e-04	-9.693450383183865328e-05	-3.131485254689167692e-05	1.103441739086154184e-03	-4.176727506588869465e-04	-2.122698154665636971e-04	-7.492160581297184637e-05	2.001762183124566538e-03	-5.157634531069415086e-05	4.817150776542970629e-03	1.103446777299819243e-03	-3.197826795107743176e-04
-1.534442855825717163e-03	9.259869561277942417e-05	8.904478782506742061e-06	-6.811345410684123110e-05	-9.254264957807203235e-06	-3.003044130072377201e-04	-1.023385360436662207e-03	3.083394280775074865e-05	7.236629512688563543e-05	-4.276547307990341031e-04	-9.654497877916450206e-04	-5.489298226311894882e-05	-1.819536029375800907e-03	-9.460861023730472491e-05	-3.673230596904382948e-05	6.124573212516852549e-04	3.923776741596163298e-05	-1.641681380473270380e-03	-2.063994388270013781e-03	0.000000000000000000e+00	-1.094392905775047652e-03	-4.640898641378339833e-05	-6.028636512146853983e-05	-1.424150098401430345e-04	8.470578798894887618e-04	-2.052118858182977392e-05	4.855990142286676389e-10	1.898775036013550330e-04	-1.275385382595980912e-05	7.467262242554302716e-04	1.997481412761780220e-03	-1.469865496403146990e-05	-6.573780022586098236e-05	-1.800918169167042447e-03	-8.901483417291547419e-04	1.690816500035280422e-04	-2.241571663245711156e-04	-9.969879643032951268e-06	-5.285523147370498488e-05	-7.732620731545687036e-04	3.441722961841426525e-04	4.629838641849067356e-05	2.978173730975882500e-05	4.505849506753946019e-04	3.811311196052591214e-06	1.361962121353445503e-03	1.459434961836924465e-03	-5.699050718864201827e-05	-6.254234718164822108e-04	2.494556243263997041e-04	6.337328491984434132e-05	1.147432893942675839e-03	-2.431273509398098644e-05	4.987776118372202637e-04	7.341666487376562503e-05	7.494883724001211612e-05	5.732855427756284358e-05	6.503078150893955344e-04	2.292670445625449914e-04	-1.668963119172530763e-04	-1.120995109387755537e-04	-1.822945634433072561e-04	-3.641014564177167203e-05	1.429440229658345430e-03
2.006307467564555087e-04	-8.520369368319364884e-04	-2.270933374798471925e-03	-1.109644196095612258e-04	-5.976330185509982776e-04	-6.705750995849836743e-05	5.887625134972186214e-05	-1.150338115351989940e-04	-1.992325923141309574e-03	-1.775064837790327888e-05	-4.074309400970282495e-06	9.975456687904820513e-04	-7.500570212984232217e-05	6.236998579505347463e-04	-4.907792162361652565e-04	-3.221673350407784804e-05	-2.874130567139408267e-03	-5.261747014293567844e-05	-8.882504447857084151e-05	1.094392905775047652e-03	0.000000000000000000e+00	4.402365276619690684e-04	-1.033986353990211469e-04	-4.598938357004108194e-05	-1.453009024014612083e-04	5.414791012687825145e-04	8.901494534896965509e-04	5.584735032534079448e-05	1.842494724288586309e-05	8.340475742822718347e-06	-9.825113316763283691e-05	8.376768269535146520e-04	-8.221033586388097570e-04	-5.625347346827255497e-05	-1.371370745250727026e-10	3.343047687019100713e-04	3.304234073587238512e-05	2.205233978528879798e-04	-5.453205733441912595e-05	-5.245516076535904494e-05	-4.855035018071907202e-05	7.611937253027510879e-04	3.740349445479578645e-05	2.667722027250495022e-06	-7.641547943162045695e-04	-1.481603606866792452e-04	-1.024539348016991456e-04	2.471586267414344583e-03	8.484087926479119191e-05	-1.239980459269226934e-04	-7.172276958252524204e-04	-1.335792779085928021e-04	-4.230388760801788721e-04	-1.852164888310637453e-04	-2.114539333177514830e-05	6.079581286475002275e-04	-5.409766242570961895e-04	-6.122909413735533356e-05	-4.702173502540873853e-05	1.508925814214125312e-03	-1.016301306245775483e-04	1.902234518736998711e-03	4.007401957141019499e-04	-6.664419351023884641e-05
-1.053033490757037532e-03	6.501086633847622063e-05	2.462487239298728734e-05	5.400658021525536230e-05	-5.827404757258677101e-05	-3.481631993621868816e-04	-1.062318043656968261e-03	4.392119215261790888e-05	1.664990489039683513e-05	-5.417608972769852056e-04	-1.989506891074158080e-04	-1.164773254015504448e-05	-1.324207675237223762e-04	-7.483456872453656287e-05	-1.936334461462920235e-05	-1.502323132186332208e-04	-4.673676999136445922e-05	-6.046278955728846740e-04	-3.512371190873918693e-04	4.640898641378339833e-05	-4.402365276619690684e-04	0.000000000000000000e+00	-3.910549506029928606e-05	8.039585884781155919e-05	5.668214432330786166e-04	-5.235534590388433475e-05	-2.978229240772603721e-05	8.391642818349434488e-06	6.201066125681838287e-05	6.192681854264013054e-04	1.499091297209951233e-03	-4.083797488028310349e-05	-7.235077907189591375e-05	-8.280741150690194038e-05	-3.740072231179148896e-05	1.816721668124456567e-04	-9.140313657220397740e-05	5.297120271900278982e-05	-1.556593784433358272e-05	1.045702677055955962e-05	2.583828582304532103e-04	-2.709280044888198234e-05	-4.646925091833400794e-10	9.306056689627149599e-05	-2.027129461467140018e-06	1.076147074385651672e-03	1.044917268770886431e-03	-1.017916689557424998e-05	-3.612626463252523222e-04	1.013060794581870550e-04	1.207305946210276054e-05	6.920106990419576300e-04	-5.520248734256671041e-05	3.017020222494568808e-04	-6.509011051871994397e-06	9.282863135143625921e-05	2.692766065757027809e-05	-5.295910951736014678e-04	7.015914320055601752e-05	-1.081741026859356125e-04	3.338462473403822810e-04	-1.964988476629080474e-04	-4.704787521105391085e-05	-2.926918446566176323e-04
-1.649790596236404370e-03	3.336758937996553475e-05	6.819041751717779573e-05	5.883653422983925203e-04	-7.083625560366227022e-05	-4.581649713493975628e-04	-1.675780150596784370e-03	4.039126310277151662e-05	-1.386200723341106159e-05	-4.007707906143912835e-04	6.581513539194825280e-04	9.156829589358930863e-06	1.539456363096049132e-03	-7.895818378898999338e-05	-1.832199274700971645e-05	-8.670934149014391471e-04	-5.241903965221776217e-05	4.743387014924878341e-04	1.362307474020836356e-03	6.028636512146853983e-05	1.033986353990211469e-04	3.910549506029928606e-05	0.000000000000000000e+00	1.689681280958969800e-04	9.080951568650544054e-04	-7.146313905000297416e-05	-6.337418787991760374e-05	-1.948433200262110346e-04	1.116439522434160381e-04	1.050400440164878883e-03	2.222141624178819268e-03	-5.509888457264442839e-05	-5.216187066011470790e-05	1.549465714343519103e-03	7.172333389701913888e-04	1.710242466029240427e-04	-2.008950771411514651e-04	1.110187830543746517e-04	2.987887366952238937e-05	8.082943351501886177e-04	2.561871721619890432e-04	-9.875622816440649107e-05	-1.207450644611534562e-05	1.788869251689696272e-04	3.481167190845301873e-05	1.947662026543714453e-03	1.213087203019234516e-03	-2.028263469990071639e-05	-6.188428470552873300e-04	-4.193403854163515641e-05	-1.657325272782315798e-09	1.344652854466358346e-03	-3.576021448118567021e-05	6.537402360612890994e-04	-7.723513516635487639e-05	6.813751083179848044e-05	3.470658262923452338e-06	-1.658725458951076578e-03	-1.825351379339767944e-04	-6.332686149390270088e-05	9.260544973995854350e-04	-2.234718262457473464e-04	-6.175006477489169163e-05	-2.049704871764234434e-03
-8.869787220331266106e-05	-2.518750387362423868e-04	-3.382682180931073158e-05	5.204784027733350425e-05	-2.227510197762016273e-04	2.546610438022120542e-06	-3.482200876427870402e-05	-1.388803089534900413e-04	2.854136499195758254e-04	1.870940877931097178e-05	2.538948571580589057e-05	2.889661495136752690e-05	3.111990609717351340e-05	3.238191841317430942e-04	1.422572878993584502e-04	-1.858128956365369495e-05	1.775832004019642124e-04	5.391079770035588797e-05	7.492187804899171977e-05	1.424150098401430345e-04	4.598938357004108194e-05	-8.039585884781155919e-05	-1.689681280958969800e-04	0.000000000000000000e+00	4.901523609646673554e-05	3.554947660408896656e-05	-2.292701445290668341e-04	-3.573393645416282903e-06	5.597366333176582537e-05	6.153638177672437158e-05	8.693385354851553394e-05	2.775943880397320051e-04	2.661932065029799354e-04	7.420132579096758467e-05	4.702231156488270361e-05	-9.534526429209149703e-05	6.304760588975255887e-06	-2.901504076228472381e-04	-5.058394595443703505e-06	3.706750898948856681e-05	-2.155630814427701331e-05	-2.032252333537362568e-04	-7.015965369103132157e-05	8.123472325137407574e-05	2.914706943822505374e-04	1.358974073885120071e-04	4.607108585723089771e-05	-4.234069084151000648e-05	-6.907556709787900356e-05	-1.326902109591692196e-05	1.825363089709656627e-04	1.251886228613260010e-04	1.043422858130600865e-05	9.397329127743355879e-05	1.622593390788214099e-05	1.820919809617383821e-04	-1.262283252643552566e-04	-5.236612816472658661e-06	-8.721171315525120464e-11	-9.710024268493914969e-05	2.053462431132871196e-05	2.050765658165368255e-04	-1.992432130995627792e-04	-5.233309839628643448e-05
-5.210836028774321245e-05	-8.462347929378151966e-04	3.125769869906839897e-06	2.075156947777809019e-10	1.459280581101212153e-03	-6.022467280896762166e-05	-6.278674827531410657e-06	-8.309951121977187348e-04	-3.875962915819852620e-04	-6.892714936647694986e-05	-2.706309208352424510e-05	-2.343938407590305149e-04	8.731878740090065938e-05	-9.033246792868590211e-04	-2.214094304761913840e-03	-5.872618369946318610e-05	3.922304165360690140e-05	-2.455666867121366855e-05	1.058778277461866599e-04	-8.470578798894887618e-04	1.453009024014612083e-04	-5.668214432330786166e-04	-9.080951568650544054e-04	-4.901523609646673554e-05	0.000000000000000000e+00	3.640196045475158201e-04	6.811786824850545301e-05	3.161443123305855219e-05	-2.120830662779346794e-03	1.610643573176351578e-04	1.087646015507704768e-04	7.577669623980720377e-04	4.997210662109454263e-04	7.445982913066790439e-05	1.109653046503002318e-04	-2.147542604469832375e-03	7.507803619299199176e-05	-7.998386524371802180e-04	-1.698930373526367794e-04	-1.561770935152082375e-05	-3.550318199475205485e-05	-1.465070084568323059e-04	-5.400208048979243902e-05	6.487725582822234443e-05	-5.121599016104456861e-04	9.555421673782603744e-05	3.407302326181710486e-05	-1.222079650955142105e-04	-2.520886342316652090e-05	-2.416123010066063490e-03	-5.883601465825840813e-04	6.129425515404154446e-05	4.432978514547320729e-04	-4.620812261811557711e-06	1.497421628894962678e-05	-1.510118945986091074e-03	-1.854028293824502892e-04	-1.218539920905245327e-04	-5.204856253924309314e-05	3.785469798182153909e-04	6.876538752809000432e-06	-7.945280505561639305e-05	-4.970907307248863607e-04	-5.019445544749952595e-05
-1.934093283920603618e-04	4.643283595115791067e-07	-3.248286055537582477e-05	2.343914504447348153e-04	-6.882384211247686624e-05	4.714060110719094001e-04	7.905617590632339894e-05	1.568801442808487250e-05	3.270770293279202186e-05	-3.110131756713159935e-04	-1.056741123729592474e-03	1.912603554366984742e-10	-1.131657888976090546e-03	5.728235708874058037e-05	1.547878021911810022e-04	9.118465973307319800e-05	3.202697906227916069e-05	-6.180959489063299599e-04	-1.430803104080510509e-03	2.052118858182977392e-05	-5.414791012687825145e-04	5.235534590388433475e-05	7.146313905000297416e-05	-3.554947660408896656e-05	-3.640196045475158201e-04	0.000000000000000000e+00	5.489297914183831686e-05	1.079336139118244642e-04	2.168216520904655718e-04	-4.080939110659653974e-04	-1.953593199207179936e-04	-8.139024491311754213e-05	-3.046466223965789877e-06	-1.177488657411283370e-03	-9.975487101083510381e-04	6.280658924831821095e-05	-2.265843263968874885e-04	4.084873208041714702e-05	-4.030939251895417162e-07	-1.819504974786372823e-04	-2.069089531183845149e-04	-3.246897081365276278e-05	1.164811930776293122e-05	1.798956613062295421e-04	7.649711834216397252e-05	1.356022531851332528e-04	-7.235544340845590199e-05	-1.360018329687902306e-04	-6.156083173992719232e-04	2.886520785324532764e-06	-9.156468672741727469e-06	6.249753422681706728e-04	-1.055148037897067125e-06	6.256842098839685441e-04	-1.189643708443009410e-04	-4.378655847475552640e-05	-8.545812659456005118e-06	4.101638998348802289e-04	-2.889539944570287719e-05	2.320301933220813448e-05	-4.731857040150964271e-04	4.424260476847243016e-05	6.063114770155546361e-05	9.259846484658164475e-04
-1.534429045831655226e-03	7.236632045473192815e-05	3.923886471913927605e-05	8.470515140028811972e-04	-6.573736532330083713e-05	3.441729027472790136e-04	-6.254158534861572246e-04	5.732813698352202307e-05	9.259828560346989354e-05	-4.276560197083983245e-04	-1.641681442182420323e-03	-2.052019239625651250e-05	-1.800917275640571968e-03	4.630013369604973542e-05	2.494565208931175983e-04	6.503087035834314742e-04	8.906196362814432021e-06	-9.654487840390217927e-04	-2.063995920785148541e-03	-4.855990142286676389e-10	-8.901494534896965509e-04	2.978229240772603721e-05	6.337418787991760374e-05	2.292701445290668341e-04	-6.811786824850545301e-05	-5.489297914183831686e-05	0.000000000000000000e+00	1.898766701595862002e-04	1.690817736283262932e-04	4.505781829869963048e-04	1.147418579365677921e-03	-1.668955524769959219e-04	-9.252143017435802245e-06	-1.819536024743570110e-03	-1.094395016569558836e-03	-1.275782025082857148e-05	-2.241572444299512977e-04	3.810407291164870998e-06	-2.431217508839580174e-05	-1.120980666686412935e-04	-3.003030499516250043e-04	-9.460804080442094459e-05	-4.640853665789521293e-05	7.467178718656723637e-04	-9.969961739917690381e-06	1.361948307349530787e-03	4.987708035565640045e-04	-1.822926397354301530e-04	-1.023377611970100690e-03	-3.673227219820822777e-05	-6.028585208646853200e-05	1.997465623636082363e-03	-5.285520617795759523e-05	1.459429068847382591e-03	7.341703952183393101e-05	-3.640975483276464247e-05	3.083239161362185321e-05	6.124574857240790756e-04	-1.424121046253478459e-04	-1.469535831863942913e-05	-7.732591184776648439e-04	-5.698738755960366042e-05	7.494859897212661896e-05	1.429438942269041762e-03
9.921523819201159724e-05	-2.849484403561750642e-04	-1.409893002311148188e-04	-3.161423142799354871e-05	-2.442384569773855402e-04	-4.233272377917757493e-07	5.254553286793832466e-05	-3.479945147486297773e-05	-2.849496700681248456e-04	2.701414001713453006e-05	-4.342985374109786415e-05	-1.079328538510341575e-04	-1.181983162625656786e-04	-2.928341653661330679e-04	-1.544222021742465889e-04	9.597784690750048840e-05	-1.409874058470788412e-04	-4.343009815139193066e-05	-1.006066899895351446e-04	-1.898775036013550330e-04	-5.584735032534079448e-05	-8.391642818349434488e-06	1.948433200262110346e-04	3.573393645416282903e-06	-3.161443123305855219e-05	-1.079336139118244642e-04	-1.898766701595862002e-04	0.000000000000000000e+00	6.331893729660620720e-05	-5.315904510419057537e-05	-1.160925563702578338e-04	1.413873429087327200e-04	-2.442375744030950884e-04	-1.181990076904373147e-04	-5.584828551736830445e-05	6.331698366747005727e-05	5.102451973411414930e-06	2.645095376210488194e-04	1.211639327186051017e-04	-8.483112885301866981e-05	-4.231534574444056502e-07	-2.928355208742935371e-04	-8.392874911975655621e-06	-5.315920573186310176e-05	2.645089872609031789e-04	-1.715158559694116296e-04	-8.701554694144720344e-05	-1.974592947664677799e-04	5.254585517096415910e-05	-1.544244526045238032e-04	1.948400214883886218e-04	-1.160930761571659969e-04	1.211632981439104983e-04	-8.701611484792084127e-05	-1.525482280562128138e-05	5.832822699134367788e-05	-3.480064116402097676e-05	9.597771779057283532e-05	3.574010238175218164e-06	1.413906329044688779e-04	-8.483034794707494664e-05	-1.974560130611371749e-04	5.832960164991169805e-05	1.747161837524000678e-04
-4.880889603684816780e-03	1.886149391953553106e-04	1.316263965334523341e-05	2.147539635647668574e-03	-1.647079132522697267e-04	-9.683948658957577363e-05	-2.308154010354442759e-03	1.820408419443223240e-04	1.567370956811811318e-05	-6.710642477160554836e-05	1.104999629676161496e-05	-6.280538755148133701e-05	3.845329681689000148e-05	-1.384739851839136295e-04	1.166139886725357295e-05	1.342672240717863098e-05	-2.476551748217020363e-04	-4.148887605764563918e-04	-2.215748280825130317e-04	1.275385382595980912e-05	-1.842494724288586309e-05	-6.201066125681838287e-05	-1.116439522434160381e-04	-5.597366333176582537e-05	2.120830662779346794e-03	-2.168216520904655718e-04	-1.690817736283262932e-04	-6.331893729660620720e-05	0.000000000000000000e+00	1.940742171603549154e-03	4.461629022351671671e-03	-2.728610589377656942e-04	-1.189050556397233931e-04	-9.317136882744318348e-04	-3.343065846702966411e-04	-5.010515292505125264e-09	3.030418453798163964e-06	-1.518131959145721340e-05	-5.952849737130224176e-05	-2.243139399464717766e-04	-5.395363464865793698e-05	-2.173884088966823009e-04	-1.816715659705208589e-04	1.824280308992001862e-03	-2.225449576102349531e-04	3.645760364738311228e-03	1.781292471896781492e-03	-9.422186769729994787e-05	-2.306756853557940558e-03	-4.724254483817505695e-05	-1.710230963611556734e-04	4.462095435518668995e-03	-1.835659498304048208e-04	1.749979231260434011e-03	-1.968011008892865915e-04	1.169927556786057440e-04	6.999464468617245540e-05	2.060093010972475027e-04	9.534784075323357393e-05	-1.482376758302237176e-04	-2.720066807981892778e-05	-3.267716536038192936e-04	-9.389028241125293615e-06	7.947949574169009210e-05
2.044026794339607656e-04	-1.801815245238999261e-03	-4.782986764117396557e-04	-6.487589357862554083e-05	5.386212776757220207e-04	-2.938979969887089787e-05	1.422122949735443015e-04	-8.714345809344434864e-04	-8.212402489836977994e-04	-3.570281360387310724e-05	-1.651714582668222030e-04	-1.798980832115246165e-04	-2.074586290546489924e-04	-1.221736326852490345e-03	-2.807750746977239094e-03	8.613470125887670429e-05	-4.807978027833629360e-04	-1.531392432110790147e-04	-1.468541249394059351e-04	-7.467262242554302716e-04	-8.340475742822718347e-06	-6.192681854264013054e-04	-1.050400440164878883e-03	-6.153638177672437158e-05	-1.610643573176351578e-04	4.080939110659653974e-04	-4.505781829869963048e-04	5.315904510419057537e-05	-1.940742171603549154e-03	0.000000000000000000e+00	-2.194481754025255291e-04	1.338422379930618786e-03	1.025694567542041475e-04	-1.609148181850426776e-04	-2.669088334857194615e-06	-1.824286719998278062e-03	6.096828874676952603e-05	-6.425688927239156696e-04	-2.248452267488587229e-04	-1.463899024867778252e-04	-5.437889610134484714e-05	-9.074352600543482287e-04	-9.305661944773396354e-05	4.045065665939610996e-10	1.182232943088086974e-04	-2.325766796328995094e-04	-1.243438463459066185e-04	-4.653358277457222687e-04	6.587558911537620752e-05	-2.857119846127921178e-03	-1.788848024456223776e-04	-8.932463116160521276e-05	3.261300812255928713e-04	-1.143798948671038767e-04	9.641984022994633550e-06	-1.013850595136846222e-03	-2.171881869779481746e-04	7.313661229058181495e-05	-8.123400860353912050e-05	3.403628993956276131e-04	-2.047257340143311709e-04	-5.362501167489496434e-04	-6.784420061934339158e-04	3.128899558101357970e-04
1.358983442629480291e-04	-1.987312498239688849e-03	-2.671882010840047166e-04	-6.129297584225766257e-05	1.512642886257927529e-03	-7.192636150019048860e-05	1.278581815600799397e-04	-1.145541484956174097e-03	-1.117999393563998611e-03	-9.101219240765967187e-05	-2.137551362325933917e-04	-6.249815338803482809e-04	-1.331453647861644777e-04	-2.497810901035336234e-03	-5.432415178202991760e-03	3.649758387088604676e-05	-2.168634743800475326e-04	-1.399362097239491276e-04	-5.120909192846676873e-05	-1.997481412761780220e-03	9.825113316763283691e-05	-1.499091297209951233e-03	-2.222141624178819268e-03	-8.693385354851553394e-05	-1.087646015507704768e-04	1.953593199207179936e-04	-1.147418579365677921e-03	1.160925563702578338e-04	-4.461629022351671671e-03	2.194481754025255291e-04	0.000000000000000000e+00	1.573340723097181853e-03	7.133809155683088887e-04	-3.953215054616093273e-05	1.335793053303068714e-04	-4.462103222146048334e-03	1.267386642104583274e-04	-1.843315898942411279e-03	-5.570529607833379178e-04	-1.504666872060007963e-04	-2.750835550286304321e-05	-1.651468844744902621e-03	-6.920004665041117227e-04	8.932517451459341218e-05	-9.876655936740205179e-04	-3.630287775084774628e-05	-4.336195624078729481e-06	-6.512026052902070931e-04	7.597242008177280395e-05	-5.420911225561355663e-03	-1.344645451887744236e-03	1.316652262346584151e-10	2.463123179878052996e-04	-7.428200919603090437e-05	4.312897842240655526e-05	-1.978712319595800004e-03	-3.321129329373656743e-04	-1.858043770423519012e-05	-1.251892015102182851e-04	6.614376949009467517e-04	-1.609868841879459026e-04	-6.563692811540448868e-04	-1.121451467845217733e-03	2.675565848252838062e-04
1.141355527097676417e-03	-1.793721584313031004e-05	-5.589042757228766329e-05	-3.785468043482187852e-04	-2.611814653582902990e-05	3.882780861826329549e-04	6.924009268980792567e-04	-1.882361122572405904e-05	4.552573871768279742e-05	-2.492356247995326356e-04	-1.041174581803385596e-03	-2.320310419147787512e-05	-1.637532310241686644e-03	5.016494223644104081e-05	1.011540465980742770e-04	-3.034858832788955057e-05	8.026262990067079255e-05	-8.359944952044588793e-04	-2.001777707645132319e-03	1.469865496403146990e-05	-8.376768269535146520e-04	4.083797488028310349e-05	5.509888457264442839e-05	-2.775943880397320051e-04	-7.577669623980720377e-04	8.139024491311754213e-05	1.668955524769959219e-04	-1.413873429087327200e-04	2.728610589377656942e-04	-1.338422379930618786e-03	-1.573340723097181853e-03	0.000000000000000000e+00	-9.258790801462099844e-06	-1.677715974624099070e-03	-1.508930527580005631e-03	1.482436659256383595e-04	-3.102688648107771265e-04	2.796701223099872359e-05	-1.091742344511096988e-05	-6.967436480340485081e-04	-3.460335432072130825e-04	1.411696158762630908e-04	1.081739795408004779e-04	-3.403592884018372816e-04	1.236142450606706486e-04	-1.150585349429315753e-03	-7.263321555200001958e-04	-4.993266107156732532e-06	-3.231916073589635946e-04	1.153463162898888414e-04	6.332716605688055219e-05	-6.614352975040571278e-04	5.708755080472419563e-05	-2.288042411798578912e-04	-2.075121060244228851e-04	-5.108718614618942594e-05	9.497274044135305864e-06	7.840236073323428485e-04	9.709920713510705357e-05	-1.545890686531880980e-09	-7.738327988881664628e-04	1.591499060989860206e-04	9.958552038051706823e-05	1.607139885747347480e-03
1.421739291313102536e-03	-2.020451788612329341e-05	8.483847635567267037e-05	-1.459275875288460530e-03	8.761173226483375594e-10	-4.414799815672694060e-04	3.549070653104670044e-04	-1.854576776514744410e-05	-1.222713744829714562e-04	-2.783072248409786164e-04	9.117717238252857556e-04	6.882424494272245362e-05	2.322862836094726630e-03	-3.457114144948624348e-05	-1.085424329438111374e-04	-1.070060330623413911e-03	7.177509894922634866e-07	1.682694779857820560e-06	1.458457005904062855e-03	6.573780022586098236e-05	8.221033586388097570e-04	7.235077907189591375e-05	5.216187066011470790e-05	-2.661932065029799354e-04	-4.997210662109454263e-04	3.046466223965789877e-06	9.252143017435802245e-06	2.442375744030950884e-04	1.189050556397233931e-04	-1.025694567542041475e-04	-7.133809155683088887e-04	9.258790801462099844e-06	0.000000000000000000e+00	1.312658848590856188e-03	5.976353983322122733e-04	1.647086867281398036e-04	-3.189036418202476574e-04	2.036518583064961946e-04	6.873477917219213574e-05	7.819618441481713568e-04	2.236765868158548511e-04	-1.392485501679841638e-05	5.827324774154798200e-05	-5.386167761148369024e-04	1.085440494868030251e-04	-4.756394704556430068e-04	3.606941962448215536e-04	-3.905134754469940915e-05	7.137376073846930921e-04	-2.032943003398587320e-05	7.083571393448814260e-05	-1.512632949340230858e-03	2.463868169167086181e-05	-4.918418573849290274e-04	2.850037304976072100e-04	-1.032526616644802658e-05	-7.193218485398905127e-05	-9.974649804828624247e-04	2.227504858607752439e-04	2.611885489097210623e-05	1.802622171870488579e-03	-2.170557111173216725e-04	-1.402524265025593421e-04	-2.171736900636646057e-03
1.210307588607847018e-04	-2.508207061647270766e-03	-5.940516309285581373e-03	-8.731842461183629881e-05	-2.322856973084120973e-03	-5.334288475274459726e-05	3.863100044766861179e-05	-9.554014182264123332e-05	-1.349524823633575787e-03	-4.036639916373692790e-05	-1.047982238885332166e-05	1.131651967198521805e-03	3.928283314802628488e-10	2.084405755706271977e-03	2.901120046130362205e-04	-1.678382868592423211e-04	-4.561151975866217095e-03	4.054628389239208527e-05	-5.713181081984373998e-05	1.800918169167042447e-03	5.625347346827255497e-05	8.280741150690194038e-05	-1.549465714343519103e-03	-7.420132579096758467e-05	-7.445982913066790439e-05	1.177488657411283370e-03	1.819536024743570110e-03	1.181990076904373147e-04	9.317136882744318348e-04	1.609148181850426776e-04	3.953215054616093273e-05	1.677715974624099070e-03	-1.312658848590856188e-03	0.000000000000000000e+00	7.500688471682439781e-05	-3.844904778156773510e-05	1.287794846427621552e-04	-1.953235948012990372e-03	-1.056875895031344267e-03	-1.457908825112964879e-04	-9.532684757736272093e-05	9.988382210162913624e-04	1.324275026635000278e-04	2.074598438430347075e-04	-7.316157682074127429e-04	1.170039368010901155e-04	-1.243326028023587033e-04	4.198667481199186077e-03	-1.693011862170050431e-05	-7.283688336516746728e-04	-1.539442243605417763e-03	1.331459177540128547e-04	-9.887815099784646143e-04	-1.977372046585551524e-05	-2.935451489056556171e-05	1.558023946720717189e-03	-3.095052955228928717e-05	-7.002473237706157653e-05	-3.112037808066048868e-05	1.637516980603401749e-03	-8.254346769557123508e-05	5.711236732027062842e-03	1.616183214526378201e-03	-2.418224990511331173e-04
2.006310468122763290e-04	-1.992332629667288232e-03	-2.874133007629091005e-03	-1.453016346074289134e-04	-8.221020068203415028e-04	-4.855092525797595059e-05	8.484097131466531686e-05	-5.409806266816804404e-04	-8.520298586208632351e-04	-1.775089060654757352e-05	-5.261727318633355492e-05	5.414750409991793412e-04	-5.625294847962054390e-05	7.611928266059806575e-04	-1.239960867665933913e-04	-6.122949030975250828e-05	-2.270932685791603005e-03	-4.075656358623067356e-06	-8.882536309284108970e-05	8.901483417291547419e-04	1.371370745250727026e-10	3.740072231179148896e-05	-7.172333389701913888e-04	-4.702231156488270361e-05	-1.109653046503002318e-04	9.975487101083510381e-04	1.094395016569558836e-03	5.584828551736830445e-05	3.343065846702966411e-04	2.669088334857194615e-06	-1.335793053303068714e-04	1.508930527580005631e-03	-5.976353983322122733e-04	-7.500688471682439781e-05	0.000000000000000000e+00	1.842568519879589622e-05	3.304263775488245985e-05	-7.641604981590279736e-04	-4.230436652943239261e-04	-1.016306235282460856e-04	-6.705800029477027848e-05	6.236998398479836041e-04	4.402397379332841781e-04	8.340849512781901907e-06	2.205304592965111202e-04	-1.481599288979643277e-04	-1.852166570020029150e-04	1.902231069202742816e-03	5.887566754451938479e-05	-4.907822665706953590e-04	-1.033937142669768812e-04	-9.825098002228758185e-05	-5.452754772905522818e-05	-1.024541976930038589e-04	-2.114542902961381870e-05	4.007360388352030180e-04	-1.150295264910722418e-04	-3.221638316136457293e-05	-4.598959577488924422e-05	8.376692951505325738e-04	-5.245586888528807170e-05	2.471585338707936799e-03	6.079607070016811035e-04	-6.664385347598929612e-05
-4.880898103879807368e-03	1.567391846814201656e-05	-2.476600224324041572e-04	2.120831149216518587e-03	-1.189098022775252528e-04	-5.395562283204932989e-05	-2.306761643858565910e-03	6.999699695623470136e-05	1.886150092462206469e-04	-6.710808319293081088e-05	-4.148940387280590242e-04	-2.168222895424208336e-04	-9.317168437040779239e-04	-2.173901090787536019e-04	-4.724312597672669862e-05	2.060102943336713827e-04	1.316014461638135251e-05	1.104724550093985353e-05	-2.215785721334708066e-04	-1.690816500035280422e-04	-3.343047687019100713e-04	-1.816721668124456567e-04	-1.710242466029240427e-04	9.534526429209149703e-05	2.147542604469832375e-03	-6.280658924831821095e-05	1.275782025082857148e-05	-6.331698366747005727e-05	5.010515292505125264e-09	1.824286719998278062e-03	4.462103222146048334e-03	-1.482436659256383595e-04	-1.647086867281398036e-04	3.844904778156773510e-05	-1.842568519879589622e-05	0.000000000000000000e+00	3.032679228558591363e-06	-2.225442944365337234e-04	-1.835659160084983908e-04	-2.720704572690193232e-05	-9.684143504852986493e-05	-1.384760093915461958e-04	-6.201021766211936429e-05	1.940746205118840453e-03	-1.517811624642631280e-05	3.645765529077566944e-03	1.749978612533770791e-03	-3.267774774483675634e-04	-2.308161476245530405e-03	1.166042702450887958e-05	-1.116452145869290696e-04	4.461636923240926145e-03	-5.952959383789691180e-05	1.781294450137356749e-03	-1.968036952823418520e-04	-9.388546220485351928e-06	1.820415392385179611e-04	1.342525401641592121e-05	-5.597609906178825309e-05	-2.728634044289989500e-04	-2.243165830537850606e-04	-9.422735417666604056e-05	1.169913509763738780e-04	7.948339048834056710e-05
1.183526416628236859e-04	-4.313459670554817792e-04	-6.373598005540068417e-05	-7.507827293469006866e-05	3.189016586119376804e-04	-1.930312856099828438e-05	7.119401272672846732e-05	-4.487604553375365893e-04	-4.313445968400162747e-04	7.930077905134700578e-06	-5.348027289260121270e-05	2.265846105501308769e-04	-1.287789695224339807e-04	6.478275256135076501e-05	-1.628102225706370455e-04	6.980623850006052343e-05	-6.373354320482390320e-05	-5.348062738039790034e-05	-8.206057204361923054e-05	2.241571663245711156e-04	-3.304234073587238512e-05	9.140313657220397740e-05	2.008950771411514651e-04	-6.304760588975255887e-06	-7.507803619299199176e-05	2.265843263968874885e-04	2.241572444299512977e-04	-5.102451973411414930e-06	-3.030418453798163964e-06	-6.096828874676952603e-05	-1.267386642104583274e-04	3.102688648107771265e-04	3.189036418202476574e-04	-1.287794846427621552e-04	-3.304263775488245985e-05	-3.032679228558591363e-06	0.000000000000000000e+00	2.524719602715956818e-04	2.664753211873291871e-04	-5.657218896972139458e-05	-1.930291102656209388e-05	6.478003239930668026e-05	9.140218737466529334e-05	-6.096875655258559001e-05	2.524728931590086711e-04	-1.417456644012922624e-04	-6.693536044173584751e-05	-1.592686496521933761e-04	7.119373014752961677e-05	-1.628135237318617946e-04	2.008936247675895538e-04	-1.267384519500860712e-04	2.664751372597076815e-04	-6.693539597263453245e-05	2.367887904272896713e-05	-4.093851816620907094e-04	-4.487610137760344531e-04	6.980625775893450576e-05	-6.304706624197268318e-06	3.102699200060245492e-04	-5.657234166912824489e-05	-1.592662043814608414e-04	-4.093850167024587635e-04	1.461508556801499473e-04
-1.939958613732275811e-03	5.227226562652237510e-06	-1.659905572674943855e-04	5.121618754648862588e-04	-1.085464044340352124e-04	-5.102316127979998313e-04	-1.803606759190136454e-03	4.765253047032642160e-05	3.783651965537916076e-05	-4.415893381042775836e-04	2.280922647917547365e-04	-7.649716216002265643e-05	7.316280384261409676e-04	-1.461985639491115020e-04	-4.533944889586428106e-05	-6.650416418474121381e-04	-1.397548350521539613e-04	5.956825497324072126e-04	1.075676815594891339e-03	9.969879643032951268e-06	-2.205233978528879798e-04	-5.297120271900278982e-05	-1.110187830543746517e-04	2.901504076228472381e-04	7.998386524371802180e-04	-4.084873208041714702e-05	-3.810407291164870998e-06	-2.645095376210488194e-04	1.518131959145721340e-05	6.425688927239156696e-04	1.843315898942411279e-03	-2.796701223099872359e-05	-2.036518583064961946e-04	1.953235948012990372e-03	7.641604981590279736e-04	2.225442944365337234e-04	-2.524719602715956818e-04	0.000000000000000000e+00	-9.817502805667150268e-05	9.402464325830224047e-04	1.344531251123542146e-04	-3.966158930750220937e-05	2.026762802340446442e-06	-1.182192737098999608e-04	1.341495654049785526e-10	8.969496328396521761e-04	6.793573817717578778e-04	-3.520894768452499006e-05	-7.217409919005284133e-04	1.010818156222822680e-04	-3.481262884573063340e-05	9.876741825969228422e-04	-6.168420899758499999e-05	2.311035309080583197e-04	-2.908007464566229883e-04	1.172553734274729730e-04	1.199725085535971518e-04	-1.759593867563631446e-03	-2.914714786613944444e-04	-1.236148776679102715e-04	7.602684271742336276e-04	-7.914503115337029077e-05	9.870115415912998971e-05	-1.995054447958170135e-03
-2.288925940820599842e-04	-7.301104793530383431e-06	-2.665401802891769652e-05	-4.432944457798441377e-04	-2.463892601622793153e-05	-5.513691365598450420e-04	-6.893800195078520019e-04	-6.696544107768536899e-06	-3.491772010890881379e-05	-3.128218273806726742e-04	3.595968479826169633e-04	1.055228145719432093e-06	9.887907361137622010e-04	-7.236370373671393414e-05	-7.165086693733948252e-05	-6.052496493475704835e-04	-6.801367559372443821e-05	4.819709087363912528e-05	7.332359509774207754e-04	5.285523147370498488e-05	5.453205733441912595e-05	1.556593784433358272e-05	-2.987887366952238937e-05	5.058394595443703505e-06	1.698930373526367794e-04	4.030939251895417162e-07	2.431217508839580174e-05	-1.211639327186051017e-04	5.952849737130224176e-05	2.248452267488587229e-04	5.570529607833379178e-04	1.091742344511096988e-05	-6.873477917219213574e-05	1.056875895031344267e-03	4.230436652943239261e-04	1.835659160084983908e-04	-2.664753211873291871e-04	9.817502805667150268e-05	0.000000000000000000e+00	5.799935262381528817e-04	1.218091433330373052e-04	1.420428245960687677e-05	5.520190418152267926e-05	-3.261254992611435210e-04	6.168305217000384362e-05	1.679982457339943914e-04	5.382919663387136788e-04	-2.069079764359237100e-05	2.258648108588015487e-05	5.474760221615695640e-05	3.575934592326292222e-05	-2.463031636643621359e-04	-3.897542808785868507e-10	-1.389485588713251795e-04	1.052451299291395903e-04	3.063879444015478828e-05	1.128932531499373883e-05	-1.035117888181964502e-03	-1.043515811742030120e-05	-5.708754784023282487e-05	9.864025748771818210e-04	-1.706220312591857447e-04	-5.716152263779831805e-05	-1.450016818879385026e-03
-1.863950712351278836e-05	-8.523393916130062638e-04	-2.711819923589318601e-03	-6.876924868713576305e-06	-1.802619747730298348e-03	-2.852557022252313250e-05	-6.540996237329980848e-05	4.201056055845838258e-04	-5.530197076252223870e-04	-6.497339233786093951e-06	3.584605426657482414e-05	4.731835218129349968e-04	8.254326344516878223e-05	8.966248947774074947e-04	6.772738221355107573e-05	-1.361571112476419893e-04	-2.243309344465891329e-03	6.748701635630248810e-05	5.157653056729790948e-05	7.732620731545687036e-04	5.245516076535904494e-05	-1.045702677055955962e-05	-8.082943351501886177e-04	-3.706750898948856681e-05	1.561770935152082375e-05	1.819504974786372823e-04	1.120980666686412935e-04	8.483112885301866981e-05	2.243139399464717766e-04	1.463899024867778252e-04	1.504666872060007963e-04	6.967436480340485081e-04	-7.819618441481713568e-04	1.457908825112964879e-04	1.016306235282460856e-04	2.720704572690193232e-05	5.657218896972139458e-05	-9.402464325830224047e-04	-5.799935262381528817e-04	0.000000000000000000e+00	-3.764300436133876944e-05	5.977467520920313863e-05	-3.338424726913673236e-04	2.047266617975447350e-04	-7.602626582027276116e-04	1.998886318572081378e-04	1.163031140515485883e-05	2.397441272177138621e-03	-4.655344017432864025e-05	-1.130178269993422903e-04	-9.260464724236828864e-04	1.609857389186082036e-04	-9.863988532233837481e-04	4.604155640855424250e-05	-2.695543408892810784e-05	1.627822114800757131e-03	8.157896264208201146e-05	-7.136054642139355976e-05	-2.053454413391320356e-05	7.738244602027303035e-04	1.633107873125840036e-10	2.795235319424263162e-03	9.103789079495498444e-04	-2.558427644134885566e-04
-6.512077254068384942e-05	-2.800851093191867452e-04	9.300817395288867517e-05	6.022500790217010229e-05	4.414808994963924718e-04	1.645514422726030660e-10	-1.533175915090652489e-05	-3.298882766944599568e-04	3.511349488884735626e-04	1.882363088545631590e-05	4.573215846765084152e-05	-4.714054481089011042e-04	5.334264837686507473e-05	-4.516201364201539981e-04	-1.009900276039708334e-04	-8.659898701067292673e-06	6.564075677401446838e-05	8.628373894841364906e-05	8.992681339176552819e-05	-3.441722961841426525e-04	4.855035018071907202e-05	-2.583828582304532103e-04	-2.561871721619890432e-04	2.155630814427701331e-05	3.550318199475205485e-05	2.069089531183845149e-04	3.003030499516250043e-04	4.231534574444056502e-07	5.395363464865793698e-05	5.437889610134484714e-05	2.750835550286304321e-05	3.460335432072130825e-04	-2.236765868158548511e-04	9.532684757736272093e-05	6.705800029477027848e-05	9.684143504852986493e-05	1.930291102656209388e-05	-1.344531251123542146e-04	-1.218091433330373052e-04	3.764300436133876944e-05	0.000000000000000000e+00	2.467778023719496968e-04	3.481626574634730459e-04	2.939004916001006218e-05	5.102296192746023657e-04	5.643043753295192647e-05	-2.489951013675439266e-06	-3.998182048048792186e-05	-3.002212057951645239e-05	-4.512383127647127750e-05	4.581646191452447845e-04	7.192715066360849240e-05	5.513683153594301899e-04	1.522869062556129037e-05	-1.234437983318146911e-05	-4.185845772855099249e-04	2.737896447627604659e-04	-4.325036507741877010e-05	-2.546929304279141104e-06	-3.882776206785785978e-04	2.852548515030611391e-05	-8.706303504647124850e-05	2.331459803468990152e-04	-7.219324782279642810e-05
-1.350474224891746230e-03	3.884924462651127472e-05	9.683287193987831552e-05	9.033178400317680478e-04	3.457150928319167339e-05	4.516190842331506200e-04	-4.986902995192376295e-04	-2.911038628670301745e-05	1.387792013796835524e-04	-4.896279437137599898e-04	-1.837637693529463063e-03	-5.728166926621758927e-05	-2.084407759679680200e-03	1.437292021545833484e-09	1.277389384150673488e-04	5.722593805176819093e-04	2.611024213793552181e-04	-6.483182269198331255e-04	-1.723000943731969013e-03	-4.629838641849067356e-05	-7.611937253027510879e-04	2.709280044888198234e-05	9.875622816440649107e-05	2.032252333537362568e-04	1.465070084568323059e-04	3.246897081365276278e-05	9.460804080442094459e-05	2.928355208742935371e-04	2.173884088966823009e-04	9.074352600543482287e-04	1.651468844744902621e-03	-1.411696158762630908e-04	1.392485501679841638e-05	-9.988382210162913624e-04	-6.236998398479836041e-04	1.384760093915461958e-04	-6.478003239930668026e-05	3.966158930750220937e-05	-1.420428245960687677e-05	-5.977467520920313863e-05	-2.467778023719496968e-04	0.000000000000000000e+00	7.483447166028729235e-05	1.221731923556757101e-03	1.461980301559224083e-04	2.585807086443013634e-03	9.855751348921402456e-04	-3.360263709128884137e-04	-1.012700459672940395e-03	5.690240181090816632e-05	7.895826954983960070e-05	2.497796135724124691e-03	7.236346984565016375e-05	2.144398497850587629e-03	3.211864669098617913e-04	-1.653552856709181596e-04	3.176453122720873646e-05	3.494694594825157674e-04	-3.238181386496296146e-04	-5.016495506293858854e-05	-8.966274209522915716e-04	-3.076616666803181634e-06	5.298294361527899492e-05	1.309634950605013167e-03
-1.053023620354151882e-03	1.665026009002170895e-05	-4.673634151940148475e-05	5.668163448394433930e-04	-7.235066693736385299e-05	2.583832385839283799e-04	-3.612582117777737465e-04	2.692764980003046579e-05	6.501128490302813547e-05	-5.417624792022576220e-04	-6.046314834444472402e-04	-5.235461363313858555e-05	-8.281265994611696608e-05	-2.709104035558699072e-05	1.013084128508619632e-04	-5.295890149515374186e-04	2.462585016795012041e-05	-1.989542479099804873e-04	-3.512443152941091941e-04	-2.978173730975882500e-05	-3.740349445479578645e-05	4.646925091833400794e-10	1.207450644611534562e-05	7.015965369103132157e-05	5.400208048979243902e-05	-1.164811930776293122e-05	4.640853665789521293e-05	8.392874911975655621e-06	1.816715659705208589e-04	9.305661944773396354e-05	6.920004665041117227e-04	-1.081739795408004779e-04	-5.827324774154798200e-05	-1.324275026635000278e-04	-4.402397379332841781e-04	6.201021766211936429e-05	-9.140218737466529334e-05	-2.026762802340446442e-06	-5.520190418152267926e-05	3.338424726913673236e-04	-3.481626574634730459e-04	-7.483447166028729235e-05	0.000000000000000000e+00	6.192640084636138282e-04	5.297076067681445472e-05	1.076137411783201735e-03	3.016961501320021056e-04	-1.964982794069459050e-04	-1.062313640904425076e-03	-1.936270103427428649e-05	-3.910545914875085221e-05	1.499081346501295953e-03	-1.556636618165318245e-05	1.044912343679562511e-03	-6.510433486312943189e-06	-4.704735070161625136e-05	4.392082512316422473e-05	-1.502296779500243945e-04	8.039677775464402066e-05	-4.083696162295358842e-05	1.045469850589441344e-05	-1.017776861577580040e-05	9.282907412843242521e-05	-2.926851439042732570e-04
2.044035171150143844e-04	-8.212405674399591606e-04	-4.808010826075923092e-04	-1.610647499303296832e-04	1.025720506772869313e-04	-5.437939663424513057e-05	6.587514159018441687e-05	-2.171896253194942751e-04	-1.801816648176802951e-03	-3.570248280249240739e-05	-1.531382842930118849e-04	4.080913631837847699e-04	-1.609134416050586418e-04	-9.074403730896316977e-04	-2.857121376090672286e-03	7.313666429116985460e-05	-4.782992084192762587e-04	-1.651718680786485498e-04	-1.468534330543155365e-04	-4.505849506753946019e-04	-2.667722027250495022e-06	-9.306056689627149599e-05	-1.788869251689696272e-04	-8.123472325137407574e-05	-6.487725582822234443e-05	-1.798956613062295421e-04	-7.467178718656723637e-04	5.315920573186310176e-05	-1.824280308992001862e-03	-4.045065665939610996e-10	-8.932517451459341218e-05	3.403592884018372816e-04	5.386167761148369024e-04	-2.074598438430347075e-04	-8.340849512781901907e-06	-1.940746205118840453e-03	6.096875655258559001e-05	1.182192737098999608e-04	3.261254992611435210e-04	-2.047266617975447350e-04	-2.939004916001006218e-05	-1.221731923556757101e-03	-6.192640084636138282e-04	0.000000000000000000e+00	-6.425645984802106844e-04	-2.325780084869201458e-04	-1.143798870543084358e-04	-5.362568535427126746e-04	1.422131015740795530e-04	-2.807751948667436964e-03	-1.050400243383636540e-03	-2.194500133168062568e-04	-2.248418403524845232e-04	-1.243460419741664979e-04	9.641586181785517917e-06	-6.784493513930929228e-04	-8.714332744732148977e-04	8.613503090307423596e-05	-6.153596566968024613e-05	1.338424596708681332e-03	-1.463898473531156496e-04	-4.653313510383233357e-04	-1.013843719882458931e-03	3.128903475947117699e-04
-1.939951762761992979e-03	3.783647193942624745e-05	-1.397541504382071565e-04	7.998362876035897649e-04	-2.036519556608165464e-04	1.344558624774138550e-04	-7.217355043919000332e-04	1.199723310032660927e-04	5.226883115171536599e-06	-4.415891580730744222e-04	5.956780244271627509e-04	-4.084796535880152015e-05	1.953226626083571886e-03	-3.966051958597272692e-05	1.010820558284897047e-04	-1.759588327118046056e-03	-1.659886890100621638e-04	2.280882073868989023e-04	1.075665509674530399e-03	-3.811311196052591214e-06	7.641547943162045695e-04	2.027129461467140018e-06	-3.481167190845301873e-05	-2.914706943822505374e-04	5.121599016104456861e-04	-7.649711834216397252e-05	9.969961739917690381e-06	-2.645089872609031789e-04	2.225449576102349531e-04	-1.182232943088086974e-04	9.876655936740205179e-04	-1.236142450606706486e-04	-1.085440494868030251e-04	7.316157682074127429e-04	-2.205304592965111202e-04	1.517811624642631280e-05	-2.524728931590086711e-04	-1.341495654049785526e-10	-6.168305217000384362e-05	7.602626582027276116e-04	-5.102296192746023657e-04	-1.461980301559224083e-04	-5.297076067681445472e-05	6.425645984802106844e-04	0.000000000000000000e+00	8.969425153335572592e-04	2.310993539983738181e-04	-7.914313626653966208e-05	-1.803603617446106807e-03	-4.533943698231564224e-05	-1.110185246037309392e-04	1.843310619964694079e-03	-9.817535645630804796e-05	6.793562320124503680e-04	-2.908016413421098817e-04	9.870190811131143846e-05	4.765114830806101739e-05	-6.650358755787165368e-04	2.901518804396049510e-04	-2.796494345528051221e-05	9.402438856967707025e-04	-3.520795863968142049e-05	1.172541180386882115e-04	-1.995042396961741946e-03
1.700432110823241845e-04	-2.252282953434664968e-03	-1.138912963591760157e-03	-9.555345606616440538e-05	4.756510185882875967e-04	-5.643040422472098366e-05	1.103816911708197413e-04	-7.816057513242628905e-04	-2.252284733810631413e-03	-6.981813356938499173e-05	-1.889841800053281939e-04	-1.356077240562601435e-04	-1.170024195084290279e-04	-2.585819493304971142e-03	-6.336239347372955508e-03	3.536535586773391967e-05	-1.138915379287990231e-03	-1.889847074699586523e-04	-5.619170329220130912e-05	-1.361962121353445503e-03	1.481603606866792452e-04	-1.076147074385651672e-03	-1.947662026543714453e-03	-1.358974073885120071e-04	-9.555421673782603744e-05	-1.356022531851332528e-04	-1.361948307349530787e-03	1.715158559694116296e-04	-3.645760364738311228e-03	2.325766796328995094e-04	3.630287775084774628e-05	1.150585349429315753e-03	4.756394704556430068e-04	-1.170039368010901155e-04	1.481599288979643277e-04	-3.645765529077566944e-03	1.417456644012922624e-04	-8.969496328396521761e-04	-1.679982457339943914e-04	-1.998886318572081378e-04	-5.643043753295192647e-05	-2.585807086443013634e-03	-1.076137411783201735e-03	2.325780084869201458e-04	-8.969425153335572592e-04	0.000000000000000000e+00	7.191341560503546754e-06	-1.016786005942726121e-03	1.103826846093728281e-04	-6.336234885275628462e-03	-1.947655904995430768e-03	3.630256501357954880e-05	-1.679890576551524965e-04	7.190148726383966736e-06	7.951292451059242415e-05	-1.638544993718355890e-03	-7.816006600730649161e-04	3.536508327256444656e-05	-1.358976416399179047e-04	1.150587497501238347e-03	-1.998887409570811809e-04	-1.016779031736113727e-03	-1.638530584485067571e-03	3.726982462198168622e-04
3.564279074130959784e-05	-1.025844682303969115e-03	-3.291519796182401712e-04	4.621414711613516999e-06	4.918484737820223197e-04	-1.522807215908915642e-05	3.157743997740127922e-05	-4.985433567454660136e-04	-7.458900447849896569e-04	-1.657771272611287678e-05	-4.592016863307032449e-05	-6.256872118720345531e-04	1.977380718948216760e-05	-2.144406894483202528e-03	-3.074288722881363817e-03	-3.286785049373538374e-05	-4.051126916456076555e-04	1.454720014218571718e-05	9.693531743724641682e-05	-1.459434961836924465e-03	1.024539348016991456e-04	-1.044917268770886431e-03	-1.213087203019234516e-03	-4.607108585723089771e-05	-3.407302326181710486e-05	7.235544340845590199e-05	-4.987708035565640045e-04	8.701554694144720344e-05	-1.781292471896781492e-03	1.243438463459066185e-04	4.336195624078729481e-06	7.263321555200001958e-04	-3.606941962448215536e-04	1.243326028023587033e-04	1.852166570020029150e-04	-1.749978612533770791e-03	6.693536044173584751e-05	-6.793573817717578778e-04	-5.382919663387136788e-04	-1.163031140515485883e-05	2.489951013675439266e-06	-9.855751348921402456e-04	-3.016961501320021056e-04	1.143798870543084358e-04	-2.310993539983738181e-04	-7.191341560503546754e-06	0.000000000000000000e+00	-4.301796085797969516e-04	4.450090916626370832e-05	-2.835827212508871577e-03	-6.537361095910404832e-04	7.428176231787344728e-05	1.389532158371253358e-04	-1.385009619792471882e-10	9.457908536854248981e-06	-9.242983400587676500e-04	1.017862218000311725e-04	-6.113570807365296391e-05	-9.397377682901741610e-05	2.288034001089897746e-04	-4.604218590467100842e-05	-5.550843637492559358e-04	-8.787859694472134337e-06	3.506648129004052896e-05
1.929457170195232672e-04	3.763421047022176222e-05	1.746419648724791798e-04	7.945244270427887293e-05	2.170575556462144430e-04	8.706089867814012029e-05	-4.886946250635707477e-05	-1.327059657408692433e-04	1.153185467692502332e-04	4.926611919018982128e-06	-2.599779956806586197e-03	-4.424273995687570124e-05	-5.711241293863312737e-03	3.078971196318306292e-06	-6.547485703253512631e-05	2.526575593221378358e-03	2.407802027111816709e-04	-2.050949397561827904e-03	-4.817153327718422945e-03	5.699050718864201827e-05	-2.471586267414344583e-03	1.017916689557424998e-05	2.028263469990071639e-05	4.234069084151000648e-05	1.222079650955142105e-04	1.360018329687902306e-04	1.822926397354301530e-04	1.974592947664677799e-04	9.422186769729994787e-05	4.653358277457222687e-04	6.512026052902070931e-04	4.993266107156732532e-06	3.905134754469940915e-05	-4.198667481199186077e-03	-1.902231069202742816e-03	3.267774774483675634e-04	1.592686496521933761e-04	3.520894768452499006e-05	2.069079764359237100e-05	-2.397441272177138621e-03	3.998182048048792186e-05	3.360263709128884137e-04	1.964982794069459050e-04	5.362568535427126746e-04	7.914313626653966208e-05	1.016786005942726121e-03	4.301796085797969516e-04	0.000000000000000000e+00	-5.222822212490133302e-05	2.635115831888360546e-04	2.234727814238532005e-04	6.563714254912030293e-04	1.706221793989413341e-04	5.550828836106116906e-04	1.063105683647608854e-04	-1.985862791588626918e-04	2.271561458510790830e-05	2.285433534066406459e-03	-2.050791458194779315e-04	-1.591529352354881168e-04	-2.795240778262368664e-03	4.907396608015376395e-10	-6.047364208140691157e-05	5.529370511922173520e-03
4.001431154495358573e-05	-1.474964846740886495e-04	3.202692797882839102e-05	6.278466199583494740e-06	-3.549101762868530100e-04	1.533181960975255382e-05	9.626327939964509934e-11	-1.529848883783966143e-04	6.818211568314655555e-04	9.021160326171736177e-05	6.026282219859151819e-05	-7.905370344146152382e-05	-3.863188692262108353e-05	4.986942237274409172e-04	2.063662415651052601e-03	5.421623159407339739e-05	1.108984081883762553e-05	1.513763718451466289e-04	-1.186353049696791946e-05	6.254234718164822108e-04	-8.484087926479119191e-05	3.612626463252523222e-04	6.188428470552873300e-04	6.907556709787900356e-05	2.520886342316652090e-05	6.156083173992719232e-04	1.023377611970100690e-03	-5.254585517096415910e-05	2.306756853557940558e-03	-6.587558911537620752e-05	-7.597242008177280395e-05	3.231916073589635946e-04	-7.137376073846930921e-04	1.693011862170050431e-05	-5.887566754451938479e-05	2.308161476245530405e-03	-7.119373014752961677e-05	7.217409919005284133e-04	-2.258648108588015487e-05	4.655344017432864025e-05	3.002212057951645239e-05	1.012700459672940395e-03	1.062313640904425076e-03	-1.422131015740795530e-04	1.803603617446106807e-03	-1.103826846093728281e-04	-4.450090916626370832e-05	5.222822212490133302e-05	0.000000000000000000e+00	2.239701302738838530e-03	1.675777570717665657e-03	-1.278580933884217868e-04	6.893763017324930570e-04	-3.157720683566304400e-05	-2.233604756021162594e-05	3.795290840235367494e-04	4.270320155922363104e-04	1.391499704747313710e-05	3.482156426456763109e-05	-6.924033481818603689e-04	6.540951596674957416e-05	4.886387825020443683e-05	7.260749106238666237e-04	-6.270225922853082294e-05
-4.250132083007757133e-03	1.120776209650470193e-04	1.773953113674539605e-04	2.214090636962617355e-03	1.085414814698701608e-04	1.009882491136486710e-04	-2.063662689936368849e-03	-1.411388946619182352e-05	2.487510723510536056e-04	-8.745986950681902098e-05	-1.197494001902781681e-04	-1.547876997886280122e-04	-2.901115727077160098e-04	-1.277338831451678002e-04	5.695733672087064520e-09	-1.305811490812709035e-04	4.917478407991681972e-04	3.384621613602275744e-04	5.445125429248283931e-04	-2.494556243263997041e-04	1.239980459269226934e-04	-1.013060794581870550e-04	4.193403854163515641e-05	1.326902109591692196e-05	2.416123010066063490e-03	-2.886520785324532764e-06	3.673227219820822777e-05	1.544244526045238032e-04	4.724254483817505695e-05	2.857119846127921178e-03	5.420911225561355663e-03	-1.153463162898888414e-04	2.032943003398587320e-05	7.283688336516746728e-04	4.907822665706953590e-04	-1.166042702450887958e-05	1.628135237318617946e-04	-1.010818156222822680e-04	-5.474760221615695640e-05	1.130178269993422903e-04	4.512383127647127750e-05	-5.690240181090816632e-05	1.936270103427428649e-05	2.807751948667436964e-03	4.533943698231564224e-05	6.336234885275628462e-03	2.835827212508871577e-03	-2.635115831888360546e-04	-2.239701302738838530e-03	0.000000000000000000e+00	1.832090599196065355e-05	5.432409528337211677e-03	7.165038137899584151e-05	3.074282850762625075e-03	2.720742315613723151e-04	-1.184398148807242271e-04	9.640340140094119095e-05	-3.086198473795801812e-04	-1.422592126874732050e-04	-1.011541451209561871e-04	-6.773232150742770387e-05	6.548043629615865548e-05	8.749147778537764725e-05	-3.533204259372733653e-04
-1.649783452052785548e-03	-1.386146952562474658e-05	-5.241926119682533195e-05	9.080916920423205609e-04	-5.216201489299905831e-05	2.561876718477095784e-04	-6.188410120798563951e-04	3.470918978323790314e-06	3.336961621683035505e-05	-4.007724855601257213e-04	4.743322415720614520e-04	-7.146266517854093885e-05	1.549454115963148828e-03	-9.875333311870633350e-05	-4.192833149493906543e-05	-1.658721766941739003e-03	6.819295380654310601e-05	6.581431315747867956e-04	1.362293934505931069e-03	-6.337328491984434132e-05	7.172276958252524204e-04	-1.207305946210276054e-05	1.657325272782315798e-09	-1.825363089709656627e-04	5.883601465825840813e-04	9.156468672741727469e-06	6.028585208646853200e-05	-1.948400214883886218e-04	1.710230963611556734e-04	1.788848024456223776e-04	1.344645451887744236e-03	-6.332716605688055219e-05	-7.083571393448814260e-05	1.539442243605417763e-03	1.033937142669768812e-04	1.116452145869290696e-04	-2.008936247675895538e-04	3.481262884573063340e-05	-3.575934592326292222e-05	9.260464724236828864e-04	-4.581646191452447845e-04	-7.895826954983960070e-05	3.910545914875085221e-05	1.050400243383636540e-03	1.110185246037309392e-04	1.947655904995430768e-03	6.537361095910404832e-04	-2.234727814238532005e-04	-1.675777570717665657e-03	-1.832090599196065355e-05	0.000000000000000000e+00	2.222136539002974621e-03	2.987848401157376828e-05	1.213082848347136339e-03	-7.723787419849377891e-05	-6.174976426961519948e-05	4.039185983991978461e-05	-8.670872896562045132e-04	1.689677425625265336e-04	-5.509913878026074336e-05	8.082869188997894496e-04	-2.028077197467357336e-05	6.813922434347888582e-05	-2.049689752044359450e-03
1.358986106713195208e-04	-1.117997502890235879e-03	-2.168632857595048722e-04	-1.087646069469116658e-04	7.133890309519348456e-04	-2.750866295249830611e-05	7.597175164320246711e-05	-3.321163525610987266e-04	-1.987313811711583465e-03	-9.101163327627205210e-05	-1.399347446447595151e-04	1.953536568097143350e-04	-3.953018264660955678e-05	-1.651481113424207959e-03	-5.420916620926502505e-03	-1.858053173206010433e-05	-2.671905180291979289e-04	-2.137550020763847344e-04	-5.120909186764584578e-05	-1.147432893942675839e-03	1.335792779085928021e-04	-6.920106990419576300e-04	-1.344652854466358346e-03	-1.251886228613260010e-04	-6.129425515404154446e-05	-6.249753422681706728e-04	-1.997465623636082363e-03	1.160930761571659969e-04	-4.462095435518668995e-03	8.932463116160521276e-05	-1.316652262346584151e-10	6.614352975040571278e-04	1.512632949340230858e-03	-1.331459177540128547e-04	9.825098002228758185e-05	-4.461636923240926145e-03	1.267384519500860712e-04	-9.876741825969228422e-04	2.463031636643621359e-04	-1.609857389186082036e-04	-7.192715066360849240e-05	-2.497796135724124691e-03	-1.499081346501295953e-03	2.194500133168062568e-04	-1.843310619964694079e-03	-3.630256501357954880e-05	-7.428176231787344728e-05	-6.563714254912030293e-04	1.278580933884217868e-04	-5.432409528337211677e-03	-2.222136539002974621e-03	0.000000000000000000e+00	-5.570460679946711516e-04	-4.337458116777243022e-06	4.312853791772820088e-05	-1.121462074234558758e-03	-1.145536791024927802e-03	3.649772697237205709e-05	-8.693347620060648366e-05	1.573342704545154132e-03	-1.504659386216425582e-04	-6.511961611990228164e-04	-1.978699145156963268e-03	2.675550112006895142e-04
-2.288857641528063681e-04	-3.491748028202703062e-05	-6.801334086020560817e-05	1.698902932045708264e-04	-6.873478321547124787e-05	1.218101310072269047e-04	2.258994117902759707e-05	1.128930429969807128e-05	-7.301327930992917612e-06	-3.128226968958983372e-04	4.819343219740098697e-05	4.034311644438488581e-07	1.056868565260089907e-03	1.420471366530953511e-05	5.474781787827368842e-05	-1.035114619691933791e-03	-2.665388860519801338e-05	3.595924197748864501e-04	7.332265488777065399e-04	2.431273509398098644e-05	4.230388760801788721e-04	5.520248734256671041e-05	3.576021448118567021e-05	-1.043422858130600865e-05	-4.432978514547320729e-04	1.055148037897067125e-06	5.285520617795759523e-05	-1.211632981439104983e-04	1.835659498304048208e-04	-3.261300812255928713e-04	-2.463123179878052996e-04	-5.708755080472419563e-05	-2.463868169167086181e-05	9.887815099784646143e-04	5.452754772905522818e-05	5.952959383789691180e-05	-2.664751372597076815e-04	6.168420899758499999e-05	3.897542808785868507e-10	9.863988532233837481e-04	-5.513683153594301899e-04	-7.236346984565016375e-05	1.556636618165318245e-05	2.248418403524845232e-04	9.817535645630804796e-05	1.679890576551524965e-04	-1.389532158371253358e-04	-1.706221793989413341e-04	-6.893763017324930570e-04	-7.165038137899584151e-05	-2.987848401157376828e-05	5.570460679946711516e-04	0.000000000000000000e+00	5.382881329450054210e-04	1.052439696109491431e-04	-5.716130091670834374e-05	-6.696802387616271806e-06	-6.052448122627221514e-04	5.059680232080955487e-06	1.091711013321510260e-05	5.799903830327290781e-04	-2.069164361995278010e-05	3.063805154653133952e-05	-1.450007843981312473e-03
3.564254544071414213e-05	-7.458878300895396222e-04	-4.051091375421332413e-04	-3.407271826073593745e-05	-3.606878549599152532e-04	2.489785845819013599e-06	4.449992404765322279e-05	1.017839183684417432e-04	-1.025845724928826225e-03	-1.657823169916774201e-05	1.454658143020674842e-05	7.235276348404698116e-05	1.243333795003845040e-04	-9.855819542820844735e-04	-2.835830499643822531e-03	-6.113610918357634304e-05	-3.291544658994474530e-04	-4.592035215435640337e-05	9.693450383183865328e-05	-4.987776118372202637e-04	1.852164888310637453e-04	-3.017020222494568808e-04	-6.537402360612890994e-04	-9.397329127743355879e-05	4.620812261811557711e-06	-6.256842098839685441e-04	-1.459429068847382591e-03	8.701611484792084127e-05	-1.749979231260434011e-03	1.143798948671038767e-04	7.428200919603090437e-05	2.288042411798578912e-04	4.918418573849290274e-04	1.977372046585551524e-05	1.024541976930038589e-04	-1.781294450137356749e-03	6.693539597263453245e-05	-2.311035309080583197e-04	1.389485588713251795e-04	-4.604155640855424250e-05	-1.522869062556129037e-05	-2.144398497850587629e-03	-1.044912343679562511e-03	1.243460419741664979e-04	-6.793562320124503680e-04	-7.190148726383966736e-06	1.385009619792471882e-10	-5.550828836106116906e-04	3.157720683566304400e-05	-3.074282850762625075e-03	-1.213082848347136339e-03	4.337458116777243022e-06	-5.382881329450054210e-04	0.000000000000000000e+00	9.457659993817397939e-06	-8.792474442460558419e-06	-4.985398018081654272e-04	-3.286911534833151290e-05	-4.607192293663953477e-05	7.263318706127182929e-04	-1.163023743780006180e-05	-4.301771184781987803e-04	-9.242912623950304447e-04	3.506498170845030542e-05
5.245943575613938359e-05	-2.922893853665334361e-04	-1.596488597511736560e-04	-1.497417793771195791e-05	-2.850016403220917947e-04	1.234450263697872959e-05	2.233598635393625352e-05	3.331846359525459583e-06	-2.922890202790421645e-04	3.436766899899615905e-05	3.426924010293734237e-05	1.189636233198175199e-04	2.935436938215760976e-05	-3.211880604597114851e-04	-2.720762919625341206e-04	-1.512664133169089454e-05	-1.596510496167899721e-04	3.426988095424793887e-05	3.131485254689167692e-05	-7.341666487376562503e-05	2.114539333177514830e-05	6.509011051871994397e-06	7.723513516635487639e-05	-1.622593390788214099e-05	-1.497421628894962678e-05	1.189643708443009410e-04	-7.341703952183393101e-05	1.525482280562128138e-05	1.968011008892865915e-04	-9.641984022994633550e-06	-4.312897842240655526e-05	2.075121060244228851e-04	-2.850037304976072100e-04	2.935451489056556171e-05	2.114542902961381870e-05	1.968036952823418520e-04	-2.367887904272896713e-05	2.908007464566229883e-04	-1.052451299291395903e-04	2.695543408892810784e-05	1.234437983318146911e-05	-3.211864669098617913e-04	6.510433486312943189e-06	-9.641586181785517917e-06	2.908016413421098817e-04	-7.951292451059242415e-05	-9.457908536854248981e-06	-1.063105683647608854e-04	2.233604756021162594e-05	-2.720742315613723151e-04	7.723787419849377891e-05	-4.312853791772820088e-05	-1.052439696109491431e-04	-9.457659993817397939e-06	0.000000000000000000e+00	1.767991891005136758e-04	3.333295384546336364e-06	-1.512719481885213064e-05	-1.622644778276310563e-05	2.075090535456100115e-04	2.695541431125914403e-05	-1.063126054631928415e-04	1.767992552961703250e-04	-3.339854571169347940e-05
-1.222400259852234137e-03	6.282228030407400825e-05	1.118711070225111468e-04	4.970944714480219056e-04	1.402524621829366689e-04	-2.331468031140130303e-04	-7.260807172618241948e-04	-4.278217049764108888e-05	9.795738475125304458e-05	3.229369111495469379e-04	5.853909619990953239e-05	-6.063155736604225888e-05	-1.616180929947094854e-03	-5.298079730988619515e-05	-8.748619687967904555e-05	9.604223808874820913e-04	1.531895538161995784e-04	-6.013041991449505179e-04	-1.103441739086154184e-03	-7.494883724001211612e-05	-6.079581286475002275e-04	-9.282863135143625921e-05	-6.813751083179848044e-05	-1.820919809617383821e-04	1.510118945986091074e-03	4.378655847475552640e-05	3.640975483276464247e-05	-5.832822699134367788e-05	-1.169927556786057440e-04	1.013850595136846222e-03	1.978712319595800004e-03	5.108718614618942594e-05	1.032526616644802658e-05	-1.558023946720717189e-03	-4.007360388352030180e-04	9.388546220485351928e-06	4.093851816620907094e-04	-1.172553734274729730e-04	-3.063879444015478828e-05	-1.627822114800757131e-03	4.185845772855099249e-04	1.653552856709181596e-04	4.704735070161625136e-05	6.784493513930929228e-04	-9.870190811131143846e-05	1.638544993718355890e-03	9.242983400587676500e-04	1.985862791588626918e-04	-3.795290840235367494e-04	1.184398148807242271e-04	6.174976426961519948e-05	1.121462074234558758e-03	5.716130091670834374e-05	8.792474442460558419e-06	-1.767991891005136758e-04	0.000000000000000000e+00	5.244958941909457200e-05	9.676439953316593422e-04	1.992399569971547611e-04	-9.958559977779992464e-05	-9.103803778549109018e-04	6.047706472289433172e-05	1.545988553144981952e-09	2.090080607479336168e-03
-6.398369331126355173e-04	-2.995938255781249769e-07	2.918600446306954347e-05	8.309933725520858919e-04	1.854504684689293472e-05	3.298886095720898227e-04	1.529862064723189804e-04	-7.868136412449979952e-11	5.778589458767612974e-05	1.817962879180598013e-04	1.256490427520365327e-04	-1.568822314050301610e-05	9.553264015144081415e-05	2.911038967734723833e-05	1.411427837425678928e-05	6.206233252016758609e-05	9.088457602128040334e-05	5.151233979276068076e-04	4.176727506588869465e-04	-5.732855427756284358e-05	5.409766242570961895e-04	-2.692766065757027809e-05	-3.470658262923452338e-06	1.262283252643552566e-04	1.854028293824502892e-04	8.545812659456005118e-06	-3.083239161362185321e-05	3.480064116402097676e-05	-6.999464468617245540e-05	2.171881869779481746e-04	3.321129329373656743e-04	-9.497274044135305864e-06	7.193218485398905127e-05	3.095052955228928717e-05	1.150295264910722418e-04	-1.820415392385179611e-04	4.487610137760344531e-04	-1.199725085535971518e-04	-1.128932531499373883e-05	-8.157896264208201146e-05	-2.737896447627604659e-04	-3.176453122720873646e-05	-4.392082512316422473e-05	8.714332744732148977e-04	-4.765114830806101739e-05	7.816006600730649161e-04	-1.017862218000311725e-04	-2.271561458510790830e-05	-4.270320155922363104e-04	-9.640340140094119095e-05	-4.039185983991978461e-05	1.145536791024927802e-03	6.696802387616271806e-06	4.985398018081654272e-04	-3.333295384546336364e-06	-5.244958941909457200e-05	0.000000000000000000e+00	4.349293868919977372e-04	1.388809676879305445e-04	1.882377043689110237e-05	-4.201092960847069356e-04	1.327060013897779544e-04	4.278229122865273657e-05	2.218136479813613972e-04
-9.875056742780741973e-05	1.024942059079402652e-03	2.698814723985535485e-03	5.872559983284419288e-05	1.070058085049000428e-03	8.660503633593899980e-06	-5.421498169819744385e-05	-6.205924215512617496e-05	1.918043449138031480e-04	6.319126306714181285e-05	1.254308709639147289e-04	-9.118244528331999094e-05	1.678370782427488406e-04	-5.722601955569159293e-04	1.305783967885136218e-04	3.026058716145275766e-10	2.584570972271867627e-03	8.215501597782068528e-05	2.122698154665636971e-04	-6.503078150893955344e-04	6.122909413735533356e-05	5.295910951736014678e-04	1.658725458951076578e-03	5.236612816472658661e-06	1.218539920905245327e-04	-4.101638998348802289e-04	-6.124574857240790756e-04	-9.597771779057283532e-05	-2.060093010972475027e-04	-7.313661229058181495e-05	1.858043770423519012e-05	-7.840236073323428485e-04	9.974649804828624247e-04	7.002473237706157653e-05	3.221638316136457293e-05	-1.342525401641592121e-05	-6.980625775893450576e-05	1.759593867563631446e-03	1.035117888181964502e-03	7.136054642139355976e-05	4.325036507741877010e-05	-3.494694594825157674e-04	1.502296779500243945e-04	-8.613503090307423596e-05	6.650358755787165368e-04	-3.536508327256444656e-05	6.113570807365296391e-05	-2.285433534066406459e-03	-1.391499704747313710e-05	3.086198473795801812e-04	8.670872896562045132e-04	-3.649772697237205709e-05	6.052448122627221514e-04	3.286911534833151290e-05	1.512719481885213064e-05	-9.676439953316593422e-04	-4.349293868919977372e-04	0.000000000000000000e+00	1.858119165537413782e-05	3.035299227872959851e-05	1.361568405423496057e-04	-2.526577696044090757e-03	-9.604250417698340049e-04	1.963458711792646916e-05
-8.869789289373428641e-05	2.854146775163123690e-04	1.775852068719267220e-04	4.901574430750048437e-05	2.661928208377183276e-04	-2.155551666299387480e-05	-6.907496179883162784e-05	-1.262278303490844901e-04	-2.518764638944857577e-04	1.870949552879955935e-05	5.391042675122175310e-05	3.555072163496675205e-05	7.420047832171905314e-05	-2.032247806241537554e-04	-1.327164837446335714e-05	-5.236422856146667426e-06	-3.382938402292311842e-05	2.538985428655143897e-05	7.492160581297184637e-05	-2.292670445625449914e-04	4.702173502540873853e-05	-7.015914320055601752e-05	1.825351379339767944e-04	8.721171315525120464e-11	5.204856253924309314e-05	2.889539944570287719e-05	1.424121046253478459e-04	-3.574010238175218164e-06	-9.534784075323357393e-05	8.123400860353912050e-05	1.251892015102182851e-04	-9.709920713510705357e-05	-2.227504858607752439e-04	3.112037808066048868e-05	4.598959577488924422e-05	5.597609906178825309e-05	6.304706624197268318e-06	2.914714786613944444e-04	1.043515811742030120e-05	2.053454413391320356e-05	2.546929304279141104e-06	3.238181386496296146e-04	-8.039677775464402066e-05	6.153596566968024613e-05	-2.901518804396049510e-04	1.358976416399179047e-04	9.397377682901741610e-05	2.050791458194779315e-04	-3.482156426456763109e-05	1.422592126874732050e-04	-1.689677425625265336e-04	8.693347620060648366e-05	-5.059680232080955487e-06	4.607192293663953477e-05	1.622644778276310563e-05	-1.992399569971547611e-04	-1.388809676879305445e-04	-1.858119165537413782e-05	0.000000000000000000e+00	2.775938635229458808e-04	3.706749782369099153e-05	-4.234232429751201007e-05	1.820892479228027278e-04	-5.233292259501625277e-05
1.141356207729956988e-03	4.552591408847091311e-05	8.026564387865055641e-05	-7.577658315009311307e-04	-9.256431063741234861e-06	-3.460338091793929097e-04	-3.231906656513695289e-04	9.496385149396764270e-06	-1.793796590583952180e-05	-2.492339212659046722e-04	-8.359866576412775235e-04	8.139047199521621829e-05	-1.677704380068890553e-03	1.411694515347896640e-04	1.153449314208238497e-04	7.840184749207789600e-04	-5.589098296302562698e-05	-1.041166647576595916e-03	-2.001762183124566538e-03	1.668963119172530763e-04	-1.508925814214125312e-03	1.081741026859356125e-04	6.332686149390270088e-05	9.710024268493914969e-05	-3.785469798182153909e-04	-2.320301933220813448e-05	1.469535831863942913e-05	-1.413906329044688779e-04	1.482376758302237176e-04	-3.403628993956276131e-04	-6.614376949009467517e-04	1.545890686531880980e-09	-2.611885489097210623e-05	-1.637516980603401749e-03	-8.376692951505325738e-04	2.728634044289989500e-04	-3.102699200060245492e-04	1.236148776679102715e-04	5.708754784023282487e-05	-7.738244602027303035e-04	3.882776206785785978e-04	5.016495506293858854e-05	4.083696162295358842e-05	-1.338424596708681332e-03	2.796494345528051221e-05	-1.150587497501238347e-03	-2.288034001089897746e-04	1.591529352354881168e-04	6.924033481818603689e-04	1.011541451209561871e-04	5.509913878026074336e-05	-1.573342704545154132e-03	-1.091711013321510260e-05	-7.263318706127182929e-04	-2.075090535456100115e-04	9.958559977779992464e-05	-1.882377043689110237e-05	-3.035299227872959851e-05	-2.775938635229458808e-04	0.000000000000000000e+00	-6.967371812940274323e-04	-4.992668382395541032e-06	-5.108730500007555020e-05	1.607126557626537781e-03
-1.863995300444511627e-05	-5.530226987607882909e-04	-2.243304725605195938e-03	1.561877178866447025e-05	-7.819580756116906520e-04	-3.764243827970011958e-05	-4.655387393980325611e-05	8.157546807045407719e-05	-8.523357342876494193e-04	-6.497425474768886231e-06	6.748695817271297705e-05	1.819486126203682529e-04	1.457903403716622501e-04	5.977276321334888692e-05	-1.130211114278190939e-04	-7.136087105023479710e-05	-2.711822915566685418e-03	3.584593113407525273e-05	5.157634531069415086e-05	1.120995109387755537e-04	1.016301306245775483e-04	-3.338462473403822810e-04	-9.260544973995854350e-04	-2.053462431132871196e-05	-6.876538752809000432e-06	4.731857040150964271e-04	7.732591184776648439e-04	8.483034794707494664e-05	2.720066807981892778e-05	2.047257340143311709e-04	1.609868841879459026e-04	7.738327988881664628e-04	-1.802622171870488579e-03	8.254346769557123508e-05	5.245586888528807170e-05	2.243165830537850606e-04	5.657234166912824489e-05	-7.602684271742336276e-04	-9.864025748771818210e-04	-1.633107873125840036e-10	-2.852548515030611391e-05	8.966274209522915716e-04	-1.045469850589441344e-05	1.463898473531156496e-04	-9.402438856967707025e-04	1.998887409570811809e-04	4.604218590467100842e-05	2.795240778262368664e-03	-6.540951596674957416e-05	6.773232150742770387e-05	-8.082869188997894496e-04	1.504659386216425582e-04	-5.799903830327290781e-04	1.163023743780006180e-05	-2.695541431125914403e-05	9.103803778549109018e-04	4.201092960847069356e-04	-1.361568405423496057e-04	-3.706749782369099153e-05	6.967371812940274323e-04	0.000000000000000000e+00	2.397440129068765038e-03	1.627822539731096094e-03	-2.558423081670709032e-04
1.929467250671210274e-04	1.153162818638120538e-04	2.407809692824672320e-04	1.222097881947208033e-04	3.905409244645750800e-05	3.998348501109632805e-05	-5.222716936164696676e-05	2.271324314930847860e-05	3.763263614953922970e-05	4.928793573313566107e-06	-2.050946024606142316e-03	1.360021037177975645e-04	-4.198668579605959600e-03	3.360256488160677079e-04	2.635078770747161956e-04	2.285434455011033442e-03	1.746401534604566038e-04	-2.599777087236514617e-03	-4.817150776542970629e-03	1.822945634433072561e-04	-1.902234518736998711e-03	1.964988476629080474e-04	2.234718262457473464e-04	-2.050765658165368255e-04	7.945280505561639305e-05	-4.424260476847243016e-05	5.698738755960366042e-05	1.974560130611371749e-04	3.267716536038192936e-04	5.362501167489496434e-04	6.563692811540448868e-04	-1.591499060989860206e-04	2.170557111173216725e-04	-5.711236732027062842e-03	-2.471585338707936799e-03	9.422735417666604056e-05	1.592662043814608414e-04	7.914503115337029077e-05	1.706220312591857447e-04	-2.795235319424263162e-03	8.706303504647124850e-05	3.076616666803181634e-06	1.017776861577580040e-05	4.653313510383233357e-04	3.520795863968142049e-05	1.016779031736113727e-03	5.550843637492559358e-04	-4.907396608015376395e-10	-4.886387825020443683e-05	-6.548043629615865548e-05	2.028077197467357336e-05	6.511961611990228164e-04	2.069164361995278010e-05	4.301771184781987803e-04	1.063126054631928415e-04	-6.047706472289433172e-05	-1.327060013897779544e-04	2.526577696044090757e-03	4.234232429751201007e-05	4.992668382395541032e-06	-2.397440129068765038e-03	0.000000000000000000e+00	-1.985867319705882528e-04	5.529368904868816811e-03
-1.222392061553776062e-03	9.795486551170334095e-05	1.531872449957844245e-04	1.510116153939272069e-03	1.032537745877804003e-05	4.185854510021273724e-04	-3.795242932711719486e-04	5.244844894661218236e-05	6.282217974959734353e-05	3.229363180151059070e-04	-6.013049171038311247e-04	4.378660889817024437e-05	-1.558028241461856516e-03	1.653555209877096300e-04	1.184392014693725118e-04	9.676467860823385024e-04	1.118716781536378867e-04	5.853779784281656527e-05	-1.103446777299819243e-03	3.641014564177167203e-05	-4.007401957141019499e-04	4.704787521105391085e-05	6.175006477489169163e-05	1.992432130995627792e-04	4.970907307248863607e-04	-6.063114770155546361e-05	-7.494859897212661896e-05	-5.832960164991169805e-05	9.389028241125293615e-06	6.784420061934339158e-04	1.121451467845217733e-03	-9.958552038051706823e-05	1.402524265025593421e-04	-1.616183214526378201e-03	-6.079607070016811035e-04	-1.169913509763738780e-04	4.093850167024587635e-04	-9.870115415912998971e-05	5.716152263779831805e-05	-9.103789079495498444e-04	-2.331459803468990152e-04	-5.298294361527899492e-05	-9.282907412843242521e-05	1.013843719882458931e-03	-1.172541180386882115e-04	1.638530584485067571e-03	8.787859694472134337e-06	6.047364208140691157e-05	-7.260749106238666237e-04	-8.749147778537764725e-05	-6.813922434347888582e-05	1.978699145156963268e-03	-3.063805154653133952e-05	9.242912623950304447e-04	-1.767992552961703250e-04	-1.545988553144981952e-09	-4.278229122865273657e-05	9.604250417698340049e-04	-1.820892479228027278e-04	5.108730500007555020e-05	-1.627822539731096094e-03	1.985867319705882528e-04	0.000000000000000000e+00	2.090083193894498505e-03
-3.145926309624770762e-05	1.748231960452979999e-03	5.561825246842583975e-03	5.019383382656413591e-05	2.171731587914107250e-03	7.219355308793359806e-05	6.270361890803614804e-05	-2.218061778281868381e-04	1.748222930630051767e-03	3.778511243448311554e-05	1.304669547436147683e-04	-9.259795290453427504e-04	2.418221227823387834e-04	-1.309632083261439654e-03	3.533241264071357020e-04	-1.963432534359089984e-05	5.561829088061082636e-03	1.304675397103057400e-04	3.197826795107743176e-04	-1.429440229658345430e-03	6.664419351023884641e-05	2.926918446566176323e-04	2.049704871764234434e-03	5.233309839628643448e-05	5.019445544749952595e-05	-9.259846484658164475e-04	-1.429438942269041762e-03	-1.747161837524000678e-04	-7.947949574169009210e-05	-3.128899558101357970e-04	-2.675565848252838062e-04	-1.607139885747347480e-03	2.171736900636646057e-03	2.418224990511331173e-04	6.664385347598929612e-05	-7.948339048834056710e-05	-1.461508556801499473e-04	1.995054447958170135e-03	1.450016818879385026e-03	2.558427644134885566e-04	7.219324782279642810e-05	-1.309634950605013167e-03	2.926851439042732570e-04	-3.128903475947117699e-04	1.995042396961741946e-03	-3.726982462198168622e-04	-3.506648129004052896e-05	-5.529370511922173520e-03	6.270225922853082294e-05	3.533204259372733653e-04	2.049689752044359450e-03	-2.675550112006895142e-04	1.450007843981312473e-03	-3.506498170845030542e-05	3.339854571169347940e-05	-2.090080607479336168e-03	-2.218136479813613972e-04	-1.963458711792646916e-05	5.233292259501625277e-05	-1.607126557626537781e-03	2.558423081670709032e-04	-5.529368904868816811e-03	-2.090083193894498505e-03	0.000000000000000000e+00
