0.000000000000000000e+00	2.731619316944791176e-04	-3.224133727583007526e-04	2.552766139386937472e-05	-7.825095484263234775e-04	1.893078272461859291e-05	-1.668291547780864637e-05	3.810853014117266064e-04	2.731560305483457388e-04	-2.494407989819483890e-04	1.848595441925574717e-04	-1.325424613956300147e-04	9.525747497838515194e-04	-3.798688346193321313e-05	8.154511355364054727e-04	-8.220373282951379994e-04	-3.224162450954038903e-04	1.848576218777652890e-04	3.048945465511126345e-04	3.771555670402043994e-04	1.076261977764471725e-04	1.484668038726468181e-04	2.233163314022897127e-04	2.653160116496212079e-05	2.552847607591994148e-05	-1.325523922377622361e-04	3.771385716781658587e-04	-8.001912919383193676e-05	1.682589615897981013e-03	-1.562425056591463764e-04	-1.409609163116033953e-04	-6.511138714879976912e-04	-7.824945341928032797e-04	9.525712095515218979e-04	1.076245106775527744e-04	1.682589194696900922e-03	-3.126249970155664136e-04	5.932108189802777400e-04	-9.177956426118424860e-05	8.712039702790939141e-04	1.893101586667692528e-05	-3.800178113332042511e-05	1.484573013100732512e-04	-1.562424070757023695e-04	5.932066807735503645e-04	-2.313879628392471056e-04	-1.099307457508578491e-04	-4.967523829471980849e-04	-1.668290089864999916e-05	8.154547845805752747e-04	2.233138078832198978e-04	-1.409612708777102847e-04	-9.178929431533682979e-05	-1.099309082221976706e-04	-6.680992851267330028e-05	3.774459806868150826e-04	3.810751148933455221e-04	-8.220353596671979741e-04	2.653328819010765394e-05	-6.511096143971009881e-04	8.712061226084831739e-04	-4.967536274506200583e-04	3.774274979285692022e-04	-1.784140523865312055e-03
-2.731619316944791176e-04	0.000000000000000000e+00	4.865073770059574949e-05	9.709456851720316552e-05	3.592569357544752803e-05	-1.120836359976422911e-04	-1.546226699411931357e-04	-2.483098721500613150e-05	-4.226830920981485299e-10	5.182025420360304090e-05	1.622647868607607563e-04	-4.112703593581805666e-05	1.842748955531337170e-04	-2.972765706683496432e-05	-1.905074096034258002e-04	6.128365442538606330e-05	-4.432853287693021017e-05	1.300672232268832264e-04	3.521000547015183191e-04	3.333812522630183257e-06	1.571248151986393547e-04	-5.995349363563731715e-05	-1.102316822966240614e-04	4.683915465613359259e-05	2.043791273493985260e-04	-1.384792267944863249e-05	-9.081786519267551379e-05	3.173194781153934835e-05	-1.364902359868573503e-04	4.063258704868893002e-04	4.705706194256393778e-04	5.294862596963082054e-05	1.276858280265401508e-04	2.967013153644829722e-04	3.470105083417586878e-04	-7.585115391850320334e-05	1.075511437056254438e-04	-8.551652055583380265e-05	6.538102985038772184e-05	9.042316071635923217e-05	3.382662041425717062e-05	-5.433115839752376765e-05	-7.730801560000770780e-05	1.505428174128913715e-04	-8.494998625877667642e-05	4.297833510003136004e-04	1.783602811096938112e-04	2.220913140457094392e-05	1.662525990151177816e-05	-9.234030579062760149e-05	-9.113457046574380141e-05	2.835634142326158417e-04	-3.580312976233708148e-05	1.277224480487548167e-04	6.578455750397446905e-05	-1.703787792251024261e-05	-6.485827778872768417e-05	-1.452575883124867617e-04	-7.265230899712464866e-05	-2.765037020490338215e-05	1.846385275050958547e-05	7.085502934773517793e-05	-1.571131327465239899e-04	-1.921391483366950302e-04
3.224133727583007526e-04	-4.865073770059574949e-05	0.000000000000000000e+00	-1.644400802173763792e-04	-4.473512939662644100e-06	2.123053906756692318e-05	1.854819999905108700e-04	-1.800446445895835317e-05	4.432758688031432251e-05	-2.080234229525765777e-05	5.698435400033772993e-04	-8.735616260284950144e-05	1.174023858587252677e-03	-1.391959948704768512e-04	-1.122730538099012376e-04	-5.468445262850369238e-04	1.274933974963627097e-10	5.322906664111046182e-04	1.163264799646712352e-03	-7.613536073360950302e-05	6.289142423097943569e-04	-8.706703050140275277e-05	-1.070378696477658671e-04	-1.324121839273497999e-05	-1.285687461836196874e-04	6.819723677592028942e-06	-4.195268427675328247e-05	-4.823382790150161718e-05	-6.076298586745537217e-05	-2.382209916015718288e-04	-3.041935018225045773e-04	6.699893375543264622e-05	-1.025165305394280422e-04	1.204892959634123410e-03	5.023988773966388873e-04	9.887963264991409126e-05	1.779977063292095733e-06	-5.025787831474410602e-05	-7.595085761182463098e-05	6.035770090283584625e-04	2.670111766840467017e-05	-5.362184772053993093e-05	-2.987160766909451975e-05	-2.150324375006877609e-04	-2.314655838197940909e-05	-3.561304465067460399e-04	-1.546299030689486545e-04	2.672640892818500620e-05	2.496159573595335690e-04	-8.297918430473836095e-05	-4.139598897915764775e-05	-3.982337574213071587e-04	-2.264148811555671088e-05	-1.641292675024249963e-04	3.535546064953128576e-05	2.046112865854004539e-05	7.604233475743961109e-05	-6.772236635270484275e-04	-5.424353482168727827e-06	-1.179699708963974396e-04	5.625120361122636081e-04	-3.694756501420402021e-05	5.721524076372808029e-05	-1.303287519268678816e-03
-2.552766139386937472e-05	-9.709456851720316552e-05	1.644400802173763792e-04	0.000000000000000000e+00	3.673977577320484316e-04	-1.718064157776022629e-05	-4.001052317114620754e-06	-1.550671077545215306e-04	-2.043760099258955373e-04	1.288524671232123362e-04	-8.625888836861204424e-05	1.973806910720524860e-04	-4.540729138881512703e-04	2.243466421727457485e-04	-3.722794322317842094e-04	3.670346624195108148e-04	1.285703226312491336e-04	-7.451145818368694643e-05	-1.275319711878716692e-04	1.965885976908189454e-05	-4.496347340948664360e-05	6.682185139661342378e-05	-4.128496122920348541e-05	-3.243069249524184038e-05	-4.576881005860852910e-10	3.697066880505837260e-05	-2.533382353044484310e-04	2.744322420293128013e-05	-9.123220620287626845e-04	8.499991901538312571e-05	1.061496364647692781e-04	3.246288430707984854e-04	5.779753754367384418e-04	-4.202506869717656567e-04	-1.864492247867684667e-05	-8.534555407582445317e-04	1.405547612540830279e-04	-2.241986292201754178e-04	1.698952876763739185e-04	-4.052253964189022045e-04	-1.460892875614189213e-05	-6.340000115100976453e-06	-1.112979255883268781e-04	6.689214199305519484e-05	-3.349939263191144137e-04	1.102282222780181511e-04	6.927139724849072926e-05	2.495598031380619154e-04	-8.002380875779631153e-06	-3.273392456228032968e-04	-1.163214126182742511e-04	5.402089093628960218e-05	1.863191513289686867e-05	3.948775875420379108e-05	3.403653032233726377e-05	-1.290665044772944660e-04	-3.275747997832500623e-04	3.818446920477876726e-04	-3.578387678592395422e-05	3.980264238150660501e-04	-4.145051662472884133e-04	2.256810816680921393e-04	-3.922085597123645736e-04	8.327853261086760363e-04
7.825095484263234775e-04	-3.592569357544752803e-05	4.473512939662644100e-06	-3.673977577320484316e-04	0.000000000000000000e+00	6.675218614433849626e-05	3.685748436454967629e-04	-4.964011334361280794e-06	-1.276864416013507122e-04	-3.038502666820327457e-05	2.777054606588977512e-05	6.346285328911515711e-05	3.356889664540591445e-04	-8.171767051994808118e-05	-9.972480907826058831e-05	-2.030891896771456736e-04	1.025163082395490709e-04	1.649999622553182158e-04	2.698887523896985330e-04	-8.786750683931548946e-05	1.355043976042475632e-04	-2.618891291077042022e-05	3.435165489323231897e-05	4.203210877506826455e-05	-5.779827488174291757e-04	4.546671574883388059e-05	7.537737215477751502e-05	6.598159748224658426e-05	7.118979274011309516e-05	-4.142711852777917168e-04	-8.059706322742984930e-04	5.579895587306426784e-06	-1.485422250730816882e-10	4.420517648945975300e-04	1.007378964922241193e-04	-9.733833456673908165e-05	-1.247146397863339363e-04	1.690766647084147265e-05	-3.252465504534414096e-05	4.472257974086353127e-04	-9.034023227421367620e-05	1.730730469582487463e-05	5.158009361075284086e-05	-2.644986813585874447e-04	6.185420421659211737e-05	-6.720986959703359291e-04	-3.652549867151074848e-04	-4.159914251061633738e-05	3.447429054726103975e-04	-3.467460257390097617e-06	4.146256076688240277e-05	-6.751817701351934230e-04	1.399438680437905253e-05	-1.758478399606774271e-04	5.253559838397138537e-05	1.544790662300779729e-06	-7.663120582315023611e-05	-2.170151244442116443e-04	-4.385696633152614502e-05	1.429965639240729090e-04	2.115604566011661247e-04	-7.587637454917629115e-05	7.979747243682897841e-06	-5.086365186220973347e-04
-1.893078272461859291e-05	1.120836359976422911e-04	-2.123053906756692318e-05	1.718064157776022629e-05	-6.675218614433849626e-05	0.000000000000000000e+00	3.328736556579944018e-06	8.727235184998094117e-05	-3.382845112980152678e-05	6.743389455092095420e-06	4.175544042178530715e-05	2.994871130716366764e-05	4.097885109948007679e-05	7.177194060294525091e-05	2.577271110096628141e-05	-3.792647608386087423e-05	-2.670109427536624489e-05	3.959951007270366349e-05	4.635238689257473952e-05	7.018699037676410049e-05	1.182951127795424035e-05	6.279205568546285081e-05	5.409967054974555625e-05	-3.589555034292351359e-06	1.460878522699046801e-05	-1.212179841297541719e-04	-1.024933906284284171e-04	-6.769561830262742187e-06	-3.792194669658022373e-05	5.242934579908184906e-06	3.165229158901746502e-06	-1.117592902718158188e-04	9.034043080134181690e-05	4.270481653654860425e-05	1.306607508699364649e-05	-3.297305659573623307e-05	1.788036997203472694e-07	5.453314527391144549e-05	9.324677176638648335e-05	7.619763492515401338e-06	3.261629483411097007e-11	-9.174521886653486406e-05	-8.355010352725748411e-05	-1.295390815265322641e-06	-8.784199157860802902e-05	-7.599720364855012021e-06	-6.057205587190090545e-06	-3.626638630020012893e-05	-1.241831374956639905e-05	4.082929169237615004e-05	-8.223895544791283863e-05	8.138174353786239588e-06	-4.904211104283644771e-05	-1.301720527659756199e-05	-7.559838730167981578e-06	7.527204256783562959e-05	-6.170822577650980558e-05	-3.097239099699433120e-05	9.100252987721881037e-07	3.918629986755136339e-05	8.992088619343052751e-06	-3.887718645134431413e-05	-9.857671708267840569e-05	-4.457161844687538026e-05
1.668291547780864637e-05	1.546226699411931357e-04	-1.854819999905108700e-04	4.001052317114620754e-06	-3.685748436454967629e-04	-3.328736556579944018e-06	0.000000000000000000e+00	1.889788872904794989e-04	-1.662776325998963019e-05	-9.913066286317131571e-05	1.199545942546372760e-04	3.034746470189983713e-05	4.917330767333109517e-04	3.412424478350034119e-05	4.106645835416621862e-04	-4.168925810669263246e-04	-2.496173147495142587e-04	1.128570420949739710e-04	1.952943905486928772e-04	2.785482781214196563e-04	7.115696612628184857e-05	1.736913101819731659e-04	2.261837695647618226e-04	-1.618346249611704094e-06	8.002686213723961934e-06	-6.350427797624519236e-05	1.905322154342458665e-04	-5.222883319756008831e-05	7.983867385372542431e-04	-8.125306416887324791e-05	-7.663727433938027878e-05	-3.532173498587996624e-04	-3.447354167623724276e-04	5.165480291703691655e-04	7.941253894509154904e-05	8.252567559177018206e-04	-1.676598474990388448e-04	4.502616884561628239e-04	4.036885048975566534e-05	4.571747741477225676e-04	1.241846466933233786e-05	-8.684747028169431115e-06	6.442920742857404859e-05	-1.077434849827779381e-04	2.667665548590926862e-04	-1.520625303969053328e-04	-5.551995175046179563e-05	-2.833568831412528518e-04	2.388435123050009152e-11	4.131696950741405115e-04	8.262721703562824589e-05	-1.173029647819803762e-04	-3.294951702853302994e-05	-9.214056005872576388e-05	-3.687900599774644533e-05	1.513867286622500757e-04	9.201486135979253722e-05	-4.166879692816419321e-04	-1.352578141004303972e-06	-1.916221304321708040e-04	4.399994789535382339e-04	-3.272674674449309708e-04	1.047209956483214933e-04	-9.109031990072097079e-04
-3.810853014117266064e-04	2.483098721500613150e-05	1.800446445895835317e-05	1.550671077545215306e-04	4.964011334361280794e-06	-8.727235184998094117e-05	-1.889788872904794989e-04	0.000000000000000000e+00	6.485846332488541066e-05	1.757102416857305886e-05	6.515561517493725831e-05	-4.142571065675511988e-05	-7.118219717321700043e-05	4.037912778375315700e-05	-4.130320933767807936e-05	1.297811784366174881e-04	-7.604265772337810919e-05	-2.756305369622108085e-05	4.748920234104076518e-05	6.089804315193806262e-05	1.585590871125931917e-05	-9.823954128901450498e-06	-7.374193711027567414e-05	1.784083658917520876e-05	3.275798829413123373e-04	-3.751594695181481603e-05	-9.249962465125900497e-05	-2.333980024576316363e-05	-1.011749023795343401e-04	3.262755574701984781e-04	4.735577050155722278e-04	1.618812505321078944e-05	7.663072115091969097e-05	-7.155223109437739413e-05	1.243797759178562345e-04	8.010784697613463078e-06	1.401862884004780757e-04	-5.047323979683473549e-05	5.569559983785752022e-05	-1.819970246384281377e-04	6.170724767513445421e-05	-4.167184190076620532e-05	-7.442373658516203438e-05	1.319314380955274196e-04	-8.424213638202215524e-05	3.896788303852417607e-04	1.892510469274842860e-04	3.708886362498730086e-05	-9.201976325326483149e-05	-4.619568733196199693e-05	-7.857828476642115612e-05	3.244009892856714733e-04	-3.699965675690424774e-05	9.094223291981047108e-05	8.265511728728710151e-06	-7.766144983922946026e-07	3.179318082254489720e-10	3.516373527283044313e-05	2.252819847680053054e-06	-8.219112298077515351e-05	-1.082788348523927384e-04	7.360542079619298596e-05	-9.345463638266482994e-05	1.596408579382088211e-04
-2.731560305483457388e-04	4.226830920981485299e-10	-4.432758688031432251e-05	2.043760099258955373e-04	1.276864416013507122e-04	3.382845112980152678e-05	1.662776325998963019e-05	-6.485846332488541066e-05	0.000000000000000000e+00	5.182020429190235290e-05	1.300609497005213611e-04	-1.384782271245544455e-05	2.966868330503000728e-04	-5.433092130422605484e-05	-9.233987978577985712e-05	-1.452500135654561384e-04	4.865162459837348886e-05	1.622576542165325795e-04	3.520850569657653579e-04	-9.081796457433938220e-05	3.470042133909462300e-04	-7.730774229833053349e-05	-9.113382280852448994e-05	-7.265195399908390590e-05	9.709127827145498755e-05	-4.112736518964480142e-05	3.333935622825921718e-06	3.173433734728438923e-05	-7.585028527854171621e-05	1.505400764045192186e-04	2.835569838398652827e-04	-2.765118140222100671e-05	3.592604177754658596e-05	1.842598147326794731e-04	1.571173903390427388e-04	-1.364901182163807112e-04	1.075517094321684478e-04	-8.494954093691605833e-05	-3.580275285561631583e-05	1.845677367836421365e-05	-1.120814804638934562e-04	-2.972744034414858397e-05	-5.995360384773213867e-05	4.063225644049877835e-04	-8.551644782581293072e-05	4.297770028812466212e-04	1.277195028619761683e-04	7.085436272147837818e-05	-1.546197740459237567e-04	-1.905065446136119749e-04	-1.102315490733047764e-04	4.705638344711757671e-04	6.538143934142385356e-05	1.783569071898531439e-04	6.578206404558421285e-05	-1.571137173283193686e-04	-2.483124831740936614e-05	6.129106586659293461e-05	4.683983543305014871e-05	5.294905951149003938e-05	9.041560933790574242e-05	2.220938304391959818e-05	-1.703785692468285761e-05	-1.921226621789080618e-04
2.494407989819483890e-04	-5.182025420360304090e-05	2.080234229525765777e-05	-1.288524671232123362e-04	3.038502666820327457e-05	-6.743389455092095420e-06	9.913066286317131571e-05	-1.757102416857305886e-05	-5.182020429190235290e-05	0.000000000000000000e+00	-7.045918902525476961e-05	5.196019976368973156e-05	-1.523321058382698205e-04	5.669858354018116720e-05	2.249145876141630859e-05	6.610158947897693915e-05	2.080256785708673985e-05	-7.045907156515087040e-05	-1.694336654570332027e-04	5.447593245990838245e-05	-9.348027207078357897e-05	9.115235053744376857e-05	1.039477813696181637e-04	7.578274336059140697e-07	-1.288526012767851354e-04	5.196102300169944859e-05	5.447796387430970663e-05	-7.269728947354049727e-06	2.034996318429290087e-05	-1.315182706571611630e-04	-2.679333547000000955e-04	6.134076511049999978e-05	3.038323761715991335e-05	-1.523320170684658672e-04	-9.348023846244231708e-05	2.034987169299939637e-05	-1.392463372570076888e-05	9.569726311267376753e-05	5.724986594852575614e-05	-7.123003797575175539e-05	-6.743378079857795655e-06	5.670043209934940679e-05	9.115312003963932028e-05	-1.315183992449629464e-04	9.569722868227296280e-05	-2.538764901324540389e-04	-1.070929007569891903e-04	-7.656379072051738865e-06	9.913077282701076860e-05	2.249139810011240701e-05	1.039476349877032464e-04	-2.679333670544482350e-04	5.725069601267419428e-05	-1.070928376866727783e-04	-9.396481037303929907e-07	-3.606948751730862357e-05	-1.757014492078803628e-05	6.610153485741383436e-05	7.577820270756616359e-07	6.134086888162236430e-05	-7.123007110965164893e-05	-7.656263787121319578e-06	-3.606739634952746334e-05	1.444419114157084565e-04
-1.848595441925574717e-04	-1.622647868607607563e-04	-5.698435400033772993e-04	8.625888836861204424e-05	-2.777054606588977512e-05	-4.175544042178530715e-05	-1.199545942546372760e-04	-6.515561517493725831e-05	-1.300609497005213611e-04	7.045918902525476961e-05	0.000000000000000000e+00	1.161693947473745774e-04	-2.360772193522198831e-04	2.460403838934473002e-04	1.378620822572633811e-04	2.190576280962312078e-04	-5.322918712399404926e-04	-6.652118716231184871e-11	4.570352091975330935e-05	2.034344804667053796e-04	-1.812220165190314979e-05	3.203635385311566215e-05	-9.227268334677611041e-05	1.379030934376154915e-05	7.451132823912159811e-05	2.026901716775256017e-04	4.294259385682701845e-04	-1.396331779664292008e-04	1.803045795124383626e-04	-2.368789074093608578e-04	-1.944043807918499742e-04	1.097291553446722853e-04	-1.650023117431651128e-04	-2.308864385469561534e-04	-9.795242860589157877e-06	5.114258560925366809e-05	7.710417183340157843e-05	-1.328032807946066644e-04	-7.600366792245724862e-05	-2.153619682534880619e-04	-3.960044344636750365e-05	3.951502765251279736e-04	1.223305229462689461e-04	-2.243023396459461148e-04	-9.290089234581161751e-05	-5.869408460542286168e-04	-2.835893049758112048e-04	5.243746352222105299e-04	-1.128591710694562468e-04	1.544591271997970613e-05	-1.354805938966873054e-04	-1.740866107283427081e-04	7.161799972709716292e-06	-2.846378724060050951e-04	-1.434816686153905286e-04	-3.215181694570479426e-05	2.756740626200206227e-05	2.020772847951909804e-04	-6.255592323040475552e-06	1.454562187121964634e-04	-2.315226495182904536e-04	5.613335595950582398e-04	1.959347913338485851e-04	5.169044120089919155e-04
1.325424613956300147e-04	4.112703593581805666e-05	8.735616260284950144e-05	-1.973806910720524860e-04	-6.346285328911515711e-05	-2.994871130716366764e-05	-3.034746470189983713e-05	4.142571065675511988e-05	1.384782271245544455e-05	-5.196019976368973156e-05	-1.161693947473745774e-04	0.000000000000000000e+00	-2.122716580264213167e-04	4.212470910365572266e-06	8.454048281415237390e-05	1.185405567531593089e-04	-6.820361654071714024e-06	-2.026859057021872137e-04	-3.339545283353116114e-04	3.671821608694414478e-05	-2.686512792600574207e-04	3.803372526818684990e-05	6.463842803788410855e-05	4.309305498475987086e-05	-3.696545955862540298e-05	-9.345985861315519164e-11	-4.367259642188366683e-05	5.895150941372191071e-05	9.651819643052661588e-06	5.957654537710456807e-06	-5.230440486139491718e-05	-3.387150297463944467e-05	-4.546682615083245211e-05	-2.106767164010260129e-04	-1.582879421550033847e-04	8.106132809515370857e-05	-1.040811037898129344e-04	5.066794837228685150e-05	4.019212266648222261e-07	-3.200589988448900361e-05	1.212166136938038499e-04	-2.309624487030081821e-05	-2.682163711772641106e-05	-2.037148109538716766e-04	-4.617137010067834396e-05	-1.199983961605954565e-04	4.530873842510690946e-05	-7.316011933724457864e-05	6.349947866956138164e-05	4.206596017210222505e-05	-2.425542059745019628e-05	-2.066966852446128168e-04	-9.235002957064104259e-05	-6.332245513048748468e-05	-4.052207405196815986e-05	7.476397806311589189e-05	3.751605518150510161e-05	1.774692035029769798e-05	2.105997097439731681e-05	-4.385841070169302439e-05	3.923191928515572019e-05	-4.045647678909402580e-05	5.512410564887512205e-05	1.399216245749269785e-04
-9.525747497838515194e-04	-1.842748955531337170e-04	-1.174023858587252677e-03	4.540729138881512703e-04	-3.356889664540591445e-04	-4.097885109948007679e-05	-4.917330767333109517e-04	7.118219717321700043e-05	-2.966868330503000728e-04	1.523321058382698205e-04	2.360772193522198831e-04	2.122716580264213167e-04	0.000000000000000000e+00	4.143293509694742508e-04	1.481103413114338309e-04	2.053983120940960916e-04	-1.204896300211271429e-03	2.308859931105843380e-04	5.869798460852420751e-04	4.077162533652460715e-04	2.317611522310200319e-04	3.359653409844667090e-05	-2.990900081844919409e-04	-3.949262247035753671e-06	4.202502049727283484e-04	2.106861955814498478e-04	5.158042483354530281e-04	-2.545767313092224451e-04	2.056436752678945891e-04	-2.175603756259963961e-04	2.015468988836478380e-04	1.580698473286941278e-04	-4.420574041462190266e-04	-6.379127642447217882e-10	2.177401632941500242e-04	1.813239548300631587e-04	1.709399528079420805e-04	-2.938184256274111892e-04	-2.165270831389036347e-04	-2.327771383761206045e-04	-4.270666164504160567e-05	5.246106964331802291e-04	3.316745605187505915e-05	-2.300487483533395871e-04	-4.086758079001038581e-04	-6.577426075061929261e-04	-3.154234983746968227e-04	1.198674058435093403e-03	-5.165523283431385773e-04	1.271394464065951104e-04	-4.085308971986214340e-04	2.328260134151494674e-04	-2.161557882475852253e-04	-3.360163277894815011e-04	-3.354737086199426500e-04	3.387551862638640788e-04	7.156236883951511336e-05	1.828168248981929987e-04	-3.816386881120871342e-06	2.751635556206560732e-04	-2.309616524168640905e-04	1.166631293486601129e-03	4.488315322416585283e-04	5.631465511378475368e-04
3.798688346193321313e-05	2.972765706683496432e-05	1.391959948704768512e-04	-2.243466421727457485e-04	8.171767051994808118e-05	-7.177194060294525091e-05	-3.412424478350034119e-05	-4.037912778375315700e-05	5.433092130422605484e-05	-5.669858354018116720e-05	-2.460403838934473002e-04	-4.212470910365572266e-06	-4.143293509694742508e-04	0.000000000000000000e+00	7.042724756341531929e-05	2.180314841598233848e-04	5.362144378321501734e-05	-3.951493552706976473e-04	-6.062447620156590465e-04	2.660962199344676053e-05	-3.089763768388071523e-04	1.307705653227089976e-05	1.563927653397402079e-05	-1.096170811218290597e-05	6.347566194307413653e-06	2.309556206675372362e-05	-1.674020099437659111e-06	1.001525615648949941e-04	-5.700896925715125189e-05	1.221497817381451360e-04	1.383646435920330526e-04	-3.546167955636010888e-05	-1.730721214227861314e-05	-5.246075848089466710e-04	-2.858563450177449734e-04	4.938928264555490777e-05	-1.017645481456864982e-04	-1.028792665889112878e-06	-2.921967776321080179e-05	-1.960322000414098517e-04	9.174458904160579659e-05	-5.624271600492204053e-10	-5.656974508508394922e-05	-2.398736230829973462e-05	-1.260180346805444727e-04	1.366870254135383537e-04	2.093765278093864433e-04	-7.769303590801586229e-05	8.677596118793218656e-06	-1.059673008668416099e-04	-1.019558023154041454e-04	-1.341387527676384341e-06	-6.169890444933921227e-05	3.048912210125176322e-05	3.738434532722929550e-05	-8.717538343564336205e-05	4.167180698400844031e-05	2.186525266037517138e-04	7.647534331878503785e-05	-5.046919824840838588e-05	3.532755930347332267e-05	-3.557049655813236731e-05	5.528101927048983450e-05	4.005894564227752488e-04
-8.154511355364054727e-04	1.905074096034258002e-04	1.122730538099012376e-04	3.722794322317842094e-04	9.972480907826058831e-05	-2.577271110096628141e-05	-4.106645835416621862e-04	4.130320933767807936e-05	9.233987978577985712e-05	-2.249145876141630859e-05	-1.378620822572633811e-04	-8.454048281415237390e-05	-1.481103413114338309e-04	-7.042724756341531929e-05	0.000000000000000000e+00	3.727857423637314440e-05	8.297907043482963306e-05	-1.544585601442619109e-05	-2.041715936205861794e-04	-1.249732045462445637e-04	-1.084421489605192425e-04	-8.362811227492005319e-05	-5.214838962730889435e-05	2.238750334562388309e-05	3.273374116820011791e-04	-4.206674240458218016e-05	7.455163258895413140e-05	4.023113961006084534e-05	4.897710008494919419e-05	4.469393835142013377e-04	9.023239128463806389e-04	-1.759192536517173000e-04	3.467692784995526225e-06	-1.271390212503700518e-04	-8.500255678291359458e-05	-8.095965931866720288e-05	-2.056345657348341657e-05	-1.071353588476414720e-04	-4.151306842178304423e-05	-7.627889352694068722e-05	-4.082935917434910153e-05	1.059665220191446076e-04	-1.582535103275079175e-05	4.516865786274664959e-04	-1.339671093859027607e-04	9.365873721241101818e-04	3.828323344549471865e-04	3.985038967586379446e-05	-4.131680243950133519e-04	3.488637065192121503e-10	-1.159728550349064234e-04	9.313694290522742114e-04	-1.540006457053790336e-05	3.874410808736135576e-04	-1.282103149606119607e-05	-9.474313841378275206e-05	4.619538149213067864e-05	5.956261205680126109e-05	3.026316353190883771e-05	-7.742723079031227872e-05	4.458845661463994571e-05	-8.439290265265157287e-06	1.225866060848932869e-05	6.045307928849441570e-05
8.220373282951379994e-04	-6.128365442538606330e-05	5.468445262850369238e-04	-3.670346624195108148e-04	2.030891896771456736e-04	3.792647608386087423e-05	4.168925810669263246e-04	-1.297811784366174881e-04	1.452500135654561384e-04	-6.610158947897693915e-05	-2.190576280962312078e-04	-1.185405567531593089e-04	-2.053983120940960916e-04	-2.180314841598233848e-04	-3.727857423637314440e-05	0.000000000000000000e+00	6.772254659877421489e-04	-2.020769498476272363e-04	-5.049482106050406406e-04	-2.738324359388585828e-04	-2.249580549287197046e-04	-2.697206051782836381e-05	2.037425278904893256e-04	4.058194491746305467e-06	-3.818445447968762843e-04	-1.775164293481278370e-05	-1.841683582693113153e-04	1.338803658609910921e-04	-7.426198567876712191e-05	-6.007052106715781125e-05	-4.832716172038375871e-04	6.503416658368291127e-05	2.170181475284476574e-04	-1.828160594528787427e-04	-2.122943624589531753e-04	-1.311693078295828323e-04	-1.005735175598313511e-04	1.450129168565919774e-04	1.030335973335932747e-04	3.107126305850443074e-05	3.097321883230084143e-05	-2.186542067117431111e-04	8.482435644976813903e-05	-4.795526205074799442e-05	3.826536801109384298e-04	-2.392512868478270432e-05	-7.699856338862657714e-06	-6.455828925829530923e-04	4.166902759674582461e-04	-5.956308918153412486e-05	3.550576654272290375e-04	-4.693552591163930232e-04	2.000289254916497780e-04	1.155517309776969974e-06	1.537353865794795324e-04	-2.320077160596007771e-04	-3.516910743779529520e-05	-1.880358128639783013e-10	-8.817777186165997837e-06	-7.561456118171702007e-05	1.859266798288336980e-05	-4.977344809165163558e-04	-1.682597146183776053e-04	-9.517399125415982783e-05
3.224162450954038903e-04	4.432853287693021017e-05	-1.274933974963627097e-10	-1.285703226312491336e-04	-1.025163082395490709e-04	2.670109427536624489e-05	2.496173147495142587e-04	7.604265772337810919e-05	-4.865162459837348886e-05	-2.080256785708673985e-05	5.322918712399404926e-04	6.820361654071714024e-06	1.204896300211271429e-03	-5.362144378321501734e-05	-8.297907043482963306e-05	-6.772254659877421489e-04	0.000000000000000000e+00	5.698450174895962816e-04	1.163267766731044487e-03	-4.195263745377191114e-05	5.024000126800291875e-04	-2.987114304168115672e-05	-4.139519434481034489e-05	-5.424216921656014692e-06	-1.644414165269854084e-04	-8.735627944577704668e-05	-7.613447071424998098e-05	-4.823382010709873771e-05	9.888027905365358609e-05	-2.150339852224305204e-04	-3.982367874954816393e-04	-1.179711563610777306e-04	-4.473356300021409288e-06	1.174026863713556728e-03	6.289156791215238466e-04	-6.076336140413200434e-05	1.779918039297896405e-06	-2.314601028307248411e-05	-2.264107855130006287e-05	5.625134633611089761e-04	2.123064681891383745e-05	-1.391951649063488553e-04	-8.706709490957230575e-05	-2.382225211728462096e-04	-5.025881809019756705e-05	-3.561334875201200992e-04	-1.641308092371190355e-04	-3.694714955209421636e-05	1.854836458804452499e-04	-1.122729797180948847e-04	-1.070388979566067365e-04	-3.041966253633147477e-04	-7.595115625264700252e-05	-1.546313478473988247e-04	3.535546663766643083e-05	5.721487809844702076e-05	-1.800504810581843616e-05	-5.468459390338665203e-04	-1.324107747100640724e-05	6.700026393370635421e-05	6.035788937957331859e-04	2.672711925002085865e-05	2.046117879383559156e-05	-1.303291294621913496e-03
-1.848576218777652890e-04	-1.300672232268832264e-04	-5.322906664111046182e-04	7.451145818368694643e-05	-1.649999622553182158e-04	-3.959951007270366349e-05	-1.128570420949739710e-04	2.756305369622108085e-05	-1.622576542165325795e-04	7.045907156515087040e-05	6.652118716231184871e-11	2.026859057021872137e-04	-2.308859931105843380e-04	3.951493552706976473e-04	1.544585601442619109e-05	2.020769498476272363e-04	-5.698450174895962816e-04	0.000000000000000000e+00	4.570353174561912757e-05	4.294250769179392920e-04	-9.794820837748935416e-06	1.223260402609716068e-04	-1.354892050867910318e-04	-6.255619128095345220e-06	8.625684992187118596e-05	1.161733821757333213e-04	2.034357450097111692e-04	-1.396330604080330776e-04	5.114167490386428488e-05	-2.243041467413377352e-04	-1.740905880811401357e-04	1.454637174037088938e-04	-2.777270694036035434e-05	-2.360773171083431206e-04	-1.812256854867564830e-05	1.803054513787013321e-04	7.710418658966845199e-05	-9.290901681339365525e-05	7.156889023817208627e-06	-2.315224225930337105e-04	-4.175622300657743583e-05	2.460417623029583986e-04	3.204055280196319304e-05	-2.368789456830644002e-04	-1.327960390263142919e-04	-5.869428923454196893e-04	-2.846395893769088732e-04	5.613325506801911157e-04	-1.199548511765495421e-04	1.378625132008927954e-04	-9.226492030167820373e-05	-1.944045798067714872e-04	-7.599909581667305212e-05	-2.835894493299742679e-04	-1.434817293038046751e-04	1.959326375214968637e-04	-6.515091525437781861e-05	2.190576870621419752e-04	1.379058514148667796e-05	1.097206935511005560e-04	-2.153617749278824564e-04	5.243755345002972055e-04	-3.214993704656068604e-05	5.169040920427540571e-04
-3.048945465511126345e-04	-3.521000547015183191e-04	-1.163264799646712352e-03	1.275319711878716692e-04	-2.698887523896985330e-04	-4.635238689257473952e-05	-1.952943905486928772e-04	-4.748920234104076518e-05	-3.520850569657653579e-04	1.694336654570332027e-04	-4.570352091975330935e-05	3.339545283353116114e-04	-5.869798460852420751e-04	6.062447620156590465e-04	2.041715936205861794e-04	5.049482106050406406e-04	-1.163267766731044487e-03	-4.570353174561912757e-05	0.000000000000000000e+00	5.784795561102735149e-04	-7.664828516645329215e-05	1.668406838497116891e-04	-1.841834503065675147e-04	4.822327934655242963e-07	1.275296223534104565e-04	3.339639016155447572e-04	5.784823891537842384e-04	-2.614652291277215750e-04	1.941697949540956104e-04	-5.367495646381112168e-04	-4.653393417934127436e-04	3.588304151839913315e-04	-2.698941440509375345e-04	-5.869801577488666707e-04	-7.664900308444391871e-05	1.941716229430918940e-04	1.612299084994512168e-04	-2.007731081072026708e-04	-8.530613536365981510e-05	-5.261973793454090926e-04	-4.635430278888779104e-05	6.062478202670982478e-04	1.668504797491550244e-04	-5.367476102157832472e-04	-2.007561240528334221e-04	-1.312412600643160857e-03	-6.356053869973879358e-04	1.176250247737948857e-03	-1.952969346829227159e-04	2.041718736336052445e-04	-1.841653569346645737e-04	-4.653353313099046302e-04	-8.529545665891728019e-05	-6.356036139455920574e-04	-3.312991276597201571e-04	2.846148785926741823e-04	-4.747894231037822047e-05	5.049485553662903543e-04	4.824296370850362509e-07	3.588126412140391335e-04	-5.261975624472836838e-04	1.176252052037995901e-03	2.846198659356674165e-04	1.190550696017920237e-03
-3.771555670402043994e-04	-3.333812522630183257e-06	7.613536073360950302e-05	-1.965885976908189454e-05	8.786750683931548946e-05	-7.018699037676410049e-05	-2.785482781214196563e-04	-6.089804315193806262e-05	9.081796457433938220e-05	-5.447593245990838245e-05	-2.034344804667053796e-04	-3.671821608694414478e-05	-4.077162533652460715e-04	-2.660962199344676053e-05	1.249732045462445637e-04	2.738324359388585828e-04	4.195263745377191114e-05	-4.294250769179392920e-04	-5.784795561102735149e-04	0.000000000000000000e+00	-2.676050962268902494e-04	-5.026225789447891223e-06	2.170481696918207751e-05	-2.917541688348879365e-06	2.533468257072042130e-04	4.367191329119943081e-05	-6.283136464895801038e-10	1.103684032434741049e-04	-1.341412983325622693e-04	3.537644652786694978e-04	6.137204227591034397e-04	4.644823834579924325e-06	-7.537709561314081120e-05	-5.158013789446259803e-04	-3.240094060317444619e-04	6.582547671416105338e-05	-9.785651125892666654e-05	3.610625506169928980e-06	-5.805334705938255653e-05	-1.580222612368350739e-04	1.024927636452421548e-04	1.672829061880477792e-06	-4.924422725450295398e-05	2.284120109862003878e-04	-1.160863257948667920e-04	6.014585449875774464e-04	4.490243871092018061e-04	-1.238243692681531907e-04	-1.905403850599184145e-04	-7.455272379322489961e-05	-9.423426138525555493e-05	4.306930515952470139e-04	-5.243603453072951011e-05	2.836733254665919565e-04	4.279519721853238445e-05	-9.382846018968351654e-05	9.249969690163501574e-05	1.841668320859444021e-04	7.810439861889135007e-05	-8.853241568302641033e-05	-1.263187631222644385e-05	-5.807089146592678513e-05	1.193480402494086472e-04	4.140848972335802944e-04
-1.076261977764471725e-04	-1.571248151986393547e-04	-6.289142423097943569e-04	4.496347340948664360e-05	-1.355043976042475632e-04	-1.182951127795424035e-05	-7.115696612628184857e-05	-1.585590871125931917e-05	-3.470042133909462300e-04	9.348027207078357897e-05	1.812220165190314979e-05	2.686512792600574207e-04	-2.317611522310200319e-04	3.089763768388071523e-04	1.084421489605192425e-04	2.249580549287197046e-04	-5.024000126800291875e-04	9.794820837748935416e-06	7.664828516645329215e-05	2.676050962268902494e-04	0.000000000000000000e+00	1.797037281157264814e-04	1.250385547448417832e-04	-5.025717936922212902e-06	1.864460254749593715e-05	1.582927362630276859e-04	3.240111279774285391e-04	-1.029571608687774838e-04	1.205840060274605770e-04	-2.787044218878001467e-04	-2.798163355707360806e-04	1.095627255676526912e-04	-1.007404127312351084e-04	-2.177411472428342459e-04	-3.687502545354797616e-10	7.311745236378820408e-05	7.778112171774069689e-05	8.952377973008402389e-05	7.021459754737594872e-05	-2.264297850593878286e-04	-1.306685883450485933e-05	2.858581339732990884e-04	8.150923416844927467e-05	-2.706965819824677091e-04	-9.314082115272553442e-05	-6.754086448100511198e-04	-3.254590663146113023e-04	4.706354236238502551e-04	-7.941457201805044862e-05	8.500262844586268835e-05	-1.338336242597285767e-04	-2.528389134644952007e-04	-3.800208806089431710e-05	-3.391505050427902801e-04	-1.780243423664314986e-04	9.815304610115134585e-05	-1.243753317853803393e-04	2.122949137421380758e-04	-9.804460905936092382e-06	3.930526772089014951e-04	-2.363777252096190722e-04	5.999785657764963257e-04	1.368169723317508128e-04	5.297880848611774421e-04
-1.484668038726468181e-04	5.995349363563731715e-05	8.706703050140275277e-05	-6.682185139661342378e-05	2.618891291077042022e-05	-6.279205568546285081e-05	-1.736913101819731659e-04	9.823954128901450498e-06	7.730774229833053349e-05	-9.115235053744376857e-05	-3.203635385311566215e-05	-3.803372526818684990e-05	-3.359653409844667090e-05	-1.307705653227089976e-05	8.362811227492005319e-05	2.697206051782836381e-05	2.987114304168115672e-05	-1.223260402609716068e-04	-1.668406838497116891e-04	5.026225789447891223e-06	-1.797037281157264814e-04	0.000000000000000000e+00	1.602682159083240743e-05	7.940092289916062288e-05	1.113029255611089422e-04	2.682157591993893219e-05	4.924398697986644282e-05	2.613113679716310632e-05	1.938048804650155556e-05	1.470394612631030842e-04	2.573277583476652744e-04	-6.889964750105489490e-05	-5.158007965447077443e-05	-3.315746674932597147e-05	-8.150422981425013355e-05	6.784764730449562476e-05	-7.677246314473758432e-05	-1.120740002573925143e-05	-3.654161174516925225e-05	7.341058571054659529e-05	8.354884640611004269e-05	5.656958962107452616e-05	8.310043295316869188e-12	-3.546994909306033664e-05	-6.908573059347240493e-05	2.104756650369934718e-04	1.892219679087857776e-04	-8.769920975119864363e-05	-6.443374016121177828e-05	1.582456346910076094e-05	-5.645152447861196765e-05	1.205428209233336636e-04	-6.102719578226783613e-05	1.157868063523759760e-04	9.845136637460014914e-06	-3.580229331119181592e-05	7.442368633665863745e-05	-8.482939977876503455e-05	5.593287699046668976e-05	-9.062730849000896728e-05	1.324212884017573078e-04	-1.749166716124720609e-05	8.087580451189541704e-05	-6.488744964424808146e-05
-2.233163314022897127e-04	1.102316822966240614e-04	1.070378696477658671e-04	4.128496122920348541e-05	-3.435165489323231897e-05	-5.409967054974555625e-05	-2.261837695647618226e-04	7.374193711027567414e-05	9.113382280852448994e-05	-1.039477813696181637e-04	9.227268334677611041e-05	-6.463842803788410855e-05	2.990900081844919409e-04	-1.563927653397402079e-05	5.214838962730889435e-05	-2.037425278904893256e-04	4.139519434481034489e-05	1.354892050867910318e-04	1.841834503065675147e-04	-2.170481696918207751e-05	-1.250385547448417832e-04	-1.602682159083240743e-05	0.000000000000000000e+00	1.093173237038565497e-04	1.163230778492820516e-04	2.425549520021067537e-05	9.423443982025899498e-05	-6.034435104923040573e-05	1.617890813248291058e-04	9.762660060909874086e-05	2.420625890920675809e-04	-1.223168053704511550e-04	-4.146260600217564968e-05	4.085492741636810371e-04	1.338425252512331432e-04	6.390185336333382418e-05	-1.026231387411103530e-04	-4.545015447100297175e-05	-3.297584408963397920e-05	2.718678886714634207e-04	8.223674788257516813e-05	1.019561427041627746e-04	5.645131982308998015e-05	-1.672366699860474044e-04	2.583995080337823100e-06	1.456069340618801442e-04	1.187862017235646753e-04	-8.628344258487620553e-05	-8.262834051379609702e-05	1.159723191373978441e-04	-5.573387174408021838e-10	1.248290946443881590e-04	-6.209469514745165125e-05	9.293256369063577832e-05	-2.216677310145794396e-05	2.540794280091626149e-05	7.857798497604143368e-05	-3.550668903587614008e-04	-1.961979413692669267e-05	-1.126784900685210637e-04	2.641861479339729273e-04	2.039519185857372325e-05	5.767969538802757091e-05	-5.147026750668595284e-04
-2.653160116496212079e-05	-4.683915465613359259e-05	1.324121839273497999e-05	3.243069249524184038e-05	-4.203210877506826455e-05	3.589555034292351359e-06	1.618346249611704094e-06	-1.784083658917520876e-05	7.265195399908390590e-05	-7.578274336059140697e-07	-1.379030934376154915e-05	-4.309305498475987086e-05	3.949262247035753671e-06	1.096170811218290597e-05	-2.238750334562388309e-05	-4.058194491746305467e-06	5.424216921656014692e-06	6.255619128095345220e-06	-4.822327934655242963e-07	2.917541688348879365e-06	5.025717936922212902e-06	-7.940092289916062288e-05	-1.093173237038565497e-04	0.000000000000000000e+00	3.578322687885651481e-05	-2.106135339316348443e-05	-7.810694798831321591e-05	8.866438594423460952e-08	2.682573365378603183e-06	3.579777693169539370e-05	3.562948901455739779e-05	4.413915534860726102e-05	4.385943316649240225e-05	3.816518685755128734e-06	9.804478299117458113e-06	-1.821342831915589969e-05	-1.434363656879675547e-06	-1.109865122418929973e-04	-3.638195541303304689e-05	2.596173411389079103e-06	-9.099707055192795880e-07	-7.647772234112553292e-05	-5.593423942325152570e-05	4.032977415356963160e-05	2.418174117975122468e-05	3.903862013504810465e-05	2.164353847168676401e-06	8.131181294382430590e-06	1.353374652008324205e-06	-3.026306422700896322e-05	1.961920975458408654e-05	3.316938914280934613e-05	-1.295051968917405393e-05	1.108626134881467886e-05	4.148411349376599680e-06	4.549006254404089615e-05	-2.254208829220979144e-06	8.817747828125281829e-06	1.128024310811847545e-10	-8.316398974572701585e-05	1.510008755637266890e-05	3.594391080425164470e-06	-4.697700520017074615e-05	-1.022806301128853514e-05
-2.552847607591994148e-05	-2.043791273493985260e-04	1.285687461836196874e-04	4.576881005860852910e-10	5.779827488174291757e-04	-1.460878522699046801e-05	-8.002686213723961934e-06	-3.275798829413123373e-04	-9.709127827145498755e-05	1.288526012767851354e-04	-7.451132823912159811e-05	3.696545955862540298e-05	-4.202502049727283484e-04	-6.347566194307413653e-06	-3.273374116820011791e-04	3.818445447968762843e-04	1.644414165269854084e-04	-8.625684992187118596e-05	-1.275296223534104565e-04	-2.533468257072042130e-04	-1.864460254749593715e-05	-1.113029255611089422e-04	-1.163230778492820516e-04	-3.578322687885651481e-05	0.000000000000000000e+00	1.973855901228797427e-04	1.966701071024471630e-05	2.744316838309364317e-05	-8.534561379923014460e-04	6.689263304159118878e-05	5.402156704100227747e-05	3.980287900428350041e-04	3.673902106854606050e-04	-4.540688620591399097e-04	-4.496152862661607165e-05	-9.123220222730437853e-04	1.405546484060259029e-04	-3.349963764945453407e-04	1.862682309593239918e-05	-4.145030052302654247e-04	-1.718081401406176153e-05	2.243537812392952047e-04	6.682648362377472176e-05	8.500033802386798977e-05	-2.241965085902053434e-04	1.102291944759870360e-04	3.948814888823558110e-05	2.256803156853422546e-04	-4.001547506852583442e-06	-3.722811433299578966e-04	-4.128359171018154835e-05	1.061508971563524960e-04	1.699001026074563412e-04	6.927199735082446722e-05	3.403660486052688307e-05	-3.922175858677671035e-04	-1.550617837706719650e-04	3.670325948798362466e-04	-3.243166404879602790e-05	3.246263542096916393e-04	-4.052253757214239679e-04	2.495603208244567524e-04	-1.290572211497394931e-04	8.327829591574108410e-04
1.325523922377622361e-04	1.384792267944863249e-05	-6.819723677592028942e-06	-3.697066880505837260e-05	-4.546671574883388059e-05	1.212179841297541719e-04	6.350427797624519236e-05	3.751594695181481603e-05	4.112736518964480142e-05	-5.196102300169944859e-05	-2.026901716775256017e-04	9.345985861315519164e-11	-2.106861955814498478e-04	-2.309556206675372362e-05	4.206674240458218016e-05	1.775164293481278370e-05	8.735627944577704668e-05	-1.161733821757333213e-04	-3.339639016155447572e-04	-4.367191329119943081e-05	-1.582927362630276859e-04	-2.682157591993893219e-05	-2.425549520021067537e-05	2.106135339316348443e-05	-1.973855901228797427e-04	0.000000000000000000e+00	3.671806640210455511e-05	5.895286905020482644e-05	8.106163866833070706e-05	-2.037202472776787014e-04	-2.067078317750281244e-04	-4.385823576789188959e-05	-6.346237839688952933e-05	-2.122809463460203941e-04	-2.686553685906380141e-04	9.652730668041894038e-06	-1.040798856419827828e-04	-4.617141966421322018e-05	-9.234977314934644452e-05	3.922703446640162504e-05	-2.994769686760312237e-05	4.212590690758580704e-06	3.803383941638117818e-05	5.952946877693269262e-06	5.066824335879254631e-05	-1.200090713838868208e-04	-6.332791537246203195e-05	-4.045622509664211137e-05	-3.034265782454684398e-05	8.454089661349807410e-05	6.463893299301279034e-05	-5.231531790541176939e-05	4.021064373351674279e-07	4.530407356621203319e-05	-4.052347505865421689e-05	5.512425156121110773e-05	4.142532939604078881e-05	1.185454825180686026e-04	4.309436646469247205e-05	-3.387184317253114573e-05	-3.201031569032998362e-05	-7.316014449474200179e-05	7.476345144674821836e-05	1.399320487367615353e-04
-3.771385716781658587e-04	9.081786519267551379e-05	4.195268427675328247e-05	2.533382353044484310e-04	-7.537737215477751502e-05	1.024933906284284171e-04	-1.905322154342458665e-04	9.249962465125900497e-05	-3.333935622825921718e-06	-5.447796387430970663e-05	-4.294259385682701845e-04	4.367259642188366683e-05	-5.158042483354530281e-04	1.674020099437659111e-06	-7.455163258895413140e-05	1.841683582693113153e-04	7.613447071424998098e-05	-2.034357450097111692e-04	-5.784823891537842384e-04	6.283136464895801038e-10	-3.240111279774285391e-04	-4.924398697986644282e-05	-9.423443982025899498e-05	7.810694798831321591e-05	-1.966701071024471630e-05	-3.671806640210455511e-05	0.000000000000000000e+00	1.103687838889032898e-04	6.582598083986734828e-05	2.284029115089778069e-04	4.306741465583174334e-04	-8.853209955337921089e-05	8.786743631444189650e-05	-4.077192554906055233e-04	-2.676065970608906765e-04	-1.341399464270725064e-04	-9.785433581097180531e-05	-1.160863874973765792e-04	-5.243606726549798535e-05	-1.263340558065283238e-05	-7.018671729975717061e-05	-2.660933803295244135e-05	-5.026164500373098341e-06	3.537562515955899487e-04	3.610768729089542157e-06	6.014402101619607116e-04	2.836642305174635025e-04	-5.807021031437238114e-05	-2.785396880414444136e-04	1.249737727728922375e-04	2.170511449820914832e-05	6.137016916830579684e-04	-5.805340999882787197e-05	4.490164939039596129e-04	4.279483660938856104e-05	1.193485009993789693e-04	-6.089844664528385354e-05	2.738340358122971730e-04	-2.914856239902820237e-06	4.644850884557488620e-06	-1.580234714118030682e-04	-1.238236288502839221e-04	-9.382853070328573016e-05	4.140879552726619661e-04
8.001912919383193676e-05	-3.173194781153934835e-05	4.823382790150161718e-05	-2.744322420293128013e-05	-6.598159748224658426e-05	6.769561830262742187e-06	5.222883319756008831e-05	2.333980024576316363e-05	-3.173433734728438923e-05	7.269728947354049727e-06	1.396331779664292008e-04	-5.895150941372191071e-05	2.545767313092224451e-04	-1.001525615648949941e-04	-4.023113961006084534e-05	-1.338803658609910921e-04	4.823382010709873771e-05	1.396330604080330776e-04	2.614652291277215750e-04	-1.103684032434741049e-04	1.029571608687774838e-04	-2.613113679716310632e-05	6.034435104923040573e-05	-8.866438594423460952e-08	-2.744316838309364317e-05	-5.895286905020482644e-05	-1.103687838889032898e-04	0.000000000000000000e+00	1.369071946196718651e-05	-3.511190712287957537e-05	-7.670326857039475184e-05	5.248053959075516705e-05	-6.598116545327017491e-05	2.545767314063055939e-04	1.029573228227379531e-04	1.369050037578856123e-05	-2.060152063357145990e-06	4.634439309752773659e-05	1.198211312451738613e-05	1.035440710187278011e-04	6.769686072529605700e-06	-1.001529541476600237e-04	-2.613241875205608812e-05	-3.511201346908629815e-05	4.634199847101613551e-05	-6.956266976547030752e-05	-3.997267624410501426e-05	5.995086027631494046e-05	5.222899112256215693e-05	-4.023125954064114368e-05	6.034178165109418257e-05	-7.670339176656644042e-05	1.198085490694108032e-05	-3.997277886127707108e-05	3.891954915658235446e-06	9.003340078311846783e-05	2.333844921687391676e-05	-1.338805298591852944e-04	-8.873121286839663060e-08	5.248327202474068333e-05	1.035441089493269873e-04	5.995090616466308838e-05	9.003302828876412305e-05	-2.751321407202139452e-04
-1.682589615897981013e-03	1.364902359868573503e-04	6.076298586745537217e-05	9.123220620287626845e-04	-7.118979274011309516e-05	3.792194669658022373e-05	-7.983867385372542431e-04	1.011749023795343401e-04	7.585028527854171621e-05	-2.034996318429290087e-05	-1.803045795124383626e-04	-9.651819643052661588e-06	-2.056436752678945891e-04	5.700896925715125189e-05	-4.897710008494919419e-05	7.426198567876712191e-05	-9.888027905365358609e-05	-5.114167490386428488e-05	-1.941697949540956104e-04	1.341412983325622693e-04	-1.205840060274605770e-04	-1.938048804650155556e-05	-1.617890813248291058e-04	-2.682573365378603183e-06	8.534561379923014460e-04	-8.106163866833070706e-05	-6.582598083986734828e-05	-1.369071946196718651e-05	0.000000000000000000e+00	8.802103116975466563e-04	1.826771168824062840e-03	-9.146820238252053128e-05	9.733876928818199358e-05	-1.813222832771779021e-04	-7.311657166452533775e-05	3.110546842403013614e-10	1.898981792396002436e-05	-1.081490623951876333e-04	-2.109056428238995190e-06	-1.869910644304547450e-04	3.297307376405947399e-05	-4.938962784734798872e-05	-6.784813387412171352e-05	8.524644831109627358e-04	-8.461492129112937717e-05	1.833904630345687022e-03	9.669243499053352571e-04	8.578209796846194223e-06	-8.252567419974846281e-04	8.095991175109014935e-05	-6.390224756244261778e-05	1.821461908996741506e-03	-9.211550786876208170e-05	9.089194901424574400e-04	4.940457256310158902e-05	1.264667750632022494e-04	-8.011449783916268496e-06	1.311684595956808777e-04	1.821353011966170624e-05	-1.642663711026835652e-04	-3.284631365201082091e-05	-1.431542890232274348e-04	-1.740350702566836189e-04	2.202630804672107230e-04
1.562425056591463764e-04	-4.063258704868893002e-04	2.382209916015718288e-04	-8.499991901538312571e-05	4.142711852777917168e-04	-5.242934579908184906e-06	8.125306416887324791e-05	-3.262755574701984781e-04	-1.505400764045192186e-04	1.315182706571611630e-04	2.368789074093608578e-04	-5.957654537710456807e-06	2.175603756259963961e-04	-1.221497817381451360e-04	-4.469393835142013377e-04	6.007052106715781125e-05	2.150339852224305204e-04	2.243041467413377352e-04	5.367495646381112168e-04	-3.537644652786694978e-04	2.787044218878001467e-04	-1.470394612631030842e-04	-9.762660060909874086e-05	-3.579777693169539370e-05	-6.689263304159118878e-05	2.037202472776787014e-04	-2.284029115089778069e-04	3.511190712287957537e-05	-8.802103116975466563e-04	0.000000000000000000e+00	-6.611757891987219554e-05	6.705487562479882542e-04	2.644914955480610810e-04	2.300525161870948165e-04	2.706983562021476278e-04	-8.524642890633535915e-04	1.351664032810702539e-04	-3.098491248055772846e-04	-3.417614910909072887e-05	-8.001529056176338276e-05	1.295280106892174883e-06	2.399538392865952440e-05	3.547509526262094734e-05	-1.081863227236323338e-10	-6.709610896977644904e-05	-3.444460710646850222e-05	-1.123352079267665919e-05	3.878715214336507337e-04	1.077435512008309245e-04	-4.516886603926085477e-04	1.672380531721864621e-04	-1.064718443903512506e-04	1.719351014739086618e-04	-8.069850921892379459e-06	4.698205747966514357e-05	-1.589924013463476474e-04	-1.319265997869396075e-04	4.795325647249465634e-05	-4.033060521170373202e-05	3.861395976313608731e-04	-1.104696811802124176e-04	3.707377251708577140e-04	-8.436055471521058610e-06	1.137030873387383115e-04
1.409609163116033953e-04	-4.705706194256393778e-04	3.041935018225045773e-04	-1.061496364647692781e-04	8.059706322742984930e-04	-3.165229158901746502e-06	7.663727433938027878e-05	-4.735577050155722278e-04	-2.835569838398652827e-04	2.679333547000000955e-04	1.944043807918499742e-04	5.230440486139491718e-05	-2.015468988836478380e-04	-1.383646435920330526e-04	-9.023239128463806389e-04	4.832716172038375871e-04	3.982367874954816393e-04	1.740905880811401357e-04	4.653393417934127436e-04	-6.137204227591034397e-04	2.798163355707360806e-04	-2.573277583476652744e-04	-2.420625890920675809e-04	-3.562948901455739779e-05	-5.402156704100227747e-05	2.067078317750281244e-04	-4.306741465583174334e-04	7.670326857039475184e-05	-1.826771168824062840e-03	6.611757891987219554e-05	0.000000000000000000e+00	8.830505923085211562e-04	6.751654165531664493e-04	-2.328179967280221026e-04	2.528426356349795226e-04	-1.821461852475573986e-03	3.268245999861111141e-04	-6.641901528260426690e-04	6.781512382106078614e-06	-5.313074101206693729e-04	-8.138456577195195794e-06	1.357968061993264328e-06	-1.205321863935991135e-04	1.064720022726478561e-04	-5.103975483192273697e-04	9.308662777283237114e-05	2.198530183045921329e-05	5.662129778834287114e-04	1.173026831508838943e-04	-9.313737579629785025e-04	-1.248261758989140601e-04	6.164903285911201621e-10	1.399520538641620907e-04	8.713407845081639594e-05	7.414837289962899038e-05	-3.786797322962691262e-04	-3.243898587244944129e-04	4.693510623621143462e-04	-3.317131165001992990e-05	7.290437881994547798e-04	-5.353876071051603220e-04	6.272766520403040905e-04	-1.965630580179809580e-04	1.026603238133452474e-03
6.511138714879976912e-04	-5.294862596963082054e-05	-6.699893375543264622e-05	-3.246288430707984854e-04	-5.579895587306426784e-06	1.117592902718158188e-04	3.532173498587996624e-04	-1.618812505321078944e-05	2.765118140222100671e-05	-6.134076511049999978e-05	-1.097291553446722853e-04	3.387150297463944467e-05	-1.580698473286941278e-04	3.546167955636010888e-05	1.759192536517173000e-04	-6.503416658368291127e-05	1.179711563610777306e-04	-1.454637174037088938e-04	-3.588304151839913315e-04	-4.644823834579924325e-06	-1.095627255676526912e-04	6.889964750105489490e-05	1.223168053704511550e-04	-4.413915534860726102e-05	-3.980287900428350041e-04	4.385823576789188959e-05	8.853209955337921089e-05	-5.248053959075516705e-05	9.146820238252053128e-05	-6.705487562479882542e-04	-8.830505923085211562e-04	0.000000000000000000e+00	-1.429955744422613728e-04	-2.751808811621176418e-04	-3.930601687206137411e-04	1.642669291494137289e-04	-1.171224841974579474e-04	9.876971373097958033e-05	-6.994104641639843482e-05	-2.306071744566340445e-05	-3.918423859835114221e-05	5.046923305128975397e-05	9.062748524294659798e-05	-3.861414434841280033e-04	1.068761784316798840e-04	-8.836582948184084577e-04	-4.226734618388153838e-04	-4.317118537054190477e-05	1.916236945483518065e-04	7.742770704018932454e-05	1.126792653771637083e-04	-7.290483577142201597e-04	6.785194919247812778e-05	-3.626691312728757416e-04	-7.719695751183232530e-05	-1.794676749901303394e-05	8.219075957157653215e-05	7.562364591541924515e-05	8.316426811764171425e-05	-3.682440751585358009e-10	-1.932033145384451215e-05	-3.621130186013386300e-05	1.709328358023269481e-04	1.381038474788100180e-04
7.824945341928032797e-04	-1.276858280265401508e-04	1.025165305394280422e-04	-5.779753754367384418e-04	1.485422250730816882e-10	-9.034043080134181690e-05	3.447354167623724276e-04	-7.663072115091969097e-05	-3.592604177754658596e-05	-3.038323761715991335e-05	1.650023117431651128e-04	4.546682615083245211e-05	4.420574041462190266e-04	1.730721214227861314e-05	-3.467692784995526225e-06	-2.170181475284476574e-04	4.473356300021409288e-06	2.777270694036035434e-05	2.698941440509375345e-04	7.537709561314081120e-05	1.007404127312351084e-04	5.158007965447077443e-05	4.146260600217564968e-05	-4.385943316649240225e-05	-3.673902106854606050e-04	6.346237839688952933e-05	-8.786743631444189650e-05	6.598116545327017491e-05	-9.733876928818199358e-05	-2.644914955480610810e-04	-6.751654165531664493e-04	1.429955744422613728e-04	0.000000000000000000e+00	3.356944622938037577e-04	1.355073721221990916e-04	7.118893131451186143e-05	-1.247167384172664364e-04	6.185405495127364178e-05	1.399437792047055450e-05	2.115629446829989731e-04	6.675159531353144706e-05	-8.171788093805476658e-05	-2.618884825908402114e-05	-4.142632048550411888e-04	1.690741905617376689e-05	-6.720826268146062486e-04	-1.758408718857240702e-04	-7.587716762460709849e-05	3.685676046312959687e-04	-9.972576016865854123e-05	3.435120359839107299e-05	-8.059538341241964578e-04	-3.252459770913361384e-05	-3.652469152615803443e-04	5.253599618051851198e-05	7.979199037691485916e-06	-4.964070574584132368e-06	-2.030919531815053212e-04	4.202977281617975732e-05	5.580408473213926322e-06	4.472287853334676170e-04	-4.159899070809614408e-05	1.544856144838424941e-06	-5.086425948171283996e-04
-9.525712095515218979e-04	-2.967013153644829722e-04	-1.204892959634123410e-03	4.202506869717656567e-04	-4.420517648945975300e-04	-4.270481653654860425e-05	-5.165480291703691655e-04	7.155223109437739413e-05	-1.842598147326794731e-04	1.523320170684658672e-04	2.308864385469561534e-04	2.106767164010260129e-04	6.379127642447217882e-10	5.246075848089466710e-04	1.271390212503700518e-04	1.828160594528787427e-04	-1.174026863713556728e-03	2.360773171083431206e-04	5.869801577488666707e-04	5.158013789446259803e-04	2.177411472428342459e-04	3.315746674932597147e-05	-4.085492741636810371e-04	-3.816518685755128734e-06	4.540688620591399097e-04	2.122809463460203941e-04	4.077192554906055233e-04	-2.545767314063055939e-04	1.813222832771779021e-04	-2.300525161870948165e-04	2.328179967280221026e-04	2.751808811621176418e-04	-3.356944622938037577e-04	0.000000000000000000e+00	2.317604097466837570e-04	2.056456003564048488e-04	1.709398497778526834e-04	-4.086930526908431286e-04	-2.161666628252147213e-04	-2.309610234235278878e-04	-4.098077369110428357e-05	4.143327585064866814e-04	3.360635480062601596e-05	-2.175602708592991525e-04	-2.938017328388244564e-04	-6.577466208111032225e-04	-3.360200694878400949e-04	1.166629673742216721e-03	-4.917338880938792013e-04	1.481108724249197855e-04	-2.990720066723187836e-04	2.015470313593944378e-04	-2.165163982771418829e-04	-3.154235228297874987e-04	-3.354737133565643351e-04	4.488264162257306279e-04	7.119257389001578274e-05	2.053983349652460254e-04	-3.948828019025151258e-06	1.580519687358720462e-04	-2.327766787599602879e-04	1.198676097310230268e-03	3.387602641645961381e-04	5.631454894878323500e-04
-1.076245106775527744e-04	-3.470105083417586878e-04	-5.023988773966388873e-04	1.864492247867684667e-05	-1.007378964922241193e-04	-1.306607508699364649e-05	-7.941253894509154904e-05	-1.243797759178562345e-04	-1.571173903390427388e-04	9.348023846244231708e-05	9.795242860589157877e-06	1.582879421550033847e-04	-2.177401632941500242e-04	2.858563450177449734e-04	8.500255678291359458e-05	2.122943624589531753e-04	-6.289156791215238466e-04	1.812256854867564830e-05	7.664900308444391871e-05	3.240094060317444619e-04	3.687502545354797616e-10	8.150422981425013355e-05	-1.338425252512331432e-04	-9.804478299117458113e-06	4.496152862661607165e-05	2.686553685906380141e-04	2.676065970608906765e-04	-1.029573228227379531e-04	7.311657166452533775e-05	-2.706983562021476278e-04	-2.528426356349795226e-04	3.930601687206137411e-04	-1.355073721221990916e-04	-2.317604097466837570e-04	0.000000000000000000e+00	1.205848775720912993e-04	7.778111624821509406e-05	-9.314923787194482360e-05	-3.800754974441104893e-05	-2.363770602790181766e-04	-1.183052617658670557e-05	3.089779726221656342e-04	1.797080626606947155e-04	-2.787044554611557224e-04	8.953110566695896824e-05	-6.754106378403451974e-04	-3.391522122763158910e-04	5.999774938888627687e-04	-7.115729905991926771e-05	1.084425798368392852e-04	1.250463571476084659e-04	-2.798164334224661630e-04	7.021929551374709883e-05	-3.254591795516303477e-04	-1.780242278468806196e-04	1.368145656062980933e-04	-1.585066217914176605e-05	2.249576893079556256e-04	-5.025583938811121898e-06	1.095539774884313292e-04	-2.264294029886667931e-04	4.706363800169922375e-04	9.815587132215331531e-05	5.297869614795619551e-04
-1.682589194696900922e-03	7.585115391850320334e-05	-9.887963264991409126e-05	8.534555407582445317e-04	9.733833456673908165e-05	3.297305659573623307e-05	-8.252567559177018206e-04	-8.010784697613463078e-06	1.364901182163807112e-04	-2.034987169299939637e-05	-5.114258560925366809e-05	-8.106132809515370857e-05	-1.813239548300631587e-04	-4.938928264555490777e-05	8.095965931866720288e-05	1.311693078295828323e-04	6.076336140413200434e-05	-1.803054513787013321e-04	-1.941716229430918940e-04	-6.582547671416105338e-05	-7.311745236378820408e-05	-6.784764730449562476e-05	-6.390185336333382418e-05	1.821342831915589969e-05	9.123220222730437853e-04	-9.652730668041894038e-06	1.341399464270725064e-04	-1.369050037578856123e-05	-3.110546842403013614e-10	8.524642890633535915e-04	1.821461852475573986e-03	-1.642669291494137289e-04	-7.118893131451186143e-05	-2.056456003564048488e-04	-1.205848775720912993e-04	0.000000000000000000e+00	1.898974080543438153e-05	-8.461434867744347180e-05	-9.211481995230327228e-05	-3.284735622945812825e-05	3.792214693372327947e-05	5.700799552770854635e-05	-1.938154353322603255e-05	8.802102577539203977e-04	-1.081503151833526020e-04	1.833904607052432977e-03	9.089191855075761002e-04	-1.431538669020467058e-04	-7.983862530441527931e-04	-4.897733331746892415e-05	-1.617900127329607981e-04	1.826770809409922463e-03	-2.109900260967279866e-06	9.669242459622627919e-04	4.940443164124116543e-05	-1.740342704751668076e-04	1.011743860759646183e-04	7.426298955347910387e-05	-2.682653531548170343e-06	-9.146810176455221484e-05	-1.869918523385507170e-04	8.577597706792562570e-06	1.264657321510338946e-04	2.202650007197096171e-04
3.126249970155664136e-04	-1.075511437056254438e-04	-1.779977063292095733e-06	-1.405547612540830279e-04	1.247146397863339363e-04	-1.788036997203472694e-07	1.676598474990388448e-04	-1.401862884004780757e-04	-1.075517094321684478e-04	1.392463372570076888e-05	-7.710417183340157843e-05	1.040811037898129344e-04	-1.709399528079420805e-04	1.017645481456864982e-04	2.056345657348341657e-05	1.005735175598313511e-04	-1.779918039297896405e-06	-7.710418658966845199e-05	-1.612299084994512168e-04	9.785651125892666654e-05	-7.778112171774069689e-05	7.677246314473758432e-05	1.026231387411103530e-04	1.434363656879675547e-06	-1.405546484060259029e-04	1.040798856419827828e-04	9.785433581097180531e-05	2.060152063357145990e-06	-1.898981792396002436e-05	-1.351664032810702539e-04	-3.268245999861111141e-04	1.171224841974579474e-04	1.247167384172664364e-04	-1.709398497778526834e-04	-7.778111624821509406e-05	-1.898974080543438153e-05	0.000000000000000000e+00	1.031670214774060726e-04	1.143922001698771592e-04	-8.324523379921147019e-05	-1.787719669243183940e-07	1.017624431209791249e-04	7.677123739069453205e-05	-1.351663396469084035e-04	1.031664132064796877e-04	-3.131400604291073022e-04	-1.633610940809858913e-04	-2.434632586436281381e-05	1.676598264133133940e-04	2.056348706030777852e-05	1.026225233028273619e-04	-3.268247773593615331e-04	1.143908959550706808e-04	-1.633613113768788675e-04	3.074508422547356727e-06	-1.256495132473946469e-04	-1.401876005626911893e-04	1.005734831192019391e-04	1.434382661559878483e-06	1.171230504018762320e-04	-8.324521856394704483e-05	-2.434634011945900514e-05	-1.256518446710003060e-04	1.904429579502803834e-04
-5.932108189802777400e-04	8.551652055583380265e-05	5.025787831474410602e-05	2.241986292201754178e-04	-1.690766647084147265e-05	-5.453314527391144549e-05	-4.502616884561628239e-04	5.047323979683473549e-05	8.494954093691605833e-05	-9.569726311267376753e-05	1.328032807946066644e-04	-5.066794837228685150e-05	2.938184256274111892e-04	1.028792665889112878e-06	1.071353588476414720e-04	-1.450129168565919774e-04	2.314601028307248411e-05	9.290901681339365525e-05	2.007731081072026708e-04	-3.610625506169928980e-06	-8.952377973008402389e-05	1.120740002573925143e-05	4.545015447100297175e-05	1.109865122418929973e-04	3.349963764945453407e-04	4.617141966421322018e-05	1.160863874973765792e-04	-4.634439309752773659e-05	1.081490623951876333e-04	3.098491248055772846e-04	6.641901528260426690e-04	-9.876971373097958033e-05	-6.185405495127364178e-05	4.086930526908431286e-04	9.314923787194482360e-05	8.461434867744347180e-05	-1.031670214774060726e-04	0.000000000000000000e+00	-1.772988842584500950e-05	3.081871442606437094e-04	8.783989350392689007e-05	1.260182838936708179e-04	6.908543914646217551e-05	6.709838410515260544e-05	-6.824798441838688008e-10	5.591492418143379720e-04	3.302121618552429421e-04	-1.113351814311334129e-04	-2.667684759038017363e-04	1.339663224731702483e-04	-2.585233279724516783e-06	5.104023365586017038e-04	-5.009363505026836290e-05	3.176565238016637550e-04	-2.191035992859657612e-05	-1.282201312159779929e-06	8.424188932846992457e-05	-3.826623238167070401e-04	-2.418241580189904919e-05	-1.068757058330151459e-04	2.067425778969390632e-04	1.864418056140637067e-06	7.973437852551452769e-05	-4.928191192499336301e-04
9.177956426118424860e-05	-6.538102985038772184e-05	7.595085761182463098e-05	-1.698952876763739185e-04	3.252465504534414096e-05	-9.324677176638648335e-05	-4.036885048975566534e-05	-5.569559983785752022e-05	3.580275285561631583e-05	-5.724986594852575614e-05	7.600366792245724862e-05	-4.019212266648222261e-07	2.165270831389036347e-04	2.921967776321080179e-05	4.151306842178304423e-05	-1.030335973335932747e-04	2.264107855130006287e-05	-7.156889023817208627e-06	8.530613536365981510e-05	5.805334705938255653e-05	-7.021459754737594872e-05	3.654161174516925225e-05	3.297584408963397920e-05	3.638195541303304689e-05	-1.862682309593239918e-05	9.234977314934644452e-05	5.243606726549798535e-05	-1.198211312451738613e-05	2.109056428238995190e-06	3.417614910909072887e-05	-6.781512382106078614e-06	6.994104641639843482e-05	-1.399437792047055450e-05	2.161666628252147213e-04	3.800754974441104893e-05	9.211481995230327228e-05	-1.143922001698771592e-04	1.772988842584500950e-05	0.000000000000000000e+00	1.812994391009574717e-04	4.904088359915778140e-05	6.169891377085483112e-05	6.102703839448879778e-05	-1.719298191502380106e-04	5.009278859568810699e-05	-5.316679400203438088e-05	7.797241199420913921e-05	-8.820013526266379732e-05	3.294486184259513525e-05	1.539921740763685530e-05	6.209383290212765563e-05	-1.399410723236279154e-04	-1.907227112311481350e-10	-2.351678206682171327e-05	3.808421779778173901e-05	-3.999538648730632329e-05	3.699954149555293532e-05	-2.000343843072619333e-04	1.294907574429518540e-05	-6.785149298759051329e-05	2.506606088940437896e-04	-1.026451348639451972e-05	2.173061703762982301e-05	-3.320366669106605568e-04
-8.712039702790939141e-04	-9.042316071635923217e-05	-6.035770090283584625e-04	4.052253964189022045e-04	-4.472257974086353127e-04	-7.619763492515401338e-06	-4.571747741477225676e-04	1.819970246384281377e-04	-1.845677367836421365e-05	7.123003797575175539e-05	2.153619682534880619e-04	3.200589988448900361e-05	2.327771383761206045e-04	1.960322000414098517e-04	7.627889352694068722e-05	-3.107126305850443074e-05	-5.625134633611089761e-04	2.315224225930337105e-04	5.261973793454090926e-04	1.580222612368350739e-04	2.264297850593878286e-04	-7.341058571054659529e-05	-2.718678886714634207e-04	-2.596173411389079103e-06	4.145030052302654247e-04	-3.922703446640162504e-05	1.263340558065283238e-05	-1.035440710187278011e-04	1.869910644304547450e-04	8.001529056176338276e-05	5.313074101206693729e-04	2.306071744566340445e-05	-2.115629446829989731e-04	2.309610234235278878e-04	2.363770602790181766e-04	3.284735622945812825e-05	8.324523379921147019e-05	-3.081871442606437094e-04	-1.812994391009574717e-04	0.000000000000000000e+00	-8.992886244147307905e-06	-3.532579079978839624e-05	-1.324160874072270733e-04	1.104693956244139552e-04	-2.067337812926002376e-04	8.548382530226350876e-05	2.539568600248892484e-05	5.758361033346923999e-04	-4.399996782678400591e-04	-4.458817634398801026e-05	-2.641766662563758885e-04	5.353872390140774259e-04	-2.506549464597899925e-04	3.919576971986670188e-05	-1.864001649887775543e-04	4.152509602434989022e-04	1.082836547371244276e-04	-1.859231250369048092e-05	-1.509972660760769880e-05	1.931188619534806333e-05	2.791925774466399220e-11	6.123809620604836208e-04	2.412389659589849020e-04	3.560055683946984997e-05
-1.893101586667692528e-05	-3.382662041425717062e-05	-2.670111766840467017e-05	1.460892875614189213e-05	9.034023227421367620e-05	-3.261629483411097007e-11	-1.241846466933233786e-05	-6.170724767513445421e-05	1.120814804638934562e-04	6.743378079857795655e-06	3.960044344636750365e-05	-1.212166136938038499e-04	4.270666164504160567e-05	-9.174458904160579659e-05	4.082935917434910153e-05	-3.097321883230084143e-05	-2.123064681891383745e-05	4.175622300657743583e-05	4.635430278888779104e-05	-1.024927636452421548e-04	1.306685883450485933e-05	-8.354884640611004269e-05	-8.223674788257516813e-05	9.099707055192795880e-07	1.718081401406176153e-05	2.994769686760312237e-05	7.018671729975717061e-05	-6.769686072529605700e-06	-3.297307376405947399e-05	-1.295280106892174883e-06	8.138456577195195794e-06	3.918423859835114221e-05	-6.675159531353144706e-05	4.098077369110428357e-05	1.183052617658670557e-05	-3.792214693372327947e-05	1.787719669243183940e-07	-8.783989350392689007e-05	-4.904088359915778140e-05	8.992886244147307905e-06	0.000000000000000000e+00	7.177169480275340501e-05	6.279109627293733779e-05	5.242975343753423580e-06	5.453126524278475729e-05	-7.599459475804151373e-06	-1.301702994540788929e-05	-3.887725506580940306e-05	3.328714812756413066e-06	2.577266018251493117e-05	5.409769524035932929e-05	3.165487204959400100e-06	9.324585858719131265e-05	-6.057072213747708906e-06	-7.559746338231585555e-06	-9.857652627154008581e-05	8.727102619186428187e-05	-3.792753986150648282e-05	-3.589595486063980891e-06	-1.117568368385925541e-04	7.620793057024430615e-06	-3.626630884298286659e-05	7.527143871542061855e-05	-4.457364869863900998e-05
3.800178113332042511e-05	5.433115839752376765e-05	5.362184772053993093e-05	6.340000115100976453e-06	-1.730730469582487463e-05	9.174521886653486406e-05	8.684747028169431115e-06	4.167184190076620532e-05	2.972744034414858397e-05	-5.670043209934940679e-05	-3.951502765251279736e-04	2.309624487030081821e-05	-5.246106964331802291e-04	5.624271600492204053e-10	-1.059665220191446076e-04	2.186542067117431111e-04	1.391951649063488553e-04	-2.460417623029583986e-04	-6.062478202670982478e-04	-1.672829061880477792e-06	-2.858581339732990884e-04	-5.656958962107452616e-05	-1.019561427041627746e-04	7.647772234112553292e-05	-2.243537812392952047e-04	-4.212590690758580704e-06	2.660933803295244135e-05	1.001529541476600237e-04	4.938962784734798872e-05	-2.399538392865952440e-05	-1.357968061993264328e-06	-5.046923305128975397e-05	8.171788093805476658e-05	-4.143327585064866814e-04	-3.089779726221656342e-04	-5.700799552770854635e-05	-1.017624431209791249e-04	-1.260182838936708179e-04	-6.169891377085483112e-05	3.532579079978839624e-05	-7.177169480275340501e-05	0.000000000000000000e+00	1.307693875737250475e-05	1.221426855308412919e-04	-1.028743003151548832e-06	1.366710534862929701e-04	3.048111796925495154e-05	-3.557021492343881430e-05	-3.411669217569937638e-05	7.042775442205899861e-05	1.563949977853409978e-05	1.383482607077346407e-04	-2.921971231929975253e-05	2.093697350520783347e-04	3.738400768217591983e-05	5.528130961794966121e-05	-4.037968726887875752e-05	2.180333515191629711e-04	-1.095910365024233796e-05	-3.546151979869572245e-05	-1.960335474928701842e-04	-7.769230938731408161e-05	-8.717572473549992985e-05	4.005929903315387421e-04
-1.484573013100732512e-04	7.730801560000770780e-05	2.987160766909451975e-05	1.112979255883268781e-04	-5.158009361075284086e-05	8.355010352725748411e-05	-6.442920742857404859e-05	7.442373658516203438e-05	5.995360384773213867e-05	-9.115312003963932028e-05	-1.223305229462689461e-04	2.682163711772641106e-05	-3.316745605187505915e-05	5.656974508508394922e-05	1.582535103275079175e-05	-8.482435644976813903e-05	8.706709490957230575e-05	-3.204055280196319304e-05	-1.668504797491550244e-04	4.924422725450295398e-05	-8.150923416844927467e-05	-8.310043295316869188e-12	-5.645131982308998015e-05	5.593423942325152570e-05	-6.682648362377472176e-05	-3.803383941638117818e-05	5.026164500373098341e-06	2.613241875205608812e-05	6.784813387412171352e-05	-3.547509526262094734e-05	1.205321863935991135e-04	-9.062748524294659798e-05	2.618884825908402114e-05	-3.360635480062601596e-05	-1.797080626606947155e-04	1.938154353322603255e-05	-7.677123739069453205e-05	-6.908543914646217551e-05	-6.102703839448879778e-05	1.324160874072270733e-04	-6.279109627293733779e-05	-1.307693875737250475e-05	0.000000000000000000e+00	1.470349902200241300e-04	-1.120731051930997507e-05	2.104654918697548176e-04	1.157816119943950837e-04	-1.749150556684690697e-05	-1.736866885601899210e-04	8.362848450714857346e-05	1.602703857819488280e-05	2.573172795300263669e-04	-3.654157949455355428e-05	1.892175678551467357e-04	9.843850881620765789e-06	8.087593970743727173e-05	9.823724717135936342e-06	2.697726755444825478e-05	7.940221545493246946e-05	-6.889985384545766812e-05	7.340587408163730333e-05	-8.769942027890979320e-05	-3.580233097760810725e-05	-6.487636090547331969e-05
1.562424070757023695e-04	-1.505428174128913715e-04	2.150324375006877609e-04	-6.689214199305519484e-05	2.644986813585874447e-04	1.295390815265322641e-06	1.077434849827779381e-04	-1.319314380955274196e-04	-4.063225644049877835e-04	1.315183992449629464e-04	2.243023396459461148e-04	2.037148109538716766e-04	2.300487483533395871e-04	2.398736230829973462e-05	-4.516865786274664959e-04	4.795526205074799442e-05	2.382225211728462096e-04	2.368789456830644002e-04	5.367476102157832472e-04	-2.284120109862003878e-04	2.706965819824677091e-04	3.546994909306033664e-05	1.672366699860474044e-04	-4.032977415356963160e-05	-8.500033802386798977e-05	-5.952946877693269262e-06	-3.537562515955899487e-04	3.511201346908629815e-05	-8.524644831109627358e-04	1.081863227236323338e-10	-1.064720022726478561e-04	3.861414434841280033e-04	4.142632048550411888e-04	2.175602708592991525e-04	2.787044554611557224e-04	-8.802102577539203977e-04	1.351663396469084035e-04	-6.709838410515260544e-05	1.719298191502380106e-04	-1.104693956244139552e-04	-5.242975343753423580e-06	-1.221426855308412919e-04	-1.470349902200241300e-04	0.000000000000000000e+00	-3.098472799373426512e-04	-3.444449753638688383e-05	-8.069885535842875879e-06	3.707369797393631882e-04	8.125292081435288197e-05	-4.469412507210980328e-04	-9.762567395673059411e-05	-6.611718350403071403e-05	-3.417154182015565860e-05	-1.123346136853037449e-05	4.698192987700315919e-05	-8.445011741200562748e-06	-3.262700077579043772e-04	6.007042135723921936e-05	-3.579882467697701473e-05	6.705463665687854714e-04	-8.001749283554233103e-05	3.878720102895037757e-04	-1.589824921405934180e-04	1.137051919484102200e-04
-5.932066807735503645e-04	8.494998625877667642e-05	2.314655838197940909e-05	3.349939263191144137e-04	-6.185420421659211737e-05	8.784199157860802902e-05	-2.667665548590926862e-04	8.424213638202215524e-05	8.551644782581293072e-05	-9.569722868227296280e-05	9.290089234581161751e-05	4.617137010067834396e-05	4.086758079001038581e-04	1.260180346805444727e-04	1.339671093859027607e-04	-3.826536801109384298e-04	5.025881809019756705e-05	1.327960390263142919e-04	2.007561240528334221e-04	1.160863257948667920e-04	9.314082115272553442e-05	6.908573059347240493e-05	-2.583995080337823100e-06	-2.418174117975122468e-05	2.241965085902053434e-04	-5.066824335879254631e-05	-3.610768729089542157e-06	-4.634199847101613551e-05	8.461492129112937717e-05	6.709610896977644904e-05	5.103975483192273697e-04	-1.068761784316798840e-04	-1.690741905617376689e-05	2.938017328388244564e-04	-8.953110566695896824e-05	1.081503151833526020e-04	-1.031664132064796877e-04	6.824798441838688008e-10	-5.009278859568810699e-05	2.067337812926002376e-04	-5.453126524278475729e-05	1.028743003151548832e-06	1.120731051930997507e-05	3.098472799373426512e-04	0.000000000000000000e+00	5.591448163227256962e-04	3.176541366342325789e-04	1.864406485914516074e-06	-4.502600567057856449e-04	1.071356688991385625e-04	4.545028018625662213e-05	6.641855298126096620e-04	-1.772993451066045732e-05	3.302101632271193187e-04	-2.191284011012045030e-05	7.973463900446702197e-05	5.047277778038148933e-05	-1.450041792468823205e-04	1.109868620025293172e-04	-9.876976752316728484e-05	3.081789136748331551e-04	-1.113363429940321354e-04	-1.282578295076592051e-06	-4.928000213393598020e-04
2.313879628392471056e-04	-4.297833510003136004e-04	3.561304465067460399e-04	-1.102282222780181511e-04	6.720986959703359291e-04	7.599720364855012021e-06	1.520625303969053328e-04	-3.896788303852417607e-04	-4.297770028812466212e-04	2.538764901324540389e-04	5.869408460542286168e-04	1.199983961605954565e-04	6.577426075061929261e-04	-1.366870254135383537e-04	-9.365873721241101818e-04	2.392512868478270432e-05	3.561334875201200992e-04	5.869428923454196893e-04	1.312412600643160857e-03	-6.014585449875774464e-04	6.754086448100511198e-04	-2.104756650369934718e-04	-1.456069340618801442e-04	-3.903862013504810465e-05	-1.102291944759870360e-04	1.200090713838868208e-04	-6.014402101619607116e-04	6.956266976547030752e-05	-1.833904630345687022e-03	3.444460710646850222e-05	-9.308662777283237114e-05	8.836582948184084577e-04	6.720826268146062486e-04	6.577466208111032225e-04	6.754106378403451974e-04	-1.833904607052432977e-03	3.131400604291073022e-04	-5.591492418143379720e-04	5.316679400203438088e-05	-8.548382530226350876e-05	7.599459475804151373e-06	-1.366710534862929701e-04	-2.104654918697548176e-04	3.444449753638688383e-05	-5.591448163227256962e-04	0.000000000000000000e+00	2.193686109293411374e-05	6.606421534678173606e-04	1.520623522439610588e-04	-9.365917611984103663e-04	-1.456044620160646449e-04	-9.308580756058209313e-05	5.317726114355910452e-05	2.193716055951094846e-05	8.154132226615246829e-05	-2.000224253871025267e-04	-3.896678781291251954e-04	2.392291531634624523e-05	-3.904059662857294099e-05	8.836538818170636828e-04	-8.548640496699541776e-05	6.606433601676632008e-04	-2.000024056942963676e-04	3.927779320413808391e-05
1.099307457508578491e-04	-1.783602811096938112e-04	1.546299030689486545e-04	-6.927139724849072926e-05	3.652549867151074848e-04	6.057205587190090545e-06	5.551995175046179563e-05	-1.892510469274842860e-04	-1.277195028619761683e-04	1.070929007569891903e-04	2.835893049758112048e-04	-4.530873842510690946e-05	3.154234983746968227e-04	-2.093765278093864433e-04	-3.828323344549471865e-04	7.699856338862657714e-06	1.641308092371190355e-04	2.846395893769088732e-04	6.356053869973879358e-04	-4.490243871092018061e-04	3.254590663146113023e-04	-1.892219679087857776e-04	-1.187862017235646753e-04	-2.164353847168676401e-06	-3.948814888823558110e-05	6.332791537246203195e-05	-2.836642305174635025e-04	3.997267624410501426e-05	-9.669243499053352571e-04	1.123352079267665919e-05	-2.198530183045921329e-05	4.226734618388153838e-04	1.758408718857240702e-04	3.360200694878400949e-04	3.391522122763158910e-04	-9.089191855075761002e-04	1.633610940809858913e-04	-3.302121618552429421e-04	-7.797241199420913921e-05	-2.539568600248892484e-05	1.301702994540788929e-05	-3.048111796925495154e-05	-1.157816119943950837e-04	8.069885535842875879e-06	-3.176541366342325789e-04	-2.193686109293411374e-05	0.000000000000000000e+00	2.983050428588814398e-04	9.214041852597924949e-05	-3.874432516386640182e-04	-9.293108817172605961e-05	-8.713342235357724960e-05	2.352213720463358946e-05	1.452343544839046312e-10	2.954233607197648089e-05	-1.170926092297438657e-04	-9.093740822136233987e-05	-1.157487787290556219e-06	-1.108729703853015133e-05	3.626670370803474755e-04	-3.919600150289737062e-05	3.044361572387222024e-04	8.340906738091305125e-05	1.433849462207211151e-06
4.967523829471980849e-04	-2.220913140457094392e-05	-2.672640892818500620e-05	-2.495598031380619154e-04	4.159914251061633738e-05	3.626638630020012893e-05	2.833568831412528518e-04	-3.708886362498730086e-05	-7.085436272147837818e-05	7.656379072051738865e-06	-5.243746352222105299e-04	7.316011933724457864e-05	-1.198674058435093403e-03	7.769303590801586229e-05	-3.985038967586379446e-05	6.455828925829530923e-04	3.694714955209421636e-05	-5.613325506801911157e-04	-1.176250247737948857e-03	1.238243692681531907e-04	-4.706354236238502551e-04	8.769920975119864363e-05	8.628344258487620553e-05	-8.131181294382430590e-06	-2.256803156853422546e-04	4.045622509664211137e-05	5.807021031437238114e-05	-5.995086027631494046e-05	-8.578209796846194223e-06	-3.878715214336507337e-04	-5.662129778834287114e-04	4.317118537054190477e-05	7.587716762460709849e-05	-1.166629673742216721e-03	-5.999774938888627687e-04	1.431538669020467058e-04	2.434632586436281381e-05	1.113351814311334129e-04	8.820013526266379732e-05	-5.758361033346923999e-04	3.887725506580940306e-05	3.557021492343881430e-05	1.749150556684690697e-05	-3.707369797393631882e-04	-1.864406485914516074e-06	-6.606421534678173606e-04	-2.983050428588814398e-04	0.000000000000000000e+00	3.272669096832805198e-04	8.439722781801073159e-06	-2.039477387186435111e-05	-6.272754202155418884e-04	1.026453292715143959e-05	-3.044354324375112908e-04	2.469494590206327796e-06	-2.877098566696062240e-05	-7.360544203270638825e-05	4.977337356256203004e-04	-3.594451604049344167e-06	3.621051628534712309e-05	-6.123798182163335806e-04	2.218250688950004475e-11	-1.091494110982519381e-04	1.308037417389421812e-03
1.668290089864999916e-05	-1.662525990151177816e-05	-2.496159573595335690e-04	8.002380875779631153e-06	-3.447429054726103975e-04	1.241831374956639905e-05	-2.388435123050009152e-11	9.201976325326483149e-05	1.546197740459237567e-04	-9.913077282701076860e-05	1.128591710694562468e-04	-6.349947866956138164e-05	5.165523283431385773e-04	-8.677596118793218656e-06	4.131680243950133519e-04	-4.166902759674582461e-04	-1.854836458804452499e-04	1.199548511765495421e-04	1.952969346829227159e-04	1.905403850599184145e-04	7.941457201805044862e-05	6.443374016121177828e-05	8.262834051379609702e-05	-1.353374652008324205e-06	4.001547506852583442e-06	3.034265782454684398e-05	2.785396880414444136e-04	-5.222899112256215693e-05	8.252567419974846281e-04	-1.077435512008309245e-04	-1.173026831508838943e-04	-1.916236945483518065e-04	-3.685676046312959687e-04	4.917338880938792013e-04	7.115729905991926771e-05	7.983862530441527931e-04	-1.676598264133133940e-04	2.667684759038017363e-04	-3.294486184259513525e-05	4.399996782678400591e-04	-3.328714812756413066e-06	3.411669217569937638e-05	1.736866885601899210e-04	-8.125292081435288197e-05	4.502600567057856449e-04	-1.520623522439610588e-04	-9.214041852597924949e-05	-3.272669096832805198e-04	0.000000000000000000e+00	4.106664311497357743e-04	2.261829277592715989e-04	-7.663734990653002510e-05	4.036414580162809012e-05	-5.551991776352530050e-05	-3.687890296677393844e-05	1.047302644154092272e-04	1.889739664293135779e-04	-4.168928747872256550e-04	-1.617415624284148103e-06	-3.532152403167283621e-04	4.571771504741237386e-04	-2.833576149312438692e-04	1.513778084288106679e-04	-9.109060281418308348e-04
-8.154547845805752747e-04	9.234030579062760149e-05	8.297918430473836095e-05	3.273392456228032968e-04	3.467460257390097617e-06	-4.082929169237615004e-05	-4.131696950741405115e-04	4.619568733196199693e-05	1.905065446136119749e-04	-2.249139810011240701e-05	-1.544591271997970613e-05	-4.206596017210222505e-05	-1.271394464065951104e-04	1.059673008668416099e-04	-3.488637065192121503e-10	5.956308918153412486e-05	1.122729797180948847e-04	-1.378625132008927954e-04	-2.041718736336052445e-04	7.455272379322489961e-05	-8.500262844586268835e-05	-1.582456346910076094e-05	-1.159723191373978441e-04	3.026306422700896322e-05	3.722811433299578966e-04	-8.454089661349807410e-05	-1.249737727728922375e-04	4.023125954064114368e-05	-8.095991175109014935e-05	4.516886603926085477e-04	9.313737579629785025e-04	-7.742770704018932454e-05	9.972576016865854123e-05	-1.481108724249197855e-04	-1.084425798368392852e-04	4.897733331746892415e-05	-2.056348706030777852e-05	-1.339663224731702483e-04	-1.539921740763685530e-05	4.458817634398801026e-05	-2.577266018251493117e-05	-7.042775442205899861e-05	-8.362848450714857346e-05	4.469412507210980328e-04	-1.071356688991385625e-04	9.365917611984103663e-04	3.874432516386640182e-04	-8.439722781801073159e-06	-4.106664311497357743e-04	0.000000000000000000e+00	-5.214873246908384956e-05	9.023279933355207944e-04	-4.151332455593535699e-05	3.828341983636249788e-04	-1.282098394142788105e-05	1.225887011187021302e-05	4.130233246336247570e-05	3.727882123619890870e-05	2.238753154732112008e-05	-1.759186233777945121e-04	-7.627930523790461955e-05	3.985019602235471308e-05	-9.474448443634139630e-05	6.045375048384593825e-05
-2.233138078832198978e-04	9.113457046574380141e-05	4.139598897915764775e-05	1.163214126182742511e-04	-4.146256076688240277e-05	8.223895544791283863e-05	-8.262721703562824589e-05	7.857828476642115612e-05	1.102315490733047764e-04	-1.039476349877032464e-04	1.354805938966873054e-04	2.425542059745019628e-05	4.085308971986214340e-04	1.019558023154041454e-04	1.159728550349064234e-04	-3.550576654272290375e-04	1.070388979566067365e-04	9.226492030167820373e-05	1.841653569346645737e-04	9.423426138525555493e-05	1.338336242597285767e-04	5.645152447861196765e-05	5.573387174408021838e-10	-1.961920975458408654e-05	4.128359171018154835e-05	-6.463893299301279034e-05	-2.170511449820914832e-05	-6.034178165109418257e-05	6.390224756244261778e-05	-1.672380531721864621e-04	1.248261758989140601e-04	-1.126792653771637083e-04	-3.435120359839107299e-05	2.990720066723187836e-04	-1.250463571476084659e-04	1.617900127329607981e-04	-1.026225233028273619e-04	2.585233279724516783e-06	-6.209383290212765563e-05	2.641766662563758885e-04	-5.409769524035932929e-05	-1.563949977853409978e-05	-1.602703857819488280e-05	9.762567395673059411e-05	-4.545028018625662213e-05	1.456044620160646449e-04	9.293108817172605961e-05	2.039477387186435111e-05	-2.261829277592715989e-04	5.214873246908384956e-05	0.000000000000000000e+00	2.420598166342729889e-04	-3.297590208915963939e-05	1.187850784800853000e-04	-2.216933229136480439e-05	5.767979367381768138e-05	7.374134859421955493e-05	-2.037331094807777107e-04	1.093176258782203143e-04	-1.223167253882833749e-04	2.718590689200034395e-04	-8.628464212088092446e-05	2.540735605955936869e-05	-5.146821002955659363e-04
1.409612708777102847e-04	-2.835634142326158417e-04	3.982337574213071587e-04	-5.402089093628960218e-05	6.751817701351934230e-04	-8.138174353786239588e-06	1.173029647819803762e-04	-3.244009892856714733e-04	-4.705638344711757671e-04	2.679333670544482350e-04	1.740866107283427081e-04	2.066966852446128168e-04	-2.328260134151494674e-04	1.341387527676384341e-06	-9.313694290522742114e-04	4.693552591163930232e-04	3.041966253633147477e-04	1.944045798067714872e-04	4.653353313099046302e-04	-4.306930515952470139e-04	2.528389134644952007e-04	-1.205428209233336636e-04	-1.248290946443881590e-04	-3.316938914280934613e-05	-1.061508971563524960e-04	5.231531790541176939e-05	-6.137016916830579684e-04	7.670339176656644042e-05	-1.821461908996741506e-03	1.064718443903512506e-04	-6.164903285911201621e-10	7.290483577142201597e-04	8.059538341241964578e-04	-2.015470313593944378e-04	2.798164334224661630e-04	-1.826770809409922463e-03	3.268247773593615331e-04	-5.104023365586017038e-04	1.399410723236279154e-04	-5.353872390140774259e-04	-3.165487204959400100e-06	-1.383482607077346407e-04	-2.573172795300263669e-04	6.611718350403071403e-05	-6.641855298126096620e-04	9.308580756058209313e-05	8.713342235357724960e-05	6.272754202155418884e-04	7.663734990653002510e-05	-9.023279933355207944e-04	-2.420598166342729889e-04	0.000000000000000000e+00	6.792187963882643500e-06	2.198514649097513957e-05	7.414823299163517654e-05	-1.965832468459417564e-04	-4.735462190002345416e-04	4.832714461869753488e-04	-3.563139839841087135e-05	8.830456620712854362e-04	-5.313119884391779690e-04	5.662142906555884614e-04	-3.786589554663078849e-04	1.026607746888705090e-03
9.178929431533682979e-05	3.580312976233708148e-05	2.264148811555671088e-05	-1.863191513289686867e-05	-1.399438680437905253e-05	4.904211104283644771e-05	3.294951702853302994e-05	3.699965675690424774e-05	-6.538143934142385356e-05	-5.725069601267419428e-05	-7.161799972709716292e-06	9.235002957064104259e-05	2.161557882475852253e-04	6.169890444933921227e-05	1.540006457053790336e-05	-2.000289254916497780e-04	7.595115625264700252e-05	7.599909581667305212e-05	8.529545665891728019e-05	5.243603453072951011e-05	3.800208806089431710e-05	6.102719578226783613e-05	6.209469514745165125e-05	1.295051968917405393e-05	-1.699001026074563412e-04	-4.021064373351674279e-07	5.805340999882787197e-05	-1.198085490694108032e-05	9.211550786876208170e-05	-1.719351014739086618e-04	-1.399520538641620907e-04	-6.785194919247812778e-05	3.252459770913361384e-05	2.165163982771418829e-04	-7.021929551374709883e-05	2.109900260967279866e-06	-1.143908959550706808e-04	5.009363505026836290e-05	1.907227112311481350e-10	2.506549464597899925e-04	-9.324585858719131265e-05	2.921971231929975253e-05	3.654157949455355428e-05	3.417154182015565860e-05	1.772993451066045732e-05	-5.317726114355910452e-05	-2.352213720463358946e-05	-1.026453292715143959e-05	-4.036414580162809012e-05	4.151332455593535699e-05	3.297590208915963939e-05	-6.792187963882643500e-06	0.000000000000000000e+00	7.796784951546038541e-05	3.808292877180396421e-05	2.173069365825081728e-05	-5.569608974242992142e-05	-1.030279455387172842e-04	3.638331782416224548e-05	6.994160013091646499e-05	1.812943191899743403e-04	-8.820025525946462326e-05	-3.999525131552172344e-05	-3.320246106202183337e-04
1.099309082221976706e-04	-1.277224480487548167e-04	1.641292675024249963e-04	-3.948775875420379108e-05	1.758478399606774271e-04	1.301720527659756199e-05	9.214056005872576388e-05	-9.094223291981047108e-05	-1.783569071898531439e-04	1.070928376866727783e-04	2.846378724060050951e-04	6.332245513048748468e-05	3.360163277894815011e-04	-3.048912210125176322e-05	-3.874410808736135576e-04	-1.155517309776969974e-06	1.546313478473988247e-04	2.835894493299742679e-04	6.356036139455920574e-04	-2.836733254665919565e-04	3.391505050427902801e-04	-1.157868063523759760e-04	-9.293256369063577832e-05	-1.108626134881467886e-05	-6.927199735082446722e-05	-4.530407356621203319e-05	-4.490164939039596129e-04	3.997277886127707108e-05	-9.089194901424574400e-04	8.069850921892379459e-06	-8.713407845081639594e-05	3.626691312728757416e-04	3.652469152615803443e-04	3.154235228297874987e-04	3.254591795516303477e-04	-9.669242459622627919e-04	1.633613113768788675e-04	-3.176565238016637550e-04	2.351678206682171327e-05	-3.919576971986670188e-05	6.057072213747708906e-06	-2.093697350520783347e-04	-1.892175678551467357e-04	1.123346136853037449e-05	-3.302101632271193187e-04	-2.193716055951094846e-05	-1.452343544839046312e-10	3.044354324375112908e-04	5.551991776352530050e-05	-3.828341983636249788e-04	-1.187850784800853000e-04	-2.198514649097513957e-05	-7.796784951546038541e-05	0.000000000000000000e+00	2.954225325231510417e-05	8.340039742740933582e-05	-1.892454370063817600e-04	7.699767652524074034e-06	-2.165105834877745957e-06	4.226709624093247502e-04	-2.539785590829313788e-05	2.983055661530727848e-04	-1.170826108153104285e-04	1.435969124456307354e-06
6.680992851267330028e-05	-6.578455750397446905e-05	-3.535546064953128576e-05	-3.403653032233726377e-05	-5.253559838397138537e-05	7.559838730167981578e-06	3.687900599774644533e-05	-8.265511728728710151e-06	-6.578206404558421285e-05	9.396481037303929907e-07	1.434816686153905286e-04	4.052207405196815986e-05	3.354737086199426500e-04	-3.738434532722929550e-05	1.282103149606119607e-05	-1.537353865794795324e-04	-3.535546663766643083e-05	1.434817293038046751e-04	3.312991276597201571e-04	-4.279519721853238445e-05	1.780243423664314986e-04	-9.845136637460014914e-06	2.216677310145794396e-05	-4.148411349376599680e-06	-3.403660486052688307e-05	4.052347505865421689e-05	-4.279483660938856104e-05	-3.891954915658235446e-06	-4.940457256310158902e-05	-4.698205747966514357e-05	-7.414837289962899038e-05	7.719695751183232530e-05	-5.253599618051851198e-05	3.354737133565643351e-04	1.780242278468806196e-04	-4.940443164124116543e-05	-3.074508422547356727e-06	2.191035992859657612e-05	-3.808421779778173901e-05	1.864001649887775543e-04	7.559746338231585555e-06	-3.738400768217591983e-05	-9.843850881620765789e-06	-4.698192987700315919e-05	2.191284011012045030e-05	-8.154132226615246829e-05	-2.954233607197648089e-05	-2.469494590206327796e-06	3.687890296677393844e-05	1.282098394142788105e-05	2.216933229136480439e-05	-7.414823299163517654e-05	-3.808292877180396421e-05	-2.954225325231510417e-05	0.000000000000000000e+00	5.891223131716029912e-05	-8.264115004870092575e-06	-1.537352339335568835e-04	-4.148396217292746549e-06	7.719411526261320841e-05	1.864000179498327865e-04	-2.469602701037858974e-06	5.891261687396139805e-05	-3.708080229682415982e-04
-3.774459806868150826e-04	1.703787792251024261e-05	-2.046112865854004539e-05	1.290665044772944660e-04	-1.544790662300779729e-06	-7.527204256783562959e-05	-1.513867286622500757e-04	7.766144983922946026e-07	1.571137173283193686e-04	3.606948751730862357e-05	3.215181694570479426e-05	-7.476397806311589189e-05	-3.387551862638640788e-04	8.717538343564336205e-05	9.474313841378275206e-05	2.320077160596007771e-04	-5.721487809844702076e-05	-1.959326375214968637e-04	-2.846148785926741823e-04	9.382846018968351654e-05	-9.815304610115134585e-05	3.580229331119181592e-05	-2.540794280091626149e-05	-4.549006254404089615e-05	3.922175858677671035e-04	-5.512425156121110773e-05	-1.193485009993789693e-04	-9.003340078311846783e-05	-1.264667750632022494e-04	1.589924013463476474e-04	3.786797322962691262e-04	1.794676749901303394e-05	-7.979199037691485916e-06	-4.488264162257306279e-04	-1.368145656062980933e-04	1.740342704751668076e-04	1.256495132473946469e-04	1.282201312159779929e-06	3.999538648730632329e-05	-4.152509602434989022e-04	9.857652627154008581e-05	-5.528130961794966121e-05	-8.087593970743727173e-05	8.445011741200562748e-06	-7.973463900446702197e-05	2.000224253871025267e-04	1.170926092297438657e-04	2.877098566696062240e-05	-1.047302644154092272e-04	-1.225887011187021302e-05	-5.767979367381768138e-05	1.965832468459417564e-04	-2.173069365825081728e-05	-8.340039742740933582e-05	-5.891223131716029912e-05	0.000000000000000000e+00	9.345504493323691930e-05	1.682569830003001737e-04	4.697416616948828607e-05	-1.709337935986371209e-04	-2.412367367867502958e-04	1.091484675036872849e-04	-4.362499764186275825e-10	5.022643356302621768e-04
-3.810751148933455221e-04	6.485827778872768417e-05	-7.604233475743961109e-05	3.275747997832500623e-04	7.663120582315023611e-05	6.170822577650980558e-05	-9.201486135979253722e-05	-3.179318082254489720e-10	2.483124831740936614e-05	1.757014492078803628e-05	-2.756740626200206227e-05	-3.751605518150510161e-05	-7.156236883951511336e-05	-4.167180698400844031e-05	-4.619538149213067864e-05	3.516910743779529520e-05	1.800504810581843616e-05	6.515091525437781861e-05	4.747894231037822047e-05	-9.249969690163501574e-05	1.243753317853803393e-04	-7.442368633665863745e-05	-7.857798497604143368e-05	2.254208829220979144e-06	1.550617837706719650e-04	-4.142532939604078881e-05	6.089844664528385354e-05	-2.333844921687391676e-05	8.011449783916268496e-06	1.319265997869396075e-04	3.243898587244944129e-04	-8.219075957157653215e-05	4.964070574584132368e-06	-7.119257389001578274e-05	1.585066217914176605e-05	-1.011743860759646183e-04	1.401876005626911893e-04	-8.424188932846992457e-05	-3.699954149555293532e-05	-1.082836547371244276e-04	-8.727102619186428187e-05	4.037968726887875752e-05	-9.823724717135936342e-06	3.262700077579043772e-04	-5.047277778038148933e-05	3.896678781291251954e-04	9.093740822136233987e-05	7.360544203270638825e-05	-1.889739664293135779e-04	-4.130233246336247570e-05	-7.374134859421955493e-05	4.735462190002345416e-04	5.569608974242992142e-05	1.892454370063817600e-04	8.264115004870092575e-06	-9.345504493323691930e-05	0.000000000000000000e+00	1.297863108697755127e-04	1.784229399107465511e-05	1.618800626650260428e-05	-1.820023829189228984e-04	3.708893752773415162e-05	-7.765106872679398281e-07	1.596522418673644703e-04
8.220353596671979741e-04	1.452575883124867617e-04	6.772236635270484275e-04	-3.818446920477876726e-04	2.170151244442116443e-04	3.097239099699433120e-05	4.166879692816419321e-04	-3.516373527283044313e-05	-6.129106586659293461e-05	-6.610153485741383436e-05	-2.020772847951909804e-04	-1.774692035029769798e-05	-1.828168248981929987e-04	-2.186525266037517138e-04	-5.956261205680126109e-05	1.880358128639783013e-10	5.468459390338665203e-04	-2.190576870621419752e-04	-5.049485553662903543e-04	-1.841668320859444021e-04	-2.122949137421380758e-04	8.482939977876503455e-05	3.550668903587614008e-04	-8.817747828125281829e-06	-3.670325948798362466e-04	-1.185454825180686026e-04	-2.738340358122971730e-04	1.338805298591852944e-04	-1.311684595956808777e-04	-4.795325647249465634e-05	-4.693510623621143462e-04	-7.562364591541924515e-05	2.030919531815053212e-04	-2.053983349652460254e-04	-2.249576893079556256e-04	-7.426298955347910387e-05	-1.005734831192019391e-04	3.826623238167070401e-04	2.000343843072619333e-04	1.859231250369048092e-05	3.792753986150648282e-05	-2.180333515191629711e-04	-2.697726755444825478e-05	-6.007042135723921936e-05	1.450041792468823205e-04	-2.392291531634624523e-05	1.157487787290556219e-06	-4.977337356256203004e-04	4.168928747872256550e-04	-3.727882123619890870e-05	2.037331094807777107e-04	-4.832714461869753488e-04	1.030279455387172842e-04	-7.699767652524074034e-06	1.537352339335568835e-04	-1.682569830003001737e-04	-1.297863108697755127e-04	0.000000000000000000e+00	4.057944181846337326e-06	6.504298019431188475e-05	3.107104772429080189e-05	-6.455840571109472013e-04	-2.320102706784392670e-04	-9.517343942204523760e-05
-2.653328819010765394e-05	7.265230899712464866e-05	5.424353482168727827e-06	3.578387678592395422e-05	4.385696633152614502e-05	-9.100252987721881037e-07	1.352578141004303972e-06	-2.252819847680053054e-06	-4.683983543305014871e-05	-7.577820270756616359e-07	6.255592323040475552e-06	-2.105997097439731681e-05	3.816386881120871342e-06	-7.647534331878503785e-05	-3.026316353190883771e-05	8.817777186165997837e-06	1.324107747100640724e-05	-1.379058514148667796e-05	-4.824296370850362509e-07	-7.810439861889135007e-05	9.804460905936092382e-06	-5.593287699046668976e-05	1.961979413692669267e-05	-1.128024310811847545e-10	3.243166404879602790e-05	-4.309436646469247205e-05	2.914856239902820237e-06	8.873121286839663060e-08	-1.821353011966170624e-05	4.033060521170373202e-05	3.317131165001992990e-05	-8.316426811764171425e-05	-4.202977281617975732e-05	3.948828019025151258e-06	5.025583938811121898e-06	2.682653531548170343e-06	-1.434382661559878483e-06	2.418241580189904919e-05	-1.294907574429518540e-05	1.509972660760769880e-05	3.589595486063980891e-06	1.095910365024233796e-05	-7.940221545493246946e-05	3.579882467697701473e-05	-1.109868620025293172e-04	3.904059662857294099e-05	1.108729703853015133e-05	3.594451604049344167e-06	1.617415624284148103e-06	-2.238753154732112008e-05	-1.093176258782203143e-04	3.563139839841087135e-05	-3.638331782416224548e-05	2.165105834877745957e-06	4.148396217292746549e-06	-4.697416616948828607e-05	-1.784229399107465511e-05	-4.057944181846337326e-06	0.000000000000000000e+00	4.413975217431960669e-05	2.596087868098475253e-06	8.131057383685921406e-06	4.548737833085045329e-05	-1.022763992167236924e-05
6.511096143971009881e-04	2.765037020490338215e-05	1.179699708963974396e-04	-3.980264238150660501e-04	-1.429965639240729090e-04	-3.918629986755136339e-05	1.916221304321708040e-04	8.219112298077515351e-05	-5.294905951149003938e-05	-6.134086888162236430e-05	-1.454562187121964634e-04	4.385841070169302439e-05	-2.751635556206560732e-04	5.046919824840838588e-05	7.742723079031227872e-05	7.561456118171702007e-05	-6.700026393370635421e-05	-1.097206935511005560e-04	-3.588126412140391335e-04	8.853241568302641033e-05	-3.930526772089014951e-04	9.062730849000896728e-05	1.126784900685210637e-04	8.316398974572701585e-05	-3.246263542096916393e-04	3.387184317253114573e-05	-4.644850884557488620e-06	-5.248327202474068333e-05	1.642663711026835652e-04	-3.861395976313608731e-04	-7.290437881994547798e-04	3.682440751585358009e-10	-5.580408473213926322e-06	-1.580519687358720462e-04	-1.095539774884313292e-04	9.146810176455221484e-05	-1.171230504018762320e-04	1.068757058330151459e-04	6.785149298759051329e-05	-1.931188619534806333e-05	1.117568368385925541e-04	3.546151979869572245e-05	6.889985384545766812e-05	-6.705463665687854714e-04	9.876976752316728484e-05	-8.836538818170636828e-04	-3.626670370803474755e-04	-3.621051628534712309e-05	3.532152403167283621e-04	1.759186233777945121e-04	1.223167253882833749e-04	-8.830456620712854362e-04	-6.994160013091646499e-05	-4.226709624093247502e-04	-7.719411526261320841e-05	1.709337935986371209e-04	-1.618800626650260428e-05	-6.504298019431188475e-05	-4.413975217431960669e-05	0.000000000000000000e+00	-2.305164397579159002e-05	-4.317097418643782610e-05	-1.794662562098570200e-05	1.380841503980994797e-04
-8.712061226084831739e-04	-1.846385275050958547e-05	-5.625120361122636081e-04	4.145051662472884133e-04	-2.115604566011661247e-04	-8.992088619343052751e-06	-4.399994789535382339e-04	1.082788348523927384e-04	-9.041560933790574242e-05	7.123007110965164893e-05	2.315226495182904536e-04	-3.923191928515572019e-05	2.309616524168640905e-04	-3.532755930347332267e-05	-4.458845661463994571e-05	-1.859266798288336980e-05	-6.035788937957331859e-04	2.153617749278824564e-04	5.261975624472836838e-04	1.263187631222644385e-05	2.363777252096190722e-04	-1.324212884017573078e-04	-2.641861479339729273e-04	-1.510008755637266890e-05	4.052253757214239679e-04	3.201031569032998362e-05	1.580234714118030682e-04	-1.035441089493269873e-04	3.284631365201082091e-05	1.104696811802124176e-04	5.353876071051603220e-04	1.932033145384451215e-05	-4.472287853334676170e-04	2.327766787599602879e-04	2.264294029886667931e-04	1.869918523385507170e-04	8.324521856394704483e-05	-2.067425778969390632e-04	-2.506606088940437896e-04	-2.791925774466399220e-11	-7.620793057024430615e-06	1.960335474928701842e-04	-7.340587408163730333e-05	8.001749283554233103e-05	-3.081789136748331551e-04	8.548640496699541776e-05	3.919600150289737062e-05	6.123798182163335806e-04	-4.571771504741237386e-04	7.627930523790461955e-05	-2.718590689200034395e-04	5.313119884391779690e-04	-1.812943191899743403e-04	2.539785590829313788e-05	-1.864000179498327865e-04	2.412367367867502958e-04	1.820023829189228984e-04	-3.107104772429080189e-05	-2.596087868098475253e-06	2.305164397579159002e-05	0.000000000000000000e+00	5.758368871961132675e-04	4.152536112653375309e-04	3.560060023698619763e-05
4.967536274506200583e-04	-7.085502934773517793e-05	3.694756501420402021e-05	-2.256810816680921393e-04	7.587637454917629115e-05	3.887718645134431413e-05	3.272674674449309708e-04	-7.360542079619298596e-05	-2.220938304391959818e-05	7.656263787121319578e-06	-5.613335595950582398e-04	4.045647678909402580e-05	-1.166631293486601129e-03	3.557049655813236731e-05	8.439290265265157287e-06	4.977344809165163558e-04	-2.672711925002085865e-05	-5.243755345002972055e-04	-1.176252052037995901e-03	5.807089146592678513e-05	-5.999785657764963257e-04	1.749166716124720609e-05	-2.039519185857372325e-05	-3.594391080425164470e-06	-2.495603208244567524e-04	7.316014449474200179e-05	1.238236288502839221e-04	-5.995090616466308838e-05	1.431542890232274348e-04	-3.707377251708577140e-04	-6.272766520403040905e-04	3.621130186013386300e-05	4.159899070809614408e-05	-1.198676097310230268e-03	-4.706363800169922375e-04	-8.577597706792562570e-06	2.434634011945900514e-05	-1.864418056140637067e-06	1.026451348639451972e-05	-6.123809620604836208e-04	3.626630884298286659e-05	7.769230938731408161e-05	8.769942027890979320e-05	-3.878720102895037757e-04	1.113363429940321354e-04	-6.606433601676632008e-04	-3.044361572387222024e-04	-2.218250688950004475e-11	2.833576149312438692e-04	-3.985019602235471308e-05	8.628464212088092446e-05	-5.662142906555884614e-04	8.820025525946462326e-05	-2.983055661530727848e-04	2.469602701037858974e-06	-1.091484675036872849e-04	-3.708893752773415162e-05	6.455840571109472013e-04	-8.131057383685921406e-06	4.317097418643782610e-05	-5.758368871961132675e-04	0.000000000000000000e+00	-2.877126278369870427e-05	1.308039350554911044e-03
-3.774274979285692022e-04	1.571131327465239899e-04	-5.721524076372808029e-05	3.922085597123645736e-04	-7.979747243682897841e-06	9.857671708267840569e-05	-1.047209956483214933e-04	9.345463638266482994e-05	1.703785692468285761e-05	3.606739634952746334e-05	-1.959347913338485851e-04	-5.512410564887512205e-05	-4.488315322416585283e-04	-5.528101927048983450e-05	-1.225866060848932869e-05	1.682597146183776053e-04	-2.046117879383559156e-05	3.214993704656068604e-05	-2.846198659356674165e-04	-1.193480402494086472e-04	-1.368169723317508128e-04	-8.087580451189541704e-05	-5.767969538802757091e-05	4.697700520017074615e-05	1.290572211497394931e-04	-7.476345144674821836e-05	9.382853070328573016e-05	-9.003302828876412305e-05	1.740350702566836189e-04	8.436055471521058610e-06	1.965630580179809580e-04	-1.709328358023269481e-04	-1.544856144838424941e-06	-3.387602641645961381e-04	-9.815587132215331531e-05	-1.264657321510338946e-04	1.256518446710003060e-04	-7.973437852551452769e-05	-2.173061703762982301e-05	-2.412389659589849020e-04	-7.527143871542061855e-05	8.717572473549992985e-05	3.580233097760810725e-05	1.589824921405934180e-04	1.282578295076592051e-06	2.000024056942963676e-04	-8.340906738091305125e-05	1.091494110982519381e-04	-1.513778084288106679e-04	9.474448443634139630e-05	-2.540735605955936869e-05	3.786589554663078849e-04	3.999525131552172344e-05	1.170826108153104285e-04	-5.891261687396139805e-05	4.362499764186275825e-10	7.765106872679398281e-07	2.320102706784392670e-04	-4.548737833085045329e-05	1.794662562098570200e-05	-4.152536112653375309e-04	2.877126278369870427e-05	0.000000000000000000e+00	5.022697760033827119e-04
1.784140523865312055e-03	1.921391483366950302e-04	1.303287519268678816e-03	-8.327853261086760363e-04	5.086365186220973347e-04	4.457161844687538026e-05	9.109031990072097079e-04	-1.596408579382088211e-04	1.921226621789080618e-04	-1.444419114157084565e-04	-5.169044120089919155e-04	-1.399216245749269785e-04	-5.631465511378475368e-04	-4.005894564227752488e-04	-6.045307928849441570e-05	9.517399125415982783e-05	1.303291294621913496e-03	-5.169040920427540571e-04	-1.190550696017920237e-03	-4.140848972335802944e-04	-5.297880848611774421e-04	6.488744964424808146e-05	5.147026750668595284e-04	1.022806301128853514e-05	-8.327829591574108410e-04	-1.399320487367615353e-04	-4.140879552726619661e-04	2.751321407202139452e-04	-2.202630804672107230e-04	-1.137030873387383115e-04	-1.026603238133452474e-03	-1.381038474788100180e-04	5.086425948171283996e-04	-5.631454894878323500e-04	-5.297869614795619551e-04	-2.202650007197096171e-04	-1.904429579502803834e-04	4.928191192499336301e-04	3.320366669106605568e-04	-3.560055683946984997e-05	4.457364869863900998e-05	-4.005929903315387421e-04	6.487636090547331969e-05	-1.137051919484102200e-04	4.928000213393598020e-04	-3.927779320413808391e-05	-1.433849462207211151e-06	-1.308037417389421812e-03	9.109060281418308348e-04	-6.045375048384593825e-05	5.146821002955659363e-04	-1.026607746888705090e-03	3.320246106202183337e-04	-1.435969124456307354e-06	3.708080229682415982e-04	-5.022643356302621768e-04	-1.596522418673644703e-04	9.517343942204523760e-05	1.022763992167236924e-05	-1.380841503980994797e-04	-3.560060023698619763e-05	-1.308039350554911044e-03	-5.022697760033827119e-04	0.000000000000000000e+00
