4.877088412954922597e-02	-9.245146121859000414e-04	1.765974087020060878e-03	-2.352084193384924860e-02	1.701342587795480910e-03	-2.755203774620014725e-05	2.352305712754631031e-02	-1.059962823684003179e-03	-9.245128454223217225e-04	-2.900418871641648817e-04	-4.265836339682595266e-04	1.019986449621724037e-03	1.113927634051772690e-03	1.477642979736981579e-03	1.030737992282236299e-03	-3.211220581265029797e-04	1.765974603128263060e-03	-4.265870712706966742e-04	-1.801837408168060041e-03	-1.091979082196680535e-03	8.218165634616187332e-05	4.997055667088220413e-04	1.699843059778250419e-03	-2.637620187112581422e-04	-2.352084102252238046e-02	1.019989092972967658e-03	-1.091974990186400651e-03	6.913898236012545689e-05	-3.818952423204764225e-03	-2.347753010895300280e-02	-5.073642831391846769e-02	3.270272971930394523e-03	1.701342386405380784e-03	1.113918135235049053e-03	8.217774110488127609e-05	-3.818957470015081103e-03	6.909266125188019193e-05	-5.753192101264738637e-04	5.682407292437784488e-04	-1.094753651705985441e-04	-2.755100259331718729e-05	1.477647954724513324e-03	4.997110178057219713e-04	-2.347753254752006635e-02	-5.753125075146697451e-04	-4.930852775089532292e-02	-2.367381792877065044e-02	3.665975981219026739e-03	2.352305958086695764e-02	1.030744136379057891e-03	1.699849977887442267e-03	-5.073643226995749878e-02	5.682442589581772514e-04	-2.367381811482013876e-02	-2.759959486130217549e-05	8.926270314261069462e-04	-1.059962035966158667e-03	-3.211178244881689767e-04	-2.637592875035112529e-04	3.270270961271146484e-03	-1.094724695421421990e-04	3.665974957746386334e-03	8.926261796456782041e-04	1.068209712873406658e-03
-9.245146121859000414e-04	9.847662033604216714e-03	4.514508383927886420e-03	1.054758471075633187e-03	-7.889279596506575815e-04	3.856800868812784375e-04	-5.174051431203932194e-04	5.103960605520584462e-03	3.809670255789341124e-04	-1.251454280296305198e-04	-6.656641290535500206e-04	-3.340050098107785032e-04	-1.497288464865436340e-03	-3.761389082071747855e-05	1.926909815803994541e-04	6.561305594275648138e-04	5.383518780705504698e-04	6.740858134218613833e-04	-3.774092701585704730e-04	-7.238093525539514815e-04	-5.739383270872463593e-04	-2.372722756797719396e-04	-2.437748051483895839e-05	5.546801092362706317e-04	8.003232275608457378e-04	-5.071993142298053883e-03	-4.705698888399930356e-03	-2.891796972707582800e-05	-3.575869269802227184e-03	8.373447555211550354e-04	2.254525487223929883e-03	-6.190294722781595690e-03	-7.380503850657270219e-05	1.278895869688289645e-03	-2.512323899431795219e-04	-4.460735675461809736e-05	-1.564951365499388485e-04	-3.211210128264661845e-04	-2.854320434743966772e-04	3.978002186875328377e-04	2.890866729372208971e-04	-7.511417046741062677e-04	-4.610583553324394679e-03	1.504961847667422338e-03	-8.900219787751767475e-03	3.867939860238054327e-03	2.191979617730715688e-03	3.869522448535040945e-03	-3.506269217304081856e-04	4.566869963180685693e-03	-5.231492381855192345e-03	2.379428482007651946e-03	-4.667531218334181400e-03	1.829115196623638025e-03	5.993370460226346216e-04	4.880457513535439371e-03	2.554217820492406124e-04	-4.178808128765356452e-04	1.581697292017538261e-04	-2.011013170132278950e-04	1.286251157232801026e-04	1.999494066735988144e-04	6.116042289407153110e-04	1.980495265986609247e-05
1.765974087020060878e-03	4.514508383927886420e-03	1.059122274436796220e-02	-2.169855785409366715e-04	4.665616307877789269e-03	1.724065578336931670e-04	6.029993061769459975e-04	-7.581693024945409425e-05	5.383514339330948157e-04	-1.548121300969373677e-04	-1.434301718847421064e-03	-4.856606986322041259e-04	-2.888344870488547284e-03	-5.562041525744372723e-04	-2.591365996132797439e-04	9.065868234628049124e-04	7.149890239162608662e-04	1.382392037883619284e-03	2.766196443942296832e-04	-6.859966082254519062e-04	-5.426939894925836977e-04	-4.738557200098743359e-04	-3.202541390419976017e-04	5.233001156750546933e-04	2.656459990655705633e-05	-2.151168845035203990e-04	-4.578919721519822926e-03	3.983079361013662154e-04	-8.112490151725073456e-03	1.622147758097585140e-03	1.349156267799176290e-03	4.219375997734730807e-03	-2.432282327998333755e-04	3.575517202961296485e-03	1.100235160785672942e-03	-1.044797843553858579e-04	9.619603694356869969e-05	-4.577211959702772413e-04	-3.473706848466890729e-04	7.152144901141216371e-04	2.083549699172044720e-04	3.844529115180982982e-03	1.186875848362067766e-04	1.371756610542018001e-03	-3.687571464490150067e-03	4.754811561120659766e-03	1.912918248264685282e-03	9.442069721068780189e-03	4.454336465081476515e-04	8.262281016673447137e-03	4.858883909340347418e-03	1.232292127896306242e-03	4.170583087178775326e-04	2.043729206018893123e-03	8.802479600549268507e-04	4.171625523959391485e-03	3.957356073725646554e-04	-1.641963168807274338e-03	-8.207978038280781645e-04	-5.509551422224643821e-04	-5.485550578372025247e-04	-3.527472867680958579e-04	2.498822669833742553e-04	-5.603965005693222184e-04
-2.352084193384924860e-02	1.054758471075633187e-03	-2.169855785409366715e-04	1.315987514580121281e-02	-6.407959980918350850e-04	1.048100636458651133e-03	-1.076366299288573046e-02	6.806378016218703328e-04	8.003233073124299806e-04	1.954270250960408301e-04	-6.975981826571857070e-06	-7.611766438049624847e-04	-9.288256065136835538e-04	-9.576806218856660433e-04	-1.326622105370968148e-04	2.945682238164525025e-04	2.656655261307701207e-05	6.828105082115971849e-05	4.521110171694982943e-04	1.670289962254645091e-04	-2.096217638782888609e-04	-2.869952238547665503e-04	-4.786084132681064723e-04	6.372050885072420444e-05	1.176449032853421096e-02	-6.372544127224681479e-04	2.678142094049608814e-04	-8.861543102184484769e-04	1.772579481050253706e-03	1.030571393556985529e-02	2.468471574784579514e-02	-1.445752898189972069e-03	4.312632083511148246e-05	-1.060099357500923507e-03	-2.461494102627692637e-04	1.169332599040210155e-03	-6.214653923712795648e-05	1.151786524372684238e-04	-1.111516951033822496e-04	-1.941085623726134489e-04	6.956490929383610071e-04	-7.500126621675315148e-04	-1.457275117012761956e-04	1.131708247172187945e-02	7.716037835578749881e-04	2.462122878313253299e-02	1.309928692448501623e-02	-1.568796710055155421e-03	-1.038918350486142846e-02	-7.947904843753539794e-05	-4.605937719163204951e-04	2.544841056621548192e-02	-8.332449948458919454e-06	1.242553789892945036e-02	9.959487074851333839e-04	-2.061403480000576459e-04	2.593550430546682963e-04	4.091483500749126009e-04	4.221488251476841595e-05	-1.294051348178324335e-03	-2.622995090300545614e-04	-1.306336918311098777e-03	-3.323047956148562866e-04	1.959321541202995647e-05
1.701342587795480910e-03	-7.889279596506575815e-04	4.665616307877789269e-03	-6.407959980918350850e-04	9.975217564044203469e-03	-1.279070617724617324e-04	9.430665717038303267e-04	-5.173191685412316040e-03	-7.380587047040265648e-05	-2.978336630107509620e-04	-1.418686695459040999e-03	-1.877362983100022492e-04	-2.545392602209054812e-03	-4.246405220495943632e-04	-6.847562253854979318e-04	8.733458697134839372e-04	-2.432296857456741918e-04	-1.075333339021400565e-05	-8.501576261350607226e-04	-4.102891116047768268e-05	-3.563664385548918337e-04	-3.089549794417083576e-04	-7.628858832952303999e-04	-1.034331110417687947e-04	4.312479176700971919e-05	4.759231509698945428e-03	5.300002068949294029e-03	-1.988902050338034813e-04	-4.637096465834048692e-03	4.213748488983277388e-04	-3.478477346401364625e-04	5.036146854962746458e-03	-2.075027864885344887e-04	6.321735128173647245e-04	2.605283461488051453e-04	1.749181145769599071e-04	3.934348942189585521e-04	9.757629107107594567e-06	-1.574828733944489616e-04	-8.179819483160189874e-04	1.537556602680629288e-04	9.132603929419785480e-03	4.789479741639431423e-03	-4.034414374159995685e-04	7.801669161453104366e-04	1.087742115166825344e-03	3.191838690085552839e-04	4.209204989136057160e-03	6.558359789272214142e-04	3.955220285291168036e-03	4.993497023447620101e-03	-7.061079044453677555e-04	5.179474438981689424e-03	4.348404485740226845e-04	5.666308423778914412e-04	-6.045395769484733159e-03	1.955352051976802898e-04	-8.758574332345930163e-04	-7.591800088852094413e-04	-6.576021229310515925e-04	-1.062814138233500200e-03	-5.842055185579964234e-04	-2.029615338305822885e-04	9.326434086448919403e-04
-2.755203774620014725e-05	3.856800868812784375e-04	1.724065578336931670e-04	1.048100636458651133e-03	-1.279070617724617324e-04	2.020557672701707788e-03	1.025957998858584470e-03	3.204266815913021818e-04	2.890872557263771863e-04	-1.319536956360031483e-05	4.088392865922014884e-05	-3.597291539801194377e-04	2.047289500924589123e-04	-5.103631586535807303e-04	-1.721336868248545177e-04	-2.215311245187832412e-04	2.083570979736439792e-04	6.019077170897749386e-05	1.807818903424929582e-04	-1.644380957347051162e-04	1.499801841082469014e-04	5.896458168974221805e-06	-3.172322355592102953e-05	-1.559002279176525734e-04	6.956493490417139415e-04	-3.345202774223872974e-04	-3.796787682411917374e-04	1.856958322294333065e-04	2.225025738406661386e-04	-1.026733161752268423e-03	-2.710707525962898585e-04	-3.138867060857456273e-04	1.537572735088819909e-04	1.798914737441779769e-04	1.137087757263270757e-04	1.478804516898917887e-04	-2.383475884280886442e-05	3.098775685693106255e-04	-1.455864277946707695e-05	9.515921044186200373e-05	1.594515684930805340e-03	-7.660800160517095871e-04	-3.744827742165160759e-04	-7.204586527300724588e-04	2.041162369366209125e-04	7.518577532858089821e-06	7.715038770527589667e-04	-3.172244845459417381e-04	6.953538383153883614e-04	-2.342290302439359599e-04	-2.044938495480355255e-04	2.894102577027892116e-04	-1.303785001744685518e-05	1.054528708884659629e-03	-1.556654080273018139e-04	2.332604198496484823e-04	-6.787077886358975178e-05	-1.083962075343513276e-04	-1.490156844286369029e-04	-1.496871979686121169e-04	-3.878284873259122908e-06	-2.857363119359507871e-04	-7.734911200662186026e-06	-1.876935487537291774e-04
2.352305712754631031e-02	-5.174051431203932194e-04	6.029993061769459975e-04	-1.076366299288573046e-02	9.430665717038303267e-04	1.025957998858584470e-03	1.320251920337799784e-02	-5.013761223741415194e-04	-3.506257817924434165e-04	-7.906513194722288528e-05	1.627683632606024091e-04	3.125340628845871857e-04	1.277078312746268620e-03	2.796840107311199188e-04	-2.400357835406707017e-04	-5.275502236735007304e-04	4.454355320811321855e-04	1.999105676980489181e-04	-1.047956284738793450e-04	-1.491867101166183848e-04	4.635411896933541633e-04	5.134119209009373967e-04	6.966643073532672367e-04	-1.862898889816104030e-04	-1.038918171895721054e-02	1.196211183049018844e-04	-5.950594462025380216e-04	-9.415863285797310307e-04	-1.346804771075528354e-03	-1.232006203924255507e-02	-2.547564685692059461e-02	1.117635027811047154e-03	6.558369759076677474e-04	1.331852754977200237e-03	3.638156750269663699e-04	-8.508018863504032171e-04	-3.150521297979366319e-05	7.752203566198817043e-04	5.465700481892788679e-04	3.457495226276088461e-04	6.953546681240439613e-04	-4.105322117119495316e-04	-9.822283061229896165e-05	-1.308334150307438604e-02	3.943416887934448451e-05	-2.472956967604882095e-02	-1.140139580294507494e-02	8.433651438007916954e-04	1.176375939549310565e-02	-4.191819472788790597e-04	4.327444497362836848e-04	-2.479693963395794218e-02	3.744748937578747496e-04	-1.043333617914600497e-02	8.565875585327787462e-04	1.330589230987246551e-04	-5.262926277506507593e-04	-4.769578918450022211e-04	-1.552854744499018800e-04	1.196972893114748963e-03	3.082049401166047546e-04	7.252829930658333951e-04	-9.450880087932055453e-05	-2.576529240859884808e-04
-1.059962823684003179e-03	5.103960605520584462e-03	-7.581693024945409425e-05	6.806378016218703328e-04	-5.173191685412316040e-03	3.204266815913021818e-04	-5.013761223741415194e-04	5.224419783402638878e-03	2.554221951009982318e-04	2.982864359223364462e-05	3.036874198599495093e-04	-4.089020938928835492e-05	5.918849355459961277e-04	2.751679931495462617e-04	3.746881522391794618e-04	-2.815197864606473516e-04	3.957367344042485085e-04	2.531065381392753953e-04	3.091493040346938418e-04	-2.512025469938778842e-04	9.714293726400650443e-05	4.987562907004843211e-05	2.931348085115903761e-04	1.936496327449783767e-04	2.593555458854691648e-04	-4.674206472665977732e-03	-4.932855343956122143e-03	8.112035712045547711e-05	4.177651899114710526e-04	1.540940029782344859e-04	9.933189954763270001e-04	-5.542740616145226847e-03	1.955355184992676543e-04	3.914646844119674257e-04	-2.860045502606771873e-05	-1.923215059401127392e-04	-3.041030266987200292e-05	-2.644384845498520971e-04	-3.740233947579731837e-05	4.677299120598816737e-04	-6.787029913869936518e-05	-4.946812164874973133e-03	-4.865380448668189285e-03	7.799962117421060850e-04	-4.868920917075294716e-03	1.114387665095732498e-03	6.610884499071783497e-04	-1.475839476760961388e-04	-5.262926619886947998e-04	1.676878621671043881e-04	-5.068209845970277072e-03	1.290870974001095441e-03	-4.693173182766147838e-03	6.467308846907883838e-04	2.080511273817716659e-06	5.392446842232232265e-03	1.106676142650210600e-05	6.824212003326310221e-05	3.182639103991600832e-04	1.818144030286605525e-04	4.259556849128603648e-04	4.054945000529740218e-04	2.856435458551462693e-04	-5.048186049189214630e-04
-9.245128454223217225e-04	3.809670255789341124e-04	5.383514339330948157e-04	8.003233073124299806e-04	-7.380587047040265648e-05	2.890872557263771863e-04	-3.506257817924434165e-04	2.554221951009982318e-04	9.847663987846182881e-03	-1.251470418490516082e-04	6.740842157807261110e-04	-5.071994263565205927e-03	1.278894536237810270e-03	-7.511422110949015404e-04	4.566870894513878551e-03	-4.178808130291080986e-04	4.514512287827912584e-03	-6.656664946750049305e-04	-3.774112926790319658e-04	-4.705700963521087729e-03	-2.512329424719745912e-04	-4.610583244370917294e-03	-5.231490426402372711e-03	1.581698388524027383e-04	1.054758261501872931e-03	-3.340060701285642785e-04	-7.238101894170309667e-04	-2.891893125154622039e-05	-4.460678435423526104e-05	1.504959877735651246e-03	2.379426039331262663e-03	-2.011020848728213226e-04	-7.889262054572021565e-04	-1.497290190871741668e-03	-5.739381607503961412e-04	-3.575871770296336263e-03	-1.564943842748029736e-04	-8.900219657988133609e-03	-4.667530513169657405e-03	1.286244034913778763e-04	3.856802419132072468e-04	-3.761592769751841224e-05	-2.372735961309608958e-04	8.373432964435092215e-04	-3.211222987288939634e-04	3.867938115861773753e-03	1.829114362993703412e-03	1.999498119756616405e-04	-5.174044854017164968e-04	1.926911308728921832e-04	-2.437803766306201650e-05	2.254524703340241455e-03	-2.854332590975900384e-04	2.191979819801229221e-03	5.993373295276625606e-04	6.116059216161141366e-04	5.103960991602657024e-03	6.561313753253794016e-04	5.546800712489851140e-04	-6.190295104652866406e-03	3.977987333880883113e-04	3.869522222987510640e-03	4.880457406812093932e-03	1.980726574701762805e-05
-2.900418871641648817e-04	-1.251454280296305198e-04	-1.548121300969373677e-04	1.954270250960408301e-04	-2.978336630107509620e-04	-1.319536956360031483e-05	-7.906513194722288528e-05	2.982864359223364462e-05	-1.251470418490516082e-04	2.045203062917160843e-03	8.456695303151271631e-04	2.585664618576822031e-04	-4.560483005604692216e-04	2.946673606628614226e-04	5.780603308146036346e-05	1.284153524184906969e-03	-1.548144615780646142e-04	8.456701802362535198e-04	-1.312728845001574828e-04	1.819442466624007011e-04	-8.951108754730928516e-04	2.874309884977553067e-04	3.370695019009673551e-04	-1.750584932794713774e-04	1.954268622136587418e-04	2.585664728760985256e-04	1.819439201421603849e-04	-1.702204546171753462e-04	4.100077129522828158e-04	2.969585798893162380e-05	1.957841547855442260e-04	2.078640422504196214e-04	-2.978353496067900072e-04	-4.560473593374455474e-04	-8.951108153672794046e-04	4.100093574558045639e-04	-1.593400468729357002e-03	7.674204255279069593e-04	3.134609396820322701e-04	5.077052339008965949e-04	-1.319543790721084713e-05	2.946683358864348682e-04	2.874309418576453468e-04	2.969582286216636792e-05	7.674196193406458049e-04	7.584208958532531991e-06	7.095233270317972485e-05	-1.729230733358602635e-04	-7.906531097858508956e-05	5.780723694232844614e-05	3.370698541882068827e-04	1.957847037447704741e-04	3.134613459990708787e-04	7.095235245548341292e-05	1.179256162257740284e-04	-9.134372207184228301e-05	2.982875790943844232e-05	1.284152912160323613e-03	-1.750588901749213140e-04	2.078638046122135248e-04	5.077051207206963570e-04	-1.729241685964150676e-04	-9.134341902423192086e-05	8.137068187846217869e-04
-4.265836339682595266e-04	-6.656641290535500206e-04	-1.434301718847421064e-03	-6.975981826571857070e-06	-1.418686695459040999e-03	4.088392865922014884e-05	1.627683632606024091e-04	3.036874198599495093e-04	6.740842157807261110e-04	8.456695303151271631e-04	1.346119423468557577e-02	-3.524686709592697934e-04	2.532592856477607068e-02	-3.892738093393227584e-04	5.896182696812021524e-04	-1.169416586323591793e-02	1.382390438569289660e-03	1.163897801851099603e-02	2.449346791623377428e-02	-9.840481220874544663e-04	1.064435678846777610e-02	9.368401200232301059e-05	7.751850496315279039e-04	6.684977053305980656e-04	6.827911878542722876e-05	-1.079376801364100621e-04	4.247544512693741427e-04	-1.297723184699360545e-04	1.776278077719326042e-03	-1.987749407988372767e-04	-7.778003250127835458e-04	-1.106229840093311129e-03	-1.075592657558734044e-05	2.331082561608491255e-02	1.061170647795626337e-02	-5.620228392838721304e-04	-9.602402777517228885e-04	8.276748754692290436e-04	2.655498925945625681e-04	1.315733102630819301e-02	6.019097015559209005e-05	-9.732610090412651370e-04	-1.671865390397072674e-05	-1.256817731752104248e-04	1.209862101995760279e-03	4.976903220869043076e-04	3.998618003844313791e-05	-2.634131484786749865e-03	1.999122503439047381e-04	-1.910141428726616457e-03	-8.037187979742276348e-04	-8.155964249063658725e-04	-5.095720663871860785e-05	-6.660021530337123410e-05	1.193056224935031386e-04	-9.161629659643878926e-04	2.531069792023737117e-04	-1.032850549487951061e-02	1.209037889941474726e-03	2.125241231252391846e-04	1.281646107959743749e-02	-3.664636156033803695e-04	4.035124876905282288e-04	-2.617720132205652445e-02
1.019986449621724037e-03	-3.340050098107785032e-04	-4.856606986322041259e-04	-7.611766438049624847e-04	-1.877362983100022492e-04	-3.597291539801194377e-04	3.125340628845871857e-04	-4.089020938928835492e-05	-5.071994263565205927e-03	2.585664618576822031e-04	-3.524686709592697934e-04	5.280132564306006318e-03	-7.872420172208905755e-04	5.539452316891036246e-03	2.739155919383890478e-04	5.527355179904044208e-04	-2.151193485077781899e-04	-1.079392668826195309e-04	-6.696186625197331644e-04	5.243486687966069856e-03	-5.716870993679722823e-05	4.717529458216256424e-03	5.075068080206615942e-03	-9.748306670834444348e-05	-6.372527913670546131e-04	1.250631442417994858e-04	3.534356495834108580e-04	1.973212600824149452e-04	2.332983587540911059e-04	-1.993901669762036160e-04	-1.101134014090647192e-03	-1.092180666152545556e-04	4.759230522757085594e-03	-1.046651013867389013e-03	-5.487644934217574249e-04	-2.380238745867990270e-04	1.435091418600222078e-04	4.784773168401357073e-03	4.854698591369031174e-03	-7.068617738280542949e-04	-3.345195875412507050e-04	-1.623165482933317666e-04	2.118342486790530290e-05	-9.929946602236892775e-05	2.255125813641395329e-04	-9.996507920813902087e-04	-9.729081449827896386e-04	-1.927761199949873882e-04	1.196201137571663487e-04	-2.726360869242040914e-04	-2.612964338573632301e-04	-9.602717256793416589e-04	1.063970829585095734e-05	-7.559791463951830246e-04	-2.804937841351385882e-04	-2.083756537481641744e-04	-4.674206718778671325e-03	5.209097137155590477e-04	1.931028624550265940e-05	5.595551900858979251e-03	-4.008193454383005352e-04	5.750057060087083788e-04	-5.054885251791260865e-03	1.004321513086743958e-03
1.113927634051772690e-03	-1.497288464865436340e-03	-2.888344870488547284e-03	-9.288256065136835538e-04	-2.545392602209054812e-03	2.047289500924589123e-04	1.277078312746268620e-03	5.918849355459961277e-04	1.278894536237810270e-03	-4.560483005604692216e-04	2.532592856477607068e-02	-7.872420172208905755e-04	5.499178263667645061e-02	-6.673641097767973960e-04	2.017735985458601541e-03	-2.672791815797120885e-02	3.575517104412639403e-03	2.331082334560127811e-02	5.140967339388420598e-02	-2.883054653036184935e-03	2.532022283636554266e-02	-6.241511583721037152e-04	1.355166165041751629e-03	-6.010694977050639850e-04	-1.060104255300006260e-03	-1.046648222433222515e-03	2.201269020747069374e-04	-1.892169002977579808e-05	3.672462093844411010e-03	-1.212305537547384536e-03	-3.572063251796936921e-03	-2.808066174082963010e-03	6.321707859942289447e-04	4.949474164421271971e-02	2.339108389389418091e-02	-3.194278063051432612e-03	-4.950540501274531668e-04	-7.148504717347821521e-04	-1.837194626461077513e-04	2.518952476411114721e-02	1.798923673078041993e-04	-4.011956487979170642e-03	-9.044359558710575279e-04	-9.346932598145475928e-04	2.079652550549138373e-03	-3.618399827590523896e-04	-6.544171346849085363e-04	-6.118322648877939918e-03	1.331858801154423184e-03	-5.223951267872064055e-03	-2.341379597645080329e-03	-3.496458640185406020e-03	-3.758947915497992199e-04	-8.867615790919987622e-04	1.892939959478409542e-04	-1.811958683513205468e-03	3.914658090609953031e-04	-2.498101629151710384e-02	6.368069556978117563e-04	8.797447485497785977e-04	2.682411900925524284e-02	8.375026055869652913e-04	1.623589176200716279e-03	-5.663027913205171543e-02
1.477642979736981579e-03	-3.761389082071747855e-05	-5.562041525744372723e-04	-9.576806218856660433e-04	-4.246405220495943632e-04	-5.103631586535807303e-04	2.796840107311199188e-04	2.751679931495462617e-04	-7.511422110949015404e-04	2.946673606628614226e-04	-3.892738093393227584e-04	5.539452316891036246e-03	-6.673641097767973960e-04	1.118986672737743403e-02	5.219151976775148610e-03	1.016983886622566981e-03	3.844527023694999449e-03	-9.732656594728928117e-04	-2.169484809414569393e-03	6.296582408736268142e-03	-5.156567226841555444e-04	5.526188560254666898e-03	5.126394649184287319e-03	-6.663387679469988411e-05	-7.500092634852855052e-04	-1.623174284376643721e-04	1.451670861561609556e-04	5.022674662472806188e-04	4.716978933060886944e-04	1.046802433420335535e-03	-2.574062359705365762e-04	-6.846623345653623377e-04	9.132602828592850663e-03	-4.011962236315502750e-03	-2.162155033398431396e-03	-4.140989453490418262e-03	-1.521278592568292651e-04	6.768015183910044801e-04	4.950187913122728461e-03	-1.559393539444599080e-03	-7.660790732285833755e-04	-1.558387567051611991e-04	-2.317557556004543496e-04	8.041972769172196084e-04	-9.712588673620550263e-05	1.499989840617437604e-03	-5.294729835429105424e-04	-4.328067557284239755e-05	-4.105347537883190321e-04	-3.047768216701981191e-04	-8.401123869987800908e-04	5.472796966542176875e-05	-3.396531100839951783e-04	2.683230475540862646e-04	-1.190541855518342486e-04	1.182512537852728295e-04	-4.946812074655357501e-03	1.732397872037042723e-03	5.912182562242656713e-04	5.222094319582287758e-03	-3.495478636392075861e-04	5.296806956953540972e-03	-5.737080954473856159e-03	2.437866495437140870e-03
1.030737992282236299e-03	1.926909815803994541e-04	-2.591365996132797439e-04	-1.326622105370968148e-04	-6.847562253854979318e-04	-1.721336868248545177e-04	-2.400357835406707017e-04	3.746881522391794618e-04	4.566870894513878551e-03	5.780603308146036346e-05	5.896182696812021524e-04	2.739155919383890478e-04	2.017735985458601541e-03	5.219151976775148610e-03	1.150622448816494836e-02	-2.685402788937265271e-04	8.262285342281516787e-03	-1.910145441633390043e-03	-1.612862725330540918e-03	-3.970342277976221870e-03	3.446892507282064999e-04	5.127504471814832172e-04	5.033469181832380367e-03	-6.150850327558837500e-04	-7.947447348969014229e-05	-2.726367768528126928e-04	-5.004131060338897386e-05	8.121638064054099732e-04	8.649420824818673109e-04	2.382810259132884818e-03	2.253665422208651035e-03	-6.107894780902876648e-04	3.955222885202175007e-03	-5.223954865688638233e-03	-2.103659548678618076e-03	-9.515585346054053484e-03	-1.152995585394393850e-04	-4.042216178108652344e-03	1.630367311628079540e-05	-1.625818104815336543e-03	-2.342279704395329237e-04	-3.047785186094566635e-04	-2.851430063982265299e-04	2.307537086478603054e-03	-2.129897743149855192e-04	5.496844580144337813e-03	1.870890186653219409e-03	-1.027720041201773688e-04	-4.191846374619374741e-04	-1.713602943818743588e-04	-4.761058746660530691e-04	2.374296434105005113e-03	-4.098512250473039563e-04	2.075141460035166609e-03	4.593826606449685681e-04	3.174531845401944163e-04	1.676870066995784689e-04	1.913875659471258196e-03	8.557075658603495016e-04	4.513031542326120457e-03	4.194708739218877850e-04	9.046940380954784922e-03	5.062649836021677896e-03	1.501602241873598292e-03
-3.211220581265029797e-04	6.561305594275648138e-04	9.065868234628049124e-04	2.945682238164525025e-04	8.733458697134839372e-04	-2.215311245187832412e-04	-5.275502236735007304e-04	-2.815197864606473516e-04	-4.178808130291080986e-04	1.284153524184906969e-03	-1.169416586323591793e-02	5.527355179904044208e-04	-2.672791815797120885e-02	1.016983886622566981e-03	-2.685402788937265271e-04	1.499243060236658993e-02	-1.641965568760451934e-03	-1.032850313361591971e-02	-2.524137810368000737e-02	1.226692346011994811e-03	-1.268929286457698251e-02	4.882310393850107641e-04	-4.041651593964781710e-04	1.172657578114717032e-03	4.091504847790258933e-04	5.209088308255277813e-04	3.107201403015045246e-04	-3.434103247729114249e-05	-7.540051712018763265e-04	5.055384370682303868e-04	1.435153788532097033e-03	1.190110809471509219e-03	-8.758581712367933831e-04	-2.498101412652350972e-02	-1.311120904762144365e-02	1.367546023590548651e-03	-5.061433169661039939e-04	3.196346186799002890e-04	-7.195898777100710980e-05	-1.223581384958487978e-02	-1.083965924660581170e-04	1.732395286383437653e-03	8.339130029233106107e-04	2.323318615161011429e-04	2.234063268643249355e-04	-3.590187846450662709e-04	1.304109386551450048e-04	2.075042309949742987e-03	-4.769605860634792277e-04	1.913874144957478400e-03	1.215949331472012838e-03	1.269753738903576547e-03	5.313244506613663083e-04	1.524011709061642004e-04	-6.132911017670827371e-05	4.339315327195082932e-04	6.824245171507475698e-05	1.313221223577104579e-02	6.855622866860006971e-04	-1.783950024022966797e-04	-1.200761628236280375e-02	1.759738349343698558e-04	-3.159249406691060644e-04	2.863488743092622996e-02
1.765974603128263060e-03	5.383518780705504698e-04	7.149890239162608662e-04	2.656655261307701207e-05	-2.432296857456741918e-04	2.083570979736439792e-04	4.454355320811321855e-04	3.957367344042485085e-04	4.514512287827912584e-03	-1.548144615780646142e-04	1.382390438569289660e-03	-2.151193485077781899e-04	3.575517104412639403e-03	3.844527023694999449e-03	8.262285342281516787e-03	-1.641965568760451934e-03	1.059123230657145129e-02	-1.434306355897757871e-03	2.766161827482860498e-04	-4.578926025004677672e-03	1.100234349053504698e-03	1.186867888173100501e-04	4.858888589128831231e-03	-8.207991785289663359e-04	-2.169845746679239325e-04	-4.856621192949718904e-04	-6.859973453077334010e-04	3.983076223651694711e-04	-1.044789091471204730e-04	1.371757077330680412e-03	1.232293527756056495e-03	-5.509568256000644572e-04	4.665619256431634797e-03	-2.888349027247941441e-03	-5.426949262640743711e-04	-8.112494957546678709e-03	9.619600732203646253e-05	-3.687571006049747240e-03	4.170595575194856078e-04	-5.485559204527844625e-04	1.724075158799972130e-04	-5.562061133311897634e-04	-4.738566334948339943e-04	1.622148830796070300e-03	-4.577223966636481418e-04	4.754816704898644913e-03	2.043731876809752861e-03	-3.527477810767577857e-04	6.029997039079616544e-04	-2.591365377089995935e-04	-3.202545337396132301e-04	1.349159976553012882e-03	-3.473723461046518629e-04	1.912922522860665848e-03	8.802496684253249045e-04	2.498842182721314024e-04	-7.581649902257924770e-05	9.065869619184169052e-04	5.232994460123740251e-04	4.219376282480055348e-03	7.152128296294205101e-04	9.442068944225877683e-03	4.171626803179165864e-03	-5.603959262377083755e-04
-4.265870712706966742e-04	6.740858134218613833e-04	1.382392037883619284e-03	6.828105082115971849e-05	-1.075333339021400565e-05	6.019077170897749386e-05	1.999105676980489181e-04	2.531065381392753953e-04	-6.656664946750049305e-04	8.456701802362535198e-04	1.163897801851099603e-02	-1.079392668826195309e-04	2.331082334560127811e-02	-9.732656594728928117e-04	-1.910145441633390043e-03	-1.032850313361591971e-02	-1.434306355897757871e-03	1.346119327144771997e-02	2.449346552191770249e-02	4.247523775625006073e-04	1.061170460697099562e-02	-1.672070168463528448e-05	-8.037212298290286093e-04	1.209038642729900722e-03	-6.975650696668357972e-06	-3.524663715740467690e-04	-9.840442369185263549e-04	-1.297720438063726769e-04	-5.620226101098822324e-04	-1.256802497836711260e-04	-8.155942629571321951e-04	2.125247286880323455e-04	-1.418690689234403286e-03	2.532592580847994532e-02	1.064435589684042428e-02	1.776279603363725267e-03	-9.602400677827610748e-04	1.209862880837386020e-03	-5.095837649465856508e-05	1.281645924447428336e-02	4.088291331472781407e-05	-3.892683645946967870e-04	9.368642700393624875e-05	-1.987729452581702132e-04	8.276745564072041962e-04	4.976925932214321460e-04	-6.660012447896835816e-05	-3.664612788612424746e-04	1.627659224174156610e-04	5.896215957349246325e-04	7.751864013830811516e-04	-7.777961683318669779e-04	2.655509074721296983e-04	3.998750806069149442e-05	1.193052282234332586e-04	4.035114828214132819e-04	3.036882147084605209e-04	-1.169416436941661704e-02	6.684982876096858592e-04	-1.106230881066577482e-03	1.315733090642469058e-02	-2.634134111827079929e-03	-9.161620987195421856e-04	-2.617719878256321436e-02
-1.801837408168060041e-03	-3.774092701585704730e-04	2.766196443942296832e-04	4.521110171694982943e-04	-8.501576261350607226e-04	1.807818903424929582e-04	-1.047956284738793450e-04	3.091493040346938418e-04	-3.774112926790319658e-04	-1.312728845001574828e-04	2.449346791623377428e-02	-6.696186625197331644e-04	5.140967339388420598e-02	-2.169484809414569393e-03	-1.612862725330540918e-03	-2.524137810368000737e-02	2.766161827482860498e-04	2.449346552191770249e-02	5.229278002888138044e-02	-1.035242560943257575e-03	2.444718563381068424e-02	-5.416176705656870587e-04	-2.231270692304681668e-04	4.234440070889285856e-05	4.521103175262138518e-04	-6.696142552829059420e-04	-1.035235295819475704e-03	7.430265020382082576e-06	4.571235881985838412e-04	4.631495861554276827e-04	-3.605301895820496767e-04	-8.044531102525656532e-04	-8.501627402692838158e-04	5.140967119967594645e-02	2.444718624238175625e-02	4.571231321391066573e-04	-2.675051862342470122e-04	1.054006684754803334e-03	-1.538690521667780453e-05	2.546593850125863229e-02	1.807814914388522075e-04	-2.169474815333606414e-03	-5.416128172594347322e-04	4.631495518935771646e-04	1.054005883892364902e-03	2.800585755914181477e-03	7.085311971409621748e-04	-2.854323125282613900e-03	-1.047959568066196540e-04	-1.612857281046559598e-03	-2.231241331530631200e-04	-3.605296280232621418e-04	-1.538525806485048400e-05	7.085324862311735954e-04	2.150999911072178973e-04	-3.889983557574457377e-04	3.091508963016592550e-04	-2.524137783997113318e-02	4.234527480955052451e-05	-8.044546465153044196e-04	2.546594096267621593e-02	-2.854327376658225696e-03	-3.889960821443406601e-04	-5.560680788383406958e-02
-1.091979082196680535e-03	-7.238093525539514815e-04	-6.859966082254519062e-04	1.670289962254645091e-04	-4.102891116047768268e-05	-1.644380957347051162e-04	-1.491867101166183848e-04	-2.512025469938778842e-04	-4.705700963521087729e-03	1.819442466624007011e-04	-9.840481220874544663e-04	5.243486687966069856e-03	-2.883054653036184935e-03	6.296582408736268142e-03	-3.970342277976221870e-03	1.226692346011994811e-03	-4.578926025004677672e-03	4.247523775625006073e-04	-1.035242560943257575e-03	1.041136750491141599e-02	-1.122350440521287674e-03	5.275767765548234831e-03	8.072968678567810042e-04	4.931466763033818656e-04	2.678161010210241590e-04	3.534357504259577360e-04	5.915059238928683334e-04	-4.425341641632530481e-04	5.729368002239708726e-04	-6.663086335182684481e-04	-6.649939065561646717e-04	4.718351564299862855e-05	5.299999238921528077e-03	2.201221805844361351e-04	-2.634183178062123000e-04	4.663666416028548756e-03	-9.393255800245280509e-07	4.864284819949906552e-03	4.994619299948458054e-03	-1.607357155044176621e-04	-3.796783337045202267e-04	1.451677377888592501e-04	3.724263881200862289e-04	-7.718138736762245652e-04	9.191365029771168555e-04	-2.209942990654602084e-03	-1.365999510125137997e-03	-3.510722628301078457e-04	-5.950616760915003033e-04	-5.004078356025295203e-05	4.494646970455991428e-05	-4.353256711149553534e-04	3.084904873237482182e-04	-7.461444092835631129e-04	-4.041017300282819923e-04	-2.908393025550321193e-04	-4.932855154672502115e-03	3.107227244956411441e-04	-1.816215815618465600e-04	7.789602501838051871e-04	-1.076866098273018737e-03	-4.121447523340066033e-03	-1.014812437228573318e-02	1.406523040141706166e-03
8.218165634616187332e-05	-5.739383270872463593e-04	-5.426939894925836977e-04	-2.096217638782888609e-04	-3.563664385548918337e-04	1.499801841082469014e-04	4.635411896933541633e-04	9.714293726400650443e-05	-2.512329424719745912e-04	-8.951108754730928516e-04	1.064435678846777610e-02	-5.716870993679722823e-05	2.532022283636554266e-02	-5.156567226841555444e-04	3.446892507282064999e-04	-1.268929286457698251e-02	1.100234349053504698e-03	1.061170460697099562e-02	2.444718563381068424e-02	-1.122350440521287674e-03	1.342569531458688223e-02	-5.153432875626402874e-04	4.388107561122575845e-04	-1.153402403629086737e-03	-2.461511221288195444e-04	-5.487626508103118396e-04	-2.634152832872020439e-04	1.183486039721496632e-04	9.248917881234429775e-04	-1.448301275417297621e-04	-1.033938153157434956e-03	-9.447470474045753953e-04	2.605263955720712120e-04	2.339108202260171618e-02	1.159849903305117461e-02	-1.404142379891742346e-03	7.746895532608059388e-04	-6.382836017184622887e-04	-9.880938641729662057e-05	1.048942284000690603e-02	1.137094167522821305e-04	-2.162152053949123465e-03	-6.626718836470395311e-04	3.505989480978734642e-07	6.290183148430401622e-04	6.842993023967855384e-04	7.942009030589094771e-06	-2.368232866598165252e-03	3.638185892071079276e-04	-2.103658789624510313e-03	-7.666810311006909927e-04	-9.695932835754902772e-04	3.814684372819890346e-05	-7.073702197963647824e-05	8.130806488830074805e-05	-7.035818902896629531e-04	-2.859923724184682925e-05	-1.311120921245105889e-02	-6.606395228809695081e-04	5.256136524094798170e-04	1.177407365473110909e-02	1.897592541965514325e-04	4.922028413792022732e-04	-2.626528180309927601e-02
4.997055667088220413e-04	-2.372722756797719396e-04	-4.738557200098743359e-04	-2.869952238547665503e-04	-3.089549794417083576e-04	5.896458168974221805e-06	5.134119209009373967e-04	4.987562907004843211e-05	-4.610583244370917294e-03	2.874309884977553067e-04	9.368401200232301059e-05	4.717529458216256424e-03	-6.241511583721037152e-04	5.526188560254666898e-03	5.127504471814832172e-04	4.882310393850107641e-04	1.186867888173100501e-04	-1.672070168463528448e-05	-5.416176705656870587e-04	5.275767765548234831e-03	-5.153432875626402874e-04	5.318498578722248571e-03	5.393699052307972253e-03	1.914121614397670617e-04	-1.457244321193823121e-04	2.118289494562011522e-05	3.724257137164144324e-04	-1.058237189094424810e-04	5.287170316449797680e-04	-1.821072228642871206e-04	-6.992087137671285091e-04	-3.192745675673601684e-04	4.789478592842854460e-03	-9.044393663048180126e-04	-6.626738453517679863e-04	1.680135196935919584e-04	-3.017692096056655781e-04	5.344221149846300860e-03	4.741504603895425538e-03	-9.069736271838835413e-05	-3.744822346788723470e-04	-2.317554929109444210e-04	6.238937190123714361e-05	-2.037228703960614713e-04	4.045085767515722115e-04	-5.919078927519807630e-04	-6.915894309604911925e-04	-4.910147609714918867e-04	-9.822565735731669443e-05	-2.851419603326148483e-04	-2.636018357617167496e-04	-4.161520449085741834e-04	2.071972075200395386e-05	-1.061468767803538287e-04	9.825708764970033811e-06	-2.529853231846911988e-04	-4.865380152160044859e-03	8.339144743452172378e-04	3.246630880613431483e-04	5.251537361495306477e-03	-1.381301092839878994e-04	1.780381209230005543e-04	-5.136809823752809881e-03	7.435615898393529294e-04
1.699843059778250419e-03	-2.437748051483895839e-05	-3.202541390419976017e-04	-4.786084132681064723e-04	-7.628858832952303999e-04	-3.172322355592102953e-05	6.966643073532672367e-04	2.931348085115903761e-04	-5.231490426402372711e-03	3.370695019009673551e-04	7.751850496315279039e-04	5.075068080206615942e-03	1.355166165041751629e-03	5.126394649184287319e-03	5.033469181832380367e-03	-4.041651593964781710e-04	4.858888589128831231e-03	-8.037212298290286093e-04	-2.231270692304681668e-04	8.072968678567810042e-04	4.388107561122575845e-04	5.393699052307972253e-03	1.067759786798332458e-02	-5.080912966571602199e-04	-4.605892610791638940e-04	-2.612971515170205172e-04	4.494586889985911098e-05	2.656681873503488221e-04	6.141431491821249238e-04	4.159852916653702503e-04	-2.140197972291702378e-04	-4.832053539444985534e-04	4.993498171452341768e-03	-2.341382651042569606e-03	-7.666823431754640414e-04	-4.324501205948672738e-03	-1.242539335587067436e-04	6.161250224209051558e-03	5.356625321343845905e-03	-5.930237345998495141e-04	-2.044927649174213611e-04	-8.401128765115415797e-04	-2.636018378415152684e-04	7.679265913495155176e-04	1.383308368081465783e-04	1.460439353618920178e-03	3.459339593284986754e-04	-6.808358684493732559e-04	4.327414393729752816e-04	-4.761058787912688631e-04	-3.533136672438795165e-04	5.382035482955201485e-05	-2.220596818085480246e-04	4.831651102515425143e-04	3.798598973437552605e-04	-4.853770055048380657e-05	-5.068209929047121087e-03	1.215949580399097295e-03	4.331714499612333022e-04	1.037326397284419124e-02	2.410141975676971266e-04	4.555639448308564099e-03	-6.982846008603234896e-04	3.971243390426137552e-04
-2.637620187112581422e-04	5.546801092362706317e-04	5.233001156750546933e-04	6.372050885072420444e-05	-1.034331110417687947e-04	-1.559002279176525734e-04	-1.862898889816104030e-04	1.936496327449783767e-04	1.581698388524027383e-04	-1.750584932794713774e-04	6.684977053305980656e-04	-9.748306670834444348e-05	-6.010694977050639850e-04	-6.663387679469988411e-05	-6.150850327558837500e-04	1.172657578114717032e-03	-8.207991785289663359e-04	1.209038642729900722e-03	4.234440070889285856e-05	4.931466763033818656e-04	-1.153402403629086737e-03	1.914121614397670617e-04	-5.080912966571602199e-04	2.200193263229272608e-03	4.221549826105324750e-05	1.931069213934738177e-05	-1.816215830879640628e-04	-3.094171777490784317e-05	-2.860423947256575655e-04	1.225090776731212736e-04	1.428951664380206531e-04	2.139397376996133768e-04	-7.591809876795806242e-04	6.368070317896341610e-04	-6.606396705825081164e-04	1.125059121705540479e-03	1.618898738007698806e-04	5.489522696532067852e-04	-1.021475527530495456e-04	1.179912116841303317e-03	-1.490164537175022331e-04	5.912191358413503538e-04	3.246636555562715850e-04	7.624026019835307281e-06	1.651022186004347974e-04	-1.941408756032520893e-05	-6.199908003647151009e-05	5.052082368371009751e-04	-1.552875916501343678e-04	8.557088025168608537e-04	4.331725573847687713e-04	1.231371943742542649e-04	1.361853863905732826e-05	3.109310104810081733e-05	-1.898257316059634529e-05	3.791407917229724792e-04	3.182641131795966227e-04	6.855627632623995929e-04	1.784764076287896888e-03	-7.241535209945717611e-04	7.501038803602109572e-04	-9.127293937718127187e-04	-3.537647384389607593e-04	-9.607190362799818145e-06
-2.352084102252238046e-02	8.003232275608457378e-04	2.656459990655705633e-05	1.176449032853421096e-02	4.312479176700971919e-05	6.956493490417139415e-04	-1.038918171895721054e-02	2.593555458854691648e-04	1.054758261501872931e-03	1.954268622136587418e-04	6.827911878542722876e-05	-6.372527913670546131e-04	-1.060104255300006260e-03	-7.500092634852855052e-04	-7.947447348969014229e-05	4.091504847790258933e-04	-2.169845746679239325e-04	-6.975650696668357972e-06	4.521103175262138518e-04	2.678161010210241590e-04	-2.461511221288195444e-04	-1.457244321193823121e-04	-4.605892610791638940e-04	4.221549826105324750e-05	1.315987526996037667e-02	-7.611787902380368412e-04	1.670270971934691053e-04	-8.861553978235460396e-04	1.169331492429092310e-03	1.131708050482750985e-02	2.544840825163308118e-02	-1.294053256770075558e-03	-6.407948908984787730e-04	-9.288231117083036933e-04	-2.096202500631184212e-04	1.772581172962056856e-03	-6.214632528893968921e-05	7.716075214465078266e-04	-8.329987367871853016e-06	-2.622992381306588723e-04	1.048100691218675773e-03	-9.576850379127282986e-04	-2.869983670267782245e-04	1.030571319973693292e-02	1.151754000989801046e-04	2.462122732167832534e-02	1.242553776677875546e-02	-1.306338775573509048e-03	-1.076366327835840027e-02	-1.326673512430139176e-04	-4.786130991414022477e-04	2.468471578498511454e-02	-1.111543337530198228e-04	1.309928656213826641e-02	9.959491601942288552e-04	-3.323051333600595650e-04	6.806372912890781401e-04	2.945669775940028311e-04	6.371902058389375184e-05	-1.445751228156712601e-03	-1.941110485640046637e-04	-1.568795478256599686e-03	-2.061398572333725970e-04	1.959507194473670573e-05
1.019989092972967658e-03	-5.071993142298053883e-03	-2.151168845035203990e-04	-6.372544127224681479e-04	4.759231509698945428e-03	-3.345202774223872974e-04	1.196211183049018844e-04	-4.674206472665977732e-03	-3.340060701285642785e-04	2.585664728760985256e-04	-1.079376801364100621e-04	1.250631442417994858e-04	-1.046648222433222515e-03	-1.623174284376643721e-04	-2.726367768528126928e-04	5.209088308255277813e-04	-4.856621192949718904e-04	-3.524663715740467690e-04	-6.696142552829059420e-04	3.534357504259577360e-04	-5.487626508103118396e-04	2.118289494562011522e-05	-2.612971515170205172e-04	1.931069213934738177e-05	-7.611787902380368412e-04	5.280131978750979976e-03	5.243484768463473056e-03	1.973210358048559099e-04	-2.380269222016931168e-04	-9.930075918569101221e-05	-9.602748121708488049e-04	5.595552848137562950e-03	-1.877371152555447407e-04	-7.872370589594784515e-04	-5.716615717239126657e-05	2.332988788417160908e-04	1.435096094588978431e-04	2.255118628337690221e-04	1.063885054460062012e-05	-4.008176570714269801e-04	-3.597303662566418226e-04	5.539452477930402116e-03	4.717529405799327120e-03	-1.993913306363831429e-04	4.784772334601396573e-03	-9.996535473146719690e-04	-7.559807365108636452e-04	5.750072289879646498e-04	3.125344795160323497e-04	2.739166388124359168e-04	5.075069091573274765e-03	-1.101136982351053322e-03	4.854698745036674021e-03	-9.729097801583850430e-04	-2.804936646831073140e-04	-5.054884456059931946e-03	-4.089044224318450654e-05	5.527339776861999246e-04	-9.748297837550108430e-05	-1.092178964752553390e-04	-7.068606142612327177e-04	-1.927757981244776237e-04	-2.083749774413933887e-04	1.004318988892120672e-03
-1.091974990186400651e-03	-4.705698888399930356e-03	-4.578919721519822926e-03	2.678142094049608814e-04	5.300002068949294029e-03	-3.796787682411917374e-04	-5.950594462025380216e-04	-4.932855343956122143e-03	-7.238101894170309667e-04	1.819439201421603849e-04	4.247544512693741427e-04	3.534356495834108580e-04	2.201269020747069374e-04	1.451670861561609556e-04	-5.004131060338897386e-05	3.107201403015045246e-04	-6.859973453077334010e-04	-9.840442369185263549e-04	-1.035235295819475704e-03	5.915059238928683334e-04	-2.634152832872020439e-04	3.724257137164144324e-04	4.494586889985911098e-05	-1.816215830879640628e-04	1.670270971934691053e-04	5.243484768463473056e-03	1.041136345573354278e-02	-4.425353434059772426e-04	4.663662337118089363e-03	-7.718163920871548827e-04	-4.353294010543820114e-04	7.789600891738143653e-04	-4.102909855502628498e-05	-2.883046066840234088e-03	-1.122346217854332858e-03	5.729364354342310079e-04	-9.390636098999984022e-07	9.191347956412947639e-04	3.084894055328628315e-04	-1.076863502441506104e-03	-1.644381163829449887e-04	6.296580529452602826e-03	5.275767442076086458e-03	-6.663113133602189013e-04	4.864285168629448389e-03	-2.209945988158188573e-03	-7.461446615438134533e-04	-4.121449748494704704e-03	-1.491840264754458727e-04	-3.970341903778004319e-03	8.072991985187208137e-04	-6.649987583432590433e-04	4.994620641303734038e-03	-1.366000911934043931e-03	-4.041002174220513477e-04	-1.014812530013031733e-02	-2.512025829279332574e-04	1.226688331778161452e-03	4.931460119618157317e-04	4.718336270528085424e-05	-1.607334723489760482e-04	-3.510713127402693371e-04	-2.908384228178931882e-04	1.406517347073276726e-03
6.913898236012545689e-05	-2.891796972707582800e-05	3.983079361013662154e-04	-8.861543102184484769e-04	-1.988902050338034813e-04	1.856958322294333065e-04	-9.415863285797310307e-04	8.112035712045547711e-05	-2.891893125154622039e-05	-1.702204546171753462e-04	-1.297723184699360545e-04	1.973212600824149452e-04	-1.892169002977579808e-05	5.022674662472806188e-04	8.121638064054099732e-04	-3.434103247729114249e-05	3.983076223651694711e-04	-1.297720438063726769e-04	7.430265020382082576e-06	-4.425341641632530481e-04	1.183486039721496632e-04	-1.058237189094424810e-04	2.656681873503488221e-04	-3.094171777490784317e-05	-8.861553978235460396e-04	1.973210358048559099e-04	-4.425353434059772426e-04	2.200271249874078197e-03	-8.364466537819899381e-04	1.478543636701387491e-03	5.991595014359077029e-04	4.984605644868218095e-04	-1.988897785982468016e-04	-1.892087631063674115e-05	1.183488993395165670e-04	-8.364450273030321278e-04	2.084149749126101413e-04	-7.145599206197388899e-04	-3.395614216620302132e-04	-6.795773309135658114e-05	1.856949708335117006e-04	5.022679428487979852e-04	-1.058244375361446394e-04	1.478544899703346151e-03	-7.145611581848066753e-04	1.263277896481037992e-03	-3.945434625085426071e-04	1.022294450149343562e-03	-9.415867940131647951e-04	8.121654309094111270e-04	2.656678886738421180e-04	5.991609002824704834e-04	-3.395619362887199459e-04	-3.945429714198285878e-04	-1.782927276967633846e-03	6.798372955580619416e-04	8.111957580996870991e-05	-3.434112096835238221e-05	-3.094187102097030977e-05	4.984602151445020890e-04	-6.795787365885874514e-05	1.022292548220168646e-03	6.798357606062239988e-04	-1.212742872439186512e-05
-3.818952423204764225e-03	-3.575869269802227184e-03	-8.112490151725073456e-03	1.772579481050253706e-03	-4.637096465834048692e-03	2.225025738406661386e-04	-1.346804771075528354e-03	4.177651899114710526e-04	-4.460678435423526104e-05	4.100077129522828158e-04	1.776278077719326042e-03	2.332983587540911059e-04	3.672462093844411010e-03	4.716978933060886944e-04	8.649420824818673109e-04	-7.540051712018763265e-04	-1.044789091471204730e-04	-5.620226101098822324e-04	4.571235881985838412e-04	5.729368002239708726e-04	9.248917881234429775e-04	5.287170316449797680e-04	6.141431491821249238e-04	-2.860423947256575655e-04	1.169331492429092310e-03	-2.380269222016931168e-04	4.663662337118089363e-03	-8.364466537819899381e-04	1.117585779628394414e-02	-1.356043993306054948e-03	6.850163234669337823e-04	-5.198380822843942997e-03	1.749192303809905401e-04	-3.194275988141053683e-03	-1.404141753796748354e-03	7.301053650049888974e-04	-3.630286758864142678e-04	7.877491578347980972e-04	3.868206168457798176e-04	-4.396558229823205885e-04	1.478825554261434510e-04	-4.140994097632022530e-03	1.680117160092851479e-04	-6.649741681543734888e-04	4.847983108777247779e-03	-2.807792121638609702e-03	-3.548497698217398461e-04	-8.947570864730259796e-03	-8.507964593226482932e-04	-9.515587905372685507e-03	-4.324501383339899446e-03	8.198797453739945429e-04	3.985054391411128037e-05	-8.636329810676263629e-04	-4.762668267230286143e-04	-4.425251542096745802e-03	-1.923210592906640843e-04	1.367543089058774171e-03	1.125058310068679460e-03	3.119058474824174166e-05	1.535765581838039471e-03	-3.054396929843423416e-04	-1.597745482414750912e-04	-3.000520047287105665e-04
-2.347753010895300280e-02	8.373447555211550354e-04	1.622147758097585140e-03	1.030571393556985529e-02	4.213748488983277388e-04	-1.026733161752268423e-03	-1.232006203924255507e-02	1.540940029782344859e-04	1.504959877735651246e-03	2.969585798893162380e-05	-1.987749407988372767e-04	-1.993901669762036160e-04	-1.212305537547384536e-03	1.046802433420335535e-03	2.382810259132884818e-03	5.055384370682303868e-04	1.371757077330680412e-03	-1.256802497836711260e-04	4.631495861554276827e-04	-6.663086335182684481e-04	-1.448301275417297621e-04	-1.821072228642871206e-04	4.159852916653702503e-04	1.225090776731212736e-04	1.131708050482750985e-02	-9.930075918569101221e-05	-7.718163920871548827e-04	1.478543636701387491e-03	-1.356043993306054948e-03	1.513785975722937473e-02	2.734477109309596532e-02	3.959883021053045896e-04	-4.034407248595915391e-04	-9.346876005659044253e-04	3.534258993125228730e-07	-6.649692844325194845e-04	1.971364452464158452e-04	-1.145488617445718530e-03	-5.384018338190057953e-04	-2.933129664151434943e-04	-7.204598817426709646e-04	8.041958731431372810e-04	-2.037264552580903346e-04	1.356670795137163502e-02	-1.452188066882167646e-03	2.847903872546085971e-02	1.217348028011721109e-02	1.622567336013970227e-03	-1.308334192365322342e-02	2.307535863538751238e-03	7.679218632875953491e-04	2.659424125340454498e-02	-3.964258814427176433e-04	1.266864373807338046e-02	-4.153194698645816898e-04	1.065317891207367106e-03	7.799948319579344015e-04	2.323301038581191736e-04	7.622048997218794331e-06	-1.697588824080684046e-04	-3.236322235843472383e-04	1.392864995571227189e-03	1.222542892030981706e-03	-3.585064118344409795e-06
-5.073642831391846769e-02	2.254525487223929883e-03	1.349156267799176290e-03	2.468471574784579514e-02	-3.478477346401364625e-04	-2.710707525962898585e-04	-2.547564685692059461e-02	9.933189954763270001e-04	2.379426039331262663e-03	1.957841547855442260e-04	-7.778003250127835458e-04	-1.101134014090647192e-03	-3.572063251796936921e-03	-2.574062359705365762e-04	2.253665422208651035e-03	1.435153788532097033e-03	1.232293527756056495e-03	-8.155942629571321951e-04	-3.605301895820496767e-04	-6.649939065561646717e-04	-1.033938153157434956e-03	-6.992087137671285091e-04	-2.140197972291702378e-04	1.428951664380206531e-04	2.544840825163308118e-02	-9.602748121708488049e-04	-4.353294010543820114e-04	5.991595014359077029e-04	6.850163234669337823e-04	2.734477109309596532e-02	5.737889831347792180e-02	-1.480532564415771397e-03	-7.061061869530490349e-04	-3.496448738218962612e-03	-9.695880894756057043e-04	8.198873743241916982e-04	8.008969381542106183e-05	-1.032183296373659007e-03	-7.863677105239089702e-04	-1.195458889239875248e-03	2.894092476956970357e-04	5.472159304990493377e-05	-4.161587671162943918e-04	2.659424105596049082e-02	-9.215483194884823348e-04	5.697311058556719932e-02	2.743602418256717995e-02	-1.014536680853133548e-06	-2.479693983475267371e-02	2.374288496641615426e-03	5.381054644763640262e-05	5.546347036346387094e-02	-6.109474727102528081e-04	2.677615384508547774e-02	6.082422869705529471e-04	9.040867929252505413e-04	1.290869140804509155e-03	1.269749279427910636e-03	1.231334069293912674e-04	-1.715461911469007197e-03	-1.105809549604764609e-03	-1.148741677587088053e-04	1.160955177116420245e-03	1.328300730066453612e-03
3.270272971930394523e-03	-6.190294722781595690e-03	4.219375997734730807e-03	-1.445752898189972069e-03	5.036146854962746458e-03	-3.138867060857456273e-04	1.117635027811047154e-03	-5.542740616145226847e-03	-2.011020848728213226e-04	2.078640422504196214e-04	-1.106229840093311129e-03	-1.092180666152545556e-04	-2.808066174082963010e-03	-6.846623345653623377e-04	-6.107894780902876648e-04	1.190110809471509219e-03	-5.509568256000644572e-04	2.125247286880323455e-04	-8.044531102525656532e-04	4.718351564299862855e-05	-9.447470474045753953e-04	-3.192745675673601684e-04	-4.832053539444985534e-04	2.139397376996133768e-04	-1.294053256770075558e-03	5.595552848137562950e-03	7.789600891738143653e-04	4.984605644868218095e-04	-5.198380822843942997e-03	3.959883021053045896e-04	-1.480532564415771397e-03	1.159419417858208526e-02	-6.576030161848619212e-04	8.797465291950104472e-04	5.256153016160239333e-04	3.119207192588128910e-05	6.119323402664870873e-05	-2.129332106018620968e-04	-2.917094081790322087e-04	-1.212714772259921745e-04	-1.496890673321109387e-04	5.222097153213766524e-03	5.251537703295420731e-03	-1.697593510824871505e-04	5.783384478038601680e-03	1.276660000438876032e-04	-4.685248109019326266e-04	5.428976512302262532e-03	1.196971648213743765e-03	4.513034233546184965e-03	1.037326432775498124e-02	-1.715463682653896272e-03	5.214294274799977438e-03	-3.797264054499544699e-04	2.062824327380265795e-04	-6.125581434720920888e-04	1.818140363488611542e-04	-1.783940526441875254e-04	-7.241529322722154143e-04	-9.560865846260441160e-05	-1.213151817882743072e-03	-3.322149382130014849e-05	2.244711501152906537e-05	1.099924511365339783e-03
1.701342386405380784e-03	-7.380503850657270219e-05	-2.432282327998333755e-04	4.312632083511148246e-05	-2.075027864885344887e-04	1.537572735088819909e-04	6.558369759076677474e-04	1.955355184992676543e-04	-7.889262054572021565e-04	-2.978353496067900072e-04	-1.075592657558734044e-05	4.759230522757085594e-03	6.321707859942289447e-04	9.132602828592850663e-03	3.955222885202175007e-03	-8.758581712367933831e-04	4.665619256431634797e-03	-1.418690689234403286e-03	-8.501627402692838158e-04	5.299999238921528077e-03	2.605263955720712120e-04	4.789478592842854460e-03	4.993498171452341768e-03	-7.591809876795806242e-04	-6.407948908984787730e-04	-1.877371152555447407e-04	-4.102909855502628498e-05	-1.988897785982468016e-04	1.749192303809905401e-04	-4.034407248595915391e-04	-7.061061869530490349e-04	-6.576030161848619212e-04	9.975217355549927806e-03	-2.545397036534514153e-03	-3.563685951782922579e-04	-4.637097968828949104e-03	3.934345194983851881e-04	7.801662220283756086e-04	5.179473708608377247e-03	-1.062815331706561030e-03	-1.279057242665727033e-04	-4.246412834592151004e-04	-3.089544055261968887e-04	4.213755334491237244e-04	9.759276407839715813e-06	1.087744392854597675e-03	4.348419784853794112e-04	-5.842075555655779160e-04	9.430670770631832157e-04	-6.847559892328410405e-04	-7.628847468094480727e-04	-3.478457647307388041e-04	-1.574823347664280329e-04	3.191854986054392588e-04	5.666311897465707266e-04	-2.029617766240243508e-04	-5.173190752666883066e-03	8.733465051453531691e-04	-1.034332765898391912e-04	5.036146795313970088e-03	-8.179830376146761221e-04	4.209205739448398931e-03	-6.045393527888168542e-03	9.326448503250597648e-04
1.113918135235049053e-03	1.278895869688289645e-03	3.575517202961296485e-03	-1.060099357500923507e-03	6.321735128173647245e-04	1.798914737441779769e-04	1.331852754977200237e-03	3.914646844119674257e-04	-1.497290190871741668e-03	-4.560473593374455474e-04	2.331082561608491255e-02	-1.046651013867389013e-03	4.949474164421271971e-02	-4.011962236315502750e-03	-5.223954865688638233e-03	-2.498101412652350972e-02	-2.888349027247941441e-03	2.532592580847994532e-02	5.140967119967594645e-02	2.201221805844361351e-04	2.339108202260171618e-02	-9.044393663048180126e-04	-2.341382651042569606e-03	6.368070317896341610e-04	-9.288231117083036933e-04	-7.872370589594784515e-04	-2.883046066840234088e-03	-1.892087631063674115e-05	-3.194275988141053683e-03	-9.346876005659044253e-04	-3.496448738218962612e-03	8.797465291950104472e-04	-2.545397036534514153e-03	5.499177596060050160e-02	2.532022084950875940e-02	3.672461011234685619e-03	-4.950540304044929226e-04	2.079652081979010796e-03	-3.758965277006669301e-04	2.682411522938565884e-02	2.047273270878131131e-04	-6.673529802047584690e-04	-6.241457517039751025e-04	-1.212299458121106170e-03	-7.148509515445369052e-04	-3.618301641769777277e-04	-8.867588779119412465e-04	8.375076110308803286e-04	1.277072689198271343e-03	2.017742525384448073e-03	1.355168418766734524e-03	-3.572052716912709792e-03	-1.837186759368906390e-04	-6.544126871510071511e-04	1.892930554153385422e-04	1.623588158187600199e-03	5.918859077852421614e-04	-2.672791445256215287e-02	-6.010672143457159236e-04	-2.808066165784176872e-03	2.518952625031017911e-02	-6.118322854205686043e-03	-1.811956346265205294e-03	-5.663027517013780043e-02
8.217774110488127609e-05	-2.512323899431795219e-04	1.100235160785672942e-03	-2.461494102627692637e-04	2.605283461488051453e-04	1.137087757263270757e-04	3.638156750269663699e-04	-2.860045502606771873e-05	-5.739381607503961412e-04	-8.951108153672794046e-04	1.061170647795626337e-02	-5.487644934217574249e-04	2.339108389389418091e-02	-2.162155033398431396e-03	-2.103659548678618076e-03	-1.311120904762144365e-02	-5.426949262640743711e-04	1.064435589684042428e-02	2.444718624238175625e-02	-2.634183178062123000e-04	1.159849903305117461e-02	-6.626738453517679863e-04	-7.666823431754640414e-04	-6.606396705825081164e-04	-2.096202500631184212e-04	-5.716615717239126657e-05	-1.122346217854332858e-03	1.183488993395165670e-04	-1.404141753796748354e-03	3.534258993125228730e-07	-9.695880894756057043e-04	5.256153016160239333e-04	-3.563685951782922579e-04	2.532022084950875940e-02	1.342569457623847204e-02	9.248909015808616605e-04	7.746893774818865239e-04	6.290176864816001334e-04	3.814574625381805307e-05	1.177407230725748682e-02	1.499797030429200588e-04	-5.156506589525118979e-04	-5.153399602694493185e-04	-1.448275415094778164e-04	-6.382834841477850281e-04	6.843041813296053561e-04	-7.073549989299852969e-05	1.897624865954178797e-04	4.635389884122001697e-04	3.446926634141003060e-04	4.388126544216977261e-04	-1.033934210505999809e-03	-9.880865484622430416e-05	7.944083085313786150e-06	8.130771258674804412e-05	4.922020735734996839e-04	9.714380709339254054e-05	-1.268929186502586182e-02	-1.153400689706204213e-03	-9.447475352172039027e-04	1.048942504327944961e-02	-2.368233151000640347e-03	-7.035804069763862759e-04	-2.626528144757048558e-02
-3.818957470015081103e-03	-4.460735675461809736e-05	-1.044797843553858579e-04	1.169332599040210155e-03	1.749181145769599071e-04	1.478804516898917887e-04	-8.508018863504032171e-04	-1.923215059401127392e-04	-3.575871770296336263e-03	4.100093574558045639e-04	-5.620228392838721304e-04	-2.380238745867990270e-04	-3.194278063051432612e-03	-4.140989453490418262e-03	-9.515585346054053484e-03	1.367546023590548651e-03	-8.112494957546678709e-03	1.776279603363725267e-03	4.571231321391066573e-04	4.663666416028548756e-03	-1.404142379891742346e-03	1.680135196935919584e-04	-4.324501205948672738e-03	1.125059121705540479e-03	1.772581172962056856e-03	2.332988788417160908e-04	5.729364354342310079e-04	-8.364450273030321278e-04	7.301053650049888974e-04	-6.649692844325194845e-04	8.198873743241916982e-04	3.119207192588128910e-05	-4.637097968828949104e-03	3.672461011234685619e-03	9.248909015808616605e-04	1.117585930531165075e-02	-3.630287742282093701e-04	4.847982555474740669e-03	3.985011852292883675e-05	1.535764504753183487e-03	2.225021211472347866e-04	4.716983407777957348e-04	5.287173103873273310e-04	-1.356039195216652161e-03	7.877497765808264690e-04	-2.807784916295677155e-03	-8.636297468071565692e-04	-3.054388345692509452e-04	-1.346807774511842460e-03	8.649420367932440703e-04	6.141428508493922741e-04	6.850214950018919738e-04	3.868204013347489216e-04	-3.548489974301639090e-04	-4.762681260320940097e-04	-1.597743570977146850e-04	4.177644086304115652e-04	-7.540038386772750321e-04	-2.860422172897258953e-04	-5.198377020321907904e-03	-4.396560569269600737e-04	-8.947564142704585860e-03	-4.425249378471380127e-03	-3.000496196411069115e-04
6.909266125188019193e-05	-1.564951365499388485e-04	9.619603694356869969e-05	-6.214653923712795648e-05	3.934348942189585521e-04	-2.383475884280886442e-05	-3.150521297979366319e-05	-3.041030266987200292e-05	-1.564943842748029736e-04	-1.593400468729357002e-03	-9.602402777517228885e-04	1.435091418600222078e-04	-4.950540501274531668e-04	-1.521278592568292651e-04	-1.152995585394393850e-04	-5.061433169661039939e-04	9.619600732203646253e-05	-9.602400677827610748e-04	-2.675051862342470122e-04	-9.393255800245280509e-07	7.746895532608059388e-04	-3.017692096056655781e-04	-1.242539335587067436e-04	1.618898738007698806e-04	-6.214632528893968921e-05	1.435096094588978431e-04	-9.390636098999984022e-07	2.084149749126101413e-04	-3.630286758864142678e-04	1.971364452464158452e-04	8.008969381542106183e-05	6.119323402664870873e-05	3.934345194983851881e-04	-4.950540304044929226e-04	7.746893774818865239e-04	-3.630287742282093701e-04	2.005889837841682601e-03	-5.364555945415181489e-04	5.802589288217435980e-05	-1.281287022483718974e-03	-2.383466924147496394e-05	-1.521272336185119619e-04	-3.017683660532198553e-04	1.971364622418154532e-04	-5.364544593729294632e-04	2.203125464315063399e-04	-5.170519555496503038e-05	2.280850499994151398e-04	-3.150509575794910029e-05	-1.152992295093853957e-04	-1.242528148672973252e-04	8.008917317695056135e-05	5.802655511313890358e-05	-5.170531302685983828e-05	-1.596933737900664758e-04	-6.663592990665515199e-05	-3.040972485157034035e-05	-5.061436314948548031e-04	1.618900556900378508e-04	6.119205425845060343e-05	-1.281286537865374605e-03	2.280843666863265464e-04	-6.663590185148911933e-05	7.801411260792306436e-04
-5.753192101264738637e-04	-3.211210128264661845e-04	-4.577211959702772413e-04	1.151786524372684238e-04	9.757629107107594567e-06	3.098775685693106255e-04	7.752203566198817043e-04	-2.644384845498520971e-04	-8.900219657988133609e-03	7.674204255279069593e-04	8.276748754692290436e-04	4.784773168401357073e-03	-7.148504717347821521e-04	6.768015183910044801e-04	-4.042216178108652344e-03	3.196346186799002890e-04	-3.687571006049747240e-03	1.209862880837386020e-03	1.054006684754803334e-03	4.864284819949906552e-03	-6.382836017184622887e-04	5.344221149846300860e-03	6.161250224209051558e-03	5.489522696532067852e-04	7.716075214465078266e-04	2.255118628337690221e-04	9.191347956412947639e-04	-7.145599206197388899e-04	7.877491578347980972e-04	-1.145488617445718530e-03	-1.032183296373659007e-03	-2.129332106018620968e-04	7.801662220283756086e-04	2.079652081979010796e-03	6.290176864816001334e-04	4.847982555474740669e-03	-5.364555945415181489e-04	1.088408344697261963e-02	5.409161637388854374e-03	1.449614795890034544e-03	2.041168706910653709e-04	-9.712591175544885288e-05	4.045086280415686585e-04	-1.452182074394165086e-03	8.059042701362579544e-04	-2.719889905394298237e-03	-1.016326360638632794e-03	-1.025521484891305218e-03	3.943119461264088532e-05	-2.129890092053101963e-04	1.383308964650474711e-04	-9.215398807855598035e-04	4.125396935475469365e-04	-3.770643997382934444e-04	8.941299083674758737e-05	-9.009728950167463640e-04	-4.868921187125625771e-03	2.234057729751948444e-04	1.651015236890941685e-04	5.783387448501866798e-03	1.843134695434092219e-04	-4.996094796280398792e-03	-5.112959627270456317e-03	-7.817560040671773548e-04
5.682407292437784488e-04	-2.854320434743966772e-04	-3.473706848466890729e-04	-1.111516951033822496e-04	-1.574828733944489616e-04	-1.455864277946707695e-05	5.465700481892788679e-04	-3.740233947579731837e-05	-4.667530513169657405e-03	3.134609396820322701e-04	2.655498925945625681e-04	4.854698591369031174e-03	-1.837194626461077513e-04	4.950187913122728461e-03	1.630367311628079540e-05	-7.195898777100710980e-05	4.170595575194856078e-04	-5.095837649465856508e-05	-1.538690521667780453e-05	4.994619299948458054e-03	-9.880938641729662057e-05	4.741504603895425538e-03	5.356625321343845905e-03	-1.021475527530495456e-04	-8.329987367871853016e-06	1.063885054460062012e-05	3.084894055328628315e-04	-3.395614216620302132e-04	3.868206168457798176e-04	-5.384018338190057953e-04	-7.863677105239089702e-04	-2.917094081790322087e-04	5.179473708608377247e-03	-3.758965277006669301e-04	3.814574625381805307e-05	3.985011852292883675e-05	5.802589288217435980e-05	5.409161637388854374e-03	5.284139876116799098e-03	-2.508427178660389600e-05	-1.303692399676225498e-05	-3.396535184137955974e-04	2.072003271790128946e-05	-3.964228439187913555e-04	4.125405763656272940e-04	-7.307042100969541459e-04	-3.988772596524900026e-04	-6.628785940115018704e-04	3.744736634369577187e-04	-4.098507139491701975e-04	-2.220589492497970600e-04	-6.109423639819446883e-04	1.206137795874727479e-04	-1.470979455362110729e-04	2.238182490257467779e-04	-3.931288340462511387e-04	-4.693172753054777185e-03	5.313241835995102802e-04	1.361816661026885939e-05	5.214295291451964860e-03	-3.550122446772060493e-04	-1.839721364508465457e-04	-5.461246001270679204e-03	2.759326463952588250e-04
-1.094753651705985441e-04	3.978002186875328377e-04	7.152144901141216371e-04	-1.941085623726134489e-04	-8.179819483160189874e-04	9.515921044186200373e-05	3.457495226276088461e-04	4.677299120598816737e-04	1.286244034913778763e-04	5.077052339008965949e-04	1.315733102630819301e-02	-7.068617738280542949e-04	2.518952476411114721e-02	-1.559393539444599080e-03	-1.625818104815336543e-03	-1.223581384958487978e-02	-5.485559204527844625e-04	1.281645924447428336e-02	2.546593850125863229e-02	-1.607357155044176621e-04	1.048942284000690603e-02	-9.069736271838835413e-05	-5.930237345998495141e-04	1.179912116841303317e-03	-2.622992381306588723e-04	-4.008176570714269801e-04	-1.076863502441506104e-03	-6.795773309135658114e-05	-4.396558229823205885e-04	-2.933129664151434943e-04	-1.195458889239875248e-03	-1.212714772259921745e-04	-1.062815331706561030e-03	2.682411522938565884e-02	1.177407230725748682e-02	1.535764504753183487e-03	-1.281287022483718974e-03	1.449614795890034544e-03	-2.508427178660389600e-05	1.503964495964866394e-02	-3.879173013701158943e-06	-3.495434284201178062e-04	-1.381280876215376326e-04	-3.236294957623237455e-04	1.843129636453956911e-04	3.059562051371633555e-04	-1.701139629357533811e-04	-5.013190778790229622e-04	3.082030010512389062e-04	4.194746119890255124e-04	2.410156691880649014e-04	-1.105804862773218048e-03	-3.550122524952047933e-04	6.901695399567499647e-05	1.742964342467940675e-04	6.689781740482950677e-04	4.259554677537947327e-04	-1.200761432728433831e-02	7.501046047156130058e-04	-1.213150862745633694e-03	1.337518250392617791e-02	-2.620544690303970060e-03	-5.651846480313081275e-04	-2.874697813334690932e-02
-2.755100259331718729e-05	2.890866729372208971e-04	2.083549699172044720e-04	6.956490929383610071e-04	1.537556602680629288e-04	1.594515684930805340e-03	6.953546681240439613e-04	-6.787029913869936518e-05	3.856802419132072468e-04	-1.319543790721084713e-05	6.019097015559209005e-05	-3.345195875412507050e-04	1.798923673078041993e-04	-7.660790732285833755e-04	-2.342279704395329237e-04	-1.083965924660581170e-04	1.724075158799972130e-04	4.088291331472781407e-05	1.807814914388522075e-04	-3.796783337045202267e-04	1.137094167522821305e-04	-3.744822346788723470e-04	-2.044927649174213611e-04	-1.490164537175022331e-04	1.048100691218675773e-03	-3.597303662566418226e-04	-1.644381163829449887e-04	1.856949708335117006e-04	1.478825554261434510e-04	-7.204598817426709646e-04	2.894092476956970357e-04	-1.496890673321109387e-04	-1.279057242665727033e-04	2.047273270878131131e-04	1.499797030429200588e-04	2.225021211472347866e-04	-2.383466924147496394e-05	2.041168706910653709e-04	-1.303692399676225498e-05	-3.879173013701158943e-06	2.020558245189825464e-03	-5.103659891771912581e-04	5.895677198462810143e-06	-1.026734971501694479e-03	3.098780932710282470e-04	7.516476839582929238e-06	1.054528542569990778e-03	-2.857388885461111536e-04	1.025959366907630045e-03	-1.721365946361683012e-04	-3.172481111259479032e-05	-2.710728637325575049e-04	-1.455930896221606179e-05	7.715034367088758650e-04	-1.556647076812527021e-04	-7.735184657734908446e-06	3.204263047331088756e-04	-2.215307859643787596e-04	-1.559001328481636169e-04	-3.138859947330241082e-04	9.515925377550331224e-05	-3.172243632387369513e-04	2.332599897877065591e-04	-1.876930876362421015e-04
1.477647954724513324e-03	-7.511417046741062677e-04	3.844529115180982982e-03	-7.500126621675315148e-04	9.132603929419785480e-03	-7.660800160517095871e-04	-4.105322117119495316e-04	-4.946812164874973133e-03	-3.761592769751841224e-05	2.946683358864348682e-04	-9.732610090412651370e-04	-1.623165482933317666e-04	-4.011956487979170642e-03	-1.558387567051611991e-04	-3.047785186094566635e-04	1.732395286383437653e-03	-5.562061133311897634e-04	-3.892683645946967870e-04	-2.169474815333606414e-03	1.451677377888592501e-04	-2.162152053949123465e-03	-2.317554929109444210e-04	-8.401128765115415797e-04	5.912191358413503538e-04	-9.576850379127282986e-04	5.539452477930402116e-03	6.296580529452602826e-03	5.022679428487979852e-04	-4.140994097632022530e-03	8.041958731431372810e-04	5.472159304990493377e-05	5.222097153213766524e-03	-4.246412834592151004e-04	-6.673529802047584690e-04	-5.156506589525118979e-04	4.716983407777957348e-04	-1.521272336185119619e-04	-9.712591175544885288e-05	-3.396535184137955974e-04	-3.495434284201178062e-04	-5.103659891771912581e-04	1.118986820010032038e-02	5.526188305882822130e-03	1.046801544029431078e-03	6.767991438312820178e-04	1.499986046051515710e-03	2.683194269297584631e-04	5.296811521580463075e-03	2.796839285322037338e-04	5.219154420316659236e-03	5.126395563830975569e-03	-2.574100834262207016e-04	4.950187688668599567e-03	-5.294746941551721920e-04	-1.190539957382726651e-04	-5.737078741354111402e-03	2.751671276832911217e-04	1.016980941108842993e-03	-6.663405534934736492e-05	-6.846611662573649001e-04	-1.559391670573327150e-03	-4.328007565197953253e-05	1.182509356785254109e-04	2.437860277390782246e-03
4.997110178057219713e-04	-4.610583553324394679e-03	1.186875848362067766e-04	-1.457275117012761956e-04	4.789479741639431423e-03	-3.744827742165160759e-04	-9.822283061229896165e-05	-4.865380448668189285e-03	-2.372735961309608958e-04	2.874309418576453468e-04	-1.671865390397072674e-05	2.118342486790530290e-05	-9.044359558710575279e-04	-2.317557556004543496e-04	-2.851430063982265299e-04	8.339130029233106107e-04	-4.738566334948339943e-04	9.368642700393624875e-05	-5.416128172594347322e-04	3.724263881200862289e-04	-6.626718836470395311e-04	6.238937190123714361e-05	-2.636018378415152684e-04	3.246636555562715850e-04	-2.869983670267782245e-04	4.717529405799327120e-03	5.275767442076086458e-03	-1.058244375361446394e-04	1.680117160092851479e-04	-2.037264552580903346e-04	-4.161587671162943918e-04	5.251537703295420731e-03	-3.089544055261968887e-04	-6.241457517039751025e-04	-5.153399602694493185e-04	5.287173103873273310e-04	-3.017683660532198553e-04	4.045086280415686585e-04	2.072003271790128946e-05	-1.381280876215376326e-04	5.895677198462810143e-06	5.526188305882822130e-03	5.318498980621453459e-03	-1.821111647400976944e-04	5.344221242520529394e-03	-5.919156917371648768e-04	-1.061502574404173506e-04	1.780375885888900054e-04	5.134142786818562520e-04	5.127491943581754478e-04	5.393699481812039981e-03	-6.992161635361886143e-04	4.741505185013804649e-03	-6.915930773757014444e-04	9.825955576534558497e-06	-5.136810680069591253e-03	4.987477925632859024e-05	4.882294749111221101e-04	1.914122207857922261e-04	-3.192740499088234725e-04	-9.069639054470307713e-05	-4.910146328257203319e-04	-2.529859976807137100e-04	7.435585988850594488e-04
-2.347753254752006635e-02	1.504961847667422338e-03	1.371756610542018001e-03	1.131708247172187945e-02	-4.034414374159995685e-04	-7.204586527300724588e-04	-1.308334150307438604e-02	7.799962117421060850e-04	8.373432964435092215e-04	2.969582286216636792e-05	-1.256817731752104248e-04	-9.929946602236892775e-05	-9.346932598145475928e-04	8.041972769172196084e-04	2.307537086478603054e-03	2.323318615161011429e-04	1.622148830796070300e-03	-1.987729452581702132e-04	4.631495518935771646e-04	-7.718138736762245652e-04	3.505989480978734642e-07	-2.037228703960614713e-04	7.679265913495155176e-04	7.624026019835307281e-06	1.030571319973693292e-02	-1.993913306363831429e-04	-6.663113133602189013e-04	1.478544899703346151e-03	-6.649741681543734888e-04	1.356670795137163502e-02	2.659424105596049082e-02	-1.697593510824871505e-04	4.213755334491237244e-04	-1.212299458121106170e-03	-1.448275415094778164e-04	-1.356039195216652161e-03	1.971364622418154532e-04	-1.452182074394165086e-03	-3.964228439187913555e-04	-3.236294957623237455e-04	-1.026734971501694479e-03	1.046801544029431078e-03	-1.821111647400976944e-04	1.513786484137071703e-02	-1.145495485493341556e-03	2.847904239434524698e-02	1.266864433287539712e-02	1.392868318553037695e-03	-1.232006576165871684e-02	2.382809100254711272e-03	4.159799826381245383e-04	2.734477807271420979e-02	-5.384051686045056209e-04	1.217348229311696582e-02	-4.153198175205352486e-04	1.222544545251309268e-03	1.540928872692926932e-04	5.055364071624242252e-04	1.225077387418784045e-04	3.959887157564452196e-04	-2.933148848497968723e-04	1.622564872524837271e-03	1.065316352592689817e-03	-3.585801913780171653e-06
-5.753125075146697451e-04	-8.900219787751767475e-03	-3.687571464490150067e-03	7.716037835578749881e-04	7.801669161453104366e-04	2.041162369366209125e-04	3.943416887934448451e-05	-4.868920917075294716e-03	-3.211222987288939634e-04	7.674196193406458049e-04	1.209862101995760279e-03	2.255125813641395329e-04	2.079652550549138373e-03	-9.712588673620550263e-05	-2.129897743149855192e-04	2.234063268643249355e-04	-4.577223966636481418e-04	8.276745564072041962e-04	1.054005883892364902e-03	9.191365029771168555e-04	6.290183148430401622e-04	4.045085767515722115e-04	1.383308368081465783e-04	1.651022186004347974e-04	1.151754000989801046e-04	4.784772334601396573e-03	4.864285168629448389e-03	-7.145611581848066753e-04	4.847983108777247779e-03	-1.452188066882167646e-03	-9.215483194884823348e-04	5.783384478038601680e-03	9.759276407839715813e-06	-7.148509515445369052e-04	-6.382834841477850281e-04	7.877497765808264690e-04	-5.364544593729294632e-04	8.059042701362579544e-04	4.125405763656272940e-04	1.843129636453956911e-04	3.098780932710282470e-04	6.767991438312820178e-04	5.344221242520529394e-03	-1.145495485493341556e-03	1.088408501579158499e-02	-2.719903558261478789e-03	-3.770688085342164013e-04	-4.996100576673241991e-03	7.752250663822487023e-04	-4.042221245851562554e-03	6.161248911823171033e-03	-1.032195476081166317e-03	5.409162447553500681e-03	-1.016333321800249549e-03	8.941279355116280025e-05	-5.112963216694530258e-03	-2.644395057582510280e-04	3.196347930438135166e-04	5.489527705665833181e-04	-2.129333672852896410e-04	1.449614822625349027e-03	-1.025522137410563679e-03	-9.009743027752156221e-04	-7.817551270863727555e-04
-4.930852775089532292e-02	3.867939860238054327e-03	4.754811561120659766e-03	2.462122878313253299e-02	1.087742115166825344e-03	7.518577532858089821e-06	-2.472956967604882095e-02	1.114387665095732498e-03	3.867938115861773753e-03	7.584208958532531991e-06	4.976903220869043076e-04	-9.996507920813902087e-04	-3.618399827590523896e-04	1.499989840617437604e-03	5.496844580144337813e-03	-3.590187846450662709e-04	4.754816704898644913e-03	4.976925932214321460e-04	2.800585755914181477e-03	-2.209942990654602084e-03	6.842993023967855384e-04	-5.919078927519807630e-04	1.460439353618920178e-03	-1.941408756032520893e-05	2.462122732167832534e-02	-9.996535473146719690e-04	-2.209945988158188573e-03	1.263277896481037992e-03	-2.807792121638609702e-03	2.847903872546085971e-02	5.697311058556719932e-02	1.276660000438876032e-04	1.087744392854597675e-03	-3.618301641769777277e-04	6.843041813296053561e-04	-2.807784916295677155e-03	2.203125464315063399e-04	-2.719889905394298237e-03	-7.307042100969541459e-04	3.059562051371633555e-04	7.516476839582929238e-06	1.499986046051515710e-03	-5.919156917371648768e-04	2.847904239434524698e-02	-2.719903558261478789e-03	6.139661380893672582e-02	2.858818323299212871e-02	3.633433216586798992e-03	-2.472957357785639937e-02	5.496837792308767283e-03	1.460426459722219839e-03	5.697311638339870588e-02	-7.307116999498075235e-04	2.858818448910625115e-02	1.211706949954844282e-03	2.670781779133525602e-03	1.114385774725614028e-03	-3.590220341377463602e-04	-1.941680879506751191e-05	1.276684759680093886e-04	3.059519286292775313e-04	3.633429383653178756e-03	2.670780300695783146e-03	-2.166622572637962214e-03
-2.367381792877065044e-02	2.191979617730715688e-03	1.912918248264685282e-03	1.309928692448501623e-02	3.191838690085552839e-04	7.715038770527589667e-04	-1.140139580294507494e-02	6.610884499071783497e-04	1.829114362993703412e-03	7.095233270317972485e-05	3.998618003844313791e-05	-9.729081449827896386e-04	-6.544171346849085363e-04	-5.294729835429105424e-04	1.870890186653219409e-03	1.304109386551450048e-04	2.043731876809752861e-03	-6.660012447896835816e-05	7.085311971409621748e-04	-1.365999510125137997e-03	7.942009030589094771e-06	-6.915894309604911925e-04	3.459339593284986754e-04	-6.199908003647151009e-05	1.242553776677875546e-02	-7.559807365108636452e-04	-7.461446615438134533e-04	-3.945434625085426071e-04	-3.548497698217398461e-04	1.217348028011721109e-02	2.743602418256717995e-02	-4.685248109019326266e-04	4.348419784853794112e-04	-8.867588779119412465e-04	-7.073549989299852969e-05	-8.636297468071565692e-04	-5.170519555496503038e-05	-1.016326360638632794e-03	-3.988772596524900026e-04	-1.701139629357533811e-04	1.054528542569990778e-03	2.683194269297584631e-04	-1.061502574404173506e-04	1.266864433287539712e-02	-3.770688085342164013e-04	2.858818323299212871e-02	1.522689685178033395e-02	7.742449991406132308e-04	-1.043333635600470627e-02	2.075135328888664654e-03	4.831585652024762093e-04	2.677615499755097925e-02	-1.471008685793872856e-04	1.379794432918243427e-02	1.493026809642245554e-03	8.867815988898280349e-04	6.467300392641391234e-04	1.523999551756178563e-04	3.109184306462141442e-05	-3.797249885123965161e-04	6.901479478458729202e-05	9.289461577969653199e-04	1.308951837137169736e-03	-3.959875325372900785e-04
3.665975981219026739e-03	3.869522448535040945e-03	9.442069721068780189e-03	-1.568796710055155421e-03	4.209204989136057160e-03	-3.172244845459417381e-04	8.433651438007916954e-04	-1.475839476760961388e-04	1.999498119756616405e-04	-1.729230733358602635e-04	-2.634131484786749865e-03	-1.927761199949873882e-04	-6.118322648877939918e-03	-4.328067557284239755e-05	-1.027720041201773688e-04	2.075042309949742987e-03	-3.527477810767577857e-04	-3.664612788612424746e-04	-2.854323125282613900e-03	-3.510722628301078457e-04	-2.368232866598165252e-03	-4.910147609714918867e-04	-6.808358684493732559e-04	5.052082368371009751e-04	-1.306338775573509048e-03	5.750072289879646498e-04	-4.121449748494704704e-03	1.022294450149343562e-03	-8.947570864730259796e-03	1.622567336013970227e-03	-1.014536680853133548e-06	5.428976512302262532e-03	-5.842075555655779160e-04	8.375076110308803286e-04	1.897624865954178797e-04	-3.054388345692509452e-04	2.280850499994151398e-04	-1.025521484891305218e-03	-6.628785940115018704e-04	-5.013190778790229622e-04	-2.857388885461111536e-04	5.296811521580463075e-03	1.780375885888900054e-04	1.392868318553037695e-03	-4.996100576673241991e-03	3.633433216586798992e-03	7.742449991406132308e-04	1.231058732300957179e-02	7.252794992803681404e-04	9.046948320990464212e-03	4.555641073619920087e-03	-1.148700796420747578e-04	-1.839746638468387169e-04	9.289483376968077702e-04	3.982255695966929352e-04	5.209113875179718217e-03	4.054951025564152572e-04	1.759737349395907159e-04	-9.127294540578726086e-04	-3.322134310294336067e-05	-2.620545704033213838e-03	1.270307292808795473e-03	7.985635750240744355e-04	2.974884365956139212e-03
2.352305958086695764e-02	-3.506269217304081856e-04	4.454336465081476515e-04	-1.038918350486142846e-02	6.558359789272214142e-04	6.953538383153883614e-04	1.176375939549310565e-02	-5.262926619886947998e-04	-5.174044854017164968e-04	-7.906531097858508956e-05	1.999122503439047381e-04	1.196201137571663487e-04	1.331858801154423184e-03	-4.105347537883190321e-04	-4.191846374619374741e-04	-4.769605860634792277e-04	6.029997039079616544e-04	1.627659224174156610e-04	-1.047959568066196540e-04	-5.950616760915003033e-04	3.638185892071079276e-04	-9.822565735731669443e-05	4.327414393729752816e-04	-1.552875916501343678e-04	-1.076366327835840027e-02	3.125344795160323497e-04	-1.491840264754458727e-04	-9.415867940131647951e-04	-8.507964593226482932e-04	-1.308334192365322342e-02	-2.479693983475267371e-02	1.196971648213743765e-03	9.430670770631832157e-04	1.277072689198271343e-03	4.635389884122001697e-04	-1.346807774511842460e-03	-3.150509575794910029e-05	3.943119461264088532e-05	3.744736634369577187e-04	3.082030010512389062e-04	1.025959366907630045e-03	2.796839285322037338e-04	5.134142786818562520e-04	-1.232006576165871684e-02	7.752250663822487023e-04	-2.472957357785639937e-02	-1.043333635600470627e-02	7.252794992803681404e-04	1.320252300310997308e-02	-2.400359261308718500e-04	6.966663945452937620e-04	-2.547565316201825039e-02	5.465717002751595104e-04	-1.140139764527114963e-02	8.565884094944042383e-04	-9.450974778727968834e-05	-5.013758867940439892e-04	-5.275485174032904304e-04	-1.862886523239072687e-04	1.117634647486844034e-03	3.457513568708840712e-04	8.433647238734816483e-04	1.330585983375728192e-04	-2.576534239635641199e-04
1.030744136379057891e-03	4.566869963180685693e-03	8.262281016673447137e-03	-7.947904843753539794e-05	3.955220285291168036e-03	-2.342290302439359599e-04	-4.191819472788790597e-04	1.676878621671043881e-04	1.926911308728921832e-04	5.780723694232844614e-05	-1.910141428726616457e-03	-2.726360869242040914e-04	-5.223951267872064055e-03	-3.047768216701981191e-04	-1.713602943818743588e-04	1.913874144957478400e-03	-2.591365377089995935e-04	5.896215957349246325e-04	-1.612857281046559598e-03	-5.004078356025295203e-05	-2.103658789624510313e-03	-2.851419603326148483e-04	-4.761058787912688631e-04	8.557088025168608537e-04	-1.326673512430139176e-04	2.739166388124359168e-04	-3.970341903778004319e-03	8.121654309094111270e-04	-9.515587905372685507e-03	2.307535863538751238e-03	2.374288496641615426e-03	4.513034233546184965e-03	-6.847559892328410405e-04	2.017742525384448073e-03	3.446926634141003060e-04	8.649420367932440703e-04	-1.152992295093853957e-04	-2.129890092053101963e-04	-4.098507139491701975e-04	4.194746119890255124e-04	-1.721365946361683012e-04	5.219154420316659236e-03	5.127491943581754478e-04	2.382809100254711272e-03	-4.042221245851562554e-03	5.496837792308767283e-03	2.075135328888664654e-03	9.046948320990464212e-03	-2.400359261308718500e-04	1.150622559377968701e-02	5.033465801574590545e-03	2.253659797738994525e-03	1.630041721263670535e-05	1.870886513889824781e-03	4.593812687392573270e-04	5.062654354400173903e-03	3.746875337473603955e-04	-2.685409399920235095e-04	-6.150843399501535391e-04	-6.107885074662270470e-04	-1.625816941914105286e-03	-1.027715051088095243e-04	3.174521632218670346e-04	1.501598030187948967e-03
1.699849977887442267e-03	-5.231492381855192345e-03	4.858883909340347418e-03	-4.605937719163204951e-04	4.993497023447620101e-03	-2.044938495480355255e-04	4.327444497362836848e-04	-5.068209845970277072e-03	-2.437803766306201650e-05	3.370698541882068827e-04	-8.037187979742276348e-04	-2.612964338573632301e-04	-2.341379597645080329e-03	-8.401123869987800908e-04	-4.761058746660530691e-04	1.215949331472012838e-03	-3.202545337396132301e-04	7.751864013830811516e-04	-2.231241331530631200e-04	4.494646970455991428e-05	-7.666810311006909927e-04	-2.636018357617167496e-04	-3.533136672438795165e-04	4.331725573847687713e-04	-4.786130991414022477e-04	5.075069091573274765e-03	8.072991985187208137e-04	2.656678886738421180e-04	-4.324501383339899446e-03	7.679218632875953491e-04	5.381054644763640262e-05	1.037326432775498124e-02	-7.628847468094480727e-04	1.355168418766734524e-03	4.388126544216977261e-04	6.141428508493922741e-04	-1.242528148672973252e-04	1.383308964650474711e-04	-2.220589492497970600e-04	2.410156691880649014e-04	-3.172481111259479032e-05	5.126395563830975569e-03	5.393699481812039981e-03	4.159799826381245383e-04	6.161248911823171033e-03	1.460426459722219839e-03	4.831585652024762093e-04	4.555641073619920087e-03	6.966663945452937620e-04	5.033465801574590545e-03	1.067759516399285555e-02	-2.140304356930874388e-04	5.356624202485140568e-03	3.459273829905313213e-04	3.798586744582287491e-04	-6.982848643023295467e-04	2.931338780053729964e-04	-4.041643256591650958e-04	-5.080900754603626720e-04	-4.832043500687264385e-04	-5.930231562393067880e-04	-6.808351554604055852e-04	-4.853847338494638353e-05	3.971236677999200027e-04
-5.073643226995749878e-02	2.379428482007651946e-03	1.232292127896306242e-03	2.544841056621548192e-02	-7.061079044453677555e-04	2.894102577027892116e-04	-2.479693963395794218e-02	1.290870974001095441e-03	2.254524703340241455e-03	1.957847037447704741e-04	-8.155964249063658725e-04	-9.602717256793416589e-04	-3.496458640185406020e-03	5.472796966542176875e-05	2.374296434105005113e-03	1.269753738903576547e-03	1.349159976553012882e-03	-7.777961683318669779e-04	-3.605296280232621418e-04	-4.353256711149553534e-04	-9.695932835754902772e-04	-4.161520449085741834e-04	5.382035482955201485e-05	1.231371943742542649e-04	2.468471578498511454e-02	-1.101136982351053322e-03	-6.649987583432590433e-04	5.991609002824704834e-04	8.198797453739945429e-04	2.659424125340454498e-02	5.546347036346387094e-02	-1.715463682653896272e-03	-3.478457647307388041e-04	-3.572052716912709792e-03	-1.033934210505999809e-03	6.850214950018919738e-04	8.008917317695056135e-05	-9.215398807855598035e-04	-6.109423639819446883e-04	-1.105804862773218048e-03	-2.710728637325575049e-04	-2.574100834262207016e-04	-6.992161635361886143e-04	2.734477807271420979e-02	-1.032195476081166317e-03	5.697311638339870588e-02	2.677615499755097925e-02	-1.148700796420747578e-04	-2.547565316201825039e-02	2.253659797738994525e-03	-2.140304356930874388e-04	5.737890832083450410e-02	-7.863742850808985068e-04	2.743602614429144909e-02	6.082410797733988576e-04	1.160956941300101547e-03	9.933177186230784331e-04	1.435150460845914001e-03	1.428932298340060772e-04	-1.480529882648658983e-03	-1.195461764513085310e-03	-1.013316053702261252e-06	9.040869615073035895e-04	1.328300276142481418e-03
5.682442589581772514e-04	-4.667531218334181400e-03	4.170583087178775326e-04	-8.332449948458919454e-06	5.179474438981689424e-03	-1.303785001744685518e-05	3.744748937578747496e-04	-4.693173182766147838e-03	-2.854332590975900384e-04	3.134613459990708787e-04	-5.095720663871860785e-05	1.063970829585095734e-05	-3.758947915497992199e-04	-3.396531100839951783e-04	-4.098512250473039563e-04	5.313244506613663083e-04	-3.473723461046518629e-04	2.655509074721296983e-04	-1.538525806485048400e-05	3.084904873237482182e-04	3.814684372819890346e-05	2.071972075200395386e-05	-2.220596818085480246e-04	1.361853863905732826e-05	-1.111543337530198228e-04	4.854698745036674021e-03	4.994620641303734038e-03	-3.395619362887199459e-04	3.985054391411128037e-05	-3.964258814427176433e-04	-6.109474727102528081e-04	5.214294274799977438e-03	-1.574823347664280329e-04	-1.837186759368906390e-04	-9.880865484622430416e-05	3.868204013347489216e-04	5.802655511313890358e-05	4.125396935475469365e-04	1.206137795874727479e-04	-3.550122524952047933e-04	-1.455930896221606179e-05	4.950187688668599567e-03	4.741505185013804649e-03	-5.384051686045056209e-04	5.409162447553500681e-03	-7.307116999498075235e-04	-1.471008685793872856e-04	-1.839746638468387169e-04	5.465717002751595104e-04	1.630041721263670535e-05	5.356624202485140568e-03	-7.863742850808985068e-04	5.284140611960439458e-03	-3.988813840978028442e-04	2.238178891357445383e-04	-5.461248770044036492e-03	-3.740296183264120103e-05	-7.195845570390877626e-05	-1.021468935944080443e-04	-2.917089370980618067e-04	-2.508385739360280837e-05	-6.628779501108184469e-04	-3.931292614974293245e-04	2.759328929265388074e-04
-2.367381811482013876e-02	1.829115196623638025e-03	2.043729206018893123e-03	1.242553789892945036e-02	4.348404485740226845e-04	1.054528708884659629e-03	-1.043333617914600497e-02	6.467308846907883838e-04	2.191979819801229221e-03	7.095235245548341292e-05	-6.660021530337123410e-05	-7.559791463951830246e-04	-8.867615790919987622e-04	2.683230475540862646e-04	2.075141460035166609e-03	1.524011709061642004e-04	1.912922522860665848e-03	3.998750806069149442e-05	7.085324862311735954e-04	-7.461444092835631129e-04	-7.073702197963647824e-05	-1.061468767803538287e-04	4.831651102515425143e-04	3.109310104810081733e-05	1.309928656213826641e-02	-9.729097801583850430e-04	-1.366000911934043931e-03	-3.945429714198285878e-04	-8.636329810676263629e-04	1.266864373807338046e-02	2.677615384508547774e-02	-3.797264054499544699e-04	3.191854986054392588e-04	-6.544126871510071511e-04	7.944083085313786150e-06	-3.548489974301639090e-04	-5.170531302685983828e-05	-3.770643997382934444e-04	-1.470979455362110729e-04	6.901695399567499647e-05	7.715034367088758650e-04	-5.294746941551721920e-04	-6.915930773757014444e-04	1.217348229311696582e-02	-1.016333321800249549e-03	2.858818448910625115e-02	1.379794432918243427e-02	9.289483376968077702e-04	-1.140139764527114963e-02	1.870886513889824781e-03	3.459273829905313213e-04	2.743602614429144909e-02	-3.988813840978028442e-04	1.522689628078155097e-02	1.493025715054560523e-03	1.308952483900962648e-03	6.610877896086244515e-04	1.304094692606677360e-04	-6.199980126918804469e-05	-4.685220761456530131e-04	-1.701151100090444155e-04	7.742471216904579919e-04	8.867828853220329367e-04	-3.959880395252960718e-04
-2.759959486130217549e-05	5.993370460226346216e-04	8.802479600549268507e-04	9.959487074851333839e-04	5.666308423778914412e-04	-1.556654080273018139e-04	8.565875585327787462e-04	2.080511273817716659e-06	5.993373295276625606e-04	1.179256162257740284e-04	1.193056224935031386e-04	-2.804937841351385882e-04	1.892939959478409542e-04	-1.190541855518342486e-04	4.593826606449685681e-04	-6.132911017670827371e-05	8.802496684253249045e-04	1.193052282234332586e-04	2.150999911072178973e-04	-4.041017300282819923e-04	8.130806488830074805e-05	9.825708764970033811e-06	3.798598973437552605e-04	-1.898257316059634529e-05	9.959491601942288552e-04	-2.804936646831073140e-04	-4.041002174220513477e-04	-1.782927276967633846e-03	-4.762668267230286143e-04	-4.153194698645816898e-04	6.082422869705529471e-04	2.062824327380265795e-04	5.666311897465707266e-04	1.892930554153385422e-04	8.130771258674804412e-05	-4.762681260320940097e-04	-1.596933737900664758e-04	8.941299083674758737e-05	2.238182490257467779e-04	1.742964342467940675e-04	-1.556647076812527021e-04	-1.190539957382726651e-04	9.825955576534558497e-06	-4.153198175205352486e-04	8.941279355116280025e-05	1.211706949954844282e-03	1.493026809642245554e-03	3.982255695966929352e-04	8.565884094944042383e-04	4.593812687392573270e-04	3.798586744582287491e-04	6.082410797733988576e-04	2.238178891357445383e-04	1.493025715054560523e-03	2.194658641035299868e-03	2.113815522021031499e-04	2.080620750651903793e-06	-6.132888357808552774e-05	-1.898237295725958742e-05	2.062833800642172705e-04	1.742965061856485720e-04	3.982267283772792862e-04	2.113827252101170865e-04	-2.309279078443340167e-04
8.926270314261069462e-04	4.880457513535439371e-03	4.171625523959391485e-03	-2.061403480000576459e-04	-6.045395769484733159e-03	2.332604198496484823e-04	1.330589230987246551e-04	5.392446842232232265e-03	6.116059216161141366e-04	-9.134372207184228301e-05	-9.161629659643878926e-04	-2.083756537481641744e-04	-1.811958683513205468e-03	1.182512537852728295e-04	3.174531845401944163e-04	4.339315327195082932e-04	2.498842182721314024e-04	4.035114828214132819e-04	-3.889983557574457377e-04	-2.908393025550321193e-04	-7.035818902896629531e-04	-2.529853231846911988e-04	-4.853770055048380657e-05	3.791407917229724792e-04	-3.323051333600595650e-04	-5.054884456059931946e-03	-1.014812530013031733e-02	6.798372955580619416e-04	-4.425251542096745802e-03	1.065317891207367106e-03	9.040867929252505413e-04	-6.125581434720920888e-04	-2.029617766240243508e-04	1.623588158187600199e-03	4.922020735734996839e-04	-1.597743570977146850e-04	-6.663592990665515199e-05	-9.009728950167463640e-04	-3.931288340462511387e-04	6.689781740482950677e-04	-7.735184657734908446e-06	-5.737078741354111402e-03	-5.136810680069591253e-03	1.222544545251309268e-03	-5.112963216694530258e-03	2.670781779133525602e-03	8.867815988898280349e-04	5.209113875179718217e-03	-9.450974778727968834e-05	5.062654354400173903e-03	-6.982848643023295467e-04	1.160956941300101547e-03	-5.461248770044036492e-03	1.308952483900962648e-03	2.113815522021031499e-04	1.137804255642741423e-02	2.856439830509269868e-04	-3.159245822726753131e-04	-3.537647240768191292e-04	2.244693047132486876e-05	-5.651855090655485622e-04	7.985628957371084576e-04	5.114482528097921568e-04	1.155542228854492041e-04
-1.059962035966158667e-03	2.554217820492406124e-04	3.957356073725646554e-04	2.593550430546682963e-04	1.955352051976802898e-04	-6.787077886358975178e-05	-5.262926277506507593e-04	1.106676142650210600e-05	5.103960991602657024e-03	2.982875790943844232e-05	2.531069792023737117e-04	-4.674206718778671325e-03	3.914658090609953031e-04	-4.946812074655357501e-03	1.676870066995784689e-04	6.824245171507475698e-05	-7.581649902257924770e-05	3.036882147084605209e-04	3.091508963016592550e-04	-4.932855154672502115e-03	-2.859923724184682925e-05	-4.865380152160044859e-03	-5.068209929047121087e-03	3.182641131795966227e-04	6.806372912890781401e-04	-4.089044224318450654e-05	-2.512025829279332574e-04	8.111957580996870991e-05	-1.923210592906640843e-04	7.799948319579344015e-04	1.290869140804509155e-03	1.818140363488611542e-04	-5.173190752666883066e-03	5.918859077852421614e-04	9.714380709339254054e-05	4.177644086304115652e-04	-3.040972485157034035e-05	-4.868921187125625771e-03	-4.693172753054777185e-03	4.259554677537947327e-04	3.204263047331088756e-04	2.751671276832911217e-04	4.987477925632859024e-05	1.540928872692926932e-04	-2.644395057582510280e-04	1.114385774725614028e-03	6.467300392641391234e-04	4.054951025564152572e-04	-5.013758867940439892e-04	3.746875337473603955e-04	2.931338780053729964e-04	9.933177186230784331e-04	-3.740296183264120103e-05	6.610877896086244515e-04	2.080620750651903793e-06	2.856439830509269868e-04	5.224419810356510305e-03	-2.815199487278346145e-04	1.936496700264768217e-04	-5.542741227887832203e-03	4.677300124055457434e-04	-1.475843668911952966e-04	5.392445962712545150e-03	-5.048183036037393479e-04
-3.211178244881689767e-04	-4.178808128765356452e-04	-1.641963168807274338e-03	4.091483500749126009e-04	-8.758574332345930163e-04	-1.083962075343513276e-04	-4.769578918450022211e-04	6.824212003326310221e-05	6.561313753253794016e-04	1.284152912160323613e-03	-1.032850549487951061e-02	5.209097137155590477e-04	-2.498101629151710384e-02	1.732397872037042723e-03	1.913875659471258196e-03	1.313221223577104579e-02	9.065869619184169052e-04	-1.169416436941661704e-02	-2.524137783997113318e-02	3.107227244956411441e-04	-1.311120921245105889e-02	8.339144743452172378e-04	1.215949580399097295e-03	6.855627632623995929e-04	2.945669775940028311e-04	5.527339776861999246e-04	1.226688331778161452e-03	-3.434112096835238221e-05	1.367543089058774171e-03	2.323301038581191736e-04	1.269749279427910636e-03	-1.783940526441875254e-04	8.733465051453531691e-04	-2.672791445256215287e-02	-1.268929186502586182e-02	-7.540038386772750321e-04	-5.061436314948548031e-04	2.234057729751948444e-04	5.313241835995102802e-04	-1.200761432728433831e-02	-2.215307859643787596e-04	1.016980941108842993e-03	4.882294749111221101e-04	5.055364071624242252e-04	3.196347930438135166e-04	-3.590220341377463602e-04	1.523999551756178563e-04	1.759737349395907159e-04	-5.275485174032904304e-04	-2.685409399920235095e-04	-4.041643256591650958e-04	1.435150460845914001e-03	-7.195845570390877626e-05	1.304094692606677360e-04	-6.132888357808552774e-05	-3.159245822726753131e-04	-2.815199487278346145e-04	1.499242839410475613e-02	1.172655622432002085e-03	1.190110039358179776e-03	-1.223581562670548670e-02	2.075042404445839699e-03	4.339308990755576701e-04	2.863488701393609656e-02
-2.637592875035112529e-04	1.581697292017538261e-04	-8.207978038280781645e-04	4.221488251476841595e-05	-7.591800088852094413e-04	-1.490156844286369029e-04	-1.552854744499018800e-04	3.182639103991600832e-04	5.546800712489851140e-04	-1.750588901749213140e-04	1.209037889941474726e-03	1.931028624550265940e-05	6.368069556978117563e-04	5.912182562242656713e-04	8.557075658603495016e-04	6.855622866860006971e-04	5.232994460123740251e-04	6.684982876096858592e-04	4.234527480955052451e-05	-1.816215815618465600e-04	-6.606395228809695081e-04	3.246630880613431483e-04	4.331714499612333022e-04	1.784764076287896888e-03	6.371902058389375184e-05	-9.748297837550108430e-05	4.931460119618157317e-04	-3.094187102097030977e-05	1.125058310068679460e-03	7.622048997218794331e-06	1.231334069293912674e-04	-7.241529322722154143e-04	-1.034332765898391912e-04	-6.010672143457159236e-04	-1.153400689706204213e-03	-2.860422172897258953e-04	1.618900556900378508e-04	1.651015236890941685e-04	1.361816661026885939e-05	7.501046047156130058e-04	-1.559001328481636169e-04	-6.663405534934736492e-05	1.914122207857922261e-04	1.225077387418784045e-04	5.489527705665833181e-04	-1.941680879506751191e-05	3.109184306462141442e-05	-9.127294540578726086e-04	-1.862886523239072687e-04	-6.150843399501535391e-04	-5.080900754603626720e-04	1.428932298340060772e-04	-1.021468935944080443e-04	-6.199980126918804469e-05	-1.898237295725958742e-05	-3.537647240768191292e-04	1.936496700264768217e-04	1.172655622432002085e-03	2.200191685946126501e-03	2.139386930446792053e-04	1.179911360688430796e-03	5.052071362370471729e-04	3.791402411870553862e-04	-9.608326621636191077e-06
3.270270961271146484e-03	-2.011013170132278950e-04	-5.509551422224643821e-04	-1.294051348178324335e-03	-6.576021229310515925e-04	-1.496871979686121169e-04	1.196972893114748963e-03	1.818144030286605525e-04	-6.190295104652866406e-03	2.078638046122135248e-04	2.125241231252391846e-04	5.595551900858979251e-03	8.797447485497785977e-04	5.222094319582287758e-03	4.513031542326120457e-03	-1.783950024022966797e-04	4.219376282480055348e-03	-1.106230881066577482e-03	-8.044546465153044196e-04	7.789602501838051871e-04	5.256136524094798170e-04	5.251537361495306477e-03	1.037326397284419124e-02	-7.241535209945717611e-04	-1.445751228156712601e-03	-1.092178964752553390e-04	4.718336270528085424e-05	4.984602151445020890e-04	3.119058474824174166e-05	-1.697588824080684046e-04	-1.715461911469007197e-03	-9.560865846260441160e-05	5.036146795313970088e-03	-2.808066165784176872e-03	-9.447475352172039027e-04	-5.198377020321907904e-03	6.119205425845060343e-05	5.783387448501866798e-03	5.214295291451964860e-03	-1.213150862745633694e-03	-3.138859947330241082e-04	-6.846611662573649001e-04	-3.192740499088234725e-04	3.959887157564452196e-04	-2.129333672852896410e-04	1.276684759680093886e-04	-3.797249885123965161e-04	-3.322134310294336067e-05	1.117634647486844034e-03	-6.107885074662270470e-04	-4.832043500687264385e-04	-1.480529882648658983e-03	-2.917089370980618067e-04	-4.685220761456530131e-04	2.062833800642172705e-04	2.244693047132486876e-05	-5.542741227887832203e-03	1.190110039358179776e-03	2.139386930446792053e-04	1.159419141741389186e-02	-1.212724922330585129e-04	5.428969535206886257e-03	-6.125613371828656862e-04	1.099923598239622817e-03
-1.094724695421421990e-04	1.286251157232801026e-04	-5.485550578372025247e-04	-2.622995090300545614e-04	-1.062814138233500200e-03	-3.878284873259122908e-06	3.082049401166047546e-04	4.259556849128603648e-04	3.977987333880883113e-04	5.077051207206963570e-04	1.281646107959743749e-02	-4.008193454383005352e-04	2.682411900925524284e-02	-3.495478636392075861e-04	4.194708739218877850e-04	-1.200761628236280375e-02	7.152128296294205101e-04	1.315733090642469058e-02	2.546594096267621593e-02	-1.076866098273018737e-03	1.177407365473110909e-02	-1.381301092839878994e-04	2.410141975676971266e-04	7.501038803602109572e-04	-1.941110485640046637e-04	-7.068606142612327177e-04	-1.607334723489760482e-04	-6.795787365885874514e-05	1.535765581838039471e-03	-3.236322235843472383e-04	-1.105809549604764609e-03	-1.213151817882743072e-03	-8.179830376146761221e-04	2.518952625031017911e-02	1.048942504327944961e-02	-4.396560569269600737e-04	-1.281286537865374605e-03	1.843134695434092219e-04	-3.550122446772060493e-04	1.337518250392617791e-02	9.515925377550331224e-05	-1.559391670573327150e-03	-9.069639054470307713e-05	-2.933148848497968723e-04	1.449614822625349027e-03	3.059519286292775313e-04	6.901479478458729202e-05	-2.620545704033213838e-03	3.457513568708840712e-04	-1.625816941914105286e-03	-5.930231562393067880e-04	-1.195461764513085310e-03	-2.508385739360280837e-05	-1.701151100090444155e-04	1.742965061856485720e-04	-5.651855090655485622e-04	4.677300124055457434e-04	-1.223581562670548670e-02	1.179911360688430796e-03	-1.212724922330585129e-04	1.503964620711016262e-02	-5.013218735424900723e-04	6.689777026466142478e-04	-2.874698136348682875e-02
3.665974957746386334e-03	1.999494066735988144e-04	-3.527472867680958579e-04	-1.306336918311098777e-03	-5.842055185579964234e-04	-2.857363119359507871e-04	7.252829930658333951e-04	4.054945000529740218e-04	3.869522222987510640e-03	-1.729241685964150676e-04	-3.664636156033803695e-04	5.750057060087083788e-04	8.375026055869652913e-04	5.296806956953540972e-03	9.046940380954784922e-03	1.759738349343698558e-04	9.442068944225877683e-03	-2.634134111827079929e-03	-2.854327376658225696e-03	-4.121447523340066033e-03	1.897592541965514325e-04	1.780381209230005543e-04	4.555639448308564099e-03	-9.127293937718127187e-04	-1.568795478256599686e-03	-1.927757981244776237e-04	-3.510713127402693371e-04	1.022292548220168646e-03	-3.054396929843423416e-04	1.392864995571227189e-03	-1.148741677587088053e-04	-3.322149382130014849e-05	4.209205739448398931e-03	-6.118322854205686043e-03	-2.368233151000640347e-03	-8.947564142704585860e-03	2.280843666863265464e-04	-4.996094796280398792e-03	-1.839721364508465457e-04	-2.620544690303970060e-03	-3.172243632387369513e-04	-4.328007565197953253e-05	-4.910146328257203319e-04	1.622564872524837271e-03	-1.025522137410563679e-03	3.633429383653178756e-03	9.289461577969653199e-04	1.270307292808795473e-03	8.433647238734816483e-04	-1.027715051088095243e-04	-6.808351554604055852e-04	-1.013316053702261252e-06	-6.628779501108184469e-04	7.742471216904579919e-04	3.982267283772792862e-04	7.985628957371084576e-04	-1.475843668911952966e-04	2.075042404445839699e-03	5.052071362370471729e-04	5.428969535206886257e-03	-5.013218735424900723e-04	1.231057296315791159e-02	5.209105542020159990e-03	2.974885525414924271e-03
8.926261796456782041e-04	6.116042289407153110e-04	2.498822669833742553e-04	-3.323047956148562866e-04	-2.029615338305822885e-04	-7.734911200662186026e-06	-9.450880087932055453e-05	2.856435458551462693e-04	4.880457406812093932e-03	-9.134341902423192086e-05	4.035124876905282288e-04	-5.054885251791260865e-03	1.623589176200716279e-03	-5.737080954473856159e-03	5.062649836021677896e-03	-3.159249406691060644e-04	4.171626803179165864e-03	-9.161620987195421856e-04	-3.889960821443406601e-04	-1.014812437228573318e-02	4.922028413792022732e-04	-5.136809823752809881e-03	-6.982846008603234896e-04	-3.537647384389607593e-04	-2.061398572333725970e-04	-2.083749774413933887e-04	-2.908384228178931882e-04	6.798357606062239988e-04	-1.597745482414750912e-04	1.222542892030981706e-03	1.160955177116420245e-03	2.244711501152906537e-05	-6.045393527888168542e-03	-1.811956346265205294e-03	-7.035804069763862759e-04	-4.425249378471380127e-03	-6.663590185148911933e-05	-5.112959627270456317e-03	-5.461246001270679204e-03	-5.651846480313081275e-04	2.332599897877065591e-04	1.182509356785254109e-04	-2.529859976807137100e-04	1.065316352592689817e-03	-9.009743027752156221e-04	2.670780300695783146e-03	1.308951837137169736e-03	7.985635750240744355e-04	1.330585983375728192e-04	3.174521632218670346e-04	-4.853847338494638353e-05	9.040869615073035895e-04	-3.931292614974293245e-04	8.867828853220329367e-04	2.113827252101170865e-04	5.114482528097921568e-04	5.392445962712545150e-03	4.339308990755576701e-04	3.791402411870553862e-04	-6.125613371828656862e-04	6.689777026466142478e-04	5.209105542020159990e-03	1.137803669140632565e-02	1.155535140084073804e-04
1.068209712873406658e-03	1.980495265986609247e-05	-5.603965005693222184e-04	1.959321541202995647e-05	9.326434086448919403e-04	-1.876935487537291774e-04	-2.576529240859884808e-04	-5.048186049189214630e-04	1.980726574701762805e-05	8.137068187846217869e-04	-2.617720132205652445e-02	1.004321513086743958e-03	-5.663027913205171543e-02	2.437866495437140870e-03	1.501602241873598292e-03	2.863488743092622996e-02	-5.603959262377083755e-04	-2.617719878256321436e-02	-5.560680788383406958e-02	1.406523040141706166e-03	-2.626528180309927601e-02	7.435615898393529294e-04	3.971243390426137552e-04	-9.607190362799818145e-06	1.959507194473670573e-05	1.004318988892120672e-03	1.406517347073276726e-03	-1.212742872439186512e-05	-3.000520047287105665e-04	-3.585064118344409795e-06	1.328300730066453612e-03	1.099924511365339783e-03	9.326448503250597648e-04	-5.663027517013780043e-02	-2.626528144757048558e-02	-3.000496196411069115e-04	7.801411260792306436e-04	-7.817560040671773548e-04	2.759326463952588250e-04	-2.874697813334690932e-02	-1.876930876362421015e-04	2.437860277390782246e-03	7.435585988850594488e-04	-3.585801913780171653e-06	-7.817551270863727555e-04	-2.166622572637962214e-03	-3.959875325372900785e-04	2.974884365956139212e-03	-2.576534239635641199e-04	1.501598030187948967e-03	3.971236677999200027e-04	1.328300276142481418e-03	2.759328929265388074e-04	-3.959880395252960718e-04	-2.309279078443340167e-04	1.155542228854492041e-04	-5.048183036037393479e-04	2.863488701393609656e-02	-9.608326621636191077e-06	1.099923598239622817e-03	-2.874698136348682875e-02	2.974885525414924271e-03	1.155535140084073804e-04	6.332037735608636586e-02
