5.276330287995829871e-02	-3.560656406472978257e-04	-2.446550036311645774e-04	-2.600000215077459195e-02	1.543479435895532721e-04	-2.354504189120889814e-05	2.593063662117496559e-02	-1.160704301120419756e-04	-3.560639126262304965e-04	-2.059938194241295881e-04	-3.638321702941750514e-04	-1.227984864118558065e-04	-2.318879739726523777e-04	-5.689972084215069552e-04	-1.404221935733714673e-03	-1.531199865151641640e-04	-2.446478009844643199e-04	-3.638301401874898628e-04	-5.245400828050804896e-04	-4.134752281722222267e-04	-1.331473749564212900e-04	-3.801431825824434091e-04	-6.728458854280376785e-04	-1.209647940138907588e-04	-2.600000691893135721e-02	-1.228000439150909952e-04	-4.134731624935514683e-04	-1.760224948533508586e-04	-1.200196097799037260e-03	-2.683722430114774196e-02	-5.704672734450663696e-02	2.072687748044975875e-04	1.543530139285866412e-04	-2.318852465595992686e-04	-1.331471556622671382e-04	-1.200205154151002488e-03	-2.385102966680804470e-05	-5.542558142337120552e-04	-1.766395923343595136e-04	-7.185181344350255244e-05	-2.354906309124920602e-05	-5.690006090949156249e-04	-3.801436388804464803e-04	-2.683721883782066303e-02	-5.542515281761985950e-04	-5.661421279034889453e-02	-2.686275100431495186e-02	2.188657160282159053e-05	2.593063084158963791e-02	-1.404227004587069085e-03	-6.728501972360313374e-04	-5.704671522998827626e-02	-1.766406335120267895e-04	-2.686274585608824580e-02	-2.037508760323110835e-04	-3.132475572733627684e-04	-1.160730076699175285e-04	-1.531217244047741624e-04	-1.209656338849597449e-04	2.072757740387245920e-04	-7.185235090909978107e-05	2.189436644360503764e-05	-3.132472796129795846e-04	-5.865257171641736545e-05
-3.560656406472978257e-04	9.408687343568603034e-03	2.600095473789407630e-03	1.378001837980963600e-04	-1.923867487898737148e-03	4.243273128334356205e-05	-1.508719302698580123e-04	5.589138760051843083e-03	4.696734702306822604e-05	-7.690067753709778212e-05	2.587403804137603132e-04	-7.973735648902192203e-05	6.598608146821312867e-04	-6.021854627636086238e-05	-5.208444975511562162e-05	-5.156299854780096135e-04	1.769410134851100136e-04	2.327898464732606359e-04	4.940210832163934983e-04	-1.274085287037422418e-04	2.855680096037900269e-04	-2.612278207406553408e-05	5.152305434376213718e-05	-6.586224675039614436e-05	6.696655512725420531e-05	-5.540932577447279378e-03	-4.491611394297727669e-03	-3.256282039117664801e-05	-2.574878250729756898e-03	-6.839075199139776841e-05	1.796889538131446278e-04	-7.539345768924586577e-03	5.368369239382116592e-05	5.002139811859346958e-04	7.325316409146938725e-06	-3.498865099624707338e-05	-1.360661664114916640e-04	-2.582620321706111880e-05	1.166225997674790447e-05	3.879922846245183795e-04	-1.407361759147044908e-04	-1.778030652443967664e-03	-5.430496376838113599e-03	2.230259047419927095e-04	-9.692789478519571456e-03	2.902325545217298262e-04	6.352302009545936245e-05	2.966769622351957472e-03	-3.859046172718779907e-04	2.874603383196622751e-03	-7.070108777748260187e-03	4.246421154511098583e-04	-5.491996862375744456e-03	1.999083970874465806e-04	-5.466588833471446273e-05	4.716450274109422296e-03	-2.621872411743942665e-05	-3.247686127656223328e-04	7.143430056041601356e-05	3.790308485150526352e-05	4.243485608532338743e-04	1.392277803957779072e-04	2.341690817043754502e-05	-8.072491140452601154e-04
-2.446550036311645774e-04	2.600095473789407630e-03	6.969376432937011111e-03	9.823449465409229921e-05	2.782495348665235853e-03	9.814308855192289008e-06	-1.358496439187292164e-04	-7.908511167723246329e-05	1.769383825726322031e-04	1.556553651268210439e-05	9.478301318596271501e-04	-1.949597518038144556e-05	1.812992778104884593e-03	1.195789661604571935e-04	1.372713204559200539e-04	-8.829914212593972279e-04	6.180394426605978703e-04	8.632459240183384128e-04	1.737968373998130967e-03	-1.992797114683205785e-04	8.008685441003506478e-04	1.423874061917330104e-05	2.345222518758586865e-04	6.106810910611470565e-05	1.686457349653659743e-04	2.717911157922387263e-05	-3.202345084815627282e-03	3.657261177104831129e-06	-5.431507480466099547e-03	1.360990320820719022e-04	3.420742604665235036e-04	3.330618880153234183e-03	2.559435296438729887e-04	1.819568881024848052e-03	7.904566028446473932e-04	-1.866081983678005111e-04	-8.229275232449399335e-05	-9.150680199973421623e-05	7.291689482477598091e-05	1.059660369839295502e-03	-1.445338871892933609e-05	2.715171869595722851e-03	-6.552091007886408553e-05	2.075124258599352078e-04	-2.877983343367810504e-03	4.002851843604988795e-04	1.247721378189158568e-04	7.486984778855437089e-03	-1.005141130249860245e-04	5.062079317197269029e-03	3.036231044330220397e-03	3.775605782980504888e-04	-1.136616628592723691e-05	2.478859120730878343e-04	4.085392667194577174e-05	3.131177794499119885e-03	-3.801410320141641245e-05	-8.847918411634082478e-04	7.112800753772261690e-05	1.405891683180605445e-04	9.675823394314606203e-04	3.633566817206207184e-04	5.494160308656486052e-05	-2.014493458784803563e-03
-2.600000215077459195e-02	1.378001837980963600e-04	9.823449465409229921e-05	1.392240074417373102e-02	-9.650446593676907626e-05	5.895944500723577803e-04	-1.239521386799288458e-02	4.773148652080208738e-05	6.696498230276001177e-05	1.185167946267779674e-04	2.242044299163816119e-04	2.516484460914716371e-04	2.192258659444506423e-04	5.399761466449140481e-04	6.894117121909290775e-04	3.813574126551168655e-05	1.686408318347841170e-04	3.049030812740727357e-04	3.459604961250637486e-04	4.304905615232135674e-04	1.083664261879629579e-04	3.546373670209756633e-04	4.599780891325043215e-04	9.566356034219212947e-05	1.311632161655905751e-02	6.986067525445121651e-05	1.778239067295085012e-04	-5.995500323371343986e-04	5.707123684313489265e-04	1.239597639926215411e-02	2.817654112796848936e-02	-5.920445434781197518e-05	1.939223427513981095e-04	2.505265812643958211e-04	1.051865326828822523e-04	5.489225703637140227e-04	2.414181917024658031e-06	3.666626773900763438e-04	2.844017041938177765e-04	1.034331431280775294e-04	5.536733240490774709e-04	2.420644779169007750e-04	1.974950897211858901e-04	1.282786145756050974e-02	3.297247998827317083e-04	2.783252844219483157e-02	1.432956188453329491e-02	-4.901089980279662369e-05	-1.203237192345971845e-02	7.026179102070879761e-04	3.709375196564456442e-04	2.818644373069825390e-02	1.040207750333463761e-04	1.353140114645276851e-02	7.417660374170693743e-04	1.813764161888278869e-04	-1.263723856911603812e-04	1.437463945317685143e-05	7.834185057096691815e-05	5.177832266647004495e-05	1.402206540000815573e-04	4.774432906851867935e-05	-1.014138095720830635e-04	-1.033093759274823363e-04
1.543479435895532721e-04	-1.923867487898737148e-03	2.782495348665235853e-03	-9.650446593676907626e-05	9.586595691743669129e-03	-4.576055464206451749e-05	3.684635119962856179e-05	-5.672087023376167457e-03	5.368135434778183976e-05	1.029481722489116445e-04	6.831262430432716434e-04	2.271207673256291911e-05	8.989875832236407863e-04	3.138691209620471682e-05	-6.548765572952100706e-05	-3.930498390983165700e-04	2.559412435730668619e-04	4.137312432799356661e-04	9.277770493904976233e-04	-6.960082419382977324e-05	3.827242140441078268e-04	-5.055995693184808765e-05	5.054637117931426785e-06	-2.546812797507072015e-05	1.939239891478482984e-04	5.490997326705090997e-03	6.903291056471251921e-03	-6.912624082456798522e-05	-3.244328183000905544e-03	-8.345875032708999675e-05	-2.393545874560376377e-05	4.877253513649273953e-03	1.352967457492280229e-04	8.118087821741839464e-04	4.378141473197877907e-04	-9.819038210557570279e-05	2.426321491198644233e-05	-9.307306147595610212e-05	1.803648082598853682e-05	2.880809618835223425e-04	1.411274360697404359e-04	9.693121830081051493e-03	5.359435461116189570e-03	-1.777502884100022444e-04	1.597067005120236024e-03	-2.663103345536556830e-04	-5.632446235834181683e-05	3.129306101840861366e-03	1.951217569536305044e-04	2.552664581645823147e-03	4.463442872322117075e-03	-2.649375106346486342e-04	5.527245924169173555e-03	-2.584884812264901573e-04	-4.223583287792818323e-05	-7.560823193372335008e-03	-2.214647238067147248e-05	-3.687583063888776568e-04	8.466751223808583165e-05	2.747265748655349340e-05	4.371050075518005174e-04	7.139245797228637933e-05	-5.239429779653187317e-05	-8.803605789055643895e-04
-2.354504189120889814e-05	4.243273128334356205e-05	9.814308855192289008e-06	5.895944500723577803e-04	-4.576055464206451749e-05	1.620593899813029242e-03	5.513193264093888685e-04	3.873482931341904292e-05	-1.407368429661379487e-04	3.255025889332627682e-06	7.591063719672113785e-05	1.763663146425378933e-04	1.562033927213402789e-04	1.520128042900960384e-04	1.028575728291536870e-05	-8.837257888297835029e-05	-1.445453577722245110e-05	9.378654426569026895e-05	1.183424230718863751e-04	1.497098763406277630e-04	7.894060309020731745e-05	1.254008219451166364e-04	1.186511569454666321e-04	-6.762056999474393926e-07	5.536715636168219878e-04	3.815154977530613587e-06	-4.583803975676087566e-05	5.185420550410135051e-04	-4.124324426242114642e-05	-6.646452982159440758e-04	-3.786999986385554900e-05	-4.146160339291811767e-06	1.411280231461290238e-04	1.472631560207109612e-04	5.774853066010659922e-05	-4.710173194085715524e-05	2.880802542496080646e-06	1.010540072132891821e-04	9.945132310626826969e-05	6.861071851486220019e-05	1.595598133328242265e-03	-2.619437959996628808e-05	-4.430958502902146879e-05	-6.261199334757325437e-04	-7.174721027076988770e-05	-6.479655428249976189e-05	5.792544705137234358e-04	3.711376689448656269e-05	5.468835816123320415e-04	3.632450704893600045e-05	-4.123239161371066499e-05	-9.437077267684598758e-06	-7.473985849948744571e-05	5.842932443809779625e-04	-5.646402676540405747e-04	8.409746627814178039e-05	-1.461585232556806657e-04	-8.947035278496493274e-05	3.452843439268911707e-06	1.761799913393368952e-04	8.132706160533329106e-05	1.205382544325268155e-05	-1.380680091231904099e-04	-1.572161164234342414e-04
2.593063662117496559e-02	-1.508719302698580123e-04	-1.358496439187292164e-04	-1.239521386799288458e-02	3.684635119962856179e-05	5.513193264093888685e-04	1.385654264363426515e-02	-2.716669100697464615e-05	-3.859043915136650313e-04	-1.213912238742821128e-04	-1.096596785286384017e-04	1.026474433728375303e-04	6.784676715019684313e-05	-1.629842655125542409e-04	-5.683521158422116326e-04	-1.631756114904051275e-04	-1.005115255360985397e-04	-1.116907943672604839e-04	-1.150217999582986406e-04	-1.529657663138904325e-04	8.932484596160184995e-05	-2.707573707305610739e-05	-5.539210062590734711e-05	-8.450423204362463351e-05	-1.203237713983522882e-02	-9.489101202082287809e-05	-2.339997157807986803e-04	-7.723715400435026421e-04	-5.600599836820690808e-04	-1.356273957969513291e-02	-2.823587763970217615e-02	4.837635559194804354e-05	1.951244374400435766e-04	3.147829739747666652e-05	2.716440058731508866e-06	-7.251111656557960097e-04	2.590963558905998550e-05	-5.924339787043001772e-05	7.022020720670002860e-05	1.289125863751099414e-05	5.468817245038218831e-04	-3.404176150848376944e-04	-2.208407884882378973e-04	-1.436483712537133320e-02	-2.990027003092495363e-04	-2.792929461273936653e-02	-1.288315689219469637e-02	-7.683534150789547151e-06	1.305489092429746797e-02	-7.327570652132882247e-04	-3.896212829899836486e-04	-2.816504801491561197e-02	-1.180949245495124811e-04	-1.246157550005278641e-02	5.431821172323008165e-04	-1.199747430093982704e-04	-2.218878307671881274e-04	-1.965860720262201165e-04	-6.020892736645988639e-05	4.035330251582718150e-04	4.166883239337727015e-05	3.516570932904231409e-05	-1.986785724620192056e-04	-1.895180963450100514e-04
-1.160704301120419756e-04	5.589138760051843083e-03	-7.908511167723246329e-05	4.773148652080208738e-05	-5.672087023376167457e-03	3.873482931341904292e-05	-2.716669100697464615e-05	5.708734341330761429e-03	-2.621758342043567047e-05	-1.108548744895612557e-04	-2.163429876237710778e-04	-3.256781954577659473e-05	-1.480007099363255126e-04	-2.565683897910957364e-05	-3.507592768650308817e-06	-2.692912411644511755e-05	-3.801200667918024079e-05	-1.013555340173910791e-04	-2.396076073341635629e-04	-1.482299876376707226e-05	-5.389600613038482858e-05	3.836515380425705292e-05	3.665323669542869505e-05	1.108267878022742612e-05	-1.263727700184045643e-04	-5.349078018596136082e-03	-5.654214030361721238e-03	1.243660564753952644e-05	3.083281189825699104e-04	-5.979084326291612776e-05	-4.980165000817602056e-05	-6.147589714027033858e-03	-2.214549709879945960e-05	-1.827018429585251780e-04	-2.425990437672194487e-04	2.597059087032411813e-05	-5.274048163920582659e-05	5.482025768097354400e-05	1.196986936790044335e-05	3.493555431305542084e-05	-1.461579301125359579e-04	-5.653905017997781085e-03	-5.478423068830839959e-03	1.293038635899792772e-04	-5.585838880735663307e-03	1.245713768119516198e-04	-1.314584627466026507e-05	-6.791544326148951432e-05	-2.218863632708176117e-04	1.601375441369670672e-04	-5.708010656384592853e-03	1.852072036909957692e-04	-5.344353415398616150e-03	1.565752327683845885e-04	-2.450747183619021681e-06	6.080250104603428934e-03	-2.828999324586993686e-05	3.200696034863944304e-05	2.666570339775241075e-05	3.050936571895292309e-05	-2.370157689979104953e-05	3.701682279618593338e-05	1.852386888565053433e-05	7.473673141226339393e-05
-3.560639126262304965e-04	4.696734702306822604e-05	1.769383825726322031e-04	6.696498230276001177e-05	5.368135434778183976e-05	-1.407368429661379487e-04	-3.859043915136650313e-04	-2.621758342043567047e-05	9.408686091697475440e-03	-7.690092565400949627e-05	2.327873989881296775e-04	-5.540931052290398381e-03	5.002105396831855750e-04	-1.778029082578273844e-03	2.874605079744695785e-03	-3.247656411528840109e-04	2.600094419207581251e-03	2.587381215178451589e-04	4.940169172432586769e-04	-4.491610111100195930e-03	7.324984428284857192e-06	-5.430495984880025218e-03	-7.070108399332119750e-03	7.143367646236854795e-05	1.377984315328049437e-04	-7.973720827354073332e-05	-1.274062977127653760e-04	-3.256187734027469137e-05	-3.498436365351351390e-05	2.230252098717443458e-04	4.246402166930809594e-04	3.790097359382367049e-05	-1.923867332147059534e-03	6.598566950497429182e-04	2.855658445884230647e-04	-2.574877448223053446e-03	-1.360652991321675419e-04	-9.692789223672226839e-03	-5.491996924935762386e-03	4.243452562892016298e-04	4.243226934961115372e-05	-6.021831858904724529e-05	-2.612208486623274613e-05	-6.839153849615022104e-05	-2.582456722256892487e-05	2.902286773182037073e-04	1.999062091055254771e-04	1.392260758354824774e-04	-1.508719763892820743e-04	-5.208445659495130594e-05	5.152269837900511084e-05	1.796874985821441469e-04	1.166190150029247543e-05	6.352045426202162278e-05	-5.466723124295716615e-05	2.341728422201597162e-05	5.589137534586193987e-03	-5.156288448286432038e-04	-6.586278898013790976e-05	-7.539343912690820923e-03	3.879896241580366579e-04	2.966771218104759071e-03	4.716450442370322300e-03	-8.072431625094665187e-04
-2.059938194241295881e-04	-7.690067753709778212e-05	1.556553651268210439e-05	1.185167946267779674e-04	1.029481722489116445e-04	3.255025889332627682e-06	-1.213912238742821128e-04	-1.108548744895612557e-04	-7.690092565400949627e-05	1.599155581999753620e-03	1.136645878816889416e-04	8.464322116351658703e-05	-9.273502435674686739e-04	1.014967637831812108e-04	-3.396628444410593699e-05	1.060188822652788007e-03	1.556639064720657885e-05	1.136645517111907857e-04	-9.124975824701637506e-04	1.029636356836969755e-04	-9.653494435511145687e-04	3.802528831923247799e-05	4.596250782442754706e-05	-5.591149459802243708e-04	1.185171777427164908e-04	8.464263346715665320e-05	1.029641109506267095e-04	-6.329569662959381482e-06	3.056452077266417605e-05	1.170636405393895961e-04	2.521744977991382565e-04	8.556546925626078658e-05	1.029486898699952539e-04	-9.273500792874229438e-04	-9.653491824074771467e-04	3.056348271707149338e-05	-1.573213461686979184e-03	4.381624790545630375e-05	8.127327989875000327e-05	1.244071865692150637e-04	3.255328727925937145e-06	1.014961019977690416e-04	3.802481242293589189e-05	1.170631802483887792e-04	4.381552571529966186e-05	2.422383193294198205e-04	1.319236566052151222e-04	6.967614802294276816e-05	-1.213915002743684032e-04	-3.396765159237738008e-05	4.596127580640313643e-05	2.521748109474303300e-04	8.127263626427766452e-05	1.319237497949832803e-04	-2.356849585734652654e-06	-1.160143717342035363e-04	-1.108552119374400997e-04	1.060188490975477391e-03	-5.591150964098085246e-04	8.556664378896763857e-05	1.244072724776093129e-04	6.967670939982347248e-05	-1.160138758671995843e-04	1.027730955821220052e-03
-3.638321702941750514e-04	2.587403804137603132e-04	9.478301318596271501e-04	2.242044299163816119e-04	6.831262430432716434e-04	7.591063719672113785e-05	-1.096596785286384017e-04	-2.163429876237710778e-04	2.327873989881296775e-04	1.136645878816889416e-04	1.327219278843158948e-02	-2.927204065018769756e-05	2.648967070833209425e-02	1.727732516352788243e-05	1.661914468997959188e-04	-1.309264669680131055e-02	8.632442382202321594e-04	1.246378186450764619e-02	2.591701117237738689e-02	-1.560970011587642532e-04	1.146480721133156210e-02	1.031006880384468670e-04	4.070332993390819547e-04	6.325875141562177029e-04	3.049048647945419056e-04	9.140590136810966451e-05	6.583447179645714729e-05	-1.386867439674763897e-04	-2.346981531449815136e-04	-6.702564985335387115e-05	2.067905961707586649e-04	2.426278576564775823e-05	4.137307866705836664e-04	2.641406063987362940e-02	1.181230428388489045e-02	-2.150997351215686612e-04	-9.471165799925474957e-04	1.677057726561089423e-04	2.271021139631581329e-04	1.452132909605813489e-02	9.378740231331227767e-05	2.844363388664922655e-04	2.129767306043817100e-04	-8.419678826544702086e-05	1.253814813767603772e-04	-2.641905157337306339e-05	5.092027949849384152e-05	-2.945670616782065151e-04	-1.116912086773868786e-04	1.742888635865872597e-04	4.235841818453435405e-04	1.906913130867929763e-04	3.573693456772856374e-04	9.535942256298634439e-05	-2.452648355247711098e-05	-4.974056301262817998e-04	-1.013563754957675191e-04	-1.267355986220740707e-02	6.455570108630699373e-04	2.606901307011909788e-05	1.372337945986291247e-02	-3.715258867299255346e-04	-2.470960379224884261e-04	-2.959982187269965398e-02
-1.227984864118558065e-04	-7.973735648902192203e-05	-1.949597518038144556e-05	2.516484460914716371e-04	2.271207673256291911e-05	1.763663146425378933e-04	1.026474433728375303e-04	-3.256781954577659473e-05	-5.540931052290398381e-03	8.464322116351658703e-05	-2.927204065018769756e-05	5.517485031728263170e-03	-1.195272518627712218e-04	5.545553543792587289e-03	-9.969361906534448788e-05	1.249395956005273033e-04	2.718051756376427394e-05	9.140612163176773958e-05	-4.539267315083131556e-05	5.540878022250818324e-03	8.008394133191290250e-05	5.162652551354023414e-03	5.669029647128304844e-03	2.753904379136623949e-05	6.986015926852168244e-05	1.036326414496963646e-04	7.409753196562135263e-05	2.585761284684025816e-05	2.352722553555614639e-05	2.386962853113449906e-06	6.465155745597232165e-05	4.727385170243486264e-05	5.490997026496717212e-03	-1.576321246530888471e-04	-7.970294377950297091e-05	-2.756547070467142680e-04	9.463831634590782723e-05	5.546136589079257717e-03	5.486916116086370220e-03	-1.317136589694333187e-04	3.815690928614705225e-06	5.381068054446629524e-05	3.300907784780020244e-05	1.749014623274388496e-04	5.736925807510603691e-05	1.246270206891661036e-04	-1.745881936437033971e-05	-6.802265379177201620e-05	-9.488909396049139788e-05	-1.894591905537035365e-05	3.352226903804291045e-05	2.969097724072701288e-04	4.753199183806964493e-05	1.287069135375625429e-04	-3.278659706217578325e-05	-6.394926864778996130e-05	-5.349076963110942044e-03	2.100434175581764929e-04	4.320904209023235384e-05	6.069708395756929012e-03	-1.779239378199139274e-04	4.798891996047095640e-05	-5.909306191690593540e-03	2.794307740014534782e-04
-2.318879739726523777e-04	6.598608146821312867e-04	1.812992778104884593e-03	2.192258659444506423e-04	8.989875832236407863e-04	1.562033927213402789e-04	6.784676715019684313e-05	-1.480007099363255126e-04	5.002105396831855750e-04	-9.273502435674686739e-04	2.648967070833209425e-02	-1.195272518627712218e-04	5.751580443770513279e-02	-1.115426746929107631e-04	3.812442899796203238e-04	-2.923679181794299614e-02	1.819562099505759364e-03	2.641406077377110584e-02	5.607225528383569246e-02	-4.848868488676396651e-04	2.647300690814845953e-02	1.472792741289958131e-04	8.444439141232369097e-04	-3.447698271072897408e-05	2.505282686658995566e-04	-1.576311361420510652e-04	-3.337612491097566043e-04	-2.798679492678596802e-04	-4.580429904405077966e-04	-4.515149371498223445e-04	-2.218764722046836948e-04	-2.019480006297453862e-04	8.118051305859750547e-04	5.740959203418723178e-02	2.644664697281595700e-02	-5.784849519728035242e-04	-8.921124162723065819e-04	3.168819451494881648e-04	4.401123466986864600e-04	2.915044716978682990e-02	1.472637617680202886e-04	-6.944067782748928271e-06	1.250037660960333949e-04	-4.426136270547944944e-04	1.724725401058197535e-04	-6.430668994869266457e-04	-1.776330737021897623e-04	-9.261916480429555976e-04	3.147817279313568821e-05	3.025335815104123176e-04	6.501013311233463411e-04	-1.727491943505692843e-04	4.165592409416729114e-04	-1.312771131189732917e-04	-3.308752433143681305e-05	-6.018714408061283860e-04	-1.827016446126751798e-04	-2.918173705556963843e-02	-7.054741517112270112e-06	3.835605069547808554e-05	2.915149936217225485e-02	-8.999816094261547245e-04	-4.383617524005470984e-04	-6.406250499141170895e-02
-5.689972084215069552e-04	-6.021854627636086238e-05	1.195789661604571935e-04	5.399761466449140481e-04	3.138691209620471682e-05	1.520128042900960384e-04	-1.629842655125542409e-04	-2.565683897910957364e-05	-1.778029082578273844e-03	1.014967637831812108e-04	1.727732516352788243e-05	5.545553543792587289e-03	-1.115426746929107631e-04	9.964328407187139636e-03	2.687489547100392704e-03	1.209059406204333718e-04	2.715173822124750634e-03	2.844338368012877733e-04	5.203779000443546198e-05	7.142350707920375533e-03	1.068105773298208101e-05	5.420712714306259380e-03	4.364647314261289011e-03	1.327479488703134391e-04	2.420627443319429788e-04	5.381068919635619582e-05	-3.888168779140568665e-05	-2.832991818367777714e-05	2.227992701472536669e-05	2.158912144539569902e-04	5.096606841087450174e-04	5.399584233716817706e-05	9.693121776222921732e-03	-6.951128995661478172e-06	-4.993815339441424485e-05	-3.172362761955717890e-03	5.883139695296808801e-05	1.480570245524032592e-03	5.542686623536775825e-03	-7.725631044256567705e-06	-2.619335484675607909e-05	-2.163678577741514827e-05	-2.345080808116260321e-05	2.660969202857973916e-04	2.463930011805348202e-05	4.904460189807035783e-04	9.227272498908421533e-05	4.462247346759894259e-06	-3.404139502135410111e-04	-9.852047394659113231e-05	4.477858136640033035e-05	7.392080320592495568e-04	3.057266381205276165e-05	2.837678038378703264e-04	-8.610772413330650729e-05	-2.506125747270923252e-05	-5.653904510278917606e-03	7.593567226299006458e-05	1.731989207045213963e-05	4.723802228201763077e-03	-1.764744926288080583e-04	3.187189703202621995e-03	-7.682605260843778337e-03	1.604006228086957793e-04
-1.404221935733714673e-03	-5.208444975511562162e-05	1.372713204559200539e-04	6.894117121909290775e-04	-6.548765572952100706e-05	1.028575728291536870e-05	-5.683521158422116326e-04	-3.507592768650308817e-06	2.874605079744695785e-03	-3.396628444410593699e-05	1.661914468997959188e-04	-9.969361906534448788e-05	3.812442899796203238e-04	2.687489547100392704e-03	7.338963970302778660e-03	-2.235414489332100576e-04	5.062079936412802045e-03	1.742843972843980066e-04	3.063134121425231324e-04	-3.340168749416290873e-03	1.598367436483028004e-04	-2.151496967062560919e-04	2.864439765538476235e-03	2.101395132185868793e-05	7.026144990349835352e-04	-1.894630116494497342e-05	-1.808032162943809892e-05	-2.116382593073167168e-06	3.347404135422596102e-04	8.013457557979250783e-04	1.579181013972856540e-03	-3.322576400843040825e-05	2.552664773107999989e-03	3.025209635734190500e-04	1.806095754701345763e-04	-7.440550859415726720e-03	-3.839473550035374024e-06	-3.153000361956289580e-03	-2.765357163641399448e-04	1.849901972956599552e-04	3.632495109858428902e-05	-9.852122830055576135e-05	3.174580127525291034e-05	5.868992821426678372e-04	1.842320407275902124e-04	1.540572229225076022e-03	7.787914426518999754e-04	-2.793457789747789846e-05	-7.327536744719640067e-04	-2.071035009797891598e-04	9.284545124982047882e-05	1.515351526879781842e-03	5.194030651259377650e-05	7.193376783654103004e-04	4.592825620400393309e-05	-3.058265317272940403e-05	1.601382496828201453e-04	-1.848355891907061538e-04	1.510152628272883247e-05	3.187718662542934987e-03	2.293780395573983167e-04	5.643371348875637905e-03	3.531116084843376191e-03	-3.631030441224937272e-04
-1.531199865151641640e-04	-5.156299854780096135e-04	-8.829914212593972279e-04	3.813574126551168655e-05	-3.930498390983165700e-04	-8.837257888297835029e-05	-1.631756114904051275e-04	-2.692912411644511755e-05	-3.247656411528840109e-04	1.060188822652788007e-03	-1.309264669680131055e-02	1.249395956005273033e-04	-2.923679181794299614e-02	1.209059406204333718e-04	-2.235414489332100576e-04	1.602282766033414838e-02	-8.847867213762213804e-04	-1.267355995135399996e-02	-2.860770273006671763e-02	3.006385849256276721e-04	-1.375157152363924370e-02	-9.538530436605330509e-06	-3.508720842965666999e-04	6.402391635865205440e-04	1.437373206064635809e-05	2.100423720077721542e-04	2.471022454876401105e-04	1.383302988464165111e-04	2.811431780359850176e-04	4.149814428609084030e-04	4.099373544503276791e-04	3.070080455131237590e-04	-3.687562796563529570e-04	-2.918173708410794903e-02	-1.455324597012868509e-02	3.331706295785343084e-04	-1.412096019832969197e-04	-9.179141713342830588e-05	-1.660217269176046976e-04	-1.445520925437290480e-02	-8.947059741013998905e-05	7.593246226151930951e-05	4.310126586951174249e-05	3.693123915774594807e-04	1.075716856983577173e-04	6.308426374694999861e-04	2.269985882722622941e-04	5.135511974064269286e-04	-1.965862714542198383e-04	-1.848416031361991749e-04	-1.342482443734990631e-04	4.178401793879567977e-04	-8.624531434180165079e-05	2.193628299169493091e-04	1.367842032660207316e-05	2.409669053005450694e-04	3.200723785780010684e-05	1.514377178003023169e-02	6.494213894875898192e-04	5.679108159030953323e-05	-1.401323395761377121e-02	5.043759667768840747e-04	1.736644162256260101e-04	3.268069358808008140e-02
-2.446478009844643199e-04	1.769410134851100136e-04	6.180394426605978703e-04	1.686408318347841170e-04	2.559412435730668619e-04	-1.445453577722245110e-05	-1.005115255360985397e-04	-3.801200667918024079e-05	2.600094419207581251e-03	1.556639064720657885e-05	8.632442382202321594e-04	2.718051756376427394e-05	1.819562099505759364e-03	2.715173822124750634e-03	5.062079936412802045e-03	-8.847867213762213804e-04	6.969376542862608381e-03	9.478262073267585460e-04	1.737961552528111695e-03	-3.202342802373257195e-03	7.904535881139516246e-04	-6.551890594015289749e-05	3.036233211797190190e-03	7.112843937533081049e-05	9.822871830598292674e-05	-1.949662979636344819e-05	-1.992782332533454023e-04	3.658590973087738401e-06	-1.866042534101030053e-04	2.075088964991164448e-04	3.775521655113329034e-04	1.405866140729830811e-04	2.782497478386067834e-03	1.812984148229695351e-03	8.008640829445829324e-04	-5.431507195464232822e-03	-8.229262867239764585e-05	-2.877981192465184791e-03	-1.136409102200317553e-05	9.675791604730040124e-04	9.813563333252325421e-06	1.195805441466944090e-04	1.423968043683167792e-05	1.360957454356336071e-04	-9.150583309072696367e-05	4.002756752818005417e-04	2.478807259538232241e-04	3.633570324847593732e-04	-1.358463132295249321e-04	1.372757578859362898e-04	2.345235320206620264e-04	3.420655747468913680e-04	7.291610302102215116e-05	1.247654840965331123e-04	4.085251823033411473e-05	5.494426168772286356e-05	-7.908658163186644370e-05	-8.829868671775544745e-04	6.106864837575506878e-05	3.330619485909929421e-03	1.059655520244800857e-03	7.486983385841176723e-03	3.131175280615463088e-03	-2.014483945199625672e-03
-3.638301401874898628e-04	2.327898464732606359e-04	8.632459240183384128e-04	3.049030812740727357e-04	4.137312432799356661e-04	9.378654426569026895e-05	-1.116907943672604839e-04	-1.013555340173910791e-04	2.587381215178451589e-04	1.136645517111907857e-04	1.246378186450764619e-02	9.140612163176773958e-05	2.641406077377110584e-02	2.844338368012877733e-04	1.742843972843980066e-04	-1.267355995135399996e-02	9.478262073267585460e-04	1.327219685442852445e-02	2.591701561575706150e-02	6.583681987717960021e-05	1.181230438381488182e-02	2.129769656446948772e-04	4.235825046823305786e-04	6.455588811812586723e-04	2.242038667504462311e-04	-2.927280953724237646e-05	-1.560984807014327287e-04	-1.386863379143208263e-04	-2.151023205626857726e-04	-8.419626654422678578e-05	1.906905421902106213e-04	2.606954539111255886e-05	6.831246850965849455e-04	2.648967927968780278e-02	1.146481122331085602e-02	-2.346943096998754721e-04	-9.471164710096644478e-04	1.253846004718378929e-04	3.573703386083504265e-04	1.372338405524562571e-02	7.591115760221313910e-05	1.727930074523209163e-05	1.031002305173499717e-04	-6.702695625162869439e-05	1.677025484374171046e-04	-2.642018792468308605e-05	9.535921247925300290e-05	-3.715218177456637008e-04	-1.096583809447319218e-04	1.661953669972439048e-04	4.070334930856462112e-04	2.067881794116210165e-04	2.271004278624806248e-04	5.091908531935364460e-05	-2.452633062498885531e-05	-2.470929752679596782e-04	-2.163433472977779914e-04	-1.309265071940854050e-02	6.325857872723537152e-04	2.426034923436010094e-05	1.452132865041482791e-02	-2.945737297335089305e-04	-4.974093030821950638e-04	-2.959982657813821361e-02
-5.245400828050804896e-04	4.940210832163934983e-04	1.737968373998130967e-03	3.459604961250637486e-04	9.277770493904976233e-04	1.183424230718863751e-04	-1.150217999582986406e-04	-2.396076073341635629e-04	4.940169172432586769e-04	-9.124975824701637506e-04	2.591701117237738689e-02	-4.539267315083131556e-05	5.607225528383569246e-02	5.203779000443546198e-05	3.063134121425231324e-04	-2.860770273006671763e-02	1.737961552528111695e-03	2.591701561575706150e-02	5.527610125434459509e-02	-2.416761395042708687e-04	2.601925591431646090e-02	2.251102305529468421e-04	7.768428799847151150e-04	-5.657635913927485310e-05	3.459618039730078410e-04	-4.539252185287668206e-05	-2.416809658869712384e-04	-2.444777534603586092e-04	-4.417132229755817824e-04	-2.681675165165256589e-04	1.086417092669385081e-04	-4.920825149251543913e-05	9.277747868697428912e-04	5.607226428095270221e-02	2.601926018754430886e-02	-4.417050503806978505e-04	-7.798227220460667106e-04	3.277257198642979019e-04	5.096626650627357046e-04	2.846454644039141807e-02	1.183432851532600287e-04	5.204283467043327492e-05	2.251101451327399642e-04	-2.681692021406982909e-04	3.277204696575034123e-04	-3.386938316126498279e-04	-4.476536763028661449e-05	-9.323328506619675332e-04	-1.150209700008500077e-04	3.063237385080554371e-04	7.768469942128977549e-04	1.086391534331631757e-04	5.096610142622760506e-04	-4.476601807039192149e-05	-6.223924487754201593e-05	-6.523587224171456533e-04	-2.396083939078458356e-04	-2.860770667527960665e-02	-5.658000121493783564e-05	-4.921363454117119203e-05	2.846454131422223102e-02	-9.323445952837882897e-04	-6.523665569084482118e-04	-6.290706573300330895e-02
-4.134752281722222267e-04	-1.274085287037422418e-04	-1.992797114683205785e-04	4.304905615232135674e-04	-6.960082419382977324e-05	1.497098763406277630e-04	-1.529657663138904325e-04	-1.482299876376707226e-05	-4.491610111100195930e-03	1.029636356836969755e-04	-1.560970011587642532e-04	5.540878022250818324e-03	-4.848868488676396651e-04	7.142350707920375533e-03	-3.340168749416290873e-03	3.006385849256276721e-04	-3.202342802373257195e-03	6.583681987717960021e-05	-2.416761395042708687e-04	1.030694672004736634e-02	-1.298290300201155234e-04	5.565588783777709186e-03	1.579097328442942341e-03	8.739411174048261361e-05	1.778264034039041003e-04	7.409803864156384705e-05	5.063027700292142933e-05	-2.204507371241220138e-05	-3.781157296076479194e-05	6.741060952328544798e-05	2.758313547287779633e-04	3.529960798888718372e-05	6.903290982799573788e-03	-3.337564564221447020e-04	-1.899643492517439389e-04	3.224587994869273447e-03	8.830077079556125337e-05	4.563744938805777696e-03	5.663126206551771444e-03	-2.063354763667858704e-04	-4.583717991289565905e-05	-3.888317192379144699e-05	-2.674623821843619928e-05	2.415114229560529112e-04	2.070666909814777910e-05	2.482379006870315784e-04	-6.942015103017657449e-05	-1.663696228390005682e-04	-2.339993974838690954e-04	-1.808382155716733108e-05	-5.138657471611271174e-05	5.287330269763497372e-04	-1.882018858413709897e-05	2.066353317243116103e-04	-1.204125593060356340e-04	-2.104055089607450793e-05	-5.654213584321067174e-03	2.470997849833018035e-04	-2.307052430730015946e-05	1.555539213880450123e-03	-4.455686962657855058e-04	-3.371846799657122161e-03	-1.086321990469439613e-02	5.321081887314867056e-04
-1.331473749564212900e-04	2.855680096037900269e-04	8.008685441003506478e-04	1.083664261879629579e-04	3.827242140441078268e-04	7.894060309020731745e-05	8.932484596160184995e-05	-5.389600613038482858e-05	7.324984428284857192e-06	-9.653494435511145687e-04	1.146480721133156210e-02	8.008394133191290250e-05	2.647300690814845953e-02	1.068105773298208101e-05	1.598367436483028004e-04	-1.375157152363924370e-02	7.904535881139516246e-04	1.181230438381488182e-02	2.601925591431646090e-02	-1.298290300201155234e-04	1.337184283130955775e-02	2.177613573711338429e-04	5.781381985354390246e-04	-7.141223207435759904e-04	1.051873872964267215e-04	-7.970216954572407575e-05	-1.899671099228529981e-04	-1.349487951063196747e-04	-2.451368095282682237e-04	-2.056153278637558139e-04	-1.241892602658974294e-04	-7.269953865288525190e-05	4.378126963880758283e-04	2.644664698787626417e-02	1.254214615398208978e-02	-2.553712017705659721e-04	2.156919393376805611e-04	3.712367412763351764e-04	3.356970150696866363e-04	1.256387334034571659e-02	5.774886549460634587e-05	-4.993429360702553296e-05	4.140933498375802720e-05	-2.319121348301501624e-04	1.026247610153414814e-04	-2.964271650334002889e-04	-9.394330799802212467e-05	-4.635898038966648218e-04	2.716953626268649745e-06	1.806171645216976388e-04	3.136410196850919095e-04	-6.586360025115482752e-05	1.843963549688965899e-04	-5.876226662915834495e-05	6.644891451131912797e-06	-2.281463795840756590e-04	-2.425982377529136672e-04	-1.455324583247668765e-02	-6.650380511569692430e-04	2.201141824543873600e-04	1.299861451918647715e-02	-4.721583058056772505e-04	-3.046129052487382238e-04	-2.952349238099579581e-02
-3.801431825824434091e-04	-2.612278207406553408e-05	1.423874061917330104e-05	3.546373670209756633e-04	-5.055995693184808765e-05	1.254008219451166364e-04	-2.707573707305610739e-05	3.836515380425705292e-05	-5.430495984880025218e-03	3.802528831923247799e-05	1.031006880384468670e-04	5.162652551354023414e-03	1.472792741289958131e-04	5.420712714306259380e-03	-2.151496967062560919e-04	-9.538530436605330509e-06	-6.551890594015289749e-05	2.129769656446948772e-04	2.251102305529468421e-04	5.565588783777709186e-03	2.177613573711338429e-04	5.339679502954660512e-03	5.494433994055684077e-03	6.529357803076916392e-05	1.974952211491530865e-04	3.300921362201681309e-05	-2.674559676624002342e-05	-1.379223521177111401e-05	4.515867188917591871e-08	1.420408545988886872e-04	3.574654908760812721e-04	1.387540840353534033e-05	5.359435932096250944e-03	1.250028261355932101e-04	4.140866739187412660e-05	-5.651139561203228430e-05	1.217682083308984210e-04	5.519235198822377772e-03	5.161724471271524756e-03	2.584042445730506152e-05	-4.430893918317709403e-05	-2.345140367464730092e-05	-2.661951134380512515e-05	2.968772840824784312e-04	1.493918083435906381e-05	4.014128118068495789e-04	9.609206818980180133e-05	-5.597984527187486071e-05	-2.208390784115741808e-04	3.174480377515142361e-05	2.556465475899948850e-05	5.603096856971009248e-04	-1.412686174487881398e-05	2.539968404384392053e-04	7.952343198823538236e-06	4.680145349776194095e-05	-5.478422933827430466e-03	4.310243740742872645e-05	7.610944756897020666e-05	5.827202418481758871e-03	-4.181486187417052599e-05	-9.496734452234908595e-05	-5.895432152206314322e-03	-4.160545064808063894e-05
-6.728458854280376785e-04	5.152305434376213718e-05	2.345222518758586865e-04	4.599780891325043215e-04	5.054637117931426785e-06	1.186511569454666321e-04	-5.539210062590734711e-05	3.665323669542869505e-05	-7.070108399332119750e-03	4.596250782442754706e-05	4.070332993390819547e-04	5.669029647128304844e-03	8.444439141232369097e-04	4.364647314261289011e-03	2.864439765538476235e-03	-3.508720842965666999e-04	3.036233211797190190e-03	4.235825046823305786e-04	7.768428799847151150e-04	1.579097328442942341e-03	5.781381985354390246e-04	5.494433994055684077e-03	1.015132141122450198e-02	9.334333366855475167e-06	3.709346720505725370e-04	3.352180007356631052e-05	-5.138525107915744823e-05	1.948245480806985120e-05	5.215181974621939382e-05	3.933799880775219445e-04	7.898812055551009169e-04	3.528231542360961372e-05	4.463444505785930938e-03	6.500951690501247581e-04	3.136374011907408586e-04	-3.298988687477670372e-03	1.063781206928225882e-04	7.174075624219412514e-03	5.549263894441974938e-03	2.958922102890912810e-04	-4.123214362701281083e-05	4.477819647605522365e-05	2.556505199656358964e-05	5.466681031146750471e-04	4.367080588133844134e-05	8.990046704561018920e-04	4.154073213616920474e-04	5.506054281761379283e-05	-3.896181086140264056e-04	9.284571114847777536e-05	1.370450574430885616e-04	9.720681340954800314e-04	2.360259029236409363e-05	4.663075053129361403e-04	1.137885666238283989e-04	6.316602142251602145e-05	-5.708010672378293140e-03	-1.342439137003429610e-04	1.395126188427199630e-04	1.085292639695421488e-02	3.879424352416260585e-04	3.136581887487504324e-03	-1.734294029290932466e-03	-6.681189861139572982e-04
-1.209647940138907588e-04	-6.586224675039614436e-05	6.106810910611470565e-05	9.566356034219212947e-05	-2.546812797507072015e-05	-6.762056999474393926e-07	-8.450423204362463351e-05	1.108267878022742612e-05	7.143367646236854795e-05	-5.591149459802243708e-04	6.325875141562177029e-04	2.753904379136623949e-05	-3.447698271072897408e-05	1.327479488703134391e-04	2.101395132185868793e-05	6.402391635865205440e-04	7.112843937533081049e-05	6.455588811812586723e-04	-5.657635913927485310e-05	8.739411174048261361e-05	-7.141223207435759904e-04	6.529357803076916392e-05	9.334333366855475167e-06	1.864269640292445145e-03	7.834111038418788869e-05	4.320829502192879257e-05	-2.307025732290451513e-05	-5.174766592369249541e-06	1.013427888272183550e-05	8.574014680820604294e-05	1.661577375545187090e-04	1.196180244663959424e-04	8.466762667861238553e-05	-7.051125982473053229e-06	-6.650366439951939032e-04	1.418635343698476336e-05	5.238671957759821404e-04	-3.909264437113714143e-05	2.361170279631867074e-05	6.754038484228494293e-04	3.452758159425925172e-06	1.731952098792422385e-05	7.610880954950886043e-05	8.804016252395324325e-05	1.012292672674439239e-04	1.478899807204874114e-04	8.204300583382168022e-05	7.424401370008829417e-05	-6.020883887368188707e-05	1.510046373932042024e-05	1.395109765630468159e-04	1.521940273360951660e-04	3.178592243466728652e-05	6.789433737737780904e-05	-4.782761538959378528e-06	6.604099139149256564e-05	2.666518019898452804e-05	6.494198550335869395e-04	1.838948936146441154e-03	-3.395268917195254105e-05	6.459862445380799758e-04	8.390959064570042536e-05	-4.998675473918940499e-05	-2.110086044287670296e-05
-2.600000691893135721e-02	6.696655512725420531e-05	1.686457349653659743e-04	1.311632161655905751e-02	1.939239891478482984e-04	5.536715636168219878e-04	-1.203237713983522882e-02	-1.263727700184045643e-04	1.377984315328049437e-04	1.185171777427164908e-04	3.049048647945419056e-04	6.986015926852168244e-05	2.505282686658995566e-04	2.420627443319429788e-04	7.026144990349835352e-04	1.437373206064635809e-05	9.822871830598292674e-05	2.242038667504462311e-04	3.459618039730078410e-04	1.778264034039041003e-04	1.051873872964267215e-04	1.974952211491530865e-04	3.709346720505725370e-04	7.834111038418788869e-05	1.392240557601077955e-02	2.516483417231004868e-04	4.304879458127300156e-04	-5.995497397574411783e-04	5.489180856216787112e-04	1.282786682409869927e-02	2.818645538174893023e-02	5.178181593775065753e-05	-9.650701463557038702e-05	2.192254229863760439e-04	1.083667156103634052e-04	5.707176984658563238e-04	2.414449785044625704e-06	3.297274690053985735e-04	1.040203821034372395e-04	1.402203823116640526e-04	5.895967654467276602e-04	5.399767035908815830e-04	3.546368714661935579e-04	1.239597617833788912e-02	3.666602944699176234e-04	2.783253401654085107e-02	1.353140644018814738e-02	4.774920866409330093e-05	-1.239521326568701273e-02	6.894147428690286170e-04	4.599805205082674797e-04	2.817654020025930905e-02	2.844014237667237413e-04	1.432956183045938810e-02	7.417659053063805578e-04	-1.014117524891844163e-04	4.773230154685867356e-05	3.813675424942761954e-05	9.566428231158933225e-05	-5.920855343088677735e-05	1.034333944208638324e-04	-4.901696468685183745e-05	1.813748543258738135e-04	-1.033093720735296975e-04
-1.228000439150909952e-04	-5.540932577447279378e-03	2.717911157922387263e-05	6.986067525445121651e-05	5.490997326705090997e-03	3.815154977530613587e-06	-9.489101202082287809e-05	-5.349078018596136082e-03	-7.973720827354073332e-05	8.464263346715665320e-05	9.140590136810966451e-05	1.036326414496963646e-04	-1.576311361420510652e-04	5.381068919635619582e-05	-1.894630116494497342e-05	2.100423720077721542e-04	-1.949662979636344819e-05	-2.927280953724237646e-05	-4.539252185287668206e-05	7.409803864156384705e-05	-7.970216954572407575e-05	3.300921362201681309e-05	3.352180007356631052e-05	4.320829502192879257e-05	2.516483417231004868e-04	5.517487080149436306e-03	5.540880066994996987e-03	2.585848199652147008e-05	-2.756546391772536197e-04	1.749026278708935150e-04	2.969119793378119810e-04	6.069710747936293491e-03	2.271187620111152347e-05	-1.195262131128025453e-04	8.008511585082668353e-05	2.352753290906604771e-05	9.463903077224674319e-05	5.736935160031595912e-05	4.753185161772129839e-05	-1.779242600947079911e-04	1.763657914304984442e-04	5.545555913417325039e-03	5.162653671248871277e-03	2.388611988846435959e-06	5.546136790216488720e-03	1.246284274661859563e-04	1.287075232029365548e-04	4.799142266991579943e-05	1.026463718106840404e-04	-9.969254955868051145e-05	5.669030120855976518e-03	6.465311373442177525e-05	5.486916054123946312e-03	-1.745928310724453978e-05	-3.278754950414973924e-05	-5.909305872867230865e-03	-3.256757838461710506e-05	1.249392614009098334e-04	2.753836149092196689e-05	4.727345615803091013e-05	-1.317146803612073475e-04	-6.802302617233606328e-05	-6.394933627719855856e-05	2.794313432350802929e-04
-4.134731624935514683e-04	-4.491611394297727669e-03	-3.202345084815627282e-03	1.778239067295085012e-04	6.903291056471251921e-03	-4.583803975676087566e-05	-2.339997157807986803e-04	-5.654214030361721238e-03	-1.274062977127653760e-04	1.029641109506267095e-04	6.583447179645714729e-05	7.409753196562135263e-05	-3.337612491097566043e-04	-3.888168779140568665e-05	-1.808032162943809892e-05	2.471022454876401105e-04	-1.992782332533454023e-04	-1.560984807014327287e-04	-2.416809658869712384e-04	5.063027700292142933e-05	-1.899671099228529981e-04	-2.674559676624002342e-05	-5.138525107915744823e-05	-2.307025732290451513e-05	4.304879458127300156e-04	5.540880066994996987e-03	1.030694934514277475e-02	-2.204360281338082526e-05	3.224587376410467145e-03	2.415103555149948405e-04	5.287302388580304019e-04	1.555540847220942494e-03	-6.960133000073653506e-05	-4.848904152330167812e-04	-1.298304639893500833e-04	-3.781123379215851243e-05	8.830097655752004856e-05	2.070652355382429866e-05	-1.882060703903790861e-05	-4.455713893856744949e-04	1.497091236857353320e-04	7.142353365720166547e-03	5.565590415351076917e-03	6.741041839454224474e-05	4.563744984501657068e-03	2.482348389076912071e-04	2.066329739824182055e-04	-3.371844714659514002e-03	-1.529648171674632886e-04	-3.340167967633500025e-03	1.579097626114982136e-03	2.758276687664291439e-04	5.663125981471473294e-03	-6.942345652983444653e-05	-1.204141592437227033e-04	-1.086321958583746916e-02	-1.482173160223176428e-05	3.006420332809674992e-04	8.739421850833884776e-05	3.529879315185036363e-05	-2.063382363139037502e-04	-1.663679743424495785e-04	-2.103846858798757256e-05	5.321151802596175593e-04
-1.760224948533508586e-04	-3.256282039117664801e-05	3.657261177104831129e-06	-5.995500323371343986e-04	-6.912624082456798522e-05	5.185420550410135051e-04	-7.723715400435026421e-04	1.243660564753952644e-05	-3.256187734027469137e-05	-6.329569662959381482e-06	-1.386867439674763897e-04	2.585761284684025816e-05	-2.798679492678596802e-04	-2.832991818367777714e-05	-2.116382593073167168e-06	1.383302988464165111e-04	3.658590973087738401e-06	-1.386863379143208263e-04	-2.444777534603586092e-04	-2.204507371241220138e-05	-1.349487951063196747e-04	-1.379223521177111401e-05	1.948245480806985120e-05	-5.174766592369249541e-06	-5.995497397574411783e-04	2.585848199652147008e-05	-2.204360281338082526e-05	1.911720186983102828e-03	2.178742922676901603e-05	8.434769465012993336e-04	2.784222637473384343e-04	4.561913813627033084e-05	-6.912698351028000068e-05	-2.798683524503958113e-04	-1.349489933226538901e-04	2.178774851234356461e-05	2.633769888737990289e-06	-1.209423869393958298e-06	-6.187415683566116834e-05	-1.560004855574944910e-04	5.185421196637762667e-04	-2.832895412558617356e-05	-1.379146213962481385e-05	8.434772561089059215e-04	-1.208908825129864249e-06	3.526566058341689303e-04	-5.070874561430142348e-04	3.469649489011049424e-05	-7.723714809093264622e-04	-2.116210368997523259e-06	1.948258050275687416e-05	2.784222984326873199e-04	-6.187348008707859370e-05	-5.070876107150810779e-04	-1.828503327612357584e-03	6.140331080474489118e-05	1.243753776444069950e-05	1.383300304347114852e-04	-5.175008822285986729e-06	4.561873251380268958e-05	-1.560001555211142131e-04	3.469738924227850843e-05	6.140481495807302754e-05	2.970368142339277658e-04
-1.200196097799037260e-03	-2.574878250729756898e-03	-5.431507480466099547e-03	5.707123684313489265e-04	-3.244328183000905544e-03	-4.124324426242114642e-05	-5.600599836820690808e-04	3.083281189825699104e-04	-3.498436365351351390e-05	3.056452077266417605e-05	-2.346981531449815136e-04	2.352722553555614639e-05	-4.580429904405077966e-04	2.227992701472536669e-05	3.347404135422596102e-04	2.811431780359850176e-04	-1.866042534101030053e-04	-2.151023205626857726e-04	-4.417132229755817824e-04	-3.781157296076479194e-05	-2.451368095282682237e-04	4.515867188917591871e-08	5.215181974621939382e-05	1.013427888272183550e-05	5.489180856216787112e-04	-2.756546391772536197e-04	3.224587376410467145e-03	2.178742922676901603e-05	8.126413889023787612e-03	6.988809770477783260e-04	1.244587341825868299e-03	-3.892156458985806741e-03	-9.819090914973098308e-05	-5.784931300545861519e-04	-2.553741679135185369e-04	-1.995487217689549545e-04	1.281910889064820940e-05	-1.841653352982382060e-05	-5.387962739055711262e-05	-3.140551244594316262e-04	-4.710124831221072707e-05	-3.172363415174422278e-03	-5.651121846149622941e-05	5.621118943415070058e-04	3.094223890941703338e-03	1.223129184584534172e-03	5.643847633376618744e-04	-6.061154669492035615e-03	-7.251055191675155956e-04	-7.440550598109300570e-03	-3.298987812096051617e-03	1.259642055468755076e-03	-8.827932828257843473e-05	5.351750813536388166e-04	-4.946070409045997786e-05	-3.174260741016508500e-03	2.597280312043251794e-05	3.331774590268080311e-04	1.418689873801801548e-05	1.057679729814381544e-04	-2.423581283487309754e-04	-8.334072495007272869e-06	1.814096267509181432e-04	5.811877538444679050e-04
-2.683722430114774196e-02	-6.839075199139776841e-05	1.360990320820719022e-04	1.239597639926215411e-02	-8.345875032708999675e-05	-6.646452982159440758e-04	-1.356273957969513291e-02	-5.979084326291612776e-05	2.230252098717443458e-04	1.170636405393895961e-04	-6.702564985335387115e-05	2.386962853113449906e-06	-4.515149371498223445e-04	2.158912144539569902e-04	8.013457557979250783e-04	4.149814428609084030e-04	2.075088964991164448e-04	-8.419626654422678578e-05	-2.681675165165256589e-04	6.741060952328544798e-05	-2.056153278637558139e-04	1.420408545988886872e-04	3.933799880775219445e-04	8.574014680820604294e-05	1.282786682409869927e-02	1.749026278708935150e-04	2.415103555149948405e-04	8.434769465012993336e-04	6.988809770477783260e-04	1.506139761047829359e-02	2.929788538433816467e-02	1.195167720619681485e-04	-1.777544232847834372e-04	-4.426145087975190103e-04	-2.319120418814898921e-04	5.621183335617612343e-04	-7.073322529246276087e-07	2.534541847702302198e-04	2.711309031560015523e-05	-2.237540399192968171e-04	-6.261179187806341839e-04	2.660994294904711296e-04	2.968776176781431951e-04	1.415084948314453139e-02	5.176422337121534866e-04	2.911452701825974904e-02	1.296017737094562472e-02	-1.626703237750144889e-06	-1.436483651867648259e-02	5.869040144275282540e-04	5.466709681736444141e-04	2.929137538268446889e-02	2.019934980719638559e-04	1.338442970811108343e-02	-5.153383972975212213e-04	1.045324451270679986e-04	1.293062968503105664e-04	3.693128071066015001e-04	8.804048906935104789e-05	-7.919777793698216061e-05	-2.319161759766758652e-04	7.442933911019504510e-05	3.229225875223573259e-04	6.282374180524274423e-04
-5.704672734450663696e-02	1.796889538131446278e-04	3.420742604665235036e-04	2.817654112796848936e-02	-2.393545874560376377e-05	-3.786999986385554900e-05	-2.823587763970217615e-02	-4.980165000817602056e-05	4.246402166930809594e-04	2.521744977991382565e-04	2.067905961707586649e-04	6.465155745597232165e-05	-2.218764722046836948e-04	5.096606841087450174e-04	1.579181013972856540e-03	4.099373544503276791e-04	3.775521655113329034e-04	1.906905421902106213e-04	1.086417092669385081e-04	2.758313547287779633e-04	-1.241892602658974294e-04	3.574654908760812721e-04	7.898812055551009169e-04	1.661577375545187090e-04	2.818645538174893023e-02	2.969119793378119810e-04	5.287302388580304019e-04	2.784222637473384343e-04	1.244587341825868299e-03	2.929788538433816467e-02	6.236156490428403781e-02	5.913823659439747726e-05	-2.649426644312488427e-04	-1.727498053699961524e-04	-6.586292802936117652e-05	1.259653532505538914e-03	-3.257784655801663630e-06	5.717237339839739696e-04	1.334834891383502079e-04	-9.248381430261081663e-05	-9.432370085706858636e-06	7.392123453330830350e-04	5.603108389926403973e-04	2.929137576747978255e-02	7.763605449149241916e-04	6.145649360861199506e-02	2.927369557682544393e-02	7.162287062082655731e-05	-2.816504730696581249e-02	1.515359359144027862e-03	9.720748684410920057e-04	6.225595560936708628e-02	3.546684595442510003e-04	2.920102766129128655e-02	2.374034174761599687e-04	2.280919455781810852e-04	1.852097109800502055e-04	4.178399754052300377e-04	1.521945791158421408e-04	-1.850715797783438550e-04	-1.280855303425621882e-04	8.495437804160199690e-05	5.191961460396978933e-04	5.254636532961631454e-04
2.072687748044975875e-04	-7.539345768924586577e-03	3.330618880153234183e-03	-5.920445434781197518e-05	4.877253513649273953e-03	-4.146160339291811767e-06	4.837635559194804354e-05	-6.147589714027033858e-03	3.790097359382367049e-05	8.556546925626078658e-05	2.426278576564775823e-05	4.727385170243486264e-05	-2.019480006297453862e-04	5.399584233716817706e-05	-3.322576400843040825e-05	3.070080455131237590e-04	1.405866140729830811e-04	2.606954539111255886e-05	-4.920825149251543913e-05	3.529960798888718372e-05	-7.269953865288525190e-05	1.387540840353534033e-05	3.528231542360961372e-05	1.196180244663959424e-04	5.178181593775065753e-05	6.069710747936293491e-03	1.555540847220942494e-03	4.561913813627033084e-05	-3.892156458985806741e-03	1.195167720619681485e-04	5.913823659439747726e-05	1.178698650140015333e-02	2.747266503851865014e-05	3.836194886149651669e-05	2.201180877708806740e-04	1.057682821314272778e-04	1.077260428024466100e-04	1.285898113411547135e-05	2.510114757912680508e-05	-3.993028096331989642e-05	1.761797601816953915e-04	4.723804687504133334e-03	5.827203137343943927e-03	-7.919316032308129345e-05	7.497303316605686413e-03	-3.565469952966591067e-05	4.084213842946050069e-05	3.586120545941307719e-03	4.035291552708759281e-04	3.187720407141952754e-03	1.085292713799824831e-02	-1.850628409064346248e-04	5.888884569691242576e-03	-2.371556816129469675e-05	8.926594771809687765e-05	-1.761412175433309116e-03	3.050840496578894354e-05	5.678704525222827844e-05	-3.395414606635196666e-05	-3.217651053572766478e-05	-1.469286397399951908e-04	1.779505427974855091e-05	-2.750797757233320185e-05	2.733078624375290299e-04
1.543530139285866412e-04	5.368369239382116592e-05	2.559435296438729887e-04	1.939223427513981095e-04	1.352967457492280229e-04	1.411280231461290238e-04	1.951244374400435766e-04	-2.214549709879945960e-05	-1.923867332147059534e-03	1.029486898699952539e-04	4.137307866705836664e-04	5.490997026496717212e-03	8.118051305859750547e-04	9.693121776222921732e-03	2.552664773107999989e-03	-3.687562796563529570e-04	2.782497478386067834e-03	6.831246850965849455e-04	9.277747868697428912e-04	6.903290982799573788e-03	4.378126963880758283e-04	5.359435932096250944e-03	4.463444505785930938e-03	8.466762667861238553e-05	-9.650701463557038702e-05	2.271187620111152347e-05	-6.960133000073653506e-05	-6.912698351028000068e-05	-9.819090914973098308e-05	-1.777544232847834372e-04	-2.649426644312488427e-04	2.747266503851865014e-05	9.586598272189784595e-03	8.989837717716159162e-04	3.827220595694994518e-04	-3.244328123540736117e-03	2.426285357459816849e-05	1.597068703984188751e-03	5.527248293842381213e-03	4.371045050355384627e-04	-4.575984779593738261e-05	3.138879776163370843e-05	-5.055990676102654311e-05	-8.346173650181167882e-05	-9.307415103178975978e-05	-2.663167306226283185e-04	-2.584902557859272156e-04	7.139526803085037966e-05	3.685039296875379104e-05	-6.548292499541676353e-05	5.056096260261968818e-06	-2.394106820173448551e-05	1.803599382624182116e-05	-5.632766731313839986e-05	-4.223519613039878505e-05	-5.239179775310829674e-05	-5.672088461012705918e-03	-3.930481173172951015e-04	-2.546793157582592532e-05	4.877253029100850866e-03	2.880790775852414584e-04	3.129302912120382300e-03	-7.560826489079856133e-03	-8.803581742406396335e-04
-2.318852465595992686e-04	5.002139811859346958e-04	1.819568881024848052e-03	2.505265812643958211e-04	8.118087821741839464e-04	1.472631560207109612e-04	3.147829739747666652e-05	-1.827018429585251780e-04	6.598566950497429182e-04	-9.273500792874229438e-04	2.641406063987362940e-02	-1.576321246530888471e-04	5.740959203418723178e-02	-6.951128995661478172e-06	3.025209635734190500e-04	-2.918173708410794903e-02	1.812984148229695351e-03	2.648967927968780278e-02	5.607226428095270221e-02	-3.337564564221447020e-04	2.644664698787626417e-02	1.250028261355932101e-04	6.500951690501247581e-04	-7.051125982473053229e-06	2.192254229863760439e-04	-1.195262131128025453e-04	-4.848904152330167812e-04	-2.798683524503958113e-04	-5.784931300545861519e-04	-4.426145087975190103e-04	-1.727498053699961524e-04	3.836194886149651669e-05	8.989837717716159162e-04	5.751582214511839070e-02	2.647301494803915717e-02	-4.580330897932459152e-04	-8.921126158518154258e-04	1.724775743038846495e-04	4.165601535419942870e-04	2.915150890081149443e-02	1.562044928204089228e-04	-1.115365547010987177e-04	1.472800955546214657e-04	-4.515178455207736422e-04	3.168776760879248706e-04	-6.430702017462501660e-04	-1.312771454027699129e-04	-8.999709026489732984e-04	6.784995005561795102e-05	3.812544668950314589e-04	8.444487251797002823e-04	-2.218820662844533096e-04	4.401117595318478721e-04	-1.776355814610344752e-04	-3.308729505425461222e-05	-4.383556218152919381e-04	-1.480006908763539482e-04	-2.923680014045648701e-02	-3.448063847946897015e-05	-2.019553907711752654e-04	2.915044629816556515e-02	-9.262056032459252582e-04	-6.018795612343232721e-04	-6.406251453259166617e-02
-1.331471556622671382e-04	7.325316409146938725e-06	7.904566028446473932e-04	1.051865326828822523e-04	4.378141473197877907e-04	5.774853066010659922e-05	2.716440058731508866e-06	-2.425990437672194487e-04	2.855658445884230647e-04	-9.653491824074771467e-04	1.181230428388489045e-02	-7.970294377950297091e-05	2.644664697281595700e-02	-4.993815339441424485e-05	1.806095754701345763e-04	-1.455324597012868509e-02	8.008640829445829324e-04	1.146481122331085602e-02	2.601926018754430886e-02	-1.899643492517439389e-04	1.254214615398208978e-02	4.140866739187412660e-05	3.136374011907408586e-04	-6.650366439951939032e-04	1.083667156103634052e-04	8.008511585082668353e-05	-1.298304639893500833e-04	-1.349489933226538901e-04	-2.553741679135185369e-04	-2.319120418814898921e-04	-6.586292802936117652e-05	2.201180877708806740e-04	3.827220595694994518e-04	2.647301494803915717e-02	1.337184677064363544e-02	-2.451302951047662319e-04	2.156917358838600384e-04	1.026273590654308088e-04	1.843965914837789218e-04	1.299861869080115584e-02	7.894053067501375200e-05	1.068355547780848261e-05	2.177624153707482472e-04	-2.056165108845402299e-04	3.712363926212464355e-04	-2.964286705916263924e-04	-5.876301531663108077e-05	-4.721535545118128816e-04	8.932520591591516768e-05	1.598405909469229752e-04	5.781413878990573907e-04	-1.241917797994089958e-04	3.356974720231181643e-04	-9.394436330616774992e-05	6.644411271946104656e-06	-3.046103062268815521e-04	-5.389576000226405518e-05	-1.375157514740334846e-02	-7.141242288739648196e-04	-7.270402869698577397e-05	1.256387292691876247e-02	-4.635969370456701540e-04	-2.281507045069715485e-04	-2.952349635349802576e-02
-1.200205154151002488e-03	-3.498865099624707338e-05	-1.866081983678005111e-04	5.489225703637140227e-04	-9.819038210557570279e-05	-4.710173194085715524e-05	-7.251111656557960097e-04	2.597059087032411813e-05	-2.574877448223053446e-03	3.056348271707149338e-05	-2.150997351215686612e-04	-2.756547070467142680e-04	-5.784849519728035242e-04	-3.172362761955717890e-03	-7.440550859415726720e-03	3.331706295785343084e-04	-5.431507195464232822e-03	-2.346943096998754721e-04	-4.417050503806978505e-04	3.224587994869273447e-03	-2.553712017705659721e-04	-5.651139561203228430e-05	-3.298988687477670372e-03	1.418635343698476336e-05	5.707176984658563238e-04	2.352753290906604771e-05	-3.781123379215851243e-05	2.178774851234356461e-05	-1.995487217689549545e-04	5.621183335617612343e-04	1.259653532505538914e-03	1.057682821314272778e-04	-3.244328123540736117e-03	-4.580330897932459152e-04	-2.451302951047662319e-04	8.126414528729006964e-03	1.281937636424377169e-05	3.094222805310450908e-03	-8.827986243736757408e-05	-2.423540412475232641e-04	-4.124364860365713615e-05	2.227610794869634968e-05	4.411542722435645770e-08	6.988870813065474648e-04	-1.841585236301758211e-05	1.223141115810034377e-03	5.351805894848005000e-04	-8.338983507378018635e-06	-5.600654461288596562e-04	3.347316021731988416e-04	5.214825569220419497e-05	1.244597982460558284e-03	-5.387904795729798080e-05	5.643906167865672500e-04	-4.946065455948075198e-05	1.814047469609061870e-04	3.083285956178340994e-04	2.811387985116240145e-04	1.013315509316489981e-05	-3.892157196037776545e-03	-3.140511472201140079e-04	-6.061153336243249937e-03	-3.174260260624027497e-03	5.811775489356300201e-04
-2.385102966680804470e-05	-1.360661664114916640e-04	-8.229275232449399335e-05	2.414181917024658031e-06	2.426321491198644233e-05	2.880802542496080646e-06	2.590963558905998550e-05	-5.274048163920582659e-05	-1.360652991321675419e-04	-1.573213461686979184e-03	-9.471165799925474957e-04	9.463831634590782723e-05	-8.921124162723065819e-04	5.883139695296808801e-05	-3.839473550035374024e-06	-1.412096019832969197e-04	-8.229262867239764585e-05	-9.471164710096644478e-04	-7.798227220460667106e-04	8.830077079556125337e-05	2.156919393376805611e-04	1.217682083308984210e-04	1.063781206928225882e-04	5.238671957759821404e-04	2.414449785044625704e-06	9.463903077224674319e-05	8.830097655752004856e-05	2.633769888737990289e-06	1.281910889064820940e-05	-7.073322529246276087e-07	-3.257784655801663630e-06	1.077260428024466100e-04	2.426285357459816849e-05	-8.921126158518154258e-04	2.156917358838600384e-04	1.281937636424377169e-05	1.687125788962199431e-03	1.443644376182089931e-04	7.526136867950483623e-05	-1.128899085099825238e-03	2.880514010255579901e-06	5.883178548250422792e-05	1.217688274955026656e-04	-7.075483614865407970e-07	1.443654395199247186e-04	9.101179897508612391e-06	-1.523461458471142061e-05	-4.821892190632497322e-05	2.590930332688242267e-05	-3.839317926932317139e-06	1.063788406184188037e-04	-3.258135259674203800e-06	7.526209542479584433e-05	-1.523405703765096629e-05	1.062448897199574356e-05	-4.825747510741643066e-05	-5.273979198322517408e-05	-1.412091699774162528e-04	5.238673434862522625e-04	1.077251070817807283e-04	-1.128899032539414354e-03	-4.821884847591008063e-05	-4.825718185371568898e-05	1.078237894409471952e-03
-5.542558142337120552e-04	-2.582620321706111880e-05	-9.150680199973421623e-05	3.666626773900763438e-04	-9.307306147595610212e-05	1.010540072132891821e-04	-5.924339787043001772e-05	5.482025768097354400e-05	-9.692789223672226839e-03	4.381624790545630375e-05	1.677057726561089423e-04	5.546136589079257717e-03	3.168819451494881648e-04	1.480570245524032592e-03	-3.153000361956289580e-03	-9.179141713342830588e-05	-2.877981192465184791e-03	1.253846004718378929e-04	3.277257198642979019e-04	4.563744938805777696e-03	3.712367412763351764e-04	5.519235198822377772e-03	7.174075624219412514e-03	-3.909264437113714143e-05	3.297274690053985735e-04	5.736935160031595912e-05	2.070652355382429866e-05	-1.209423869393958298e-06	-1.841653352982382060e-05	2.534541847702302198e-04	5.717237339839739696e-04	1.285898113411547135e-05	1.597068703984188751e-03	1.724775743038846495e-04	1.026273590654308088e-04	3.094222805310450908e-03	1.443644376182089931e-04	1.017175629915337623e-02	5.545308310708608676e-03	1.735458446967096796e-05	-7.174705509747202482e-05	2.463756724147260233e-05	1.493844029717565679e-05	5.176446179544133813e-04	5.555505948159692711e-05	6.718714612581237018e-04	2.609566167349274099e-04	-1.295580362468182591e-04	-2.990042561187770780e-04	1.842282478807728049e-04	4.366930320987506608e-05	7.763641761101940098e-04	-1.601993667862591160e-05	3.978411172589771741e-04	9.298314366416553906e-05	7.789360288965280037e-05	-5.585838972698941446e-03	1.075709436598914543e-04	1.012300628706465464e-04	7.497303127495040867e-03	3.381629675732862009e-05	-3.414881777296480472e-03	-4.731531359224064315e-03	-1.151186242104890341e-04
-1.766395923343595136e-04	1.166225997674790447e-05	7.291689482477598091e-05	2.844017041938177765e-04	1.803648082598853682e-05	9.945132310626826969e-05	7.022020720670002860e-05	1.196986936790044335e-05	-5.491996924935762386e-03	8.127327989875000327e-05	2.271021139631581329e-04	5.486916116086370220e-03	4.401123466986864600e-04	5.542686623536775825e-03	-2.765357163641399448e-04	-1.660217269176046976e-04	-1.136409102200317553e-05	3.573703386083504265e-04	5.096626650627357046e-04	5.663126206551771444e-03	3.356970150696866363e-04	5.161724471271524756e-03	5.549263894441974938e-03	2.361170279631867074e-05	1.040203821034372395e-04	4.753185161772129839e-05	-1.882060703903790861e-05	-6.187415683566116834e-05	-5.387962739055711262e-05	2.711309031560015523e-05	1.334834891383502079e-04	2.510114757912680508e-05	5.527248293842381213e-03	4.165601535419942870e-04	1.843965914837789218e-04	-8.827986243736757408e-05	7.526136867950483623e-05	5.545308310708608676e-03	5.514002910304108621e-03	1.650294662889168157e-04	-7.473949464237487450e-05	3.057286457383190419e-05	-1.412713275996135164e-05	2.019928182160902726e-04	-1.602061724055804843e-05	1.807560601675493980e-04	9.210216849155180625e-06	-2.398501678250758535e-05	-1.180934811395666198e-04	5.194079356337045963e-05	2.360266190005074198e-05	3.546668489005591770e-04	1.190407097502571543e-05	1.596178211008202302e-04	4.933942625365409412e-05	4.187353402763405467e-06	-5.344354456072165221e-03	-8.624497565071689701e-05	3.178659344092436855e-05	5.888884511199415743e-03	1.115083423260211849e-04	-7.551793653724128816e-05	-6.082651119043418902e-03	-3.712849724290956258e-04
-7.185181344350255244e-05	3.879922846245183795e-04	1.059660369839295502e-03	1.034331431280775294e-04	2.880809618835223425e-04	6.861071851486220019e-05	1.289125863751099414e-05	3.493555431305542084e-05	4.243452562892016298e-04	1.244071865692150637e-04	1.452132909605813489e-02	-1.317136589694333187e-04	2.915044716978682990e-02	-7.725631044256567705e-06	1.849901972956599552e-04	-1.445520925437290480e-02	9.675791604730040124e-04	1.372338405524562571e-02	2.846454644039141807e-02	-2.063354763667858704e-04	1.256387334034571659e-02	2.584042445730506152e-05	2.958922102890912810e-04	6.754038484228494293e-04	1.402203823116640526e-04	-1.779242600947079911e-04	-4.455713893856744949e-04	-1.560004855574944910e-04	-3.140551244594316262e-04	-2.237540399192968171e-04	-9.248381430261081663e-05	-3.993028096331989642e-05	4.371045050355384627e-04	2.915150890081149443e-02	1.299861869080115584e-02	-2.423540412475232641e-04	-1.128899085099825238e-03	1.735458446967096796e-05	1.650294662889168157e-04	1.606209703373895348e-02	8.132772079363536548e-05	-1.764719102605054649e-04	-4.181513152547931518e-05	-2.319173349681959173e-04	3.381320762967625218e-05	-3.334306739029921775e-04	-7.268765450490303755e-05	-3.156003390465268298e-04	4.167008513559235488e-05	2.293829018370341485e-04	3.879444418958249291e-04	-1.280875418559257516e-04	1.115074132783792937e-04	-4.361516861950633957e-05	-5.995535525274837241e-06	-1.462029848354489812e-05	-2.370284800949573140e-05	-1.401323868071187133e-02	6.459845726098688637e-04	-1.469299672611124757e-04	1.516807882141868805e-02	-4.047129705174254822e-04	-2.544003993348787534e-04	-3.271919045354982486e-02
-2.354906309124920602e-05	-1.407361759147044908e-04	-1.445338871892933609e-05	5.536733240490774709e-04	1.411274360697404359e-04	1.595598133328242265e-03	5.468817245038218831e-04	-1.461579301125359579e-04	4.243226934961115372e-05	3.255328727925937145e-06	9.378740231331227767e-05	3.815690928614705225e-06	1.472637617680202886e-04	-2.619335484675607909e-05	3.632495109858428902e-05	-8.947059741013998905e-05	9.813563333252325421e-06	7.591115760221313910e-05	1.183432851532600287e-04	-4.583717991289565905e-05	5.774886549460634587e-05	-4.430893918317709403e-05	-4.123214362701281083e-05	3.452758159425925172e-06	5.895967654467276602e-04	1.763657914304984442e-04	1.497091236857353320e-04	5.185421196637762667e-04	-4.710124831221072707e-05	-6.261179187806341839e-04	-9.432370085706858636e-06	1.761797601816953915e-04	-4.575984779593738261e-05	1.562044928204089228e-04	7.894053067501375200e-05	-4.124364860365713615e-05	2.880514010255579901e-06	-7.174705509747202482e-05	-7.473949464237487450e-05	8.132772079363536548e-05	1.620594211345078098e-03	1.520122688864001322e-04	1.254004257530619412e-04	-6.646433231266815796e-04	1.010538275233596609e-04	-6.479220155785781897e-05	5.842958154322448142e-04	1.205493466615232591e-05	5.513174156117168698e-04	1.028589689208214209e-05	1.186512114360671133e-04	-3.786597258923135101e-05	9.945088508899081877e-05	5.792561992433852436e-04	-5.646402336749093255e-04	-1.380670074074346557e-04	3.873418371606709759e-05	-8.837255763535248560e-05	-6.756375204151000206e-07	-4.145797018652877069e-06	6.861142492669261214e-05	3.711324244129490633e-05	8.409666781050004398e-05	-1.572169789795760961e-04
-5.690006090949156249e-04	-1.778030652443967664e-03	2.715171869595722851e-03	2.420644779169007750e-04	9.693121830081051493e-03	-2.619437959996628808e-05	-3.404176150848376944e-04	-5.653905017997781085e-03	-6.021831858904724529e-05	1.014961019977690416e-04	2.844363388664922655e-04	5.381068054446629524e-05	-6.944067782748928271e-06	-2.163678577741514827e-05	-9.852122830055576135e-05	7.593246226151930951e-05	1.195805441466944090e-04	1.727930074523209163e-05	5.204283467043327492e-05	-3.888317192379144699e-05	-4.993429360702553296e-05	-2.345140367464730092e-05	4.477819647605522365e-05	1.731952098792422385e-05	5.399767035908815830e-04	5.545555913417325039e-03	7.142353365720166547e-03	-2.832895412558617356e-05	-3.172363415174422278e-03	2.660994294904711296e-04	7.392123453330830350e-04	4.723804687504133334e-03	3.138879776163370843e-05	-1.115365547010987177e-04	1.068355547780848261e-05	2.227610794869634968e-05	5.883178548250422792e-05	2.463756724147260233e-05	3.057286457383190419e-05	-1.764719102605054649e-04	1.520122688864001322e-04	9.964331379528601138e-03	5.420714274881369490e-03	2.158948993695626053e-04	1.480569921263489479e-03	4.904511551378483523e-04	2.837706904792209749e-04	3.187193301686175664e-03	-1.629858835974344632e-04	2.687489981305708070e-03	4.364647538875050629e-03	5.096639213598108632e-04	5.542686174375858164e-03	9.227308198697314824e-05	-8.610846110727517504e-05	-7.682604363563771965e-03	-2.565733679683375066e-05	1.209022208132133516e-04	1.327478437654899129e-04	5.399710853994842347e-05	-7.723183373414333527e-06	4.463583810867256978e-06	-2.506182698796363304e-05	1.603950356430353965e-04
-3.801436388804464803e-04	-5.430496376838113599e-03	-6.552091007886408553e-05	1.974950897211858901e-04	5.359435461116189570e-03	-4.430958502902146879e-05	-2.208407884882378973e-04	-5.478423068830839959e-03	-2.612208486623274613e-05	3.802481242293589189e-05	2.129767306043817100e-04	3.300907784780020244e-05	1.250037660960333949e-04	-2.345080808116260321e-05	3.174580127525291034e-05	4.310126586951174249e-05	1.423968043683167792e-05	1.031002305173499717e-04	2.251101451327399642e-04	-2.674623821843619928e-05	4.140933498375802720e-05	-2.661951134380512515e-05	2.556505199656358964e-05	7.610880954950886043e-05	3.546368714661935579e-04	5.162653671248871277e-03	5.565590415351076917e-03	-1.379146213962481385e-05	-5.651121846149622941e-05	2.968776176781431951e-04	5.603108389926403973e-04	5.827203137343943927e-03	-5.055990676102654311e-05	1.472800955546214657e-04	2.177624153707482472e-04	4.411542722435645770e-08	1.217688274955026656e-04	1.493844029717565679e-05	-1.412713275996135164e-05	-4.181513152547931518e-05	1.254004257530619412e-04	5.420714274881369490e-03	5.339679677769356217e-03	1.420421386798519916e-04	5.519234015320326203e-03	4.014130685762739865e-04	2.539969996758678411e-04	-9.496527728676342514e-05	-2.707580930251945068e-05	-2.151489100736143087e-04	5.494432820206481341e-03	3.574656583283616126e-04	5.161723421928374189e-03	9.609109112767299252e-05	7.951495663158147042e-06	-5.895431326883767906e-03	3.836556107582659008e-05	-9.538820678263498282e-06	6.529300610495378189e-05	1.387559797055910085e-05	2.583977835993321630e-05	-5.597840367964227669e-05	4.680230945713442737e-05	-4.160491978895907144e-05
-2.683721883782066303e-02	2.230259047419927095e-04	2.075124258599352078e-04	1.282786145756050974e-02	-1.777502884100022444e-04	-6.261199334757325437e-04	-1.436483712537133320e-02	1.293038635899792772e-04	-6.839153849615022104e-05	1.170631802483887792e-04	-8.419678826544702086e-05	1.749014623274388496e-04	-4.426136270547944944e-04	2.660969202857973916e-04	5.868992821426678372e-04	3.693123915774594807e-04	1.360957454356336071e-04	-6.702695625162869439e-05	-2.681692021406982909e-04	2.415114229560529112e-04	-2.319121348301501624e-04	2.968772840824784312e-04	5.466681031146750471e-04	8.804016252395324325e-05	1.239597617833788912e-02	2.388611988846435959e-06	6.741041839454224474e-05	8.434772561089059215e-04	5.621118943415070058e-04	1.415084948314453139e-02	2.929137576747978255e-02	-7.919316032308129345e-05	-8.346173650181167882e-05	-4.515178455207736422e-04	-2.056165108845402299e-04	6.988870813065474648e-04	-7.075483614865407970e-07	5.176446179544133813e-04	2.019928182160902726e-04	-2.319173349681959173e-04	-6.646433231266815796e-04	2.158948993695626053e-04	1.420421386798519916e-04	1.506139260668644050e-02	2.534518162368374207e-04	2.911452136098111737e-02	1.338442933191891226e-02	7.443377713131369756e-05	-1.356273393030451094e-02	8.013500023592143220e-04	3.933828708237346915e-04	2.929787351176784196e-02	2.711428067240817156e-05	1.296017219139506890e-02	-5.153385645902371429e-04	3.229218538394757875e-04	-5.978942831726105281e-05	4.149817946494639915e-04	8.574018210843368192e-05	1.195125005292046213e-04	-2.237533929096875436e-04	-1.630749083602302864e-06	1.045319409652289180e-04	6.282376770785926511e-04
-5.542515281761985950e-04	-9.692789478519571456e-03	-2.877983343367810504e-03	3.297247998827317083e-04	1.597067005120236024e-03	-7.174721027076988770e-05	-2.990027003092495363e-04	-5.585838880735663307e-03	-2.582456722256892487e-05	4.381552571529966186e-05	1.253814813767603772e-04	5.736925807510603691e-05	1.724725401058197535e-04	2.463930011805348202e-05	1.842320407275902124e-04	1.075716856983577173e-04	-9.150583309072696367e-05	1.677025484374171046e-04	3.277204696575034123e-04	2.070666909814777910e-05	1.026247610153414814e-04	1.493918083435906381e-05	4.367080588133844134e-05	1.012292672674439239e-04	3.666602944699176234e-04	5.546136790216488720e-03	4.563744984501657068e-03	-1.208908825129864249e-06	3.094223890941703338e-03	5.176422337121534866e-04	7.763605449149241916e-04	7.497303316605686413e-03	-9.307415103178975978e-05	3.168776760879248706e-04	3.712363926212464355e-04	-1.841585236301758211e-05	1.443654395199247186e-04	5.555505948159692711e-05	-1.602061724055804843e-05	3.381320762967625218e-05	1.010538275233596609e-04	1.480569921263489479e-03	5.519234015320326203e-03	2.534518162368374207e-04	1.017175502924720643e-02	6.718653856566357552e-04	3.978380583046826641e-04	-3.414880782653586383e-03	-5.924113379433575599e-05	-3.152999377655527156e-03	7.174073815038296831e-03	5.717191166763849631e-04	5.545306687402227867e-03	2.609536144032127344e-04	9.298240890417898852e-05	-4.731529910004065101e-03	5.482148415154351816e-05	-9.178835660140138505e-05	-3.909356547434008234e-05	1.285878473231994183e-05	1.735067108220876957e-05	-1.295555942261274261e-04	7.789636123113410373e-05	-1.151121041157300399e-04
-5.661421279034889453e-02	2.902325545217298262e-04	4.002851843604988795e-04	2.783252844219483157e-02	-2.663103345536556830e-04	-6.479655428249976189e-05	-2.792929461273936653e-02	1.245713768119516198e-04	2.902286773182037073e-04	2.422383193294198205e-04	-2.641905157337306339e-05	1.246270206891661036e-04	-6.430668994869266457e-04	4.904460189807035783e-04	1.540572229225076022e-03	6.308426374694999861e-04	4.002756752818005417e-04	-2.642018792468308605e-05	-3.386938316126498279e-04	2.482379006870315784e-04	-2.964271650334002889e-04	4.014128118068495789e-04	8.990046704561018920e-04	1.478899807204874114e-04	2.783253401654085107e-02	1.246284274661859563e-04	2.482348389076912071e-04	3.526566058341689303e-04	1.223129184584534172e-03	2.911452701825974904e-02	6.145649360861199506e-02	-3.565469952966591067e-05	-2.663167306226283185e-04	-6.430702017462501660e-04	-2.964286705916263924e-04	1.223141115810034377e-03	9.101179897508612391e-06	6.718714612581237018e-04	1.807560601675493980e-04	-3.334306739029921775e-04	-6.479220155785781897e-05	4.904511551378483523e-04	4.014130685762739865e-04	2.911452136098111737e-02	6.718653856566357552e-04	6.122039357982757279e-02	2.896285636478689723e-02	1.206899847364993703e-04	-2.792928807361681753e-02	1.540581393140871922e-03	8.990099562582391356e-04	6.145648028317708678e-02	1.807570343985189767e-04	2.896285110270884269e-02	2.311747885931491209e-04	5.291680775230618626e-04	1.245735653728182249e-04	6.308435092492689113e-04	1.478910399009491735e-04	-3.566240930839433237e-05	-3.334286155758509605e-04	1.206794395471818561e-04	5.291664226854288352e-04	9.944911797408434277e-04
-2.686275100431495186e-02	6.352302009545936245e-05	1.247721378189158568e-04	1.432956188453329491e-02	-5.632446235834181683e-05	5.792544705137234358e-04	-1.288315689219469637e-02	-1.314584627466026507e-05	1.999062091055254771e-04	1.319236566052151222e-04	5.092027949849384152e-05	-1.745881936437033971e-05	-1.776330737021897623e-04	9.227272498908421533e-05	7.787914426518999754e-04	2.269985882722622941e-04	2.478807259538232241e-04	9.535921247925300290e-05	-4.476536763028661449e-05	-6.942015103017657449e-05	-9.394330799802212467e-05	9.609206818980180133e-05	4.154073213616920474e-04	8.204300583382168022e-05	1.353140644018814738e-02	1.287075232029365548e-04	2.066329739824182055e-04	-5.070874561430142348e-04	5.643847633376618744e-04	1.296017737094562472e-02	2.927369557682544393e-02	4.084213842946050069e-05	-2.584902557859272156e-04	-1.312771454027699129e-04	-5.876301531663108077e-05	5.351805894848005000e-04	-1.523461458471142061e-05	2.609566167349274099e-04	9.210216849155180625e-06	-7.268765450490303755e-05	5.842958154322448142e-04	2.837706904792209749e-04	2.539969996758678411e-04	1.338442933191891226e-02	3.978380583046826641e-04	2.896285636478689723e-02	1.491703566931362746e-02	-1.419569283131108918e-05	-1.246157470392048223e-02	7.193428297760896210e-04	4.663108826219095862e-04	2.920102651651471093e-02	1.596183411541922056e-04	1.401889696559985819e-02	7.446716945403125502e-04	1.525488242537365437e-04	1.565753313398989021e-04	2.193625285559377784e-04	6.789524002175819218e-05	-2.371901476530520410e-05	-4.361308630790963509e-05	1.213911158998094611e-04	4.564848569332181265e-04	3.082250917891196781e-04
2.188657160282159053e-05	2.966769622351957472e-03	7.486984778855437089e-03	-4.901089980279662369e-05	3.129306101840861366e-03	3.711376689448656269e-05	-7.683534150789547151e-06	-6.791544326148951432e-05	1.392260758354824774e-04	6.967614802294276816e-05	-2.945670616782065151e-04	-6.802265379177201620e-05	-9.261916480429555976e-04	4.462247346759894259e-06	-2.793457789747789846e-05	5.135511974064269286e-04	3.633570324847593732e-04	-3.715218177456637008e-04	-9.323328506619675332e-04	-1.663696228390005682e-04	-4.635898038966648218e-04	-5.597984527187486071e-05	5.506054281761379283e-05	7.424401370008829417e-05	4.774920866409330093e-05	4.799142266991579943e-05	-3.371844714659514002e-03	3.469649489011049424e-05	-6.061154669492035615e-03	-1.626703237750144889e-06	7.162287062082655731e-05	3.586120545941307719e-03	7.139526803085037966e-05	-8.999709026489732984e-04	-4.721535545118128816e-04	-8.338983507378018635e-06	-4.821892190632497322e-05	-1.295580362468182591e-04	-2.398501678250758535e-05	-3.156003390465268298e-04	1.205493466615232591e-05	3.187193301686175664e-03	-9.496527728676342514e-05	7.443377713131369756e-05	-3.414880782653586383e-03	1.206899847364993703e-04	-1.419569283131108918e-05	8.444481976523985148e-03	3.516267090785861959e-05	5.643372161714260704e-03	3.136584076444653112e-03	8.496352851067105175e-05	-7.551595642535513108e-05	1.213962635295387006e-04	1.208996610505962905e-05	3.410558907162119461e-03	3.701489632729599671e-05	5.043689106963250394e-04	8.390954484077961528e-05	1.779714485954823151e-05	-4.047070830254536722e-04	3.434837001338337257e-04	1.110897958360017605e-04	1.052958211143703322e-03
2.593063084158963791e-02	-3.859046172718779907e-04	-1.005141130249860245e-04	-1.203237192345971845e-02	1.951217569536305044e-04	5.468835816123320415e-04	1.305489092429746797e-02	-2.218863632708176117e-04	-1.508719763892820743e-04	-1.213915002743684032e-04	-1.116912086773868786e-04	-9.488909396049139788e-05	3.147817279313568821e-05	-3.404139502135410111e-04	-7.327536744719640067e-04	-1.965862714542198383e-04	-1.358463132295249321e-04	-1.096583809447319218e-04	-1.150209700008500077e-04	-2.339993974838690954e-04	2.716953626268649745e-06	-2.208390784115741808e-04	-3.896181086140264056e-04	-6.020883887368188707e-05	-1.239521326568701273e-02	1.026463718106840404e-04	-1.529648171674632886e-04	-7.723714809093264622e-04	-7.251055191675155956e-04	-1.436483651867648259e-02	-2.816504730696581249e-02	4.035291552708759281e-04	3.685039296875379104e-05	6.784995005561795102e-05	8.932520591591516768e-05	-5.600654461288596562e-04	2.590930332688242267e-05	-2.990042561187770780e-04	-1.180934811395666198e-04	4.167008513559235488e-05	5.513174156117168698e-04	-1.629858835974344632e-04	-2.707580930251945068e-05	-1.356273393030451094e-02	-5.924113379433575599e-05	-2.792928807361681753e-02	-1.246157470392048223e-02	3.516267090785861959e-05	1.385653702788237560e-02	-5.683548184197668258e-04	-5.539417649989688359e-05	-2.823586539132719869e-02	7.021958627665087025e-05	-1.288315129814162491e-02	5.431823977072796706e-04	-1.986783805261690440e-04	-2.716950005323460246e-05	-1.631774929304640246e-04	-8.450435766295047446e-05	4.838116816633527780e-05	1.289209954782697683e-05	-7.679421439674417014e-06	-1.199759368577913527e-04	-1.895203022368287054e-04
-1.404227004587069085e-03	2.874603383196622751e-03	5.062079317197269029e-03	7.026179102070879761e-04	2.552664581645823147e-03	3.632450704893600045e-05	-7.327570652132882247e-04	1.601375441369670672e-04	-5.208445659495130594e-05	-3.396765159237738008e-05	1.742888635865872597e-04	-1.894591905537035365e-05	3.025335815104123176e-04	-9.852047394659113231e-05	-2.071035009797891598e-04	-1.848416031361991749e-04	1.372757578859362898e-04	1.661953669972439048e-04	3.063237385080554371e-04	-1.808382155716733108e-05	1.806171645216976388e-04	3.174480377515142361e-05	9.284571114847777536e-05	1.510046373932042024e-05	6.894147428690286170e-04	-9.969254955868051145e-05	-3.340167967633500025e-03	-2.116210368997523259e-06	-7.440550598109300570e-03	5.869040144275282540e-04	1.515359359144027862e-03	3.187720407141952754e-03	-6.548292499541676353e-05	3.812544668950314589e-04	1.598405909469229752e-04	3.347316021731988416e-04	-3.839317926932317139e-06	1.842282478807728049e-04	5.194079356337045963e-05	2.293829018370341485e-04	1.028589689208214209e-05	2.687489981305708070e-03	-2.151489100736143087e-04	8.013500023592143220e-04	-3.152999377655527156e-03	1.540581393140871922e-03	7.193428297760896210e-04	5.643372161714260704e-03	-5.683548184197668258e-04	7.338963586825102831e-03	2.864440772285255926e-03	1.579188073974256441e-03	-2.765353515993546735e-04	7.787952794421379270e-04	4.592896864298573180e-05	3.531116447210062327e-03	-3.509730156709031963e-06	-2.235497179938099386e-04	2.101354369458584352e-05	-3.322142123717927872e-05	1.849962555432755750e-04	-2.793022470443829941e-05	-3.058339107786128580e-05	-3.631163971031216775e-04
-6.728501972360313374e-04	-7.070108777748260187e-03	3.036231044330220397e-03	3.709375196564456442e-04	4.463442872322117075e-03	-4.123239161371066499e-05	-3.896212829899836486e-04	-5.708010656384592853e-03	5.152269837900511084e-05	4.596127580640313643e-05	4.235841818453435405e-04	3.352226903804291045e-05	6.501013311233463411e-04	4.477858136640033035e-05	9.284545124982047882e-05	-1.342482443734990631e-04	2.345235320206620264e-04	4.070334930856462112e-04	7.768469942128977549e-04	-5.138657471611271174e-05	3.136410196850919095e-04	2.556465475899948850e-05	1.370450574430885616e-04	1.395109765630468159e-04	4.599805205082674797e-04	5.669030120855976518e-03	1.579097626114982136e-03	1.948258050275687416e-05	-3.298987812096051617e-03	5.466709681736444141e-04	9.720748684410920057e-04	1.085292713799824831e-02	5.056096260261968818e-06	8.444487251797002823e-04	5.781413878990573907e-04	5.214825569220419497e-05	1.063788406184188037e-04	4.366930320987506608e-05	2.360266190005074198e-05	3.879444418958249291e-04	1.186512114360671133e-04	4.364647538875050629e-03	5.494432820206481341e-03	3.933828708237346915e-04	7.174073815038296831e-03	8.990099562582391356e-04	4.663108826219095862e-04	3.136584076444653112e-03	-5.539417649989688359e-05	2.864440772285255926e-03	1.015131937219808898e-02	7.898868872818856114e-04	5.549261967082488520e-03	4.154096626369222682e-04	1.137885198767906803e-04	-1.734292148929558698e-03	3.665260271942113947e-05	-3.508755860520401801e-04	9.332989720922635110e-06	3.528432823656468110e-05	2.958933002157688921e-04	5.506272196143657268e-05	6.316609618312827310e-05	-6.681241626483574308e-04
-5.704671522998827626e-02	4.246421154511098583e-04	3.775605782980504888e-04	2.818644373069825390e-02	-2.649375106346486342e-04	-9.437077267684598758e-06	-2.816504801491561197e-02	1.852072036909957692e-04	1.796874985821441469e-04	2.521748109474303300e-04	1.906913130867929763e-04	2.969097724072701288e-04	-1.727491943505692843e-04	7.392080320592495568e-04	1.515351526879781842e-03	4.178401793879567977e-04	3.420655747468913680e-04	2.067881794116210165e-04	1.086391534331631757e-04	5.287330269763497372e-04	-6.586360025115482752e-05	5.603096856971009248e-04	9.720681340954800314e-04	1.521940273360951660e-04	2.817654020025930905e-02	6.465311373442177525e-05	2.758276687664291439e-04	2.784222984326873199e-04	1.259642055468755076e-03	2.929137538268446889e-02	6.225595560936708628e-02	-1.850628409064346248e-04	-2.394106820173448551e-05	-2.218820662844533096e-04	-1.241917797994089958e-04	1.244597982460558284e-03	-3.258135259674203800e-06	7.763641761101940098e-04	3.546668489005591770e-04	-1.280875418559257516e-04	-3.786597258923135101e-05	5.096639213598108632e-04	3.574656583283616126e-04	2.929787351176784196e-02	5.717191166763849631e-04	6.145648028317708678e-02	2.920102651651471093e-02	8.496352851067105175e-05	-2.823586539132719869e-02	1.579188073974256441e-03	7.898868872818856114e-04	6.236153833302617022e-02	1.334845171285102181e-04	2.927368349366974223e-02	2.374031815461789862e-04	5.191979233819120527e-04	-4.979855876362196019e-05	4.099403164360048628e-04	1.661591046888808072e-04	5.912900053948283544e-05	-9.248334109292784386e-05	7.161346440772034885e-05	2.280904821095393223e-04	5.254662192238938531e-04
-1.766406335120267895e-04	-5.491996862375744456e-03	-1.136616628592723691e-05	1.040207750333463761e-04	5.527245924169173555e-03	-7.473985849948744571e-05	-1.180949245495124811e-04	-5.344353415398616150e-03	1.166190150029247543e-05	8.127263626427766452e-05	3.573693456772856374e-04	4.753199183806964493e-05	4.165592409416729114e-04	3.057266381205276165e-05	5.194030651259377650e-05	-8.624531434180165079e-05	7.291610302102215116e-05	2.271004278624806248e-04	5.096610142622760506e-04	-1.882018858413709897e-05	1.843963549688965899e-04	-1.412686174487881398e-05	2.360259029236409363e-05	3.178592243466728652e-05	2.844014237667237413e-04	5.486916054123946312e-03	5.663125981471473294e-03	-6.187348008707859370e-05	-8.827932828257843473e-05	2.019934980719638559e-04	3.546684595442510003e-04	5.888884569691242576e-03	1.803599382624182116e-05	4.401117595318478721e-04	3.356974720231181643e-04	-5.387904795729798080e-05	7.526209542479584433e-05	-1.601993667862591160e-05	1.190407097502571543e-05	1.115074132783792937e-04	9.945088508899081877e-05	5.542686174375858164e-03	5.161723421928374189e-03	2.711428067240817156e-05	5.545306687402227867e-03	1.807570343985189767e-04	1.596183411541922056e-04	-7.551595642535513108e-05	7.021958627665087025e-05	-2.765353515993546735e-04	5.549261967082488520e-03	1.334845171285102181e-04	5.514000691559538606e-03	9.209859557306275519e-06	4.933874539586601704e-05	-6.082648498314972146e-03	1.197003507444255918e-05	-1.660211143516443391e-04	2.361103995134281324e-05	2.510113092032262684e-05	1.650273701287158072e-04	-2.398539185055133355e-05	4.187499867566730875e-06	-3.712825271228640351e-04
-2.686274585608824580e-02	1.999083970874465806e-04	2.478859120730878343e-04	1.353140114645276851e-02	-2.584884812264901573e-04	5.842932443809779625e-04	-1.246157550005278641e-02	1.565752327683845885e-04	6.352045426202162278e-05	1.319237497949832803e-04	9.535942256298634439e-05	1.287069135375625429e-04	-1.312771131189732917e-04	2.837678038378703264e-04	7.193376783654103004e-04	2.193628299169493091e-04	1.247654840965331123e-04	5.091908531935364460e-05	-4.476601807039192149e-05	2.066353317243116103e-04	-5.876226662915834495e-05	2.539968404384392053e-04	4.663075053129361403e-04	6.789433737737780904e-05	1.432956183045938810e-02	-1.745928310724453978e-05	-6.942345652983444653e-05	-5.070876107150810779e-04	5.351750813536388166e-04	1.338442970811108343e-02	2.920102766129128655e-02	-2.371556816129469675e-05	-5.632766731313839986e-05	-1.776355814610344752e-04	-9.394436330616774992e-05	5.643906167865672500e-04	-1.523405703765096629e-05	3.978411172589771741e-04	1.596178211008202302e-04	-4.361516861950633957e-05	5.792561992433852436e-04	9.227308198697314824e-05	9.609109112767299252e-05	1.296017219139506890e-02	2.609536144032127344e-04	2.896285110270884269e-02	1.401889696559985819e-02	1.213962635295387006e-04	-1.288315129814162491e-02	7.787952794421379270e-04	4.154096626369222682e-04	2.927368349366974223e-02	9.209859557306275519e-06	1.491703018764483323e-02	7.446718256243396467e-04	4.564873208887676470e-04	-1.314503765785277504e-05	2.269998623031468552e-04	8.204374417590382909e-05	4.083789037418032481e-05	-7.268777140500865420e-05	-1.420290256202010409e-05	1.525469800197917314e-04	3.082271132955450394e-04
-2.037508760323110835e-04	-5.466588833471446273e-05	4.085392667194577174e-05	7.417660374170693743e-04	-4.223583287792818323e-05	-5.646402676540405747e-04	5.431821172323008165e-04	-2.450747183619021681e-06	-5.466723124295716615e-05	-2.356849585734652654e-06	-2.452648355247711098e-05	-3.278659706217578325e-05	-3.308752433143681305e-05	-8.610772413330650729e-05	4.592825620400393309e-05	1.367842032660207316e-05	4.085251823033411473e-05	-2.452633062498885531e-05	-6.223924487754201593e-05	-1.204125593060356340e-04	6.644891451131912797e-06	7.952343198823538236e-06	1.137885666238283989e-04	-4.782761538959378528e-06	7.417659053063805578e-04	-3.278754950414973924e-05	-1.204141592437227033e-04	-1.828503327612357584e-03	-4.946070409045997786e-05	-5.153383972975212213e-04	2.374034174761599687e-04	8.926594771809687765e-05	-4.223519613039878505e-05	-3.308729505425461222e-05	6.644411271946104656e-06	-4.946065455948075198e-05	1.062448897199574356e-05	9.298314366416553906e-05	4.933942625365409412e-05	-5.995535525274837241e-06	-5.646402336749093255e-04	-8.610846110727517504e-05	7.951495663158147042e-06	-5.153385645902371429e-04	9.298240890417898852e-05	2.311747885931491209e-04	7.446716945403125502e-04	1.208996610505962905e-05	5.431823977072796706e-04	4.592896864298573180e-05	1.137885198767906803e-04	2.374031815461789862e-04	4.933874539586601704e-05	7.446718256243396467e-04	1.837234069540899170e-03	1.022347820447350522e-04	-2.451823008993254127e-06	1.367811523816973520e-05	-4.782459869527486762e-06	8.926641525975066694e-05	-5.995114499408943029e-06	1.208888815746975655e-05	1.022330296786388412e-04	4.477350232678179381e-05
-3.132475572733627684e-04	4.716450274109422296e-03	3.131177794499119885e-03	1.813764161888278869e-04	-7.560823193372335008e-03	8.409746627814178039e-05	-1.199747430093982704e-04	6.080250104603428934e-03	2.341728422201597162e-05	-1.160143717342035363e-04	-4.974056301262817998e-04	-6.394926864778996130e-05	-6.018714408061283860e-04	-2.506125747270923252e-05	-3.058265317272940403e-05	2.409669053005450694e-04	5.494426168772286356e-05	-2.470929752679596782e-04	-6.523587224171456533e-04	-2.104055089607450793e-05	-2.281463795840756590e-04	4.680145349776194095e-05	6.316602142251602145e-05	6.604099139149256564e-05	-1.014117524891844163e-04	-5.909305872867230865e-03	-1.086321958583746916e-02	6.140331080474489118e-05	-3.174260741016508500e-03	1.045324451270679986e-04	2.280919455781810852e-04	-1.761412175433309116e-03	-5.239179775310829674e-05	-4.383556218152919381e-04	-3.046103062268815521e-04	1.814047469609061870e-04	-4.825747510741643066e-05	7.789360288965280037e-05	4.187353402763405467e-06	-1.462029848354489812e-05	-1.380670074074346557e-04	-7.682604363563771965e-03	-5.895431326883767906e-03	3.229218538394757875e-04	-4.731529910004065101e-03	5.291680775230618626e-04	1.525488242537365437e-04	3.410558907162119461e-03	-1.986783805261690440e-04	3.531116447210062327e-03	-1.734292148929558698e-03	5.191979233819120527e-04	-6.082648498314972146e-03	4.564873208887676470e-04	1.022347820447350522e-04	1.162472086658402834e-02	1.852273447065964852e-05	1.736594443969722093e-04	-4.998674960144052252e-05	-2.750567489252674005e-05	-2.543956109115293510e-04	1.110926625995854690e-04	6.060604338179270781e-05	5.300821946829078948e-04
-1.160730076699175285e-04	-2.621872411743942665e-05	-3.801410320141641245e-05	-1.263723856911603812e-04	-2.214647238067147248e-05	-1.461585232556806657e-04	-2.218878307671881274e-04	-2.828999324586993686e-05	5.589137534586193987e-03	-1.108552119374400997e-04	-1.013563754957675191e-04	-5.349076963110942044e-03	-1.827016446126751798e-04	-5.653904510278917606e-03	1.601382496828201453e-04	3.200723785780010684e-05	-7.908658163186644370e-05	-2.163433472977779914e-04	-2.396083939078458356e-04	-5.654213584321067174e-03	-2.425982377529136672e-04	-5.478422933827430466e-03	-5.708010672378293140e-03	2.666518019898452804e-05	4.773230154685867356e-05	-3.256757838461710506e-05	-1.482173160223176428e-05	1.243753776444069950e-05	2.597280312043251794e-05	1.293062968503105664e-04	1.852097109800502055e-04	3.050840496578894354e-05	-5.672088461012705918e-03	-1.480006908763539482e-04	-5.389576000226405518e-05	3.083285956178340994e-04	-5.273979198322517408e-05	-5.585838972698941446e-03	-5.344354456072165221e-03	-2.370284800949573140e-05	3.873418371606709759e-05	-2.565733679683375066e-05	3.836556107582659008e-05	-5.978942831726105281e-05	5.482148415154351816e-05	1.245735653728182249e-04	1.565753313398989021e-04	3.701489632729599671e-05	-2.716950005323460246e-05	-3.509730156709031963e-06	3.665260271942113947e-05	-4.979855876362196019e-05	1.197003507444255918e-05	-1.314503765785277504e-05	-2.451823008993254127e-06	1.852273447065964852e-05	5.708734321168846756e-03	-2.692956143397350917e-05	1.108219339457975247e-05	-6.147587969391231713e-03	3.493510858660622224e-05	-6.791302826903474876e-05	6.080252166952241494e-03	7.473838570015275333e-05
-1.531217244047741624e-04	-3.247686127656223328e-04	-8.847918411634082478e-04	1.437463945317685143e-05	-3.687583063888776568e-04	-8.947035278496493274e-05	-1.965860720262201165e-04	3.200696034863944304e-05	-5.156288448286432038e-04	1.060188490975477391e-03	-1.267355986220740707e-02	2.100434175581764929e-04	-2.918173705556963843e-02	7.593567226299006458e-05	-1.848355891907061538e-04	1.514377178003023169e-02	-8.829868671775544745e-04	-1.309265071940854050e-02	-2.860770667527960665e-02	2.470997849833018035e-04	-1.455324583247668765e-02	4.310243740742872645e-05	-1.342439137003429610e-04	6.494198550335869395e-04	3.813675424942761954e-05	1.249392614009098334e-04	3.006420332809674992e-04	1.383300304347114852e-04	3.331774590268080311e-04	3.693128071066015001e-04	4.178399754052300377e-04	5.678704525222827844e-05	-3.930481173172951015e-04	-2.923680014045648701e-02	-1.375157514740334846e-02	2.811387985116240145e-04	-1.412091699774162528e-04	1.075709436598914543e-04	-8.624497565071689701e-05	-1.401323868071187133e-02	-8.837255763535248560e-05	1.209022208132133516e-04	-9.538820678263498282e-06	4.149817946494639915e-04	-9.178835660140138505e-05	6.308435092492689113e-04	2.193625285559377784e-04	5.043689106963250394e-04	-1.631774929304640246e-04	-2.235497179938099386e-04	-3.508755860520401801e-04	4.099403164360048628e-04	-1.660211143516443391e-04	2.269998623031468552e-04	1.367811523816973520e-05	1.736594443969722093e-04	-2.692956143397350917e-05	1.602283164391671635e-02	6.402410769223396440e-04	3.070127588139516224e-04	-1.445520893876233066e-02	5.135577055580039380e-04	2.409709881218741374e-04	3.268069845872537821e-02
-1.209656338849597449e-04	7.143430056041601356e-05	7.112800753772261690e-05	7.834185057096691815e-05	8.466751223808583165e-05	3.452843439268911707e-06	-6.020892736645988639e-05	2.666570339775241075e-05	-6.586278898013790976e-05	-5.591150964098085246e-04	6.455570108630699373e-04	4.320904209023235384e-05	-7.054741517112270112e-06	1.731989207045213963e-05	1.510152628272883247e-05	6.494213894875898192e-04	6.106864837575506878e-05	6.325857872723537152e-04	-5.658000121493783564e-05	-2.307052430730015946e-05	-6.650380511569692430e-04	7.610944756897020666e-05	1.395126188427199630e-04	1.838948936146441154e-03	9.566428231158933225e-05	2.753836149092196689e-05	8.739421850833884776e-05	-5.175008822285986729e-06	1.418689873801801548e-05	8.804048906935104789e-05	1.521945791158421408e-04	-3.395414606635196666e-05	-2.546793157582592532e-05	-3.448063847946897015e-05	-7.141242288739648196e-04	1.013315509316489981e-05	5.238673434862522625e-04	1.012300628706465464e-04	3.178659344092436855e-05	6.459845726098688637e-04	-6.756375204151000206e-07	1.327478437654899129e-04	6.529300610495378189e-05	8.574018210843368192e-05	-3.909356547434008234e-05	1.478910399009491735e-04	6.789524002175819218e-05	8.390954484077961528e-05	-8.450435766295047446e-05	2.101354369458584352e-05	9.332989720922635110e-06	1.661591046888808072e-04	2.361103995134281324e-05	8.204374417590382909e-05	-4.782459869527486762e-06	-4.998674960144052252e-05	1.108219339457975247e-05	6.402410769223396440e-04	1.864269688793448489e-03	1.196198385480073387e-04	6.754017867007857398e-04	7.424464711228930707e-05	6.604136916619842454e-05	-2.109691548602268612e-05
2.072757740387245920e-04	3.790308485150526352e-05	1.405891683180605445e-04	5.177832266647004495e-05	2.747265748655349340e-05	1.761799913393368952e-04	4.035330251582718150e-04	3.050936571895292309e-05	-7.539343912690820923e-03	8.556664378896763857e-05	2.606901307011909788e-05	6.069708395756929012e-03	3.835605069547808554e-05	4.723802228201763077e-03	3.187718662542934987e-03	5.679108159030953323e-05	3.330619485909929421e-03	2.426034923436010094e-05	-4.921363454117119203e-05	1.555539213880450123e-03	2.201141824543873600e-04	5.827202418481758871e-03	1.085292639695421488e-02	-3.395268917195254105e-05	-5.920855343088677735e-05	4.727345615803091013e-05	3.529879315185036363e-05	4.561873251380268958e-05	1.057679729814381544e-04	-7.919777793698216061e-05	-1.850715797783438550e-04	-3.217651053572766478e-05	4.877253029100850866e-03	-2.019553907711752654e-04	-7.270402869698577397e-05	-3.892157196037776545e-03	1.077251070817807283e-04	7.497303127495040867e-03	5.888884511199415743e-03	-1.469299672611124757e-04	-4.145797018652877069e-06	5.399710853994842347e-05	1.387559797055910085e-05	1.195125005292046213e-04	1.285878473231994183e-05	-3.566240930839433237e-05	-2.371901476530520410e-05	1.779714485954823151e-05	4.838116816633527780e-05	-3.322142123717927872e-05	3.528432823656468110e-05	5.912900053948283544e-05	2.510113092032262684e-05	4.083789037418032481e-05	8.926641525975066694e-05	-2.750567489252674005e-05	-6.147587969391231713e-03	3.070127588139516224e-04	1.196198385480073387e-04	1.178698323011998644e-02	-3.993265040170791084e-05	3.586117086046703394e-03	-1.761412753591259017e-03	2.733138599017758330e-04
-7.185235090909978107e-05	4.243485608532338743e-04	9.675823394314606203e-04	1.402206540000815573e-04	4.371050075518005174e-04	8.132706160533329106e-05	4.166883239337727015e-05	-2.370157689979104953e-05	3.879896241580366579e-04	1.244072724776093129e-04	1.372337945986291247e-02	-1.779239378199139274e-04	2.915149936217225485e-02	-1.764744926288080583e-04	2.293780395573983167e-04	-1.401323395761377121e-02	1.059655520244800857e-03	1.452132865041482791e-02	2.846454131422223102e-02	-4.455686962657855058e-04	1.299861451918647715e-02	-4.181486187417052599e-05	3.879424352416260585e-04	6.459862445380799758e-04	1.034333944208638324e-04	-1.317146803612073475e-04	-2.063382363139037502e-04	-1.560001555211142131e-04	-2.423581283487309754e-04	-2.319161759766758652e-04	-1.280855303425621882e-04	-1.469286397399951908e-04	2.880790775852414584e-04	2.915044629816556515e-02	1.256387292691876247e-02	-3.140511472201140079e-04	-1.128899032539414354e-03	3.381629675732862009e-05	1.115083423260211849e-04	1.516807882141868805e-02	6.861142492669261214e-05	-7.723183373414333527e-06	2.583977835993321630e-05	-2.237533929096875436e-04	1.735067108220876957e-05	-3.334286155758509605e-04	-4.361308630790963509e-05	-4.047070830254536722e-04	1.289209954782697683e-05	1.849962555432755750e-04	2.958933002157688921e-04	-9.248334109292784386e-05	1.650273701287158072e-04	-7.268777140500865420e-05	-5.995114499408943029e-06	-2.543956109115293510e-04	3.493510858660622224e-05	-1.445520893876233066e-02	6.754017867007857398e-04	-3.993265040170791084e-05	1.606209168863859116e-02	-3.156067328442469433e-04	-1.462403254370913606e-05	-3.271918476608463855e-02
2.189436644360503764e-05	1.392277803957779072e-04	3.633566817206207184e-04	4.774432906851867935e-05	7.139245797228637933e-05	1.205382544325268155e-05	3.516570932904231409e-05	3.701682279618593338e-05	2.966771218104759071e-03	6.967670939982347248e-05	-3.715258867299255346e-04	4.798891996047095640e-05	-8.999816094261547245e-04	3.187189703202621995e-03	5.643371348875637905e-03	5.043759667768840747e-04	7.486983385841176723e-03	-2.945737297335089305e-04	-9.323445952837882897e-04	-3.371846799657122161e-03	-4.721583058056772505e-04	-9.496734452234908595e-05	3.136581887487504324e-03	8.390959064570042536e-05	-4.901696468685183745e-05	-6.802302617233606328e-05	-1.663679743424495785e-04	3.469738924227850843e-05	-8.334072495007272869e-06	7.442933911019504510e-05	8.495437804160199690e-05	1.779505427974855091e-05	3.129302912120382300e-03	-9.262056032459252582e-04	-4.635969370456701540e-04	-6.061153336243249937e-03	-4.821884847591008063e-05	-3.414881777296480472e-03	-7.551793653724128816e-05	-4.047129705174254822e-04	3.711324244129490633e-05	4.463583810867256978e-06	-5.597840367964227669e-05	-1.630749083602302864e-06	-1.295555942261274261e-04	1.206794395471818561e-04	1.213911158998094611e-04	3.434837001338337257e-04	-7.679421439674417014e-06	-2.793022470443829941e-05	5.506272196143657268e-05	7.161346440772034885e-05	-2.398539185055133355e-05	-1.420290256202010409e-05	1.208888815746975655e-05	1.110926625995854690e-04	-6.791302826903474876e-05	5.135577055580039380e-04	7.424464711228930707e-05	3.586117086046703394e-03	-3.156067328442469433e-04	8.444479483271984457e-03	3.410560871106600028e-03	1.052972228840735099e-03
-3.132472796129795846e-04	2.341690817043754502e-05	5.494160308656486052e-05	-1.014138095720830635e-04	-5.239429779653187317e-05	-1.380680091231904099e-04	-1.986785724620192056e-04	1.852386888565053433e-05	4.716450442370322300e-03	-1.160138758671995843e-04	-2.470960379224884261e-04	-5.909306191690593540e-03	-4.383617524005470984e-04	-7.682605260843778337e-03	3.531116084843376191e-03	1.736644162256260101e-04	3.131175280615463088e-03	-4.974093030821950638e-04	-6.523665569084482118e-04	-1.086321990469439613e-02	-3.046129052487382238e-04	-5.895432152206314322e-03	-1.734294029290932466e-03	-4.998675473918940499e-05	1.813748543258738135e-04	-6.394933627719855856e-05	-2.103846858798757256e-05	6.140481495807302754e-05	1.814096267509181432e-04	3.229225875223573259e-04	5.191961460396978933e-04	-2.750797757233320185e-05	-7.560826489079856133e-03	-6.018795612343232721e-04	-2.281507045069715485e-04	-3.174260260624027497e-03	-4.825718185371568898e-05	-4.731531359224064315e-03	-6.082651119043418902e-03	-2.544003993348787534e-04	8.409666781050004398e-05	-2.506182698796363304e-05	4.680230945713442737e-05	1.045319409652289180e-04	7.789636123113410373e-05	5.291664226854288352e-04	4.564848569332181265e-04	1.110897958360017605e-04	-1.199759368577913527e-04	-3.058339107786128580e-05	6.316609618312827310e-05	2.280904821095393223e-04	4.187499867566730875e-06	1.525469800197917314e-04	1.022330296786388412e-04	6.060604338179270781e-05	6.080252166952241494e-03	2.409709881218741374e-04	6.604136916619842454e-05	-1.761412753591259017e-03	-1.462403254370913606e-05	3.410560871106600028e-03	1.162472430806540252e-02	5.300925831237656566e-04
-5.865257171641736545e-05	-8.072491140452601154e-04	-2.014493458784803563e-03	-1.033093759274823363e-04	-8.803605789055643895e-04	-1.572161164234342414e-04	-1.895180963450100514e-04	7.473673141226339393e-05	-8.072431625094665187e-04	1.027730955821220052e-03	-2.959982187269965398e-02	2.794307740014534782e-04	-6.406250499141170895e-02	1.604006228086957793e-04	-3.631030441224937272e-04	3.268069358808008140e-02	-2.014483945199625672e-03	-2.959982657813821361e-02	-6.290706573300330895e-02	5.321081887314867056e-04	-2.952349238099579581e-02	-4.160545064808063894e-05	-6.681189861139572982e-04	-2.110086044287670296e-05	-1.033093720735296975e-04	2.794313432350802929e-04	5.321151802596175593e-04	2.970368142339277658e-04	5.811877538444679050e-04	6.282374180524274423e-04	5.254636532961631454e-04	2.733078624375290299e-04	-8.803581742406396335e-04	-6.406251453259166617e-02	-2.952349635349802576e-02	5.811775489356300201e-04	1.078237894409471952e-03	-1.151186242104890341e-04	-3.712849724290956258e-04	-3.271919045354982486e-02	-1.572169789795760961e-04	1.603950356430353965e-04	-4.160491978895907144e-05	6.282376770785926511e-04	-1.151121041157300399e-04	9.944911797408434277e-04	3.082250917891196781e-04	1.052958211143703322e-03	-1.895203022368287054e-04	-3.631163971031216775e-04	-6.681241626483574308e-04	5.254662192238938531e-04	-3.712825271228640351e-04	3.082271132955450394e-04	4.477350232678179381e-05	5.300821946829078948e-04	7.473838570015275333e-05	3.268069845872537821e-02	-2.109691548602268612e-05	2.733138599017758330e-04	-3.271918476608463855e-02	1.052972228840735099e-03	5.300925831237656566e-04	7.208687582420031381e-02
