5.433880523097112114e-02	-3.022358628599571863e-04	-1.338564691199319989e-03	-2.659493224668291883e-02	-1.023465861624440944e-03	1.020554877542771373e-04	2.678985287058916268e-02	-7.154800697827616552e-05	-3.022356786990027422e-04	-1.190720534655544810e-04	-1.640678442290746143e-04	6.902368003590900886e-04	-5.963205728268509314e-05	9.572251228669812623e-04	1.396954213077707119e-03	-1.502422763890474478e-04	-1.338571090623661124e-03	-1.640679477377842744e-04	-2.948833043032095453e-04	1.880968116075379566e-03	-1.020970551097197205e-04	9.612220616872644207e-04	8.430048743424405251e-04	-4.779768225229892998e-05	-2.659493196437718449e-02	6.902393774144070619e-04	1.880966743902678364e-03	-4.093954982100173013e-04	2.815121620818286825e-03	-2.788034914760927768e-02	-5.860375478761410684e-02	1.769761604486804049e-04	-1.023469045020296677e-03	-5.963148815758417831e-05	-1.020965787571009934e-04	2.815125750320075955e-03	-5.882478361556342007e-05	1.193959291607813930e-03	3.075591746566594701e-04	4.553567748799837683e-05	1.020554503547882767e-04	9.572293154056755148e-04	9.612241540952802619e-04	-2.788034826179258685e-02	1.193960302005618850e-03	-5.831804578454138910e-02	-2.761104069038960301e-02	5.048697294053430037e-04	2.678985348976802017e-02	1.396962477694500132e-03	8.430119369499340437e-04	-5.860375511576050578e-02	3.075610490701684795e-04	-2.761104059760680074e-02	-1.494066418410219940e-04	1.043163189104087099e-04	-7.154570522985170974e-05	-1.502422406506759571e-04	-4.779763130603469388e-05	1.769696405056815798e-04	4.553574646268611391e-05	5.048648161818327816e-04	1.043139574300817516e-04	-2.459544117761765757e-04
-3.022358628599571863e-04	9.502766179002739011e-03	2.223645013559827095e-03	-2.867712389719277591e-04	-2.246045877597185794e-03	-3.010684858146329729e-04	-3.524077906022805851e-04	5.778107426533873534e-03	7.646822584305403627e-06	6.851369133876386434e-05	2.394900481498445435e-04	-2.605917249464697631e-05	2.244600209054633979e-04	-1.121526797894153609e-05	-2.649316788091930205e-05	2.017616015224353858e-04	6.860963545570310587e-05	1.716296956090757042e-04	6.770933599156965608e-04	-6.259522881014287676e-05	3.118904334598290623e-04	-1.464283306772202402e-05	2.448256975563218018e-05	9.206284913286722415e-05	2.162617669363435156e-04	-5.630676641979579997e-03	-4.265594904489378517e-03	4.122743650383841945e-04	-2.030891495851024249e-03	7.705921734673128447e-04	6.536136803196939630e-04	-7.970675330192293628e-03	2.900504134252780778e-05	1.120798403624755118e-04	4.199378536889133984e-04	-4.357674049823125951e-05	1.656793035704119286e-04	-2.263271174921392443e-05	1.007459792760921814e-05	-2.670298768690137475e-05	4.028344319704106532e-05	-1.916024731102134240e-03	-5.484966545995002656e-03	3.784524328660113603e-04	-9.572772646572254296e-03	4.980758206306330586e-04	1.115883420530096445e-04	2.518847138938618696e-03	-8.287869129053981431e-05	2.694990500272617141e-03	-7.333743287859141244e-03	3.959848659268701884e-04	-5.603777706354328217e-03	7.328692168594153327e-05	-1.298590536511738810e-04	4.668392707036692589e-03	-2.148313148821331346e-05	-1.299384248362563858e-04	8.050283606707967269e-05	4.111418764089857342e-05	3.549667726330950519e-04	9.346826883359547430e-05	8.293614535975812860e-06	-3.525367584559756240e-04
-1.338564691199319989e-03	2.223645013559827095e-03	5.646500819790954348e-03	5.297948164211282833e-04	1.869679571766362297e-03	3.911900890187405941e-05	-6.254128448117903969e-04	1.509251144167697285e-04	6.860982965372254690e-05	-6.688355759087369244e-06	-2.974986090669274572e-05	-2.021974951356656517e-06	-4.199463123798979436e-06	6.871797193184595888e-05	6.523716470379030527e-05	5.648328095255341198e-06	2.235991895219648518e-04	-2.388880998701836770e-05	-2.348195179184655093e-06	-7.042371455796668381e-05	5.266598439841565154e-05	9.441366775637781298e-06	8.731800532410687109e-05	-6.007080089864205578e-05	6.133017163304319442e-04	-4.169628037624252927e-06	-2.256176136648362258e-03	4.528184760239745789e-05	-3.363001235764348160e-03	4.728253628591482871e-04	1.065974182741547070e-03	2.286358808765745401e-03	1.049778337782021826e-04	-2.356678354411892700e-04	-4.507094468107307320e-05	-9.193468622304678812e-05	3.803546653397212355e-05	-4.533339060903904532e-05	2.476559710323823635e-05	-2.052682590121275422e-04	-3.751259727673671163e-05	2.285113961073146054e-03	1.297735555787141572e-04	6.026649114473977414e-04	-1.956095129162485971e-03	9.972505792293527224e-04	3.054023343754489069e-04	6.027027656766224643e-03	-7.193016392069838828e-04	4.071796616047146378e-03	2.573020615981092170e-03	1.387601647111945651e-03	-1.916784713765262352e-05	5.964467403592293689e-04	-1.387879632821015165e-04	2.662299043631203167e-03	-6.683890268668623593e-06	7.785513010910308988e-05	-4.165095306386268054e-06	5.643434421717644545e-05	-2.663155950138340486e-05	1.588134042709058130e-04	4.694681545776622058e-05	2.468089815046216632e-04
-2.659493224668291883e-02	-2.867712389719277591e-04	5.297948164211282833e-04	1.393424845502119064e-02	6.931714910712596326e-04	3.848700412015476462e-04	-1.278183147583207210e-02	-2.698965138554540021e-04	2.162616317150683933e-04	6.297482132350479614e-05	1.048972387644578124e-04	-4.472414454206954677e-04	9.311383336652745294e-05	-6.249412140175659904e-04	-7.740847472858971949e-04	4.092974502592143613e-05	6.133058994255242632e-04	1.339659261396475526e-04	1.899034660319941920e-04	-1.010382226485604783e-03	6.802577330993839623e-05	-5.746836703136444209e-04	-5.570787022566011997e-04	3.908856530179079995e-05	1.323131524119592999e-02	-3.480993402073869359e-05	-6.509303268931495700e-04	-2.800520777465336387e-04	-1.367337310171213953e-03	1.315735061268814322e-02	2.879096243291841967e-02	2.653421551928211134e-04	3.102507844625406949e-04	9.991682653859274661e-05	7.104783635983793881e-05	-1.282171226466733739e-03	2.348283312969207597e-05	-6.754076882997357223e-04	-2.959875866930026080e-04	2.120326295977421175e-05	3.814559702972667408e-04	-2.799528695035311118e-04	-1.863207850701667717e-04	1.342229738695382285e-02	-2.132651355904187742e-04	2.872064670206075920e-02	1.450486355389676331e-02	-3.693276997829370240e-04	-1.259432801535293953e-02	-7.447253211727278537e-04	-6.248155860794980029e-05	2.891673944864207174e-02	1.365242917897024899e-04	1.383644897239822737e-02	6.287204102091647432e-04	-3.381520824615484784e-04	1.601321892937727454e-04	5.640253416757651765e-05	2.802619380264294251e-05	-2.377897322200823332e-04	7.938169301376192739e-06	-2.712744552524031091e-04	8.649233680000570216e-05	7.479895565011505649e-05
-1.023465861624440944e-03	-2.246045877597185794e-03	1.869679571766362297e-03	6.931714910712596326e-04	9.166876033966675844e-03	1.672742595333389097e-04	-4.923433189418593720e-04	-5.614260809269166694e-03	2.900529396307425785e-05	-8.587949365800891634e-05	-2.197113776430678969e-04	1.422492618288556136e-05	-1.281150887109242561e-04	2.163202570993144288e-05	-1.754039423096018834e-05	1.973458643577144874e-05	1.049781712842615242e-04	-3.383167572436729766e-05	-4.017379845456744720e-04	-4.330061095016695804e-05	-4.329045165682123735e-04	-3.060082168432324179e-05	-1.783400823946532917e-05	2.871669712723661861e-04	3.102488863421262689e-04	5.584926712638336836e-03	7.649795565614701809e-03	-1.537015939673503045e-04	-1.963280875295689634e-03	3.349571217695907063e-04	1.081982516623509159e-03	4.233755662826819977e-03	6.961317752681038984e-05	6.935044157511808301e-05	-1.710644711573144851e-04	-9.875713636574042604e-05	-2.769763031178832909e-04	-6.576918096316895605e-05	-8.783475720225680778e-06	4.965273567006750445e-04	-9.989511760427692132e-05	9.504003537639858432e-03	5.563340294294826308e-03	3.544116438381714760e-04	2.249041342980595548e-03	9.655962534175058275e-04	4.740316927835361337e-04	2.037349302625383884e-03	-6.240029474770880180e-04	1.904572670744435680e-03	4.172492518916307361e-03	1.503229395979556460e-03	5.620376850421255829e-03	9.795329391637328659e-04	1.619967000025873878e-04	-8.017839801900666225e-03	-7.325176774916443488e-06	6.844331550111922005e-06	-1.223749975004270770e-05	3.124158296605002773e-05	-5.911318159399896752e-05	3.408844732496767220e-05	-3.907303626714985672e-06	1.298300297764498016e-04
1.020554877542771373e-04	-3.010684858146329729e-04	3.911900890187405941e-05	3.848700412015476462e-04	1.672742595333389097e-04	1.516983250286867146e-03	5.132661358752997963e-04	-2.646964477117926895e-04	4.028292868188766885e-05	-1.763536311124823261e-07	2.835014867524361632e-05	-1.169484033489368165e-04	6.374832713120847456e-05	-1.361086223693336599e-04	-6.263054254211678450e-05	-4.199231305292298107e-05	-3.751217927407090571e-05	3.426061809440571611e-05	3.501510119110828401e-05	-1.050536378280049292e-04	2.250045746820745812e-05	-9.350347667172852618e-05	-4.250181532290025680e-05	3.332855189278966773e-07	3.814560338304769007e-04	1.750175144677559890e-04	9.250866931073010579e-05	7.235453207727975643e-04	-4.109389589795506644e-05	-4.502441635221127690e-04	-6.406247663221382440e-05	3.685190791038301891e-04	-9.989447358326050078e-05	5.700292496523468234e-05	1.502974013073993067e-05	4.748408352280195733e-05	-2.596572439578612782e-06	-6.122311180233737350e-05	-2.521532184950888529e-05	3.085850953554551273e-05	1.478501949518927581e-03	1.342058725358977883e-04	2.146593974174469796e-04	-4.571252740394472335e-04	2.924740561877421001e-04	4.347851362332477243e-05	4.505069638003901230e-04	3.042899889027474568e-05	4.445076903959468105e-04	2.075090186349993273e-05	3.907659367721840241e-04	-1.945102984403674094e-05	2.675487739976648905e-04	5.162577633063975815e-04	-6.549798044289910619e-04	-1.311001642055856405e-04	4.854511611962803613e-05	-2.486461343544350185e-05	-7.878964693542307771e-07	-8.721687856332490101e-05	1.529851079281267424e-05	-5.932018177893778297e-05	7.111010331770575171e-05	-3.978083915518517430e-05
2.678985287058916268e-02	-3.524077906022805851e-04	-6.254128448117903969e-04	-1.278183147583207210e-02	-4.923433189418593720e-04	5.132661358752997963e-04	1.412013043991243617e-02	-1.589736903054518222e-04	-8.287961861821142927e-05	-6.980395845818525053e-05	-5.931520174157100980e-05	2.436288498718256574e-04	3.893407258531059558e-05	3.414304871326466007e-04	6.151890950970198123e-04	-1.151822392884880545e-04	-7.193045233214552178e-04	-5.445966268285668368e-05	-9.884789563379858173e-05	8.638705408717352926e-04	2.176131499450350719e-07	3.806226513359100682e-04	2.771265941526852654e-04	-2.859456956261410070e-05	-1.259432755055190853e-02	4.734708137261216189e-04	9.722348214985352018e-04	-6.688970755383469562e-04	1.391062714640723102e-03	-1.390749547576135628e-02	-2.889024484741401291e-02	3.284847242301216011e-04	-6.240043180368527644e-04	2.700499729993751242e-05	-2.493214500925196924e-05	1.444744331352466275e-03	-1.534887793775885812e-05	4.855528799862341522e-04	4.606837427852667594e-05	4.687146408859236342e-05	4.445077059315348175e-04	5.566637873805613517e-04	6.212914231627027391e-04	-1.457027245931878309e-02	7.675351170260986261e-04	-2.858723764652125465e-02	-1.324749735676102741e-02	3.440469626174642338e-04	1.340057601747063690e-02	6.990884142678594360e-04	6.385787509381290594e-04	-2.887108220194446045e-02	2.376358443026583428e-04	-1.295493383614496757e-02	4.813958834506588415e-04	6.891904787687869920e-05	5.933080764183612955e-05	-1.119187826350839863e-04	-2.743164317995303161e-05	-9.066523255749524746e-05	4.096810049731456981e-05	1.610390896137767680e-04	1.109315533783412368e-04	-1.716771641299949850e-04
-7.154800697827616552e-05	5.778107426533873534e-03	1.509251144167697285e-04	-2.698965138554540021e-04	-5.614260809269166694e-03	-2.646964477117926895e-04	-1.589736903054518222e-04	5.734879925522380975e-03	-2.148334413435771980e-05	9.960618942313247473e-05	2.578252693534206362e-04	-1.540396717475627333e-05	2.220734410190033936e-04	-1.442119924246900944e-05	-1.740415128772271409e-05	5.935680928836054764e-05	-6.684193638253258082e-06	1.226035660617104904e-04	5.876061554776579408e-04	-1.790071194612235763e-05	3.875616462881366396e-04	1.384637909828929425e-05	2.672314443805360072e-05	-1.193589371582531454e-04	1.601336434431819753e-04	-5.459862180682656559e-03	-5.870446215941375542e-03	2.610085843636693976e-04	-2.842396614758831288e-05	4.349247324000942924e-04	2.516660284636645299e-04	-6.035640760351646331e-03	-7.325223167160754622e-06	7.715808322587093320e-05	3.255469628436806159e-04	5.284697479106838225e-06	1.911211868462305875e-04	2.449650285067441353e-05	1.453902573789809265e-05	-2.228294709094999970e-04	4.854583374863518524e-05	-5.651111124282375518e-03	-5.567577964756709186e-03	2.417050536069885762e-04	-5.808660919134237682e-03	2.222180918434511039e-04	4.845896952455959624e-05	2.010780876219884833e-04	5.933044661271018929e-05	3.444663642763353111e-04	-5.707505538077176435e-03	-8.774808983742772670e-05	-5.459774903076871667e-03	-2.385087357003194187e-04	-1.170462296959548466e-04	6.252387780468856952e-03	-1.547026692602540042e-05	-9.186546432819918330e-05	1.502912540631703582e-05	1.714438536071961289e-05	2.205770061381477827e-04	3.221138302832034477e-05	1.018754638372166242e-06	-2.943942699269812800e-04
-3.022356786990027422e-04	7.646822584305403627e-06	6.860982965372254690e-05	2.162616317150683933e-04	2.900529396307425785e-05	4.028292868188766885e-05	-8.287961861821142927e-05	-2.148334413435771980e-05	9.502766809599015596e-03	6.851391461453344147e-05	1.716303250392469911e-04	-5.630677085253460272e-03	1.120800972966457269e-04	-1.916025033062340862e-03	2.694990525224397800e-03	-1.299385256289380683e-04	2.223645685384762621e-03	2.394903916741919123e-04	6.770934468009193186e-04	-4.265595097408886142e-03	4.199374972795240921e-04	-5.484966754030134312e-03	-7.333743275362847314e-03	8.050331222573017234e-05	-2.867720099372221857e-04	-2.605872388600377913e-05	-6.259439999730889324e-05	4.122745455113495426e-04	-4.357604732896425191e-05	3.784527183633343002e-04	3.959844598700624357e-04	4.111409401522710810e-05	-2.246045762121562806e-03	2.244592280737007812e-04	3.118898802341373510e-04	-2.030890978468753542e-03	1.656795239098809297e-04	-9.572772548761892056e-03	-5.603777696196000913e-03	3.549663491004733176e-04	-3.010687915165779051e-04	-1.121453291557261716e-05	-1.464202312247792095e-05	7.705927848217281788e-04	-2.263176302215838987e-05	4.980764693465022756e-04	7.328722289722646506e-05	9.346769578556774318e-05	-3.524074727835222408e-04	-2.649255167314542515e-05	2.448340953207335595e-05	6.536135178837279179e-04	1.007527660031619798e-05	1.115884056332118099e-04	-1.298590004892787747e-04	8.293172703734895358e-06	5.778107697122803268e-03	2.017632817478410266e-04	9.206405203947553044e-05	-7.970676112812024802e-03	-2.670285685811332852e-05	2.518846682164846244e-03	4.668392541128482676e-03	-3.525359704032702841e-04
-1.190720534655544810e-04	6.851369133876386434e-05	-6.688355759087369244e-06	6.297482132350479614e-05	-8.587949365800891634e-05	-1.763536311124823261e-07	-6.980395845818525053e-05	9.960618942313247473e-05	6.851391461453344147e-05	1.610541528923435488e-03	1.709518916154620686e-04	-1.055925799411486671e-04	-7.870844552600900039e-04	-1.258098552897552803e-04	-1.267129600964777322e-04	9.742910852208766471e-04	-6.688415593355530553e-06	1.709520951438699816e-04	-6.397781985077155001e-04	1.502419366987135622e-05	-7.747465786387358697e-04	-1.166027161108956994e-05	-8.311752900943232612e-05	-6.448568729537166580e-04	6.297499583556132150e-05	-1.055925410270491853e-04	1.502426413234473161e-05	1.423964331860610439e-05	1.199918362369010246e-04	8.390320070524686887e-05	1.585069757890953757e-04	-1.319470342930637117e-04	-8.587972259741267372e-05	-7.870841754402611292e-04	-7.747464091429712239e-04	1.199915473649180227e-04	-1.457970707342793552e-03	-3.145711880535313591e-05	-4.627537451949596868e-05	5.218898117337269512e-05	-1.763182118834718832e-07	-1.258098646660899228e-04	-1.166005308770728028e-05	8.390322319311698256e-05	-3.145674074425544256e-05	1.519188051033148448e-04	7.823049724824078033e-05	-6.638732201984630789e-05	-6.980395416450166422e-05	-1.267130382720964071e-04	-8.311724778306854231e-05	1.585071569503889973e-04	-4.627498880902291341e-05	7.823076115750859190e-05	-2.322412073239242819e-06	2.716211388324405731e-08	9.960652845915887374e-05	9.742909709628362266e-04	-6.448570244070560026e-04	-1.319469151329937711e-04	5.218892099444422464e-05	-6.638706388011552544e-05	2.753922323468893500e-08	9.967633434641368084e-04
-1.640678442290746143e-04	2.394900481498445435e-04	-2.974986090669274572e-05	1.048972387644578124e-04	-2.197113776430678969e-04	2.835014867524361632e-05	-5.931520174157100980e-05	2.578252693534206362e-04	1.716303250392469911e-04	1.709518916154620686e-04	1.363332464791280549e-02	-3.759125380817177883e-05	2.717206900224627963e-02	3.668324898127479656e-04	5.335459829366676759e-04	-1.330975991653450714e-02	-2.389134704233703232e-05	1.292632036327692573e-02	2.696445096173680570e-02	-7.351449085990027516e-04	1.215083464728095378e-02	-3.691630566676604619e-04	-1.506691429472297675e-04	4.970472492021711869e-04	1.339661509729153329e-04	-1.317809914129938710e-04	-9.620325886742038188e-04	-3.202540165688558661e-05	-1.634121418280770578e-03	-1.479146811736823405e-06	1.191462164571736784e-04	9.198339878435764705e-04	-3.383431050305297881e-05	2.719115168952737638e-02	1.235307782900517404e-02	-1.555469386919365116e-03	-7.022082164245327645e-04	-1.267449528997676312e-03	-5.153463570401365735e-04	1.452847790006788625e-02	3.426046319701049923e-05	1.559790271935853202e-04	-4.760695102242435230e-04	6.681886287967069637e-06	-1.276250765021262308e-03	1.374377409342270371e-05	1.543840431704389553e-05	2.112321619430993815e-03	-5.445999367562762215e-05	6.559577991445363337e-04	-1.283604252262723227e-04	1.049526213586220603e-04	-5.941039433792979791e-04	1.673391898203539457e-05	-3.256526288673824087e-05	1.358372160153637365e-03	1.226051822414325797e-04	-1.302526154151054452e-02	5.644197834597206335e-04	9.390856289167183847e-04	1.385634287919876480e-02	2.140565348537991092e-03	1.078828270764158482e-03	-2.992819429076905291e-02
6.902368003590900886e-04	-2.605917249464697631e-05	-2.021974951356656517e-06	-4.472414454206954677e-04	1.422492618288556136e-05	-1.169484033489368165e-04	2.436288498718256574e-04	-1.540396717475627333e-05	-5.630677085253460272e-03	-1.055925799411486671e-04	-3.759125380817177883e-05	5.621570512298634283e-03	2.111295850937651084e-04	5.696197856101262863e-03	-3.225853997708859799e-05	-1.069968762833781113e-04	-4.169904630313794099e-06	-1.317814096971998354e-04	-3.192936865873919824e-04	5.748547907914642457e-03	-1.822570825584367716e-04	5.355321430722721071e-03	5.791227592810109515e-03	-8.004713453082343993e-05	-3.480861561614005841e-05	6.534005306602133883e-05	5.824365508975399934e-05	-3.615036515130643077e-04	1.387652334369226109e-05	-5.879776406327117538e-04	-6.162673496726588703e-04	4.958402416476016372e-05	5.584926354405831544e-03	5.650611449940754513e-05	-2.315103692030652397e-04	-1.418341857555675280e-04	-2.192218301217990664e-04	5.712693424548971957e-03	5.574977435742430043e-03	-1.108171058755465634e-04	1.750173832775774496e-04	5.661885847813304904e-05	3.594026732758142902e-05	-7.554434908365412898e-04	2.750608205469269536e-05	-9.219922305181511759e-04	-8.503693712940869095e-05	5.679625955525082535e-06	4.734686125605489437e-04	4.579102813991339598e-05	3.755344879212351122e-05	-9.542333047336223114e-04	1.820369341802550197e-05	-3.679917624717755171e-04	2.090118282711069962e-04	-7.147878597671459923e-06	-5.459862183631571109e-03	-2.241835576740468391e-04	6.775059545267835546e-05	6.130600404994637591e-03	3.749919173693978683e-04	3.474232207254449040e-05	-5.987579409395132196e-03	-3.870947037578564246e-05
-5.963205728268509314e-05	2.244600209054633979e-04	-4.199463123798979436e-06	9.311383336652745294e-05	-1.281150887109242561e-04	6.374832713120847456e-05	3.893407258531059558e-05	2.220734410190033936e-04	1.120800972966457269e-04	-7.870844552600900039e-04	2.717206900224627963e-02	2.111295850937651084e-04	5.867243592224817561e-02	9.987074888066398495e-04	1.207436193439566331e-03	-2.956873134016188565e-02	-2.356714756358155511e-04	2.719115198830072966e-02	5.761573816041655471e-02	-1.253955181106491523e-03	2.729862072327408906e-02	-5.035151628847412374e-04	1.402266302643869270e-05	-8.091694149106327515e-05	9.991730631379825908e-05	5.650610464445179258e-05	-1.758799289811028600e-03	-1.149051095129042773e-04	-3.639962323619704010e-03	-2.146043547947955874e-04	-1.288097795910332416e-04	2.418328194163092693e-03	6.934566805490041501e-05	5.854848205887992763e-02	2.720109923602150731e-02	-3.251456280896907955e-03	-6.841255770326647601e-04	-2.289013265837133021e-03	-7.732349834665753520e-04	2.936662717080023091e-02	5.700249163948877782e-05	7.780054423722573310e-04	-6.490989526359864509e-04	-1.880946457453081151e-04	-2.387858758847212146e-03	-3.187757544986394927e-04	-1.270439905644312850e-04	4.565906671350939035e-03	2.700377905888518476e-05	1.612024583153598423e-03	2.010915246371838784e-04	-1.139030157650418025e-04	-9.301182604360989708e-04	-1.323039885701745156e-04	-4.993616633507435350e-05	2.548485387703791454e-03	7.716063771813272258e-05	-2.956760503321640213e-02	-3.772644639590734425e-05	2.235771607767362591e-03	2.949802923553306727e-02	4.366283170490111928e-03	2.027572629901761014e-03	-6.462665044720615481e-02
9.572251228669812623e-04	-1.121526797894153609e-05	6.871797193184595888e-05	-6.249412140175659904e-04	2.163202570993144288e-05	-1.361086223693336599e-04	3.414304871326466007e-04	-1.442119924246900944e-05	-1.916025033062340862e-03	-1.258098552897552803e-04	3.668324898127479656e-04	5.696197856101262863e-03	9.987074888066398495e-04	1.012205468577422919e-02	2.644705267321262147e-03	-5.667910570600310453e-04	2.285113935829216278e-03	1.559790685853221736e-04	4.780818074394682518e-04	7.728498822382971062e-03	2.545828190208813306e-04	5.723850312000419369e-03	4.424268779387275502e-03	-7.287984771511048796e-05	-2.799515313435272995e-04	5.661925385267905874e-05	-1.772904936464513579e-05	-2.700086269803121447e-04	-5.479305344143496132e-05	-7.783705232288108808e-04	-6.775729119838998400e-04	1.210875893265854443e-04	9.504003002436905295e-03	7.780055443764101767e-04	4.001472399768048557e-05	-2.363164393414393574e-03	-2.933971140817936366e-04	1.948261089207667471e-03	5.645399881955929025e-03	3.971666529157376552e-04	1.342053515078428863e-04	5.631468401744924561e-05	6.376342482905169044e-06	-6.972095831692325888e-04	-2.583315514048013868e-05	-1.233712099640454831e-03	-3.618316471749682048e-06	1.386456034508280017e-04	5.566601737942951985e-04	6.433928851972499276e-05	6.129522549221417681e-05	-1.113288768922315614e-03	-3.839733173707985509e-07	-5.774538483955083757e-04	2.323221092331976038e-04	5.991352008037691769e-05	-5.651110972249435462e-03	-4.524309421337066378e-04	2.501641463736097785e-04	4.449115718044556987e-03	9.580541822766337409e-04	2.745303911893736890e-03	-7.863966809417206882e-03	-9.204304282956151956e-04
1.396954213077707119e-03	-2.649316788091930205e-05	6.523716470379030527e-05	-7.740847472858971949e-04	-1.754039423096018834e-05	-6.263054254211678450e-05	6.151890950970198123e-04	-1.740415128772271409e-05	2.694990525224397800e-03	-1.267129600964777322e-04	5.335459829366676759e-04	-3.225853997708859799e-05	1.207436193439566331e-03	2.644705267321262147e-03	7.151707915265608298e-03	-8.506154087550411944e-04	4.071797246214211609e-03	6.559599362820204595e-04	1.524988829228141139e-03	-2.529189459163892068e-03	7.424240205242810513e-04	7.871475812283896677e-05	2.783188308775349715e-03	-1.000501813699532553e-04	-7.447224159911370071e-04	4.579185799687775818e-05	-5.578056536671835083e-06	1.151154240744078918e-05	6.318371392228770982e-05	-7.503957297913835213e-04	-1.634148912043064533e-03	1.381529681343132514e-04	1.904572778775550116e-03	1.612027689654873608e-03	9.271649116087802862e-04	-6.013601191767380116e-03	1.013803427560681654e-04	-2.406547889471142773e-03	-2.240416296533308499e-04	6.692362555988043025e-04	2.074986340210184573e-05	6.434037075713492423e-05	4.462380333619676810e-05	-9.218767177130368640e-04	3.989118168027279692e-05	-1.864714147027406914e-03	-8.678712995391136588e-04	2.155718918586345921e-04	6.990831629771672179e-04	6.063922364072335151e-05	1.214491875724341835e-04	-1.953826577482951302e-03	2.736792155712897888e-05	-1.026601705883826467e-03	-1.544088474514479677e-04	8.294022461819181924e-05	3.444664271414330957e-04	-8.846223996889948475e-04	-1.707139322936007892e-04	2.547166733000962024e-03	5.165295388481450870e-04	4.727076512988316950e-03	3.339740090965513664e-03	-1.498305598203248778e-03
-1.502422763890474478e-04	2.017616015224353858e-04	5.648328095255341198e-06	4.092974502592143613e-05	1.973458643577144874e-05	-4.199231305292298107e-05	-1.151822392884880545e-04	5.935680928836054764e-05	-1.299385256289380683e-04	9.742910852208766471e-04	-1.330975991653450714e-02	-1.069968762833781113e-04	-2.956873134016188565e-02	-5.667910570600310453e-04	-8.506154087550411944e-04	1.604684900897696692e-02	7.785689594974438900e-05	-1.302526181802886145e-02	-2.898978882337515176e-02	7.187818373968163192e-04	-1.395726944432082797e-02	2.603545966516124699e-04	-9.574006252888761395e-05	6.237817409876953659e-04	5.640252976628236240e-05	-2.241831998922387526e-04	8.285289840646954326e-04	7.143098486724382818e-05	1.840472669839935153e-03	2.570706996748720529e-04	3.209337358952143657e-04	-1.586673324749173332e-03	6.846686211097922177e-06	-2.956760518132679066e-02	-1.462230731894099620e-02	1.769621395266081018e-03	-8.894341631229384787e-05	1.179713966933917902e-03	4.014647176869664733e-04	-1.454268040453251046e-02	-2.486440292846562157e-05	-4.524313718873271316e-04	1.133504837145886109e-04	2.043755195190897968e-04	8.155293029401633562e-04	3.927787996487048768e-04	1.871802196188438968e-04	-2.281032146352662739e-03	-1.119184433967969480e-04	-8.846220184947979799e-04	-5.131008835444582491e-04	2.907711191717055966e-04	2.523320263788175559e-04	1.854639827772095438e-04	3.555233656556232026e-05	-1.250836133620219452e-03	-9.186656597611554719e-05	1.524760394080615367e-02	5.627929862444731347e-04	-1.176576915631011473e-03	-1.428797001683103016e-02	-2.253666494698690521e-03	-1.124837771168503680e-03	3.285056563816022429e-02
-1.338571090623661124e-03	6.860963545570310587e-05	2.235991895219648518e-04	6.133058994255242632e-04	1.049781712842615242e-04	-3.751217927407090571e-05	-7.193045233214552178e-04	-6.684193638253258082e-06	2.223645685384762621e-03	-6.688415593355530553e-06	-2.389134704233703232e-05	-4.169904630313794099e-06	-2.356714756358155511e-04	2.285113935829216278e-03	4.071797246214211609e-03	7.785689594974438900e-05	5.646502911827136657e-03	-2.975173679721133013e-05	-2.351884140713446478e-06	-2.256176882041785459e-03	-4.507282255373726575e-05	1.297737794469182152e-04	2.573021734176136541e-03	-4.165575495337011671e-06	5.297972775966916558e-04	-2.021098160004098059e-06	-7.042222006464960620e-05	4.528159645889085920e-05	-9.193335426742023841e-05	6.026671936712119700e-04	1.387606547429516861e-03	5.643433550331974219e-05	1.869680314608959627e-03	-4.204383053814385090e-06	5.266395062504554669e-05	-3.363001504698426292e-03	3.803540057590672522e-05	-1.956094465818215399e-03	-1.916733043768724742e-05	-2.663482404664196766e-05	3.911833536147378044e-05	6.871914714365341258e-05	9.442629655638074706e-06	4.728296049340017853e-04	-4.533182313594066480e-05	9.972572353890265043e-04	5.964496428414569132e-04	1.588129204839039800e-04	-6.254163645855422612e-04	6.523807494088486553e-05	8.731927222500503866e-05	1.065982671669293358e-03	2.476662008587847744e-05	3.054063206663030095e-04	-1.387876371179473732e-04	4.694634404637152526e-05	1.509250969883738167e-04	5.650958895722775174e-06	-6.007075253526020041e-05	2.286358760166517026e-03	-2.052697937816189426e-04	6.027027465578091610e-03	2.662298955030474416e-03	2.468141835146669353e-04
-1.640679477377842744e-04	1.716296956090757042e-04	-2.388880998701836770e-05	1.339659261396475526e-04	-3.383167572436729766e-05	3.426061809440571611e-05	-5.445966268285668368e-05	1.226035660617104904e-04	2.394903916741919123e-04	1.709520951438699816e-04	1.292632036327692573e-02	-1.317814096971998354e-04	2.719115198830072966e-02	1.559790685853221736e-04	6.559599362820204595e-04	-1.302526181802886145e-02	-2.975173679721133013e-05	1.363332553465376913e-02	2.696445153890626723e-02	-9.620335940350715088e-04	1.235307765314054562e-02	-4.760705564241327764e-04	-1.283616116568170058e-04	5.644200870380203933e-04	1.048977749088697738e-04	-3.759115013399831178e-05	-7.351450068449751985e-04	-3.202530469942333185e-05	-1.555470073739038950e-03	6.682173841557824165e-06	1.049527566454419472e-04	9.390857466376172774e-04	-2.197147837959663669e-04	2.717206980581797493e-02	1.215083518553035022e-02	-1.634120959273990944e-03	-7.022082370876890633e-04	-1.276252725405487270e-03	-5.941066811546652851e-04	1.385634326109731751e-02	2.835020452548045938e-05	3.668317729397415879e-04	-3.691620085413707631e-04	-1.478948733368980471e-06	-1.267447153200270933e-03	1.374441560776789936e-05	1.673388219173093890e-05	2.140561932179294719e-03	-5.931551531319392124e-05	5.335444661319017944e-04	-1.506668784184781037e-04	1.191467409527358675e-04	-5.153438811715450483e-04	1.543913225513477726e-05	-3.256512805393645013e-05	1.078824956021308705e-03	2.578271211388274541e-04	-1.330975991224798288e-02	4.970471481990176464e-04	9.198345867114179637e-04	1.452847820804566495e-02	2.112325784427043253e-03	1.358376987859945435e-03	-2.992819496684051561e-02
-2.948833043032095453e-04	6.770933599156965608e-04	-2.348195179184655093e-06	1.899034660319941920e-04	-4.017379845456744720e-04	3.501510119110828401e-05	-9.884789563379858173e-05	5.876061554776579408e-04	6.770934468009193186e-04	-6.397781985077155001e-04	2.696445096173680570e-02	-3.192936865873919824e-04	5.761573816041655471e-02	4.780818074394682518e-04	1.524988829228141139e-03	-2.898978882337515176e-02	-2.351884140713446478e-06	2.696445153890626723e-02	5.716738382266575713e-02	-2.022707369082724343e-03	2.686106229720409966e-02	-1.004409484744443748e-03	-3.057597253689611425e-04	3.737037531379884802e-05	1.899041223784353916e-04	-3.192940171269063616e-04	-2.022706853804040038e-03	-5.383190981897631580e-05	-3.554235963267452121e-03	-1.988605217529604131e-05	1.322461196880610375e-04	1.862108972906261969e-03	-4.017431069782138094e-04	5.761573837729504904e-02	2.686106285070986172e-02	-3.554234798212119531e-03	-6.653518796881437332e-04	-2.828941521733270049e-03	-1.276618984477024404e-03	2.902239538492142404e-02	3.501492330045042522e-05	4.780803220941335133e-04	-1.004408438531802054e-03	-1.988632155104051995e-05	-2.828938370737105537e-03	-5.196364739821219804e-05	-4.635362526058004146e-05	4.528007230924121530e-03	-9.884867419939950091e-05	1.524984782756287367e-03	-3.057579761904761443e-04	1.322461137086082105e-04	-1.276614895648259251e-03	-4.635309928117078336e-05	-9.116285802930352428e-05	2.804344190770542873e-03	5.876086914181619710e-04	-2.898978843347278095e-02	3.737015544682104052e-05	1.862110447039718548e-03	2.902239533641547825e-02	4.528015011459282993e-03	2.804351720413324547e-03	-6.378759669199464410e-02
1.880968116075379566e-03	-6.259522881014287676e-05	-7.042371455796668381e-05	-1.010382226485604783e-03	-4.330061095016695804e-05	-1.050536378280049292e-04	8.638705408717352926e-04	-1.790071194612235763e-05	-4.265595097408886142e-03	1.502419366987135622e-05	-7.351449085990027516e-04	5.748547907914642457e-03	-1.253955181106491523e-03	7.728498822382971062e-03	-2.529189459163892068e-03	7.187818373968163192e-04	-2.256176882041785459e-03	-9.620335940350715088e-04	-2.022707369082724343e-03	1.001986993741679766e-02	-8.925807784221573759e-04	5.677748055625583823e-03	2.072867528533269606e-03	-9.171082830167914552e-05	-6.509310929489979915e-04	5.824353788841698501e-05	1.014890601673852378e-04	-3.128497387792790983e-04	1.271287019340623138e-04	-1.161646252653617765e-03	-1.584318337904646028e-03	-6.639802807445858724e-06	7.649794998004723692e-03	-1.758800175801099406e-03	-1.279748999572059495e-03	2.152280040986220833e-03	-4.016182450465840604e-04	4.179269237017461426e-03	5.823445287432698313e-03	-8.216288972210466189e-04	9.250864922697421262e-05	-1.773012626840808425e-05	3.662847342387573371e-05	-9.685048894033923203e-04	1.065800382741915683e-04	-1.801082529706320764e-03	-3.351700232440559630e-04	-1.662174150223871957e-04	9.722345253182794250e-04	-5.580081178340692177e-06	1.899911929822554649e-05	-1.719995302551620246e-03	2.395872541697366577e-05	-7.098961235532177949e-04	3.863798803127118948e-04	-7.063023008731879240e-05	-5.870445988763321396e-03	8.285292360044283974e-04	2.855836216914586822e-04	2.217170357654546682e-03	-7.793410106987451848e-05	-2.455853869403372240e-03	-1.068104867630499145e-02	1.639035733697030922e-03
-1.020970551097197205e-04	3.118904334598290623e-04	5.266598439841565154e-05	6.802577330993839623e-05	-4.329045165682123735e-04	2.250045746820745812e-05	2.176131499450350719e-07	3.875616462881366396e-04	4.199374972795240921e-04	-7.747465786387358697e-04	1.215083464728095378e-02	-1.822570825584367716e-04	2.729862072327408906e-02	2.545828190208813306e-04	7.424240205242810513e-04	-1.395726944432082797e-02	-4.507282255373726575e-05	1.235307765314054562e-02	2.686106229720409966e-02	-8.925807784221573759e-04	1.353433227496993185e-02	-4.810041676502272421e-04	-2.143180530801459544e-04	-5.012973960653124318e-04	7.104826402755519161e-05	-2.315109165676677763e-04	-1.279749206512465712e-03	-3.546964263716522521e-05	-1.830071269307866760e-03	-5.029969492470947939e-05	-4.870502598376416040e-06	1.010784044025074199e-03	-1.710666962535840213e-04	2.720109852495155786e-02	1.284847808111280049e-02	-1.653848109182077305e-03	7.728625332936047798e-05	-1.380679128692032399e-03	-6.060247860633295909e-04	1.316168843921699735e-02	1.502947030090665401e-05	4.001369264245151647e-05	-5.573578245111974593e-04	-4.207303907331970915e-05	-1.287865757484157013e-03	-7.317537249093097971e-05	-4.674389877693552208e-05	2.170333711508009612e-03	-2.493297464418634969e-05	9.271629491454868536e-04	6.838240941142045929e-06	-5.724054195458934241e-06	-6.907760145337224662e-04	-5.668922625166701785e-05	-3.655948522366999357e-05	1.645970189730443884e-03	3.255479239838576116e-04	-1.462230705322100158e-02	-4.968599296099355730e-04	7.407062347698795818e-04	1.342832178350749847e-02	2.054110535551514211e-03	1.262194716594779945e-03	-3.017030172094053303e-02
9.612220616872644207e-04	-1.464283306772202402e-05	9.441366775637781298e-06	-5.746836703136444209e-04	-3.060082168432324179e-05	-9.350347667172852618e-05	3.806226513359100682e-04	1.384637909828929425e-05	-5.484966754030134312e-03	-1.166027161108956994e-05	-3.691630566676604619e-04	5.355321430722721071e-03	-5.035151628847412374e-04	5.723850312000419369e-03	7.871475812283896677e-05	2.603545966516124699e-04	1.297737794469182152e-04	-4.760705564241327764e-04	-1.004409484744443748e-03	5.677748055625583823e-03	-4.810041676502272421e-04	5.519089011458758881e-03	5.805119557569698822e-03	-1.774662728149723661e-04	-1.863199848522791046e-04	3.594045338273598833e-05	3.662910416187249799e-05	-3.331821330727252660e-04	6.736924166128580222e-05	-7.389934559889370022e-04	-9.024727528040649366e-04	1.911394019826916885e-05	5.563340212155794620e-03	-6.491001297993659195e-04	-5.573577043618882293e-04	-1.287074645916228899e-04	-2.726353359800482747e-04	5.624174753476898943e-03	5.348906771423546196e-03	-4.752626003416203873e-04	2.146590376634700727e-04	6.375825959189344736e-06	2.634516192704711816e-05	-8.938312600646472136e-04	5.917349080862828150e-05	-1.194790972127388832e-03	-2.088676104921043022e-04	-4.180124798435012456e-05	6.212895164321233232e-04	4.462235390518159609e-05	4.957314657553210169e-05	-1.238629347056473175e-03	1.086668796068142109e-05	-5.327746272858874775e-04	1.685424857293022524e-04	1.430201154526517921e-05	-5.567578038650686928e-03	1.133505852563041849e-04	-3.918781481925205830e-05	6.020412935363400608e-03	-1.114896197784997039e-05	1.115517806660167244e-04	-5.921805452976246394e-03	7.409401149136975260e-04
8.430048743424405251e-04	2.448256975563218018e-05	8.731800532410687109e-05	-5.570787022566011997e-04	-1.783400823946532917e-05	-4.250181532290025680e-05	2.771265941526852654e-04	2.672314443805360072e-05	-7.333743275362847314e-03	-8.311752900943232612e-05	-1.506691429472297675e-04	5.791227592810109515e-03	1.402266302643869270e-05	4.424268779387275502e-03	2.783188308775349715e-03	-9.574006252888761395e-05	2.573021734176136541e-03	-1.283616116568170058e-04	-3.057597253689611425e-04	2.072867528533269606e-03	-2.143180530801459544e-04	5.805119557569698822e-03	1.031125415603845880e-02	-2.618895327637848700e-04	-6.247852474844952069e-05	3.755396725154884583e-05	1.900043969667034380e-05	-3.394343668856063712e-04	6.744479360259769988e-05	-7.154645850659978931e-04	-1.076794834858447406e-03	5.585015556930494483e-05	4.172492980574442692e-03	2.010897007097897779e-04	6.838063823148715658e-06	-2.437615907485361777e-03	-1.537806783363004416e-04	7.761656481167922804e-03	5.697650292769420970e-03	-2.889721483624824259e-04	3.907651978053900180e-04	6.129538414891978868e-05	4.957379084894907359e-05	-1.270449912710095103e-03	4.770573953604945563e-05	-1.469782219803342184e-03	-4.647488222727467078e-04	8.248717263619265226e-05	6.385742930217414622e-04	1.214484065242132384e-04	1.152257966982420145e-04	-1.659346037312822231e-03	1.989839296687084732e-05	-7.337122404769444266e-04	-7.512674283157339157e-05	7.943098303140163144e-05	-5.707505713749952241e-03	-5.131006915221614229e-04	-3.309252232823492413e-04	1.063000785127241749e-02	-7.423814456082510220e-06	2.737935687145387834e-03	-1.864411824647384079e-03	1.171946498769861313e-04
-4.779768225229892998e-05	9.206284913286722415e-05	-6.007080089864205578e-05	3.908856530179079995e-05	2.871669712723661861e-04	3.332855189278966773e-07	-2.859456956261410070e-05	-1.193589371582531454e-04	8.050331222573017234e-05	-6.448568729537166580e-04	4.970472492021711869e-04	-8.004713453082343993e-05	-8.091694149106327515e-05	-7.287984771511048796e-05	-1.000501813699532553e-04	6.237817409876953659e-04	-4.165575495337011671e-06	5.644200870380203933e-04	3.737037531379884802e-05	-9.171082830167914552e-05	-5.012973960653124318e-04	-1.774662728149723661e-04	-2.618895327637848700e-04	1.752105390157952282e-03	2.802624032063561014e-05	6.775111712037156994e-05	2.855837104627346025e-04	1.249778215132855662e-05	8.732282275526005505e-05	7.089354536190399286e-05	1.081293835612682445e-04	-2.374153959632087168e-04	-1.223827284445091922e-05	-3.772609729537288717e-05	-4.968598344176284112e-04	1.100164133833961497e-05	7.331050540301910830e-04	-2.017177751818548974e-04	-1.508182198888484947e-04	4.539621848817872087e-04	-7.878287942350960596e-07	2.501639883080336341e-04	-3.918709119463097818e-05	5.218857464730812729e-05	-2.150036407510463930e-04	9.005578780195172984e-05	5.092112843004208931e-05	-1.840854652273857462e-05	-2.743159940916063127e-05	-1.707143307661739776e-04	-3.309240116413694191e-04	1.117220050403743800e-04	1.766352929396237323e-06	6.526879559648905206e-05	1.511977536071195411e-05	-3.327392235988211266e-04	1.502966740098976539e-05	5.627930641045583758e-04	1.713271546398783792e-03	-1.586582548168278465e-04	4.569172369776900648e-04	2.635021010007811967e-05	6.134722545859799261e-05	1.449275105685951504e-04
-2.659493196437718449e-02	2.162617669363435156e-04	6.133017163304319442e-04	1.323131524119592999e-02	3.102488863421262689e-04	3.814560338304769007e-04	-1.259432755055190853e-02	1.601336434431819753e-04	-2.867720099372221857e-04	6.297499583556132150e-05	1.339661509729153329e-04	-3.480861561614005841e-05	9.991730631379825908e-05	-2.799515313435272995e-04	-7.447224159911370071e-04	5.640252976628236240e-05	5.297972775966916558e-04	1.048977749088697738e-04	1.899041223784353916e-04	-6.509310929489979915e-04	7.104826402755519161e-05	-1.863199848522791046e-04	-6.247852474844952069e-05	2.802624032063561014e-05	1.393424862682753756e-02	-4.472430769779139523e-04	-1.010381445194526943e-03	-2.800521588918366265e-04	-1.282169068814266455e-03	1.342229783752862254e-02	2.891673945187788961e-02	-2.377938803892211655e-04	6.931721973581848450e-04	9.311398267609751823e-05	6.802586000042593485e-05	-1.367338340683261610e-03	2.348295275151473653e-05	-2.132641758765619136e-04	1.365250653307788979e-04	7.938165001494979864e-06	3.848703358289851648e-04	-6.249440847898059259e-04	-5.746850739077602466e-04	1.315734996279885848e-02	-6.754083258747358961e-04	2.872064689434281753e-02	1.383644916250933825e-02	-2.712782364626069960e-04	-1.278183147644639667e-02	-7.740893253303105914e-04	-5.570829087020920650e-04	2.879096230043531879e-02	-2.959887295510257779e-04	1.450486367742515048e-02	6.287205079283039472e-04	8.649101849339234653e-05	-2.698976022092758895e-04	4.092981587544145320e-05	3.908869403491502427e-05	2.653454993451157679e-04	2.120347915442876037e-05	-3.693255132235755004e-04	-3.381508227287304729e-04	7.479891045924995483e-05
6.902393774144070619e-04	-5.630676641979579997e-03	-4.169628037624252927e-06	-3.480993402073869359e-05	5.584926712638336836e-03	1.750175144677559890e-04	4.734708137261216189e-04	-5.459862180682656559e-03	-2.605872388600377913e-05	-1.055925410270491853e-04	-1.317809914129938710e-04	6.534005306602133883e-05	5.650610464445179258e-05	5.661925385267905874e-05	4.579185799687775818e-05	-2.241831998922387526e-04	-2.021098160004098059e-06	-3.759115013399831178e-05	-3.192940171269063616e-04	5.824353788841698501e-05	-2.315109165676677763e-04	3.594045338273598833e-05	3.755396725154884583e-05	6.775111712037156994e-05	-4.472430769779139523e-04	5.621570657524826466e-03	5.748548202066751378e-03	-3.615037937084650526e-04	-1.418342540054280980e-04	-7.554446664067281667e-04	-9.542368626174635871e-04	6.130600342134865516e-03	1.422521402004620587e-05	2.111292120034431795e-04	-1.822573621716483709e-04	1.387631319026044761e-05	-2.192216606565723029e-04	2.750617046235698539e-05	1.820384691401145339e-05	3.749917075367744778e-04	-1.169492088645277455e-04	5.696198440026594562e-03	5.355321507668554457e-03	-5.879785136264636947e-04	5.712693196668736442e-03	-9.219942776302346476e-04	-3.679934515445276244e-04	3.474271985575827488e-05	2.436292704057196066e-04	-3.225796313543333182e-05	5.791227646649375026e-03	-6.162692599060929765e-04	5.574977536189513853e-03	-8.503722085345252963e-05	2.090123244928776742e-04	-5.987579552956175458e-03	-1.540393704522726787e-05	-1.069968297578790411e-04	-8.004653123745976927e-05	4.958419076573354389e-05	-1.108167850226996951e-04	5.680007202768266837e-06	-7.147634905666687627e-06	-3.870973616337819315e-05
1.880966743902678364e-03	-4.265594904489378517e-03	-2.256176136648362258e-03	-6.509303268931495700e-04	7.649795565614701809e-03	9.250866931073010579e-05	9.722348214985352018e-04	-5.870446215941375542e-03	-6.259439999730889324e-05	1.502426413234473161e-05	-9.620325886742038188e-04	5.824365508975399934e-05	-1.758799289811028600e-03	-1.772904936464513579e-05	-5.578056536671835083e-06	8.285289840646954326e-04	-7.042222006464960620e-05	-7.351450068449751985e-04	-2.022706853804040038e-03	1.014890601673852378e-04	-1.279749206512465712e-03	3.662910416187249799e-05	1.900043969667034380e-05	2.855837104627346025e-04	-1.010381445194526943e-03	5.748548202066751378e-03	1.001987006130357696e-02	-3.128502056518253638e-04	2.152279868269294134e-03	-9.685038549434462317e-04	-1.719994069534070422e-03	2.217170659742352841e-03	-4.330007642845233454e-05	-1.253955070178657113e-03	-8.925810192765812378e-04	1.271284349404719642e-04	-4.016184355022419782e-04	1.065803520440996682e-04	2.395912609209531753e-05	-7.793394299017000000e-05	-1.050541934819869839e-04	7.728499419317906571e-03	5.677748374320475480e-03	-1.161645700581065161e-03	4.179269366320277276e-03	-1.801080944906882381e-03	-7.098956401105995006e-04	-2.455853314724252764e-03	8.638696405054871550e-04	-2.529188916443300076e-03	2.072868068441187459e-03	-1.584316885763422788e-03	5.823445622531992980e-03	-3.351682180827630572e-04	3.863808919512210774e-04	-1.068104882950473081e-02	-1.790071380024102965e-05	7.187813801538716404e-04	-9.171040672185568586e-05	-6.639563720039190129e-06	-8.216281618668244430e-04	-1.662166450031226446e-04	-7.062971916546737568e-05	1.639034467490777577e-03
-4.093954982100173013e-04	4.122743650383841945e-04	4.528184760239745789e-05	-2.800520777465336387e-04	-1.537015939673503045e-04	7.235453207727975643e-04	-6.688970755383469562e-04	2.610085843636693976e-04	4.122745455113495426e-04	1.423964331860610439e-05	-3.202540165688558661e-05	-3.615036515130643077e-04	-1.149051095129042773e-04	-2.700086269803121447e-04	1.151154240744078918e-05	7.143098486724382818e-05	4.528159645889085920e-05	-3.202530469942333185e-05	-5.383190981897631580e-05	-3.128497387792790983e-04	-3.546964263716522521e-05	-3.331821330727252660e-04	-3.394343668856063712e-04	1.249778215132855662e-05	-2.800521588918366265e-04	-3.615037937084650526e-04	-3.128502056518253638e-04	1.684403561595812938e-03	-4.575155098278449933e-05	6.709613869790411259e-04	4.204385261958426242e-04	-3.795536053295597281e-04	-1.537010737313698164e-04	-1.149052313972892135e-04	-3.546977705248365986e-05	-4.575208450772840266e-05	1.383737948379261539e-05	-3.700690903817403375e-04	-2.002647944816820136e-04	-5.349107912269705523e-05	7.235453072928935223e-04	-2.700090711831592844e-04	-3.331822358351208642e-04	6.709614575155675069e-04	-3.700687818068779523e-04	3.828452674814915844e-04	-2.959918162170662717e-04	-3.310389803918276953e-05	-6.688970523563910354e-04	1.151110405973598545e-05	-3.394343163457405133e-04	4.204385846603443102e-04	-2.002648569743394925e-04	-2.959918992615008819e-04	-1.698828725558263093e-03	2.083286169061476681e-04	2.610084040251732540e-04	7.143082205916058327e-05	1.249769244115190160e-05	-3.795537448860980914e-04	-5.349104986401429835e-05	-3.310399345718908364e-05	2.083282418063648635e-04	9.253934406548800385e-05
2.815121620818286825e-03	-2.030891495851024249e-03	-3.363001235764348160e-03	-1.367337310171213953e-03	-1.963280875295689634e-03	-4.109389589795506644e-05	1.391062714640723102e-03	-2.842396614758831288e-05	-4.357604732896425191e-05	1.199918362369010246e-04	-1.634121418280770578e-03	1.387652334369226109e-05	-3.639962323619704010e-03	-5.479305344143496132e-05	6.318371392228770982e-05	1.840472669839935153e-03	-9.193335426742023841e-05	-1.555470073739038950e-03	-3.554235963267452121e-03	1.271287019340623138e-04	-1.830071269307866760e-03	6.736924166128580222e-05	6.744479360259769988e-05	8.732282275526005505e-05	-1.282169068814266455e-03	-1.418342540054280980e-04	2.152279868269294134e-03	-4.575155098278449933e-05	5.708592841570195656e-03	-1.224558636495923832e-03	-2.672123817945137175e-03	-2.505531433505647255e-03	-9.875675745502069031e-05	-3.251457831030035283e-03	-1.653849311086313164e-03	2.647888031261606953e-04	-7.298979911931068347e-05	2.080014688124132366e-04	4.519664340921087102e-05	-1.558978156759055315e-03	4.748418263904024547e-05	-2.363165157372145667e-03	-1.287073616529456409e-04	-1.442050758264838348e-03	2.046453505621720868e-03	-2.687141648932939598e-03	-1.189102117867077467e-03	-3.937070794282924134e-03	1.444742436846783084e-03	-6.013601910681490650e-03	-2.437615475213336311e-03	-2.977935455044553818e-03	3.316624982623057877e-05	-1.290029240988475314e-03	1.271955528987339895e-04	-2.591133797578758051e-03	5.284663070484056950e-06	1.769621978058779016e-03	1.100147851010813118e-05	-1.014113567578449272e-04	-1.730096348184906232e-03	-2.773093890090333165e-04	-6.465989471371437708e-05	3.679597551867566131e-03
-2.788034914760927768e-02	7.705921734673128447e-04	4.728253628591482871e-04	1.315735061268814322e-02	3.349571217695907063e-04	-4.502441635221127690e-04	-1.390749547576135628e-02	4.349247324000942924e-04	3.784527183633343002e-04	8.390320070524686887e-05	-1.479146811736823405e-06	-5.879776406327117538e-04	-2.146043547947955874e-04	-7.783705232288108808e-04	-7.503957297913835213e-04	2.570706996748720529e-04	6.026671936712119700e-04	6.682173841557824165e-06	-1.988605217529604131e-05	-1.161646252653617765e-03	-5.029969492470947939e-05	-7.389934559889370022e-04	-7.154645850659978931e-04	7.089354536190399286e-05	1.342229783752862254e-02	-7.554446664067281667e-04	-9.685038549434462317e-04	6.709613869790411259e-04	-1.224558636495923832e-03	1.528032080862639502e-02	3.028038911546370934e-02	-9.605938356728582067e-04	3.544126440166367529e-04	-1.880951402011569931e-04	-4.207331075669785568e-05	-1.442052517610203921e-03	3.810217553889869944e-05	-8.009134237519624413e-04	-3.285341051665328265e-04	-1.081805453181461190e-04	-4.571252038637447449e-04	-6.972120166147895192e-04	-8.938323311581874639e-04	1.452048339159034418e-02	-1.205861934396894406e-03	3.002985402366112680e-02	1.370685436008461586e-02	-5.230738536058613265e-04	-1.457027311480726256e-02	-9.218820113792685744e-04	-1.270454103844793729e-03	3.019102187389909042e-02	-5.285297546625697613e-04	1.398156478717914319e-02	-3.433661231367743285e-04	-8.254239002521788896e-05	2.417043846897907664e-04	2.043753293856120142e-04	5.218845954233487208e-05	-4.033280277509293738e-04	-1.135521053640211914e-04	-4.645760010424806281e-04	5.351753307939922260e-05	3.444156688207342435e-04
-5.860375478761410684e-02	6.536136803196939630e-04	1.065974182741547070e-03	2.879096243291841967e-02	1.081982516623509159e-03	-6.406247663221382440e-05	-2.889024484741401291e-02	2.516660284636645299e-04	3.959844598700624357e-04	1.585069757890953757e-04	1.191462164571736784e-04	-6.162673496726588703e-04	-1.288097795910332416e-04	-6.775729119838998400e-04	-1.634148912043064533e-03	3.209337358952143657e-04	1.387606547429516861e-03	1.049527566454419472e-04	1.322461196880610375e-04	-1.584318337904646028e-03	-4.870502598376416040e-06	-9.024727528040649366e-04	-1.076794834858447406e-03	1.081293835612682445e-04	2.891673945187788961e-02	-9.542368626174635871e-04	-1.719994069534070422e-03	4.204385261958426242e-04	-2.672123817945137175e-03	3.028038911546370934e-02	6.384958978097919624e-02	-9.882322162962989265e-04	1.503231106024094724e-03	-1.139039136681475656e-04	-5.724540775741252289e-06	-2.977937879001978788e-03	3.114144744134204646e-05	-1.362108199594861801e-03	-1.711904783414666621e-04	-8.408667969295204850e-05	-1.945070677549193437e-05	-1.113294709269050959e-03	-1.238632279099470242e-03	3.019102073316689075e-02	-1.636704835188865659e-03	6.322734721437121841e-02	3.010800765339731108e-02	-1.046846844064386675e-03	-2.887108238066640048e-02	-1.953836765538740933e-03	-1.659354987414481597e-03	6.372384809394866789e-02	-5.091965478872736983e-04	3.012849120634011196e-02	3.394789990571252681e-04	-5.170508062991487769e-04	-8.774983597455270079e-05	2.907710145801325639e-04	1.117219057106903486e-04	-3.786063584668916140e-04	-7.453249607789013515e-05	-6.862561235196359228e-04	-6.470633876868382749e-04	4.547661033728898948e-04
1.769761604486804049e-04	-7.970675330192293628e-03	2.286358808765745401e-03	2.653421551928211134e-04	4.233755662826819977e-03	3.685190791038301891e-04	3.284847242301216011e-04	-6.035640760351646331e-03	4.111409401522710810e-05	-1.319470342930637117e-04	9.198339878435764705e-04	4.958402416476016372e-05	2.418328194163092693e-03	1.210875893265854443e-04	1.381529681343132514e-04	-1.586673324749173332e-03	5.643433550331974219e-05	9.390857466376172774e-04	1.862108972906261969e-03	-6.639802807445858724e-06	1.010784044025074199e-03	1.911394019826916885e-05	5.585015556930494483e-05	-2.374153959632087168e-04	-2.377938803892211655e-04	6.130600342134865516e-03	2.217170659742352841e-03	-3.795536053295597281e-04	-2.505531433505647255e-03	-9.605938356728582067e-04	-9.882322162962989265e-04	1.120895672696661099e-02	3.124150402052705056e-05	2.235770690171537314e-03	7.407058613815288529e-04	-1.014115087871706605e-04	-1.659851745931281534e-04	-8.717030809254619277e-05	-1.488673707115076978e-05	1.131301770383584537e-03	-8.721799731739108131e-05	4.449116316048863651e-03	6.020412738722820054e-03	-4.033302868146627614e-04	8.214483646197671615e-03	-8.276795647247695530e-04	-4.424046764231477202e-04	2.661599784693438435e-03	-9.066367704790928236e-05	2.547167636308742163e-03	1.063000757426687745e-02	-3.786115454866207145e-04	5.957000499565489292e-03	-1.518853193525446666e-04	-6.107783028301173455e-05	-2.045015206417249033e-03	1.714439415521073904e-05	-1.176576544466417622e-03	-1.586577171947069253e-04	1.111876103583378099e-04	8.761401692447931717e-04	2.290885803271225244e-04	1.105968998409751527e-04	-2.312739968324848110e-03
-1.023469045020296677e-03	2.900504134252780778e-05	1.049778337782021826e-04	3.102507844625406949e-04	6.961317752681038984e-05	-9.989447358326050078e-05	-6.240043180368527644e-04	-7.325223167160754622e-06	-2.246045762121562806e-03	-8.587972259741267372e-05	-3.383431050305297881e-05	5.584926354405831544e-03	6.934566805490041501e-05	9.504003002436905295e-03	1.904572778775550116e-03	6.846686211097922177e-06	1.869680314608959627e-03	-2.197147837959663669e-04	-4.017431069782138094e-04	7.649794998004723692e-03	-1.710666962535840213e-04	5.563340212155794620e-03	4.172492980574442692e-03	-1.223827284445091922e-05	6.931721973581848450e-04	1.422521402004620587e-05	-4.330007642845233454e-05	-1.537010737313698164e-04	-9.875675745502069031e-05	3.544126440166367529e-04	1.503231106024094724e-03	3.124150402052705056e-05	9.166875891452881675e-03	-1.281212472785411513e-04	-4.329063579555761420e-04	-1.963280673530610598e-03	-2.769760764269709927e-04	2.249041842075357595e-03	5.620376891771460340e-03	-5.911705160088275653e-05	1.672735945782770307e-04	2.163227855227168803e-05	-3.060044947854505325e-05	3.349591889458314905e-04	-6.576875238517445146e-05	9.655987620188156897e-04	9.795327832211779898e-04	3.408820523576232758e-05	-4.923461894519847587e-04	-1.754047212448189581e-05	-1.783379505288276216e-05	1.081987132871622959e-03	-8.783240586244913311e-06	4.740335610786359241e-04	1.619956761150983257e-04	-3.907512514364828673e-06	-5.614260612694067613e-03	1.973782817855042793e-05	2.871668150344886244e-04	4.233755491184796466e-03	4.965248086798686525e-04	2.037348774236950183e-03	-8.017839496789452153e-03	1.298372791843581918e-04
-5.963148815758417831e-05	1.120798403624755118e-04	-2.356678354411892700e-04	9.991682653859274661e-05	6.935044157511808301e-05	5.700292496523468234e-05	2.700499729993751242e-05	7.715808322587093320e-05	2.244592280737007812e-04	-7.870841754402611292e-04	2.719115168952737638e-02	5.650611449940754513e-05	5.854848205887992763e-02	7.780055443764101767e-04	1.612027689654873608e-03	-2.956760518132679066e-02	-4.204383053814385090e-06	2.717206980581797493e-02	5.761573837729504904e-02	-1.758800175801099406e-03	2.720109852495155786e-02	-6.491001297993659195e-04	2.010897007097897779e-04	-3.772609729537288717e-05	9.311398267609751823e-05	2.111292120034431795e-04	-1.253955070178657113e-03	-1.149052313972892135e-04	-3.251457831030035283e-03	-1.880951402011569931e-04	-1.139039136681475656e-04	2.235770690171537314e-03	-1.281212472785411513e-04	5.867243597571314417e-02	2.729862099909533685e-02	-3.639960277771128391e-03	-6.841257524256669654e-04	-2.387860805520392472e-03	-9.301223939435839406e-04	2.949802928761011481e-02	6.374827904523071580e-05	9.987058080902842631e-04	-5.035140207858331690e-04	-2.146049441651372075e-04	-2.289009826933292510e-03	-3.187764766264207300e-04	-1.323045915223372419e-04	4.366275404260384907e-03	3.893384190668942554e-05	1.207433043653785825e-03	1.402506766643027495e-05	-1.288103791888925334e-04	-7.732309884171382521e-04	-1.270439378815203541e-04	-4.993610808146916680e-05	2.027565723400922768e-03	2.220760611730919617e-04	-2.956873059186912456e-02	-8.091694491362528652e-05	2.418329399831138128e-03	2.936662730108389324e-02	4.565912681987797928e-03	2.548492964488843684e-03	-6.462665034486514415e-02
-1.020965787571009934e-04	4.199378536889133984e-04	-4.507094468107307320e-05	7.104783635983793881e-05	-1.710644711573144851e-04	1.502974013073993067e-05	-2.493214500925196924e-05	3.255469628436806159e-04	3.118898802341373510e-04	-7.747464091429712239e-04	1.235307782900517404e-02	-2.315103692030652397e-04	2.720109923602150731e-02	4.001472399768048557e-05	9.271649116087802862e-04	-1.462230731894099620e-02	5.266395062504554669e-05	1.215083518553035022e-02	2.686106285070986172e-02	-1.279748999572059495e-03	1.284847808111280049e-02	-5.573577043618882293e-04	6.838063823148715658e-06	-4.968598344176284112e-04	6.802586000042593485e-05	-1.822573621716483709e-04	-8.925810192765812378e-04	-3.546977705248365986e-05	-1.653849311086313164e-03	-4.207331075669785568e-05	-5.724540775741252289e-06	7.407058613815288529e-04	-4.329063579555761420e-04	2.729862099909533685e-02	1.353433231027553925e-02	-1.830070654879194323e-03	7.728603166031703265e-05	-1.287866321440912440e-03	-6.907772199612765727e-04	1.342832200738543029e-02	2.250042012094834984e-05	2.545822149497106420e-04	-4.810037917926029212e-04	-5.030041734568388689e-05	-1.380677703677622541e-03	-7.317615052414291952e-05	-5.668972645137681517e-05	2.054107030958957514e-03	2.175001544807872943e-07	7.424232747915255563e-04	-2.143170054594538540e-04	-4.871360420614761751e-06	-6.060230351135266914e-04	-4.674405672850982742e-05	-3.655950816289629059e-05	1.262191790648587580e-03	3.875621231815904030e-04	-1.395726930427010695e-02	-5.012972736423389804e-04	1.010785114104597454e-03	1.316168893171828017e-02	2.170336512364594468e-03	1.645972728409060603e-03	-3.017030218666967231e-02
2.815125750320075955e-03	-4.357674049823125951e-05	-9.193468622304678812e-05	-1.282171226466733739e-03	-9.875713636574042604e-05	4.748408352280195733e-05	1.444744331352466275e-03	5.284697479106838225e-06	-2.030890978468753542e-03	1.199915473649180227e-04	-1.555469386919365116e-03	-1.418341857555675280e-04	-3.251456280896907955e-03	-2.363164393414393574e-03	-6.013601191767380116e-03	1.769621395266081018e-03	-3.363001504698426292e-03	-1.634120959273990944e-03	-3.554234798212119531e-03	2.152280040986220833e-03	-1.653848109182077305e-03	-1.287074645916228899e-04	-2.437615907485361777e-03	1.100164133833961497e-05	-1.367338340683261610e-03	1.387631319026044761e-05	1.271284349404719642e-04	-4.575208450772840266e-05	2.647888031261606953e-04	-1.442052517610203921e-03	-2.977937879001978788e-03	-1.014115087871706605e-04	-1.963280673530610598e-03	-3.639960277771128391e-03	-1.830070654879194323e-03	5.708591778374432456e-03	-7.298943471920581183e-05	2.046452434646937619e-03	3.316594191552518252e-05	-1.730095168788123956e-03	-4.109319957917755348e-05	-5.479431965652616755e-05	6.736822462939895352e-05	-1.224561260611539172e-03	2.080008616047917321e-04	-2.687144643285002341e-03	-1.290030186276678280e-03	-2.773100787593801072e-04	1.391065739158870969e-03	6.318160599766963761e-05	6.744312302162963786e-05	-2.672128921705672899e-03	4.519614948422722117e-05	-1.189103852171711617e-03	1.271960578005560012e-04	-6.466041192048878816e-05	-2.842387309064410957e-05	1.840470889421162454e-03	8.732277598068629817e-05	-2.505531275390538576e-03	-1.558977540755958260e-03	-3.937069938902626291e-03	-2.591133641826673644e-03	3.679594662012532907e-03
-5.882478361556342007e-05	1.656793035704119286e-04	3.803546653397212355e-05	2.348283312969207597e-05	-2.769763031178832909e-04	-2.596572439578612782e-06	-1.534887793775885812e-05	1.911211868462305875e-04	1.656795239098809297e-04	-1.457970707342793552e-03	-7.022082164245327645e-04	-2.192218301217990664e-04	-6.841255770326647601e-04	-2.933971140817936366e-04	1.013803427560681654e-04	-8.894341631229384787e-05	3.803540057590672522e-05	-7.022082370876890633e-04	-6.653518796881437332e-04	-4.016182450465840604e-04	7.728625332936047798e-05	-2.726353359800482747e-04	-1.537806783363004416e-04	7.331050540301910830e-04	2.348295275151473653e-05	-2.192216606565723029e-04	-4.016184355022419782e-04	1.383737948379261539e-05	-7.298979911931068347e-05	3.810217553889869944e-05	3.114144744134204646e-05	-1.659851745931281534e-04	-2.769760764269709927e-04	-6.841257524256669654e-04	7.728603166031703265e-05	-7.298943471920581183e-05	1.466134455703243383e-03	-1.533753198673674576e-04	-2.437823499327535415e-04	-7.604384835918345451e-04	-2.596575919688444074e-06	-2.933970921998422534e-04	-2.726352330817653899e-04	3.810200404979472886e-05	-1.533752002507997488e-04	6.357114610308192194e-05	-2.236669683080647216e-07	-3.425963640846538076e-05	-1.534895179148421915e-05	1.013805106536559117e-04	-1.537803926485489369e-04	3.114119674792446303e-05	-2.437825022647265320e-04	-2.237106019014834999e-07	-1.462240601170388000e-05	3.661649883899369931e-04	1.911210969365520625e-04	-8.894342795969043675e-05	7.331051192999022683e-04	-1.659857664188613222e-04	-7.604384115690138949e-04	-3.425993020227353707e-05	3.661644908722704972e-04	7.050982048871322480e-04
1.193959291607813930e-03	-2.263271174921392443e-05	-4.533339060903904532e-05	-6.754076882997357223e-04	-6.576918096316895605e-05	-6.122311180233737350e-05	4.855528799862341522e-04	2.449650285067441353e-05	-9.572772548761892056e-03	-3.145711880535313591e-05	-1.267449528997676312e-03	5.712693424548971957e-03	-2.289013265837133021e-03	1.948261089207667471e-03	-2.406547889471142773e-03	1.179713966933917902e-03	-1.956094465818215399e-03	-1.276252725405487270e-03	-2.828941521733270049e-03	4.179269237017461426e-03	-1.380679128692032399e-03	5.624174753476898943e-03	7.761656481167922804e-03	-2.017177751818548974e-04	-2.132641758765619136e-04	2.750617046235698539e-05	1.065803520440996682e-04	-3.700690903817403375e-04	2.080014688124132366e-04	-8.009134237519624413e-04	-1.362108199594861801e-03	-8.717030809254619277e-05	2.249041842075357595e-03	-2.387860805520392472e-03	-1.287866321440912440e-03	2.046452434646937619e-03	-1.533753198673674576e-04	9.879917665486136896e-03	5.753349032653324972e-03	-1.540268561436927783e-03	2.924739871316410934e-04	-2.583393721288661479e-05	5.917307345614575194e-05	-1.205861496949264203e-03	1.661983219510940093e-04	-1.430031139296754697e-03	-5.402367998617986847e-04	-2.411920689185451236e-04	7.675345462469327241e-04	3.988953151071492715e-05	4.770464810021385907e-05	-1.636703520397597179e-03	3.641581158377113768e-05	-6.423892273809525457e-04	6.852218749303512772e-05	-4.714395588304516100e-05	-5.808661148513358415e-03	8.155292707818625943e-04	-2.150049263581690776e-04	8.214484362386011151e-03	-1.100195548501583772e-03	-2.457811986705466314e-03	-4.527680393326580580e-03	2.740909580533971296e-03
3.075591746566594701e-04	1.007459792760921814e-05	2.476559710323823635e-05	-2.959875866930026080e-04	-8.783475720225680778e-06	-2.521532184950888529e-05	4.606837427852667594e-05	1.453902573789809265e-05	-5.603777696196000913e-03	-4.627537451949596868e-05	-5.153463570401365735e-04	5.574977435742430043e-03	-7.732349834665753520e-04	5.645399881955929025e-03	-2.240416296533308499e-04	4.014647176869664733e-04	-1.916733043768724742e-05	-5.941066811546652851e-04	-1.276618984477024404e-03	5.823445287432698313e-03	-6.060247860633295909e-04	5.348906771423546196e-03	5.697650292769420970e-03	-1.508182198888484947e-04	1.365250653307788979e-04	1.820384691401145339e-05	2.395912609209531753e-05	-2.002647944816820136e-04	4.519664340921087102e-05	-3.285341051665328265e-04	-1.711904783414666621e-04	-1.488673707115076978e-05	5.620376891771460340e-03	-9.301223939435839406e-04	-6.907772199612765727e-04	3.316594191552518252e-05	-2.437823499327535415e-04	5.753349032653324972e-03	5.616770757184346569e-03	-6.424066315283024058e-04	2.675483651080975576e-04	-3.842825285790859419e-07	1.086668440982230737e-05	-5.285285781075159655e-04	3.641605729604980668e-05	-4.693972279399622393e-04	9.849697757115296053e-05	-7.209084043524813788e-05	2.376342020968572294e-04	2.736701284318869521e-05	1.989797602465111779e-05	-5.091937762649045851e-04	1.051682590988970955e-05	-1.732598155714358415e-04	6.847486882264267733e-05	-4.909346327336346376e-06	-5.459774886409173196e-03	2.523336613301298032e-04	1.765724791474502484e-06	5.957000702685825815e-03	-1.282563093424251427e-04	-1.355636567343363494e-04	-6.154356455567121936e-03	1.052552866629171422e-03
4.553567748799837683e-05	-2.670298768690137475e-05	-2.052682590121275422e-04	2.120326295977421175e-05	4.965273567006750445e-04	3.085850953554551273e-05	4.687146408859236342e-05	-2.228294709094999970e-04	3.549663491004733176e-04	5.218898117337269512e-05	1.452847790006788625e-02	-1.108171058755465634e-04	2.936662717080023091e-02	3.971666529157376552e-04	6.692362555988043025e-04	-1.454268040453251046e-02	-2.663482404664196766e-05	1.385634326109731751e-02	2.902239538492142404e-02	-8.216288972210466189e-04	1.316168843921699735e-02	-4.752626003416203873e-04	-2.889721483624824259e-04	4.539621848817872087e-04	7.938165001494979864e-06	3.749917075367744778e-04	-7.793394299017000000e-05	-5.349107912269705523e-05	-1.558978156759055315e-03	-1.081805453181461190e-04	-8.408667969295204850e-05	1.131301770383584537e-03	-5.911705160088275653e-05	2.949802928761011481e-02	1.342832200738543029e-02	-1.730095168788123956e-03	-7.604384835918345451e-04	-1.540268561436927783e-03	-6.424066315283024058e-04	1.574164512773060243e-02	1.529838060619940097e-05	9.580531657870188216e-04	-1.114842798050720346e-05	-1.135522243175957210e-04	-1.100193720597966241e-03	-2.047851241485959160e-04	-8.149236294722708067e-05	2.151196825547842945e-03	4.096781068080131345e-05	5.165277040408491893e-04	-7.422780986041141828e-06	-7.453255477523175942e-05	-1.282540810208317086e-04	-3.848931458581022509e-05	9.790337512972234382e-07	4.767396945067507784e-04	2.205787025289109688e-04	-1.428796960175187855e-02	4.569171865596525898e-04	8.761405136052881522e-04	1.494219113378741567e-02	2.322859227718845551e-03	1.217397645000586198e-03	-3.250881078176233452e-02
1.020554503547882767e-04	4.028344319704106532e-05	-3.751259727673671163e-05	3.814559702972667408e-04	-9.989511760427692132e-05	1.478501949518927581e-03	4.445077059315348175e-04	4.854583374863518524e-05	-3.010687915165779051e-04	-1.763182118834718832e-07	3.426046319701049923e-05	1.750173832775774496e-04	5.700249163948877782e-05	1.342053515078428863e-04	2.074986340210184573e-05	-2.486440292846562157e-05	3.911833536147378044e-05	2.835020452548045938e-05	3.501492330045042522e-05	9.250864922697421262e-05	1.502947030090665401e-05	2.146590376634700727e-04	3.907651978053900180e-04	-7.878287942350960596e-07	3.848703358289851648e-04	-1.169492088645277455e-04	-1.050541934819869839e-04	7.235453072928935223e-04	4.748418263904024547e-05	-4.571252038637447449e-04	-1.945070677549193437e-05	-8.721799731739108131e-05	1.672735945782770307e-04	6.374827904523071580e-05	2.250042012094834984e-05	-4.109319957917755348e-05	-2.596575919688444074e-06	2.924739871316410934e-04	2.675483651080975576e-04	1.529838060619940097e-05	1.516983481549703068e-03	-1.361095761754525443e-04	-9.350401724087534444e-05	-4.502442554867558096e-04	-6.122343157933603675e-05	4.347865343118386913e-05	5.162579907911695951e-04	-5.932117984310932094e-05	5.132663453438639266e-04	-6.263061870436057322e-05	-4.250242465299943102e-05	-6.406256989061197998e-05	-2.521581037304585019e-05	4.505070533469482798e-04	-6.549796849718362820e-04	7.111060357746558391e-05	-2.646964124901853748e-04	-4.199209489715954147e-05	3.334053841170092405e-07	3.685189271432045199e-04	3.085850462372835746e-05	3.042891076388680403e-05	-1.311002808227576142e-04	-3.978058448731262977e-05
9.572293154056755148e-04	-1.916024731102134240e-03	2.285113961073146054e-03	-2.799528695035311118e-04	9.504003537639858432e-03	1.342058725358977883e-04	5.566637873805613517e-04	-5.651111124282375518e-03	-1.121453291557261716e-05	-1.258098646660899228e-04	1.559790271935853202e-04	5.661885847813304904e-05	7.780054423722573310e-04	5.631468401744924561e-05	6.434037075713492423e-05	-4.524313718873271316e-04	6.871914714365341258e-05	3.668317729397415879e-04	4.780803220941335133e-04	-1.773012626840808425e-05	4.001369264245151647e-05	6.375825959189344736e-06	6.129538414891978868e-05	2.501639883080336341e-04	-6.249440847898059259e-04	5.696198440026594562e-03	7.728499419317906571e-03	-2.700090711831592844e-04	-2.363165157372145667e-03	-6.972120166147895192e-04	-1.113294709269050959e-03	4.449116316048863651e-03	2.163227855227168803e-05	9.987058080902842631e-04	2.545822149497106420e-04	-5.479431965652616755e-05	-2.933970921998422534e-04	-2.583393721288661479e-05	-3.842825285790859419e-07	9.580531657870188216e-04	-1.361095761754525443e-04	1.012205599904725944e-02	5.723850567101262596e-03	-7.783721669715340866e-04	1.948260394669287104e-03	-1.233715854346633181e-03	-5.774565727868553357e-04	2.745305248953138454e-03	3.414318945213210606e-04	2.644706538928952820e-03	4.424268956067871003e-03	-6.775755577464286084e-04	5.645399938602956372e-03	-3.619055528378632449e-06	2.323229483291132922e-04	-7.863966649395270209e-03	-1.442091455746942613e-05	-5.667905216662342573e-04	-7.287933733003912362e-05	1.210879259810596938e-04	3.971672738990355872e-04	1.386465325781457286e-04	5.991429018037047814e-05	-9.204310405485786927e-04
9.612241540952802619e-04	-5.484966545995002656e-03	1.297735555787141572e-04	-1.863207850701667717e-04	5.563340294294826308e-03	2.146593974174469796e-04	6.212914231627027391e-04	-5.567577964756709186e-03	-1.464202312247792095e-05	-1.166005308770728028e-05	-4.760695102242435230e-04	3.594026732758142902e-05	-6.490989526359864509e-04	6.376342482905169044e-06	4.462380333619676810e-05	1.133504837145886109e-04	9.442629655638074706e-06	-3.691620085413707631e-04	-1.004408438531802054e-03	3.662847342387573371e-05	-5.573578245111974593e-04	2.634516192704711816e-05	4.957379084894907359e-05	-3.918709119463097818e-05	-5.746850739077602466e-04	5.355321507668554457e-03	5.677748374320475480e-03	-3.331822358351208642e-04	-1.287073616529456409e-04	-8.938323311581874639e-04	-1.238632279099470242e-03	6.020412738722820054e-03	-3.060044947854505325e-05	-5.035140207858331690e-04	-4.810037917926029212e-04	6.736822462939895352e-05	-2.726352330817653899e-04	5.917307345614575194e-05	1.086668440982230737e-05	-1.114842798050720346e-05	-9.350401724087534444e-05	5.723850567101262596e-03	5.519088892661280950e-03	-7.389940409240128554e-04	5.624174390715506837e-03	-1.194792384759429688e-03	-5.327758326344235202e-04	1.115520438340760769e-04	3.806229283086854038e-04	7.871491473817973942e-05	5.805119260039825688e-03	-9.024740087273560836e-04	5.348906690218238960e-03	-2.088677241623212587e-04	1.685427900568143634e-04	-5.921805516827027827e-03	1.384656739166060999e-05	2.603541064381480847e-04	-1.774656789996312831e-04	1.911416102474539742e-05	-4.752615462219824012e-04	-4.180046469642714399e-05	1.430260259922310920e-05	7.409383641988672581e-04
-2.788034826179258685e-02	3.784524328660113603e-04	6.026649114473977414e-04	1.342229738695382285e-02	3.544116438381714760e-04	-4.571252740394472335e-04	-1.457027245931878309e-02	2.417050536069885762e-04	7.705927848217281788e-04	8.390322319311698256e-05	6.681886287967069637e-06	-7.554434908365412898e-04	-1.880946457453081151e-04	-6.972095831692325888e-04	-9.218767177130368640e-04	2.043755195190897968e-04	4.728296049340017853e-04	-1.478948733368980471e-06	-1.988632155104051995e-05	-9.685048894033923203e-04	-4.207303907331970915e-05	-8.938312600646472136e-04	-1.270449912710095103e-03	5.218857464730812729e-05	1.315734996279885848e-02	-5.879785136264636947e-04	-1.161645700581065161e-03	6.709614575155675069e-04	-1.442050758264838348e-03	1.452048339159034418e-02	3.019102073316689075e-02	-4.033302868146627614e-04	3.349591889458314905e-04	-2.146049441651372075e-04	-5.030041734568388689e-05	-1.224561260611539172e-03	3.810200404979472886e-05	-1.205861496949264203e-03	-5.285285781075159655e-04	-1.135522243175957210e-04	-4.502442554867558096e-04	-7.783721669715340866e-04	-7.389940409240128554e-04	1.528031991830870392e-02	-8.009132710605467234e-04	3.002985292200806983e-02	1.398156417972444554e-02	-4.645779700107049862e-04	-1.390749542183441004e-02	-7.503997705487075323e-04	-7.154670835628422054e-04	3.028038824315856109e-02	-3.285344421301057563e-04	1.370685380002094333e-02	-3.433662264013857086e-04	5.351598836365587029e-05	4.349237938989904215e-04	2.570705945314839705e-04	7.089352338756355477e-05	-9.605906352232966962e-04	-1.081802637241603324e-04	-5.230710836462877655e-04	-8.254095279326299425e-05	3.444155883720840606e-04
1.193960302005618850e-03	-9.572772646572254296e-03	-1.956095129162485971e-03	-2.132651355904187742e-04	2.249041342980595548e-03	2.924740561877421001e-04	7.675351170260986261e-04	-5.808660919134237682e-03	-2.263176302215838987e-05	-3.145674074425544256e-05	-1.276250765021262308e-03	2.750608205469269536e-05	-2.387858758847212146e-03	-2.583315514048013868e-05	3.989118168027279692e-05	8.155293029401633562e-04	-4.533182313594066480e-05	-1.267447153200270933e-03	-2.828938370737105537e-03	1.065800382741915683e-04	-1.287865757484157013e-03	5.917349080862828150e-05	4.770573953604945563e-05	-2.150036407510463930e-04	-6.754083258747358961e-04	5.712693196668736442e-03	4.179269366320277276e-03	-3.700687818068779523e-04	2.046453505621720868e-03	-1.205861934396894406e-03	-1.636704835188865659e-03	8.214483646197671615e-03	-6.576875238517445146e-05	-2.289009826933292510e-03	-1.380677703677622541e-03	2.080008616047917321e-04	-1.533752002507997488e-04	1.661983219510940093e-04	3.641605729604980668e-05	-1.100193720597966241e-03	-6.122343157933603675e-05	1.948260394669287104e-03	5.624174390715506837e-03	-8.009132710605467234e-04	9.879917908476632676e-03	-1.430031476718480023e-03	-6.423896908081130159e-04	-2.457812794443216264e-03	4.855526027323082256e-04	-2.406548740463849631e-03	7.761655849885839772e-03	-1.362109212013579672e-03	5.753348912226158469e-03	-5.402369121397022390e-04	6.852198111819527587e-05	-4.527680641800622269e-03	2.449666260736925216e-05	1.179712578907209358e-03	-2.017172813733478188e-04	-8.717015666390647791e-05	-1.540267403304093142e-03	-2.411913010474715671e-04	-4.714337012199115338e-05	2.740907131063887933e-03
-5.831804578454138910e-02	4.980758206306330586e-04	9.972505792293527224e-04	2.872064670206075920e-02	9.655962534175058275e-04	4.347851362332477243e-05	-2.858723764652125465e-02	2.222180918434511039e-04	4.980764693465022756e-04	1.519188051033148448e-04	1.374377409342270371e-05	-9.219922305181511759e-04	-3.187757544986394927e-04	-1.233712099640454831e-03	-1.864714147027406914e-03	3.927787996487048768e-04	9.972572353890265043e-04	1.374441560776789936e-05	-5.196364739821219804e-05	-1.801082529706320764e-03	-7.317537249093097971e-05	-1.194790972127388832e-03	-1.469782219803342184e-03	9.005578780195172984e-05	2.872064689434281753e-02	-9.219942776302346476e-04	-1.801080944906882381e-03	3.828452674814915844e-04	-2.687141648932939598e-03	3.002985402366112680e-02	6.322734721437121841e-02	-8.276795647247695530e-04	9.655987620188156897e-04	-3.187764766264207300e-04	-7.317615052414291952e-05	-2.687144643285002341e-03	6.357114610308192194e-05	-1.430031139296754697e-03	-4.693972279399622393e-04	-2.047851241485959160e-04	4.347865343118386913e-05	-1.233715854346633181e-03	-1.194792384759429688e-03	3.002985292200806983e-02	-1.430031476718480023e-03	6.319530295357254912e-02	3.009122859571466274e-02	-1.176895184250584259e-03	-2.858723815333774620e-02	-1.864722166564833621e-03	-1.469788310645989051e-03	6.322734709763887240e-02	-4.693985299140129462e-04	3.009122874358521188e-02	4.494599433345666914e-04	-4.203170608514271087e-04	2.222164602677031975e-04	3.927786806842361754e-04	9.005579707057209270e-05	-8.276741196501467010e-04	-2.047845540881894030e-04	-1.176890110600454457e-03	-4.203142842478472933e-04	6.692182249086195758e-04
-2.761104069038960301e-02	1.115883420530096445e-04	3.054023343754489069e-04	1.450486355389676331e-02	4.740316927835361337e-04	4.505069638003901230e-04	-1.324749735676102741e-02	4.845896952455959624e-05	7.328722289722646506e-05	7.823049724824078033e-05	1.543840431704389553e-05	-8.503693712940869095e-05	-1.270439905644312850e-04	-3.618316471749682048e-06	-8.678712995391136588e-04	1.871802196188438968e-04	5.964496428414569132e-04	1.673388219173093890e-05	-4.635362526058004146e-05	-3.351700232440559630e-04	-4.674389877693552208e-05	-2.088676104921043022e-04	-4.647488222727467078e-04	5.092112843004208931e-05	1.383644916250933825e-02	-3.679934515445276244e-04	-7.098956401105995006e-04	-2.959918162170662717e-04	-1.189102117867077467e-03	1.370685436008461586e-02	3.010800765339731108e-02	-4.424046764231477202e-04	9.795327832211779898e-04	-1.323045915223372419e-04	-5.668972645137681517e-05	-1.290030186276678280e-03	-2.236669683080647216e-07	-5.402367998617986847e-04	9.849697757115296053e-05	-8.149236294722708067e-05	5.162579907911695951e-04	-5.774565727868553357e-04	-5.327758326344235202e-04	1.398156417972444554e-02	-6.423896908081130159e-04	3.009122859571466274e-02	1.534409824386552372e-02	-7.316442232364695018e-04	-1.295493392135175711e-02	-1.026605988624269350e-03	-7.337158784227340927e-04	3.012849106380322689e-02	-1.732609875779713912e-04	1.454546930238566002e-02	7.860757944274052731e-04	-3.617331212595066548e-04	-2.385090191901953070e-04	1.854639922964249293e-04	6.526885462678497576e-05	-1.518828805926321183e-04	-3.848907911834803264e-05	-3.831375030343523737e-04	-6.953673760561524843e-04	3.199888428540558633e-04
5.048697294053430037e-04	2.518847138938618696e-03	6.027027656766224643e-03	-3.693276997829370240e-04	2.037349302625383884e-03	3.042899889027474568e-05	3.440469626174642338e-04	2.010780876219884833e-04	9.346769578556774318e-05	-6.638732201984630789e-05	2.112321619430993815e-03	5.679625955525082535e-06	4.565906671350939035e-03	1.386456034508280017e-04	2.155718918586345921e-04	-2.281032146352662739e-03	1.588129204839039800e-04	2.140561932179294719e-03	4.528007230924121530e-03	-1.662174150223871957e-04	2.170333711508009612e-03	-4.180124798435012456e-05	8.248717263619265226e-05	-1.840854652273857462e-05	-2.712782364626069960e-04	3.474271985575827488e-05	-2.455853314724252764e-03	-3.310389803918276953e-05	-3.937070794282924134e-03	-5.230738536058613265e-04	-1.046846844064386675e-03	2.661599784693438435e-03	3.408820523576232758e-05	4.366275404260384907e-03	2.054107030958957514e-03	-2.773100787593801072e-04	-3.425963640846538076e-05	-2.411920689185451236e-04	-7.209084043524813788e-05	2.151196825547842945e-03	-5.932117984310932094e-05	2.745305248953138454e-03	1.115520438340760769e-04	-4.645779700107049862e-04	-2.457812794443216264e-03	-1.176895184250584259e-03	-7.316442232364695018e-04	7.140611649582771087e-03	1.610405303682470313e-04	4.727078129381066633e-03	2.737935990749264682e-03	-6.862595161091369174e-04	-1.355637084116766535e-04	-3.831400147185768561e-04	-1.353200679741144272e-04	3.140824954624390347e-03	3.221132586838515314e-05	-2.253663259258970996e-03	2.635019935858343729e-05	2.290888019836870737e-04	2.322856733594201757e-03	5.705649460463121112e-04	2.826143062679589528e-04	-4.877906418823015761e-03
2.678985348976802017e-02	-8.287869129053981431e-05	-7.193016392069838828e-04	-1.259432801535293953e-02	-6.240029474770880180e-04	4.445076903959468105e-04	1.340057601747063690e-02	5.933044661271018929e-05	-3.524074727835222408e-04	-6.980395416450166422e-05	-5.445999367562762215e-05	4.734686125605489437e-04	2.700377905888518476e-05	5.566601737942951985e-04	6.990831629771672179e-04	-1.119184433967969480e-04	-6.254163645855422612e-04	-5.931551531319392124e-05	-9.884867419939950091e-05	9.722345253182794250e-04	-2.493297464418634969e-05	6.212895164321233232e-04	6.385742930217414622e-04	-2.743159940916063127e-05	-1.278183147644639667e-02	2.436292704057196066e-04	8.638696405054871550e-04	-6.688970523563910354e-04	1.444742436846783084e-03	-1.457027311480726256e-02	-2.887108238066640048e-02	-9.066367704790928236e-05	-4.923461894519847587e-04	3.893384190668942554e-05	2.175001544807872943e-07	1.391065739158870969e-03	-1.534895179148421915e-05	7.675345462469327241e-04	2.376342020968572294e-04	4.096781068080131345e-05	5.132663453438639266e-04	3.414318945213210606e-04	3.806229283086854038e-04	-1.390749542183441004e-02	4.855526027323082256e-04	-2.858723815333774620e-02	-1.295493392135175711e-02	1.610405303682470313e-04	1.412013137231494728e-02	6.151927771192458811e-04	2.771289515642945032e-04	-2.889024573482094557e-02	4.606881389685673711e-05	-1.324749753943763389e-02	4.813960571968396414e-04	1.109325254941735808e-04	-1.589718811028822173e-04	-1.151817066157730357e-04	-2.859436233630086011e-05	3.284805398194711595e-04	4.687129143402519300e-05	3.440437122993127259e-04	6.891825401050298626e-05	-1.716765465008200490e-04
1.396962477694500132e-03	2.694990500272617141e-03	4.071796616047146378e-03	-7.447253211727278537e-04	1.904572670744435680e-03	2.075090186349993273e-05	6.990884142678594360e-04	3.444663642763353111e-04	-2.649255167314542515e-05	-1.267130382720964071e-04	6.559577991445363337e-04	4.579102813991339598e-05	1.612024583153598423e-03	6.433928851972499276e-05	6.063922364072335151e-05	-8.846220184947979799e-04	6.523807494088486553e-05	5.335444661319017944e-04	1.524984782756287367e-03	-5.580081178340692177e-06	9.271629491454868536e-04	4.462235390518159609e-05	1.214484065242132384e-04	-1.707143307661739776e-04	-7.740893253303105914e-04	-3.225796313543333182e-05	-2.529188916443300076e-03	1.151110405973598545e-05	-6.013601910681490650e-03	-9.218820113792685744e-04	-1.953836765538740933e-03	2.547167636308742163e-03	-1.754047212448189581e-05	1.207433043653785825e-03	7.424232747915255563e-04	6.318160599766963761e-05	1.013805106536559117e-04	3.988953151071492715e-05	2.736701284318869521e-05	5.165277040408491893e-04	-6.263061870436057322e-05	2.644706538928952820e-03	7.871491473817973942e-05	-7.503997705487075323e-04	-2.406548740463849631e-03	-1.864722166564833621e-03	-1.026605988624269350e-03	4.727078129381066633e-03	6.151927771192458811e-04	7.151709187867604303e-03	2.783188223777712314e-03	-1.634155549818774910e-03	-2.240419484345735994e-04	-8.678746721226510792e-04	-1.544087829447482354e-04	3.339740745731751420e-03	-1.740352043438746560e-05	-8.506138000765651758e-04	-1.000505210902090473e-04	1.381534706333463036e-04	6.692350887943215171e-04	2.155732071962248491e-04	8.294140880557175546e-05	-1.498303450603778991e-03
8.430119369499340437e-04	-7.333743287859141244e-03	2.573020615981092170e-03	-6.248155860794980029e-05	4.172492518916307361e-03	3.907659367721840241e-04	6.385787509381290594e-04	-5.707505538077176435e-03	2.448340953207335595e-05	-8.311724778306854231e-05	-1.283604252262723227e-04	3.755344879212351122e-05	2.010915246371838784e-04	6.129522549221417681e-05	1.214491875724341835e-04	-5.131008835444582491e-04	8.731927222500503866e-05	-1.506668784184781037e-04	-3.057579761904761443e-04	1.899911929822554649e-05	6.838240941142045929e-06	4.957314657553210169e-05	1.152257966982420145e-04	-3.309240116413694191e-04	-5.570829087020920650e-04	5.791227646649375026e-03	2.072868068441187459e-03	-3.394343163457405133e-04	-2.437615475213336311e-03	-1.270454103844793729e-03	-1.659354987414481597e-03	1.063000757426687745e-02	-1.783379505288276216e-05	1.402506766643027495e-05	-2.143170054594538540e-04	6.744312302162963786e-05	-1.537803926485489369e-04	4.770464810021385907e-05	1.989797602465111779e-05	-7.422780986041141828e-06	-4.250242465299943102e-05	4.424268956067871003e-03	5.805119260039825688e-03	-7.154670835628422054e-04	7.761655849885839772e-03	-1.469788310645989051e-03	-7.337158784227340927e-04	2.737935990749264682e-03	2.771289515642945032e-04	2.783188223777712314e-03	1.031125332058573270e-02	-1.076800351257188636e-03	5.697649855500963416e-03	-4.647512781423029818e-04	-7.512674882772564251e-05	-1.864411727991212298e-03	2.672354783406869915e-05	-9.574106480166710137e-05	-2.618888335339643954e-04	5.585049168417953870e-05	-2.889704938687895526e-04	8.248822334351225039e-05	7.943182390736738558e-05	1.171919812631687119e-04
-5.860375511576050578e-02	3.959848659268701884e-04	1.387601647111945651e-03	2.891673944864207174e-02	1.503229395979556460e-03	-1.945102984403674094e-05	-2.887108220194446045e-02	-8.774808983742772670e-05	6.536135178837279179e-04	1.585071569503889973e-04	1.049526213586220603e-04	-9.542333047336223114e-04	-1.139030157650418025e-04	-1.113288768922315614e-03	-1.953826577482951302e-03	2.907711191717055966e-04	1.065982671669293358e-03	1.191467409527358675e-04	1.322461137086082105e-04	-1.719995302551620246e-03	-5.724054195458934241e-06	-1.238629347056473175e-03	-1.659346037312822231e-03	1.117220050403743800e-04	2.879096230043531879e-02	-6.162692599060929765e-04	-1.584316885763422788e-03	4.204385846603443102e-04	-2.977935455044553818e-03	3.019102187389909042e-02	6.372384809394866789e-02	-3.786115454866207145e-04	1.081987132871622959e-03	-1.288103791888925334e-04	-4.871360420614761751e-06	-2.672128921705672899e-03	3.114119674792446303e-05	-1.636703520397597179e-03	-5.091937762649045851e-04	-7.453255477523175942e-05	-6.406256989061197998e-05	-6.775755577464286084e-04	-9.024740087273560836e-04	3.028038824315856109e-02	-1.362109212013579672e-03	6.322734709763887240e-02	3.012849106380322689e-02	-6.862595161091369174e-04	-2.889024573482094557e-02	-1.634155549818774910e-03	-1.076800351257188636e-03	6.384958993017071649e-02	-1.711915948396643768e-04	3.010800741275786868e-02	3.394787877709262280e-04	-6.470657538176658938e-04	2.516629515130224437e-04	3.209337630105420355e-04	1.081295135814158470e-04	-9.882239163361442123e-04	-8.408612707294055668e-05	-1.046839975346813660e-03	-5.170483166574108913e-04	4.547659494119791427e-04
3.075610490701684795e-04	-5.603777706354328217e-03	-1.916784713765262352e-05	1.365242917897024899e-04	5.620376850421255829e-03	2.675487739976648905e-04	2.376358443026583428e-04	-5.459774903076871667e-03	1.007527660031619798e-05	-4.627498880902291341e-05	-5.941039433792979791e-04	1.820369341802550197e-05	-9.301182604360989708e-04	-3.839733173707985509e-07	2.736792155712897888e-05	2.523320263788175559e-04	2.476662008587847744e-05	-5.153438811715450483e-04	-1.276614895648259251e-03	2.395872541697366577e-05	-6.907760145337224662e-04	1.086668796068142109e-05	1.989839296687084732e-05	1.766352929396237323e-06	-2.959887295510257779e-04	5.574977536189513853e-03	5.823445622531992980e-03	-2.002648569743394925e-04	3.316624982623057877e-05	-5.285297546625697613e-04	-5.091965478872736983e-04	5.957000499565489292e-03	-8.783240586244913311e-06	-7.732309884171382521e-04	-6.060230351135266914e-04	4.519614948422722117e-05	-2.437825022647265320e-04	3.641581158377113768e-05	1.051682590988970955e-05	-1.282540810208317086e-04	-2.521581037304585019e-05	5.645399938602956372e-03	5.348906690218238960e-03	-3.285344421301057563e-04	5.753348912226158469e-03	-4.693985299140129462e-04	-1.732609875779713912e-04	-1.355637084116766535e-04	4.606881389685673711e-05	-2.240419484345735994e-04	5.697649855500963416e-03	-1.711915948396643768e-04	5.616770763319235173e-03	9.849712124214695329e-05	6.847526269996645964e-05	-6.154356764239470035e-03	1.453918428285684160e-05	4.014629234220543161e-04	-1.508175728515484537e-04	-1.488657964007812074e-05	-6.424040609286779668e-04	-7.209016061362338986e-05	-4.908851250248527621e-06	1.052548014461628014e-03
-2.761104059760680074e-02	7.328692168594153327e-05	5.964467403592293689e-04	1.383644897239822737e-02	9.795329391637328659e-04	5.162577633063975815e-04	-1.295493383614496757e-02	-2.385087357003194187e-04	1.115884056332118099e-04	7.823076115750859190e-05	1.673391898203539457e-05	-3.679917624717755171e-04	-1.323039885701745156e-04	-5.774538483955083757e-04	-1.026601705883826467e-03	1.854639827772095438e-04	3.054063206663030095e-04	1.543913225513477726e-05	-4.635309928117078336e-05	-7.098961235532177949e-04	-5.668922625166701785e-05	-5.327746272858874775e-04	-7.337122404769444266e-04	6.526879559648905206e-05	1.450486367742515048e-02	-8.503722085345252963e-05	-3.351682180827630572e-04	-2.959918992615008819e-04	-1.290029240988475314e-03	1.398156478717914319e-02	3.012849120634011196e-02	-1.518853193525446666e-04	4.740335610786359241e-04	-1.270439378815203541e-04	-4.674405672850982742e-05	-1.189103852171711617e-03	-2.237106019014834999e-07	-6.423892273809525457e-04	-1.732598155714358415e-04	-3.848931458581022509e-05	4.505070533469482798e-04	-3.619055528378632449e-06	-2.088677241623212587e-04	1.370685380002094333e-02	-5.402369121397022390e-04	3.009122874358521188e-02	1.454546930238566002e-02	-3.831400147185768561e-04	-1.324749753943763389e-02	-8.678746721226510792e-04	-4.647512781423029818e-04	3.010800741275786868e-02	9.849712124214695329e-05	1.534409826374625273e-02	7.860757788965176077e-04	-6.953696243737542398e-04	4.845762838262740647e-05	1.871802276943349648e-04	5.092125525024853209e-05	-4.424009590507302359e-04	-8.149176969075395884e-05	-7.316407738723346849e-04	-3.617319873254391349e-04	3.199887633308795163e-04
-1.494066418410219940e-04	-1.298590536511738810e-04	-1.387879632821015165e-04	6.287204102091647432e-04	1.619967000025873878e-04	-6.549798044289910619e-04	4.813958834506588415e-04	-1.170462296959548466e-04	-1.298590004892787747e-04	-2.322412073239242819e-06	-3.256526288673824087e-05	2.090118282711069962e-04	-4.993616633507435350e-05	2.323221092331976038e-04	-1.544088474514479677e-04	3.555233656556232026e-05	-1.387876371179473732e-04	-3.256512805393645013e-05	-9.116285802930352428e-05	3.863798803127118948e-04	-3.655948522366999357e-05	1.685424857293022524e-04	-7.512674283157339157e-05	1.511977536071195411e-05	6.287205079283039472e-04	2.090123244928776742e-04	3.863808919512210774e-04	-1.698828725558263093e-03	1.271955528987339895e-04	-3.433661231367743285e-04	3.394789990571252681e-04	-6.107783028301173455e-05	1.619956761150983257e-04	-4.993610808146916680e-05	-3.655950816289629059e-05	1.271960578005560012e-04	-1.462240601170388000e-05	6.852218749303512772e-05	6.847486882264267733e-05	9.790337512972234382e-07	-6.549796849718362820e-04	2.323229483291132922e-04	1.685427900568143634e-04	-3.433662264013857086e-04	6.852198111819527587e-05	4.494599433345666914e-04	7.860757944274052731e-04	-1.353200679741144272e-04	4.813960571968396414e-04	-1.544087829447482354e-04	-7.512674882772564251e-05	3.394787877709262280e-04	6.847526269996645964e-05	7.860757788965176077e-04	1.848190283312984607e-03	-3.412172471192374498e-04	-1.170458196641669589e-04	3.555242550903995073e-05	1.511989225252792697e-05	-6.107780534828587387e-05	9.792930655090979601e-07	-1.353199457562032884e-04	-3.412162630616273661e-04	7.539004547855318269e-05
1.043163189104087099e-04	4.668392707036692589e-03	2.662299043631203167e-03	-3.381520824615484784e-04	-8.017839801900666225e-03	-1.311001642055856405e-04	6.891904787687869920e-05	6.252387780468856952e-03	8.293172703734895358e-06	2.716211388324405731e-08	1.358372160153637365e-03	-7.147878597671459923e-06	2.548485387703791454e-03	5.991352008037691769e-05	8.294022461819181924e-05	-1.250836133620219452e-03	4.694634404637152526e-05	1.078824956021308705e-03	2.804344190770542873e-03	-7.063023008731879240e-05	1.645970189730443884e-03	1.430201154526517921e-05	7.943098303140163144e-05	-3.327392235988211266e-04	8.649101849339234653e-05	-5.987579552956175458e-03	-1.068104882950473081e-02	2.083286169061476681e-04	-2.591133797578758051e-03	-8.254239002521788896e-05	-5.170508062991487769e-04	-2.045015206417249033e-03	-3.907512514364828673e-06	2.027565723400922768e-03	1.262191790648587580e-03	-6.466041192048878816e-05	3.661649883899369931e-04	-4.714395588304516100e-05	-4.909346327336346376e-06	4.767396945067507784e-04	7.111060357746558391e-05	-7.863966649395270209e-03	-5.921805516827027827e-03	5.351598836365587029e-05	-4.527680641800622269e-03	-4.203170608514271087e-04	-3.617331212595066548e-04	3.140824954624390347e-03	1.109325254941735808e-04	3.339740745731751420e-03	-1.864411727991212298e-03	-6.470657538176658938e-04	-6.154356764239470035e-03	-6.953696243737542398e-04	-3.412172471192374498e-04	1.165493760905603193e-02	1.018805519294227588e-06	-1.124834569085550939e-03	6.134646078434288362e-05	1.105970399726837578e-04	1.217393478757008637e-03	2.826144064600527236e-04	1.309750376572824560e-04	-2.548102657986670364e-03
-7.154570522985170974e-05	-2.148313148821331346e-05	-6.683890268668623593e-06	1.601321892937727454e-04	-7.325176774916443488e-06	4.854511611962803613e-05	5.933080764183612955e-05	-1.547026692602540042e-05	5.778107697122803268e-03	9.960652845915887374e-05	1.226051822414325797e-04	-5.459862183631571109e-03	7.716063771813272258e-05	-5.651110972249435462e-03	3.444664271414330957e-04	-9.186656597611554719e-05	1.509250969883738167e-04	2.578271211388274541e-04	5.876086914181619710e-04	-5.870445988763321396e-03	3.255479239838576116e-04	-5.567578038650686928e-03	-5.707505713749952241e-03	1.502966740098976539e-05	-2.698976022092758895e-04	-1.540393704522726787e-05	-1.790071380024102965e-05	2.610084040251732540e-04	5.284663070484056950e-06	2.417043846897907664e-04	-8.774983597455270079e-05	1.714439415521073904e-05	-5.614260612694067613e-03	2.220760611730919617e-04	3.875621231815904030e-04	-2.842387309064410957e-05	1.911210969365520625e-04	-5.808661148513358415e-03	-5.459774886409173196e-03	2.205787025289109688e-04	-2.646964124901853748e-04	-1.442091455746942613e-05	1.384656739166060999e-05	4.349237938989904215e-04	2.449666260736925216e-05	2.222164602677031975e-04	-2.385090191901953070e-04	3.221132586838515314e-05	-1.589718811028822173e-04	-1.740352043438746560e-05	2.672354783406869915e-05	2.516629515130224437e-04	1.453918428285684160e-05	4.845762838262740647e-05	-1.170458196641669589e-04	1.018805519294227588e-06	5.734879992185540343e-03	5.935599271990518440e-05	-1.193582959170524769e-04	-6.035641030772932389e-03	-2.228280951312571487e-04	2.010781747507390410e-04	6.252387588516900886e-03	-2.943975871395810478e-04
-1.502422406506759571e-04	-1.299384248362563858e-04	7.785513010910308988e-05	5.640253416757651765e-05	6.844331550111922005e-06	-2.486461343544350185e-05	-1.119187826350839863e-04	-9.186546432819918330e-05	2.017632817478410266e-04	9.742909709628362266e-04	-1.302526154151054452e-02	-2.241835576740468391e-04	-2.956760503321640213e-02	-4.524309421337066378e-04	-8.846223996889948475e-04	1.524760394080615367e-02	5.650958895722775174e-06	-1.330975991224798288e-02	-2.898978843347278095e-02	8.285292360044283974e-04	-1.462230705322100158e-02	1.133505852563041849e-04	-5.131006915221614229e-04	5.627930641045583758e-04	4.092981587544145320e-05	-1.069968297578790411e-04	7.187813801538716404e-04	7.143082205916058327e-05	1.769621978058779016e-03	2.043753293856120142e-04	2.907710145801325639e-04	-1.176576544466417622e-03	1.973782817855042793e-05	-2.956873059186912456e-02	-1.395726930427010695e-02	1.840470889421162454e-03	-8.894342795969043675e-05	8.155292707818625943e-04	2.523336613301298032e-04	-1.428796960175187855e-02	-4.199209489715954147e-05	-5.667905216662342573e-04	2.603541064381480847e-04	2.570705945314839705e-04	1.179712578907209358e-03	3.927786806842361754e-04	1.854639922964249293e-04	-2.253663259258970996e-03	-1.151817066157730357e-04	-8.506138000765651758e-04	-9.574106480166710137e-05	3.209337630105420355e-04	4.014629234220543161e-04	1.871802276943349648e-04	3.555242550903995073e-05	-1.124834569085550939e-03	5.935599271990518440e-05	1.604684852808257317e-02	6.237817475314037579e-04	-1.586674418823526365e-03	-1.454268031242977877e-02	-2.281034813277003827e-03	-1.250839662886073841e-03	3.285056520893922527e-02
-4.779763130603469388e-05	8.050283606707967269e-05	-4.165095306386268054e-06	2.802619380264294251e-05	-1.223749975004270770e-05	-7.878964693542307771e-07	-2.743164317995303161e-05	1.502912540631703582e-05	9.206405203947553044e-05	-6.448570244070560026e-04	5.644197834597206335e-04	6.775059545267835546e-05	-3.772644639590734425e-05	2.501641463736097785e-04	-1.707139322936007892e-04	5.627929862444731347e-04	-6.007075253526020041e-05	4.970471481990176464e-04	3.737015544682104052e-05	2.855836216914586822e-04	-4.968599296099355730e-04	-3.918781481925205830e-05	-3.309252232823492413e-04	1.713271546398783792e-03	3.908869403491502427e-05	-8.004653123745976927e-05	-9.171040672185568586e-05	1.249769244115190160e-05	1.100147851010813118e-05	5.218845954233487208e-05	1.117219057106903486e-04	-1.586577171947069253e-04	2.871668150344886244e-04	-8.091694491362528652e-05	-5.012972736423389804e-04	8.732277598068629817e-05	7.331051192999022683e-04	-2.150049263581690776e-04	1.765724791474502484e-06	4.569171865596525898e-04	3.334053841170092405e-07	-7.287933733003912362e-05	-1.774656789996312831e-04	7.089352338756355477e-05	-2.017172813733478188e-04	9.005579707057209270e-05	6.526885462678497576e-05	2.635019935858343729e-05	-2.859436233630086011e-05	-1.000505210902090473e-04	-2.618888335339643954e-04	1.081295135814158470e-04	-1.508175728515484537e-04	5.092125525024853209e-05	1.511989225252792697e-05	6.134646078434288362e-05	-1.193582959170524769e-04	6.237817475314037579e-04	1.752105259161812999e-03	-2.374163596210748675e-04	4.539619878072228588e-04	-1.840795836819787235e-05	-3.327388438954942407e-04	1.449276952502114772e-04
1.769696405056815798e-04	4.111418764089857342e-05	5.643434421717644545e-05	-2.377897322200823332e-04	3.124158296605002773e-05	-8.721687856332490101e-05	-9.066523255749524746e-05	1.714438536071961289e-05	-7.970676112812024802e-03	-1.319469151329937711e-04	9.390856289167183847e-04	6.130600404994637591e-03	2.235771607767362591e-03	4.449115718044556987e-03	2.547166733000962024e-03	-1.176576915631011473e-03	2.286358760166517026e-03	9.198345867114179637e-04	1.862110447039718548e-03	2.217170357654546682e-03	7.407062347698795818e-04	6.020412935363400608e-03	1.063000785127241749e-02	-1.586582548168278465e-04	2.653454993451157679e-04	4.958419076573354389e-05	-6.639563720039190129e-06	-3.795537448860980914e-04	-1.014113567578449272e-04	-4.033280277509293738e-04	-3.786063584668916140e-04	1.111876103583378099e-04	4.233755491184796466e-03	2.418329399831138128e-03	1.010785114104597454e-03	-2.505531275390538576e-03	-1.659857664188613222e-04	8.214484362386011151e-03	5.957000702685825815e-03	8.761405136052881522e-04	3.685189271432045199e-04	1.210879259810596938e-04	1.911416102474539742e-05	-9.605906352232966962e-04	-8.717015666390647791e-05	-8.276741196501467010e-04	-1.518828805926321183e-04	2.290888019836870737e-04	3.284805398194711595e-04	1.381534706333463036e-04	5.585049168417953870e-05	-9.882239163361442123e-04	-1.488657964007812074e-05	-4.424009590507302359e-04	-6.107780534828587387e-05	1.105970399726837578e-04	-6.035641030772932389e-03	-1.586674418823526365e-03	-2.374163596210748675e-04	1.120895707879789732e-02	1.131302599737535938e-03	2.661599323917080394e-03	-2.045015310321965027e-03	-2.312740692546690763e-03
4.553574646268611391e-05	3.549667726330950519e-04	-2.663155950138340486e-05	7.938169301376192739e-06	-5.911318159399896752e-05	1.529851079281267424e-05	4.096810049731456981e-05	2.205770061381477827e-04	-2.670285685811332852e-05	5.218892099444422464e-05	1.385634287919876480e-02	3.749919173693978683e-04	2.949802923553306727e-02	9.580541822766337409e-04	5.165295388481450870e-04	-1.428797001683103016e-02	-2.052697937816189426e-04	1.452847820804566495e-02	2.902239533641547825e-02	-7.793410106987451848e-05	1.342832178350749847e-02	-1.114896197784997039e-05	-7.423814456082510220e-06	4.569172369776900648e-04	2.120347915442876037e-05	-1.108167850226996951e-04	-8.216281618668244430e-04	-5.349104986401429835e-05	-1.730096348184906232e-03	-1.135521053640211914e-04	-7.453249607789013515e-05	8.761401692447931717e-04	4.965248086798686525e-04	2.936662730108389324e-02	1.316168893171828017e-02	-1.558977540755958260e-03	-7.604384115690138949e-04	-1.100195548501583772e-03	-1.282563093424251427e-04	1.494219113378741567e-02	3.085850462372835746e-05	3.971672738990355872e-04	-4.752615462219824012e-04	-1.081802637241603324e-04	-1.540267403304093142e-03	-2.047845540881894030e-04	-3.848907911834803264e-05	2.322856733594201757e-03	4.687129143402519300e-05	6.692350887943215171e-04	-2.889704938687895526e-04	-8.408612707294055668e-05	-6.424040609286779668e-04	-8.149176969075395884e-05	9.792930655090979601e-07	1.217393478757008637e-03	-2.228280951312571487e-04	-1.454268031242977877e-02	4.539619878072228588e-04	1.131302599737535938e-03	1.574164522755655549e-02	2.151201370061361050e-03	4.767436898734237535e-04	-3.250881097608949999e-02
5.048648161818327816e-04	9.346826883359547430e-05	1.588134042709058130e-04	-2.712744552524031091e-04	3.408844732496767220e-05	-5.932018177893778297e-05	1.610390896137767680e-04	3.221138302832034477e-05	2.518846682164846244e-03	-6.638706388011552544e-05	2.140565348537991092e-03	3.474232207254449040e-05	4.366283170490111928e-03	2.745303911893736890e-03	4.727076512988316950e-03	-2.253666494698690521e-03	6.027027465578091610e-03	2.112325784427043253e-03	4.528015011459282993e-03	-2.455853869403372240e-03	2.054110535551514211e-03	1.115517806660167244e-04	2.737935687145387834e-03	2.635021010007811967e-05	-3.693255132235755004e-04	5.680007202768266837e-06	-1.662166450031226446e-04	-3.310399345718908364e-05	-2.773093890090333165e-04	-4.645760010424806281e-04	-6.862561235196359228e-04	2.290885803271225244e-04	2.037348774236950183e-03	4.565912681987797928e-03	2.170336512364594468e-03	-3.937069938902626291e-03	-3.425993020227353707e-05	-2.457811986705466314e-03	-1.355636567343363494e-04	2.322859227718845551e-03	3.042891076388680403e-05	1.386465325781457286e-04	-4.180046469642714399e-05	-5.230710836462877655e-04	-2.411913010474715671e-04	-1.176890110600454457e-03	-3.831375030343523737e-04	5.705649460463121112e-04	3.440437122993127259e-04	2.155732071962248491e-04	8.248822334351225039e-05	-1.046839975346813660e-03	-7.209016061362338986e-05	-7.316407738723346849e-04	-1.353199457562032884e-04	2.826144064600527236e-04	2.010781747507390410e-04	-2.281034813277003827e-03	-1.840795836819787235e-05	2.661599323917080394e-03	2.151201370061361050e-03	7.140610562769321087e-03	3.140824658993668188e-03	-4.877912975001042449e-03
1.043139574300817516e-04	8.293614535975812860e-06	4.694681545776622058e-05	8.649233680000570216e-05	-3.907303626714985672e-06	7.111010331770575171e-05	1.109315533783412368e-04	1.018754638372166242e-06	4.668392541128482676e-03	2.753922323468893500e-08	1.078828270764158482e-03	-5.987579409395132196e-03	2.027572629901761014e-03	-7.863966809417206882e-03	3.339740090965513664e-03	-1.124837771168503680e-03	2.662298955030474416e-03	1.358376987859945435e-03	2.804351720413324547e-03	-1.068104867630499145e-02	1.262194716594779945e-03	-5.921805452976246394e-03	-1.864411824647384079e-03	6.134722545859799261e-05	-3.381508227287304729e-04	-7.147634905666687627e-06	-7.062971916546737568e-05	2.083282418063648635e-04	-6.465989471371437708e-05	5.351753307939922260e-05	-6.470633876868382749e-04	1.105968998409751527e-04	-8.017839496789452153e-03	2.548492964488843684e-03	1.645972728409060603e-03	-2.591133641826673644e-03	3.661644908722704972e-04	-4.527680393326580580e-03	-6.154356455567121936e-03	1.217397645000586198e-03	-1.311002808227576142e-04	5.991429018037047814e-05	1.430260259922310920e-05	-8.254095279326299425e-05	-4.714337012199115338e-05	-4.203142842478472933e-04	-6.953673760561524843e-04	2.826143062679589528e-04	6.891825401050298626e-05	8.294140880557175546e-05	7.943182390736738558e-05	-5.170483166574108913e-04	-4.908851250248527621e-06	-3.617319873254391349e-04	-3.412162630616273661e-04	1.309750376572824560e-04	6.252387588516900886e-03	-1.250839662886073841e-03	-3.327388438954942407e-04	-2.045015310321965027e-03	4.767436898734237535e-04	3.140824658993668188e-03	1.165493702336093881e-02	-2.548111156688797826e-03
-2.459544117761765757e-04	-3.525367584559756240e-04	2.468089815046216632e-04	7.479895565011505649e-05	1.298300297764498016e-04	-3.978083915518517430e-05	-1.716771641299949850e-04	-2.943942699269812800e-04	-3.525359704032702841e-04	9.967633434641368084e-04	-2.992819429076905291e-02	-3.870947037578564246e-05	-6.462665044720615481e-02	-9.204304282956151956e-04	-1.498305598203248778e-03	3.285056563816022429e-02	2.468141835146669353e-04	-2.992819496684051561e-02	-6.378759669199464410e-02	1.639035733697030922e-03	-3.017030172094053303e-02	7.409401149136975260e-04	1.171946498769861313e-04	1.449275105685951504e-04	7.479891045924995483e-05	-3.870973616337819315e-05	1.639034467490777577e-03	9.253934406548800385e-05	3.679597551867566131e-03	3.444156688207342435e-04	4.547661033728898948e-04	-2.312739968324848110e-03	1.298372791843581918e-04	-6.462665034486514415e-02	-3.017030218666967231e-02	3.679594662012532907e-03	7.050982048871322480e-04	2.740909580533971296e-03	1.052552866629171422e-03	-3.250881078176233452e-02	-3.978058448731262977e-05	-9.204310405485786927e-04	7.409383641988672581e-04	3.444155883720840606e-04	2.740907131063887933e-03	6.692182249086195758e-04	3.199888428540558633e-04	-4.877906418823015761e-03	-1.716765465008200490e-04	-1.498303450603778991e-03	1.171919812631687119e-04	4.547659494119791427e-04	1.052548014461628014e-03	3.199887633308795163e-04	7.539004547855318269e-05	-2.548102657986670364e-03	-2.943975871395810478e-04	3.285056520893922527e-02	1.449276952502114772e-04	-2.312740692546690763e-03	-3.250881097608949999e-02	-4.877912975001042449e-03	-2.548111156688797826e-03	7.182439511867147464e-02
