0.000000000000000000e+00	-4.698672664245052933e-04	-6.620734120713117534e-04	-6.104200055060329398e-05	-2.589669281896608334e-04	-6.535740379759740100e-05	-4.478470081527722636e-05	1.289430580141470771e-04	-4.698764765547294199e-04	1.884247604980760231e-04	3.901222128447779519e-04	-3.701585959814291272e-04	3.856198304164943258e-04	-1.090954862747283219e-03	-2.028100234643551245e-03	3.465195261583668153e-05	-6.620851366741292363e-04	3.901220133046828928e-04	5.089988299466970687e-04	-5.912119878120466391e-05	1.111344332264738432e-04	-3.804455367693334970e-04	-1.162072677438525520e-03	1.386182028367441931e-04	-6.103896810308640539e-05	-3.701689644538373606e-04	-5.914347167628301215e-05	-3.397225827534340343e-04	4.394592319262495897e-04	-9.058247064448777001e-04	-1.072069348177099061e-03	-1.084135617539168633e-03	-2.589563329838375167e-04	3.856217493312047244e-04	1.111352302538736380e-04	4.394673860897963360e-04	-8.367351994721100171e-05	3.493013734026812747e-04	-1.273641152047531898e-04	2.651374377065254632e-04	-6.535490855988493114e-05	-1.090966786273721983e-03	-3.804557837436894430e-04	-9.058277595719900488e-04	3.492937794586174738e-04	-2.015847439996726852e-03	-1.056807334475103098e-03	-1.748220044366159383e-03	-4.478153621110911471e-05	-2.028090568910280618e-03	-1.162073196326004944e-03	-1.072076386880351038e-03	-1.273741792009454006e-04	-1.056810915575936722e-03	-4.571605644136656193e-04	-7.482834308280034586e-04	1.289324701522005963e-04	3.465029641335253056e-05	1.386176106964476804e-04	-1.084133500784185099e-03	2.651364521681000719e-04	-1.748226803425182146e-03	-7.483058000461286288e-04	-2.330496812515015653e-04
4.698672664245052933e-04	0.000000000000000000e+00	-6.867961028650176533e-05	-1.957796191157797040e-04	-1.241794247814098401e-04	1.059463608128006899e-04	3.637450828712351643e-04	4.565510047022968608e-05	-4.665544953946806190e-10	-1.451157814948395670e-04	-9.327646809612229455e-05	8.572862677515977127e-05	9.734739652187571971e-05	1.442506768593064873e-04	2.118720872893375354e-05	-3.909215718952683042e-04	8.325565235543292602e-05	-1.319965663391947804e-04	-8.284419130281340192e-05	7.770214318612212085e-05	4.026255930354675637e-05	3.344786095892799787e-05	2.191710275135649595e-05	-1.994907842627507998e-04	-3.046622376888343041e-04	-7.240773470930077639e-05	-9.875282483475246692e-05	-1.294766067625595807e-04	1.358211542154710269e-06	-5.330179913766487382e-04	-9.290592640922135754e-04	-1.403294462250275138e-04	3.721136547929542121e-05	1.458414820985319549e-04	9.058885349636167377e-05	6.936866420736680495e-05	3.881833832366195968e-05	-2.698976918316678083e-05	1.988151961152623894e-05	6.458017526496850815e-05	-2.921175516282044815e-05	-2.079739719488736755e-04	-1.832229354235049060e-04	-4.369361604517130247e-04	-1.335744299580451521e-04	-6.681805555280799069e-04	-4.212548395038865755e-04	-2.004880685875098261e-04	2.022150416698347930e-04	-2.340978719955682326e-04	-2.639571450518436312e-04	-8.577332479933394687e-04	-1.706851168759432867e-04	-3.097844497991418490e-04	-3.374721592842599868e-05	2.199561613355127183e-05	6.935216978314785894e-06	-1.547153260276057493e-04	-2.099584615790233192e-04	4.608461679761533035e-05	-2.106170096030753806e-04	1.980840812888287866e-04	2.260629354249559851e-05	-1.580471834416825253e-04
6.620734120713117534e-04	6.867961028650176533e-05	0.000000000000000000e+00	-3.386546977188140128e-04	-1.642375297583134088e-04	2.150068710280524949e-05	2.609406754081622652e-04	1.142429461739156060e-04	-8.325691791772683089e-05	-3.382656097275494705e-05	8.455904714953086298e-05	5.856107555153065923e-05	3.166413871330599227e-04	7.960227496659242436e-05	-1.598151110182428306e-04	-2.189355143177681333e-04	-5.200491214056820783e-10	1.051583455013032113e-04	1.737995395898062209e-04	9.460360009647282770e-05	1.191199517484885012e-04	3.005547137577710496e-05	-4.152715158584193919e-05	-1.547731489495173559e-05	-2.539809202243639447e-04	-1.868412358440348285e-05	-3.055306847631031662e-06	-8.352866361756153458e-06	1.689005113075582902e-04	-3.537021476617735515e-04	-5.450170944791157910e-04	-1.944604495957568421e-05	-6.912037186709281227e-05	4.337990669355596459e-04	1.216619826617110212e-04	2.495380699563401949e-04	-6.463610317694988973e-05	3.449516728182109837e-06	-2.674164997868974035e-05	2.794441614371298349e-04	8.422591336977038826e-05	5.235244535768184763e-05	4.675610475877823522e-05	-4.019850079171141156e-04	1.030943942911035369e-04	-7.052279721465666996e-04	-2.724117773461363174e-04	1.233369182894285872e-04	4.136820701967351037e-04	2.563383567066662098e-04	1.318764829159766393e-04	-8.704745871369086322e-04	-3.825169883743016817e-05	-3.910816920710567042e-04	-3.664554771402903050e-05	2.599503233094198210e-04	-2.032210906919559470e-06	-3.211451751204429431e-04	-5.700628406237651547e-05	4.457072485856537097e-05	2.072296794687335198e-04	2.889285235747591054e-04	5.596526872386734002e-05	-6.028669123962257081e-04
6.104200055060329398e-05	1.957796191157797040e-04	3.386546977188140128e-04	0.000000000000000000e+00	2.551437819318250547e-04	1.409142802408041000e-05	6.188704396349412604e-05	-1.519190349965014177e-04	3.046662562618166576e-04	-1.141238104093478153e-04	-1.359418254181009398e-04	1.408015889376895192e-04	-4.672755790904468878e-05	5.374641813594943467e-04	9.246337274113580447e-04	-1.255655454392182136e-04	2.539845449460856113e-04	-1.354635401722145216e-04	-1.204224852575983115e-04	8.053604347328272928e-05	1.457294746352709565e-05	1.492450795916854542e-04	4.239503577259617862e-04	-8.140209823081735122e-05	-1.531651588258923808e-09	2.575375986589083189e-04	9.082684050320166593e-05	1.665911406718962554e-04	-3.201024788712127089e-04	4.452838247913912034e-04	4.776996825484620805e-04	6.434403519589479946e-04	1.564962446139789212e-04	-7.551863492253919072e-05	3.620072522212467554e-05	-1.732102804095614866e-04	4.558513335115691747e-05	-2.493232965894756062e-04	4.405842349855896569e-05	-7.466832775762603639e-05	2.538577207568122173e-05	6.433455726109714706e-04	2.416973112496713003e-04	4.527514834226517787e-04	-1.439600623623244488e-04	1.020111074400638623e-03	5.384339982307905078e-04	8.733960781611962900e-04	6.059787796445116338e-05	1.040442713831260958e-03	6.113304569803612023e-04	5.151180537622269398e-04	1.324845092953391246e-04	5.361577369603215404e-04	2.769614527646998572e-04	2.648595456289252266e-04	-5.404548321163106972e-05	-7.305946125914693234e-05	-6.433869310911692759e-05	3.830783013806403001e-04	-4.220856195297074238e-05	7.478093459578670586e-04	2.472043771916294930e-04	-7.223942342466669472e-06
2.589669281896608334e-04	1.241794247814098401e-04	1.642375297583134088e-04	-2.551437819318250547e-04	0.000000000000000000e+00	-1.458273998007895999e-04	-7.236605325957930093e-05	6.463675110336820461e-05	-3.721109916868377640e-05	8.131521838330738549e-05	4.199990513827816033e-04	2.195965625756721395e-05	5.104810000659525809e-04	8.654773666022825694e-05	3.667900999434197545e-05	-2.738983651404051749e-04	6.912036377646523845e-05	2.784208082974846434e-04	7.438867651707466687e-04	1.300315591267409383e-05	3.491645252656200684e-04	7.214714581159012300e-05	8.763322302528032449e-05	-5.094144469172975475e-05	-1.565023152616344389e-04	1.274879742184595061e-04	2.149213586022466634e-04	2.085585836146156100e-04	1.920703300759949881e-04	-1.513881486130737325e-05	-1.109824120307543121e-04	6.500381449477546581e-06	-1.363833959419066605e-10	3.945705160013048473e-04	2.428347799935579282e-04	5.395303288586688457e-05	9.171682007794318967e-06	3.018173277023582105e-05	4.943407533281084579e-06	1.932595307139565739e-04	-3.978238283319616048e-05	3.420125744947411037e-04	2.400910613139206856e-04	1.111430034981841265e-04	1.445781348871499222e-04	-2.743630430263520282e-04	-1.487684171278035397e-04	9.234495288369074396e-05	1.196816984756840513e-04	4.778170380835237031e-04	2.790342081462868261e-04	-3.694736432254887054e-04	3.370360193660272043e-05	-4.872037999884718060e-04	-2.314729467786164801e-04	1.259970528921808221e-04	-3.416262289686284931e-05	-2.381491189414886565e-04	7.328501387008091983e-05	1.058279855834144570e-04	3.899818939916381696e-04	2.484588822090960441e-04	8.030322998441715104e-05	-8.727508249163607422e-04
6.535740379759740100e-05	-1.059463608128006899e-04	-2.150068710280524949e-05	-1.409142802408041000e-05	1.458273998007895999e-04	0.000000000000000000e+00	3.794832886246516973e-05	-1.335033303438508921e-04	2.920992243752816700e-05	-2.548387440890346523e-05	4.155037505137135505e-05	4.154643293739990412e-05	1.123951038689384175e-04	4.983009831217058124e-05	-6.939074870420845146e-05	-6.284561496117848224e-05	-8.422751040037095298e-05	6.105996804328032816e-05	1.217548383019345561e-04	1.499335118736435583e-04	7.842486899716720038e-05	1.437039473305971322e-05	-1.180902171509723095e-04	6.012485192330802044e-06	-2.538724338274339490e-05	1.568412017296176683e-04	1.927768137577341289e-04	2.886923518353567202e-05	-3.507269870925431904e-05	1.803233647448926157e-05	-2.554583195351405544e-05	1.368499309302719739e-04	3.978181283373214338e-05	1.131561912269587051e-04	6.301766467530255978e-05	3.997080753919459031e-05	6.614558258497521893e-06	-4.328481565110411336e-05	-4.668726553386410449e-06	6.346521379924063009e-05	-2.481753343183616786e-11	1.574451021329714403e-04	1.365463402073243651e-04	4.344199406923968375e-05	1.002395594679756366e-04	2.885075783390384578e-05	-4.945377681580366377e-07	-2.105945131962558194e-05	6.244218890172731861e-05	7.955988651926943045e-06	9.424089476361756053e-05	-2.910223087828969904e-05	1.130201628403419581e-04	-1.516905205306384319e-05	2.068327222669858584e-05	-2.140139312121116925e-04	-1.199536512049435814e-05	-7.916609537463845147e-05	6.217591381973769780e-06	-8.439345329854750508e-05	8.398341606315708392e-05	-9.266320964172017924e-05	-1.715061327800792841e-04	-1.176773213184473320e-04
4.478470081527722636e-05	-3.637450828712351643e-04	-2.609406754081622652e-04	-6.188704396349412604e-05	7.236605325957930093e-05	-3.794832886246516973e-05	0.000000000000000000e+00	-1.015594004503963209e-04	-2.022183882635673413e-04	7.487478616320981007e-05	2.544820536303677187e-04	-1.875878909757113596e-04	2.858926609701127825e-04	-5.362365454817520465e-04	-1.049793451124455320e-03	-4.348642483634814490e-05	-4.136891131118950295e-04	2.463350138167824405e-04	3.766041802111436978e-04	2.916823253588450533e-05	1.202682763736425667e-04	-2.122710432748670215e-04	-6.890410422459189400e-04	7.680208351618650754e-05	-6.059825078050461676e-05	-2.923029125339540751e-05	7.960010764443948791e-05	-1.624410822212743704e-04	1.434014009918710604e-04	-4.401276390000682546e-04	-5.350941351970670392e-04	-3.325959744720640050e-04	-1.196770132847783876e-04	3.242299589596977713e-04	1.198580062554952029e-04	2.419278185002383063e-04	-4.613781784714479335e-05	1.419597797914514499e-04	-8.116595827988495469e-05	2.304207742594802935e-04	-6.244096191728603674e-05	-3.685485248654416998e-04	-4.886551584360605794e-05	-4.261370026018704770e-04	3.134041402791560584e-04	-9.422146765082155782e-04	-5.125363881121374398e-04	-8.333487154980388865e-04	1.493284234391271565e-09	-9.522264831708249916e-04	-3.797407017529938695e-04	-5.575492166012818978e-04	1.134881471771489081e-04	-4.883682480114573832e-04	-1.853936849025445148e-04	-5.472821925453078863e-04	6.726529530826956473e-05	-7.947811498270774947e-05	5.754726522687795924e-05	-6.058330614394520077e-04	1.810181234416751697e-04	-9.770750085759069038e-04	-4.515700827480752526e-04	-2.411887613340559747e-04
-1.289430580141470771e-04	-4.565510047022968608e-05	-1.142429461739156060e-04	1.519190349965014177e-04	-6.463675110336820461e-05	1.335033303438508921e-04	1.015594004503963209e-04	0.000000000000000000e+00	-6.936108284844415137e-06	-1.031348479237675957e-04	-1.653772997913637976e-04	5.282417194865814646e-05	-3.795998184775621560e-05	3.785727215844734950e-05	-1.746973462886905373e-05	-1.403719907856978988e-04	2.031406532107068481e-06	-1.328363656374255018e-04	-2.375267479732670118e-04	5.022040670550700382e-05	-8.057449731819327741e-05	-2.002724183270601254e-06	-1.495803041771588884e-05	-8.211178738301038219e-05	5.405080539799299376e-05	-1.085257519889954554e-04	-1.633456233850331171e-04	-1.753701686306248140e-04	-1.060160826951546479e-04	-1.479680747389165837e-04	-1.508001017718326126e-04	-7.692624864364766514e-05	3.416287000942375899e-05	3.776370857073639792e-05	4.994035401298342735e-06	8.036763168597001612e-06	1.081885146453603124e-05	-9.060765997739326708e-06	2.985564882820674270e-05	1.685735785484062383e-05	1.199487095754625295e-05	-2.836971524362510316e-04	-2.185221732942749999e-04	-1.553922118751338306e-04	-1.478430022551713513e-04	5.171510525935909907e-05	-1.327645395322433499e-05	-1.387273899180707063e-04	-6.726941273513711958e-05	-3.466420229893962812e-04	-2.825448203019133341e-04	1.513221103097994272e-05	-1.099843355592369142e-04	2.151275905726072178e-04	9.765029652915804153e-05	-3.547173680877032065e-05	-3.339728499059366544e-10	-2.509658431860607543e-05	-1.394560062222774009e-04	-1.057884396031350940e-05	-2.268352951338348711e-04	-2.462265589762308862e-05	-4.593729113223582266e-05	1.775088188705969223e-04
4.698764765547294199e-04	4.665544953946806190e-10	8.325691791772683089e-05	-3.046662562618166576e-04	3.721109916868377640e-05	-2.920992243752816700e-05	2.022183882635673413e-04	6.936108284844415137e-06	0.000000000000000000e+00	-1.451151988280155436e-04	-1.320003842645980159e-04	-7.240770164074818724e-05	1.458293938127823409e-04	-2.079736231943079758e-04	-2.340976089107567283e-04	-1.547079171048276486e-04	-6.867834031798548456e-05	-9.328248077270978925e-05	-8.285779592900050622e-05	-9.875291746308458192e-05	9.058273247576193691e-05	-1.832219881554656695e-04	-2.639554825578321971e-04	-2.099576497513825626e-04	-1.957859199203853065e-04	8.572766404203194734e-05	7.770049714216543826e-05	-1.294737338324588683e-04	6.936728225753447210e-05	-4.369410299532400189e-04	-8.577426061150770619e-04	4.608422180056415644e-05	-1.241782023400735862e-04	9.733491110856016626e-05	4.025531244921165189e-05	1.357132003488349477e-06	3.881827416149277710e-05	-1.335731899179956942e-04	-1.706837897409131601e-04	-2.106223073195863274e-04	1.059478480882675080e-04	1.442498698949099510e-04	3.344699509249786108e-05	-5.330213401080782613e-04	-2.699076105601073378e-05	-6.681896298583772827e-04	-3.097884676049482205e-04	1.980843469448199967e-04	3.637498976145718261e-04	2.118719404047375121e-05	2.191663985639458870e-05	-9.290682948217793106e-04	1.988076441075509149e-05	-4.212600047299411179e-04	-3.374979212851765087e-05	2.260729604512238557e-05	4.565474933304393163e-05	-3.909146990610871389e-04	-1.994895482256743438e-04	-1.403290834534754849e-04	6.457364905915259526e-05	-2.004891491977010528e-04	2.199469031972027088e-05	-1.580318088013420001e-04
-1.884247604980760231e-04	1.451157814948395670e-04	3.382656097275494705e-05	1.141238104093478153e-04	-8.131521838330738549e-05	2.548387440890346523e-05	-7.487478616320981007e-05	1.031348479237675957e-04	1.451151988280155436e-04	0.000000000000000000e+00	-1.834155992189665245e-04	-1.271116507155358811e-04	-4.086348616537953567e-04	-9.371213053684427328e-05	3.429383380889152507e-06	1.828687896359399258e-04	3.382597373302863195e-05	-1.834154942271096005e-04	-3.789324649300318754e-04	-1.493686700302509379e-04	-1.658047955381813650e-04	-1.584655784098497149e-04	-1.819709490604742462e-04	-2.691233659456374722e-05	1.141235434842747875e-04	-1.271114509793579530e-04	-1.493674294462127706e-04	8.917907963993279932e-06	-3.061839819143312490e-05	1.077237549581074348e-04	1.989310184833072614e-04	-1.750504110384842817e-04	-8.131692263530100996e-05	-4.086349077974661638e-04	-1.658050329356152699e-04	-3.061760957195531916e-05	5.010872292418987336e-05	-1.763505593435524092e-04	-1.357655686364377806e-04	-2.734343322214349034e-04	2.548371326213734098e-05	-9.371057060013503518e-05	-1.584650150555013282e-04	1.077239264487594089e-04	-1.763510757570414204e-04	2.110217749464612610e-04	1.257045230120256438e-04	4.452768795701159165e-05	-7.487492932106795012e-05	3.430055490184346235e-06	-1.819708289757822187e-04	1.989311275843442498e-04	-1.357651424713251956e-04	1.257045114842099409e-04	1.860406232136431682e-05	1.080972774294369050e-04	1.031354972186154638e-04	1.828688530333445479e-04	-2.691230735565974160e-05	-1.750505060461668839e-04	-2.734344649477184804e-04	4.452719604034707129e-05	1.080987219737807752e-04	5.110538825088412063e-04
-3.901222128447779519e-04	9.327646809612229455e-05	-8.455904714953086298e-05	1.359418254181009398e-04	-4.199990513827816033e-04	-4.155037505137135505e-05	-2.544820536303677187e-04	1.653772997913637976e-04	1.320003842645980159e-04	1.834155992189665245e-04	0.000000000000000000e+00	-1.865974766696430363e-04	-5.093596648351006277e-04	-4.513902956477304994e-04	-4.108845284472221028e-04	5.077905873098489085e-04	-1.051646493090954346e-04	-1.282861337995233928e-09	1.326877216235487837e-05	3.062747081994886787e-04	3.172607865800679202e-05	-3.077051498784615525e-05	-1.887656096797376572e-04	1.054554605034140600e-05	1.354641888535527939e-04	-2.500841412062379727e-04	1.098399608628604991e-04	1.132205346024381409e-04	8.545838071147443017e-04	3.585703594172815856e-04	4.971828548934449730e-04	-6.225135098681117011e-04	-2.784262223271651623e-04	-4.710904277740773547e-04	1.470642830684790063e-05	8.959416435929450301e-04	2.333362934484913670e-04	3.575273488017552273e-04	6.101274200000693994e-05	-4.957179376694659549e-04	-6.105995782758458007e-05	-6.034396368920196940e-04	-9.890914174680141445e-05	4.078200752066810878e-04	3.637663553232646941e-04	6.445026003934517826e-04	2.377622022454290406e-04	-1.038859204282459705e-03	-2.463351714102937607e-04	-4.089364590130216458e-04	-1.652346970619120409e-04	5.368393490294951940e-04	-1.290595785649272011e-05	2.740076371091167053e-04	-2.638632649709374620e-06	-3.335905772823254947e-04	1.328407241061180114e-04	4.890019298577801595e-04	2.157897296452034183e-05	-7.125661692440451913e-04	-5.044849344665040987e-04	-1.095641220259219346e-03	-5.077105435547109823e-04	1.077429250824367760e-03
3.701585959814291272e-04	-8.572862677515977127e-05	-5.856107555153065923e-05	-1.408015889376895192e-04	-2.195965625756721395e-05	-4.154643293739990412e-05	1.875878909757113596e-04	-5.282417194865814646e-05	7.240770164074818724e-05	1.271116507155358811e-04	1.865974766696430363e-04	0.000000000000000000e+00	9.010292773738821318e-05	6.811001928626633339e-05	2.628454681683553692e-04	-1.363797764441027684e-05	1.868272985177683577e-05	2.500879777512953666e-04	3.631882635855166602e-04	4.793944531547435857e-05	3.794452674215242660e-05	1.114088578784964593e-04	1.626205008622908085e-04	1.533956396935059747e-04	-2.575314695795756070e-04	4.032779571872057122e-10	1.570973188012475031e-05	1.044127188995581446e-04	5.225743512346733865e-05	8.084287516873413649e-06	-2.718775291323165342e-04	4.298316409374056731e-05	-1.274892590539202951e-04	1.683872896951014433e-04	1.237011121802243522e-04	1.929053454033373308e-04	-3.260980011380378322e-05	1.395097876634841957e-04	2.108545939870385332e-06	2.917174536695567679e-04	-1.568419925592135422e-04	-2.959365455905983621e-05	5.927107313961701182e-05	-1.605358447832965055e-06	1.028786804065791283e-04	-3.430853582295144378e-04	-3.219173480009747857e-04	-2.923226098664229511e-05	2.922534043284410102e-05	-3.488078167917651063e-05	5.817348286907338020e-05	-1.191491807676357443e-04	2.722222715734892861e-05	-1.183838312186869879e-04	-5.684047607042328149e-05	-1.114209112730014286e-05	1.085263227504875880e-04	8.696184090195799321e-05	7.694456815862916685e-05	-3.329245248865012464e-05	6.646079476048077201e-05	3.207201967135413223e-05	1.735958629198833020e-04	-3.264971865912342998e-04
-3.856198304164943258e-04	-9.734739652187571971e-05	-3.166413871330599227e-04	4.672755790904468878e-05	-5.104810000659525809e-04	-1.123951038689384175e-04	-2.858926609701127825e-04	3.795998184775621560e-05	-1.458293938127823409e-04	4.086348616537953567e-04	5.093596648351006277e-04	-9.010292773738821318e-05	0.000000000000000000e+00	-7.523870456094588956e-04	-1.045943630408400745e-03	5.103773876915693956e-04	-4.338087263294019419e-04	4.710847757198703689e-04	1.019423740908692241e-03	1.032528115217396176e-03	4.558125640969006389e-04	2.167008731774390539e-04	-2.290152787965047375e-04	2.287044317620858392e-05	7.551925816171324557e-05	-1.683773816516814944e-04	7.647320666123432007e-04	1.998344470223302016e-04	1.851424689006165658e-03	5.409190416766655393e-04	6.086070687910942901e-04	-1.103629351442537033e-03	-3.945802138772274044e-04	-6.176741364415864587e-09	4.722776905005444427e-04	2.040666117974871633e-03	3.588963554002451905e-04	1.130375298368683362e-03	3.701542234658015615e-04	-4.292782654121553125e-04	-1.131558114966785668e-04	-8.675773710023408462e-04	1.382315027667341679e-04	5.048762520329316567e-04	1.074388330103657422e-03	8.734205513763185951e-04	2.659849356533710045e-04	-2.350517992987533229e-03	-3.242286607662304954e-04	-8.511046074042283565e-04	-1.340826724616162795e-04	6.150199872963189873e-04	2.836116949695359317e-04	2.989669214654093032e-04	-2.535281673444914229e-05	-1.137192629753246273e-03	-3.775320143419098515e-05	5.275003113320255637e-04	2.228575044767642745e-05	-1.214503411136672040e-03	-4.690369632207219740e-04	-2.497927033221819006e-03	-1.429365975218350017e-03	9.868887820709145407e-04
1.090954862747283219e-03	-1.442506768593064873e-04	-7.960227496659242436e-05	-5.374641813594943467e-04	-8.654773666022825694e-05	-4.983009831217058124e-05	5.362365454817520465e-04	-3.785727215844734950e-05	2.079736231943079758e-04	9.371213053684427328e-05	4.513902956477304994e-04	-6.811001928626633339e-05	7.523870456094588956e-04	0.000000000000000000e+00	2.549471498997376391e-04	-4.070985534009600375e-04	-5.235436760746669106e-05	6.034413336159110720e-04	1.102288875650101353e-03	9.458049591767691113e-05	3.984621537690186577e-04	3.774841143554441200e-05	-2.398425897141308652e-05	8.381210975733684870e-05	-6.433388273165204386e-04	2.959424597418562858e-05	6.561903028930149949e-05	1.431710482648537448e-04	2.082686692425467212e-04	-3.669835272748620978e-04	-1.295865725051519469e-03	6.430707472802961087e-05	-3.420139655115870831e-04	8.675840120242323244e-04	5.144607048673253188e-04	4.516187275262867036e-04	-3.867244942797370326e-06	7.850453734348437061e-05	-1.616286292443278722e-04	5.780926519441341969e-04	-1.574449263358539087e-04	1.975409014238826500e-10	8.214083302911333719e-05	-4.823661827480128176e-04	1.488541843276993662e-04	-1.243131489607137135e-03	-9.326197324421726508e-04	1.019483688484452565e-04	3.685436037379639582e-04	-1.058352330383261093e-04	5.601001447353117966e-05	-1.038381507514872255e-03	2.245687064594140619e-05	-5.828037022773959689e-04	-2.005421574497975629e-04	3.019177783428034608e-05	2.836978927008639321e-04	-4.400657723212760605e-04	-4.694774180522292997e-05	-3.312068961534953373e-04	3.767086206031840896e-04	-1.624350467348560558e-04	2.646958948382171009e-04	-1.273656337269184549e-03
2.028100234643551245e-03	-2.118720872893375354e-05	1.598151110182428306e-04	-9.246337274113580447e-04	-3.667900999434197545e-05	6.939074870420845146e-05	1.049793451124455320e-03	1.746973462886905373e-05	2.340976089107567283e-04	-3.429383380889152507e-06	4.108845284472221028e-04	-2.628454681683553692e-04	1.045943630408400745e-03	-2.549471498997376391e-04	0.000000000000000000e+00	-5.365231272148050009e-04	-2.563395518972558826e-04	4.089379107579504524e-04	7.338349021297173314e-04	-6.701885900626302684e-05	3.932825200702791662e-04	-1.728009164892834165e-04	-2.889184813487379825e-04	-1.323126368478494356e-05	-1.040447887671895957e-03	3.488037925252705898e-05	-3.832349540664263499e-05	-3.798366411824508293e-05	6.814588547700395457e-05	-1.187088393259095633e-03	-2.386889070609484083e-03	1.297084848149226088e-04	-4.778166762614774747e-04	8.511094012437235351e-04	2.798092736777414973e-04	4.557043197241257820e-04	-1.196306964988473034e-04	-5.825134193260756235e-05	-2.676623418850283169e-04	5.229425131364096469e-04	-7.955605935594811673e-06	1.058348294652487683e-04	6.374870465727943986e-06	-1.057548956649483323e-03	-7.222149142547073619e-05	-2.329410461800116450e-03	-1.148733532549968839e-03	4.830404649627661616e-04	9.522328270575859503e-04	-3.651192503094840896e-10	3.258247219768979738e-05	-2.065834936647830376e-03	-4.700924288856965950e-05	-1.051462294023728945e-03	-5.462076601702952716e-05	1.924728051468898432e-04	3.466417175770449477e-04	-4.996815785742719090e-04	4.948719676099635340e-05	-5.157448053840164772e-04	6.683056606549959934e-04	-2.043279308534075083e-04	2.986953444811707740e-04	-1.270295747181344418e-03
-3.465195261583668153e-05	3.909215718952683042e-04	2.189355143177681333e-04	1.255655454392182136e-04	2.738983651404051749e-04	6.284561496117848224e-05	4.348642483634814490e-05	1.403719907856978988e-04	1.547079171048276486e-04	-1.828687896359399258e-04	-5.077905873098489085e-04	1.363797764441027684e-05	-5.103773876915693956e-04	4.070985534009600375e-04	5.365231272148050009e-04	0.000000000000000000e+00	3.211490427417775222e-04	-4.889993140314795837e-04	-9.813737691549422222e-04	-5.784115065037647406e-04	-4.319768450537823067e-04	-1.445344947680822262e-04	9.354572018924865056e-05	-4.994687695899866365e-05	7.305933639331047111e-05	-8.696725070112443397e-05	-4.369735066860089105e-04	-1.059110808847927698e-04	-1.004750496084579449e-03	-1.377423198711775565e-04	-5.471393402844446183e-05	2.306471899690173803e-04	2.381547530490986885e-04	-5.274943823342717608e-04	-4.026821978500793285e-04	-1.092905329292024122e-03	-1.410838764297521952e-04	-6.663140908432544588e-04	-1.984044927804653113e-04	-8.868219926483823410e-05	7.916587825410007916e-05	4.400623705737287828e-04	-2.209694928458520247e-04	-1.352482093227376134e-04	-8.765006002266631860e-04	-1.615099146495321673e-04	6.507537664100847101e-05	1.187341487333423793e-03	7.947708484313319535e-05	4.996804315005422877e-04	-1.891311741329217751e-04	-8.740378310241573461e-05	-2.868865312634384375e-04	-1.874954612040444238e-05	5.666481633028768090e-05	5.894539527260152494e-04	2.509052050297700824e-05	-1.477782751125932903e-09	-7.988471763757194939e-05	6.023977447558548186e-04	-9.105223766914160503e-05	1.348034978213665577e-03	6.979418237232838012e-04	1.484698832668992141e-04
6.620851366741292363e-04	-8.325565235543292602e-05	5.200491214056820783e-10	-2.539845449460856113e-04	-6.912036377646523845e-05	8.422751040037095298e-05	4.136891131118950295e-04	-2.031406532107068481e-06	6.867834031798548456e-05	-3.382597373302863195e-05	1.051646493090954346e-04	-1.868272985177683577e-05	4.338087263294019419e-04	5.235436760746669106e-05	2.563395518972558826e-04	-3.211490427417775222e-04	0.000000000000000000e+00	8.456360846792019702e-05	1.738087476022423061e-04	-3.054632302199478816e-06	1.216651525120126978e-04	4.675725313555104015e-05	1.318780038454889095e-04	-5.700495540625163563e-05	-3.386598491016929802e-04	5.856007845041788946e-05	9.460151404698047620e-05	-8.354817682871436404e-06	2.495357141226403098e-04	-4.019941477074909599e-04	-8.704874306911403875e-04	4.457045695256815255e-05	-1.642359653801099334e-04	3.166512659171884301e-04	1.191229220686586385e-04	1.688984777483211637e-04	-6.463755032797112584e-05	1.030950284742204872e-04	-3.825064866230124883e-05	2.072371881838648480e-04	2.150186692570686350e-05	7.960158535022437217e-05	3.005413595710122621e-05	-3.537090927410946545e-04	3.447739400928934920e-06	-7.052402163873745886e-04	-3.910857830013330424e-04	2.889292674684465316e-04	2.609491838782530219e-04	-1.598138462528015541e-04	-4.152794839161519749e-05	-5.450294216330872112e-04	-2.674262068439296362e-05	-2.724168255054720735e-04	-3.664375313536348945e-05	5.596664341296761144e-05	1.142415938642074499e-04	-2.189397692425160385e-04	-1.547608673092632018e-05	-1.944367097253748308e-05	2.794496161695032518e-04	1.233379533860332077e-04	2.599495500408201699e-04	-6.028785363114774840e-04
-3.901220133046828928e-04	1.319965663391947804e-04	-1.051583455013032113e-04	1.354635401722145216e-04	-2.784208082974846434e-04	-6.105996804328032816e-05	-2.463350138167824405e-04	1.328363656374255018e-04	9.328248077270978925e-05	1.834154942271096005e-04	1.282861337995233928e-09	-2.500879777512953666e-04	-4.710847757198703689e-04	-6.034413336159110720e-04	-4.089379107579504524e-04	4.889993140314795837e-04	-8.456360846792019702e-05	0.000000000000000000e+00	1.327124154115245144e-05	1.098419232198453608e-04	1.470906742636663876e-05	-9.891286889301049740e-05	-1.652441377899239669e-04	2.157805907712615520e-05	1.359424788172384428e-04	-1.865937543634843651e-04	3.062720266139326401e-04	1.132201634416549619e-04	8.959324787971406070e-04	4.078192773571814042e-04	5.368393167056702622e-04	-7.125551977364452975e-04	-4.200025352835887703e-04	-5.093598454447721604e-04	3.172546123250664062e-05	8.545893693637555098e-04	2.333362338627103692e-04	3.637610095660348021e-04	-1.290990383215999878e-05	-5.044849240456990378e-04	-4.155024744469082274e-05	-4.513869291828724812e-04	-3.076727706295968428e-05	3.585699913602913725e-04	3.575304616781742068e-04	6.445018513852960457e-04	2.740073966563386825e-04	-1.095636151301349580e-03	-2.544814899881257895e-04	-4.108798784215152763e-04	-1.887561895022819153e-04	4.971816190036854087e-04	6.101671862873995019e-05	2.377618195937416861e-04	-2.638525259098325765e-06	-5.077097645410078280e-04	1.653820518621026351e-04	5.077907632953047173e-04	1.054702913411451293e-05	-6.225245416757753652e-04	-4.957149797617480414e-04	-1.038862696325970614e-03	-3.335909260988163230e-04	1.077426196914267912e-03
-5.089988299466970687e-04	8.284419130281340192e-05	-1.737995395898062209e-04	1.204224852575983115e-04	-7.438867651707466687e-04	-1.217548383019345561e-04	-3.766041802111436978e-04	2.375267479732670118e-04	8.285779592900050622e-05	3.789324649300318754e-04	-1.326877216235487837e-05	-3.631882635855166602e-04	-1.019423740908692241e-03	-1.102288875650101353e-03	-7.338349021297173314e-04	9.813737691549422222e-04	-1.738087476022423061e-04	-1.327124154115245144e-05	0.000000000000000000e+00	4.211346557668222291e-04	2.738779444586242166e-05	-4.617402998786296396e-05	-1.713788370345160244e-04	-7.732840944225486285e-06	1.204241383405418192e-04	-3.631776156587512567e-04	4.211338077155385180e-04	2.170441157005964061e-04	1.783550952810956068e-03	6.225250981821948710e-04	7.776825759665004310e-04	-1.161408720251343868e-03	-7.438975981053331469e-04	-1.019429432704950077e-03	2.738480156661618335e-05	1.783563582465938708e-03	4.173509238467972742e-04	9.184966535794819673e-04	1.022108208413532342e-04	-1.009775446965047088e-03	-1.217546240744049059e-04	-1.102281956582550895e-03	-4.616449268974815112e-05	6.225253291644265849e-04	9.185086264838961817e-04	1.044789902142973567e-03	3.469808298100155028e-04	-2.197190368256446945e-03	-3.766040349427262311e-04	-7.338315648022701674e-04	-1.713579654802341648e-04	7.776815521602987221e-04	1.022219030862313755e-04	3.469809828822339776e-04	-3.145478534489614406e-05	-7.680058435683718293e-04	2.375386511462095713e-04	9.813767312240656224e-04	-7.730504439838008281e-06	-1.161433014750113150e-03	-1.009772475758987471e-03	-2.197197335356841814e-03	-7.680027446495114830e-04	2.124034973138496339e-03
5.912119878120466391e-05	-7.770214318612212085e-05	-9.460360009647282770e-05	-8.053604347328272928e-05	-1.300315591267409383e-05	-1.499335118736435583e-04	-2.916823253588450533e-05	-5.022040670550700382e-05	9.875291746308458192e-05	1.493686700302509379e-04	-3.062747081994886787e-04	-4.793944531547435857e-05	-1.032528115217396176e-03	-9.458049591767691113e-05	6.701885900626302684e-05	5.784115065037647406e-04	3.054632302199478816e-06	-1.098419232198453608e-04	-4.211346557668222291e-04	0.000000000000000000e+00	-3.526751973018953557e-04	2.958214002825654341e-07	-5.094950453433944038e-05	1.212374706982898660e-04	-9.081510140036201488e-05	-1.570875918954704980e-05	7.155648990074956259e-10	1.161739447978996792e-04	-6.621828382280017767e-07	2.734587060081121847e-04	1.764784324162679537e-05	2.157107463857892472e-05	-2.149226541389395620e-04	-7.647342296695969124e-04	-2.185949619926980808e-04	2.213288286323772250e-04	5.916382432200109609e-05	2.745629828860739606e-05	-1.307727250244735914e-04	-2.986276757722801335e-04	-1.927774011521077215e-04	-6.561905063781513150e-05	7.506073585232792662e-05	6.757697169641430849e-05	1.753312161509530177e-04	-3.632773143829515141e-05	-2.969605679818984687e-04	-2.183034143363582870e-04	-7.961234127510914780e-05	3.832187806867874897e-05	1.079354611417142264e-04	-3.920090839001452612e-05	5.850247633368019180e-05	-4.400604934506486399e-05	-9.875435027793111461e-05	-4.838894242748863976e-05	1.633465322735452039e-04	4.369735962354567372e-04	-6.049379794504179317e-05	-1.862912941448821396e-04	-5.754135425723783982e-04	-2.196113162228874565e-04	1.293196227655861702e-04	8.089115054291848815e-04
-1.111344332264738432e-04	-4.026255930354675637e-05	-1.191199517484885012e-04	-1.457294746352709565e-05	-3.491645252656200684e-04	-7.842486899716720038e-05	-1.202682763736425667e-04	8.057449731819327741e-05	-9.058273247576193691e-05	1.658047955381813650e-04	-3.172607865800679202e-05	-3.794452674215242660e-05	-4.558125640969006389e-04	-3.984621537690186577e-04	-3.932825200702791662e-04	4.319768450537823067e-04	-1.216651525120126978e-04	-1.470906742636663876e-05	-2.738779444586242166e-05	3.526751973018953557e-04	0.000000000000000000e+00	7.886401490741915335e-05	-2.384498277646160137e-05	-1.399607211958030640e-05	-3.620010051423803153e-05	-1.236947262349948691e-04	2.185968072264446427e-04	9.733940541058692106e-05	8.113283378887025266e-04	2.326878441958737996e-04	2.408000124677481864e-04	-4.565452524131047816e-04	-2.428390960564872378e-04	-4.722834258713366675e-04	-1.300003832342434005e-09	8.750046750675953295e-04	1.547682167045206537e-04	5.385929701397570036e-04	1.488561590822660768e-04	-4.405403335619418551e-04	-6.301739424939334150e-05	-5.144562612323082956e-04	2.692167497512669628e-05	2.021773424294984114e-04	5.169284309364642963e-04	3.666472600385317247e-04	1.015226806246675013e-04	-1.063918168142099271e-03	-1.198575510851097436e-04	-2.798085529725569467e-04	8.868902624728639873e-06	2.129903146724917095e-04	7.207836835912953186e-05	5.138915280279474193e-05	-3.002278349797265185e-05	-3.106493138158568997e-04	-4.988940521958685153e-06	4.026849430792406727e-04	-4.150825827695414129e-05	-4.309135500006073941e-04	-4.399147829022158384e-04	-1.047799352321472210e-03	-5.020759033546307298e-04	9.127560326017440315e-04
3.804455367693334970e-04	-3.344786095892799787e-05	-3.005547137577710496e-05	-1.492450795916854542e-04	-7.214714581159012300e-05	-1.437039473305971322e-05	2.122710432748670215e-04	2.002724183270601254e-06	1.832219881554656695e-04	1.584655784098497149e-04	3.077051498784615525e-05	-1.114088578784964593e-04	-2.167008731774390539e-04	-3.774841143554441200e-05	1.728009164892834165e-04	1.445344947680822262e-04	-4.675725313555104015e-05	9.891286889301049740e-05	4.617402998786296396e-05	-2.958214002825654341e-07	-7.886401490741915335e-05	0.000000000000000000e+00	-3.137154228573732631e-05	9.583783685970274848e-05	-2.416906223175867567e-04	-5.927051539923925793e-05	-7.506000687884672486e-05	1.121502661503114137e-04	1.184330633873917567e-05	-4.725672992852452043e-06	-2.748084063168767664e-04	2.188715931146986840e-05	-2.400919660121635471e-04	-1.382226036259997896e-04	-2.691649972710492969e-05	2.754740472185847810e-04	-6.089858724504892653e-05	7.693244363010268982e-06	-1.072216922504182657e-04	1.206381115238098871e-04	-1.365467883800918717e-04	-8.214080470951792986e-05	1.135974941071844756e-10	-1.399837270378372260e-05	5.419741237248008566e-05	-3.448488814772536319e-04	-3.273627125620565473e-04	8.711951841588395549e-07	4.886069758253508123e-05	-6.375646926019925356e-06	2.832831056776166325e-05	-1.151810696624631155e-04	-2.780354797129139406e-05	-8.756726294592426783e-05	-4.352514841106668074e-05	6.778989299158760123e-05	2.185221421239255495e-04	2.209646106015771471e-04	3.562065148110241033e-05	-2.518727877709756122e-04	-9.458646050167755391e-05	-4.671504939303415310e-05	2.009986657219193520e-04	4.009351183634852280e-05
1.162072677438525520e-03	-2.191710275135649595e-05	4.152715158584193919e-05	-4.239503577259617862e-04	-8.763322302528032449e-05	1.180902171509723095e-04	6.890410422459189400e-04	1.495803041771588884e-05	2.639554825578321971e-04	1.819709490604742462e-04	1.887656096797376572e-04	-1.626205008622908085e-04	2.290152787965047375e-04	2.398425897141308652e-05	2.889184813487379825e-04	-9.354572018924865056e-05	-1.318780038454889095e-04	1.652441377899239669e-04	1.713788370345160244e-04	5.094950453433944038e-05	2.384498277646160137e-05	3.137154228573732631e-05	0.000000000000000000e+00	9.702911459777149394e-05	-6.113283159805064752e-04	-5.817338321867102303e-05	-1.079355309417211602e-04	9.698975756524431675e-05	2.663930385164132395e-05	-4.954457634059567872e-04	-1.058714810851489347e-03	5.988782700355731474e-05	-2.790341771315089491e-04	1.341033923256692933e-04	-8.859296389129079732e-06	3.992075956983313760e-04	-1.833972608255904206e-04	4.522514751970571498e-05	-7.310530774097780051e-05	3.838990859887559835e-04	-9.424183800916625866e-05	-5.601029800964151440e-05	-2.832861491728614798e-05	-3.272323346270575089e-04	-3.024786934345987364e-05	-1.150025637182078200e-03	-6.002584271135437497e-04	2.247292868202671720e-04	3.797421268034751338e-04	-3.258292963813132095e-05	-3.243264596925772960e-10	-6.723352397928009918e-04	-6.791053204672551605e-05	-3.461505325289483855e-04	4.188474992004649920e-06	1.554971822024345555e-04	2.825437438912564367e-04	1.891208387967085558e-04	1.335092505187386190e-04	-3.274274855976529435e-04	2.185809546057022228e-04	7.784405578390080939e-05	2.721161763912233861e-04	-3.730906517495100137e-04
-1.386182028367441931e-04	1.994907842627507998e-04	1.547731489495173559e-05	8.140209823081735122e-05	5.094144469172975475e-05	-6.012485192330802044e-06	-7.680208351618650754e-05	8.211178738301038219e-05	2.099576497513825626e-04	2.691233659456374722e-05	-1.054554605034140600e-05	-1.533956396935059747e-04	-2.287044317620858392e-05	-8.381210975733684870e-05	1.323126368478494356e-05	4.994687695899866365e-05	5.700495540625163563e-05	-2.157805907712615520e-05	7.732840944225486285e-06	-1.212374706982898660e-04	1.399607211958030640e-05	-9.583783685970274848e-05	-9.702911459777149394e-05	0.000000000000000000e+00	6.433893151869169737e-05	-7.694664474627266565e-05	6.048947008258881799e-05	-4.492562213099665308e-06	2.389874023339184266e-05	7.030840651490002143e-05	1.389922389987708067e-04	-1.929237661013000833e-04	-7.328267686903332354e-05	-2.228353139669821364e-05	4.150923490605259563e-05	-4.139657755675529133e-05	1.884668780354626703e-05	-1.876144647867787087e-04	-9.758662233921793047e-05	-5.838945037852707128e-06	-6.217665463496711518e-06	4.694488529503025327e-05	-3.562257206314333499e-05	9.038724854911679468e-05	-1.729555867466208265e-04	1.435340098237662698e-04	1.012056719423246075e-04	-2.134159318691149427e-05	-5.754742594382711453e-05	-4.948584788757036694e-05	-1.335096125529798821e-04	1.376050740939532575e-04	-1.842876864271958585e-05	8.273892742227870992e-05	2.822200338989145439e-05	-1.139939014700400318e-04	1.394544645130617062e-04	7.988353033717839567e-05	1.040062238427573367e-10	-1.475155639915792685e-04	-1.905058035538932787e-05	3.497113901852380553e-05	8.177203074596941222e-05	9.063799397982060435e-05
6.103896810308640539e-05	3.046622376888343041e-04	2.539809202243639447e-04	1.531651588258923808e-09	1.565023152616344389e-04	2.538724338274339490e-05	6.059825078050461676e-05	-5.405080539799299376e-05	1.957859199203853065e-04	-1.141235434842747875e-04	-1.354641888535527939e-04	2.575314695795756070e-04	-7.551925816171324557e-05	6.433388273165204386e-04	1.040447887671895957e-03	-7.305933639331047111e-05	3.386598491016929802e-04	-1.359424788172384428e-04	-1.204241383405418192e-04	9.081510140036201488e-05	3.620010051423803153e-05	2.416906223175867567e-04	6.113283159805064752e-04	-6.433893151869169737e-05	0.000000000000000000e+00	1.408067368858443289e-04	8.054612234905029512e-05	1.665911636708951467e-04	-1.732077977594690906e-04	4.527515626304801175e-04	5.151178083937651715e-04	3.830805303796139239e-04	2.551375536669060577e-04	-4.673020843749364599e-05	1.457169376826531445e-05	-3.201066677858499065e-04	4.558493384897162424e-05	-1.439654585082876742e-04	1.324785352971378344e-04	-4.220967302292291001e-05	1.409035321187077826e-05	5.374707230111274922e-04	1.492500150397940858e-04	4.452866638143122531e-04	-2.493204405643308173e-04	1.020114517559146932e-03	5.361575799018798759e-04	7.478084550228436024e-04	6.188401843528558476e-05	9.246298900593482185e-04	4.239514909899924178e-04	4.777065669910273132e-04	4.406339872875509965e-05	5.384375455178410860e-04	2.769615188878365541e-04	2.471940526319861228e-04	-1.519120680206857959e-04	-1.255636088204185354e-04	-8.140183753082514480e-05	6.434372709475289116e-04	-7.466871097710182860e-05	8.733987386667444721e-04	2.648714219771571205e-04	-7.222164424287181207e-06
3.701689644538373606e-04	7.240773470930077639e-05	1.868412358440348285e-05	-2.575375986589083189e-04	-1.274879742184595061e-04	-1.568412017296176683e-04	2.923029125339540751e-05	1.085257519889954554e-04	-8.572766404203194734e-05	1.271114509793579530e-04	2.500841412062379727e-04	-4.032779571872057122e-10	1.683773816516814944e-04	-2.959424597418562858e-05	-3.488037925252705898e-05	8.696725070112443397e-05	-5.856007845041788946e-05	1.865937543634843651e-04	3.631776156587512567e-04	1.570875918954704980e-05	1.236947262349948691e-04	5.927051539923925793e-05	5.817338321867102303e-05	7.694664474627266565e-05	-1.408067368858443289e-04	0.000000000000000000e+00	4.793936118912993843e-05	1.044147547137582789e-04	1.929052295531260436e-04	-1.609736781097935150e-06	-1.191602768066848776e-04	-3.329230720258471977e-05	-2.196002013584794489e-05	9.009349369874596709e-05	3.793978612152762577e-05	5.225717815294942862e-05	-3.260919042865357133e-05	1.028783015294831447e-04	2.722179976288754375e-05	6.645648864109513149e-05	-4.154568236759224994e-05	6.811029493689487694e-05	1.114094321338978961e-04	8.079894431611425807e-06	1.395110271933266239e-04	-3.430955090454466038e-04	-1.183892121982645828e-04	3.207088869419293857e-05	1.875923741764561926e-04	2.628459590234628516e-04	1.626219892003221324e-04	-2.718888263252767275e-04	2.109906393732570543e-06	-3.219222347129016603e-04	-5.684207215842654120e-05	1.735946886058456896e-04	-5.282334640360978185e-05	-1.363186948316900873e-05	1.533972720646536786e-04	4.298236891004203019e-05	2.917125069250538693e-04	-2.923266723077086563e-05	-1.114142769607082747e-05	-3.264851992992500113e-04
5.914347167628301215e-05	9.875282483475246692e-05	3.055306847631031662e-06	-9.082684050320166593e-05	-2.149213586022466634e-04	-1.927768137577341289e-04	-7.960010764443948791e-05	1.633456233850331171e-04	-7.770049714216543826e-05	1.493674294462127706e-04	-1.098399608628604991e-04	-1.570973188012475031e-05	-7.647320666123432007e-04	-6.561903028930149949e-05	3.832349540664263499e-05	4.369735066860089105e-04	-9.460151404698047620e-05	-3.062720266139326401e-04	-4.211338077155385180e-04	-7.155648990074956259e-10	-2.185968072264446427e-04	7.506000687884672486e-05	1.079355309417211602e-04	-6.048947008258881799e-05	-8.054612234905029512e-05	-4.793936118912993843e-05	0.000000000000000000e+00	1.161741007465999216e-04	2.213286570119859598e-04	6.756572327130343886e-05	-3.922573912173190876e-05	-1.862911287356278935e-04	-1.300271553052338700e-05	-1.032525562780327397e-03	-3.526756210211314858e-04	-6.633674441915380080e-07	5.916438115630617486e-05	1.753300683544195538e-04	5.850200346886529437e-05	-5.754110815664888710e-04	-1.499331022924978391e-04	-9.458003557630164900e-05	2.960841028759927314e-07	2.734473369598168328e-04	2.745717756586355107e-05	-3.635024744758666134e-05	-4.401751947086931041e-05	-2.196125775141819273e-04	-2.915676043987718843e-05	6.702002212229472421e-05	-5.094842662133813795e-05	1.762278411602181581e-05	-1.307714893058039760e-04	-2.969704445272517302e-04	-9.875399619270933235e-05	1.293182507747867710e-04	-5.021975648358246948e-05	5.784115171303387971e-04	1.212413836816504973e-04	2.157061175221496093e-05	-2.986247004739200168e-04	-2.183025176706698649e-04	-4.838796582167989840e-05	8.089091158687592657e-04
3.397225827534340343e-04	1.294766067625595807e-04	8.352866361756153458e-06	-1.665911406718962554e-04	-2.085585836146156100e-04	-2.886923518353567202e-05	1.624410822212743704e-04	1.753701686306248140e-04	1.294737338324588683e-04	-8.917907963993279932e-06	-1.132205346024381409e-04	-1.044127188995581446e-04	-1.998344470223302016e-04	-1.431710482648537448e-04	3.798366411824508293e-05	1.059110808847927698e-04	8.354817682871436404e-06	-1.132201634416549619e-04	-2.170441157005964061e-04	-1.161739447978996792e-04	-9.733940541058692106e-05	-1.121502661503114137e-04	-9.698975756524431675e-05	4.492562213099665308e-06	-1.665911636708951467e-04	-1.044147547137582789e-04	-1.161741007465999216e-04	0.000000000000000000e+00	2.841189805187008119e-05	-1.568668179466928790e-04	-4.018122129817833406e-04	-1.217016875859897919e-04	-2.085567697186685367e-04	-1.998340820097893383e-04	-9.733935008408365458e-05	2.841048608336443058e-05	2.401555015655091712e-05	-1.436901942806581860e-04	-1.700098357189997454e-04	-1.169467790279146339e-04	-2.886918621225021696e-05	-1.431726256863900186e-04	-1.121523439020860819e-04	-1.568668068384753431e-04	-1.436927620150784844e-04	-4.478993248706233249e-04	-2.606681720627990455e-04	8.620647218884037685e-05	1.624412927184995168e-04	3.798279004277400265e-05	-9.699416898215683998e-05	-4.018120921722129852e-04	-1.700117642701226887e-04	-2.606679939017445598e-04	-4.521756915062135100e-05	2.177980868517836088e-04	1.753676388618455903e-04	1.059107446592386033e-04	4.492454233506289459e-06	-1.216967864763086069e-04	-1.169466938964445097e-04	8.620859115250365597e-05	2.177977186406058335e-04	2.020279675475520015e-04
-4.394592319262495897e-04	-1.358211542154710269e-06	-1.689005113075582902e-04	3.201024788712127089e-04	-1.920703300759949881e-04	3.507269870925431904e-05	-1.434014009918710604e-04	1.060160826951546479e-04	-6.936728225753447210e-05	3.061839819143312490e-05	-8.545838071147443017e-04	-5.225743512346733865e-05	-1.851424689006165658e-03	-2.082686692425467212e-04	-6.814588547700395457e-05	1.004750496084579449e-03	-2.495357141226403098e-04	-8.959324787971406070e-04	-1.783550952810956068e-03	6.621828382280017767e-07	-8.113283378887025266e-04	-1.184330633873917567e-05	-2.663930385164132395e-05	-2.389874023339184266e-05	1.732077977594690906e-04	-1.929052295531260436e-04	-2.213286570119859598e-04	-2.841189805187008119e-05	0.000000000000000000e+00	1.699292048033084054e-04	3.125151516820511683e-04	-2.143999027007482353e-04	-5.395168108277246806e-05	-2.040652959434833234e-03	-8.750007163068295162e-04	-1.211281208067539197e-09	1.018747903744403148e-04	1.790513871289421612e-04	4.810196643404176760e-05	-1.133780474210446549e-03	-3.997006370404840287e-05	-4.516193826038208048e-04	-2.754740266387860652e-04	3.152031837740456341e-04	-1.691558191892606855e-04	5.166736683332715831e-04	2.563515674004348361e-04	-2.917274788453688272e-04	-2.419230264338077872e-04	-4.557046635730978637e-04	-3.992078102647525929e-04	6.506494209990560350e-04	-1.778072969143649888e-04	3.091084319160351595e-04	6.857165324282904267e-05	-7.212186598320306400e-06	-8.036736252564540963e-06	1.092899065138092877e-03	4.139803758124712752e-05	-1.350282528624970632e-04	-1.021184578918610166e-03	-5.773191594290430669e-04	-1.589502143539058151e-04	2.406157290617372095e-03
9.058247064448777001e-04	5.330179913766487382e-04	3.537021476617735515e-04	-4.452838247913912034e-04	1.513881486130737325e-05	-1.803233647448926157e-05	4.401276390000682546e-04	1.479680747389165837e-04	4.369410299532400189e-04	-1.077237549581074348e-04	-3.585703594172815856e-04	-8.084287516873413649e-06	-5.409190416766655393e-04	3.669835272748620978e-04	1.187088393259095633e-03	1.377423198711775565e-04	4.019941477074909599e-04	-4.078192773571814042e-04	-6.225250981821948710e-04	-2.734587060081121847e-04	-2.326878441958737996e-04	4.725672992852452043e-06	4.954457634059567872e-04	-7.030840651490002143e-05	-4.527515626304801175e-04	1.609736781097935150e-06	-6.756572327130343886e-05	1.568668179466928790e-04	-1.699292048033084054e-04	0.000000000000000000e+00	-4.882665060604007823e-04	2.212851095525474195e-04	-1.111461302621152857e-04	-5.048764537617801262e-04	-2.021776550774167353e-04	-3.152095430810072452e-04	6.116796625015416728e-05	-3.932149102154614538e-04	-1.679774043683838645e-04	-2.701349597315850560e-04	-4.344349624799459167e-05	4.823714680161193423e-04	1.400227465841308266e-05	1.742163496540109454e-09	-4.898147666889293402e-04	-5.053375438979273917e-05	-2.609111566630910924e-05	9.746424864294981998e-04	4.261338051725753495e-04	1.057543349564987398e-03	3.272303249648572925e-04	-5.078706895953876300e-04	-1.267061472308304761e-04	-6.584111110630871890e-06	1.939284686153142545e-04	5.386263407801661872e-04	1.553963991229817630e-04	1.352485346342711297e-04	-9.038703982172335252e-05	4.606042992834842630e-04	-3.639195463882301078e-04	1.060930615502828902e-03	7.945574656045579359e-04	4.446599455536365546e-04
1.072069348177099061e-03	9.290592640922135754e-04	5.450170944791157910e-04	-4.776996825484620805e-04	1.109824120307543121e-04	2.554583195351405544e-05	5.350941351970670392e-04	1.508001017718326126e-04	8.577426061150770619e-04	-1.989310184833072614e-04	-4.971828548934449730e-04	2.718775291323165342e-04	-6.086070687910942901e-04	1.295865725051519469e-03	2.386889070609484083e-03	5.471393402844446183e-05	8.704874306911403875e-04	-5.368393167056702622e-04	-7.776825759665004310e-04	-1.764784324162679537e-05	-2.408000124677481864e-04	2.748084063168767664e-04	1.058714810851489347e-03	-1.389922389987708067e-04	-5.151178083937651715e-04	1.191602768066848776e-04	3.922573912173190876e-05	4.018122129817833406e-04	-3.125151516820511683e-04	4.882665060604007823e-04	0.000000000000000000e+00	5.747320521820745241e-04	3.694615595076143578e-04	-6.150227974793892822e-04	-2.129914446851124033e-04	-6.506587386613223514e-04	7.789045890800908815e-05	-7.726463047532816262e-04	1.510613391217585365e-06	-3.416717012759319530e-04	2.909947148210721522e-05	1.038395147578202813e-03	1.151919347511952185e-04	5.078781594602098121e-04	-8.422988936090452725e-04	1.051435600800172503e-03	5.867154165402590138e-04	1.791859367868079561e-03	5.575422016421786040e-04	2.065823842995698906e-03	6.723346047851619638e-04	8.184476745935536854e-09	-1.538584999184578568e-04	5.430841840210405861e-04	4.709781742048360382e-04	8.586621374694830078e-04	-1.512084820418984897e-05	8.740569481986559125e-05	-1.376048877933640441e-04	9.847884286037756306e-04	-3.782069780666816989e-04	2.149440451549944429e-03	9.080374640933586801e-04	4.574147797067409666e-04
1.084135617539168633e-03	1.403294462250275138e-04	1.944604495957568421e-05	-6.434403519589479946e-04	-6.500381449477546581e-06	-1.368499309302719739e-04	3.325959744720640050e-04	7.692624864364766514e-05	-4.608422180056415644e-05	1.750504110384842817e-04	6.225135098681117011e-04	-4.298316409374056731e-05	1.103629351442537033e-03	-6.430707472802961087e-05	-1.297084848149226088e-04	-2.306471899690173803e-04	-4.457045695256815255e-05	7.125551977364452975e-04	1.161408720251343868e-03	-2.157107463857892472e-05	4.565452524131047816e-04	-2.188715931146986840e-05	-5.988782700355731474e-05	1.929237661013000833e-04	-3.830805303796139239e-04	3.329230720258471977e-05	1.862911287356278935e-04	1.217016875859897919e-04	2.143999027007482353e-04	-2.212851095525474195e-04	-5.747320521820745241e-04	0.000000000000000000e+00	-1.058289618559317120e-04	1.214480304602848140e-03	4.309038249138690425e-04	1.350291516603724633e-04	-1.949780935409883527e-04	-7.367781553592748890e-06	-5.969757261648043090e-05	7.178115325907725389e-04	8.439447562985457176e-05	3.312070532693725576e-04	2.518738588536923806e-04	-4.606028225870128340e-04	1.853548274181103604e-04	-1.064629885513000045e-03	-3.685669988906190584e-04	2.740460426764800917e-04	6.058318410916241174e-04	5.157448045856876263e-04	3.274296217205151975e-04	-9.847897750550748276e-04	1.243301410094511017e-04	-5.560831666371547806e-04	-1.257630561754089377e-05	1.542143365832823612e-04	1.057966406047339335e-05	-6.023854329992184981e-04	1.475151908008049241e-04	-5.855959595985331823e-10	9.416578777626158879e-04	1.374386213308571338e-04	7.349015946367859270e-05	-1.481808126409215817e-03
2.589563329838375167e-04	-3.721136547929542121e-05	6.912037186709281227e-05	-1.564962446139789212e-04	1.363833959419066605e-10	-3.978181283373214338e-05	1.196770132847783876e-04	-3.416287000942375899e-05	1.241782023400735862e-04	8.131692263530100996e-05	2.784262223271651623e-04	1.274892590539202951e-04	3.945802138772274044e-04	3.420139655115870831e-04	4.778166762614774747e-04	-2.381547530490986885e-04	1.642359653801099334e-04	4.200025352835887703e-04	7.438975981053331469e-04	2.149226541389395620e-04	2.428390960564872378e-04	2.400919660121635471e-04	2.790341771315089491e-04	7.328267686903332354e-05	-2.551375536669060577e-04	2.196002013584794489e-05	1.300271553052338700e-05	2.085567697186685367e-04	5.395168108277246806e-05	1.111461302621152857e-04	-3.694615595076143578e-04	1.058289618559317120e-04	0.000000000000000000e+00	5.104912764899876589e-04	3.491707473807928799e-04	1.920693151139049202e-04	9.169602477594553428e-06	1.445780325586941005e-04	3.370343344990384387e-05	3.899884268515794398e-04	-1.458273396665020765e-04	8.654811400682744192e-05	7.214688737748865225e-05	-1.513402479548272378e-05	3.018067494045400615e-05	-2.743523499755242063e-04	-4.871982141976830211e-04	2.484606774996027953e-04	-7.237046059041873729e-05	3.667928947101745406e-05	8.763295062250546778e-05	-1.109697855706533962e-04	4.943065583066144309e-06	-1.487621995948107412e-04	-2.314716369861364654e-04	8.030375792135690778e-05	6.463642773263680809e-05	-2.739033903179195154e-04	-5.094423096611662622e-05	6.501691671065731352e-06	1.932636194159272915e-04	9.234624626146027964e-05	1.259971050728416289e-04	-8.727629999058973556e-04
-3.856217493312047244e-04	-1.458414820985319549e-04	-4.337990669355596459e-04	7.551863492253919072e-05	-3.945705160013048473e-04	-1.131561912269587051e-04	-3.242299589596977713e-04	-3.776370857073639792e-05	-9.733491110856016626e-05	4.086349077974661638e-04	4.710904277740773547e-04	-1.683872896951014433e-04	6.176741364415864587e-09	-8.675840120242323244e-04	-8.511094012437235351e-04	5.274943823342717608e-04	-3.166512659171884301e-04	5.093598454447721604e-04	1.019429432704950077e-03	7.647342296695969124e-04	4.722834258713366675e-04	1.382226036259997896e-04	-1.341033923256692933e-04	2.228353139669821364e-05	4.673020843749364599e-05	-9.009349369874596709e-05	1.032525562780327397e-03	1.998340820097893383e-04	2.040652959434833234e-03	5.048764537617801262e-04	6.150227974793892822e-04	-1.214480304602848140e-03	-5.104912764899876589e-04	0.000000000000000000e+00	4.558118664355596686e-04	1.851438258377498172e-03	3.588960852923094437e-04	1.074377439161403264e-03	2.836014845017575318e-04	-4.690368096778584376e-04	-1.123947924791279557e-04	-7.523811193496355264e-04	2.167092489036143415e-04	5.409198147362690671e-04	1.130385970670721562e-03	8.734216782158594344e-04	2.989677714067871610e-04	-2.497919598655094602e-03	-2.858929886016760465e-04	-1.045939439429332402e-03	-2.289952912880762999e-04	6.086073013254296102e-04	3.701641227233946809e-04	2.659853620461248461e-04	-2.535275164744236741e-05	-1.429367149550867314e-03	3.797107156883683458e-05	5.103775255559908804e-04	2.287314218131442035e-05	-1.103653350820165899e-03	-4.292717997521505215e-04	-2.350525774302990659e-03	-1.137191194591631507e-03	9.868817628662217983e-04
-1.111352302538736380e-04	-9.058885349636167377e-05	-1.216619826617110212e-04	-3.620072522212467554e-05	-2.428347799935579282e-04	-6.301766467530255978e-05	-1.198580062554952029e-04	-4.994035401298342735e-06	-4.025531244921165189e-05	1.658050329356152699e-04	-1.470642830684790063e-05	-1.237011121802243522e-04	-4.722776905005444427e-04	-5.144607048673253188e-04	-2.798092736777414973e-04	4.026821978500793285e-04	-1.191229220686586385e-04	-3.172546123250664062e-05	-2.738480156661618335e-05	2.185949619926980808e-04	1.300003832342434005e-09	2.691649972710492969e-05	8.859296389129079732e-06	-4.150923490605259563e-05	-1.457169376826531445e-05	-3.793978612152762577e-05	3.526756210211314858e-04	9.733935008408365458e-05	8.750007163068295162e-04	2.021776550774167353e-04	2.129914446851124033e-04	-4.309038249138690425e-04	-3.491707473807928799e-04	-4.558118664355596686e-04	0.000000000000000000e+00	8.113334207092293008e-04	1.547679283576617855e-04	5.169221191532079795e-04	7.207179600786207756e-05	-4.399144668324518354e-04	-7.842491475505338221e-05	-3.984594329180619551e-04	7.886817621453363772e-05	2.326883626829377922e-04	5.385984589266379526e-04	3.666480388472404374e-04	5.138906685134033271e-05	-1.047797180042609345e-03	-1.202686793320218502e-04	-3.932825130530502459e-04	-2.383659756660118210e-05	2.408005245984747391e-04	1.488611444002811441e-04	1.015232589101812280e-04	-3.002274354855257775e-05	-5.020780440265124565e-04	8.058082299805687486e-05	4.319767453111199350e-04	-1.399492457218696413e-05	-4.565564695680994619e-04	-4.405370340578902569e-04	-1.063920188831116425e-03	-3.106455847130332182e-04	9.127524442748035424e-04
-4.394673860897963360e-04	-6.936866420736680495e-05	-2.495380699563401949e-04	1.732102804095614866e-04	-5.395303288586688457e-05	-3.997080753919459031e-05	-2.419278185002383063e-04	-8.036763168597001612e-06	-1.357132003488349477e-06	3.061760957195531916e-05	-8.959416435929450301e-04	-1.929053454033373308e-04	-2.040666117974871633e-03	-4.516187275262867036e-04	-4.557043197241257820e-04	1.092905329292024122e-03	-1.688984777483211637e-04	-8.545893693637555098e-04	-1.783563582465938708e-03	-2.213288286323772250e-04	-8.750046750675953295e-04	-2.754740472185847810e-04	-3.992075956983313760e-04	4.139657755675529133e-05	3.201066677858499065e-04	-5.225717815294942862e-05	6.633674441915380080e-07	-2.841048608336443058e-05	1.211281208067539197e-09	3.152095430810072452e-04	6.506587386613223514e-04	-1.350291516603724633e-04	-1.920693151139049202e-04	-1.851438258377498172e-03	-8.113334207092293008e-04	0.000000000000000000e+00	1.018767252311925759e-04	-1.691563704531840297e-04	-1.778071410974989871e-04	-1.021195361175237203e-03	3.507226626154620321e-05	-2.082699922631831805e-04	-1.184267948372360620e-05	1.699337863072300351e-04	1.790539334222709088e-04	5.166821581384382954e-04	3.091113079476321183e-04	-5.773231479297678565e-04	-1.434072687216314448e-04	-6.814753461577585344e-05	-2.663911990813879084e-05	3.125237478453036849e-04	4.810256764959895128e-05	2.563556519839080457e-04	6.857034218427944918e-05	-1.589512465925533734e-04	1.060160326879289790e-04	1.004755740759857938e-03	-2.390011020829276662e-05	-2.143998334765566437e-04	-1.133787134725338340e-03	-2.917261941646210862e-04	-7.212322512433020070e-06	2.406172854847575364e-03
8.367351994721100171e-05	-3.881833832366195968e-05	6.463610317694988973e-05	-4.558513335115691747e-05	-9.171682007794318967e-06	-6.614558258497521893e-06	4.613781784714479335e-05	-1.081885146453603124e-05	-3.881827416149277710e-05	-5.010872292418987336e-05	-2.333362934484913670e-04	3.260980011380378322e-05	-3.588963554002451905e-04	3.867244942797370326e-06	1.196306964988473034e-04	1.410838764297521952e-04	6.463755032797112584e-05	-2.333362338627103692e-04	-4.173509238467972742e-04	-5.916382432200109609e-05	-1.547682167045206537e-04	6.089858724504892653e-05	1.833972608255904206e-04	-1.884668780354626703e-05	-4.558493384897162424e-05	3.260919042865357133e-05	-5.916438115630617486e-05	-2.401555015655091712e-05	-1.018747903744403148e-04	-6.116796625015416728e-05	-7.789045890800908815e-05	1.949780935409883527e-04	-9.169602477594553428e-06	-3.588960852923094437e-04	-1.547679283576617855e-04	-1.018767252311925759e-04	0.000000000000000000e+00	5.277350074972622797e-05	3.287819409506999882e-05	-1.547766551306416812e-04	-6.614474108424120026e-06	3.865335057369554206e-06	6.089761922120664182e-05	-6.116820889473273707e-05	5.277350501770801573e-05	-6.013147553625721294e-05	-3.775045706448144651e-05	9.324203576564895962e-05	4.613772360057040857e-05	1.196290714946613765e-04	1.833956905428385021e-04	-7.789033273275730931e-05	3.287734069208399104e-05	-3.775021128291868760e-05	1.015474619615327466e-05	1.163926102209446767e-04	-1.081993296059372994e-05	1.410837135128491910e-04	-1.884673749953143449e-05	1.949797199219648340e-04	-1.547765002151691685e-04	9.324342146481765089e-05	1.163917689041308402e-04	3.368944265540864489e-04
-3.493013734026812747e-04	2.698976918316678083e-05	-3.449516728182109837e-06	2.493232965894756062e-04	-3.018173277023582105e-05	4.328481565110411336e-05	-1.419597797914514499e-04	9.060765997739326708e-06	1.335731899179956942e-04	1.763505593435524092e-04	-3.575273488017552273e-04	-1.395097876634841957e-04	-1.130375298368683362e-03	-7.850453734348437061e-05	5.825134193260756235e-05	6.663140908432544588e-04	-1.030950284742204872e-04	-3.637610095660348021e-04	-9.184966535794819673e-04	-2.745629828860739606e-05	-5.385929701397570036e-04	-7.693244363010268982e-06	-4.522514751970571498e-05	1.876144647867787087e-04	1.439654585082876742e-04	-1.028783015294831447e-04	-1.753300683544195538e-04	1.436901942806581860e-04	-1.790513871289421612e-04	3.932149102154614538e-04	7.726463047532816262e-04	7.367781553592748890e-06	-1.445780325586941005e-04	-1.074377439161403264e-03	-5.169221191532079795e-04	1.691563704531840297e-04	-5.277350074972622797e-05	0.000000000000000000e+00	-3.248847570813895519e-05	-2.956275807880555818e-04	-1.002412406188816357e-04	-1.488547417034231208e-04	-5.419704789631258371e-05	4.898173191631034198e-04	6.943068127676498707e-10	5.517418496763758229e-04	2.523780920876593720e-04	-1.163477447876179883e-04	-3.134085616698303748e-04	7.222032714640467545e-05	3.024763403843586611e-05	8.423059242302006252e-04	-2.795224782152318975e-05	3.820917353636411667e-04	2.938062826078447108e-05	6.569298690753223933e-05	1.478420394332956300e-04	8.764943419902278179e-04	1.729543466079189727e-04	-1.853530088785296649e-04	-5.573170995712553111e-04	7.704200341653276847e-06	1.037513222230180871e-04	1.271662244585495746e-03
1.273641152047531898e-04	-1.988151961152623894e-05	2.674164997868974035e-05	-4.405842349855896569e-05	-4.943407533281084579e-06	4.668726553386410449e-06	8.116595827988495469e-05	-2.985564882820674270e-05	1.706837897409131601e-04	1.357655686364377806e-04	-6.101274200000693994e-05	-2.108545939870385332e-06	-3.701542234658015615e-04	1.616286292443278722e-04	2.676623418850283169e-04	1.984044927804653113e-04	3.825064866230124883e-05	1.290990383215999878e-05	-1.022108208413532342e-04	1.307727250244735914e-04	-1.488561590822660768e-04	1.072216922504182657e-04	7.310530774097780051e-05	9.758662233921793047e-05	-1.324785352971378344e-04	-2.722179976288754375e-05	-5.850200346886529437e-05	1.700098357189997454e-04	-4.810196643404176760e-05	1.679774043683838645e-04	-1.510613391217585365e-06	5.969757261648043090e-05	-3.370343344990384387e-05	-2.836014845017575318e-04	-7.207179600786207756e-05	1.778071410974989871e-04	-3.287819409506999882e-05	3.248847570813895519e-05	0.000000000000000000e+00	3.152353305546019466e-05	-1.130209756824022472e-04	-2.245694523815968950e-05	2.780374315452027381e-05	1.267105272590114738e-04	2.795250144433274184e-05	-5.000376297981356773e-05	-2.086873038496633013e-04	5.515337243235720341e-05	-1.134931167402834752e-04	4.700865210095188514e-05	6.791027960711021631e-05	1.538694828661242011e-04	-1.713882761907492731e-11	2.823750571019590180e-05	-1.089130866313764488e-04	5.502821406147940744e-05	1.099835615816498831e-04	2.868808553226832219e-04	1.842638884454146165e-05	-1.243285098986957960e-04	-1.920828217238085940e-04	4.802870167484068922e-05	8.018580559191024301e-05	1.980352896883576632e-04
-2.651374377065254632e-04	-6.458017526496850815e-05	-2.794441614371298349e-04	7.466832775762603639e-05	-1.932595307139565739e-04	-6.346521379924063009e-05	-2.304207742594802935e-04	-1.685735785484062383e-05	2.106223073195863274e-04	2.734343322214349034e-04	4.957179376694659549e-04	-2.917174536695567679e-04	4.292782654121553125e-04	-5.780926519441341969e-04	-5.229425131364096469e-04	8.868219926483823410e-05	-2.072371881838648480e-04	5.044849240456990378e-04	1.009775446965047088e-03	2.986276757722801335e-04	4.405403335619418551e-04	-1.206381115238098871e-04	-3.838990859887559835e-04	5.838945037852707128e-06	4.220967302292291001e-05	-6.645648864109513149e-05	5.754110815664888710e-04	1.169467790279146339e-04	1.133780474210446549e-03	2.701349597315850560e-04	3.416717012759319530e-04	-7.178115325907725389e-04	-3.899884268515794398e-04	4.690368096778584376e-04	4.399144668324518354e-04	1.021195361175237203e-03	1.547766551306416812e-04	2.956275807880555818e-04	-3.152353305546019466e-05	0.000000000000000000e+00	-8.398359723561651068e-05	-3.767064329622117451e-04	9.459068996921129579e-05	3.639206934482515105e-04	5.573230057159655462e-04	4.654782794185128138e-04	1.557530129812230413e-04	-1.316291258339116407e-03	-1.810184363222412164e-04	-6.683034942782950256e-04	-2.185700983054332546e-04	3.782071420443219758e-04	1.920873287563183035e-04	1.572313558221064521e-04	-2.240473155222330338e-05	-8.396959659838498791e-04	2.268409365968802828e-04	9.105219537680357060e-05	1.905201051680278088e-05	-9.416719079448003342e-04	1.553463356107447069e-09	-1.259306443161921623e-03	-5.117448650895149546e-04	4.428955699798374919e-05
6.535490855988493114e-05	2.921175516282044815e-05	-8.422591336977038826e-05	-2.538577207568122173e-05	3.978238283319616048e-05	2.481753343183616786e-11	6.244096191728603674e-05	-1.199487095754625295e-05	-1.059478480882675080e-04	-2.548371326213734098e-05	6.105995782758458007e-05	1.568419925592135422e-04	1.131558114966785668e-04	1.574449263358539087e-04	7.955605935594811673e-06	-7.916587825410007916e-05	-2.150186692570686350e-05	4.155024744469082274e-05	1.217546240744049059e-04	1.927774011521077215e-04	6.301739424939334150e-05	1.365467883800918717e-04	9.424183800916625866e-05	6.217665463496711518e-06	-1.409035321187077826e-05	4.154568236759224994e-05	1.499331022924978391e-04	2.886918621225021696e-05	3.997006370404840287e-05	4.344349624799459167e-05	-2.909947148210721522e-05	-8.439447562985457176e-05	1.458273396665020765e-04	1.123947924791279557e-04	7.842491475505338221e-05	-3.507226626154620321e-05	6.614474108424120026e-06	1.002412406188816357e-04	1.130209756824022472e-04	8.398359723561651068e-05	0.000000000000000000e+00	4.983066662248174564e-05	1.436997931701795445e-05	1.803347071449042495e-05	-4.328688992546015182e-05	2.885375119663175040e-05	-1.516771715239317408e-05	-9.266130730152039767e-05	3.794722605544083999e-05	-6.939029800704816782e-05	-1.180913112201390880e-04	-2.554302946221967418e-05	-4.669476844880278356e-06	-4.930100852833610382e-07	2.068340068554046704e-05	-1.715057425943996737e-04	-1.335039328561494630e-04	-6.284535667898090514e-05	6.012273111951087972e-06	1.368509028268970564e-04	6.346474235406628116e-05	-2.106098128307415732e-05	-2.140146296491732963e-04	-1.176769442617229741e-04
1.090966786273721983e-03	2.079739719488736755e-04	-5.235244535768184763e-05	-6.433455726109714706e-04	-3.420125744947411037e-04	-1.574451021329714403e-04	3.685485248654416998e-04	2.836971524362510316e-04	-1.442498698949099510e-04	9.371057060013503518e-05	6.034396368920196940e-04	2.959365455905983621e-05	8.675773710023408462e-04	-1.975409014238826500e-10	-1.058348294652487683e-04	-4.400623705737287828e-04	-7.960158535022437217e-05	4.513869291828724812e-04	1.102281956582550895e-03	6.561905063781513150e-05	5.144562612323082956e-04	8.214080470951792986e-05	5.601029800964151440e-05	-4.694488529503025327e-05	-5.374707230111274922e-04	-6.811029493689487694e-05	9.458003557630164900e-05	1.431726256863900186e-04	4.516193826038208048e-04	-4.823714680161193423e-04	-1.038395147578202813e-03	-3.312070532693725576e-04	-8.654811400682744192e-05	7.523811193496355264e-04	3.984594329180619551e-04	2.082699922631831805e-04	-3.865335057369554206e-06	1.488547417034231208e-04	2.245694523815968950e-05	3.767064329622117451e-04	-4.983066662248174564e-05	0.000000000000000000e+00	3.774847084633524023e-05	-3.669872269030620285e-04	7.850565226861225872e-05	-1.243142981533142989e-03	-5.828100223447951886e-04	-1.624362459834080823e-04	5.362421202917602020e-04	2.549479406051130548e-04	-2.398298418889191849e-05	-1.295879474828491411e-03	-1.616272804661484503e-04	-9.326257404652549439e-04	-2.005430957297955311e-04	2.646945627452806015e-04	-3.785671904988863282e-05	-4.070948686362562286e-04	8.381449344104870320e-05	6.430581608050453947e-05	5.780882211114468996e-04	1.019469960483424410e-04	3.019174746621807387e-05	-1.273648383797868107e-03
3.804557837436894430e-04	1.832229354235049060e-04	-4.675610475877823522e-05	-2.416973112496713003e-04	-2.400910613139206856e-04	-1.365463402073243651e-04	4.886551584360605794e-05	2.185221732942749999e-04	-3.344699509249786108e-05	1.584650150555013282e-04	9.890914174680141445e-05	-5.927107313961701182e-05	-1.382315027667341679e-04	-8.214083302911333719e-05	-6.374870465727943986e-06	2.209694928458520247e-04	-3.005413595710122621e-05	3.076727706295968428e-05	4.616449268974815112e-05	-7.506073585232792662e-05	-2.692167497512669628e-05	-1.135974941071844756e-10	2.832861491728614798e-05	3.562257206314333499e-05	-1.492500150397940858e-04	-1.114094321338978961e-04	-2.960841028759927314e-07	1.121523439020860819e-04	2.754740266387860652e-04	-1.400227465841308266e-05	-1.151919347511952185e-04	-2.518738588536923806e-04	-7.214688737748865225e-05	-2.167092489036143415e-04	-7.886817621453363772e-05	1.184267948372360620e-05	-6.089761922120664182e-05	5.419704789631258371e-05	-2.780374315452027381e-05	-9.459068996921129579e-05	-1.436997931701795445e-05	-3.774847084633524023e-05	0.000000000000000000e+00	-4.729857085219299679e-06	7.693519964327273316e-06	-3.448586113815795559e-04	-8.757311173260719889e-05	-4.671650794783217684e-05	2.122752008231742213e-04	1.728013121292481624e-04	-3.137111769874573696e-05	-2.748195219989003077e-04	-1.072208888814638972e-04	-3.273672823673193168e-04	-4.352669897750710288e-05	2.009976129938855914e-04	2.003089534086496333e-06	1.445393721553662363e-04	9.583933302371270700e-05	2.188699813242590367e-05	1.206336885009013466e-04	8.714736657560765522e-07	6.779041253409735009e-05	4.010444337296085755e-05
9.058277595719900488e-04	4.369361604517130247e-04	4.019850079171141156e-04	-4.527514834226517787e-04	-1.111430034981841265e-04	-4.344199406923968375e-05	4.261370026018704770e-04	1.553922118751338306e-04	5.330213401080782613e-04	-1.077239264487594089e-04	-4.078200752066810878e-04	1.605358447832965055e-06	-5.048762520329316567e-04	4.823661827480128176e-04	1.057548956649483323e-03	1.352482093227376134e-04	3.537090927410946545e-04	-3.585699913602913725e-04	-6.225253291644265849e-04	-6.757697169641430849e-05	-2.021773424294984114e-04	1.399837270378372260e-05	3.272323346270575089e-04	-9.038724854911679468e-05	-4.452866638143122531e-04	-8.079894431611425807e-06	-2.734473369598168328e-04	1.568668068384753431e-04	-3.152031837740456341e-04	-1.742163496540109454e-09	-5.078781594602098121e-04	4.606028225870128340e-04	1.513402479548272378e-05	-5.409198147362690671e-04	-2.326883626829377922e-04	-1.699337863072300351e-04	6.116820889473273707e-05	-4.898173191631034198e-04	-1.267105272590114738e-04	-3.639206934482515105e-04	-1.803347071449042495e-05	3.669872269030620285e-04	4.729857085219299679e-06	0.000000000000000000e+00	-3.932103995915642216e-04	-5.053750321569919321e-05	-6.587956079051685834e-06	1.060923389915497533e-03	4.401274326371354363e-04	1.187081668827201291e-03	4.954438205885584000e-04	-4.882658059833549146e-04	-1.679730220520508042e-04	-2.609061863454107465e-05	1.939282481248033141e-04	7.945460803488999836e-04	1.479721992474709652e-04	1.377427906950432640e-04	-7.030813992922889432e-05	2.212863831051411524e-04	-2.701345292577799623e-04	9.746471555497536682e-04	5.386379361715231285e-04	4.446603608755532780e-04
-3.492937794586174738e-04	1.335744299580451521e-04	-1.030943942911035369e-04	1.439600623623244488e-04	-1.445781348871499222e-04	-1.002395594679756366e-04	-3.134041402791560584e-04	1.478430022551713513e-04	2.699076105601073378e-05	1.763510757570414204e-04	-3.637663553232646941e-04	-1.028786804065791283e-04	-1.074388330103657422e-03	-1.488541843276993662e-04	7.222149142547073619e-05	8.765006002266631860e-04	-3.447739400928934920e-06	-3.575304616781742068e-04	-9.185086264838961817e-04	-1.753312161509530177e-04	-5.169284309364642963e-04	-5.419741237248008566e-05	3.024786934345987364e-05	1.729555867466208265e-04	2.493204405643308173e-04	-1.395110271933266239e-04	-2.745717756586355107e-05	1.436927620150784844e-04	1.691558191892606855e-04	4.898147666889293402e-04	8.422988936090452725e-04	-1.853548274181103604e-04	-3.018067494045400615e-05	-1.130385970670721562e-03	-5.385984589266379526e-04	-1.790539334222709088e-04	-5.277350501770801573e-05	-6.943068127676498707e-10	-2.795250144433274184e-05	-5.573230057159655462e-04	4.328688992546015182e-05	-7.850565226861225872e-05	-7.693519964327273316e-06	3.932103995915642216e-04	0.000000000000000000e+00	5.517346908721781646e-04	3.820877154044963067e-04	7.702142336098909484e-06	-1.419570534326475579e-04	5.825104815721552861e-05	-4.522518052620692013e-05	7.726386405713251207e-04	-3.248824739703999262e-05	2.523752723850751023e-04	2.937841674792679263e-05	1.037510726851505313e-04	9.060969301905222911e-06	6.663206049811614979e-04	1.876153046724888152e-04	7.368460727397190051e-06	-2.956320708097571375e-04	-1.163460468969208496e-04	6.569367315141368894e-05	1.271676006773455724e-03
2.015847439996726852e-03	6.681805555280799069e-04	7.052279721465666996e-04	-1.020111074400638623e-03	2.743630430263520282e-04	-2.885075783390384578e-05	9.422146765082155782e-04	-5.171510525935909907e-05	6.681896298583772827e-04	-2.110217749464612610e-04	-6.445026003934517826e-04	3.430853582295144378e-04	-8.734205513763185951e-04	1.243131489607137135e-03	2.329410461800116450e-03	1.615099146495321673e-04	7.052402163873745886e-04	-6.445018513852960457e-04	-1.044789902142973567e-03	3.632773143829515141e-05	-3.666472600385317247e-04	3.448488814772536319e-04	1.150025637182078200e-03	-1.435340098237662698e-04	-1.020114517559146932e-03	3.430955090454466038e-04	3.635024744758666134e-05	4.478993248706233249e-04	-5.166736683332715831e-04	5.053375438979273917e-05	-1.051435600800172503e-03	1.064629885513000045e-03	2.743523499755242063e-04	-8.734216782158594344e-04	-3.666480388472404374e-04	-5.166821581384382954e-04	6.013147553625721294e-05	-5.517418496763758229e-04	5.000376297981356773e-05	-4.654782794185128138e-04	-2.885375119663175040e-05	1.243142981533142989e-03	3.448586113815795559e-04	5.053750321569919321e-05	-5.517346908721781646e-04	0.000000000000000000e+00	8.488991025536256037e-06	1.979864399814046903e-03	9.422108150181980786e-04	2.329399517104722983e-03	1.150024931844399962e-03	-1.051426677349257682e-03	5.001376528116211384e-05	8.493621345526138869e-06	3.932856128863114172e-04	9.069311357560107430e-04	-5.170465641441738088e-05	1.615109866985151466e-04	-1.435336086046455444e-04	1.064628649627060233e-03	-4.654773107578091904e-04	1.979871678617609390e-03	9.069543197403387696e-04	6.574081575220164318e-04
1.056807334475103098e-03	4.212548395038865755e-04	2.724117773461363174e-04	-5.384339982307905078e-04	1.487684171278035397e-04	4.945377681580366377e-07	5.125363881121374398e-04	1.327645395322433499e-05	3.097884676049482205e-04	-1.257045230120256438e-04	-2.377622022454290406e-04	3.219173480009747857e-04	-2.659849356533710045e-04	9.326197324421726508e-04	1.148733532549968839e-03	-6.507537664100847101e-05	3.910857830013330424e-04	-2.740073966563386825e-04	-3.469808298100155028e-04	2.969605679818984687e-04	-1.015226806246675013e-04	3.273627125620565473e-04	6.002584271135437497e-04	-1.012056719423246075e-04	-5.361575799018798759e-04	1.183892121982645828e-04	4.401751947086931041e-05	2.606681720627990455e-04	-2.563515674004348361e-04	2.609111566630910924e-05	-5.867154165402590138e-04	3.685669988906190584e-04	4.871982141976830211e-04	-2.989677714067871610e-04	-5.138906685134033271e-05	-3.091113079476321183e-04	3.775045706448144651e-05	-2.523780920876593720e-04	2.086873038496633013e-04	-1.557530129812230413e-04	1.516771715239317408e-05	5.828100223447951886e-04	8.757311173260719889e-05	6.587956079051685834e-06	-3.820877154044963067e-04	-8.488991025536256037e-06	0.000000000000000000e+00	8.638963296976685368e-04	4.883645523531287592e-04	1.051456478127447448e-03	3.461510509352593197e-04	-5.430757394782326219e-04	-2.823217694497052684e-05	2.174805458503102014e-09	1.927821524633771945e-04	3.592712492126342357e-04	-2.151225651874740159e-04	1.875010166625736436e-05	-8.273909952419518171e-05	5.560814149887878446e-04	-1.572314059970004768e-04	9.614706398680019760e-04	6.969834199642191397e-05	1.717290859203444292e-04
1.748220044366159383e-03	2.004880685875098261e-04	-1.233369182894285872e-04	-8.733960781611962900e-04	-9.234495288369074396e-05	2.105945131962558194e-05	8.333487154980388865e-04	1.387273899180707063e-04	-1.980843469448199967e-04	-4.452768795701159165e-05	1.038859204282459705e-03	2.923226098664229511e-05	2.350517992987533229e-03	-1.019483688484452565e-04	-4.830404649627661616e-04	-1.187341487333423793e-03	-2.889292674684465316e-04	1.095636151301349580e-03	2.197190368256446945e-03	2.183034143363582870e-04	1.063918168142099271e-03	-8.711951841588395549e-07	-2.247292868202671720e-04	2.134159318691149427e-05	-7.478084550228436024e-04	-3.207088869419293857e-05	2.196125775141819273e-04	-8.620647218884037685e-05	2.917274788453688272e-04	-9.746424864294981998e-04	-1.791859367868079561e-03	-2.740460426764800917e-04	-2.484606774996027953e-04	2.497919598655094602e-03	1.047797180042609345e-03	5.773231479297678565e-04	-9.324203576564895962e-05	1.163477447876179883e-04	-5.515337243235720341e-05	1.316291258339116407e-03	9.266130730152039767e-05	1.624362459834080823e-04	4.671650794783217684e-05	-1.060923389915497533e-03	-7.702142336098909484e-06	-1.979864399814046903e-03	-8.638963296976685368e-04	0.000000000000000000e+00	9.770703563896250814e-04	2.043277477302315700e-04	-7.784214681154080697e-05	-2.149433339523155323e-03	-4.802719979449733177e-05	-9.614693928943092698e-04	-7.324235762768641772e-06	5.512153437685852808e-05	2.462320443458626177e-05	-1.348032095193608514e-03	-3.497241363939648762e-05	-1.374405369152454845e-04	1.259300071001201102e-03	-1.273532626648962067e-09	-6.835493513573957173e-05	-2.860503360040655627e-03
4.478153621110911471e-05	-2.022150416698347930e-04	-4.136820701967351037e-04	-6.059787796445116338e-05	-1.196816984756840513e-04	-6.244218890172731861e-05	-1.493284234391271565e-09	6.726941273513711958e-05	-3.637498976145718261e-04	7.487492932106795012e-05	2.463351714102937607e-04	-2.922534043284410102e-05	3.242286607662304954e-04	-3.685436037379639582e-04	-9.522328270575859503e-04	-7.947708484313319535e-05	-2.609491838782530219e-04	2.544814899881257895e-04	3.766040349427262311e-04	7.961234127510914780e-05	1.198575510851097436e-04	-4.886069758253508123e-05	-3.797421268034751338e-04	5.754742594382711453e-05	-6.188401843528558476e-05	-1.875923741764561926e-04	2.915676043987718843e-05	-1.624412927184995168e-04	2.419230264338077872e-04	-4.261338051725753495e-04	-5.575422016421786040e-04	-6.058318410916241174e-04	7.237046059041873729e-05	2.858929886016760465e-04	1.202686793320218502e-04	1.434072687216314448e-04	-4.613772360057040857e-05	3.134085616698303748e-04	1.134931167402834752e-04	1.810184363222412164e-04	-3.794722605544083999e-05	-5.362421202917602020e-04	-2.122752008231742213e-04	-4.401274326371354363e-04	1.419570534326475579e-04	-9.422108150181980786e-04	-4.883645523531287592e-04	-9.770703563896250814e-04	0.000000000000000000e+00	-1.049788352508504007e-03	-6.890393758466936257e-04	-5.350940187642116031e-04	-8.117035670006412260e-05	-5.125363390673228978e-04	-1.853934011333396306e-04	-4.515586680368012399e-04	-1.015642593333327542e-04	-4.348688514951169401e-05	7.680157788727268783e-05	-3.325969582320159774e-04	2.304196120130598232e-04	-8.333554373185930470e-04	-5.472945689240472315e-04	-2.411881494506219986e-04
2.028090568910280618e-03	2.340978719955682326e-04	-2.563383567066662098e-04	-1.040442713831260958e-03	-4.778170380835237031e-04	-7.955988651926943045e-06	9.522264831708249916e-04	3.466420229893962812e-04	-2.118719404047375121e-05	-3.430055490184346235e-06	4.089364590130216458e-04	3.488078167917651063e-05	8.511046074042283565e-04	1.058352330383261093e-04	3.651192503094840896e-10	-4.996804315005422877e-04	1.598138462528015541e-04	4.108798784215152763e-04	7.338315648022701674e-04	-3.832187806867874897e-05	2.798085529725569467e-04	6.375646926019925356e-06	3.258292963813132095e-05	4.948584788757036694e-05	-9.246298900593482185e-04	-2.628459590234628516e-04	-6.702002212229472421e-05	-3.798279004277400265e-05	4.557046635730978637e-04	-1.057543349564987398e-03	-2.065823842995698906e-03	-5.157448045856876263e-04	-3.667928947101745406e-05	1.045939439429332402e-03	3.932825130530502459e-04	6.814753461577585344e-05	-1.196290714946613765e-04	-7.222032714640467545e-05	-4.700865210095188514e-05	6.683034942782950256e-04	6.939029800704816782e-05	-2.549479406051130548e-04	-1.728013121292481624e-04	-1.187081668827201291e-03	-5.825104815721552861e-05	-2.329399517104722983e-03	-1.051456478127447448e-03	-2.043277477302315700e-04	1.049788352508504007e-03	0.000000000000000000e+00	-2.889181335190548492e-04	-2.386878388106069247e-03	-2.676624551341358913e-04	-1.148729262977243523e-03	-5.462128916736350690e-05	2.986960032985075050e-04	1.746971161684120324e-05	-5.365216152784395070e-04	-1.323277469992375675e-05	1.297076635530394295e-04	5.229365210661770721e-04	4.830385450717841278e-04	1.924719974239705593e-04	-1.270290353573639642e-03
1.162073196326004944e-03	2.639571450518436312e-04	-1.318764829159766393e-04	-6.113304569803612023e-04	-2.790342081462868261e-04	-9.424089476361756053e-05	3.797407017529938695e-04	2.825448203019133341e-04	-2.191663985639458870e-05	1.819708289757822187e-04	1.652346970619120409e-04	-5.817348286907338020e-05	1.340826724616162795e-04	-5.601001447353117966e-05	-3.258247219768979738e-05	1.891311741329217751e-04	4.152794839161519749e-05	1.887561895022819153e-04	1.713579654802341648e-04	-1.079354611417142264e-04	-8.868902624728639873e-06	-2.832831056776166325e-05	3.243264596925772960e-10	1.335096125529798821e-04	-4.239514909899924178e-04	-1.626219892003221324e-04	5.094842662133813795e-05	9.699416898215683998e-05	3.992078102647525929e-04	-3.272303249648572925e-04	-6.723346047851619638e-04	-3.274296217205151975e-04	-8.763295062250546778e-05	2.289952912880762999e-04	2.383659756660118210e-05	2.663911990813879084e-05	-1.833956905428385021e-04	-3.024763403843586611e-05	-6.791027960711021631e-05	2.185700983054332546e-04	1.180913112201390880e-04	2.398298418889191849e-05	3.137111769874573696e-05	-4.954438205885584000e-04	4.522518052620692013e-05	-1.150024931844399962e-03	-3.461510509352593197e-04	7.784214681154080697e-05	6.890393758466936257e-04	2.889181335190548492e-04	0.000000000000000000e+00	-1.058714556474380994e-03	-7.310511965528341529e-05	-6.002590245084008565e-04	4.184734487423192261e-06	2.721160121553277780e-04	1.495824115465200805e-05	-9.353508656663430461e-05	9.702890333819209727e-05	5.988774154570386098e-05	3.838868614351412679e-04	2.247289859429063856e-04	1.554971417343420554e-04	-3.730655330232822029e-04
1.072076386880351038e-03	8.577332479933394687e-04	8.704745871369086322e-04	-5.151180537622269398e-04	3.694736432254887054e-04	2.910223087828969904e-05	5.575492166012818978e-04	-1.513221103097994272e-05	9.290682948217793106e-04	-1.989311275843442498e-04	-5.368393490294951940e-04	1.191491807676357443e-04	-6.150199872963189873e-04	1.038381507514872255e-03	2.065834936647830376e-03	8.740378310241573461e-05	5.450294216330872112e-04	-4.971816190036854087e-04	-7.776815521602987221e-04	3.920090839001452612e-05	-2.129903146724917095e-04	1.151810696624631155e-04	6.723352397928009918e-04	-1.376050740939532575e-04	-4.777065669910273132e-04	2.718888263252767275e-04	-1.762278411602181581e-05	4.018120921722129852e-04	-6.506494209990560350e-04	5.078706895953876300e-04	-8.184476745935536854e-09	9.847897750550748276e-04	1.109697855706533962e-04	-6.086073013254296102e-04	-2.408005245984747391e-04	-3.125237478453036849e-04	7.789033273275730931e-05	-8.423059242302006252e-04	-1.538694828661242011e-04	-3.782071420443219758e-04	2.554302946221967418e-05	1.295879474828491411e-03	2.748195219989003077e-04	4.882658059833549146e-04	-7.726386405713251207e-04	1.051426677349257682e-03	5.430757394782326219e-04	2.149433339523155323e-03	5.350940187642116031e-04	2.386878388106069247e-03	1.058714556474380994e-03	0.000000000000000000e+00	1.521647752237449138e-06	5.867154481449703748e-04	4.709778453195448585e-04	9.080123815426147018e-04	1.508115879195886806e-04	5.471466834754762571e-05	-1.389915230183287717e-04	5.747308156110924118e-04	-3.416698557625672656e-04	1.791866397261952099e-03	8.586876685650110920e-04	4.574132462230062236e-04
1.273741792009454006e-04	1.706851168759432867e-04	3.825169883743016817e-05	-1.324845092953391246e-04	-3.370360193660272043e-05	-1.130201628403419581e-04	-1.134881471771489081e-04	1.099843355592369142e-04	-1.988076441075509149e-05	1.357651424713251956e-04	1.290595785649272011e-05	-2.722222715734892861e-05	-2.836116949695359317e-04	-2.245687064594140619e-05	4.700924288856965950e-05	2.868865312634384375e-04	2.674262068439296362e-05	-6.101671862873995019e-05	-1.022219030862313755e-04	-5.850247633368019180e-05	-7.207836835912953186e-05	2.780354797129139406e-05	6.791053204672551605e-05	1.842876864271958585e-05	-4.406339872875509965e-05	-2.109906393732570543e-06	1.307714893058039760e-04	1.700117642701226887e-04	1.778072969143649888e-04	1.267061472308304761e-04	1.538584999184578568e-04	-1.243301410094511017e-04	-4.943065583066144309e-06	-3.701641227233946809e-04	-1.488611444002811441e-04	-4.810256764959895128e-05	-3.287734069208399104e-05	2.795224782152318975e-05	1.713882761907492731e-11	-1.920873287563183035e-04	4.669476844880278356e-06	1.616272804661484503e-04	1.072208888814638972e-04	1.679730220520508042e-04	3.248824739703999262e-05	-5.001376528116211384e-05	2.823217694497052684e-05	4.802719979449733177e-05	8.117035670006412260e-05	2.676624551341358913e-04	7.310511965528341529e-05	-1.521647752237449138e-06	0.000000000000000000e+00	-2.086920549233329039e-04	-1.089146009967702618e-04	8.018585868283709367e-05	-2.985528256233946402e-05	1.984108735183603392e-04	9.758859590878454500e-05	5.969728553152372586e-05	3.151839262019710158e-05	5.515326938476955573e-05	5.502834427054870321e-05	1.980478312981385851e-04
1.056810915575936722e-03	3.097844497991418490e-04	3.910816920710567042e-04	-5.361577369603215404e-04	4.872037999884718060e-04	1.516905205306384319e-05	4.883682480114573832e-04	-2.151275905726072178e-04	4.212600047299411179e-04	-1.257045114842099409e-04	-2.740076371091167053e-04	1.183838312186869879e-04	-2.989669214654093032e-04	5.828037022773959689e-04	1.051462294023728945e-03	1.874954612040444238e-05	2.724168255054720735e-04	-2.377618195937416861e-04	-3.469809828822339776e-04	4.400604934506486399e-05	-5.138915280279474193e-05	8.756726294592426783e-05	3.461505325289483855e-04	-8.273892742227870992e-05	-5.384375455178410860e-04	3.219222347129016603e-04	2.969704445272517302e-04	2.606679939017445598e-04	-3.091084319160351595e-04	6.584111110630871890e-06	-5.430841840210405861e-04	5.560831666371547806e-04	1.487621995948107412e-04	-2.659853620461248461e-04	-1.015232589101812280e-04	-2.563556519839080457e-04	3.775021128291868760e-05	-3.820917353636411667e-04	-2.823750571019590180e-05	-1.572313558221064521e-04	4.930100852833610382e-07	9.326257404652549439e-04	3.273672823673193168e-04	2.609061863454107465e-05	-2.523752723850751023e-04	-8.493621345526138869e-06	-2.174805458503102014e-09	9.614693928943092698e-04	5.125363390673228978e-04	1.148729262977243523e-03	6.002590245084008565e-04	-5.867154481449703748e-04	2.086920549233329039e-04	0.000000000000000000e+00	1.927821011991473813e-04	6.968815389497753227e-05	1.328284923104076736e-05	-6.507464381122494751e-05	-1.012052920402800246e-04	3.685653229826528357e-04	-1.557523767819098126e-04	8.638990171848647545e-04	3.592832946928223997e-04	1.717286983308207208e-04
4.571605644136656193e-04	3.374721592842599868e-05	3.664554771402903050e-05	-2.769614527646998572e-04	2.314729467786164801e-04	-2.068327222669858584e-05	1.853936849025445148e-04	-9.765029652915804153e-05	3.374979212851765087e-05	-1.860406232136431682e-05	2.638632649709374620e-06	5.684047607042328149e-05	2.535281673444914229e-05	2.005421574497975629e-04	5.462076601702952716e-05	-5.666481633028768090e-05	3.664375313536348945e-05	2.638525259098325765e-06	3.145478534489614406e-05	9.875435027793111461e-05	3.002278349797265185e-05	4.352514841106668074e-05	-4.188474992004649920e-06	-2.822200338989145439e-05	-2.769615188878365541e-04	5.684207215842654120e-05	9.875399619270933235e-05	4.521756915062135100e-05	-6.857165324282904267e-05	-1.939284686153142545e-04	-4.709781742048360382e-04	1.257630561754089377e-05	2.314716369861364654e-04	2.535275164744236741e-05	3.002274354855257775e-05	-6.857034218427944918e-05	-1.015474619615327466e-05	-2.938062826078447108e-05	1.089130866313764488e-04	2.240473155222330338e-05	-2.068340068554046704e-05	2.005430957297955311e-04	4.352669897750710288e-05	-1.939282481248033141e-04	-2.937841674792679263e-05	-3.932856128863114172e-04	-1.927821524633771945e-04	7.324235762768641772e-06	1.853934011333396306e-04	5.462128916736350690e-05	-4.184734487423192261e-06	-4.709778453195448585e-04	1.089146009967702618e-04	-1.927821011991473813e-04	0.000000000000000000e+00	-1.683248996332428163e-04	-9.764819233992326920e-05	-5.666478611057889936e-05	-2.822200897556952315e-05	1.257192646596489127e-05	2.240466647161364657e-05	7.322245900165704230e-06	-1.683249160056576334e-04	-4.989911015018499144e-05
7.482834308280034586e-04	-2.199561613355127183e-05	-2.599503233094198210e-04	-2.648595456289252266e-04	-1.259970528921808221e-04	2.140139312121116925e-04	5.472821925453078863e-04	3.547173680877032065e-05	-2.260729604512238557e-05	-1.080972774294369050e-04	3.335905772823254947e-04	1.114209112730014286e-05	1.137192629753246273e-03	-3.019177783428034608e-05	-1.924728051468898432e-04	-5.894539527260152494e-04	-5.596664341296761144e-05	5.077097645410078280e-04	7.680058435683718293e-04	4.838894242748863976e-05	3.106493138158568997e-04	-6.778989299158760123e-05	-1.554971822024345555e-04	1.139939014700400318e-04	-2.471940526319861228e-04	-1.735946886058456896e-04	-1.293182507747867710e-04	-2.177980868517836088e-04	7.212186598320306400e-06	-5.386263407801661872e-04	-8.586621374694830078e-04	-1.542143365832823612e-04	-8.030375792135690778e-05	1.429367149550867314e-03	5.020780440265124565e-04	1.589512465925533734e-04	-1.163926102209446767e-04	-6.569298690753223933e-05	-5.502821406147940744e-05	8.396959659838498791e-04	1.715057425943996737e-04	-2.646945627452806015e-04	-2.009976129938855914e-04	-7.945460803488999836e-04	-1.037510726851505313e-04	-9.069311357560107430e-04	-3.592712492126342357e-04	-5.512153437685852808e-05	4.515586680368012399e-04	-2.986960032985075050e-04	-2.721160121553277780e-04	-9.080123815426147018e-04	-8.018585868283709367e-05	-6.968815389497753227e-05	1.683248996332428163e-04	0.000000000000000000e+00	4.593691720424724712e-05	-6.979438581918495296e-04	-8.177627628538929917e-05	-7.348991046533883710e-05	5.117438309746897163e-04	6.835451506229204156e-05	-1.946446534800575032e-10	-1.210943160029322174e-03
-1.289324701522005963e-04	-6.935216978314785894e-06	2.032210906919559470e-06	5.404548321163106972e-05	3.416262289686284931e-05	1.199536512049435814e-05	-6.726529530826956473e-05	3.339728499059366544e-10	-4.565474933304393163e-05	-1.031354972186154638e-04	-1.328407241061180114e-04	-1.085263227504875880e-04	3.775320143419098515e-05	-2.836978927008639321e-04	-3.466417175770449477e-04	-2.509052050297700824e-05	-1.142415938642074499e-04	-1.653820518621026351e-04	-2.375386511462095713e-04	-1.633465322735452039e-04	4.988940521958685153e-06	-2.185221421239255495e-04	-2.825437438912564367e-04	-1.394544645130617062e-04	1.519120680206857959e-04	5.282334640360978185e-05	5.021975648358246948e-05	-1.753676388618455903e-04	8.036736252564540963e-06	-1.553963991229817630e-04	1.512084820418984897e-05	-1.057966406047339335e-05	-6.463642773263680809e-05	-3.797107156883683458e-05	-8.058082299805687486e-05	-1.060160326879289790e-04	1.081993296059372994e-05	-1.478420394332956300e-04	-1.099835615816498831e-04	-2.268409365968802828e-04	1.335039328561494630e-04	3.785671904988863282e-05	-2.003089534086496333e-06	-1.479721992474709652e-04	-9.060969301905222911e-06	5.170465641441738088e-05	2.151225651874740159e-04	-2.462320443458626177e-05	1.015642593333327542e-04	-1.746971161684120324e-05	-1.495824115465200805e-05	-1.508115879195886806e-04	2.985528256233946402e-05	-1.328284923104076736e-05	9.764819233992326920e-05	-4.593691720424724712e-05	0.000000000000000000e+00	-1.403661786020944896e-04	-8.210983068728573166e-05	-7.692646794416727637e-05	1.685205862276381621e-05	-1.387285129085594464e-04	-3.547195177829822377e-05	1.775222372121045586e-04
-3.465029641335253056e-05	1.547153260276057493e-04	3.211451751204429431e-04	7.305946125914693234e-05	2.381491189414886565e-04	7.916609537463845147e-05	7.947811498270774947e-05	2.509658431860607543e-05	3.909146990610871389e-04	-1.828688530333445479e-04	-4.890019298577801595e-04	-8.696184090195799321e-05	-5.275003113320255637e-04	4.400657723212760605e-04	4.996815785742719090e-04	1.477782751125932903e-09	2.189397692425160385e-04	-5.077907632953047173e-04	-9.813767312240656224e-04	-4.369735962354567372e-04	-4.026849430792406727e-04	-2.209646106015771471e-04	-1.891208387967085558e-04	-7.988353033717839567e-05	1.255636088204185354e-04	1.363186948316900873e-05	-5.784115171303387971e-04	-1.059107446592386033e-04	-1.092899065138092877e-03	-1.352485346342711297e-04	-8.740569481986559125e-05	6.023854329992184981e-04	2.739033903179195154e-04	-5.103775255559908804e-04	-4.319767453111199350e-04	-1.004755740759857938e-03	-1.410837135128491910e-04	-8.764943419902278179e-04	-2.868808553226832219e-04	-9.105219537680357060e-05	6.284535667898090514e-05	4.070948686362562286e-04	-1.445393721553662363e-04	-1.377427906950432640e-04	-6.663206049811614979e-04	-1.615109866985151466e-04	-1.875010166625736436e-05	1.348032095193608514e-03	4.348688514951169401e-05	5.365216152784395070e-04	9.353508656663430461e-05	-5.471466834754762571e-05	-1.984108735183603392e-04	6.507464381122494751e-05	5.666478611057889936e-05	6.979438581918495296e-04	1.403661786020944896e-04	0.000000000000000000e+00	-4.994797234486735731e-05	2.306589192712445613e-04	-8.868525106383701965e-05	1.187344795149594939e-03	5.894523227476528970e-04	1.484732472875361373e-04
-1.386176106964476804e-04	2.099584615790233192e-04	5.700628406237651547e-05	6.433869310911692759e-05	-7.328501387008091983e-05	-6.217591381973769780e-06	-5.754726522687795924e-05	1.394560062222774009e-04	1.994895482256743438e-04	2.691230735565974160e-05	-2.157897296452034183e-05	-7.694456815862916685e-05	-2.228575044767642745e-05	4.694774180522292997e-05	-4.948719676099635340e-05	7.988471763757194939e-05	1.547608673092632018e-05	-1.054702913411451293e-05	7.730504439838008281e-06	6.049379794504179317e-05	4.150825827695414129e-05	-3.562065148110241033e-05	-1.335092505187386190e-04	-1.040062238427573367e-10	8.140183753082514480e-05	-1.533972720646536786e-04	-1.212413836816504973e-04	-4.492454233506289459e-06	-4.139803758124712752e-05	9.038703982172335252e-05	1.376048877933640441e-04	-1.475151908008049241e-04	5.094423096611662622e-05	-2.287314218131442035e-05	1.399492457218696413e-05	2.390011020829276662e-05	1.884673749953143449e-05	-1.729543466079189727e-04	-1.842638884454146165e-05	-1.905201051680278088e-05	-6.012273111951087972e-06	-8.381449344104870320e-05	-9.583933302371270700e-05	7.030813992922889432e-05	-1.876153046724888152e-04	1.435336086046455444e-04	8.273909952419518171e-05	3.497241363939648762e-05	-7.680157788727268783e-05	1.323277469992375675e-05	-9.702890333819209727e-05	1.389915230183287717e-04	-9.758859590878454500e-05	1.012052920402800246e-04	2.822200897556952315e-05	8.177627628538929917e-05	8.210983068728573166e-05	4.994797234486735731e-05	0.000000000000000000e+00	-1.929235399149592674e-04	-5.840080987010349851e-06	-2.134269000470092524e-05	-1.139984572294932825e-04	9.064064175745768131e-05
1.084133500784185099e-03	-4.608461679761533035e-05	-4.457072485856537097e-05	-3.830783013806403001e-04	-1.058279855834144570e-04	8.439345329854750508e-05	6.058330614394520077e-04	1.057884396031350940e-05	1.403290834534754849e-04	1.750505060461668839e-04	7.125661692440451913e-04	3.329245248865012464e-05	1.214503411136672040e-03	3.312068961534953373e-04	5.157448053840164772e-04	-6.023977447558548186e-04	1.944367097253748308e-05	6.225245416757753652e-04	1.161433014750113150e-03	1.862912941448821396e-04	4.309135500006073941e-04	2.518727877709756122e-04	3.274274855976529435e-04	1.475155639915792685e-04	-6.434372709475289116e-04	-4.298236891004203019e-05	-2.157061175221496093e-05	1.216967864763086069e-04	1.350282528624970632e-04	-4.606042992834842630e-04	-9.847884286037756306e-04	5.855959595985331823e-10	-6.501691671065731352e-06	1.103653350820165899e-03	4.565564695680994619e-04	2.143998334765566437e-04	-1.949797199219648340e-04	1.853530088785296649e-04	1.243285098986957960e-04	9.416719079448003342e-04	-1.368509028268970564e-04	-6.430581608050453947e-05	-2.188699813242590367e-05	-2.212863831051411524e-04	-7.368460727397190051e-06	-1.064628649627060233e-03	-5.560814149887878446e-04	1.374405369152454845e-04	3.325969582320159774e-04	-1.297076635530394295e-04	-5.988774154570386098e-05	-5.747308156110924118e-04	-5.969728553152372586e-05	-3.685653229826528357e-04	-1.257192646596489127e-05	7.348991046533883710e-05	7.692646794416727637e-05	-2.306589192712445613e-04	1.929235399149592674e-04	0.000000000000000000e+00	7.178240521748455432e-04	2.740471252427792827e-04	1.542152881551113442e-04	-1.481836935792004047e-03
-2.651364521681000719e-04	2.106170096030753806e-04	-2.072296794687335198e-04	4.220856195297074238e-05	-3.899818939916381696e-04	-8.398341606315708392e-05	-1.810181234416751697e-04	2.268352951338348711e-04	-6.457364905915259526e-05	2.734344649477184804e-04	5.044849344665040987e-04	-6.646079476048077201e-05	4.690369632207219740e-04	-3.767086206031840896e-04	-6.683056606549959934e-04	9.105223766914160503e-05	-2.794496161695032518e-04	4.957149797617480414e-04	1.009772475758987471e-03	5.754135425723783982e-04	4.399147829022158384e-04	9.458646050167755391e-05	-2.185809546057022228e-04	1.905058035538932787e-05	7.466871097710182860e-05	-2.917125069250538693e-04	2.986247004739200168e-04	1.169466938964445097e-04	1.021184578918610166e-03	3.639195463882301078e-04	3.782069780666816989e-04	-9.416578777626158879e-04	-1.932636194159272915e-04	4.292717997521505215e-04	4.405370340578902569e-04	1.133787134725338340e-03	1.547765002151691685e-04	5.573170995712553111e-04	1.920828217238085940e-04	-1.553463356107447069e-09	-6.346474235406628116e-05	-5.780882211114468996e-04	-1.206336885009013466e-04	2.701345292577799623e-04	2.956320708097571375e-04	4.654773107578091904e-04	1.572314059970004768e-04	-1.259300071001201102e-03	-2.304196120130598232e-04	-5.229365210661770721e-04	-3.838868614351412679e-04	3.416698557625672656e-04	-3.151839262019710158e-05	1.557523767819098126e-04	-2.240466647161364657e-05	-5.117438309746897163e-04	-1.685205862276381621e-05	8.868525106383701965e-05	5.840080987010349851e-06	-7.178240521748455432e-04	0.000000000000000000e+00	-1.316295589072926167e-03	-8.396965936792787164e-04	4.429290045513778300e-05
1.748226803425182146e-03	-1.980840812888287866e-04	-2.889285235747591054e-04	-7.478093459578670586e-04	-2.484588822090960441e-04	9.266320964172017924e-05	9.770750085759069038e-04	2.462265589762308862e-05	2.004891491977010528e-04	-4.452719604034707129e-05	1.095641220259219346e-03	-3.207201967135413223e-05	2.497927033221819006e-03	1.624350467348560558e-04	2.043279308534075083e-04	-1.348034978213665577e-03	-1.233379533860332077e-04	1.038862696325970614e-03	2.197197335356841814e-03	2.196113162228874565e-04	1.047799352321472210e-03	4.671504939303415310e-05	-7.784405578390080939e-05	-3.497113901852380553e-05	-8.733987386667444721e-04	2.923266723077086563e-05	2.183025176706698649e-04	-8.620859115250365597e-05	5.773191594290430669e-04	-1.060930615502828902e-03	-2.149440451549944429e-03	-1.374386213308571338e-04	-9.234624626146027964e-05	2.350525774302990659e-03	1.063920188831116425e-03	2.917261941646210862e-04	-9.324342146481765089e-05	-7.704200341653276847e-06	-4.802870167484068922e-05	1.259306443161921623e-03	2.106098128307415732e-05	-1.019469960483424410e-04	-8.714736657560765522e-07	-9.746471555497536682e-04	1.163460468969208496e-04	-1.979871678617609390e-03	-9.614706398680019760e-04	1.273532626648962067e-09	8.333554373185930470e-04	-4.830385450717841278e-04	-2.247289859429063856e-04	-1.791866397261952099e-03	-5.515326938476955573e-05	-8.638990171848647545e-04	-7.322245900165704230e-06	-6.835451506229204156e-05	1.387285129085594464e-04	-1.187344795149594939e-03	2.134269000470092524e-05	-2.740471252427792827e-04	1.316295589072926167e-03	0.000000000000000000e+00	5.512271138540046200e-05	-2.860512700618286427e-03
7.483058000461286288e-04	-2.260629354249559851e-05	-5.596526872386734002e-05	-2.472043771916294930e-04	-8.030322998441715104e-05	1.715061327800792841e-04	4.515700827480752526e-04	4.593729113223582266e-05	-2.199469031972027088e-05	-1.080987219737807752e-04	5.077105435547109823e-04	-1.735958629198833020e-04	1.429365975218350017e-03	-2.646958948382171009e-04	-2.986953444811707740e-04	-6.979418237232838012e-04	-2.599495500408201699e-04	3.335909260988163230e-04	7.680027446495114830e-04	-1.293196227655861702e-04	5.020759033546307298e-04	-2.009986657219193520e-04	-2.721161763912233861e-04	-8.177203074596941222e-05	-2.648714219771571205e-04	1.114142769607082747e-05	4.838796582167989840e-05	-2.177977186406058335e-04	1.589502143539058151e-04	-7.945574656045579359e-04	-9.080374640933586801e-04	-7.349015946367859270e-05	-1.259971050728416289e-04	1.137191194591631507e-03	3.106455847130332182e-04	7.212322512433020070e-06	-1.163917689041308402e-04	-1.037513222230180871e-04	-8.018580559191024301e-05	5.117448650895149546e-04	2.140146296491732963e-04	-3.019174746621807387e-05	-6.779041253409735009e-05	-5.386379361715231285e-04	-6.569367315141368894e-05	-9.069543197403387696e-04	-6.969834199642191397e-05	6.835493513573957173e-05	5.472945689240472315e-04	-1.924719974239705593e-04	-1.554971417343420554e-04	-8.586876685650110920e-04	-5.502834427054870321e-05	-3.592832946928223997e-04	1.683249160056576334e-04	1.946446534800575032e-10	3.547195177829822377e-05	-5.894523227476528970e-04	1.139984572294932825e-04	-1.542152881551113442e-04	8.396965936792787164e-04	-5.512271138540046200e-05	0.000000000000000000e+00	-1.210941299348714320e-03
2.330496812515015653e-04	1.580471834416825253e-04	6.028669123962257081e-04	7.223942342466669472e-06	8.727508249163607422e-04	1.176773213184473320e-04	2.411887613340559747e-04	-1.775088188705969223e-04	1.580318088013420001e-04	-5.110538825088412063e-04	-1.077429250824367760e-03	3.264971865912342998e-04	-9.868887820709145407e-04	1.273656337269184549e-03	1.270295747181344418e-03	-1.484698832668992141e-04	6.028785363114774840e-04	-1.077426196914267912e-03	-2.124034973138496339e-03	-8.089115054291848815e-04	-9.127560326017440315e-04	-4.009351183634852280e-05	3.730906517495100137e-04	-9.063799397982060435e-05	7.222164424287181207e-06	3.264851992992500113e-04	-8.089091158687592657e-04	-2.020279675475520015e-04	-2.406157290617372095e-03	-4.446599455536365546e-04	-4.574147797067409666e-04	1.481808126409215817e-03	8.727629999058973556e-04	-9.868817628662217983e-04	-9.127524442748035424e-04	-2.406172854847575364e-03	-3.368944265540864489e-04	-1.271662244585495746e-03	-1.980352896883576632e-04	-4.428955699798374919e-05	1.176769442617229741e-04	1.273648383797868107e-03	-4.010444337296085755e-05	-4.446603608755532780e-04	-1.271676006773455724e-03	-6.574081575220164318e-04	-1.717290859203444292e-04	2.860503360040655627e-03	2.411881494506219986e-04	1.270290353573639642e-03	3.730655330232822029e-04	-4.574132462230062236e-04	-1.980478312981385851e-04	-1.717286983308207208e-04	4.989911015018499144e-05	1.210943160029322174e-03	-1.775222372121045586e-04	-1.484732472875361373e-04	-9.064064175745768131e-05	1.481836935792004047e-03	-4.429290045513778300e-05	2.860512700618286427e-03	1.210941299348714320e-03	0.000000000000000000e+00
