5.777618152419483621e-02	-1.911433328231344590e-04	-1.430199107270044517e-04	-2.844796132832478133e-02	-7.400905300077995541e-05	7.276806914252564716e-07	2.845013092529965343e-02	-6.766211545055317398e-05	-1.911369913570182938e-04	1.634073496203063811e-06	1.266456734062837600e-06	1.279122243697851120e-04	6.964037271441661549e-07	9.387269443912095186e-05	-5.105319906461727546e-05	1.302029752591509914e-06	-1.430207815260000530e-04	1.266406992778041283e-06	8.388850655636014905e-07	8.244302591977044977e-05	1.142791754286557004e-06	8.959749956266266997e-05	7.488815689749112547e-05	-2.582404773739757381e-07	-2.844796125190619113e-02	1.279164765726577746e-04	8.244449096117709380e-05	-5.285353039997390178e-04	3.194835666286325140e-05	-3.018497787350769845e-02	-6.339980838240963368e-02	2.579072111199973887e-04	-7.401115541244497782e-05	6.963715267158420075e-07	1.142735215307888252e-06	3.194916184595452758e-05	6.028714342341511526e-07	1.238988295293594810e-04	3.010225416222916999e-05	-8.944129786381257468e-07	7.277014814084049925e-07	9.387478781431063022e-05	8.960171249847070289e-05	-3.018497785148108181e-02	1.239053839151569355e-04	-6.354423404762522820e-02	-3.018556824826101187e-02	2.531861185089711620e-04	2.845013092226955642e-02	-5.105247047166691952e-05	7.489574261192681994e-05	-6.339980846404603965e-02	3.010645691029522936e-05	-3.018556832300607617e-02	-5.285576675671572891e-04	8.342366771181584180e-05	-6.765784647271746023e-05	1.302053532424742756e-06	-2.581864792672781731e-07	2.578992017876201065e-04	-8.943392785897897043e-07	2.531851374222975634e-04	8.342512188816920331e-05	2.073886923898183843e-06
-1.911433328231344590e-04	8.895151206655980969e-03	-1.424911068091013464e-04	6.155765411849367110e-05	-3.495600066883448181e-03	-1.043422079490520021e-05	-9.095674805859139066e-05	6.103097736212219696e-03	1.984099022216285877e-06	-2.592419810871604124e-05	-1.508079311338483036e-05	-8.090009547390267945e-07	-1.853069544593266690e-05	-4.335280035343988041e-07	9.084188088498720906e-07	3.871096103933385872e-07	2.531105044611029537e-06	-4.698336718360390980e-05	-5.137819239076141166e-05	-5.600012994889796125e-07	-1.039577176633614579e-05	-1.552588630858429314e-07	2.425277211222364694e-07	4.229705765620593913e-06	9.799287528441388362e-05	-6.089834936619591479e-03	-3.473849350023157367e-03	1.408306292959164107e-05	2.161259096604938035e-04	9.074460923151373174e-05	2.098104357040467608e-04	-9.881497323112831133e-03	7.762662454419563143e-07	-7.137036322314181994e-05	-2.633113301867774696e-05	7.864933724097580115e-07	2.303306169003699788e-05	-8.754143975379938273e-09	1.134143960317123175e-08	-3.457229923777693911e-05	1.196633597474300835e-05	-3.498493302248336691e-03	-6.054147626119662368e-03	1.088090227393660487e-04	-9.248937762383269839e-03	2.144464956678799228e-04	1.228333961905115311e-04	-1.331467386807616343e-04	-8.609339458107222003e-05	-1.220741329252550964e-04	-9.400099367916548224e-03	2.101366497883200833e-04	-6.067241348111234410e-03	1.048805069835779613e-04	1.827041230735503585e-05	3.547886092866075168e-03	6.801221422561566526e-07	4.088194852415854690e-05	4.529748793644696727e-05	-2.028387728525290325e-06	1.740326810599088171e-05	-2.123333489022329376e-06	-3.014460894080094081e-07	4.896340711858550570e-05
-1.430199107270044517e-04	-1.424911068091013464e-04	1.044716668224769142e-03	6.890395663112101258e-05	-1.436023994677988985e-04	-1.315969938813985518e-06	-7.026984686870081762e-05	5.552576534931578483e-07	2.531148290943246408e-06	1.791505730365597580e-06	-3.289776750264272563e-05	-1.534753965438774804e-06	-6.360561821986684483e-05	-1.336405776332102366e-06	1.744360379411346181e-07	3.004360795533587817e-05	3.479490500448166136e-06	-2.854947257929308838e-05	-6.493215982093522110e-05	-1.043283351839592281e-06	-3.155724507352711489e-05	-6.739491829818179323e-07	-1.177696577749488568e-07	-1.173054778503905730e-06	6.917167877156803787e-05	-2.699120439190327039e-05	-1.947618108497420060e-04	-3.552743432862811573e-07	1.052260838269404152e-03	7.142264157914868954e-05	1.529920097987266781e-04	1.649443657540104779e-04	9.736456151185660459e-07	-6.062352730359329864e-05	-2.998791638692894146e-05	6.238632821217432745e-07	-4.071964741922734228e-07	-1.831612730468230474e-07	6.738028796365713587e-08	-3.246337832182054405e-05	-2.444547434235824526e-06	-1.848205610742588130e-04	-4.297052376142121061e-07	7.617683337558369479e-05	1.838249322526654388e-04	1.572257222516141879e-04	7.137588300441223760e-05	1.098399766913799296e-03	-6.840008210792168078e-05	-1.051466917508075407e-03	1.940841656802011603e-04	1.603928738698702158e-04	2.599729339107493230e-05	7.692240023839984277e-05	3.582845164299035835e-06	1.663331541990306140e-04	7.917838726560060835e-07	3.328282900854239357e-05	-1.625941637624499097e-06	-2.950264065786102828e-06	-3.224219465317467619e-05	-3.651065308593669738e-06	-1.005622867773991601e-06	6.434654225237186696e-05
-2.844796132832478133e-02	6.155765411849367110e-05	6.890395663112101258e-05	1.416790926416877129e-02	3.979155316950241776e-05	-3.218463117372946777e-05	-1.394453529308158427e-02	1.567818308177857322e-05	9.798966666864551310e-05	-3.963105940323532876e-07	-1.047368029162123679e-06	-6.907198169206577596e-05	-1.282526309962530166e-06	-5.418300678892973548e-05	2.613123444196616357e-05	-1.172761118794632213e-07	6.917205944304721278e-05	-2.613035549408678050e-07	-7.799413627888814341e-07	-4.910793842649378274e-05	-7.645216268490585620e-07	-5.004231058993042212e-05	-4.100862738517643483e-05	1.733393570658994669e-07	1.394576967851518870e-02	-4.536464592712670808e-05	-3.759839002609017503e-05	2.195874081493706751e-04	-1.892007790734868188e-05	1.502250222567488511e-02	3.120692875887317447e-02	-9.096791977805399813e-05	2.903310383320446332e-05	-6.314995273378228798e-07	-7.249957301268844923e-07	-1.760869598816722285e-05	-3.106470026141967948e-07	-6.483768662681718741e-05	-2.073560511379171276e-05	3.186180320744830861e-07	-3.841915319298634462e-05	-4.299421461365791539e-05	-2.620423548782362631e-05	1.480330692602745482e-02	-2.690525320471364283e-05	3.129177680277181461e-02	1.502416693261962935e-02	-1.262419173196379740e-04	-1.416606410984336435e-02	2.849295799396701958e-05	-1.619324919246112808e-06	3.121983301691398649e-02	3.016460468264636813e-06	1.480543840695780142e-02	2.968640857518974811e-04	-4.325814039774963091e-05	3.933289875684982233e-05	-2.848212746560277534e-07	-3.542943350338424936e-07	-1.307041410178357422e-04	-6.301970468455437539e-07	-1.260405084864390775e-04	-3.337328231501962214e-05	-1.230318785545183712e-07
-7.400905300077995541e-05	-3.495600066883448181e-03	-1.436023994677988985e-04	3.979155316950241776e-05	8.894181031009628161e-03	-2.642063315126956698e-05	-5.001868677813615916e-05	-6.102400864044833090e-03	7.762700651407009866e-07	-9.477515088557088053e-07	-6.265500638047278551e-05	-5.293540834048976835e-07	-1.473859622672508659e-04	-5.998043911022273254e-08	4.331364972080266177e-08	7.559856929224784085e-05	9.736261883455102512e-07	-6.431518890473585819e-05	-1.407956653740805768e-04	2.010475467143640385e-07	-8.758416365890628547e-05	1.103201982387919565e-07	-2.971384092765499822e-08	3.412394704949619638e-06	2.903221322365720169e-05	6.067021280510532036e-03	9.400433216955515758e-03	-4.385223946854846532e-05	1.234028667066110977e-04	1.875945880956860612e-05	5.605474287815580281e-05	3.547921738744688573e-03	5.937809609147442338e-07	-1.426638501332769390e-04	-6.928448386526237424e-05	7.514627989950797668e-07	-1.867730320815447052e-05	2.261923793891970972e-07	3.794981023359235531e-07	-6.760143106639027069e-05	-2.256792643136742109e-05	9.249038425268649513e-03	6.054426766218403734e-03	-1.420370631932668515e-05	3.498908332178698836e-03	2.697567193580603938e-05	1.233002333573589815e-05	-1.318833486107378358e-04	-3.444896445870882559e-05	-2.147224501064840213e-04	3.474393610450482797e-03	4.811778262292728018e-05	6.089977362252752859e-03	3.246241944741942040e-06	3.902066120889934538e-06	-9.880193273969639298e-03	2.171681004214216238e-07	3.609655171073920869e-05	-2.594615696099430023e-05	-1.339050306955418609e-06	-8.177871481855614189e-05	-1.071945417289489774e-06	-6.789763622344961952e-07	1.569541444861741663e-04
7.276806914252564716e-07	-1.043422079490520021e-05	-1.315969938813985518e-06	-3.218463117372946777e-05	-2.642063315126956698e-05	1.153900822759758998e-03	-3.143330562392977111e-05	4.296992344250256597e-06	1.196618942927456528e-05	1.613346976457023422e-07	1.059646631582154360e-07	-1.516229280250352087e-05	5.528168859821983086e-07	-2.134164699451833244e-05	2.056421171473760933e-07	-2.461298009003090533e-07	-2.444569302006868684e-06	5.560396476125151317e-07	7.703929059997280611e-07	-2.159262165836428108e-05	6.617056994932283203e-07	-2.174875255273073943e-05	-1.832618488571039985e-05	-5.145920222319316931e-10	-3.841912912263078616e-05	-5.969475317543445660e-06	-2.631469990497094740e-05	1.268525300854871996e-03	-1.273655456527603024e-06	3.124521148821408380e-05	-5.930073149842312528e-07	8.954300605636167002e-06	-2.256711024232062568e-05	7.903877064009214087e-07	4.261962351136053748e-07	-9.224212843964425176e-07	1.737247577259202267e-07	-2.058325126458678648e-05	-1.997517804462729753e-05	5.105498982848751561e-07	1.152664991618993374e-03	-2.578442073611001670e-05	-1.261883596678949868e-05	2.618427415502022431e-05	2.938346982989371177e-06	-3.015186794764281752e-07	-2.639748198808631560e-05	1.962487303747249557e-06	-3.759665584656046781e-05	4.970804674464471922e-07	5.702492066010964684e-06	-4.543457032436578339e-07	-1.087641897151128863e-05	-3.134767659732376423e-05	-1.268206642415697916e-03	2.895694268900546152e-05	1.346337559599464052e-05	-1.734256117169633544e-08	-1.259608505345518097e-07	-1.639917410178563789e-05	1.131526324194587583e-08	8.230322720692559167e-07	2.355135072707851236e-05	-5.939604770675216973e-07
2.845013092529965343e-02	-9.095674805859139066e-05	-7.026984686870081762e-05	-1.394453529308158427e-02	-5.001868677813615916e-05	-3.143330562392977111e-05	1.416985641733707266e-02	-2.531854852063262579e-05	-8.609039191224978856e-05	9.330262781993223462e-07	1.009770995027297733e-06	5.988871617656656420e-05	1.346980188516997044e-06	4.806046154539619859e-05	-2.779009375678549422e-05	8.422359917424531964e-08	-6.840056895248950071e-05	1.215545361161375403e-06	1.495166139323207005e-06	4.250367649008472383e-05	1.474557821941419973e-06	4.105522428704132427e-05	2.810697587204844111e-05	-2.063374213910028445e-07	-1.416606407333643666e-02	5.525492923139557538e-05	2.681754803764192728e-05	-2.967830077414304970e-04	1.564675108237118938e-05	-1.480616711076646400e-02	-3.122205919098526572e-02	1.239360314593890766e-04	-3.445005655901294981e-05	1.228002018079000486e-06	9.459862403122840888e-07	1.810263286544325510e-05	4.455099887613703147e-07	5.305508410523242149e-05	1.172450523364787175e-05	8.608911308074130848e-08	-3.759665970290199702e-05	3.224500538799597159e-05	3.659916409445972010e-05	-1.502497843170128022e-02	5.828079155142674430e-05	-3.129394130533701829e-02	-1.480463428182061600e-02	1.246390741553666452e-04	1.394790934823386848e-02	-2.398066281701998650e-05	3.438352629691610854e-05	-3.120918881121729355e-02	7.088458423868766579e-06	-1.502363171826460661e-02	-2.196352112969115339e-04	5.673931153500165329e-05	-3.010042222057856116e-05	7.155145506366839819e-07	9.959078268501371086e-09	1.186771684118948650e-04	-9.527743080084319329e-08	1.265143660200430660e-04	3.840500402810205277e-05	1.439468657801214457e-07
-6.766211545055317398e-05	6.103097736212219696e-03	5.552576534931578483e-07	1.567818308177857322e-05	-6.102400864044833090e-03	4.296992344250256597e-06	-2.531854852063262579e-05	6.032467392255636517e-03	6.801041447180980745e-07	-1.135571398117510984e-05	2.827136197969167810e-05	-2.523231443744596028e-07	7.448040845504016799e-05	-2.942587942162914598e-07	6.946298377034528006e-08	-4.295924321771934763e-05	7.917711339965196337e-07	1.403335221972572912e-05	5.500427511637823695e-05	-4.732831100722530938e-07	4.283013317832609580e-05	-1.969927003577564548e-07	-1.010881838446403311e-07	-8.029144889235731827e-07	3.933498136952695611e-05	-6.008497318694927015e-03	-6.339997650836625906e-03	2.478251216249068890e-05	4.533492950727268853e-05	4.057789131607826430e-05	8.667208158872252623e-05	-6.614576564024740590e-03	2.171897487353286116e-07	4.619768440947375436e-05	2.671438754581202636e-05	-3.573528593089849155e-07	1.938132306813101363e-05	-3.522386079870076421e-07	-2.357141402711843947e-07	2.138367478472515500e-05	1.346382828150961414e-05	-6.279612393308206704e-03	-5.984671077317607613e-03	6.603407177587656814e-05	-6.279905678869115992e-03	1.032762141926861759e-04	5.965903893142675968e-05	-7.323856900303216005e-07	-3.010249390068276329e-05	4.533663396608839417e-05	-6.340259549927266050e-03	9.063997705092651761e-05	-6.008619509436097239e-03	5.568587899066360726e-05	1.114422814426098396e-05	6.613642713793243567e-03	3.325650437747898621e-07	-2.866888827570161433e-06	3.400027557258348995e-05	-4.638011617903013143e-07	5.470962799229214796e-05	-6.219053807672832712e-07	3.408634174847158253e-08	-6.536352534227435232e-05
-1.911369913570182938e-04	1.984099022216285877e-06	2.531148290943246408e-06	9.798966666864551310e-05	7.762700651407009866e-07	1.196618942927456528e-05	-8.609039191224978856e-05	6.801041447180980745e-07	8.895151243168763350e-03	-2.592505355264665146e-05	-4.698208376382449509e-05	-6.089834944120214866e-03	-7.136803987520289657e-05	-3.498493278334817089e-03	-1.220740911124986599e-04	4.088084663098787922e-05	-1.424910690650650971e-04	-1.507966673042520549e-05	-5.137582888484083229e-05	-3.473849315303349609e-03	-2.633016732585161357e-05	-6.054147614554837749e-03	-9.400099351641041240e-03	4.529859530891925160e-05	6.155474494863976266e-05	-8.089929700603272950e-07	-5.599849851727726916e-07	1.408276311061265077e-05	7.865685427636058534e-07	1.088055711201953385e-04	2.101295531100648905e-04	-2.028386250563489326e-06	-3.495600048201591339e-03	-1.852837506991196693e-05	-1.039476956523759403e-05	2.161259887704845785e-04	2.303386012787158390e-05	-9.248937731552907271e-03	-6.067241319106866926e-03	1.740464691155409486e-05	-1.043435853300322532e-05	-4.335146330910758875e-07	-1.552303431733665424e-07	9.074142040166152570e-05	-8.672228783332641504e-09	2.144395797883022730e-04	1.048771467721212636e-04	-2.123390580791575580e-06	-9.095344837707053354e-05	9.084656291347304446e-07	2.425929974925583636e-07	2.098032687075021010e-04	1.138629159222396010e-08	1.228303005434523904e-04	1.827060905630226525e-05	-3.014666409688462376e-07	6.103097731282869365e-03	3.860579948197317848e-07	4.230813203497145596e-06	-9.881497377096298135e-03	-3.457109269798157921e-05	-1.331468001537763825e-04	3.547886054110463601e-03	4.896075117332993748e-05
1.634073496203063811e-06	-2.592419810871604124e-05	1.791505730365597580e-06	-3.963105940323532876e-07	-9.477515088557088053e-07	1.613346976457023422e-07	9.330262781993223462e-07	-1.135571398117510984e-05	-2.592505355264665146e-05	1.162029798057891659e-03	-3.583841803985785652e-04	5.248686214442391334e-06	-6.981762208339002164e-04	-8.904865072809431886e-06	9.097880880190124439e-07	3.208235446031621287e-04	1.791554165327314699e-06	-3.583841743052391905e-04	-6.906320211961881938e-04	-6.438190892390260300e-06	-2.885414696281733866e-04	7.576472146000757859e-06	2.789533830543876721e-05	-1.268457081297236048e-03	-3.963147832436100298e-07	5.248170239738758562e-06	-6.438427424229376107e-06	1.609727720576241684e-09	-1.757038651090038589e-07	-5.863061481961214429e-07	-1.703005126654021034e-06	2.877767653739321101e-05	-9.475210711996021734e-07	-6.981762135024813243e-04	-2.885414619437662396e-04	-1.756862923437081851e-07	-1.144720990500152063e-03	2.708677901212239552e-05	1.374272803746570009e-05	-3.783810451263150735e-04	1.613339976114162239e-07	-8.905089885137324504e-06	7.575956856531221962e-06	-5.863101865550485144e-07	2.708589181701421449e-05	-1.714318338478579194e-06	-1.078461515042699540e-06	1.195403580360552584e-06	9.330307963243450223e-07	9.098180198742222721e-07	2.789440401006821246e-05	-1.703001181822342346e-06	1.374220974400950550e-05	-1.078449904443815507e-06	-2.281918863869470367e-07	6.481841335705050794e-06	-1.135623333416976976e-05	3.208235364247275824e-04	-1.268457089749044746e-03	2.877864960537354947e-05	-3.783810576889698202e-04	1.195447730758863539e-06	6.481594997543203368e-06	7.721583776698013593e-04
1.266456734062837600e-06	-1.508079311338483036e-05	-3.289776750264272563e-05	-1.047368029162123679e-06	-6.265500638047278551e-05	1.059646631582154360e-07	1.009770995027297733e-06	2.827136197969167810e-05	-4.698208376382449509e-05	-3.583841803985785652e-04	1.399342038060576165e-02	-3.118793212126085815e-05	2.967150764998604390e-02	-1.036940479953291062e-04	-7.410329666717108609e-05	-1.481461255139938232e-02	-2.854889646099832132e-05	1.377104110953826163e-02	2.939176766524864703e-02	-1.184705137076200849e-04	1.399087072913105315e-02	-6.056306013754828455e-05	-3.930374931453775860e-05	3.455885825534039658e-05	-2.613624643282095411e-07	-4.570777976572609768e-05	-1.163982345598792026e-04	7.224802110441894633e-07	-1.175858147541105665e-04	-1.841388007906164711e-07	-1.747586355456491632e-06	5.061402129889876654e-06	-6.431833422243387092e-05	2.966223085942179538e-02	1.376907263561497757e-02	-1.146674192056758198e-04	-2.889301892664293114e-04	-3.265293781578082802e-05	-4.298754492349354925e-05	1.503634000679878596e-02	5.559973135077163623e-07	-1.011511023439297255e-04	-7.498709045712585839e-05	-1.511389410326353179e-07	-6.592807782072291158e-05	-1.409785497900684276e-06	-4.319317667883154894e-07	-4.638927612672907245e-05	1.215515009138338448e-06	-7.103907998356898471e-05	-7.277658300759018493e-05	-2.224653772483362399e-06	-5.734248694710563819e-05	-1.063913677736960645e-06	-5.185848403634644414e-08	3.491562919283055469e-05	1.403557975654837566e-05	-1.503359853706954380e-02	4.318195727521763685e-05	4.165633339131716653e-05	1.481772605528932849e-02	-4.084894556124303230e-05	3.917940663569873113e-05	-3.274249805312133554e-02
1.279122243697851120e-04	-8.090009547390267945e-07	-1.534753965438774804e-06	-6.907198169206577596e-05	-5.293540834048976835e-07	-1.516229280250352087e-05	5.988871617656656420e-05	-2.523231443744596028e-07	-6.089834944120214866e-03	5.248686214442391334e-06	-3.118793212126085815e-05	5.987266885878118894e-03	-8.360072849455512517e-05	6.247486888594336145e-03	-1.453044225284794287e-05	2.217979286858242979e-05	-2.699120827086991698e-05	-4.570974473646269016e-05	-9.195534362608815153e-05	6.307389008536421621e-03	-4.419961951321400482e-05	5.964029794465976544e-03	6.329014471492134392e-03	-2.669563272311687536e-05	-4.536271817473836484e-05	8.132472746555159037e-07	1.400723832839819869e-06	-2.709184213915800471e-05	1.191926268707678420e-06	-9.746794859418587433e-05	-1.564557840843817103e-04	7.452379097633447752e-07	6.067021263495128193e-03	-1.119824711670539533e-04	-6.058859558822864139e-05	-7.000243027612473249e-05	-1.231188142023523350e-05	6.268600031970187822e-03	5.985283175237617048e-03	-7.325277571013642016e-05	-5.969028158817152817e-06	1.264824698068393002e-06	7.569957464969372261e-07	-7.201126657069650502e-05	5.704855900178109974e-07	-1.690698696912493453e-04	-8.710533623277962891e-05	1.652988570667032869e-06	5.525265321215220725e-05	7.024327144504806249e-07	2.831379391812679833e-07	-1.524375449397314189e-04	1.546555604758782743e-07	-9.101217897694795602e-05	-9.749196258876289842e-06	3.369163227722200601e-07	-6.008497297251919056e-03	6.189716406293869751e-05	8.017568926839400593e-06	6.601390385691503424e-03	-4.023320137663164385e-05	-2.557272587787070130e-05	-6.574136193386079241e-03	1.069294407648680638e-04
6.964037271441661549e-07	-1.853069544593266690e-05	-6.360561821986684483e-05	-1.282526309962530166e-06	-1.473859622672508659e-04	5.528168859821983086e-07	1.346980188516997044e-06	7.448040845504016799e-05	-7.136803987520289657e-05	-6.981762208339002164e-04	2.967150764998604390e-02	-8.360072849455512517e-05	6.362130025690787560e-02	-2.275408925356377167e-04	-1.594973941762688630e-04	-3.189767367448611418e-02	-6.062238937637122362e-05	2.966223090561690215e-02	6.304363961502215674e-02	-2.595174391933141654e-04	2.967204025308009530e-02	-1.459106742041608876e-04	-1.139104287045776683e-04	6.514689722528589484e-07	-6.315959565127081553e-07	-1.119781363828281986e-04	-2.632048646080171897e-04	1.790832042352113553e-06	-2.453132734618942838e-04	4.910426836866262682e-07	-1.707096227934583230e-06	-4.069828672631981673e-06	-1.426702775016614215e-04	6.361885125710964317e-02	2.966298287625248123e-02	-2.451843366685765510e-04	-6.985055033376275264e-04	-1.001435129103455095e-04	-1.078074786990703934e-04	3.190807157358979684e-02	7.902872681553846544e-07	-2.317484840696346006e-04	-1.742587602442227700e-04	8.542885964872310838e-07	-1.556765730247921316e-04	-2.334813952855326376e-07	4.544118658675845006e-07	-9.236435044955064390e-05	1.227897578505083238e-06	-1.594404261470175809e-04	-1.706312357984517006e-04	-1.857391886282529954e-06	-1.360472884347882407e-04	-4.699459290705268339e-08	3.331054298460007698e-07	9.065302969563516621e-05	4.620208213982160574e-05	-3.190551817227298137e-02	8.939614042077250928e-07	5.541286737879161177e-05	3.190042193000182380e-02	-8.935286944978775426e-05	8.788559042360118059e-05	-7.022409776364380019e-02
9.387269443912095186e-05	-4.335280035343988041e-07	-1.336405776332102366e-06	-5.418300678892973548e-05	-5.998043911022273254e-08	-2.134164699451833244e-05	4.806046154539619859e-05	-2.942587942162914598e-07	-3.498493278334817089e-03	-8.904865072809431886e-06	-1.036940479953291062e-04	6.247486888594336145e-03	-2.275408925356377167e-04	9.630809577303797372e-03	-1.901378725669663800e-04	7.716871593759316275e-05	-1.848205261348489950e-04	-1.011540476770422873e-04	-2.243719679406815288e-04	9.789506544697849227e-03	-1.089562445642881512e-04	6.236718960542769058e-03	3.471655823732619148e-03	-1.712288671540242808e-05	-4.299329395125723571e-05	1.264831586922878144e-06	2.839718506221072317e-06	-4.498979644209647659e-05	3.085963927434485853e-06	-1.043030975319483589e-04	-1.371398305606930188e-04	3.149531054093248982e-07	9.249038415135919788e-03	-2.317551220760177984e-04	-1.277066548289995369e-04	1.095621382752813675e-04	-9.855522667108499921e-06	3.499904460088779437e-03	6.269026343870942597e-03	-1.237379200014192423e-04	-2.578357095083677009e-05	2.732068776949924460e-06	1.850869928338743199e-06	-6.953431565169421072e-05	1.547910547323148225e-06	-1.595830211085575898e-04	-8.621859959484058178e-05	1.963935828226161082e-06	3.224378901366625429e-05	2.315722179277507266e-06	1.209014775463682890e-06	-1.289167188885213811e-04	8.351224480002272853e-07	-7.582675923399555371e-05	5.285495837802387621e-07	1.295609773768104422e-07	-6.279612354936235305e-03	1.180405755634433699e-04	1.282328800536219310e-05	3.535381394994638327e-03	-1.096104807611480980e-04	-1.685969193753440536e-04	-1.028057196314099454e-02	2.506565498994783089e-04
-5.105319906461727546e-05	9.084188088498720906e-07	1.744360379411346181e-07	2.613123444196616357e-05	4.331364972080266177e-08	2.056421171473760933e-07	-2.779009375678549422e-05	6.946298377034528006e-08	-1.220740911124986599e-04	9.097880880190124439e-07	-7.410329666717108609e-05	-1.453044225284794287e-05	-1.594973941762688630e-04	-1.901378725669663800e-04	1.111438894906837185e-03	7.883547397154773287e-05	-1.051466925533197424e-03	-7.103837914586672725e-05	-1.543129426638294372e-04	-1.929255409035044279e-04	-7.346289334667660434e-05	-3.927439131363120783e-05	1.103717308578202585e-04	2.086622588326258295e-06	2.849325276097571690e-05	7.024985278767044064e-07	2.302740956083948495e-06	9.783053977384630254e-07	3.642753929618416363e-06	2.744485925247267108e-05	5.501115135604769599e-05	-7.296666415281618750e-07	-2.147225065529295750e-04	-1.594389956533705959e-04	-7.116650013064150699e-05	-1.096639586702956998e-03	4.006023327814488115e-06	1.081652769242874752e-04	-7.009692056698226339e-05	-8.090834921891602426e-05	4.970244119544909346e-07	2.315813752517851209e-06	1.480897392847511040e-06	3.201874703660429925e-05	1.443184817871085599e-06	5.993228492255811655e-05	2.606414194757378504e-05	5.194194983239753393e-07	-2.398100044339730551e-05	3.447920966433629713e-06	1.527099719159109735e-06	6.192712314128507017e-05	7.061094447225386480e-07	3.082552846069086061e-05	4.689924994585116716e-07	1.304597997995527043e-07	4.533668319904505422e-05	8.266555976967137969e-05	2.122445899935955263e-06	1.525309418641882366e-04	-7.797601734787446633e-05	-1.115083799701648871e-03	2.531060824301965785e-04	1.799969765704332464e-04
1.302029752591509914e-06	3.871096103933385872e-07	3.004360795533587817e-05	-1.172761118794632213e-07	7.559856929224784085e-05	-2.461298009003090533e-07	8.422359917424531964e-08	-4.295924321771934763e-05	4.088084663098787922e-05	3.208235446031621287e-04	-1.481461255139938232e-02	2.217979286858242979e-05	-3.189767367448611418e-02	7.716871593759316275e-05	7.883547397154773287e-05	1.616032404192447453e-02	3.328233535066264185e-05	-1.503359858079794838e-02	-3.160348601884975517e-02	9.305561914941070560e-05	-1.481670177727146751e-02	5.357298760538435563e-05	5.268759328387153979e-05	2.780157312268882036e-05	-2.847675594656532536e-07	6.189499561547642911e-05	1.333911393805622785e-04	-4.543114714244742946e-07	1.201039886035457451e-04	-2.101754452172265100e-07	-3.531634580728821205e-07	1.168115164652397056e-05	3.609962880978975460e-05	-3.190551821745168937e-02	-1.503545701120493142e-02	1.244278190772914042e-04	3.783154525860888849e-04	4.556085084717708788e-05	3.402028250123553544e-05	-1.594168577421487681e-02	-1.728437462824924172e-08	1.180371605125598900e-04	9.316268737638697030e-05	-9.757172300855268905e-07	8.757608857071722409e-05	-1.036001561363309329e-06	-7.762036486050851595e-07	4.348535496416154031e-05	7.155615496278003235e-07	8.266630433263668504e-05	9.567940152708994143e-05	-7.497217577928948763e-07	7.376728854249163091e-05	-7.055366093407134818e-07	-1.601931560266076811e-07	-4.728855136398144748e-05	-2.868993896901359802e-06	1.594204560010043653e-02	3.496995218036690539e-05	-3.187970732861668933e-05	-1.615940840537293671e-02	4.799341600769106329e-05	-3.805655833302338694e-06	3.521129496666694503e-02
-1.430207815260000530e-04	2.531105044611029537e-06	3.479490500448166136e-06	6.917205944304721278e-05	9.736261883455102512e-07	-2.444569302006868684e-06	-6.840056895248950071e-05	7.917711339965196337e-07	-1.424910690650650971e-04	1.791554165327314699e-06	-2.854889646099832132e-05	-2.699120827086991698e-05	-6.062238937637122362e-05	-1.848205261348489950e-04	-1.051466925533197424e-03	3.328233535066264185e-05	1.044716629215556615e-03	-3.289726583179873294e-05	-6.493103078982894404e-05	-1.947617577423551368e-04	-2.998737576973140099e-05	-4.297116989133939219e-07	1.940840984301063173e-04	-1.625970670313748934e-06	6.890449852175504846e-05	-1.534739109932827843e-06	-1.043308269513892411e-06	-3.553121570363600135e-07	6.238515323945841738e-07	7.617725520132743620e-05	1.603938220555934041e-04	-2.950201981582378800e-06	-1.436023721441537888e-04	-6.360447656604240301e-05	-3.155680321219413761e-05	1.052260850086693487e-03	-4.072841394977587632e-07	1.838248860990974922e-04	2.599728635003507556e-05	-3.224156515934501442e-05	-1.315989471069753806e-06	-1.336419949631873316e-06	-6.739358299027795427e-07	7.142314710372694238e-05	-1.831185343099485895e-07	1.572266716298814052e-04	7.692280355126485418e-05	-3.651047653646894549e-06	-7.027024355736323198e-05	1.744548579560725244e-07	-1.177157065596705470e-07	1.529929410548782980e-04	6.739029417935492956e-08	7.137644644070737562e-05	3.582889323040781622e-06	-1.005587987700187819e-06	5.552620789802901601e-07	3.004301547163895769e-05	-1.173076421107535234e-06	1.649443006913319529e-04	-3.246282131549920119e-05	1.098399742213732868e-03	1.663331003942819801e-04	6.434524959226983385e-05
1.266406992778041283e-06	-4.698336718360390980e-05	-2.854947257929308838e-05	-2.613035549408678050e-07	-6.431518890473585819e-05	5.560396476125151317e-07	1.215545361161375403e-06	1.403335221972572912e-05	-1.507966673042520549e-05	-3.583841743052391905e-04	1.377104110953826163e-02	-4.570974473646269016e-05	2.966223090561690215e-02	-1.011540476770422873e-04	-7.103837914586672725e-05	-1.503359858079794838e-02	-3.289726583179873294e-05	1.399342042793996418e-02	2.939176772227498902e-02	-1.164018671078377609e-04	1.376907268953311142e-02	-7.498907235296524963e-05	-7.277720670905313835e-05	4.318195134152765543e-05	-1.047379307317962960e-06	-3.118572240742888742e-05	-1.184665792559178499e-04	7.224793406035890968e-07	-1.146668236353582423e-04	-1.511492892413501950e-07	-2.224653803597997092e-06	4.165708818232538536e-05	-6.265785181885444592e-05	2.967150771765281192e-02	1.399087073228192854e-02	-1.175865003201060190e-04	-2.889301969880823809e-04	-6.592922233469549332e-05	-5.734448673322464632e-05	1.481772610806498039e-02	1.059179126982540264e-07	-1.036908002092427861e-04	-6.056085755078764005e-05	-1.840722270774951354e-07	-3.265164621245303091e-05	-1.409725330945553267e-06	-1.063922712748549596e-06	-4.084960088758597370e-05	1.009694242853471582e-06	-7.410392963645562998e-05	-3.930297699569582244e-05	-1.747468033752667735e-06	-4.298530246258571455e-05	-4.318656988029842433e-07	-5.185355056649254259e-08	3.917524862489637680e-05	2.827335637762106981e-05	-1.481461256477555055e-02	3.455884366856876633e-05	5.060815812365026385e-06	1.503634000962084279e-02	-4.638870089807225772e-05	3.491945701243789858e-05	-3.274249811690327361e-02
8.388850655636014905e-07	-5.137819239076141166e-05	-6.493215982093522110e-05	-7.799413627888814341e-07	-1.407956653740805768e-04	7.703929059997280611e-07	1.495166139323207005e-06	5.500427511637823695e-05	-5.137582888484083229e-05	-6.906320211961881938e-04	2.939176766524864703e-02	-9.195534362608815153e-05	6.304363961502215674e-02	-2.243719679406815288e-04	-1.543129426638294372e-04	-3.160348601884975517e-02	-6.493103078982894404e-05	2.939176772227498902e-02	6.247635733451807616e-02	-2.557623796467132452e-04	2.939239070188282010e-02	-1.537309226650516005e-04	-1.337606222963548747e-04	6.437314503727205697e-07	-7.800209114132937275e-07	-9.195089976914680213e-05	-2.557541127041774976e-04	1.899477074828816061e-06	-2.466631684864909737e-04	8.676232985044847587e-07	-1.861366773524988206e-06	3.304218645395259196e-05	-1.408022687748640574e-04	6.304363963738553178e-02	2.939239064855055095e-02	-2.466645044353880543e-04	-6.912186947485822941e-04	-1.196232871702432223e-04	-1.160849302136421254e-04	3.160612278837004324e-02	7.702952482261085395e-07	-2.243651392566334572e-04	-1.537264663811262894e-04	8.677051645052923821e-07	-1.196209151166878547e-04	-3.014149107060020348e-07	-2.432112750410835710e-08	-9.360040881330120293e-05	1.495047627301533305e-06	-1.543143417434715342e-04	-1.337593312507674346e-04	-1.861236011433616856e-06	-1.160804119521242005e-04	-2.423836330628162948e-08	2.019320293339180272e-07	8.545627786439015069e-05	5.500877628119032906e-05	-3.160348598354021515e-02	6.437210650244935939e-07	3.304096466668534753e-05	3.160612273710372566e-02	-9.359912196386021774e-05	8.546501222713089746e-05	-6.958656640817467709e-02
8.244302591977044977e-05	-5.600012994889796125e-07	-1.043283351839592281e-06	-4.910793842649378274e-05	2.010475467143640385e-07	-2.159262165836428108e-05	4.250367649008472383e-05	-4.732831100722530938e-07	-3.473849315303349609e-03	-6.438190892390260300e-06	-1.184705137076200849e-04	6.307389008536421621e-03	-2.595174391933141654e-04	9.789506544697849227e-03	-1.929255409035044279e-04	9.305561914941070560e-05	-1.947617577423551368e-04	-1.164018671078377609e-04	-2.557623796467132452e-04	9.953763194502345674e-03	-1.234585803004950848e-04	6.296806341922369168e-03	3.439922655421329828e-03	-1.987497028305709612e-05	-3.759780689102775467e-05	1.400722207495665652e-06	2.980196612351097549e-06	-4.553407267284623075e-05	3.218182684844143113e-06	-9.980154131300703470e-05	-1.253098823464474413e-04	4.457291584843128172e-07	9.400433212480310829e-03	-2.632129638102947305e-04	-1.433071491899091401e-04	1.117923372067683164e-04	-1.214278177286757558e-05	3.471794524386170172e-03	6.329603878916639607e-03	-1.391480443454312069e-04	-2.631378389912320909e-05	2.839694837642277882e-06	2.068424060109255814e-06	-6.403018741648853292e-05	1.881382804233146649e-06	-1.481432790065484093e-04	-8.141262278973780296e-05	1.820819167503482489e-06	2.681661919233940884e-05	2.302644688652498798e-06	1.553864557897588247e-06	-1.168792659764690973e-04	1.097426077559795086e-06	-7.010870924078110899e-05	7.830955019719356345e-07	-1.056449623159635240e-07	-6.339997608719939032e-03	1.333953044485618937e-04	1.023583815489472474e-05	3.499755936821720252e-03	-1.262375829404508928e-04	-1.789097630161748105e-04	-1.045365635691797995e-02	2.856125688103182121e-04
1.142791754286557004e-06	-1.039577176633614579e-05	-3.155724507352711489e-05	-7.645216268490585620e-07	-8.758416365890628547e-05	6.617056994932283203e-07	1.474557821941419973e-06	4.283013317832609580e-05	-2.633016732585161357e-05	-2.885414696281733866e-04	1.399087072913105315e-02	-4.419961951321400482e-05	2.967204025308009530e-02	-1.089562445642881512e-04	-7.346289334667660434e-05	-1.481670177727146751e-02	-2.998737576973140099e-05	1.376907268953311142e-02	2.939239070188282010e-02	-1.234585803004950848e-04	1.399395928092294142e-02	-7.341340253106903402e-05	-6.129710487495911931e-05	-4.262051881746987671e-05	-7.250586220922661207e-07	-6.058667623906320598e-05	-1.433034884572841755e-04	1.286153354323047622e-06	-1.174433643657692530e-04	1.123359885686272634e-07	-1.566593510729465755e-06	8.333106202662181286e-07	-6.928757307006963161e-05	2.966298294086523735e-02	1.377172848905529323e-02	-1.152680817311973528e-04	-3.587201962097352889e-04	-5.428428072927061722e-05	-5.550060712468736404e-05	1.503518740279208635e-02	4.261442399339089883e-07	-1.277036794819717532e-04	-8.973231552381340345e-05	6.857747653295154100e-07	-7.047883793220133903e-05	-4.748522404897498639e-07	-1.368804010209017995e-07	-4.511296879221096136e-05	9.459600935347263953e-07	-7.116727835422391197e-05	-7.713871773904505604e-05	-1.294125270946735504e-06	-7.176614950425017005e-05	-1.723623987560835849e-07	1.122947531969097936e-07	6.307657776999959912e-05	2.671642692215021934e-05	-1.503545701975055049e-02	-3.406083410026276539e-05	1.860741416504699800e-05	1.481616887673664271e-02	-4.235977204581836751e-05	4.409513928700622206e-05	-3.274315710257357653e-02
8.959749956266266997e-05	-1.552588630858429314e-07	-6.739491829818179323e-07	-5.004231058993042212e-05	1.103201982387919565e-07	-2.174875255273073943e-05	4.105522428704132427e-05	-1.969927003577564548e-07	-6.054147614554837749e-03	7.576472146000757859e-06	-6.056306013754828455e-05	5.964029794465976544e-03	-1.459106742041608876e-04	6.236718960542769058e-03	-3.927439131363120783e-05	5.357298760538435563e-05	-4.297116989133939219e-07	-7.498907235296524963e-05	-1.537309226650516005e-04	6.296806341922369168e-03	-7.341340253106903402e-05	5.943526533469883043e-03	6.296118557660383003e-03	-2.845762739500443383e-05	-2.620232074102293130e-05	7.570034023864174577e-07	2.068416537524786171e-06	-3.397798815951531083e-05	2.153540807697463567e-06	-7.752787368127998324e-05	-1.141777569023268949e-04	5.497179532524791482e-08	6.054426763306366803e-03	-1.742631082618949678e-04	-8.973425163394129595e-05	-3.898320588091687069e-05	-1.332952089375566044e-05	6.236119170744505377e-03	5.964144897243565252e-03	-1.045741776132492681e-04	-1.261838715071036370e-05	1.850855716245898127e-06	1.335397789056970252e-06	-5.200564096143343905e-05	1.152171678900101810e-06	-1.267631341789164103e-04	-6.678346890439754309e-05	9.461160818159789484e-07	3.659690167817950890e-05	1.480835089330089577e-06	8.933299072764477837e-07	-1.104823883134266105e-04	7.327232169119502194e-07	-7.053593823476102991e-05	-2.031264161330318972e-06	-2.706674308468405871e-07	-5.984671052692558217e-03	9.316485470009392084e-05	6.104178607568479326e-06	6.561592091607428012e-03	-7.166524253144891622e-05	1.063838678068216431e-06	-6.561460468557290052e-03	1.755256217426390329e-04
7.488815689749112547e-05	2.425277211222364694e-07	-1.177696577749488568e-07	-4.100862738517643483e-05	-2.971384092765499822e-08	-1.832618488571039985e-05	2.810697587204844111e-05	-1.010881838446403311e-07	-9.400099351641041240e-03	2.789533830543876721e-05	-3.930374931453775860e-05	6.329014471492134392e-03	-1.139104287045776683e-04	3.471655823732619148e-03	1.103717308578202585e-04	5.268759328387153979e-05	1.940840984301063173e-04	-7.277720670905313835e-05	-1.337606222963548747e-04	3.439922655421329828e-03	-6.129710487495911931e-05	6.296118557660383003e-03	9.952316152698807705e-03	-4.556373495421720638e-05	-1.615787171976717926e-06	2.831764801111678480e-07	1.553872214428293595e-06	-1.932754591822192342e-05	2.155734981982371988e-06	-4.745512486591713824e-05	-8.106350930577060519e-05	-3.343751399542202049e-07	3.474393584593693431e-03	-1.706324621149203744e-04	-7.713920078917309731e-05	-1.936276996973987428e-04	-2.008090740807748071e-05	9.788087382811058029e-03	6.307173625533069039e-03	-1.144124638684524266e-04	5.702605970326386882e-06	1.209030519786904246e-06	8.933439911306641520e-07	-2.845384908306641296e-05	1.050964355483048865e-06	-8.474808711562109543e-05	-4.333192736305224453e-05	1.544086180490970807e-07	3.437963472106654920e-05	1.527062338960786218e-06	8.900041026380443025e-07	-8.144557307826594370e-05	6.681755448067078534e-07	-6.225515711898900874e-05	-1.151050048217322502e-05	-3.179126707437347018e-07	-6.340259514155417025e-03	9.567987579183871185e-05	-2.504665627225978927e-06	1.045371671832907856e-02	-5.837342128385803700e-05	1.811197985142858741e-04	-3.499772235726205001e-03	1.574037159904668093e-04
-2.582404773739757381e-07	4.229705765620593913e-06	-1.173054778503905730e-06	1.733393570658994669e-07	3.412394704949619638e-06	-5.145920222319316931e-10	-2.063374213910028445e-07	-8.029144889235731827e-07	4.529859530891925160e-05	-1.268457081297236048e-03	3.455885825534039658e-05	-2.669563272311687536e-05	6.514689722528589484e-07	-1.712288671540242808e-05	2.086622588326258295e-06	2.780157312268882036e-05	-1.625970670313748934e-06	4.318195134152765543e-05	6.437314503727205697e-07	-1.987497028305709612e-05	-4.262051881746987671e-05	-2.845762739500443383e-05	-4.556373495421720638e-05	1.396242916185709126e-03	-3.542592254899838289e-07	8.018188305762040795e-06	1.023600433877273395e-05	1.878682094797951052e-07	1.704317067353649919e-06	4.573972660438670835e-07	3.529238543367191719e-07	-3.873014140480836106e-06	-2.594635092613495813e-05	8.939635086889050373e-07	-3.406083787351480091e-05	2.253712071027859308e-06	1.268274754528677176e-03	-4.480844608277071312e-05	-3.584829959152400613e-05	2.883106845870406703e-05	-1.259574885509463776e-07	1.282346352361498747e-05	6.104793175113617502e-06	1.454865129050816679e-08	-2.246645060988822230e-06	4.920263351291368819e-07	1.615660711409226963e-07	-1.137814289905288872e-07	9.930430805192962389e-09	2.122500139903191425e-06	-2.503440595245519293e-06	4.054249679307635885e-07	-1.180388635318438353e-06	5.230689761873930454e-07	1.772882404708415174e-07	-7.775207272794201619e-06	3.400089897248577349e-05	3.496995456541507834e-05	1.394624689548779745e-03	-4.903162735903282484e-05	3.597895400751175560e-05	-5.721714995111871951e-07	2.337152158971569715e-05	-9.420107140041006439e-07
-2.844796125190619113e-02	9.799287528441388362e-05	6.917167877156803787e-05	1.394576967851518870e-02	2.903221322365720169e-05	-3.841912912263078616e-05	-1.416606407333643666e-02	3.933498136952695611e-05	6.155474494863976266e-05	-3.963147832436100298e-07	-2.613624643282095411e-07	-4.536271817473836484e-05	-6.315959565127081553e-07	-4.299329395125723571e-05	2.849325276097571690e-05	-2.847675594656532536e-07	6.890449852175504846e-05	-1.047379307317962960e-06	-7.800209114132937275e-07	-3.759780689102775467e-05	-7.250586220922661207e-07	-2.620232074102293130e-05	-1.615787171976717926e-06	-3.542592254899838289e-07	1.416790918700486408e-02	-6.907405179112100294e-05	-4.910852563308542933e-05	2.195874245535901293e-04	-1.760828639730566299e-05	1.480330689729012286e-02	3.121983288926718364e-02	-1.307081666981676625e-04	3.979248109314198272e-05	-1.282593519461714383e-06	-7.645314037934576218e-07	-1.892040648268905934e-05	-3.106363152006155259e-07	-2.690224509560640900e-05	3.018368401957105532e-06	-6.302028335055669917e-07	-3.218462942129912718e-05	-5.418388773085297224e-05	-5.004436970217407735e-05	1.502250217901440060e-02	-6.484101144087523632e-05	3.129177671792875148e-02	1.480543832709160963e-02	-1.260409391266931927e-04	-1.394453525539154047e-02	2.613085517243476379e-05	-4.101243928944313909e-05	3.120692871374620980e-02	-2.073764842893932841e-05	1.502416692595450430e-02	2.968640676584757008e-04	-3.337271731829186063e-05	1.567624251040445843e-05	-1.172433972378946003e-07	1.733223156199549546e-07	-9.096418885152555522e-05	3.185390726837322619e-07	-1.262413146482076621e-04	-4.325871744401112650e-05	-1.229365386684461114e-07
1.279164765726577746e-04	-6.089834936619591479e-03	-2.699120439190327039e-05	-4.536464592712670808e-05	6.067021280510532036e-03	-5.969475317543445660e-06	5.525492923139557538e-05	-6.008497318694927015e-03	-8.089929700603272950e-07	5.248170239738758562e-06	-4.570777976572609768e-05	8.132472746555159037e-07	-1.119781363828281986e-04	1.264831586922878144e-06	7.024985278767044064e-07	6.189499561547642911e-05	-1.534739109932827843e-06	-3.118572240742888742e-05	-9.195089976914680213e-05	1.400722207495665652e-06	-6.058667623906320598e-05	7.570034023864174577e-07	2.831764801111678480e-07	8.018188305762040795e-06	-6.907405179112100294e-05	5.987266908409658028e-03	6.307389067255879736e-03	-2.709252960044797627e-05	-7.000234787998067983e-05	-7.201344402394116711e-05	-1.524423180858381342e-04	6.601390368255679805e-03	-5.293829138765741991e-07	-8.359638840617246295e-05	-4.419759753729831145e-05	1.191990635161592918e-06	-1.231145417496947811e-05	5.705315566549815611e-07	1.546634560922787072e-07	-4.023110084461324696e-05	-1.516274544881059636e-05	6.247486941462052426e-03	5.964029820318758265e-03	-9.747033237550458795e-05	6.268600067635098951e-03	-1.690745108637162805e-04	-9.101423611963853702e-05	-2.557274578373167100e-05	5.989077222732317466e-05	-1.453039717555146870e-05	6.329014491775721701e-03	-1.564605176081734750e-04	5.985283204495966264e-03	-8.710750939629801552e-05	-9.748580098653018090e-06	-6.574136233943850792e-03	-2.523234753274844621e-07	2.217772486246778670e-05	-2.669501060263539534e-05	7.452411304078693310e-07	-7.325041271895917907e-05	1.652975221698437849e-06	3.369412441524909290e-07	1.069245096829247121e-04
8.244449096117709380e-05	-3.473849350023157367e-03	-1.947618108497420060e-04	-3.759839002609017503e-05	9.400433216955515758e-03	-2.631469990497094740e-05	2.681754803764192728e-05	-6.339997650836625906e-03	-5.599849851727726916e-07	-6.438427424229376107e-06	-1.163982345598792026e-04	1.400723832839819869e-06	-2.632048646080171897e-04	2.839718506221072317e-06	2.302740956083948495e-06	1.333911393805622785e-04	-1.043308269513892411e-06	-1.184665792559178499e-04	-2.557541127041774976e-04	2.980196612351097549e-06	-1.433034884572841755e-04	2.068416537524786171e-06	1.553872214428293595e-06	1.023600433877273395e-05	-4.910852563308542933e-05	6.307389067255879736e-03	9.953763275814916933e-03	-4.553532191481185455e-05	1.117924194873368647e-04	-6.403097226800695801e-05	-1.168808779481803750e-04	3.499755969270964065e-03	2.009962038082330187e-07	-2.595093338212801871e-04	-1.234546935277671981e-04	3.218239630451371925e-06	-1.214271109948210864e-05	1.881386494246351726e-06	1.097400450715354487e-06	-1.262336915117238955e-04	-2.159353948728739129e-05	9.789506626228610536e-03	6.296806383388225091e-03	-9.980250570326788047e-05	3.471794573936391737e-03	-1.481448679939156312e-04	-7.010934392381989988e-05	-1.789097434098385619e-04	4.250442917462556448e-05	-1.929254757668769993e-04	3.439922686880398685e-03	-1.253114701883383442e-04	6.329603908991158004e-03	-8.141323719156912141e-05	7.843229000405621937e-07	-1.045365639050437750e-02	-4.732737648972420403e-07	9.305169233662216924e-05	-1.987479536470169859e-05	4.457354035538190659e-07	-1.391438278918348591e-04	1.820861246167214502e-06	-1.055863505479419631e-07	2.856034005338034401e-04
-5.285353039997390178e-04	1.408306292959164107e-05	-3.552743432862811573e-07	2.195874081493706751e-04	-4.385223946854846532e-05	1.268525300854871996e-03	-2.967830077414304970e-04	2.478251216249068890e-05	1.408276311061265077e-05	1.609727720576241684e-09	7.224802110441894633e-07	-2.709184213915800471e-05	1.790832042352113553e-06	-4.498979644209647659e-05	9.783053977384630254e-07	-4.543114714244742946e-07	-3.553121570363600135e-07	7.224793406035890968e-07	1.899477074828816061e-06	-4.553407267284623075e-05	1.286153354323047622e-06	-3.397798815951531083e-05	-1.932754591822192342e-05	1.878682094797951052e-07	2.195874245535901293e-04	-2.709252960044797627e-05	-4.553532191481185455e-05	1.401696152445348897e-03	-1.321761864783497360e-06	3.078567446584891832e-04	5.818966290683906268e-04	-1.857076235174043432e-05	-4.385110260272285121e-05	1.790836969424297045e-06	1.286163902693250506e-06	-1.321733931833720696e-06	4.639504779013158529e-07	-2.250012339109267365e-05	-3.158544338529972447e-05	9.772518440330126439e-07	1.268525314642293504e-03	-4.499097670840213211e-05	-3.397867134208765356e-05	3.078567322719959849e-04	-2.250041309965041198e-05	5.846024763933177363e-04	2.440674598498035735e-04	-3.553243540954235551e-07	-2.967829902765107414e-04	9.783502622056318790e-07	-1.932782162696583116e-05	5.818966126423889005e-04	-3.158613169263451835e-05	2.440674539905827230e-04	-1.389477587857782925e-03	4.751517014390968475e-05	2.478182244058230437e-05	-4.543223097244488230e-07	1.878664712925532793e-07	-1.857048107153638018e-05	9.772598202757141869e-07	-3.553555912350905215e-07	4.751386085683344691e-05	-1.774161755580149555e-06
3.194835666286325140e-05	2.161259096604938035e-04	1.052260838269404152e-03	-1.892007790734868188e-05	1.234028667066110977e-04	-1.273655456527603024e-06	1.564675108237118938e-05	4.533492950727268853e-05	7.865685427636058534e-07	-1.757038651090038589e-07	-1.175858147541105665e-04	1.191926268707678420e-06	-2.453132734618942838e-04	3.085963927434485853e-06	3.642753929618416363e-06	1.201039886035457451e-04	6.238515323945841738e-07	-1.146668236353582423e-04	-2.466631684864909737e-04	3.218182684844143113e-06	-1.174433643657692530e-04	2.153540807697463567e-06	2.155734981982371988e-06	1.704317067353649919e-06	-1.760828639730566299e-05	-7.000234787998067983e-05	1.117924194873368647e-04	-1.321761864783497360e-06	1.112378934535070661e-03	-2.139801156375131363e-05	-4.003632421757060452e-05	-2.541294477119669659e-04	7.514005987582009663e-07	-2.451829656131524100e-04	-1.152674260560152626e-04	4.350075510045768967e-06	4.203417508166485009e-06	2.123579797074000788e-06	1.318924994382146343e-06	-1.248216226057082304e-04	-9.224712062728107917e-07	1.095622290578883852e-04	-3.898312581020883826e-05	-1.767709753630672257e-05	-1.908512596277918600e-04	-3.735663166301356111e-05	-1.989945849985525693e-05	1.116050162069907132e-03	1.810224726198619909e-05	-1.096639563341940968e-03	-1.936276112833365385e-04	-3.260444618689467046e-05	-1.430345970865077318e-05	-1.629473021764887028e-05	9.361722469785453399e-07	-1.535486075638144588e-04	-3.572838859500065223e-07	1.244270095132774337e-04	2.253654021458166568e-06	-6.124761200336285281e-07	-1.215499960563886934e-04	4.553083120387596288e-07	-5.151241402710584369e-07	2.665320187027815538e-04
-3.018497787350769845e-02	9.074460923151373174e-05	7.142264157914868954e-05	1.502250222567488511e-02	1.875945880956860612e-05	3.124521148821408380e-05	-1.480616711076646400e-02	4.057789131607826430e-05	1.088055711201953385e-04	-5.863061481961214429e-07	-1.841388007906164711e-07	-9.746794859418587433e-05	4.910426836866262682e-07	-1.043030975319483589e-04	2.744485925247267108e-05	-2.101754452172265100e-07	7.617725520132743620e-05	-1.511492892413501950e-07	8.676232985044847587e-07	-9.980154131300703470e-05	1.123359885686272634e-07	-7.752787368127998324e-05	-4.745512486591713824e-05	4.573972660438670835e-07	1.480330689729012286e-02	-7.201344402394116711e-05	-6.403097226800695801e-05	3.078567446584891832e-04	-2.139801156375131363e-05	1.593738187330696887e-02	3.311593692484258999e-02	-1.241624801454960974e-04	-1.420243129212254044e-05	8.542257874103370219e-07	6.857693401372894497e-07	-1.767751115119520642e-05	6.442382793780910043e-08	-7.330785268960710889e-05	-4.654003154375931561e-05	1.047883505419648226e-06	2.618427532554629594e-05	-6.953544988799780424e-05	-5.200779631753181770e-05	1.571876717238410159e-02	-5.517066500969374431e-05	3.320731922491422516e-02	1.593534158838733408e-02	-1.354229763542331988e-04	-1.502497843920330006e-02	3.201838582563088843e-05	-2.845768922276160497e-05	3.312747354377681974e-02	-2.104930650612225215e-05	1.571736913699716895e-02	2.434921291605947010e-04	-2.054434583566095622e-05	6.603167174949777494e-05	-9.756891279727568632e-07	1.451541996847979256e-08	-1.423626860686798301e-04	8.872911020052493546e-07	-1.306391090406757338e-04	1.520496056869446644e-05	-1.864878791140410920e-06
-6.339980838240963368e-02	2.098104357040467608e-04	1.529920097987266781e-04	3.120692875887317447e-02	5.605474287815580281e-05	-5.930073149842312528e-07	-3.122205919098526572e-02	8.667208158872252623e-05	2.101295531100648905e-04	-1.703005126654021034e-06	-1.747586355456491632e-06	-1.564557840843817103e-04	-1.707096227934583230e-06	-1.371398305606930188e-04	5.501115135604769599e-05	-3.531634580728821205e-07	1.603938220555934041e-04	-2.224653803597997092e-06	-1.861366773524988206e-06	-1.253098823464474413e-04	-1.566593510729465755e-06	-1.141777569023268949e-04	-8.106350930577060519e-05	3.529238543367191719e-07	3.121983288926718364e-02	-1.524423180858381342e-04	-1.168808779481803750e-04	5.818966290683906268e-04	-4.003632421757060452e-05	3.311593692484258999e-02	6.957547181546222537e-02	-2.817505871665128845e-04	4.812008466252825625e-05	-1.857485424156095535e-06	-1.294120067580549687e-06	-3.260537226263590232e-05	-4.449553292534770764e-07	-1.352477788437960035e-04	-4.917536579376360873e-05	3.722295793633126540e-07	-4.543548000424284993e-07	-1.289190172178219390e-04	-1.104871146576897158e-04	3.312747347603886561e-02	-1.355240558027870454e-04	6.973368911343920395e-02	3.311649172239080480e-02	-2.816559683232894035e-04	-3.120918877009244696e-02	6.192630002908030499e-05	-8.145411366434934558e-05	6.957245677082507518e-02	-4.553415459954607064e-05	3.312797425242963723e-02	5.813764122023093797e-04	-6.302499720518665600e-05	9.063522926344185133e-05	-7.496813350023425215e-07	4.053714405739807250e-07	-2.819435900306745406e-04	7.978664379719299962e-07	-2.739327430739423898e-04	-5.413156912096596488e-05	-1.015465858486887968e-06
2.579072111199973887e-04	-9.881497323112831133e-03	1.649443657540104779e-04	-9.096791977805399813e-05	3.547921738744688573e-03	8.954300605636167002e-06	1.239360314593890766e-04	-6.614576564024740590e-03	-2.028386250563489326e-06	2.877767653739321101e-05	5.061402129889876654e-06	7.452379097633447752e-07	-4.069828672631981673e-06	3.149531054093248982e-07	-7.296666415281618750e-07	1.168115164652397056e-05	-2.950201981582378800e-06	4.165708818232538536e-05	3.304218645395259196e-05	4.457291584843128172e-07	8.333106202662181286e-07	5.497179532524791482e-08	-3.343751399542202049e-07	-3.873014140480836106e-06	-1.307081666981676625e-04	6.601390368255679805e-03	3.499755969270964065e-03	-1.857076235174043432e-05	-2.541294477119669659e-04	-1.241624801454960974e-04	-2.817505871665128845e-04	1.099422075199190871e-02	-1.339060388047474614e-06	5.541402551222733542e-05	1.860780590835416374e-05	-6.123921300272554991e-07	-2.387643023861515387e-05	-2.768672992280128648e-08	-2.700690230237074317e-07	2.620706901419760413e-05	-1.639929002757415809e-05	3.535381414480691289e-03	6.561592098279989821e-03	-1.423669975695361981e-04	1.028088530416626165e-02	-2.858297601301517787e-04	-1.599162076407018517e-04	1.540646954201996776e-04	1.186809982212666276e-04	1.525309736580745537e-04	1.045371672964352447e-02	-2.819525485311029996e-04	6.574581500802936795e-03	-1.384996920854366926e-04	-1.673334489100471951e-05	-3.561106300021693767e-03	-4.638124558907970027e-07	-3.188019691475315264e-05	-4.903034299861420812e-05	2.160438665761627108e-06	-3.133714438156795523e-05	2.590774323012732562e-06	8.908064152687977393e-07	-2.741798486581823081e-05
-7.401115541244497782e-05	7.762662454419563143e-07	9.736456151185660459e-07	2.903310383320446332e-05	5.937809609147442338e-07	-2.256711024232062568e-05	-3.445005655901294981e-05	2.171897487353286116e-07	-3.495600048201591339e-03	-9.475210711996021734e-07	-6.431833422243387092e-05	6.067021263495128193e-03	-1.426702775016614215e-04	9.249038415135919788e-03	-2.147225065529295750e-04	3.609962880978975460e-05	-1.436023721441537888e-04	-6.265785181885444592e-05	-1.408022687748640574e-04	9.400433212480310829e-03	-6.928757307006963161e-05	6.054426763306366803e-03	3.474393584593693431e-03	-2.594635092613495813e-05	3.979248109314198272e-05	-5.293829138765741991e-07	2.009962038082330187e-07	-4.385110260272285121e-05	7.514005987582009663e-07	-1.420243129212254044e-05	4.812008466252825625e-05	-1.339060388047474614e-06	8.894181085037857967e-03	-1.473923813933711909e-04	-8.758704184128126723e-05	1.234027865943136866e-04	-1.867741215341126460e-05	3.498908293928091294e-03	6.089977368790330629e-03	-8.178207244488056320e-05	-2.641982016770074175e-05	-6.004413355530239672e-08	1.102979068054425336e-07	1.876060261857872549e-05	2.261721610157825766e-07	2.697796460518436955e-05	3.247180892060234786e-06	-1.071970585776630944e-06	-5.001990410314624070e-05	4.323819552654594067e-08	-2.972988262695328437e-08	5.605705305881331980e-05	3.794895135024448556e-07	1.233102007152447077e-05	3.900962810644555638e-06	-6.789700245083495551e-07	-6.102400861486553113e-03	7.560186698121533174e-05	3.412208242087573210e-06	3.547921716418089670e-03	-6.760446859192212636e-05	-1.318833747852004169e-04	-9.880193314346204236e-03	1.569614355552370903e-04
6.963715267158420075e-07	-7.137036322314181994e-05	-6.062352730359329864e-05	-6.314995273378228798e-07	-1.426638501332769390e-04	7.903877064009214087e-07	1.228002018079000486e-06	4.619768440947375436e-05	-1.852837506991196693e-05	-6.981762135024813243e-04	2.966223085942179538e-02	-1.119824711670539533e-04	6.361885125710964317e-02	-2.317551220760177984e-04	-1.594389956533705959e-04	-3.190551821745168937e-02	-6.360447656604240301e-05	2.967150771765281192e-02	6.304363963738553178e-02	-2.632129638102947305e-04	2.966298294086523735e-02	-1.742631082618949678e-04	-1.706324621149203744e-04	8.939635086889050373e-07	-1.282593519461714383e-06	-8.359638840617246295e-05	-2.595093338212801871e-04	1.790836969424297045e-06	-2.451829656131524100e-04	8.542257874103370219e-07	-1.857485424156095535e-06	5.541402551222733542e-05	-1.473923813933711909e-04	6.362130030420684590e-02	2.967204021129350375e-02	-2.453146450555226715e-04	-6.985055114644715592e-04	-1.556789047723828787e-04	-1.360516979860233516e-04	3.190042199347100510e-02	5.527243475918290487e-07	-2.275342474711505804e-04	-1.459063193859602334e-04	4.911372363241027792e-07	-1.001411774977720029e-04	-2.334461124921961490e-07	-4.705798815887756598e-08	-8.935416968357774779e-05	1.346846045851735270e-06	-1.594988246617633524e-04	-1.139091974397289100e-04	-1.706929773852435346e-06	-1.078030628953053352e-04	4.545065206530743540e-07	3.331014091997582821e-07	8.787702565593848657e-05	7.448479894716679363e-05	-3.189767365412959910e-02	6.514494608305256251e-07	-4.070982688301807532e-06	3.190807153426571119e-02	-9.236304979298735668e-05	9.066158639004062822e-05	-7.022409778953367376e-02
1.142735215307888252e-06	-2.633113301867774696e-05	-2.998791638692894146e-05	-7.249957301268844923e-07	-6.928448386526237424e-05	4.261962351136053748e-07	9.459862403122840888e-07	2.671438754581202636e-05	-1.039476956523759403e-05	-2.885414619437662396e-04	1.376907263561497757e-02	-6.058859558822864139e-05	2.966298287625248123e-02	-1.277066548289995369e-04	-7.116650013064150699e-05	-1.503545701120493142e-02	-3.155680321219413761e-05	1.399087073228192854e-02	2.939239064855055095e-02	-1.433071491899091401e-04	1.377172848905529323e-02	-8.973425163394129595e-05	-7.713920078917309731e-05	-3.406083787351480091e-05	-7.645314037934576218e-07	-4.419759753729831145e-05	-1.234546935277671981e-04	1.286163902693250506e-06	-1.152674260560152626e-04	6.857693401372894497e-07	-1.294120067580549687e-06	1.860780590835416374e-05	-8.758704184128126723e-05	2.967204021129350375e-02	1.399395923819927827e-02	-1.174441169600351856e-04	-3.587202020124795332e-04	-7.047984656872659270e-05	-7.176810888856902733e-05	1.481616887353321213e-02	6.616674345358605488e-07	-1.089530454644790361e-04	-7.341138299316680906e-05	1.124058682061919913e-07	-5.428331799919657068e-05	-4.747862447787772975e-07	-1.723721339379620492e-07	-4.236038790330881978e-05	1.474477150930626990e-06	-7.346357554075405051e-05	-6.129666726231062189e-05	-1.566468274672844072e-06	-5.549854819251482253e-05	-1.368104974804207245e-07	1.122878263587819642e-07	4.409102815085161288e-05	4.283208743677098464e-05	-1.481670173382117379e-02	-4.262053371904705486e-05	8.328710543790444161e-07	1.503518735342815327e-02	-4.511245682930112408e-05	6.308045094623299077e-05	-3.274315704208659306e-02
3.194916184595452758e-05	7.864933724097580115e-07	6.238632821217432745e-07	-1.760869598816722285e-05	7.514627989950797668e-07	-9.224212843964425176e-07	1.810263286544325510e-05	-3.573528593089849155e-07	2.161259887704845785e-04	-1.756862923437081851e-07	-1.146674192056758198e-04	-7.000243027612473249e-05	-2.451843366685765510e-04	1.095621382752813675e-04	-1.096639586702956998e-03	1.244278190772914042e-04	1.052260850086693487e-03	-1.175865003201060190e-04	-2.466645044353880543e-04	1.117923372067683164e-04	-1.152680817311973528e-04	-3.898320588091687069e-05	-1.936276996973987428e-04	2.253712071027859308e-06	-1.892040648268905934e-05	1.191990635161592918e-06	3.218239630451371925e-06	-1.321733931833720696e-06	4.350075510045768967e-06	-1.767751115119520642e-05	-3.260537226263590232e-05	-6.123921300272554991e-07	1.234027865943136866e-04	-2.453146450555226715e-04	-1.174441169600351856e-04	1.112378956656954847e-03	4.203433640589906265e-06	-1.908513351270986448e-04	-1.430353679422701563e-05	-1.215506503837475362e-04	-1.273599566230419521e-06	3.086014575863131030e-06	2.153608129208644717e-06	-2.139842733071193438e-05	2.123666837221666376e-06	-3.735752846555083528e-05	-1.629517150860315929e-05	4.552966525340272596e-07	1.564713463542792278e-05	3.642747064316897388e-06	2.155820422199845922e-06	-4.003723248962224283e-05	1.318996318244295078e-06	-1.989981175502588280e-05	9.361194099847334203e-07	-5.151912707964098618e-07	4.533500894239292681e-05	1.201047043101148961e-04	1.704383749710890996e-06	-2.541295448479320902e-04	-1.248223618552795917e-04	1.116050154031465475e-03	-1.535485285994680311e-04	2.665335294520839045e-04
6.028714342341511526e-07	2.303306169003699788e-05	-4.071964741922734228e-07	-3.106470026141967948e-07	-1.867730320815447052e-05	1.737247577259202267e-07	4.455099887613703147e-07	1.938132306813101363e-05	2.303386012787158390e-05	-1.144720990500152063e-03	-2.889301892664293114e-04	-1.231188142023523350e-05	-6.985055033376275264e-04	-9.855522667108499921e-06	4.006023327814488115e-06	3.783154525860888849e-04	-4.072841394977587632e-07	-2.889301969880823809e-04	-6.912186947485822941e-04	-1.214278177286757558e-05	-3.587201962097352889e-04	-1.332952089375566044e-05	-2.008090740807748071e-05	1.268274754528677176e-03	-3.106363152006155259e-07	-1.231145417496947811e-05	-1.214271109948210864e-05	4.639504779013158529e-07	4.203417508166485009e-06	6.442382793780910043e-08	-4.449553292534770764e-07	-2.387643023861515387e-05	-1.867741215341126460e-05	-6.985055114644715592e-04	-3.587202020124795332e-04	4.203433640589906265e-06	1.161656701061991939e-03	-1.986229607812064284e-05	-2.047957597504104993e-05	-3.206942992634510999e-04	1.737275011934330185e-07	-9.855422903937177031e-06	-1.332909498679572924e-05	6.442989322678425474e-08	-1.986146641093670942e-05	-2.831326984227951337e-07	-1.874953323266933144e-07	9.961747134317618656e-07	4.455118378931217737e-07	4.006028834863098242e-06	-2.007999728811554920e-05	-4.449628195438688347e-07	-2.047914803380866596e-05	-1.875040763305197408e-07	-6.464211001898190849e-08	1.738289756214752804e-05	1.938175189425197522e-05	3.783154613279741387e-04	1.268274763386180882e-03	-2.387738029751965669e-05	-3.206942858594954201e-04	9.960863380913167941e-07	1.738296831542356877e-05	7.723204714578144709e-04
1.238988295293594810e-04	-8.754143975379938273e-09	-1.831612730468230474e-07	-6.483768662681718741e-05	2.261923793891970972e-07	-2.058325126458678648e-05	5.305508410523242149e-05	-3.522386079870076421e-07	-9.248937731552907271e-03	2.708677901212239552e-05	-3.265293781578082802e-05	6.268600031970187822e-03	-1.001435129103455095e-04	3.499904460088779437e-03	1.081652769242874752e-04	4.556085084717708788e-05	1.838248860990974922e-04	-6.592922233469549332e-05	-1.196232871702432223e-04	3.471794524386170172e-03	-5.428428072927061722e-05	6.236119170744505377e-03	9.788087382811058029e-03	-4.480844608277071312e-05	-2.690224509560640900e-05	5.705315566549815611e-07	1.881386494246351726e-06	-2.250012339109267365e-05	2.123579797074000788e-06	-7.330785268960710889e-05	-1.352477788437960035e-04	-2.768672992280128648e-08	3.498908293928091294e-03	-1.556789047723828787e-04	-7.047984656872659270e-05	-1.908513351270986448e-04	-1.986229607812064284e-05	9.629438400328396014e-03	6.247242684786238204e-03	-1.060027137542015544e-04	2.938480646062922054e-06	1.547921625911871227e-06	1.152195321697269080e-06	-5.516737864830885635e-05	1.265675342860872757e-06	-1.392622226962032437e-04	-6.897195923411027500e-05	2.535141791532503528e-07	5.827738427618949369e-05	1.443146053851948999e-06	1.050989072473230464e-06	-1.355166456445709776e-04	8.893318848854670028e-07	-8.822084992582754489e-05	-9.093348456955348396e-06	-6.071366133521027202e-07	-6.279905630016937614e-03	8.757713794181516155e-05	-2.247797655470957480e-06	1.028088527743406186e-02	-5.145290502817434562e-05	1.710783487936866863e-04	-3.535270650789386869e-03	1.415759757408327621e-04
3.010225416222916999e-05	1.134143960317123175e-08	6.738028796365713587e-08	-2.073560511379171276e-05	3.794981023359235531e-07	-1.997517804462729753e-05	1.172450523364787175e-05	-2.357141402711843947e-07	-6.067241319106866926e-03	1.374272803746570009e-05	-4.298754492349354925e-05	5.985283175237617048e-03	-1.078074786990703934e-04	6.269026343870942597e-03	-7.009692056698226339e-05	3.402028250123553544e-05	2.599728635003507556e-05	-5.734448673322464632e-05	-1.160849302136421254e-04	6.329603878916639607e-03	-5.550060712468736404e-05	5.964144897243565252e-03	6.307173625533069039e-03	-3.584829959152400613e-05	3.018368401957105532e-06	1.546634560922787072e-07	1.097400450715354487e-06	-3.158544338529972447e-05	1.318924994382146343e-06	-4.654003154375931561e-05	-4.917536579376360873e-05	-2.700690230237074317e-07	6.089977368790330629e-03	-1.360516979860233516e-04	-7.176810888856902733e-05	-1.430353679422701563e-05	-2.047957597504104993e-05	6.247242684786238204e-03	5.987504342456202548e-03	-8.557817995954014850e-05	-1.087597009778486156e-05	8.350932033395779114e-07	7.327234589471100585e-07	-2.104715402503100759e-05	8.893253276744484748e-07	-6.178517826154839108e-05	-3.581444243649388784e-05	-8.084564949216823466e-08	7.086206627321058968e-06	7.060502863847043432e-07	6.681820456804224120e-07	-4.552943816421774231e-05	7.710319736728705323e-07	-3.965802529427948030e-05	-3.505205399255811273e-06	-5.929136123398947407e-07	-6.008619481819457361e-03	7.376949659682296686e-05	-1.181004811686230501e-06	6.574581472212161215e-03	-5.258378025881000381e-05	2.736682366449259005e-05	-6.601166491873770338e-03	1.331761612177735470e-04
-8.944129786381257468e-07	-3.457229923777693911e-05	-3.246337832182054405e-05	3.186180320744830861e-07	-6.760143106639027069e-05	5.105498982848751561e-07	8.608911308074130848e-08	2.138367478472515500e-05	1.740464691155409486e-05	-3.783810451263150735e-04	1.503634000679878596e-02	-7.325277571013642016e-05	3.190807157358979684e-02	-1.237379200014192423e-04	-8.090834921891602426e-05	-1.594168577421487681e-02	-3.224156515934501442e-05	1.481772610806498039e-02	3.160612278837004324e-02	-1.391480443454312069e-04	1.503518740279208635e-02	-1.045741776132492681e-04	-1.144124638684524266e-04	2.883106845870406703e-05	-6.302028335055669917e-07	-4.023110084461324696e-05	-1.262336915117238955e-04	9.772518440330126439e-07	-1.248216226057082304e-04	1.047883505419648226e-06	3.722295793633126540e-07	2.620706901419760413e-05	-8.178207244488056320e-05	3.190042199347100510e-02	1.481616887353321213e-02	-1.215506503837475362e-04	-3.206942992634510999e-04	-1.060027137542015544e-04	-8.557817995954014850e-05	1.616294516337266757e-02	1.126161649834430242e-08	-1.096073380364981896e-04	-7.166312462502036763e-05	8.873624861950435682e-07	-5.145167921927146980e-05	1.496568296440833400e-06	7.667438288636610095e-07	-4.720250899140075761e-05	-9.537474258814567404e-08	-7.797677381254328492e-05	-5.837276637060029750e-05	7.980096126356308405e-07	-5.258164182035955143e-05	1.454586804809946037e-06	4.538032885939542890e-07	3.891232111341630308e-05	5.471201122592839064e-05	-1.615940841574987560e-02	3.597893526658195419e-05	-3.133794307967557267e-05	1.594458797712560230e-02	-4.574575964454976815e-05	5.332023758558496532e-05	-3.521414225334203174e-02
7.277014814084049925e-07	1.196633597474300835e-05	-2.444547434235824526e-06	-3.841915319298634462e-05	-2.256792643136742109e-05	1.152664991618993374e-03	-3.759665970290199702e-05	1.346382828150961414e-05	-1.043435853300322532e-05	1.613339976114162239e-07	5.559973135077163623e-07	-5.969028158817152817e-06	7.902872681553846544e-07	-2.578357095083677009e-05	4.970244119544909346e-07	-1.728437462824924172e-08	-1.315989471069753806e-06	1.059179126982540264e-07	7.702952482261085395e-07	-2.631378389912320909e-05	4.261442399339089883e-07	-1.261838715071036370e-05	5.702605970326386882e-06	-1.259574885509463776e-07	-3.218462942129912718e-05	-1.516274544881059636e-05	-2.159353948728739129e-05	1.268525314642293504e-03	-9.224712062728107917e-07	2.618427532554629594e-05	-4.543548000424284993e-07	-1.639929002757415809e-05	-2.641982016770074175e-05	5.527243475918290487e-07	6.616674345358605488e-07	-1.273599566230419521e-06	1.737275011934330185e-07	2.938480646062922054e-06	-1.087597009778486156e-05	1.126161649834430242e-08	1.153900845380328045e-03	-2.134250002765055137e-05	-2.174920714241210772e-05	3.124519056761080780e-05	-2.058339397446338006e-05	-3.015415321043467142e-07	-3.134768184066756861e-05	8.230487691457459776e-07	-3.143328339857440559e-05	2.056924947156894560e-07	-1.832630934030786237e-05	-5.930447604519749051e-07	-1.997563232346837730e-05	-2.639750026663376022e-05	-1.268206656640416541e-03	2.355230479034347738e-05	4.296545571801124288e-06	-2.460911801440710872e-07	-5.131165057688158082e-10	8.954405258963171746e-06	5.105078531518802375e-07	1.962473394101799066e-06	2.895599058013845385e-05	-5.938520497095609377e-07
9.387478781431063022e-05	-3.498493302248336691e-03	-1.848205610742588130e-04	-4.299421461365791539e-05	9.249038425268649513e-03	-2.578442073611001670e-05	3.224500538799597159e-05	-6.279612393308206704e-03	-4.335146330910758875e-07	-8.905089885137324504e-06	-1.011511023439297255e-04	1.264824698068393002e-06	-2.317484840696346006e-04	2.732068776949924460e-06	2.315813752517851209e-06	1.180371605125598900e-04	-1.336419949631873316e-06	-1.036908002092427861e-04	-2.243651392566334572e-04	2.839694837642277882e-06	-1.277036794819717532e-04	1.850855716245898127e-06	1.209030519786904246e-06	1.282346352361498747e-05	-5.418388773085297224e-05	6.247486941462052426e-03	9.789506626228610536e-03	-4.499097670840213211e-05	1.095622290578883852e-04	-6.953544988799780424e-05	-1.289190172178219390e-04	3.535381414480691289e-03	-6.004413355530239672e-08	-2.275342474711505804e-04	-1.089530454644790361e-04	3.086014575863131030e-06	-9.855422903937177031e-06	1.547921625911871227e-06	8.350932033395779114e-07	-1.096073380364981896e-04	-2.134250002765055137e-05	9.630809656263998597e-03	6.236718998358146623e-03	-1.043043721609239547e-04	3.499904502155496300e-03	-1.595853046178940984e-04	-7.582774869507067988e-05	-1.685968978824700583e-04	4.806154487473929423e-05	-1.901378246953309048e-04	3.471655846698126682e-03	-1.371421222334087611e-04	6.269026372458040564e-03	-8.621952966486776083e-05	5.296956478508983529e-07	-1.028057200322291670e-02	-2.942434402229107005e-07	7.716553640372612161e-05	-1.712270267312096587e-05	3.149644672836319078e-07	-1.237344525167464234e-04	1.963970395149807551e-06	1.296365535883934001e-07	2.506490115082108121e-04
8.960171249847070289e-05	-6.054147626119662368e-03	-4.297052376142121061e-07	-2.620423548782362631e-05	6.054426766218403734e-03	-1.261883596678949868e-05	3.659916409445972010e-05	-5.984671077317607613e-03	-1.552303431733665424e-07	7.575956856531221962e-06	-7.498709045712585839e-05	7.569957464969372261e-07	-1.742587602442227700e-04	1.850869928338743199e-06	1.480897392847511040e-06	9.316268737638697030e-05	-6.739358299027795427e-07	-6.056085755078764005e-05	-1.537264663811262894e-04	2.068424060109255814e-06	-8.973231552381340345e-05	1.335397789056970252e-06	8.933439911306641520e-07	6.104793175113617502e-06	-5.004436970217407735e-05	5.964029820318758265e-03	6.296806383388225091e-03	-3.397867134208765356e-05	-3.898312581020883826e-05	-5.200779631753181770e-05	-1.104871146576897158e-04	6.561592098279989821e-03	1.102979068054425336e-07	-1.459063193859602334e-04	-7.341138299316680906e-05	2.153608129208644717e-06	-1.332909498679572924e-05	1.152195321697269080e-06	7.327234589471100585e-07	-7.166312462502036763e-05	-2.174920714241210772e-05	6.236718998358146623e-03	5.943526562476642711e-03	-7.753024132033093079e-05	6.236119226163818613e-03	-1.267677287090927839e-04	-7.053797959542912571e-05	1.063822074412373873e-06	4.105726117617874396e-05	-3.927434449006101308e-05	6.296118600500773960e-03	-1.141824443048637460e-04	5.964144929546845095e-03	-6.678562843830784031e-05	-2.030648531350829672e-06	-6.561460490663554787e-03	-1.969853451906735428e-07	5.357090267006245300e-05	-2.845700723325652383e-05	5.494929441657775077e-08	-1.045718207573315773e-04	9.461020802103501069e-07	-2.706524641277122888e-07	1.755206764038831808e-04
-3.018497785148108181e-02	1.088090227393660487e-04	7.617683337558369479e-05	1.480330692602745482e-02	-1.420370631932668515e-05	2.618427415502022431e-05	-1.502497843170128022e-02	6.603407177587656814e-05	9.074142040166152570e-05	-5.863101865550485144e-07	-1.511389410326353179e-07	-7.201126657069650502e-05	8.542885964872310838e-07	-6.953431565169421072e-05	3.201874703660429925e-05	-9.757172300855268905e-07	7.142314710372694238e-05	-1.840722270774951354e-07	8.677051645052923821e-07	-6.403018741648853292e-05	6.857747653295154100e-07	-5.200564096143343905e-05	-2.845384908306641296e-05	1.454865129050816679e-08	1.502250217901440060e-02	-9.747033237550458795e-05	-9.980250570326788047e-05	3.078567322719959849e-04	-1.767709753630672257e-05	1.571876717238410159e-02	3.312747347603886561e-02	-1.423669975695361981e-04	1.876060261857872549e-05	4.911372363241027792e-07	1.124058682061919913e-07	-2.139842733071193438e-05	6.442989322678425474e-08	-5.516737864830885635e-05	-2.104715402503100759e-05	8.873624861950435682e-07	3.124519056761080780e-05	-1.043043721609239547e-04	-7.753024132033093079e-05	1.593738185182196759e-02	-7.331141721341182535e-05	3.320731919894596984e-02	1.571736908543783923e-02	-1.306395861863071705e-04	-1.480616709677783777e-02	2.744449224495728256e-05	-4.745920689868883579e-05	3.311593694066924942e-02	-4.654238961259524068e-05	1.593534161455447545e-02	2.434921400782047245e-04	1.520593143649086795e-05	4.057569933133081756e-05	-2.102233004767019823e-07	4.573748484251774346e-07	-1.241584156813757404e-04	1.047886609911151412e-06	-1.354224089719302201e-04	-2.054513780931696763e-05	-1.864965056062229409e-06
1.239053839151569355e-04	-9.248937762383269839e-03	1.838249322526654388e-04	-2.690525320471364283e-05	3.498908332178698836e-03	2.938346982989371177e-06	5.828079155142674430e-05	-6.279905678869115992e-03	-8.672228783332641504e-09	2.708589181701421449e-05	-6.592807782072291158e-05	5.704855900178109974e-07	-1.556765730247921316e-04	1.547910547323148225e-06	1.443184817871085599e-06	8.757608857071722409e-05	-1.831185343099485895e-07	-3.265164621245303091e-05	-1.196209151166878547e-04	1.881382804233146649e-06	-7.047883793220133903e-05	1.152171678900101810e-06	1.050964355483048865e-06	-2.246645060988822230e-06	-6.484101144087523632e-05	6.268600067635098951e-03	3.471794573936391737e-03	-2.250041309965041198e-05	-1.908512596277918600e-04	-5.517066500969374431e-05	-1.355240558027870454e-04	1.028088530416626165e-02	2.261721610157825766e-07	-1.001411774977720029e-04	-5.428331799919657068e-05	2.123666837221666376e-06	-1.986146641093670942e-05	1.265675342860872757e-06	8.893253276744484748e-07	-5.145167921927146980e-05	-2.058339397446338006e-05	3.499904502155496300e-03	6.236119226163818613e-03	-7.331141721341182535e-05	9.629438503801966004e-03	-1.392693704871576874e-04	-8.822405030699546815e-05	1.710782907383488326e-04	5.305817853756676248e-05	1.081653243772675243e-04	9.788087478923205784e-03	-1.352551170658128051e-04	6.247242758695490186e-03	-6.897544111027718026e-05	-9.093165417695839943e-06	-3.535270705178429184e-03	-3.522033130606867785e-07	4.555974100410794278e-05	-4.480729333441108898e-05	-2.778329415259104566e-08	-1.060013258526772151e-04	2.534512181831860760e-07	-6.071381160436158083e-07	1.415733086675595377e-04
-6.354423404762522820e-02	2.144464956678799228e-04	1.572257222516141879e-04	3.129177680277181461e-02	2.697567193580603938e-05	-3.015186794764281752e-07	-3.129394130533701829e-02	1.032762141926861759e-04	2.144395797883022730e-04	-1.714318338478579194e-06	-1.409785497900684276e-06	-1.690698696912493453e-04	-2.334813952855326376e-07	-1.595830211085575898e-04	5.993228492255811655e-05	-1.036001561363309329e-06	1.572266716298814052e-04	-1.409725330945553267e-06	-3.014149107060020348e-07	-1.481432790065484093e-04	-4.748522404897498639e-07	-1.267631341789164103e-04	-8.474808711562109543e-05	4.920263351291368819e-07	3.129177671792875148e-02	-1.690745108637162805e-04	-1.481448679939156312e-04	5.846024763933177363e-04	-3.735663166301356111e-05	3.320731922491422516e-02	6.973368911343920395e-02	-2.858297601301517787e-04	2.697796460518436955e-05	-2.334461124921961490e-07	-4.747862447787772975e-07	-3.735752846555083528e-05	-2.831326984227951337e-07	-1.392622226962032437e-04	-6.178517826154839108e-05	1.496568296440833400e-06	-3.015415321043467142e-07	-1.595853046178940984e-04	-1.267677287090927839e-04	3.320731919894596984e-02	-1.392693704871576874e-04	6.989776599592220641e-02	3.320778823857507139e-02	-2.782993404382045634e-04	-3.129394130454334066e-02	5.993147153302708086e-05	-8.475636952633638249e-05	6.973368920363509638e-02	-6.178976456282364300e-05	3.320778831925268182e-02	5.836474978626713002e-04	-3.034723512049170610e-05	1.032715588126049077e-04	-1.036023158678848047e-06	4.919672240175488477e-07	-2.858210146532758934e-04	1.496493878548147010e-06	-2.782982696497183096e-04	-3.034881066101575428e-05	-2.642034427532241960e-06
-3.018556824826101187e-02	1.228333961905115311e-04	7.137588300441223760e-05	1.502416693261962935e-02	1.233002333573589815e-05	-2.639748198808631560e-05	-1.480463428182061600e-02	5.965903893142675968e-05	1.048771467721212636e-04	-1.078461515042699540e-06	-4.319317667883154894e-07	-8.710533623277962891e-05	4.544118658675845006e-07	-8.621859959484058178e-05	2.606414194757378504e-05	-7.762036486050851595e-07	7.692280355126485418e-05	-1.063922712748549596e-06	-2.432112750410835710e-08	-8.141262278973780296e-05	-1.368804010209017995e-07	-6.678346890439754309e-05	-4.333192736305224453e-05	1.615660711409226963e-07	1.480543832709160963e-02	-9.101423611963853702e-05	-7.010934392381989988e-05	2.440674598498035735e-04	-1.989945849985525693e-05	1.593534158838733408e-02	3.311649172239080480e-02	-1.599162076407018517e-04	3.247180892060234786e-06	-4.705798815887756598e-08	-1.723721339379620492e-07	-1.629517150860315929e-05	-1.874953323266933144e-07	-6.897195923411027500e-05	-3.581444243649388784e-05	7.667438288636610095e-07	-3.134768184066756861e-05	-7.582774869507067988e-05	-7.053797959542912571e-05	1.571736908543783923e-02	-8.822405030699546815e-05	3.320778823857507139e-02	1.593775480385878698e-02	-1.355598725381895893e-04	-1.502363168587740258e-02	3.082521187609352383e-05	-6.225891555052777881e-05	3.312797421428469169e-02	-3.966006115037910894e-05	1.571921367415415188e-02	3.072797975806168774e-04	-1.466674692962696954e-05	5.568369532064619564e-05	-7.055073969377465756e-07	5.230545682131614152e-07	-1.384954663434973280e-04	1.454515793196523307e-06	-1.299916140820495699e-04	-4.149237993808993632e-06	-1.760116519341677831e-06
2.531861185089711620e-04	-1.331467386807616343e-04	1.098399766913799296e-03	-1.262419173196379740e-04	-1.318833486107378358e-04	1.962487303747249557e-06	1.246390741553666452e-04	-7.323856900303216005e-07	-2.123390580791575580e-06	1.195403580360552584e-06	-4.638927612672907245e-05	1.652988570667032869e-06	-9.236435044955064390e-05	1.963935828226161082e-06	5.194194983239753393e-07	4.348535496416154031e-05	-3.651047653646894549e-06	-4.084960088758597370e-05	-9.360040881330120293e-05	1.820819167503482489e-06	-4.511296879221096136e-05	9.461160818159789484e-07	1.544086180490970807e-07	-1.137814289905288872e-07	-1.260409391266931927e-04	-2.557274578373167100e-05	-1.789097434098385619e-04	-3.553243540954235551e-07	1.116050162069907132e-03	-1.354229763542331988e-04	-2.816559683232894035e-04	1.540646954201996776e-04	-1.071970585776630944e-06	-8.935416968357774779e-05	-4.236038790330881978e-05	4.552966525340272596e-07	9.961747134317618656e-07	2.535141791532503528e-07	-8.084564949216823466e-08	-4.720250899140075761e-05	8.230487691457459776e-07	-1.685968978824700583e-04	1.063822074412373873e-06	-1.306395861863071705e-04	1.710782907383488326e-04	-2.782993404382045634e-04	-1.355598725381895893e-04	1.171058009388375055e-03	1.265149114285146531e-04	-1.115083812488750110e-03	1.811197431989509878e-04	-2.739338105431377837e-04	2.736680841808335240e-05	-1.299920711489351574e-04	-3.631726645835218831e-06	1.524543614165786861e-04	-6.219202947694997409e-07	4.799398806386896298e-05	-5.721473502786622132e-07	2.590846205094356546e-06	-4.574647376739702983e-05	4.264689367960275410e-06	1.275038189791188710e-06	9.671120528824148706e-05
2.845013092226955642e-02	-8.609339458107222003e-05	-6.840008210792168078e-05	-1.416606410984336435e-02	-3.444896445870882559e-05	-3.759665584656046781e-05	1.394790934823386848e-02	-3.010249390068276329e-05	-9.095344837707053354e-05	9.330307963243450223e-07	1.215515009138338448e-06	5.525265321215220725e-05	1.227897578505083238e-06	3.224378901366625429e-05	-2.398100044339730551e-05	7.155615496278003235e-07	-7.027024355736323198e-05	1.009694242853471582e-06	1.495047627301533305e-06	2.681661919233940884e-05	9.459600935347263953e-07	3.659690167817950890e-05	3.437963472106654920e-05	9.930430805192962389e-09	-1.394453525539154047e-02	5.989077222732317466e-05	4.250442917462556448e-05	-2.967829902765107414e-04	1.810224726198619909e-05	-1.502497843920330006e-02	-3.120918877009244696e-02	1.186809982212666276e-04	-5.001990410314624070e-05	1.346846045851735270e-06	1.474477150930626990e-06	1.564713463542792278e-05	4.455118378931217737e-07	5.827738427618949369e-05	7.086206627321058968e-06	-9.537474258814567404e-08	-3.143328339857440559e-05	4.806154487473929423e-05	4.105726117617874396e-05	-1.480616709677783777e-02	5.305817853756676248e-05	-3.129394130454334066e-02	-1.502363168587740258e-02	1.265149114285146531e-04	1.416985641166109908e-02	-2.778975883096614297e-05	2.811059507088715177e-05	-3.122205922859293617e-02	1.172653820837274700e-05	-1.480463431968224997e-02	-2.196352299656883448e-04	3.840424355789762558e-05	-2.531625475235021631e-05	8.429645082549994740e-08	-2.063132863770873762e-07	1.239319204266105018e-04	8.606338730359253853e-08	1.246386252150034348e-04	5.674024792053372764e-05	1.440829320603780159e-07
-5.105247047166691952e-05	-1.220741329252550964e-04	-1.051466917508075407e-03	2.849295799396701958e-05	-2.147224501064840213e-04	4.970804674464471922e-07	-2.398066281701998650e-05	4.533663396608839417e-05	9.084656291347304446e-07	9.098180198742222721e-07	-7.103907998356898471e-05	7.024327144504806249e-07	-1.594404261470175809e-04	2.315722179277507266e-06	3.447920966433629713e-06	8.266630433263668504e-05	1.744548579560725244e-07	-7.410392963645562998e-05	-1.543143417434715342e-04	2.302644688652498798e-06	-7.116727835422391197e-05	1.480835089330089577e-06	1.527062338960786218e-06	2.122500139903191425e-06	2.613085517243476379e-05	-1.453039717555146870e-05	-1.929254757668769993e-04	9.783502622056318790e-07	-1.096639563341940968e-03	3.201838582563088843e-05	6.192630002908030499e-05	1.525309736580745537e-04	4.323819552654594067e-08	-1.594988246617633524e-04	-7.346357554075405051e-05	3.642747064316897388e-06	4.006028834863098242e-06	1.443146053851948999e-06	7.060502863847043432e-07	-7.797677381254328492e-05	2.056924947156894560e-07	-1.901378246953309048e-04	-3.927434449006101308e-05	2.744449224495728256e-05	1.081653243772675243e-04	5.993147153302708086e-05	3.082521187609352383e-05	-1.115083812488750110e-03	-2.778975883096614297e-05	1.111438864425978897e-03	1.103717656466317521e-04	5.501030709750189814e-05	-7.009686969377409722e-05	2.606373160999212609e-05	4.689233793910978969e-07	2.531060059763279519e-04	6.952510715280490239e-08	7.883631167381256093e-05	2.086668232887567102e-06	-7.297102164897670267e-07	-8.090904329776793925e-05	5.194159127836066658e-07	1.305528323441962492e-07	1.799985581958078609e-04
7.489574261192681994e-05	-9.400099367916548224e-03	1.940841656802011603e-04	-1.619324919246112808e-06	3.474393610450482797e-03	5.702492066010964684e-06	3.438352629691610854e-05	-6.340259549927266050e-03	2.425929974925583636e-07	2.789440401006821246e-05	-7.277658300759018493e-05	2.831379391812679833e-07	-1.706312357984517006e-04	1.209014775463682890e-06	1.527099719159109735e-06	9.567940152708994143e-05	-1.177157065596705470e-07	-3.930297699569582244e-05	-1.337593312507674346e-04	1.553864557897588247e-06	-7.713871773904505604e-05	8.933299072764477837e-07	8.900041026380443025e-07	-2.503440595245519293e-06	-4.101243928944313909e-05	6.329014491775721701e-03	3.439922686880398685e-03	-1.932782162696583116e-05	-1.936276112833365385e-04	-2.845768922276160497e-05	-8.145411366434934558e-05	1.045371672964352447e-02	-2.972988262695328437e-08	-1.139091974397289100e-04	-6.129666726231062189e-05	2.155820422199845922e-06	-2.007999728811554920e-05	1.050989072473230464e-06	6.681820456804224120e-07	-5.837276637060029750e-05	-1.832630934030786237e-05	3.471655846698126682e-03	6.296118600500773960e-03	-4.745920689868883579e-05	9.788087478923205784e-03	-8.475636952633638249e-05	-6.225891555052777881e-05	1.811197431989509878e-04	2.811059507088715177e-05	1.103717656466317521e-04	9.952316240278051909e-03	-8.107199500721203695e-05	6.307173689089541624e-03	-4.333592874394616732e-05	-1.151035027137759508e-05	-3.499772275855583988e-03	-1.010632493183553080e-07	5.268705821275283395e-05	-4.556250984907341662e-05	-3.344515426446073350e-07	-1.144116459503148972e-04	1.543363741933975998e-07	-3.179167016609013493e-07	1.574022819698510140e-04
-6.339980846404603965e-02	2.101366497883200833e-04	1.603928738698702158e-04	3.121983301691398649e-02	4.811778262292728018e-05	-4.543457032436578339e-07	-3.120918881121729355e-02	9.063997705092651761e-05	2.098032687075021010e-04	-1.703001181822342346e-06	-2.224653772483362399e-06	-1.524375449397314189e-04	-1.857391886282529954e-06	-1.289167188885213811e-04	6.192712314128507017e-05	-7.497217577928948763e-07	1.529929410548782980e-04	-1.747468033752667735e-06	-1.861236011433616856e-06	-1.168792659764690973e-04	-1.294125270946735504e-06	-1.104823883134266105e-04	-8.144557307826594370e-05	4.054249679307635885e-07	3.120692871374620980e-02	-1.564605176081734750e-04	-1.253114701883383442e-04	5.818966126423889005e-04	-3.260444618689467046e-05	3.312747354377681974e-02	6.957245677082507518e-02	-2.819525485311029996e-04	5.605705305881331980e-05	-1.706929773852435346e-06	-1.566468274672844072e-06	-4.003723248962224283e-05	-4.449628195438688347e-07	-1.355166456445709776e-04	-4.552943816421774231e-05	7.980096126356308405e-07	-5.930447604519749051e-07	-1.371421222334087611e-04	-1.141824443048637460e-04	3.311593694066924942e-02	-1.352551170658128051e-04	6.973368920363509638e-02	3.312797421428469169e-02	-2.739338105431377837e-04	-3.122205922859293617e-02	5.501030709750189814e-05	-8.107199500721203695e-05	6.957547199763421120e-02	-4.918004274103065159e-05	3.311649184884547792e-02	5.813764302360710382e-04	-5.412999907335400433e-05	8.666729368568903773e-05	-3.532528211399438513e-07	3.528566006187588378e-07	-2.817415690182605275e-04	3.722149855785701956e-07	-2.816549180831413542e-04	-6.302659285447138264e-05	-1.015611706404541633e-06
3.010645691029522936e-05	-6.067241348111234410e-03	2.599729339107493230e-05	3.016460468264636813e-06	6.089977362252752859e-03	-1.087641897151128863e-05	7.088458423868766579e-06	-6.008619509436097239e-03	1.138629159222396010e-08	1.374220974400950550e-05	-5.734248694710563819e-05	1.546555604758782743e-07	-1.360472884347882407e-04	8.351224480002272853e-07	7.061094447225386480e-07	7.376728854249163091e-05	6.739029417935492956e-08	-4.298530246258571455e-05	-1.160804119521242005e-04	1.097426077559795086e-06	-7.176614950425017005e-05	7.327232169119502194e-07	6.681755448067078534e-07	-1.180388635318438353e-06	-2.073764842893932841e-05	5.985283204495966264e-03	6.329603908991158004e-03	-3.158613169263451835e-05	-1.430345970865077318e-05	-2.104930650612225215e-05	-4.553415459954607064e-05	6.574581500802936795e-03	3.794895135024448556e-07	-1.078030628953053352e-04	-5.549854819251482253e-05	1.318996318244295078e-06	-2.047914803380866596e-05	8.893318848854670028e-07	7.710319736728705323e-07	-5.258164182035955143e-05	-1.997563232346837730e-05	6.269026372458040564e-03	5.964144929546845095e-03	-4.654238961259524068e-05	6.247242758695490186e-03	-6.178976456282364300e-05	-3.966006115037910894e-05	2.736680841808335240e-05	1.172653820837274700e-05	-7.009686969377409722e-05	6.307173689089541624e-03	-4.918004274103065159e-05	5.987504377649139654e-03	-3.581658670118290680e-05	-3.504586970763519136e-06	-6.601166500989242604e-03	-2.357065645114751419e-07	3.401817146381809086e-05	-3.584768056845177739e-05	-2.701130950434126408e-07	-8.557578187289643034e-05	-8.086255348076607461e-08	-5.929175807859660020e-07	1.331711471419037124e-04
-3.018556832300607617e-02	1.048805069835779613e-04	7.692240023839984277e-05	1.480543840695780142e-02	3.246241944741942040e-06	-3.134767659732376423e-05	-1.502363171826460661e-02	5.568587899066360726e-05	1.228303005434523904e-04	-1.078449904443815507e-06	-1.063913677736960645e-06	-9.101217897694795602e-05	-4.699459290705268339e-08	-7.582675923399555371e-05	3.082552846069086061e-05	-7.055366093407134818e-07	7.137644644070737562e-05	-4.318656988029842433e-07	-2.423836330628162948e-08	-7.010870924078110899e-05	-1.723623987560835849e-07	-7.053593823476102991e-05	-6.225515711898900874e-05	5.230689761873930454e-07	1.502416692595450430e-02	-8.710750939629801552e-05	-8.141323719156912141e-05	2.440674539905827230e-04	-1.629473021764887028e-05	1.571736913699716895e-02	3.312797425242963723e-02	-1.384996920854366926e-04	1.233102007152447077e-05	4.545065206530743540e-07	-1.368104974804207245e-07	-1.989981175502588280e-05	-1.875040763305197408e-07	-8.822084992582754489e-05	-3.965802529427948030e-05	1.454586804809946037e-06	-2.639750026663376022e-05	-8.621952966486776083e-05	-6.678562843830784031e-05	1.593534161455447545e-02	-6.897544111027718026e-05	3.320778831925268182e-02	1.571921367415415188e-02	-1.299920711489351574e-04	-1.480463431968224997e-02	2.606373160999212609e-05	-4.333592874394616732e-05	3.311649184884547792e-02	-3.581658670118290680e-05	1.593775487620428116e-02	3.072798044071867315e-04	-4.148648231525614983e-06	5.965696999072883763e-05	-7.762511912606239498e-07	1.615254433418616284e-07	-1.599122434923787761e-04	7.667449000002899325e-07	-1.355592451081421375e-04	-1.466737577825980912e-05	-1.760201450425955576e-06
-5.285576675671572891e-04	1.827041230735503585e-05	3.582845164299035835e-06	2.968640857518974811e-04	3.902066120889934538e-06	-1.268206642415697916e-03	-2.196352112969115339e-04	1.114422814426098396e-05	1.827060905630226525e-05	-2.281918863869470367e-07	-5.185848403634644414e-08	-9.749196258876289842e-06	3.331054298460007698e-07	5.285495837802387621e-07	4.689924994585116716e-07	-1.601931560266076811e-07	3.582889323040781622e-06	-5.185355056649254259e-08	2.019320293339180272e-07	7.830955019719356345e-07	1.122947531969097936e-07	-2.031264161330318972e-06	-1.151050048217322502e-05	1.772882404708415174e-07	2.968640676584757008e-04	-9.748580098653018090e-06	7.843229000405621937e-07	-1.389477587857782925e-03	9.361722469785453399e-07	2.434921291605947010e-04	5.813764122023093797e-04	-1.673334489100471951e-05	3.900962810644555638e-06	3.331014091997582821e-07	1.122878263587819642e-07	9.361194099847334203e-07	-6.464211001898190849e-08	-9.093348456955348396e-06	-3.505205399255811273e-06	4.538032885939542890e-07	-1.268206656640416541e-03	5.296956478508983529e-07	-2.030648531350829672e-06	2.434921400782047245e-04	-9.093165417695839943e-06	5.836474978626713002e-04	3.072797975806168774e-04	-3.631726645835218831e-06	-2.196352299656883448e-04	4.689233793910978969e-07	-1.151035027137759508e-05	5.813764302360710382e-04	-3.504586970763519136e-06	3.072798044071867315e-04	1.401081740113612742e-03	-3.589880018187593943e-06	1.114484992217175715e-05	-1.601799762527963623e-07	1.772891266648509576e-07	-1.673349369761293958e-05	4.537974012903690311e-07	-3.631687322464412770e-06	-3.588591167012687362e-06	-4.926816727867009796e-07
8.342366771181584180e-05	3.547886092866075168e-03	1.663331541990306140e-04	-4.325814039774963091e-05	-9.880193273969639298e-03	2.895694268900546152e-05	5.673931153500165329e-05	6.613642713793243567e-03	-3.014666409688462376e-07	6.481841335705050794e-06	3.491562919283055469e-05	3.369163227722200601e-07	9.065302969563516621e-05	1.295609773768104422e-07	1.304597997995527043e-07	-4.728855136398144748e-05	-1.005587987700187819e-06	3.917524862489637680e-05	8.545627786439015069e-05	-1.056449623159635240e-07	6.307657776999959912e-05	-2.706674308468405871e-07	-3.179126707437347018e-07	-7.775207272794201619e-06	-3.337271731829186063e-05	-6.574136233943850792e-03	-1.045365639050437750e-02	4.751517014390968475e-05	-1.535486075638144588e-04	-2.054434583566095622e-05	-6.302499720518665600e-05	-3.561106300021693767e-03	-6.789700245083495551e-07	8.787702565593848657e-05	4.409102815085161288e-05	-5.151912707964098618e-07	1.738289756214752804e-05	-6.071366133521027202e-07	-5.929136123398947407e-07	3.891232111341630308e-05	2.355230479034347738e-05	-1.028057200322291670e-02	-6.561460490663554787e-03	1.520593143649086795e-05	-3.535270705178429184e-03	-3.034723512049170610e-05	-1.466674692962696954e-05	1.524543614165786861e-04	3.840424355789762558e-05	2.531060059763279519e-04	-3.499772275855583988e-03	-5.412999907335400433e-05	-6.601166500989242604e-03	-4.148648231525614983e-06	-3.589880018187593943e-06	1.099255413970357323e-02	3.409959390721005913e-08	-3.801500694122820753e-06	2.337135055637164097e-05	8.908122791033366193e-07	5.331578219297576177e-05	1.275000916400315827e-06	8.311129468196132483e-07	-9.505700907971666885e-05
-6.765784647271746023e-05	6.801221422561566526e-07	7.917838726560060835e-07	3.933289875684982233e-05	2.171681004214216238e-07	1.346337559599464052e-05	-3.010042222057856116e-05	3.325650437747898621e-07	6.103097731282869365e-03	-1.135623333416976976e-05	1.403557975654837566e-05	-6.008497297251919056e-03	4.620208213982160574e-05	-6.279612354936235305e-03	4.533668319904505422e-05	-2.868993896901359802e-06	5.552620789802901601e-07	2.827335637762106981e-05	5.500877628119032906e-05	-6.339997608719939032e-03	2.671642692215021934e-05	-5.984671052692558217e-03	-6.340259514155417025e-03	3.400089897248577349e-05	1.567624251040445843e-05	-2.523234753274844621e-07	-4.732737648972420403e-07	2.478182244058230437e-05	-3.572838859500065223e-07	6.603167174949777494e-05	9.063522926344185133e-05	-4.638124558907970027e-07	-6.102400861486553113e-03	7.448479894716679363e-05	4.283208743677098464e-05	4.533500894239292681e-05	1.938175189425197522e-05	-6.279905630016937614e-03	-6.008619481819457361e-03	5.471201122592839064e-05	4.296545571801124288e-06	-2.942434402229107005e-07	-1.969853451906735428e-07	4.057569933133081756e-05	-3.522033130606867785e-07	1.032715588126049077e-04	5.568369532064619564e-05	-6.219202947694997409e-07	-2.531625475235021631e-05	6.952510715280490239e-08	-1.010632493183553080e-07	8.666729368568903773e-05	-2.357065645114751419e-07	5.965696999072883763e-05	1.114484992217175715e-05	3.409959390721005913e-08	6.032467372321853594e-03	-4.296143146158934065e-05	-8.022960668546554506e-07	-6.614576565076805276e-03	2.138580688619515054e-05	-7.324042354028676934e-07	6.613642691787113143e-03	-6.536852089632886622e-05
1.302053532424742756e-06	4.088194852415854690e-05	3.328282900854239357e-05	-2.848212746560277534e-07	3.609655171073920869e-05	-1.734256117169633544e-08	7.155145506366839819e-07	-2.866888827570161433e-06	3.860579948197317848e-07	3.208235364247275824e-04	-1.503359853706954380e-02	6.189716406293869751e-05	-3.190551817227298137e-02	1.180405755634433699e-04	8.266555976967137969e-05	1.594204560010043653e-02	3.004301547163895769e-05	-1.481461256477555055e-02	-3.160348598354021515e-02	1.333953044485618937e-04	-1.503545701975055049e-02	9.316485470009392084e-05	9.567987579183871185e-05	3.496995456541507834e-05	-1.172433972378946003e-07	2.217772486246778670e-05	9.305169233662216924e-05	-4.543223097244488230e-07	1.244270095132774337e-04	-9.756891279727568632e-07	-7.496813350023425215e-07	-3.188019691475315264e-05	7.560186698121533174e-05	-3.189767365412959910e-02	-1.481670173382117379e-02	1.201047043101148961e-04	3.783154613279741387e-04	8.757713794181516155e-05	7.376949659682296686e-05	-1.615940841574987560e-02	-2.460911801440710872e-07	7.716553640372612161e-05	5.357090267006245300e-05	-2.102233004767019823e-07	4.555974100410794278e-05	-1.036023158678848047e-06	-7.055073969377465756e-07	4.799398806386896298e-05	8.429645082549994740e-08	7.883631167381256093e-05	5.268705821275283395e-05	-3.532528211399438513e-07	3.401817146381809086e-05	-7.762511912606239498e-07	-1.601799762527963623e-07	-3.801500694122820753e-06	-4.296143146158934065e-05	1.616032401135857055e-02	2.780158758425131530e-05	1.168157734763458711e-05	-1.594168573085252144e-02	4.348468137071072727e-05	-4.729295648058620173e-05	3.521129493018734791e-02
-2.581864792672781731e-07	4.529748793644696727e-05	-1.625941637624499097e-06	-3.542943350338424936e-07	-2.594615696099430023e-05	-1.259608505345518097e-07	9.959078268501371086e-09	3.400027557258348995e-05	4.230813203497145596e-06	-1.268457089749044746e-03	4.318195727521763685e-05	8.017568926839400593e-06	8.939614042077250928e-07	1.282328800536219310e-05	2.122445899935955263e-06	3.496995218036690539e-05	-1.173076421107535234e-06	3.455884366856876633e-05	6.437210650244935939e-07	1.023583815489472474e-05	-3.406083410026276539e-05	6.104178607568479326e-06	-2.504665627225978927e-06	1.394624689548779745e-03	1.733223156199549546e-07	-2.669501060263539534e-05	-1.987479536470169859e-05	1.878664712925532793e-07	2.253654021458166568e-06	1.451541996847979256e-08	4.053714405739807250e-07	-4.903034299861420812e-05	3.412208242087573210e-06	6.514494608305256251e-07	-4.262053371904705486e-05	1.704383749710890996e-06	1.268274763386180882e-03	-2.247797655470957480e-06	-1.181004811686230501e-06	3.597893526658195419e-05	-5.131165057688158082e-10	-1.712270267312096587e-05	-2.845700723325652383e-05	4.573748484251774346e-07	-4.480729333441108898e-05	4.919672240175488477e-07	5.230545682131614152e-07	-5.721473502786622132e-07	-2.063132863770873762e-07	2.086668232887567102e-06	-4.556250984907341662e-05	3.528566006187588378e-07	-3.584768056845177739e-05	1.615254433418616284e-07	1.772891266648509576e-07	2.337135055637164097e-05	-8.022960668546554506e-07	2.780158758425131530e-05	1.396242936972674591e-03	-3.874298897451254294e-06	2.883107734783665432e-05	-1.137966017575400965e-07	-7.775044887158979591e-06	-9.419987648205858333e-07
2.578992017876201065e-04	-2.028387728525290325e-06	-2.950264065786102828e-06	-1.307041410178357422e-04	-1.339050306955418609e-06	-1.639917410178563789e-05	1.186771684118948650e-04	-4.638011617903013143e-07	-9.881497377096298135e-03	2.877864960537354947e-05	4.165633339131716653e-05	6.601390385691503424e-03	5.541286737879161177e-05	3.535381394994638327e-03	1.525309418641882366e-04	-3.187970732861668933e-05	1.649443006913319529e-04	5.060815812365026385e-06	3.304096466668534753e-05	3.499755936821720252e-03	1.860741416504699800e-05	6.561592091607428012e-03	1.045371671832907856e-02	-4.903162735903282484e-05	-9.096418885152555522e-05	7.452411304078693310e-07	4.457354035538190659e-07	-1.857048107153638018e-05	-6.124761200336285281e-07	-1.423626860686798301e-04	-2.819435900306745406e-04	2.160438665761627108e-06	3.547921716418089670e-03	-4.070982688301807532e-06	8.328710543790444161e-07	-2.541295448479320902e-04	-2.387738029751965669e-05	1.028088527743406186e-02	6.574581472212161215e-03	-3.133794307967557267e-05	8.954405258963171746e-06	3.149644672836319078e-07	5.494929441657775077e-08	-1.241584156813757404e-04	-2.778329415259104566e-08	-2.858210146532758934e-04	-1.384954663434973280e-04	2.590846205094356546e-06	1.239319204266105018e-04	-7.297102164897670267e-07	-3.344515426446073350e-07	-2.817415690182605275e-04	-2.701130950434126408e-07	-1.599122434923787761e-04	-1.673349369761293958e-05	8.908122791033366193e-07	-6.614576565076805276e-03	1.168157734763458711e-05	-3.874298897451254294e-06	1.099422082525536304e-02	2.620645467277693975e-05	1.540647606706618562e-04	-3.561106257073014432e-03	-2.741662712435764519e-05
-8.943392785897897043e-07	1.740326810599088171e-05	-3.224219465317467619e-05	-6.301970468455437539e-07	-8.177871481855614189e-05	1.131526324194587583e-08	-9.527743080084319329e-08	5.470962799229214796e-05	-3.457109269798157921e-05	-3.783810576889698202e-04	1.481772605528932849e-02	-4.023320137663164385e-05	3.190042193000182380e-02	-1.096104807611480980e-04	-7.797601734787446633e-05	-1.615940840537293671e-02	-3.246282131549920119e-05	1.503634000962084279e-02	3.160612273710372566e-02	-1.262375829404508928e-04	1.481616887673664271e-02	-7.166524253144891622e-05	-5.837342128385803700e-05	3.597895400751175560e-05	3.185390726837322619e-07	-7.325041271895917907e-05	-1.391438278918348591e-04	9.772598202757141869e-07	-1.215499960563886934e-04	8.872911020052493546e-07	7.978664379719299962e-07	-3.133714438156795523e-05	-6.760446859192212636e-05	3.190807153426571119e-02	1.503518735342815327e-02	-1.248223618552795917e-04	-3.206942858594954201e-04	-5.145290502817434562e-05	-5.258378025881000381e-05	1.594458797712560230e-02	5.105078531518802375e-07	-1.237344525167464234e-04	-1.045718207573315773e-04	1.047886609911151412e-06	-1.060013258526772151e-04	1.496493878548147010e-06	1.454515793196523307e-06	-4.574647376739702983e-05	8.606338730359253853e-08	-8.090904329776793925e-05	-1.144116459503148972e-04	3.722149855785701956e-07	-8.557578187289643034e-05	7.667449000002899325e-07	4.537974012903690311e-07	5.331578219297576177e-05	2.138580688619515054e-05	-1.594168573085252144e-02	2.883107734783665432e-05	2.620645467277693975e-05	1.616294511373668127e-02	-4.720186922321541591e-05	3.891642348442049580e-05	-3.521414219628188347e-02
2.531851374222975634e-04	-2.123333489022329376e-06	-3.651065308593669738e-06	-1.260405084864390775e-04	-1.071945417289489774e-06	8.230322720692559167e-07	1.265143660200430660e-04	-6.219053807672832712e-07	-1.331468001537763825e-04	1.195447730758863539e-06	-4.084894556124303230e-05	-2.557272587787070130e-05	-8.935286944978775426e-05	-1.685969193753440536e-04	-1.115083799701648871e-03	4.799341600769106329e-05	1.098399742213732868e-03	-4.638870089807225772e-05	-9.359912196386021774e-05	-1.789097630161748105e-04	-4.235977204581836751e-05	1.063838678068216431e-06	1.811197985142858741e-04	-5.721714995111871951e-07	-1.262413146482076621e-04	1.652975221698437849e-06	1.820861246167214502e-06	-3.553555912350905215e-07	4.553083120387596288e-07	-1.306391090406757338e-04	-2.739327430739423898e-04	2.590774323012732562e-06	-1.318833747852004169e-04	-9.236304979298735668e-05	-4.511245682930112408e-05	1.116050154031465475e-03	9.960863380913167941e-07	1.710783487936866863e-04	2.736682366449259005e-05	-4.574575964454976815e-05	1.962473394101799066e-06	1.963970395149807551e-06	9.461020802103501069e-07	-1.354224089719302201e-04	2.534512181831860760e-07	-2.782982696497183096e-04	-1.299916140820495699e-04	4.264689367960275410e-06	1.246386252150034348e-04	5.194159127836066658e-07	1.543363741933975998e-07	-2.816549180831413542e-04	-8.086255348076607461e-08	-1.355592451081421375e-04	-3.631687322464412770e-06	1.275000916400315827e-06	-7.324042354028676934e-07	4.348468137071072727e-05	-1.137966017575400965e-07	1.540647606706618562e-04	-4.720186922321541591e-05	1.171058001668883342e-03	1.524543868448302586e-04	9.670973298298634409e-05
8.342512188816920331e-05	-3.014460894080094081e-07	-1.005622867773991601e-06	-3.337328231501962214e-05	-6.789763622344961952e-07	2.355135072707851236e-05	3.840500402810205277e-05	3.408634174847158253e-08	3.547886054110463601e-03	6.481594997543203368e-06	3.917940663569873113e-05	-6.574136193386079241e-03	8.788559042360118059e-05	-1.028057196314099454e-02	2.531060824301965785e-04	-3.805655833302338694e-06	1.663331003942819801e-04	3.491945701243789858e-05	8.546501222713089746e-05	-1.045365635691797995e-02	4.409513928700622206e-05	-6.561460468557290052e-03	-3.499772235726205001e-03	2.337152158971569715e-05	-4.325871744401112650e-05	3.369412441524909290e-07	-1.055863505479419631e-07	4.751386085683344691e-05	-5.151241402710584369e-07	1.520496056869446644e-05	-5.413156912096596488e-05	8.908064152687977393e-07	-9.880193314346204236e-03	9.066158639004062822e-05	6.308045094623299077e-05	-1.535485285994680311e-04	1.738296831542356877e-05	-3.535270650789386869e-03	-6.601166491873770338e-03	5.332023758558496532e-05	2.895599058013845385e-05	1.296365535883934001e-07	-2.706524641277122888e-07	-2.054513780931696763e-05	-6.071381160436158083e-07	-3.034881066101575428e-05	-4.149237993808993632e-06	1.275038189791188710e-06	5.674024792053372764e-05	1.305528323441962492e-07	-3.179167016609013493e-07	-6.302659285447138264e-05	-5.929175807859660020e-07	-1.466737577825980912e-05	-3.588591167012687362e-06	8.311129468196132483e-07	6.613642691787113143e-03	-4.729295648058620173e-05	-7.775044887158979591e-06	-3.561106257073014432e-03	3.891642348442049580e-05	1.524543868448302586e-04	1.099255416049029106e-02	-9.506669642574601148e-05
2.073886923898183843e-06	4.896340711858550570e-05	6.434654225237186696e-05	-1.230318785545183712e-07	1.569541444861741663e-04	-5.939604770675216973e-07	1.439468657801214457e-07	-6.536352534227435232e-05	4.896075117332993748e-05	7.721583776698013593e-04	-3.274249805312133554e-02	1.069294407648680638e-04	-7.022409776364380019e-02	2.506565498994783089e-04	1.799969765704332464e-04	3.521129496666694503e-02	6.434524959226983385e-05	-3.274249811690327361e-02	-6.958656640817467709e-02	2.856125688103182121e-04	-3.274315710257357653e-02	1.755256217426390329e-04	1.574037159904668093e-04	-9.420107140041006439e-07	-1.229365386684461114e-07	1.069245096829247121e-04	2.856034005338034401e-04	-1.774161755580149555e-06	2.665320187027815538e-04	-1.864878791140410920e-06	-1.015465858486887968e-06	-2.741798486581823081e-05	1.569614355552370903e-04	-7.022409778953367376e-02	-3.274315704208659306e-02	2.665335294520839045e-04	7.723204714578144709e-04	1.415759757408327621e-04	1.331761612177735470e-04	-3.521414225334203174e-02	-5.938520497095609377e-07	2.506490115082108121e-04	1.755206764038831808e-04	-1.864965056062229409e-06	1.415733086675595377e-04	-2.642034427532241960e-06	-1.760116519341677831e-06	9.671120528824148706e-05	1.440829320603780159e-07	1.799985581958078609e-04	1.574022819698510140e-04	-1.015611706404541633e-06	1.331711471419037124e-04	-1.760201450425955576e-06	-4.926816727867009796e-07	-9.505700907971666885e-05	-6.536852089632886622e-05	3.521129493018734791e-02	-9.419987648205858333e-07	-2.741662712435764519e-05	-3.521414219628188347e-02	9.670973298298634409e-05	-9.506669642574601148e-05	7.751671173650684366e-02
