4.771425699183390323e-02	-2.348134236385581233e-03	3.433331119500932990e-03	-2.265502167763460903e-02	4.319386879205784277e-03	2.482087199785581560e-05	2.280163424981170028e-02	-2.298656813822675098e-03	-2.348136659486378501e-03	-3.070505952554557758e-04	-1.249012895131191040e-03	7.709002259724305819e-04	-2.635786209380157027e-05	-7.916449905007697137e-04	-5.173403571171810399e-03	4.868826353562025503e-04	3.433332947908466874e-03	-1.249016300685197155e-03	-3.108975402343390308e-03	-4.491492842743539590e-03	-3.283992230168654978e-04	-1.274040051817211701e-03	1.040450020870416778e-04	-3.325312529929609498e-04	-2.265501753642737426e-02	7.709000424900604425e-04	-4.491491965320722896e-03	1.045443127022361229e-03	-1.301393877653562667e-02	-1.995763054134735287e-02	-4.612079008928653134e-02	6.486691567796263290e-03	4.319389632139826463e-03	-2.636832094914064907e-05	-3.284036694747002926e-04	-1.301393880283529224e-02	1.230190179511983170e-04	-4.093558166332727719e-03	2.752983048447977263e-04	-6.884102654722922378e-04	2.482384946479323460e-05	-7.916406617191309092e-04	-1.274039418216883464e-03	-1.995763464755487965e-02	-4.093562490300297133e-03	-4.107608981558333316e-02	-2.005932968542834677e-02	5.488238736051599329e-03	2.280163825823731255e-02	-5.173397097293689316e-03	1.040446020838865131e-04	-4.612079999518826912e-02	2.752956894347678468e-04	-2.005933398508580670e-02	1.044134499305104154e-03	-4.256800874055478639e-04	-2.298659775920696823e-03	4.868871516404398719e-04	-3.325283982405043874e-04	6.486692668448154966e-03	-6.884069361767686159e-04	5.488232053363225303e-03	-4.256853721812207665e-04	2.794329373494021645e-03
-2.348134236385581233e-03	1.062837279323325043e-02	6.012947332067274109e-03	2.172460591629719363e-03	-4.624779225316685534e-04	8.973474325048558763e-04	-1.037883342462775013e-03	5.202572368298500997e-03	9.027194685209189622e-04	-4.673626230856204006e-04	4.473916577545472258e-04	-6.490165756310058414e-04	1.212841623923343205e-03	-2.205860646936213827e-04	8.798111510512632771e-04	-1.726406592044983125e-03	1.322924240266404924e-03	2.524599146849959910e-03	2.491827912412133538e-03	-9.627845187987099955e-04	5.024744918650785475e-04	-1.573323094826226793e-04	4.145093749007494133e-04	6.564837580563525222e-04	1.096559972683144521e-03	-5.114964087216117630e-03	-4.829259663927544695e-03	-4.047497564606795072e-04	-3.068881627437188876e-03	2.837341636414140631e-04	3.299778762994808132e-03	-5.964846868323060367e-03	-5.439828464745764645e-05	4.820039209410678822e-03	-1.187017307385564304e-04	5.178456044478591284e-04	-9.479668233371098176e-04	1.276528090836186690e-04	-1.559123991104311129e-04	2.705568484012845637e-03	-2.160536859456594987e-04	-2.547802462634829370e-04	-3.834317782180691157e-03	2.530311089860539080e-03	-7.396923195311442059e-03	5.850556366046120310e-03	3.128599088130369892e-03	3.507176665075125918e-03	-2.139191945126990915e-03	6.380982093332962339e-03	-3.602221668337866455e-03	4.710506278789562337e-03	-3.939736376340118029e-03	3.089370392371964050e-03	5.251145571729554790e-04	5.137411031845144291e-03	4.783229896160269209e-04	-2.297343007291085138e-03	5.690671747422598650e-04	-6.978899945457111252e-04	2.233505430696353360e-03	-5.674446291103601167e-04	7.712756298607285465e-04	-4.403431289566763114e-03
3.433331119500932990e-03	6.012947332067274109e-03	1.403106424453962747e-02	-8.175868674185554153e-04	5.865483525694503014e-03	2.210179634195496244e-04	1.404187039351455137e-03	8.624201255572897711e-05	1.322924722184362287e-03	-3.017647847786853344e-04	2.272666507287314161e-03	-1.047162420629195673e-03	4.833320419506759516e-03	-1.368972016985908757e-03	-2.591353611904789658e-04	-3.086245861482215039e-03	3.501977274943363083e-03	5.965620736892229131e-03	9.102843070098825401e-03	-1.792551732125917917e-03	3.113458230531961513e-03	-5.111286779690423594e-04	6.277266615765235988e-04	9.099709226865686056e-04	-6.182311806431060614e-04	-1.016373014645980712e-03	-6.152703222616044340e-03	4.775448452844577654e-04	-9.322010358516770456e-03	1.577974985015718080e-03	3.992194288870269409e-04	3.853239041454165677e-03	7.682038356698090310e-04	1.395815811333080136e-02	5.613777488721069173e-03	-6.319798925809481330e-04	-1.558942176034740126e-04	1.970059004164325105e-04	1.953648691894419736e-04	5.862959019107372854e-03	3.348041499821287825e-04	3.164673045362843481e-03	-2.191969204035187473e-05	1.329677757958174769e-03	-3.267755566641294442e-03	5.903948656447023484e-03	2.284115548659296138e-03	7.738149706044339035e-03	1.342835306436843471e-03	9.471470766626396975e-03	6.151143294321575333e-03	3.344570882159392461e-04	8.656724277258143500e-04	2.283897625311194328e-03	1.323099397309702389e-03	4.127795541486465117e-03	2.933553650372853648e-04	-6.725579703920403496e-03	-1.065141231668492033e-03	-1.033911171900071205e-03	3.764392291391070212e-03	-2.497082411986901486e-03	-4.213938514363634123e-04	-1.073149019687541506e-02
-2.265502167763460903e-02	2.172460591629719363e-03	-8.175868674185554153e-04	1.318445022614771547e-02	-2.007109177132068972e-03	1.342746475562927927e-03	-1.008497792257914173e-02	1.533878824602482021e-03	1.096561920809083733e-03	3.173115754424113031e-04	2.214358950735861550e-04	1.426981948464387559e-04	-7.120653045061663827e-04	1.365877976017087613e-03	2.985870945702534356e-03	5.122925650371664363e-05	-6.182317306608006453e-04	8.572662823711748106e-04	1.068854375621322399e-03	3.068601646432150658e-03	-1.445572777137075858e-05	1.367775407493445131e-03	8.723573944820880912e-04	2.291475331773262032e-04	1.109065258326620909e-02	-7.498459374317494822e-04	1.634503259173930405e-03	-1.483083147170535365e-03	6.109145148843210180e-03	8.343979551068792661e-03	2.208500141051387283e-02	-3.141547183482678446e-03	3.333621767774764167e-04	-4.208574728954108312e-04	-2.998246072662554709e-05	5.433615838037126819e-03	5.158510585271234601e-05	2.212643473981999731e-03	9.764203971031819133e-04	6.425887809526589940e-05	4.935697773585398605e-04	2.522649077127359042e-04	5.821421367320684954e-04	9.843453815491141901e-03	2.476518008124623839e-03	2.089371014517164837e-02	1.110729822970389809e-02	-2.204645703592291069e-03	-9.868047831686831833e-03	3.253508612072685512e-03	2.546048129402157041e-04	2.353194647330167366e-02	4.450221516963346886e-05	1.097845000182657432e-02	5.924432516274995503e-04	7.876727714887740185e-04	-8.636707576885118971e-05	9.728468441186290290e-05	-6.094463150746378538e-05	-2.235071978183527167e-03	-4.722938254016287047e-04	-1.934246114361251080e-03	-1.026963707241356502e-03	-5.038301679821975210e-04
4.319386879205784277e-03	-4.624779225316685534e-04	5.865483525694503014e-03	-2.007109177132068972e-03	1.047106015296284630e-02	-4.268080024020826395e-04	2.366242681376127567e-03	-5.106136735445146457e-03	-5.439816975643154415e-05	1.356524578201597072e-04	1.200982009721109512e-03	-4.202139080746838170e-04	9.333360261884915843e-04	-9.634344851209271452e-04	-1.544383075055990586e-03	-4.211770667826636103e-04	7.682035609886118640e-04	1.775602285967379373e-03	2.970353559426256417e-03	-6.927624127930362766e-04	1.495006609928161475e-03	-5.562818360689771209e-04	-7.489027290076285355e-04	-4.300267573242881527e-04	3.333646065200091858e-04	3.886937262649987727e-03	3.677249651364578216e-03	-6.519685151778829412e-04	-6.150842436709326802e-03	-4.032037313518074383e-04	-2.297376850812317579e-03	5.030454460660016384e-03	4.142087928329944626e-04	4.510683395546579572e-03	2.353761909090454178e-03	-8.117129180128439345e-04	8.453126026881927282e-04	-1.240807574842768188e-04	2.186772635997907382e-05	-3.324729555148458462e-04	9.410649705617062273e-04	7.381214628379557247e-03	3.876333426702492820e-03	-2.104238157134080949e-03	3.002732573341270329e-04	-1.080959694992579805e-03	-4.184635621650935507e-04	3.579372246836228476e-03	2.488113465180197877e-03	3.178964293877167228e-03	4.876717712849202441e-03	-3.931789258298685162e-03	5.079221530559709097e-03	-1.563850159108322313e-03	6.365742145855426883e-04	-5.796080699424333016e-03	-3.253867681335685023e-05	-2.719444195448612704e-03	-6.677496519662605261e-04	-6.222207558468228908e-04	4.590421768033947874e-04	-1.211837460290837026e-03	-7.268273591393488876e-04	-2.171175441108601917e-03
2.482087199785581560e-05	8.973474325048558763e-04	2.210179634195496244e-04	1.342746475562927927e-03	-4.268080024020826395e-04	2.334561844784458721e-03	1.385172365588619326e-03	7.657948145933992246e-04	-2.160536294915817580e-04	-2.197716893145574809e-05	-9.616497014895376220e-05	3.560971697023043898e-04	1.809972583996153055e-04	1.510077026508632606e-04	-5.506483430892021531e-05	-3.609886026742124224e-04	3.348034368833324075e-04	2.027761906357250857e-04	1.833183408926616150e-04	5.052038302292208424e-04	2.813041448523819496e-04	6.764692560728346668e-04	6.638274218004094592e-04	-1.806525608017506908e-04	4.935712045809888086e-04	-5.459403903437783177e-04	-6.895544262399766824e-04	-5.124850643675167049e-06	2.108699517377657492e-04	-1.454437478032265512e-03	-6.939592597498913697e-04	-7.536463379774018846e-04	9.410632432454543901e-04	2.166301668744229894e-04	1.087782913443889295e-05	5.022995854230119300e-05	-5.143286014720633437e-06	9.890550463869506731e-04	4.674484677953220924e-04	1.813748903093323223e-04	1.240341621108395458e-03	-1.171290426722098156e-03	-8.055043577875613692e-04	-5.527249599230920664e-04	-1.780769679996292861e-04	-3.031635290431112983e-05	5.485816458863332660e-04	-3.821897811796760229e-04	5.559309490460203175e-04	-1.471154962101105343e-04	-6.792645064641212455e-04	6.152510078788198111e-04	-4.871680685605380605e-04	1.429099447375536871e-03	4.027712922101947177e-05	6.774072096086909602e-04	-7.500629537843894832e-04	-5.951098543201045114e-05	-1.876283511881108050e-04	6.407783091920743381e-04	-1.428305222531830684e-04	-2.759066579441737227e-04	-6.053754056701990491e-04	-2.087394193930640818e-04
2.280163424981170028e-02	-1.037883342462775013e-03	1.404187039351455137e-03	-1.008497792257914173e-02	2.366242681376127567e-03	1.385172365588619326e-03	1.333698400326402411e-02	-1.058108569243684186e-03	-2.139195066694155392e-03	6.494512895914083346e-06	-1.649445735744360056e-04	9.040674575977411011e-04	9.404048346854622853e-04	-5.528785350937764995e-04	-3.298785163737540712e-03	-2.673332025146255898e-04	1.342832802967225013e-03	-1.256183472114019120e-04	-5.489619043657906336e-04	-1.360386260200270505e-03	7.477612133143714821e-04	5.439736260585546117e-04	1.297791737824858464e-03	-3.977603965279865933e-04	-9.868043506632485917e-03	-2.085131264129393754e-04	-2.212010379489194774e-03	-5.851651836995857203e-04	-5.680054816503573439e-03	-1.105250533040795340e-02	-2.368658684795723474e-02	2.282579108238164383e-03	2.488113162109356017e-03	7.250161484713637692e-04	1.647823442683030561e-04	-5.273450613946209682e-03	1.594880443825618906e-04	7.279115468029478953e-04	1.388846721140034194e-03	-4.447753271193225248e-05	5.559325025951769323e-04	-2.018689007495323533e-03	-1.153089557752972217e-03	-1.117122195978351509e-02	-1.629700520191841411e-03	-2.111294598671809714e-02	-9.940465458909159696e-03	1.113496924025040354e-03	1.130996606244097889e-02	-3.732302403289487584e-03	-5.812481656976108265e-04	-2.235045503859636740e-02	3.068675643449199179e-04	-8.497770948716251369e-03	1.511012877881624545e-03	-7.838473151487683607e-04	-1.983783403699080922e-03	1.817937503686302403e-04	-1.321182831418877819e-04	4.015903310823852254e-03	-5.294648031883295643e-05	1.104146962266717340e-03	-1.380699053770204424e-03	6.522318020590386206e-04
-2.298656813822675098e-03	5.202572368298500997e-03	8.624201255572897711e-05	1.533878824602482021e-03	-5.106136735445146457e-03	7.657948145933992246e-04	-1.058108569243684186e-03	5.223184809052986571e-03	4.783230420695395915e-04	-5.116655894372046810e-04	-4.731724975271864439e-04	-8.206342450666769569e-05	1.912669940217936635e-04	4.259431117857212208e-04	9.301334349104662357e-04	-8.070299153611769534e-04	2.933556203890697869e-04	2.736198956368434006e-04	-2.004881880670537605e-04	-7.498347074690185122e-05	-2.669201110619420043e-04	2.462342534293059299e-04	4.492715415530448148e-04	5.631569620723106927e-04	-8.636891015494190243e-05	-4.240627950670912069e-03	-4.271337221752933774e-03	1.235106820387031450e-04	1.087746536355539955e-03	-7.180455060209719239e-05	1.644242178683295559e-03	-5.355210562959419537e-03	-3.253871359649976769e-05	2.549038870766992689e-04	-9.617098421646193360e-04	3.645963307761449358e-04	-4.053664547780365672e-04	-2.609334275802925398e-05	-5.497957815193695274e-05	1.316631162797092611e-03	-7.500632748187541568e-04	-3.966816666364449476e-03	-4.073815667243184044e-03	1.710955214728958470e-03	-4.039459302146422050e-03	2.354888586842411764e-03	1.012517740848566626e-03	-2.706972147735332124e-06	-1.983781492009329545e-03	1.198237877622680692e-03	-4.259630449219187383e-03	3.234436850794962515e-03	-4.260710275237680755e-03	1.921727668574455157e-03	-1.007504073669073468e-04	5.352091778239861236e-03	2.430809047963425416e-04	-5.678250953476551513e-06	5.908603767031141412e-04	-4.619897260822448227e-05	6.056892094705465610e-04	3.318936182336932857e-04	5.501953167753516772e-04	-1.087845619397675555e-03
-2.348136659486378501e-03	9.027194685209189622e-04	1.322924722184362287e-03	1.096561920809083733e-03	-5.439816975643154415e-05	-2.160536294915817580e-04	-2.139195066694155392e-03	4.783230420695395915e-04	1.062837785950977026e-02	-4.673631599283975015e-04	2.524598282343650923e-03	-5.114967214683466094e-03	4.820038922044210528e-03	-2.547819691156772868e-04	6.380984086924827714e-03	-2.297342488049203008e-03	6.012954310293354421e-03	4.473922574574276255e-04	2.491828520703691721e-03	-4.829263225525307936e-03	-1.187024801161356126e-04	-3.834318323435201986e-03	-3.602219765124033829e-03	5.690680406373719875e-04	2.172461711524742867e-03	-6.490171715033699875e-04	-9.627860202332547222e-04	-4.047497300579950522e-04	5.178445749498011451e-04	2.530312777624450782e-03	4.710511286877857098e-03	-6.978891284625890219e-04	-4.624761376151219567e-04	1.212843309660856326e-03	5.024748493135381593e-04	-3.068882966099672691e-03	-9.479682989279010832e-04	-7.396923078069447301e-03	-3.939735687854856172e-03	2.233507102534491341e-03	8.973473484641604665e-04	-2.205876272001455328e-04	-1.573336354001093787e-04	2.837367053511059009e-04	1.276513859254676370e-04	5.850563023724125560e-03	3.089373062365714448e-03	-5.674422232700637118e-04	-1.037885436969054583e-03	8.798118844021567434e-04	4.145092138426653347e-04	3.299782826332414189e-03	-1.559132088543608988e-04	3.128600911192412366e-03	5.251135794211679586e-04	7.712780054749182861e-04	5.202574124091723616e-03	-1.726407868752066928e-03	6.564829050345389640e-04	-5.964849385222131470e-03	2.705569380310422593e-03	3.507175816283277479e-03	5.137411812634631175e-03	-4.403432068240342723e-03
-3.070505952554557758e-04	-4.673626230856204006e-04	-3.017647847786853344e-04	3.173115754424113031e-04	1.356524578201597072e-04	-2.197716893145574809e-05	6.494512895914083346e-06	-5.116655894372046810e-04	-4.673631599283975015e-04	2.347868630596564032e-03	1.060573188569185858e-03	7.833246712491914948e-04	-6.742092484000875496e-04	9.596256556346538557e-04	9.599963874868149753e-05	1.765640176085190010e-03	-3.017658803237240278e-04	1.060574521648031737e-03	-6.596830259409468115e-05	7.860277271967623484e-04	-8.392573237458954803e-04	5.517826701356472879e-04	5.975675014366875482e-04	1.689311931764670094e-05	3.173115744634823427e-04	7.833245480646025549e-04	7.860275187316005489e-04	-2.068488529654498808e-04	4.437649871726387471e-04	1.563077828117210774e-04	2.558723589216379407e-04	6.780798828929708068e-04	1.356513275190969459e-04	-6.742075648271379871e-04	-8.392569863425475979e-04	4.437656175902304117e-04	-1.255271305444646216e-03	1.143275795475388055e-03	7.922685902201269479e-04	2.346186311834803960e-04	-2.197715940094551698e-05	9.596256209905317577e-04	5.517830512856753853e-04	1.563077706311604537e-04	1.143277064359400240e-03	9.997100914933428040e-05	2.904710017241248757e-05	-6.108626998586508977e-05	6.494643504947045396e-06	9.599902543345491647e-05	5.975676807480482296e-04	2.558720815976917441e-04	7.922693599747680521e-04	2.904688459275608670e-05	1.675035273078284768e-04	-7.562066940023286308e-04	-5.116649189943695344e-04	1.765639270023809139e-03	1.689253616309731524e-05	6.780792124145869479e-04	2.346184373978587321e-04	-6.108539685676372141e-05	-7.562054772760533426e-04	1.424392066411732036e-03
-1.249012895131191040e-03	4.473916577545472258e-04	2.272666507287314161e-03	2.214358950735861550e-04	1.200982009721109512e-03	-9.616497014895376220e-05	-1.649445735744360056e-04	-4.731724975271864439e-04	2.524598282343650923e-03	1.060573188569185858e-03	1.303545176165394129e-02	-1.031556862574661317e-03	2.363146877983401256e-02	-7.873317831879378436e-04	1.963397805281080939e-03	-1.066099154890022896e-02	5.965620751024069794e-03	1.006878375970986228e-02	2.201440179387036816e-02	-2.369870348024476908e-03	9.655326128901233970e-03	3.482846421498543696e-04	2.632887397756485722e-03	4.058618313750586223e-04	8.572639054680876967e-04	7.342314524435570504e-05	8.953215817740243837e-04	-3.732876759646141769e-04	1.827033780436182302e-03	-1.016070112169819786e-04	-2.152702944732633639e-04	-1.974921005991481758e-03	1.775602564160376658e-03	1.956603472171601632e-02	9.004703041390230839e-03	-1.314146493448660816e-03	-8.617038298820182615e-04	2.025538708524205790e-03	1.283079597494282036e-03	1.122246683734299047e-02	2.027760886526209410e-04	-1.643427402470991794e-04	9.684381610293203713e-04	-1.428341249652409495e-04	2.583763801340064822e-03	5.678165515941989861e-04	2.082225004235894615e-04	-6.089058515406873921e-03	-1.256164504756310252e-04	-1.563247214017766430e-03	7.828546273228854067e-04	-6.381737424644985364e-04	1.585034992857581662e-03	-3.294555763533262125e-04	-2.934955598566114910e-05	-3.640537556284292181e-03	2.736199289515426529e-04	-8.416953701693439052e-03	1.671538861413662813e-03	-5.415437386988459232e-04	1.182728317437858889e-02	-3.309515942947300390e-03	-4.170750693543634393e-04	-2.303192939657058153e-02
7.709002259724305819e-04	-6.490165756310058414e-04	-1.047162420629195673e-03	1.426981948464387559e-04	-4.202139080746838170e-04	3.560971697023043898e-04	9.040674575977411011e-04	-8.206342450666769569e-05	-5.114967214683466094e-03	7.833246712491914948e-04	-1.031556862574661317e-03	5.131717928233131901e-03	-2.254158851439379968e-03	5.200097160729821692e-03	-1.351521123297815539e-04	1.638564394640512015e-03	-1.016376400388768406e-03	7.342278212029164342e-05	-1.671954188692590000e-03	4.985740930143957306e-03	1.108380089938650179e-04	4.130365185890098878e-03	4.174559222603211467e-03	-7.520880274487116112e-05	-7.498464682182133089e-04	3.619575166811278858e-04	5.785284047147245439e-04	5.348291678368544523e-04	2.858938440356755071e-04	-1.081132057954969087e-04	-1.235217914235037977e-03	6.780784404504119911e-05	3.886937045945560321e-03	-2.350548420314931344e-03	-1.079250326632269323e-03	-2.609916524937231372e-04	7.361157131616780092e-04	3.882665385398916327e-03	4.055171043216022550e-03	-1.715539796705292750e-03	-5.459411844640190206e-04	-3.049536873818801608e-05	1.160146807489697044e-06	9.407631954082005307e-04	5.933901998382857260e-05	-5.803484377575748258e-04	-1.507388499459672970e-03	2.312705326685779200e-04	-2.085131931744510319e-04	-5.338174134143451989e-04	-5.194605616024506505e-04	8.829337536824122680e-05	-1.725208465856831565e-04	-3.846320643333081980e-04	-5.101800388931375689e-04	-1.597815275026880761e-04	-4.240629400596199541e-03	1.936953999753777533e-03	-3.016213226527350531e-05	5.335065224048677127e-03	-1.892705053890787617e-03	1.115229299258990985e-03	-4.392739148665763399e-03	3.312917707883427515e-03
-2.635786209380157027e-05	1.212841623923343205e-03	4.833320419506759516e-03	-7.120653045061663827e-04	9.333360261884915843e-04	1.809972583996153055e-04	9.404048346854622853e-04	1.912669940217936635e-04	4.820038922044210528e-03	-6.742092484000875496e-04	2.363146877983401256e-02	-2.254158851439379968e-03	5.262524733547225414e-02	-1.866862375608573706e-03	5.188929447501908904e-03	-2.550513247557173457e-02	1.395816311362617877e-02	1.956603412185332208e-02	4.594905537299304177e-02	-6.691871267126716857e-03	2.373888368202450513e-02	-3.828737849822484111e-04	5.785008510255906441e-03	-1.407336950279945362e-03	-4.208637146312800407e-04	-2.350548236370340015e-03	-1.259037861178087352e-03	-2.107070367168564166e-04	4.016505559567279740e-03	-1.349397325726057247e-03	-3.197623542683598712e-03	-5.649662918695130126e-03	4.510689069516490672e-03	4.131704495627842866e-02	1.971944962275896246e-02	-5.891999219674861829e-03	-6.502696915531393836e-04	1.040905152757528587e-03	1.660996159310506497e-03	2.169200745601393768e-02	2.166301889701878773e-04	-5.744206062612007557e-03	-5.324330285093065857e-04	-8.965936405745961874e-04	4.489370925211160629e-03	-3.565075604979383119e-04	-4.329611083715842121e-04	-1.447260563998255256e-02	7.250221794570148662e-04	-5.676124944674297394e-03	-3.399551947273773641e-05	-3.269959623426839899e-03	1.674499703315510298e-03	-9.542355751876003492e-04	4.101121764214094701e-05	-5.535840302508927835e-03	2.549015211745078247e-04	-2.156106790494188505e-02	1.379909901545455387e-03	3.414070598922101752e-05	2.554503957012285720e-02	-4.737118547449385535e-03	5.770616845154648419e-04	-5.130443285708964629e-02
-7.916449905007697137e-04	-2.205860646936213827e-04	-1.368972016985908757e-03	1.365877976017087613e-03	-9.634344851209271452e-04	1.510077026508632606e-04	-5.528785350937764995e-04	4.259431117857212208e-04	-2.547819691156772868e-04	9.596256556346538557e-04	-7.873317831879378436e-04	5.200097160729821692e-03	-1.866862375608573706e-03	1.133821969352882125e-02	6.250363704347791996e-03	2.284941581167122641e-03	3.164671409143375840e-03	-1.643413939298506306e-04	-3.046746518297434834e-03	5.786819089164901495e-03	-8.222655968940733142e-04	5.132234276204772003e-03	4.730624803917184672e-03	4.741526559097226229e-04	2.522655959867511053e-04	-3.049614087407525714e-05	5.398684026134419230e-04	5.663874680444109643e-04	1.199130308151574210e-03	2.540254447184954033e-03	2.267321490488066922e-03	-7.955027555037318555e-04	7.381214691171915365e-03	-5.744201226284832880e-03	-3.130341710006296838e-03	-3.629706747486411214e-03	2.483791488023924608e-04	-3.126535381325295344e-06	3.913140209787441606e-03	-2.500284142162312491e-03	-1.171292735111895827e-03	7.413121094374805009e-05	-1.915264545009789487e-04	2.684245624723529886e-03	-1.351143775454366263e-04	4.711268558287671528e-03	-3.711095622815483623e-04	5.128634624938017321e-04	-2.018692577469984907e-03	-1.239902004971392196e-04	-1.082303543870986396e-03	3.798428283523187961e-03	-5.706955001855463800e-04	2.058552518889852911e-03	-5.127628942821364560e-04	4.472524099125918052e-04	-3.966817486764439606e-03	3.046184751622796512e-03	6.719634066522086821e-04	4.966220246268575333e-03	-1.906764288587462115e-03	6.686763619684061091e-03	-3.997407722856992709e-03	4.700769321686599708e-03
-5.173403571171810399e-03	8.798111510512632771e-04	-2.591353611904789658e-04	2.985870945702534356e-03	-1.544383075055990586e-03	-5.506483430892021531e-05	-3.298785163737540712e-03	9.301334349104662357e-04	6.380984086924827714e-03	9.599963874868149753e-05	1.963397805281080939e-03	-1.351521123297815539e-04	5.188929447501908904e-03	6.250363704347791996e-03	1.497352231915779347e-02	-1.547879614129773346e-03	9.471475517660109256e-03	-1.563245209444723499e-03	1.951801527486975727e-04	-4.043505032367566282e-03	1.466039732400690587e-03	7.823545809561068681e-04	6.034821043203276135e-03	-7.777190499645786565e-04	3.253509605058480230e-03	-5.338166974596422320e-04	3.481905772229446387e-04	1.069609847200419205e-03	3.164483912219826639e-03	6.476963350776642619e-03	1.020614575816116559e-02	-1.636149143770340621e-03	3.178965645743200841e-03	-5.676121412476321446e-03	-2.160789825620863108e-03	-7.821406760245661061e-03	-2.916579994057316369e-04	-3.775207663692664237e-03	-2.817490723529518385e-04	-1.209497665326078218e-03	-1.471174879851149843e-04	-1.239896994023569608e-04	-6.642267413478657656e-05	6.244949746847246012e-03	5.018362521799868241e-04	1.472815284174579936e-02	6.025666930757974868e-03	-5.839495145938732121e-04	-3.732307418474025210e-03	1.414267729555723427e-03	-1.076747485310228090e-04	1.030988014643818146e-02	-5.529473937930523423e-04	6.465153183467757872e-03	7.839697125841477501e-04	9.758931398752460724e-04	1.198238135259322313e-03	1.833867300472932435e-03	1.443605739820836686e-03	3.647408348857169268e-03	2.057034089972294925e-03	9.931443293114603638e-03	6.696062945665996052e-03	-6.211717206313417151e-04
4.868826353562025503e-04	-1.726406592044983125e-03	-3.086245861482215039e-03	5.122925650371664363e-05	-4.211770667826636103e-04	-3.609886026742124224e-04	-2.673332025146255898e-04	-8.070299153611769534e-04	-2.297342488049203008e-03	1.765640176085190010e-03	-1.066099154890022896e-02	1.638564394640512015e-03	-2.550513247557173457e-02	2.284941581167122641e-03	-1.547879614129773346e-03	1.496798583787995081e-02	-6.725581222913673204e-03	-8.416951800743824319e-03	-2.255881509412870425e-02	3.399244594706782134e-03	-1.185956410492324323e-02	6.916693749402458508e-04	-2.282152531746343537e-03	1.646968085361208509e-03	9.728753133501700557e-05	1.936953515718714200e-03	1.653525858282578129e-03	1.465903799801158850e-04	-8.103309703158751223e-04	9.167834395874141116e-04	1.273938507592186882e-03	3.728877429181766748e-03	-2.719446757283667561e-03	-2.156106517440171608e-02	-1.122715202725255851e-02	2.463835568978389734e-03	-2.781317154681056431e-04	-4.171442880435908673e-04	-7.955165240454747846e-04	-1.092427340268831495e-02	-5.951106939734315761e-05	3.046186679568414768e-03	1.452072914597177288e-03	2.353275288363818767e-04	3.942498485254387680e-04	-3.058715688093462896e-04	3.533669315391391386e-05	6.050798442074307310e-03	1.817908432541682129e-04	1.833868159625557780e-03	1.080198724087898243e-03	9.151946678894552550e-04	3.928082148824688850e-04	5.736181963592368901e-05	1.274278726727536655e-04	1.568939789116583806e-03	-5.676587574590549702e-06	1.197587075384607888e-02	3.861692653110096072e-04	6.588854916197054530e-04	-1.140864322843312267e-02	3.340453793420854797e-03	3.007001038695145969e-05	2.671324107137923801e-02
3.433332947908466874e-03	1.322924240266404924e-03	3.501977274943363083e-03	-6.182317306608006453e-04	7.682035609886118640e-04	3.348034368833324075e-04	1.342832802967225013e-03	2.933556203890697869e-04	6.012954310293354421e-03	-3.017658803237240278e-04	5.965620751024069794e-03	-1.016376400388768406e-03	1.395816311362617877e-02	3.164671409143375840e-03	9.471475517660109256e-03	-6.725581222913673204e-03	1.403107630520782773e-02	2.272665801735798512e-03	9.102842710064239923e-03	-6.152710073160108650e-03	5.613778350508195208e-03	-2.192169447252449970e-05	6.151145808058844887e-03	-1.065141233280283463e-03	-8.175874411665696832e-04	-1.047162522640662004e-03	-1.792553562936825308e-03	4.775453593058407321e-04	-6.319827236714540414e-04	1.329679350894169467e-03	3.344611980242729048e-04	-1.033909031314668263e-03	5.865487218272305570e-03	4.833316308438811645e-03	3.113455012444708674e-03	-9.322015355068635420e-03	-1.558958211952978759e-04	-3.267757743374087587e-03	8.656723827264264535e-04	3.764391689468338069e-03	2.210180453499635208e-04	-1.368972769636986504e-03	-5.111296880767940334e-04	1.577976482368906135e-03	1.970037724217187200e-04	5.903953174502164433e-03	2.283899958108435296e-03	-2.497077988510138218e-03	1.404187610574782891e-03	-2.591354833876978892e-04	6.277262758248330259e-04	3.992185836591258166e-04	1.953637013823049840e-04	2.284114831607452455e-03	1.323098338187509012e-03	-4.213908538321723936e-04	8.624340809930733896e-05	-3.086246605624919960e-03	9.099714917797725906e-04	3.853238794683201338e-03	5.862962410720252288e-03	7.738152668206346035e-03	4.127798126975394839e-03	-1.073149185362302742e-02
-1.249016300685197155e-03	2.524599146849959910e-03	5.965620736892229131e-03	8.572662823711748106e-04	1.775602285967379373e-03	2.027761906357250857e-04	-1.256183472114019120e-04	2.736198956368434006e-04	4.473922574574276255e-04	1.060574521648031737e-03	1.006878375970986228e-02	7.342278212029164342e-05	1.956603412185332208e-02	-1.643413939298506306e-04	-1.563245209444723499e-03	-8.416951800743824319e-03	2.272665801735798512e-03	1.303544866463453994e-02	2.201439646887875384e-02	8.953207183955227706e-04	9.004702728503283585e-03	9.684378393413164456e-04	7.828547414752763970e-04	1.671537686024811894e-03	2.214374803832917945e-04	-1.031555615832820474e-03	-2.369869104833939415e-03	-3.732875195379631935e-04	-1.314147821794477622e-03	-1.428314024199584149e-04	-6.381678933063607718e-04	-5.415413772261378975e-04	1.200981038970507864e-03	2.363145880500059498e-02	9.655320711142088147e-03	1.827032412674179252e-03	-8.617041008023650734e-04	2.583762146757162710e-03	1.585034407964840651e-03	1.182727834791182792e-02	-9.616507043532128364e-05	-7.873284323575875654e-04	3.482859262400215205e-04	-1.016041998730866263e-04	2.025537929477344914e-03	5.678227045147326299e-04	-3.294526070744870235e-04	-3.309511849888867405e-03	-1.649461310788344890e-04	1.963400682654942685e-03	2.632887765053667974e-03	-2.152655598794902831e-04	1.283078640766374852e-03	2.082259893048059697e-04	-2.934864962635521250e-05	-4.170730956755693106e-04	-4.731718541509376285e-04	-1.066098631331077046e-02	4.058641071985769760e-04	-1.974920630359925083e-03	1.122246767665255676e-02	-6.089054984298297377e-03	-3.640535946061188022e-03	-2.303192399812689639e-02
-3.108975402343390308e-03	2.491827912412133538e-03	9.102843070098825401e-03	1.068854375621322399e-03	2.970353559426256417e-03	1.833183408926616150e-04	-5.489619043657906336e-04	-2.004881880670537605e-04	2.491828520703691721e-03	-6.596830259409468115e-05	2.201440179387036816e-02	-1.671954188692590000e-03	4.594905537299304177e-02	-3.046746518297434834e-03	1.951801527486975727e-04	-2.255881509412870425e-02	9.102842710064239923e-03	2.201439646887875384e-02	4.720119428385539939e-02	-3.070710075656339633e-03	2.205219712883956656e-02	1.736677912957198286e-04	3.520045321814561836e-03	1.922541605494195631e-05	1.068853471020415847e-03	-1.671951567763544809e-03	-3.070707341499042363e-03	-2.117067336952224786e-04	-2.363573278273530193e-04	5.740300257315942688e-04	1.230017440883042067e-04	-2.446426853052926283e-03	2.970353904194475599e-03	4.594904266088530032e-02	2.205219068696890466e-02	-2.363570272338454418e-04	-1.533256090046204419e-04	3.567542223377258900e-03	2.240057267712303873e-03	2.274314150195163448e-02	1.833183686030757649e-04	-3.046742910596237589e-03	1.736698179892130604e-04	5.740296861671311326e-04	3.567542035932967474e-03	2.898692306685950529e-03	7.501230839277739110e-04	-9.692604424728870627e-03	-5.489614103797938859e-04	1.951825787301377489e-04	3.520046528531169984e-03	1.230007165056166735e-04	2.240056306920565603e-03	7.501239396183298665e-04	8.794348238386368326e-05	-3.019378552789629255e-03	-2.004879610538717449e-04	-2.255881014038996907e-02	1.923016239282441471e-05	-2.446429568060392093e-03	2.274314786650591738e-02	-9.692607469440535709e-03	-3.019380814528196087e-03	-4.958065643765560693e-02
-4.491492842743539590e-03	-9.627845187987099955e-04	-1.792551732125917917e-03	3.068601646432150658e-03	-6.927624127930362766e-04	5.052038302292208424e-04	-1.360386260200270505e-03	-7.498347074690185122e-05	-4.829263225525307936e-03	7.860277271967623484e-04	-2.369870348024476908e-03	4.985740930143957306e-03	-6.691871267126716857e-03	5.786819089164901495e-03	-4.043505032367566282e-03	3.399244594706782134e-03	-6.152710073160108650e-03	8.953207183955227706e-04	-3.070710075656339633e-03	1.049150000327510844e-02	-2.345247645816456693e-03	4.922922258294003088e-03	5.562106858979650955e-05	1.174372346587394984e-03	1.634504335844715051e-03	5.785279760518009188e-04	1.180770333225880089e-03	-7.592102832069226115e-04	1.455250447741408999e-03	2.037748226700415906e-04	1.693611862533297638e-03	-4.281380263364345247e-05	3.677247614282053850e-03	-1.259036190552186496e-03	-9.525581861538653765e-04	5.918353603928911549e-03	6.055975302195440880e-04	4.685155652082295154e-03	4.243461895497751060e-03	-1.324149238271853796e-03	-6.895541320349094731e-04	5.398690105835079241e-04	4.724449723560709101e-04	6.305251082825375029e-04	8.963714371370671858e-04	-6.200148345852495458e-04	-1.537919893920607246e-03	3.141480763550069948e-04	-2.212009990490166906e-03	3.481907777299132517e-04	-1.963948921401974549e-04	3.185515578230281239e-03	7.437946940203132384e-05	4.803436588057884518e-04	-9.088504240303364517e-04	1.047300734028310497e-04	-4.271337825986152789e-03	1.653526040956218883e-03	-6.187800983322685241e-04	2.778043280899572054e-04	-4.018432023913208820e-03	-3.663720831611461202e-03	-9.078736181407597722e-03	5.032785040793551386e-03
-3.283992230168654978e-04	5.024744918650785475e-04	3.113458230531961513e-03	-1.445572777137075858e-05	1.495006609928161475e-03	2.813041448523819496e-04	7.477612133143714821e-04	-2.669201110619420043e-04	-1.187024801161356126e-04	-8.392573237458954803e-04	9.655326128901233970e-03	1.108380089938650179e-04	2.373888368202450513e-02	-8.222655968940733142e-04	1.466039732400690587e-03	-1.185956410492324323e-02	5.613778350508195208e-03	9.004702728503283585e-03	2.205219712883956656e-02	-2.345247645816456693e-03	1.307218227081778997e-02	2.592713112892361328e-04	3.531488684860702599e-03	-1.660659318548909566e-03	-2.998521170661845473e-05	-1.079249751257697551e-03	-9.525588754272886535e-04	1.029912370231605967e-04	9.186358943473759992e-04	-2.387649278218556743e-04	-1.096448825826062566e-03	-2.031173696257023223e-03	2.353763466696752460e-03	1.971944877336543819e-02	1.017901116462066428e-02	-2.417782427750847160e-03	1.022716699526402852e-03	1.267750266190161923e-03	1.446020603115520751e-03	8.592311953683054448e-03	1.087805766787764127e-05	-3.130342073613503681e-03	-4.865428297380956866e-04	3.659501405491626721e-04	1.831839804223877200e-03	7.177396171273391469e-04	2.231596982109155324e-05	-6.234935849941493531e-03	1.647851808042850115e-04	-2.160789294781294625e-03	5.451435454654014658e-04	-7.477772167017505446e-04	1.144601610338581623e-03	-5.623662702099100459e-05	1.586955467576109044e-04	-2.472859454395418856e-03	-9.617108209690685035e-04	-1.122715331029892558e-02	-4.403119271629658479e-04	1.345678143113987566e-03	1.077402108565099839e-02	-2.506805407115409931e-03	-5.241079117171269265e-04	-2.323700856671958789e-02
-1.274040051817211701e-03	-1.573323094826226793e-04	-5.111286779690423594e-04	1.367775407493445131e-03	-5.562818360689771209e-04	6.764692560728346668e-04	5.439736260585546117e-04	2.462342534293059299e-04	-3.834318323435201986e-03	5.517826701356472879e-04	3.482846421498543696e-04	4.130365185890098878e-03	-3.828737849822484111e-04	5.132234276204772003e-03	7.823545809561068681e-04	6.916693749402458508e-04	-2.192169447252449970e-05	9.684378393413164456e-04	1.736677912957198286e-04	4.922922258294003088e-03	2.592713112892361328e-04	5.012037950299057763e-03	4.904826827094766958e-03	5.693457472020220077e-04	5.821432831598981165e-04	1.159478840250389694e-06	4.724438601349258658e-04	-8.553914659533603105e-05	9.656754072189452365e-04	5.196438485379065771e-04	5.715680007931595377e-04	-5.476707746482428968e-04	3.876333147488986337e-03	-5.324324313133134076e-04	-4.865432131889340425e-04	7.441142732542571506e-04	3.017935857436429494e-04	5.075284828795005934e-03	4.157243710310253894e-03	-1.383799244607431976e-05	-8.055042399469601599e-04	-1.915263859207470148e-04	1.500287436141625633e-04	1.377282363493481047e-03	5.256995809618209914e-04	1.286653206089744678e-03	-5.965471991279137085e-04	-5.646772171778606303e-04	-1.153089344265996940e-03	-6.642309566168286402e-05	-2.042765021854665039e-04	2.124320166249519214e-03	-2.482583073284857334e-05	1.182872609674346775e-03	5.216223051413143710e-05	-1.234464133654667307e-04	-4.073816135255854329e-03	1.452072073137339932e-03	6.207717409548905389e-04	4.373221714928832334e-03	-6.679381565620429260e-04	4.910425229567244121e-05	-4.399790689135714417e-03	1.015263103521834957e-03
1.040450020870416778e-04	4.145093749007494133e-04	6.277266615765235988e-04	8.723573944820880912e-04	-7.489027290076285355e-04	6.638274218004094592e-04	1.297791737824858464e-03	4.492715415530448148e-04	-3.602219765124033829e-03	5.975675014366875482e-04	2.632887397756485722e-03	4.174559222603211467e-03	5.785008510255906441e-03	4.730624803917184672e-03	6.034821043203276135e-03	-2.282152531746343537e-03	6.151145808058844887e-03	7.828547414752763970e-04	3.520045321814561836e-03	5.562106858979650955e-05	3.531488684860702599e-03	4.904826827094766958e-03	1.050381833607250473e-02	-8.421563790347141431e-04	2.546055808845028041e-04	-5.194603139039654467e-04	-1.963958476782143303e-04	5.984740997166847687e-04	1.154188214592407214e-03	1.632144172475126064e-03	1.529125808763510258e-03	-9.790009830209351043e-04	4.876718498352741391e-03	-3.399696369193066267e-05	5.451415497610108754e-04	-4.170610159633049777e-03	4.208601458000548693e-04	5.640140574269629330e-03	4.953748696617099948e-03	6.602000862894265602e-04	-6.792643743335996607e-04	-1.082302786538869455e-03	-2.042760453364017407e-04	3.410450009102852353e-03	5.777715265819598212e-04	5.286024043387524754e-03	1.560688263685613888e-03	-1.593052934989517416e-03	-5.812476127698283819e-04	-1.076755198284053117e-04	7.022760940389133984e-05	3.196489487043662620e-03	-7.150535154563101214e-05	2.574396848973324430e-03	1.085202635957895241e-03	-1.497466839216623309e-04	-4.259630377924117708e-03	1.080198340248954324e-03	1.023551978067731988e-03	9.039545074031101954e-03	1.976313839406943201e-03	3.861229388536184873e-03	-1.782033335284418860e-04	-2.821313959992399582e-03
-3.325312529929609498e-04	6.564837580563525222e-04	9.099709226865686056e-04	2.291475331773262032e-04	-4.300267573242881527e-04	-1.806525608017506908e-04	-3.977603965279865933e-04	5.631569620723106927e-04	5.690680406373719875e-04	1.689311931764670094e-05	4.058618313750586223e-04	-7.520880274487116112e-05	-1.407336950279945362e-03	4.741526559097226229e-04	-7.777190499645786565e-04	1.646968085361208509e-03	-1.065141233280283463e-03	1.671537686024811894e-03	1.922541605494195631e-05	1.174372346587394984e-03	-1.660659318548909566e-03	5.693457472020220077e-04	-8.421563790347141431e-04	2.514942565493534423e-03	-6.094295125580123456e-05	-3.016202302238924900e-05	-6.187797864671347632e-04	-4.367485985561601891e-05	-4.897833472052232680e-04	2.544870348914641395e-04	2.065134817344786353e-04	5.338125882102655881e-04	-6.677503731678706769e-04	1.379906581051301229e-03	-4.403138440523043516e-04	1.574184271127372463e-03	-3.055419046674179035e-05	5.858683040476873318e-04	-4.119779929157639888e-06	1.609446393466389949e-03	-1.876286467877969454e-04	6.719648324578486858e-04	6.207721809912518374e-04	-5.403821596883674733e-05	5.808109444891769359e-04	5.505345353706538264e-05	-1.673115020301221834e-04	8.537520268615136042e-04	-1.321202659620984298e-04	1.443606855419946088e-03	1.023551573451414107e-03	2.299322556703403610e-04	3.226550759195631775e-05	1.551635587866380731e-04	-6.037175563079674587e-05	1.080511503343560770e-03	5.908609932011364783e-04	3.861715436117935324e-04	1.443969053777838544e-03	-1.324607320001477788e-03	4.104261885561016443e-04	-1.167198697522020979e-03	-8.689613400000200175e-04	2.431604122941023854e-05
-2.265501753642737426e-02	1.096559972683144521e-03	-6.182311806431060614e-04	1.109065258326620909e-02	3.333646065200091858e-04	4.935712045809888086e-04	-9.868043506632485917e-03	-8.636891015494190243e-05	2.172461711524742867e-03	3.173115744634823427e-04	8.572639054680876967e-04	-7.498464682182133089e-04	-4.208637146312800407e-04	2.522655959867511053e-04	3.253509605058480230e-03	9.728753133501700557e-05	-8.175874411665696832e-04	2.214374803832917945e-04	1.068853471020415847e-03	1.634504335844715051e-03	-2.998521170661845473e-05	5.821432831598981165e-04	2.546055808845028041e-04	-6.094295125580123456e-05	1.318444726605395509e-02	1.426982173195310720e-04	3.068601003709671253e-03	-1.483083938748596059e-03	5.433614650899832102e-03	9.843449307246482372e-03	2.353193686214954256e-02	-2.235071116571157607e-03	-2.007110106562945417e-03	-7.120603984434911281e-04	-1.445364277057451018e-05	6.109147455729322870e-03	5.158504869423325822e-05	2.476519194671899203e-03	4.450254496711948812e-05	-4.722921146498217245e-04	1.342745576355689309e-03	1.365874320540726335e-03	1.367774335314475391e-03	8.343978725995550294e-03	2.212645270094532306e-03	2.089370574631140703e-02	1.097844583394559821e-02	-1.934250160614652859e-03	-1.008497753533485822e-02	2.985866115606361504e-03	8.723569888497981813e-04	2.208500193587347241e-02	9.764221177422993192e-04	1.110729912393233244e-02	5.924437017989919729e-04	-1.026966738441868233e-03	1.533879985891870024e-03	5.122725051077397910e-05	2.291457995772309118e-04	-3.141549413022626074e-03	6.425646438613574958e-05	-2.204647426651396187e-03	7.876726272972636158e-04	-5.038288993465448286e-04
7.709000424900604425e-04	-5.114964087216117630e-03	-1.016373014645980712e-03	-7.498459374317494822e-04	3.886937262649987727e-03	-5.459403903437783177e-04	-2.085131264129393754e-04	-4.240627950670912069e-03	-6.490171715033699875e-04	7.833245480646025549e-04	7.342314524435570504e-05	3.619575166811278858e-04	-2.350548236370340015e-03	-3.049614087407525714e-05	-5.338166974596422320e-04	1.936953515718714200e-03	-1.047162522640662004e-03	-1.031555615832820474e-03	-1.671951567763544809e-03	5.785279760518009188e-04	-1.079249751257697551e-03	1.159478840250389694e-06	-5.194603139039654467e-04	-3.016202302238924900e-05	1.426982173195310720e-04	5.131715856610269064e-03	4.985737885616584042e-03	5.348292506809752302e-04	-2.609932113488623476e-04	9.407635521295071041e-04	8.829430744614390691e-05	5.335064008172794511e-03	-4.202140115341153771e-04	-2.254155575300779979e-03	1.108398432228554185e-04	2.858939216859280544e-04	7.361158218181938686e-04	5.933823432451552720e-05	-1.725213868172853124e-04	-1.892703930390718598e-03	3.560969493715517237e-04	5.200096183288957334e-03	4.130363997067051929e-03	-1.081124056970223472e-04	3.882664291630763022e-03	-5.803452220403794784e-04	-3.846310251375507569e-04	1.115229944610836733e-03	9.040665608611065003e-04	-1.351496293951829611e-04	4.174559938261878343e-03	-1.235215803545916665e-03	4.055170946654152071e-03	-1.507386245433635103e-03	-5.101797262016795559e-04	-4.392737468934716435e-03	-8.206356612421177618e-05	1.638563295048932984e-03	-7.520935269105492741e-05	6.780843261415918908e-05	-1.715540164894678631e-03	2.312721222796642359e-04	-1.597798964168333977e-04	3.312916919618919161e-03
-4.491491965320722896e-03	-4.829259663927544695e-03	-6.152703222616044340e-03	1.634503259173930405e-03	3.677249651364578216e-03	-6.895544262399766824e-04	-2.212010379489194774e-03	-4.271337221752933774e-03	-9.627860202332547222e-04	7.860275187316005489e-04	8.953215817740243837e-04	5.785284047147245439e-04	-1.259037861178087352e-03	5.398684026134419230e-04	3.481905772229446387e-04	1.653525858282578129e-03	-1.792553562936825308e-03	-2.369869104833939415e-03	-3.070707341499042363e-03	1.180770333225880089e-03	-9.525588754272886535e-04	4.724438601349258658e-04	-1.963958476782143303e-04	-6.187797864671347632e-04	3.068601003709671253e-03	4.985737885616584042e-03	1.049149551676646815e-02	-7.592105214637339186e-04	5.918353065604418928e-03	6.305243069913628144e-04	3.185514688907397675e-03	2.778024472255162308e-04	-6.927627221804414032e-04	-6.691867286526244352e-03	-2.345245671170244524e-03	1.455249615193364172e-03	6.055975407905431337e-04	8.963687971959282286e-04	7.437805650902938777e-05	-4.018430925207858162e-03	5.052038016449593655e-04	5.786815676218528062e-03	4.922920367790768227e-03	2.037736963930610848e-04	4.685155999010452363e-03	-6.200159426385352815e-04	4.803428348103715769e-04	-3.663722934548750785e-03	-1.360386693660555965e-03	-4.043503996003373901e-03	5.562248081117824938e-05	1.693610406236755296e-03	4.243462778450050876e-03	-1.537920560882033872e-03	-9.088513783956691985e-04	-9.078736188450665240e-03	-7.498362731482539423e-05	3.399243654252022059e-03	1.174372234297513164e-03	-4.281308488007029643e-05	-1.324150319369809311e-03	3.141511531707285232e-04	1.047319992639392510e-04	5.032785391771204576e-03
1.045443127022361229e-03	-4.047497564606795072e-04	4.775448452844577654e-04	-1.483083147170535365e-03	-6.519685151778829412e-04	-5.124850643675167049e-06	-5.851651836995857203e-04	1.235106820387031450e-04	-4.047497300579950522e-04	-2.068488529654498808e-04	-3.732876759646141769e-04	5.348291678368544523e-04	-2.107070367168564166e-04	5.663874680444109643e-04	1.069609847200419205e-03	1.465903799801158850e-04	4.775453593058407321e-04	-3.732875195379631935e-04	-2.117067336952224786e-04	-7.592102832069226115e-04	1.029912370231605967e-04	-8.553914659533603105e-05	5.984740997166847687e-04	-4.367485985561601891e-05	-1.483083938748596059e-03	5.348292506809752302e-04	-7.592105214637339186e-04	2.499398650951529556e-03	-1.086469798897562750e-03	1.781252773149212716e-03	2.901073058757148992e-04	1.150907209050895793e-03	-6.519682149867359359e-04	-2.107058821416578939e-04	1.029917899132266429e-04	-1.086468809922242927e-03	1.628347375975157732e-04	-7.997521868937290451e-04	-7.083575446394244426e-04	-8.187243192956896636e-06	-5.125397053073626950e-06	5.663886018905989108e-04	-8.553899590779044616e-05	1.781252961285157473e-03	-7.997530322832006877e-04	1.750158846666249185e-03	-2.204440303836481313e-04	1.609795750634747521e-03	-5.851654393390817287e-04	1.069610092266364172e-03	5.984738152777528339e-04	2.901074247203350252e-04	-7.083578275886039371e-04	-2.204440882244415383e-04	-1.456740002166592631e-03	1.336881904988456620e-03	1.235108094283355164e-04	1.465898669221747013e-04	-4.367512255829111628e-05	1.150906851848757483e-03	-8.187368376738507920e-06	1.609794745998942853e-03	1.336882222521227096e-03	1.404327669989789099e-04
-1.301393877653562667e-02	-3.068881627437188876e-03	-9.322010358516770456e-03	6.109145148843210180e-03	-6.150842436709326802e-03	2.108699517377657492e-04	-5.680054816503573439e-03	1.087746536355539955e-03	5.178445749498011451e-04	4.437649871726387471e-04	1.827033780436182302e-03	2.858938440356755071e-04	4.016505559567279740e-03	1.199130308151574210e-03	3.164483912219826639e-03	-8.103309703158751223e-04	-6.319827236714540414e-04	-1.314147821794477622e-03	-2.363573278273530193e-04	1.455250447741408999e-03	9.186358943473759992e-04	9.656754072189452365e-04	1.154188214592407214e-03	-4.897833472052232680e-04	5.433614650899832102e-03	-2.609932113488623476e-04	5.918353065604418928e-03	-1.086469798897562750e-03	1.460797744102778836e-02	2.132906110305100075e-03	9.256615172572771333e-03	-6.558865878626442963e-03	-8.117131001998934524e-04	-5.891998508547780997e-03	-2.417782627599753247e-03	3.309727476830006190e-03	-3.679470923979088559e-04	1.559178069522613400e-03	3.206930674151662101e-04	-1.328127254143819181e-03	5.022894768014012599e-05	-3.629710797753530303e-03	7.441142139252800896e-04	3.006770305212949287e-03	6.114148942332722075e-03	4.086025625024145361e-03	3.169578148870257420e-03	-9.861797650740519033e-03	-5.273451197700373613e-03	-7.821411777402127383e-03	-4.170609622814694384e-03	9.380720746750720665e-03	-8.525076443150416566e-05	2.610591614414017707e-03	-7.625155505412112115e-04	-3.885603102400345642e-03	3.645964094157329955e-04	2.463836277728555929e-03	1.574185586496521568e-03	-8.181291026097248752e-04	1.655939816530335035e-03	-3.993486750030300863e-04	6.396448375568200995e-04	3.204867935433954713e-04
-1.995763054134735287e-02	2.837341636414140631e-04	1.577974985015718080e-03	8.343979551068792661e-03	-4.032037313518074383e-04	-1.454437478032265512e-03	-1.105250533040795340e-02	-7.180455060209719239e-05	2.530312777624450782e-03	1.563077828117210774e-04	-1.016070112169819786e-04	-1.081132057954969087e-04	-1.349397325726057247e-03	2.540254447184954033e-03	6.476963350776642619e-03	9.167834395874141116e-04	1.329679350894169467e-03	-1.428314024199584149e-04	5.740300257315942688e-04	2.037748226700415906e-04	-2.387649278218556743e-04	5.196438485379065771e-04	1.632144172475126064e-03	2.544870348914641395e-04	9.843449307246482372e-03	9.407635521295071041e-04	6.305243069913628144e-04	1.781252773149212716e-03	2.132906110305100075e-03	1.457533588551487846e-02	2.479768385656614185e-02	1.108002375977113884e-03	-2.104238360216447411e-03	-8.965847631516375531e-04	3.659543673693760085e-04	3.006774758401330704e-03	2.181110717033316938e-04	-8.232092908953589469e-05	-8.067286386933444605e-04	-2.181933522551110288e-04	-5.527271687045924326e-04	2.684243662204051362e-03	1.377281098780426712e-03	1.219822916334681318e-02	8.934296248519543043e-04	2.617825016948286537e-02	1.103416142771408183e-02	2.408789849004304515e-03	-1.117122308838844856e-02	6.244944758924298074e-03	3.410447821702129994e-03	2.310678891738736015e-02	3.049067007439312219e-04	1.114936580339747664e-02	-2.973524085127290375e-04	2.258596527420998236e-03	1.710956828143144360e-03	2.353234918755066167e-04	-5.404133045301874215e-05	-1.056868136987277294e-03	-2.315110853669769962e-04	2.225550284717130699e-03	3.042568713052674033e-03	-5.016440372967470135e-05
-4.612079008928653134e-02	3.299778762994808132e-03	3.992194288870269409e-04	2.208500141051387283e-02	-2.297376850812317579e-03	-6.939592597498913697e-04	-2.368658684795723474e-02	1.644242178683295559e-03	4.710511286877857098e-03	2.558723589216379407e-04	-2.152702944732633639e-04	-1.235217914235037977e-03	-3.197623542683598712e-03	2.267321490488066922e-03	1.020614575816116559e-02	1.273938507592186882e-03	3.344611980242729048e-04	-6.381678933063607718e-04	1.230017440883042067e-04	1.693611862533297638e-03	-1.096448825826062566e-03	5.715680007931595377e-04	1.529125808763510258e-03	2.065134817344786353e-04	2.353193686214954256e-02	8.829430744614390691e-05	3.185514688907397675e-03	2.901073058757148992e-04	9.256615172572771333e-03	2.479768385656614185e-02	5.258439097844400806e-02	-2.967498232160437847e-03	-3.931790110929750739e-03	-3.269942955796840620e-03	-7.477696147362481414e-04	9.380728204755398036e-03	-1.740941480077858679e-05	1.362132111590252503e-03	-1.254714311203033485e-03	-1.060344786125678399e-03	6.152474226468064144e-04	3.798424097750691120e-03	2.124319169274236502e-03	2.310678799850456738e-02	2.859875103855785521e-03	5.052701571323208601e-02	2.480511530077660065e-02	4.355119010175206558e-04	-2.235045467712740500e-02	1.030987215634870946e-02	3.196489125799775385e-03	4.918841846308445731e-02	1.762427290077606904e-04	2.322817967976144315e-02	2.209671048088600776e-04	2.819924634068300164e-03	3.234440329950323892e-03	9.151873605651808258e-04	2.299271676105722815e-04	-4.604610413574850014e-03	-6.482301846205916745e-04	4.724561501172567374e-04	4.428964267389794845e-03	5.282174814667493778e-04
6.486691567796263290e-03	-5.964846868323060367e-03	3.853239041454165677e-03	-3.141547183482678446e-03	5.030454460660016384e-03	-7.536463379774018846e-04	2.282579108238164383e-03	-5.355210562959419537e-03	-6.978891284625890219e-04	6.780798828929708068e-04	-1.974921005991481758e-03	6.780784404504119911e-05	-5.649662918695130126e-03	-7.955027555037318555e-04	-1.636149143770340621e-03	3.728877429181766748e-03	-1.033909031314668263e-03	-5.415413772261378975e-04	-2.446426853052926283e-03	-4.281380263364345247e-05	-2.031173696257023223e-03	-5.476707746482428968e-04	-9.790009830209351043e-04	5.338125882102655881e-04	-2.235071116571157607e-03	5.335064008172794511e-03	2.778024472255162308e-04	1.150907209050895793e-03	-6.558865878626442963e-03	1.108002375977113884e-03	-2.967498232160437847e-03	1.157800642761719692e-02	-6.222199168229840954e-04	3.414406146381121726e-05	1.345680602054122408e-03	-8.181281181402123457e-04	6.337425517458220633e-04	-7.460755501071023553e-04	-4.812637898861586543e-04	-1.200978886836288548e-03	6.407783361678406854e-04	4.966221621454077265e-03	4.373220998270943051e-03	-1.056865064361850633e-03	4.046911068235494770e-03	-7.102497775471863957e-04	-7.217707776265224699e-04	6.495856910259136668e-03	4.015901964270492119e-03	3.647412526723996934e-03	9.039545203020981495e-03	-4.604603856126548642e-03	4.409877687829898488e-03	-1.381015711233674146e-03	7.148270580129365958e-04	-3.330633786670663234e-04	-4.619925076418541349e-05	6.588843449797136213e-04	-1.324608851144770238e-03	4.238662297399248486e-04	-2.785388407009332240e-03	6.571884914595331820e-04	-1.315069574704648761e-04	4.147445416786660344e-03
4.319389632139826463e-03	-5.439828464745764645e-05	7.682038356698090310e-04	3.333621767774764167e-04	4.142087928329944626e-04	9.410632432454543901e-04	2.488113162109356017e-03	-3.253871359649976769e-05	-4.624761376151219567e-04	1.356513275190969459e-04	1.775602564160376658e-03	3.886937045945560321e-03	4.510689069516490672e-03	7.381214691171915365e-03	3.178965645743200841e-03	-2.719446757283667561e-03	5.865487218272305570e-03	1.200981038970507864e-03	2.970353904194475599e-03	3.677247614282053850e-03	2.353763466696752460e-03	3.876333147488986337e-03	4.876718498352741391e-03	-6.677503731678706769e-04	-2.007110106562945417e-03	-4.202140115341153771e-04	-6.927627221804414032e-04	-6.519682149867359359e-04	-8.117131001998934524e-04	-2.104238360216447411e-03	-3.931790110929750739e-03	-6.222199168229840954e-04	1.047106066649455824e-02	9.333340418463038392e-04	1.495004937947678591e-03	-6.150845228234032638e-03	8.453116222863223637e-04	3.002721110575805319e-04	5.079220710078598960e-03	4.590424783488527703e-04	-4.268078241437504991e-04	-9.634348956416693283e-04	-5.562813878184465688e-04	-4.032048848707100682e-04	-1.240794276063790188e-04	-1.080963078995883292e-03	-1.563851239517624050e-03	-1.211837515307448952e-03	2.366244868338170017e-03	-1.544383885497847223e-03	-7.489023132365533065e-04	-2.297381488566872538e-03	2.186828890454503002e-05	-4.184672754829371925e-04	6.365737545491785424e-04	-7.268271801439451021e-04	-5.106135857499687070e-03	-4.211781981577154138e-04	-4.300263332697337152e-04	5.030455534759227867e-03	-3.324697879589322107e-04	3.579374741212007754e-03	-5.796078547835800676e-03	-2.171178531814169695e-03
-2.636832094914064907e-05	4.820039209410678822e-03	1.395815811333080136e-02	-4.208574728954108312e-04	4.510683395546579572e-03	2.166301668744229894e-04	7.250161484713637692e-04	2.549038870766992689e-04	1.212843309660856326e-03	-6.742075648271379871e-04	1.956603472171601632e-02	-2.350548420314931344e-03	4.131704495627842866e-02	-5.744201226284832880e-03	-5.676121412476321446e-03	-2.156106517440171608e-02	4.833316308438811645e-03	2.363145880500059498e-02	4.594904266088530032e-02	-1.259036190552186496e-03	1.971944877336543819e-02	-5.324324313133134076e-04	-3.399696369193066267e-05	1.379906581051301229e-03	-7.120603984434911281e-04	-2.254155575300779979e-03	-6.691867286526244352e-03	-2.107058821416578939e-04	-5.891998508547780997e-03	-8.965847631516375531e-04	-3.269942955796840620e-03	3.414406146381121726e-05	9.333340418463038392e-04	5.262522088853231750e-02	2.373887028245571032e-02	4.016505815969539407e-03	-6.502702739034195781e-04	4.489369137137857492e-03	1.674499062608386006e-03	2.554502796655870600e-02	1.809972279438769240e-04	-1.866854927550526877e-03	-3.828718099118602483e-04	-1.349389416697589078e-03	1.040901822092876088e-03	-3.564899845866773063e-04	-9.542277056326790071e-04	-4.737108213381678937e-03	9.403999311478770853e-04	5.188937342221037335e-03	5.785008200531307175e-03	-3.197609667219343706e-03	1.660991836388681520e-03	-4.329517921677144502e-04	4.101282448832848748e-05	5.770697435693758178e-04	1.912678919062800703e-04	-2.550511871250041307e-02	-1.407331070685143666e-03	-5.649662881690378433e-03	2.169200801185038746e-02	-1.447259938435262183e-02	-5.535838842807618357e-03	-5.130441882879661908e-02
-3.284036694747002926e-04	-1.187017307385564304e-04	5.613777488721069173e-03	-2.998246072662554709e-05	2.353761909090454178e-03	1.087782913443889295e-05	1.647823442683030561e-04	-9.617098421646193360e-04	5.024748493135381593e-04	-8.392569863425475979e-04	9.004703041390230839e-03	-1.079250326632269323e-03	1.971944962275896246e-02	-3.130341710006296838e-03	-2.160789825620863108e-03	-1.122715202725255851e-02	3.113455012444708674e-03	9.655320711142088147e-03	2.205219068696890466e-02	-9.525581861538653765e-04	1.017901116462066428e-02	-4.865432131889340425e-04	5.451415497610108754e-04	-4.403138440523043516e-04	-1.445364277057451018e-05	1.108398432228554185e-04	-2.345245671170244524e-03	1.029917899132266429e-04	-2.417782627599753247e-03	3.659543673693760085e-04	-7.477696147362481414e-04	1.345680602054122408e-03	1.495004937947678591e-03	2.373887028245571032e-02	1.307217459741341278e-02	9.186373332450991930e-04	1.022715994527016075e-03	1.831839326357203018e-03	1.144601025553568891e-03	1.077401523423998295e-02	2.813043224148827309e-04	-8.222613977945326860e-04	2.592728434603563080e-04	-2.387616259777957349e-04	1.267749853088415753e-03	7.177474161504099467e-04	-5.623316830316685581e-05	-2.506799883086263496e-03	7.477592610907731006e-04	1.466044331286751184e-03	3.531489735117913659e-03	-1.096442903702485447e-03	1.446019720348744190e-03	2.231995198083329285e-05	1.586961428840599710e-04	-5.241041356549539128e-04	-2.669193552933845671e-04	-1.185955782270618070e-02	-1.660655825321443379e-03	-2.031174857239532571e-03	8.592313262381658795e-03	-6.234935079843035438e-03	-2.472859425670644127e-03	-2.323700226584392986e-02
-1.301393880283529224e-02	5.178456044478591284e-04	-6.319798925809481330e-04	5.433615838037126819e-03	-8.117129180128439345e-04	5.022995854230119300e-05	-5.273450613946209682e-03	3.645963307761449358e-04	-3.068882966099672691e-03	4.437656175902304117e-04	-1.314146493448660816e-03	-2.609916524937231372e-04	-5.891999219674861829e-03	-3.629706747486411214e-03	-7.821406760245661061e-03	2.463835568978389734e-03	-9.322015355068635420e-03	1.827032412674179252e-03	-2.363570272338454418e-04	5.918353603928911549e-03	-2.417782427750847160e-03	7.441142732542571506e-04	-4.170610159633049777e-03	1.574184271127372463e-03	6.109147455729322870e-03	2.858939216859280544e-04	1.455249615193364172e-03	-1.086468809922242927e-03	3.309727476830006190e-03	3.006774758401330704e-03	9.380728204755398036e-03	-8.181281181402123457e-04	-6.150845228234032638e-03	4.016505815969539407e-03	9.186373332450991930e-04	1.460797454088936728e-02	-3.679464471530858433e-04	6.114145332919105127e-03	-8.525289991820428977e-05	1.655939381825664337e-03	2.108718348700279357e-04	1.199131236809785304e-03	9.656762608823216609e-04	2.132909316881298652e-03	1.559179846357016969e-03	4.086037673706167939e-03	2.610598621449154721e-03	-3.993490901737856624e-04	-5.680053723127898718e-03	3.164485792203241242e-03	1.154190352847001434e-03	9.256619496144060516e-03	3.206939558687786477e-04	3.169584543097851009e-03	-7.625123065997951605e-04	6.396447258916063486e-04	1.087746975688913455e-03	-8.103294130836548878e-04	-4.897830348477448439e-04	-6.558862567138435545e-03	-1.328128099998153672e-03	-9.861790456253145126e-03	-3.885598864030685197e-03	3.204871879109299224e-04
1.230190179511983170e-04	-9.479668233371098176e-04	-1.558942176034740126e-04	5.158510585271234601e-05	8.453126026881927282e-04	-5.143286014720633437e-06	1.594880443825618906e-04	-4.053664547780365672e-04	-9.479682989279010832e-04	-1.255271305444646216e-03	-8.617038298820182615e-04	7.361157131616780092e-04	-6.502696915531393836e-04	2.483791488023924608e-04	-2.916579994057316369e-04	-2.781317154681056431e-04	-1.558958211952978759e-04	-8.617041008023650734e-04	-1.533256090046204419e-04	6.055975302195440880e-04	1.022716699526402852e-03	3.017935857436429494e-04	4.208601458000548693e-04	-3.055419046674179035e-05	5.158504869423325822e-05	7.361158218181938686e-04	6.055975407905431337e-04	1.628347375975157732e-04	-3.679470923979088559e-04	2.181110717033316938e-04	-1.740941480077858679e-05	6.337425517458220633e-04	8.453116222863223637e-04	-6.502702739034195781e-04	1.022715994527016075e-03	-3.679464471530858433e-04	2.295018339232505165e-03	2.977055605370579420e-05	5.879809493163089306e-04	-1.707303120385584606e-03	-5.143157769765017035e-06	2.483806195347830438e-04	3.017941600452130621e-04	2.181110435685807358e-04	2.977091520289046344e-05	5.419781973454038874e-05	-2.182325544834529747e-04	2.384744535101156312e-04	1.594881603255114948e-04	-2.916554967854201861e-04	4.208612388278674976e-04	-1.740968483527964675e-05	5.879816375481074133e-04	-2.182328173417801475e-04	-1.327384829632886128e-04	-5.486765105433273441e-04	-4.053664945116855554e-04	-2.781321448504292309e-04	-3.055375721219273199e-05	6.337418300639548023e-04	-1.707302279728477746e-03	2.384728583128889869e-04	-5.486770425343635285e-04	1.309537100834278151e-03
-4.093558166332727719e-03	1.276528090836186690e-04	1.970059004164325105e-04	2.212643473981999731e-03	-1.240807574842768188e-04	9.890550463869506731e-04	7.279115468029478953e-04	-2.609334275802925398e-05	-7.396923078069447301e-03	1.143275795475388055e-03	2.025538708524205790e-03	3.882665385398916327e-03	1.040905152757528587e-03	-3.126535381325295344e-06	-3.775207663692664237e-03	-4.171442880435908673e-04	-3.267757743374087587e-03	2.583762146757162710e-03	3.567542223377258900e-03	4.685155652082295154e-03	1.267750266190161923e-03	5.075284828795005934e-03	5.640140574269629330e-03	5.858683040476873318e-04	2.476519194671899203e-03	5.933823432451552720e-05	8.963687971959282286e-04	-7.997521868937290451e-04	1.559178069522613400e-03	-8.232092908953589469e-05	1.362132111590252503e-03	-7.460755501071023553e-04	3.002721110575805319e-04	4.489369137137857492e-03	1.831839326357203018e-03	6.114145332919105127e-03	2.977055605370579420e-05	1.126518648870739048e-02	5.215626651100043788e-03	2.620203871248610351e-03	-1.780750022630018842e-04	-1.351144690488318735e-04	5.256993555020844991e-04	8.934307931004919264e-04	1.249070901053847115e-03	1.804833782415029512e-04	6.993182162044101304e-05	-1.818643984522654803e-03	-1.629696743543918198e-03	5.018364595609903613e-04	5.777716882633093364e-04	2.859872998128441292e-03	5.526524774712568075e-04	1.614173369620733323e-03	6.179454310977535846e-04	-8.942872883736033285e-04	-4.039459294369520531e-03	3.942496922298034797e-04	5.808112258646525895e-04	4.046914210176154672e-03	7.279945472692115390e-04	-6.646097408540846234e-03	-5.106307121695705629e-03	-2.551711751718058370e-03
2.752983048447977263e-04	-1.559123991104311129e-04	1.953648691894419736e-04	9.764203971031819133e-04	2.186772635997907382e-05	4.674484677953220924e-04	1.388846721140034194e-03	-5.497957815193695274e-05	-3.939735687854856172e-03	7.922685902201269479e-04	1.283079597494282036e-03	4.055171043216022550e-03	1.660996159310506497e-03	3.913140209787441606e-03	-2.817490723529518385e-04	-7.955165240454747846e-04	8.656723827264264535e-04	1.585034407964840651e-03	2.240057267712303873e-03	4.243461895497751060e-03	1.446020603115520751e-03	4.157243710310253894e-03	4.953748696617099948e-03	-4.119779929157639888e-06	4.450254496711948812e-05	-1.725213868172853124e-04	7.437805650902938777e-05	-7.083575446394244426e-04	3.206930674151662101e-04	-8.067286386933444605e-04	-1.254714311203033485e-03	-4.812637898861586543e-04	5.079220710078598960e-03	1.674499062608386006e-03	1.144601025553568891e-03	-8.525289991820428977e-05	5.879809493163089306e-04	5.215626651100043788e-03	5.140815900542572772e-03	8.314470846149729297e-04	-4.871674992852211786e-04	-5.706958418823303118e-04	-2.482573811171380571e-05	3.049067045859743877e-04	5.526531801265589143e-04	-5.056422257027580729e-04	-9.145856952970173211e-04	-1.176545906430630836e-03	3.068695223840808492e-04	-5.529477649431271003e-04	-7.150514083345045234e-05	1.762399768456815376e-04	3.092942508592596315e-04	3.457381781646242237e-04	6.291378995230921794e-04	-6.459217828237375121e-04	-4.260709606294038956e-03	3.928074326018751207e-04	3.226591601231803012e-05	4.409878903370295991e-03	-2.885681158885507690e-04	-1.053728043930271616e-03	-5.344722748503292001e-03	-1.121847693268351832e-03
-6.884102654722922378e-04	2.705568484012845637e-03	5.862959019107372854e-03	6.425887809526589940e-05	-3.324729555148458462e-04	1.813748903093323223e-04	-4.447753271193225248e-05	1.316631162797092611e-03	2.233507102534491341e-03	2.346186311834803960e-04	1.122246683734299047e-02	-1.715539796705292750e-03	2.169200745601393768e-02	-2.500284142162312491e-03	-1.209497665326078218e-03	-1.092427340268831495e-02	3.764391689468338069e-03	1.182727834791182792e-02	2.274314150195163448e-02	-1.324149238271853796e-03	8.592311953683054448e-03	-1.383799244607431976e-05	6.602000862894265602e-04	1.609446393466389949e-03	-4.722921146498217245e-04	-1.892703930390718598e-03	-4.018430925207858162e-03	-8.187243192956896636e-06	-1.328127254143819181e-03	-2.181933522551110288e-04	-1.060344786125678399e-03	-1.200978886836288548e-03	4.590424783488527703e-04	2.554502796655870600e-02	1.077401523423998295e-02	1.655939381825664337e-03	-1.707303120385584606e-03	2.620203871248610351e-03	8.314470846149729297e-04	1.496945836885090961e-02	-1.428308565099224887e-04	-1.906763235384820480e-03	-6.679380586906190700e-04	-2.315080721988361633e-04	7.279936541153667106e-04	6.457405524853488191e-04	-9.530143600637340842e-05	-3.331429181261753338e-03	-5.294828026828111251e-05	2.057034649661788027e-03	1.976312447253290427e-03	-6.482250169682758460e-04	-2.885702550597243009e-04	6.268821598877016496e-04	1.520614244033035905e-04	1.427240933187533299e-03	6.056893533878291661e-04	-1.140863723403294852e-02	4.104281827166694936e-04	-2.785387463889002144e-03	1.206361643952061705e-02	-6.633127879914056495e-03	-1.895091915717348743e-03	-2.675239705463584861e-02
2.482384946479323460e-05	-2.160536859456594987e-04	3.348041499821287825e-04	4.935697773585398605e-04	9.410649705617062273e-04	1.240341621108395458e-03	5.559325025951769323e-04	-7.500632748187541568e-04	8.973473484641604665e-04	-2.197715940094551698e-05	2.027760886526209410e-04	-5.459411844640190206e-04	2.166301889701878773e-04	-1.171292735111895827e-03	-1.471174879851149843e-04	-5.951106939734315761e-05	2.210180453499635208e-04	-9.616507043532128364e-05	1.833183686030757649e-04	-6.895541320349094731e-04	1.087805766787764127e-05	-8.055042399469601599e-04	-6.792643743335996607e-04	-1.876286467877969454e-04	1.342745576355689309e-03	3.560969493715517237e-04	5.052038016449593655e-04	-5.125397053073626950e-06	5.022894768014012599e-05	-5.527271687045924326e-04	6.152474226468064144e-04	6.407783361678406854e-04	-4.268078241437504991e-04	1.809972279438769240e-04	2.813043224148827309e-04	2.108718348700279357e-04	-5.143157769765017035e-06	-1.780750022630018842e-04	-4.871674992852211786e-04	-1.428308565099224887e-04	2.334562798771486550e-03	1.510064647019951703e-04	6.764690387672997723e-04	-1.454440266610639802e-03	9.890553798626033639e-04	-3.032058301401437952e-05	1.429098117272637955e-03	-2.759074527898700913e-04	1.385175033509988395e-03	-5.506559509700601775e-05	6.638277616554874583e-04	-6.939632768237283516e-04	4.674493054914810597e-04	5.485803200735038434e-04	4.027760285188767344e-05	-6.053757062498117897e-04	7.657947548139964426e-04	-3.609886246308666906e-04	-1.806527904968878689e-04	-7.536481046190384673e-04	1.813746492042407014e-04	-3.821942151484490039e-04	6.774057270870854821e-04	-2.087388225357169800e-04
-7.916406617191309092e-04	-2.547802462634829370e-04	3.164673045362843481e-03	2.522649077127359042e-04	7.381214628379557247e-03	-1.171290426722098156e-03	-2.018689007495323533e-03	-3.966816666364449476e-03	-2.205876272001455328e-04	9.596256209905317577e-04	-1.643427402470991794e-04	-3.049536873818801608e-05	-5.744206062612007557e-03	7.413121094374805009e-05	-1.239896994023569608e-04	3.046186679568414768e-03	-1.368972769636986504e-03	-7.873284323575875654e-04	-3.046742910596237589e-03	5.398690105835079241e-04	-3.130342073613503681e-03	-1.915263859207470148e-04	-1.082302786538869455e-03	6.719648324578486858e-04	1.365874320540726335e-03	5.200096183288957334e-03	5.786815676218528062e-03	5.663886018905989108e-04	-3.629710797753530303e-03	2.684243662204051362e-03	3.798424097750691120e-03	4.966221621454077265e-03	-9.634348956416693283e-04	-1.866854927550526877e-03	-8.222613977945326860e-04	1.199131236809785304e-03	2.483806195347830438e-04	-1.351144690488318735e-04	-5.706958418823303118e-04	-1.906763235384820480e-03	1.510064647019951703e-04	1.133822027856466914e-02	5.132232209917406834e-03	2.540255876335424309e-03	-3.130257018765650930e-06	4.711269669770271930e-03	2.058552613034315103e-03	6.686768279194413300e-03	-5.528774059060832802e-04	6.250368772951528373e-03	4.730625216867081172e-03	2.267321710986279059e-03	3.913139177486535392e-03	-3.711070070890209625e-04	-5.127611500372739788e-04	-3.997404137812696559e-03	4.259426840246993045e-04	2.284938840201485889e-03	4.741504448935040953e-04	-7.955018682623464597e-04	-2.500287648239568269e-03	5.128648244326100992e-04	4.472536499789264708e-04	4.700770644578472143e-03
-1.274039418216883464e-03	-3.834317782180691157e-03	-2.191969204035187473e-05	5.821421367320684954e-04	3.876333426702492820e-03	-8.055043577875613692e-04	-1.153089557752972217e-03	-4.073815667243184044e-03	-1.573336354001093787e-04	5.517830512856753853e-04	9.684381610293203713e-04	1.160146807489697044e-06	-5.324330285093065857e-04	-1.915264545009789487e-04	-6.642267413478657656e-05	1.452072914597177288e-03	-5.111296880767940334e-04	3.482859262400215205e-04	1.736698179892130604e-04	4.724449723560709101e-04	-4.865428297380956866e-04	1.500287436141625633e-04	-2.042760453364017407e-04	6.207721809912518374e-04	1.367774335314475391e-03	4.130363997067051929e-03	4.922920367790768227e-03	-8.553899590779044616e-05	7.441142139252800896e-04	1.377281098780426712e-03	2.124319169274236502e-03	4.373220998270943051e-03	-5.562813878184465688e-04	-3.828718099118602483e-04	2.592728434603563080e-04	9.656762608823216609e-04	3.017941600452130621e-04	5.256993555020844991e-04	-2.482573811171380571e-05	-6.679380586906190700e-04	6.764690387672997723e-04	5.132232209917406834e-03	5.012037476728077590e-03	5.196425607671886077e-04	5.075286174729880771e-03	1.286650084123692247e-03	1.182871728657525212e-03	4.910210969275084596e-05	5.439741868859266759e-04	7.823544331511788491e-04	4.904828193161821573e-03	5.715649318247502733e-04	4.157244678099379642e-03	-5.965487435212299579e-04	5.216184763965186615e-05	-4.399790779864715118e-03	2.462334910627094831e-04	6.916691926519484383e-04	5.693454843623370950e-04	-5.476704883711133991e-04	-1.383851671167922714e-05	-5.646767979841230741e-04	-1.234463049644029164e-04	1.015263991513943621e-03
-1.995763464755487965e-02	2.530311089860539080e-03	1.329677757958174769e-03	9.843453815491141901e-03	-2.104238157134080949e-03	-5.527249599230920664e-04	-1.117122195978351509e-02	1.710955214728958470e-03	2.837367053511059009e-04	1.563077706311604537e-04	-1.428341249652409495e-04	9.407631954082005307e-04	-8.965936405745961874e-04	2.684245624723529886e-03	6.244949746847246012e-03	2.353275288363818767e-04	1.577976482368906135e-03	-1.016041998730866263e-04	5.740296861671311326e-04	6.305251082825375029e-04	3.659501405491626721e-04	1.377282363493481047e-03	3.410450009102852353e-03	-5.403821596883674733e-05	8.343978725995550294e-03	-1.081124056970223472e-04	2.037736963930610848e-04	1.781252961285157473e-03	3.006770305212949287e-03	1.219822916334681318e-02	2.310678799850456738e-02	-1.056865064361850633e-03	-4.032048848707100682e-04	-1.349389416697589078e-03	-2.387616259777957349e-04	2.132909316881298652e-03	2.181110435685807358e-04	8.934307931004919264e-04	3.049067045859743877e-04	-2.315080721988361633e-04	-1.454440266610639802e-03	2.540255876335424309e-03	5.196425607671886077e-04	1.457534096579937363e-02	-8.232506800912447748e-05	2.617825472796623393e-02	1.114936505753472834e-02	2.225554682576126944e-03	-1.105251053244988950e-02	6.476962289842437548e-03	1.632141743893853131e-03	2.479769446334711275e-02	-8.067301985361398625e-04	1.103416630066079811e-02	-2.973522255246999571e-04	3.042568421235792610e-03	-7.180272526560877442e-05	9.167801187222545355e-04	2.544847966405415366e-04	1.108000977900402842e-03	-2.181963392836562738e-04	2.408791988747048616e-03	2.258599448891640028e-03	-5.016433028031504952e-05
-4.093562490300297133e-03	-7.396923195311442059e-03	-3.267755566641294442e-03	2.476518008124623839e-03	3.002732573341270329e-04	-1.780769679996292861e-04	-1.629700520191841411e-03	-4.039459302146422050e-03	1.276513859254676370e-04	1.143277064359400240e-03	2.583763801340064822e-03	5.933901998382857260e-05	4.489370925211160629e-03	-1.351143775454366263e-04	5.018362521799868241e-04	3.942498485254387680e-04	1.970037724217187200e-04	2.025537929477344914e-03	3.567542035932967474e-03	8.963714371370671858e-04	1.831839804223877200e-03	5.256995809618209914e-04	5.777715265819598212e-04	5.808109444891769359e-04	2.212645270094532306e-03	3.882664291630763022e-03	4.685155999010452363e-03	-7.997530322832006877e-04	6.114148942332722075e-03	8.934296248519543043e-04	2.859875103855785521e-03	4.046911068235494770e-03	-1.240794276063790188e-04	1.040901822092876088e-03	1.267749853088415753e-03	1.559179846357016969e-03	2.977091520289046344e-05	1.249070901053847115e-03	5.526531801265589143e-04	7.279936541153667106e-04	9.890553798626033639e-04	-3.130257018765650930e-06	5.075286174729880771e-03	-8.232506800912447748e-05	1.126519272659561033e-02	1.804745369370914891e-04	1.614170608774177394e-03	-6.646106650619610853e-03	7.279109595479324457e-04	-3.775212785872963071e-03	5.640142496488978301e-03	1.362125723732508873e-03	5.215629992087671835e-03	6.992622336521047723e-05	6.179429084416453817e-04	-5.106311744138555125e-03	-2.609453792738930294e-05	-4.171410971533552354e-04	5.858694382794992113e-04	-7.460765103135800526e-04	2.620204378175468914e-03	-1.818645195129791042e-03	-8.942888962275239708e-04	-2.551710223271137258e-03
-4.107608981558333316e-02	5.850556366046120310e-03	5.903948656447023484e-03	2.089371014517164837e-02	-1.080959694992579805e-03	-3.031635290431112983e-05	-2.111294598671809714e-02	2.354888586842411764e-03	5.850563023724125560e-03	9.997100914933428040e-05	5.678165515941989861e-04	-5.803484377575748258e-04	-3.565075604979383119e-04	4.711268558287671528e-03	1.472815284174579936e-02	-3.058715688093462896e-04	5.903953174502164433e-03	5.678227045147326299e-04	2.898692306685950529e-03	-6.200148345852495458e-04	7.177396171273391469e-04	1.286653206089744678e-03	5.286024043387524754e-03	5.505345353706538264e-05	2.089370574631140703e-02	-5.803452220403794784e-04	-6.200159426385352815e-04	1.750158846666249185e-03	4.086025625024145361e-03	2.617825016948286537e-02	5.052701571323208601e-02	-7.102497775471863957e-04	-1.080963078995883292e-03	-3.564899845866773063e-04	7.177474161504099467e-04	4.086037673706167939e-03	5.419781973454038874e-05	1.804833782415029512e-04	-5.056422257027580729e-04	6.457405524853488191e-04	-3.032058301401437952e-05	4.711269669770271930e-03	1.286650084123692247e-03	2.617825472796623393e-02	1.804745369370914891e-04	5.726981792215964095e-02	2.622592760078466811e-02	5.588339499181685897e-03	-2.111295202665180309e-02	1.472814702216916974e-02	5.286018616588270859e-03	5.052702756179437704e-02	-5.056442648302516673e-04	2.622593409075336945e-02	1.634637094616297418e-03	6.396418005980591959e-03	2.354893475170473545e-03	-3.058792888049965226e-04	5.504759459470161698e-05	-7.102580568795087684e-04	6.457339165474441749e-04	5.588331590294165312e-03	6.396419790952461923e-03	-2.691989536910602450e-03
-2.005932968542834677e-02	3.128599088130369892e-03	2.284115548659296138e-03	1.110729822970389809e-02	-4.184635621650935507e-04	5.485816458863332660e-04	-9.940465458909159696e-03	1.012517740848566626e-03	3.089373062365714448e-03	2.904710017241248757e-05	2.082225004235894615e-04	-1.507388499459672970e-03	-4.329611083715842121e-04	-3.711095622815483623e-04	6.025666930757974868e-03	3.533669315391391386e-05	2.283899958108435296e-03	-3.294526070744870235e-04	7.501230839277739110e-04	-1.537919893920607246e-03	2.231596982109155324e-05	-5.965471991279137085e-04	1.560688263685613888e-03	-1.673115020301221834e-04	1.097844583394559821e-02	-3.846310251375507569e-04	4.803428348103715769e-04	-2.204440303836481313e-04	3.169578148870257420e-03	1.103416142771408183e-02	2.480511530077660065e-02	-7.217707776265224699e-04	-1.563851239517624050e-03	-9.542277056326790071e-04	-5.623316830316685581e-05	2.610598621449154721e-03	-2.182325544834529747e-04	6.993182162044101304e-05	-9.145856952970173211e-04	-9.530143600637340842e-05	1.429098117272637955e-03	2.058552613034315103e-03	1.182871728657525212e-03	1.114936505753472834e-02	1.614170608774177394e-03	2.622592760078466811e-02	1.461907343334502285e-02	1.399169829830191128e-03	-8.497770208032152245e-03	6.465151334662168348e-03	2.574396389133218332e-03	2.322817923926250722e-02	3.457387505918618330e-04	1.228992166483431139e-02	1.752243777060387506e-03	2.193938294524853602e-03	1.921729415854243461e-03	5.735864823068413903e-05	1.551607114729652034e-04	-1.381021002361810471e-03	6.268782934433343940e-04	1.509868883812747961e-03	4.048905215787974507e-03	-8.606989453835337369e-04
5.488238736051599329e-03	3.507176665075125918e-03	7.738149706044339035e-03	-2.204645703592291069e-03	3.579372246836228476e-03	-3.821897811796760229e-04	1.113496924025040354e-03	-2.706972147735332124e-06	-5.674422232700637118e-04	-6.108626998586508977e-05	-6.089058515406873921e-03	2.312705326685779200e-04	-1.447260563998255256e-02	5.128634624938017321e-04	-5.839495145938732121e-04	6.050798442074307310e-03	-2.497077988510138218e-03	-3.309511849888867405e-03	-9.692604424728870627e-03	3.141480763550069948e-04	-6.234935849941493531e-03	-5.646772171778606303e-04	-1.593052934989517416e-03	8.537520268615136042e-04	-1.934250160614652859e-03	1.115229944610836733e-03	-3.663722934548750785e-03	1.609795750634747521e-03	-9.861797650740519033e-03	2.408789849004304515e-03	4.355119010175206558e-04	6.495856910259136668e-03	-1.211837515307448952e-03	-4.737108213381678937e-03	-2.506799883086263496e-03	-3.993490901737856624e-04	2.384744535101156312e-04	-1.818643984522654803e-03	-1.176545906430630836e-03	-3.331429181261753338e-03	-2.759074527898700913e-04	6.686768279194413300e-03	4.910210969275084596e-05	2.225554682576126944e-03	-6.646106650619610853e-03	5.588339499181685897e-03	1.399169829830191128e-03	1.581360480487369394e-02	1.104148277435479863e-03	9.931451542234934898e-03	3.861227718073705593e-03	4.724633433041762714e-04	-1.053732565505696023e-03	1.509876440012378369e-03	5.386036039078728396e-04	6.546660567397238721e-03	3.318945472490738603e-04	3.340448006060313477e-03	-1.167202864654225602e-03	6.571887349501525592e-04	-6.633132100353622031e-03	3.496819780380423879e-03	1.333577292964813069e-03	1.074461491285007633e-02
2.280163825823731255e-02	-2.139191945126990915e-03	1.342835306436843471e-03	-9.868047831686831833e-03	2.488113465180197877e-03	5.559309490460203175e-04	1.130996606244097889e-02	-1.983781492009329545e-03	-1.037885436969054583e-03	6.494643504947045396e-06	-1.256164504756310252e-04	-2.085131931744510319e-04	7.250221794570148662e-04	-2.018692577469984907e-03	-3.732307418474025210e-03	1.817908432541682129e-04	1.404187610574782891e-03	-1.649461310788344890e-04	-5.489614103797938859e-04	-2.212009990490166906e-03	1.647851808042850115e-04	-1.153089344265996940e-03	-5.812476127698283819e-04	-1.321202659620984298e-04	-1.008497753533485822e-02	9.040665608611065003e-04	-1.360386693660555965e-03	-5.851654393390817287e-04	-5.273451197700373613e-03	-1.117122308838844856e-02	-2.235045467712740500e-02	4.015901964270492119e-03	2.366244868338170017e-03	9.403999311478770853e-04	7.477592610907731006e-04	-5.680053723127898718e-03	1.594881603255114948e-04	-1.629696743543918198e-03	3.068695223840808492e-04	-5.294828026828111251e-05	1.385175033509988395e-03	-5.528774059060832802e-04	5.439741868859266759e-04	-1.105251053244988950e-02	7.279109595479324457e-04	-2.111295202665180309e-02	-8.497770208032152245e-03	1.104148277435479863e-03	1.333698980267638938e-02	-3.298780937726644887e-03	1.297793216660743376e-03	-2.368659780920414140e-02	1.388846552521991922e-03	-9.940470278483303987e-03	1.511013413146415369e-03	-1.380696421004171896e-03	-1.058110813632267590e-03	-2.673309731736159419e-04	-3.977591639825406788e-04	2.282578847533365055e-03	-4.447592686528857060e-05	1.113490355829093370e-03	-7.838514942886207898e-04	6.522316951017793820e-04
-5.173397097293689316e-03	6.380982093332962339e-03	9.471470766626396975e-03	3.253508612072685512e-03	3.178964293877167228e-03	-1.471154962101105343e-04	-3.732302403289487584e-03	1.198237877622680692e-03	8.798118844021567434e-04	9.599902543345491647e-05	-1.563247214017766430e-03	-5.338174134143451989e-04	-5.676124944674297394e-03	-1.239902004971392196e-04	1.414267729555723427e-03	1.833868159625557780e-03	-2.591354833876978892e-04	1.963400682654942685e-03	1.951825787301377489e-04	3.481907777299132517e-04	-2.160789294781294625e-03	-6.642309566168286402e-05	-1.076755198284053117e-04	1.443606855419946088e-03	2.985866115606361504e-03	-1.351496293951829611e-04	-4.043503996003373901e-03	1.069610092266364172e-03	-7.821411777402127383e-03	6.244944758924298074e-03	1.030987215634870946e-02	3.647412526723996934e-03	-1.544383885497847223e-03	5.188937342221037335e-03	1.466044331286751184e-03	3.164485792203241242e-03	-2.916554967854201861e-04	5.018364595609903613e-04	-5.529477649431271003e-04	2.057034649661788027e-03	-5.506559509700601775e-05	6.250368772951528373e-03	7.823544331511788491e-04	6.476962289842437548e-03	-3.775212785872963071e-03	1.472814702216916974e-02	6.465151334662168348e-03	9.931451542234934898e-03	-3.298780937726644887e-03	1.497352519282973624e-02	6.034819113857719554e-03	1.020614044534381634e-02	-2.817512398283987919e-04	6.025665751251952501e-03	7.839718820647114794e-04	6.696065969979696567e-03	9.301341426877437774e-04	-1.547884053619025041e-03	-7.777219480189084821e-04	-1.636151134971897559e-03	-1.209500749318715438e-03	-5.839516680280048546e-04	9.758929470890980243e-04	-6.211727609817436786e-04
1.040446020838865131e-04	-3.602221668337866455e-03	6.151143294321575333e-03	2.546048129402157041e-04	4.876717712849202441e-03	-6.792645064641212455e-04	-5.812481656976108265e-04	-4.259630449219187383e-03	4.145092138426653347e-04	5.975676807480482296e-04	7.828546273228854067e-04	-5.194605616024506505e-04	-3.399551947273773641e-05	-1.082303543870986396e-03	-1.076747485310228090e-04	1.080198724087898243e-03	6.277262758248330259e-04	2.632887765053667974e-03	3.520046528531169984e-03	-1.963948921401974549e-04	5.451435454654014658e-04	-2.042765021854665039e-04	7.022760940389133984e-05	1.023551573451414107e-03	8.723569888497981813e-04	4.174559938261878343e-03	5.562248081117824938e-05	5.984738152777528339e-04	-4.170609622814694384e-03	3.410447821702129994e-03	3.196489125799775385e-03	9.039545203020981495e-03	-7.489023132365533065e-04	5.785008200531307175e-03	3.531489735117913659e-03	1.154190352847001434e-03	4.208612388278674976e-04	5.777716882633093364e-04	-7.150514083345045234e-05	1.976312447253290427e-03	6.638277616554874583e-04	4.730625216867081172e-03	4.904828193161821573e-03	1.632141743893853131e-03	5.640142496488978301e-03	5.286018616588270859e-03	2.574396389133218332e-03	3.861227718073705593e-03	1.297793216660743376e-03	6.034819113857719554e-03	1.050381893340528172e-02	1.529120519715277456e-03	4.953749777194968451e-03	1.560685356916697610e-03	1.085202571181974936e-03	-1.782044701768173509e-04	4.492711532881776717e-04	-2.282152513681371710e-03	-8.421567979998309745e-04	-9.790024704053313081e-04	6.602001886948636634e-04	-1.593054827745210913e-03	-1.497472608550546669e-04	-2.821313172870925680e-03
-4.612079999518826912e-02	4.710506278789562337e-03	3.344570882159392461e-04	2.353194647330167366e-02	-3.931789258298685162e-03	6.152510078788198111e-04	-2.235045503859636740e-02	3.234436850794962515e-03	3.299782826332414189e-03	2.558720815976917441e-04	-6.381737424644985364e-04	8.829337536824122680e-05	-3.269959623426839899e-03	3.798428283523187961e-03	1.030988014643818146e-02	9.151946678894552550e-04	3.992185836591258166e-04	-2.152655598794902831e-04	1.230007165056166735e-04	3.185515578230281239e-03	-7.477772167017505446e-04	2.124320166249519214e-03	3.196489487043662620e-03	2.299322556703403610e-04	2.208500193587347241e-02	-1.235215803545916665e-03	1.693610406236755296e-03	2.901074247203350252e-04	9.380720746750720665e-03	2.310678891738736015e-02	4.918841846308445731e-02	-4.604603856126548642e-03	-2.297381488566872538e-03	-3.197609667219343706e-03	-1.096442903702485447e-03	9.256619496144060516e-03	-1.740968483527964675e-05	2.859872998128441292e-03	1.762399768456815376e-04	-6.482250169682758460e-04	-6.939632768237283516e-04	2.267321710986279059e-03	5.715649318247502733e-04	2.479769446334711275e-02	1.362125723732508873e-03	5.052702756179437704e-02	2.322817923926250722e-02	4.724633433041762714e-04	-2.368659780920414140e-02	1.020614044534381634e-02	1.529120519715277456e-03	5.258441419374951242e-02	-1.254716669399214782e-03	2.480512571245749309e-02	2.209664677897429886e-04	4.428963471764104515e-03	1.644246279917315704e-03	1.273932327059572323e-03	2.065089564330925781e-04	-2.967500674646409136e-03	-1.060350549862012527e-03	4.355185068775015871e-04	2.819931088679895372e-03	5.282181288237408493e-04
2.752956894347678468e-04	-3.939736376340118029e-03	8.656724277258143500e-04	4.450221516963346886e-05	5.079221530559709097e-03	-4.871680685605380605e-04	3.068675643449199179e-04	-4.260710275237680755e-03	-1.559132088543608988e-04	7.922693599747680521e-04	1.585034992857581662e-03	-1.725208465856831565e-04	1.674499703315510298e-03	-5.706955001855463800e-04	-5.529473937930523423e-04	3.928082148824688850e-04	1.953637013823049840e-04	1.283078640766374852e-03	2.240056306920565603e-03	7.437946940203132384e-05	1.144601610338581623e-03	-2.482583073284857334e-05	-7.150535154563101214e-05	3.226550759195631775e-05	9.764221177422993192e-04	4.055170946654152071e-03	4.243462778450050876e-03	-7.083578275886039371e-04	-8.525076443150416566e-05	3.049067007439312219e-04	1.762427290077606904e-04	4.409877687829898488e-03	2.186828890454503002e-05	1.660991836388681520e-03	1.446019720348744190e-03	3.206939558687786477e-04	5.879816375481074133e-04	5.526524774712568075e-04	3.092942508592596315e-04	-2.885702550597243009e-04	4.674493054914810597e-04	3.913139177486535392e-03	4.157244678099379642e-03	-8.067301985361398625e-04	5.215629992087671835e-03	-5.056442648302516673e-04	3.457387505918618330e-04	-1.053732565505696023e-03	1.388846552521991922e-03	-2.817512398283987919e-04	4.953749777194968451e-03	-1.254716669399214782e-03	5.140818122460985920e-03	-9.145872132201347078e-04	6.291372291870518142e-04	-5.344725845582480594e-03	-5.498019629855386718e-05	-7.955139206332766154e-04	-4.119074681585452270e-06	-4.812643457456108713e-04	8.314465955804951946e-04	-1.176546010167939943e-03	-6.459224036716861928e-04	-1.121844993089472949e-03
-2.005933398508580670e-02	3.089370392371964050e-03	2.283897625311194328e-03	1.097845000182657432e-02	-1.563850159108322313e-03	1.429099447375536871e-03	-8.497770948716251369e-03	1.921727668574455157e-03	3.128600911192412366e-03	2.904688459275608670e-05	-3.294555763533262125e-04	-3.846320643333081980e-04	-9.542355751876003492e-04	2.058552518889852911e-03	6.465153183467757872e-03	5.736181963592368901e-05	2.284114831607452455e-03	2.082259893048059697e-04	7.501239396183298665e-04	4.803436588057884518e-04	-5.623662702099100459e-05	1.182872609674346775e-03	2.574396848973324430e-03	1.551635587866380731e-04	1.110729912393233244e-02	-1.507386245433635103e-03	-1.537920560882033872e-03	-2.204440882244415383e-04	2.610591614414017707e-03	1.114936580339747664e-02	2.322817967976144315e-02	-1.381015711233674146e-03	-4.184672754829371925e-04	-4.329517921677144502e-04	2.231995198083329285e-05	3.169584543097851009e-03	-2.182328173417801475e-04	1.614173369620733323e-03	3.457381781646242237e-04	6.268821598877016496e-04	5.485803200735038434e-04	-3.711070070890209625e-04	-5.965487435212299579e-04	1.103416630066079811e-02	6.992622336521047723e-05	2.622593409075336945e-02	1.228992166483431139e-02	1.509876440012378369e-03	-9.940470278483303987e-03	6.025665751251952501e-03	1.560685356916697610e-03	2.480512571245749309e-02	-9.145872132201347078e-04	1.461907824381351167e-02	1.752243117394279960e-03	4.048905761262629535e-03	1.012519993289562716e-03	3.533252838868821105e-05	-1.673142784832220827e-04	-7.217739329694633933e-04	-9.530402886388081632e-05	1.399167628437720471e-03	2.193939644042133645e-03	-8.607003323535084797e-04
1.044134499305104154e-03	5.251145571729554790e-04	1.323099397309702389e-03	5.924432516274995503e-04	6.365742145855426883e-04	4.027712922101947177e-05	1.511012877881624545e-03	-1.007504073669073468e-04	5.251135794211679586e-04	1.675035273078284768e-04	-2.934955598566114910e-05	-5.101800388931375689e-04	4.101121764214094701e-05	-5.127628942821364560e-04	7.839697125841477501e-04	1.274278726727536655e-04	1.323098338187509012e-03	-2.934864962635521250e-05	8.794348238386368326e-05	-9.088504240303364517e-04	1.586955467576109044e-04	5.216223051413143710e-05	1.085202635957895241e-03	-6.037175563079674587e-05	5.924437017989919729e-04	-5.101797262016795559e-04	-9.088513783956691985e-04	-1.456740002166592631e-03	-7.625155505412112115e-04	-2.973524085127290375e-04	2.209671048088600776e-04	7.148270580129365958e-04	6.365737545491785424e-04	4.101282448832848748e-05	1.586961428840599710e-04	-7.625123065997951605e-04	-1.327384829632886128e-04	6.179454310977535846e-04	6.291378995230921794e-04	1.520614244033035905e-04	4.027760285188767344e-05	-5.127611500372739788e-04	5.216184763965186615e-05	-2.973522255246999571e-04	6.179429084416453817e-04	1.634637094616297418e-03	1.752243777060387506e-03	5.386036039078728396e-04	1.511013413146415369e-03	7.839718820647114794e-04	1.085202571181974936e-03	2.209664677897429886e-04	6.291372291870518142e-04	1.752243117394279960e-03	2.500649983708315947e-03	5.041850187968103386e-04	-1.007508667453639400e-04	1.274274221557361749e-04	-6.037234349806240905e-05	7.148257614373997731e-04	1.520605569510278090e-04	5.386000341034403137e-04	5.041834754264320085e-04	-2.553637272042722916e-05
-4.256800874055478639e-04	5.137411031845144291e-03	4.127795541486465117e-03	7.876727714887740185e-04	-5.796080699424333016e-03	6.774072096086909602e-04	-7.838473151487683607e-04	5.352091778239861236e-03	7.712780054749182861e-04	-7.562066940023286308e-04	-3.640537556284292181e-03	-1.597815275026880761e-04	-5.535840302508927835e-03	4.472524099125918052e-04	9.758931398752460724e-04	1.568939789116583806e-03	-4.213908538321723936e-04	-4.170730956755693106e-04	-3.019378552789629255e-03	1.047300734028310497e-04	-2.472859454395418856e-03	-1.234464133654667307e-04	-1.497466839216623309e-04	1.080511503343560770e-03	-1.026966738441868233e-03	-4.392737468934716435e-03	-9.078736188450665240e-03	1.336881904988456620e-03	-3.885603102400345642e-03	2.258596527420998236e-03	2.819924634068300164e-03	-3.330633786670663234e-04	-7.268271801439451021e-04	5.770697435693758178e-04	-5.241041356549539128e-04	6.396447258916063486e-04	-5.486765105433273441e-04	-8.942872883736033285e-04	-6.459217828237375121e-04	1.427240933187533299e-03	-6.053757062498117897e-04	-3.997404137812696559e-03	-4.399790779864715118e-03	3.042568421235792610e-03	-5.106311744138555125e-03	6.396418005980591959e-03	2.193938294524853602e-03	6.546660567397238721e-03	-1.380696421004171896e-03	6.696065969979696567e-03	-1.782044701768173509e-04	4.428963471764104515e-03	-5.344725845582480594e-03	4.048905761262629535e-03	5.041850187968103386e-04	1.162829669425598754e-02	5.501961940043060845e-04	3.006500508237503627e-05	-8.689638068033092144e-04	-1.315077780740597172e-04	-1.895092600413803658e-03	1.333575185595695968e-03	1.021176220675667785e-03	1.643205803378313540e-03
-2.298659775920696823e-03	4.783229896160269209e-04	2.933553650372853648e-04	-8.636707576885118971e-05	-3.253867681335685023e-05	-7.500629537843894832e-04	-1.983783403699080922e-03	2.430809047963425416e-04	5.202574124091723616e-03	-5.116649189943695344e-04	2.736199289515426529e-04	-4.240629400596199541e-03	2.549015211745078247e-04	-3.966817486764439606e-03	1.198238135259322313e-03	-5.676587574590549702e-06	8.624340809930733896e-05	-4.731718541509376285e-04	-2.004879610538717449e-04	-4.271337825986152789e-03	-9.617108209690685035e-04	-4.073816135255854329e-03	-4.259630377924117708e-03	5.908609932011364783e-04	1.533879985891870024e-03	-8.206356612421177618e-05	-7.498362731482539423e-05	1.235108094283355164e-04	3.645964094157329955e-04	1.710956828143144360e-03	3.234440329950323892e-03	-4.619925076418541349e-05	-5.106135857499687070e-03	1.912678919062800703e-04	-2.669193552933845671e-04	1.087746975688913455e-03	-4.053664945116855554e-04	-4.039459294369520531e-03	-4.260709606294038956e-03	6.056893533878291661e-04	7.657947548139964426e-04	4.259426840246993045e-04	2.462334910627094831e-04	-7.180272526560877442e-05	-2.609453792738930294e-05	2.354893475170473545e-03	1.921729415854243461e-03	3.318945472490738603e-04	-1.058110813632267590e-03	9.301341426877437774e-04	4.492711532881776717e-04	1.644246279917315704e-03	-5.498019629855386718e-05	1.012519993289562716e-03	-1.007508667453639400e-04	5.501961940043060845e-04	5.223185360808766525e-03	-8.070293936999460311e-04	5.631566804585193785e-04	-5.355212687783356129e-03	1.316630113500966278e-03	-2.708681015772259693e-06	5.352090874942865874e-03	-1.087843963835872889e-03
4.868871516404398719e-04	-2.297343007291085138e-03	-6.725579703920403496e-03	9.728468441186290290e-05	-2.719444195448612704e-03	-5.951098543201045114e-05	1.817937503686302403e-04	-5.678250953476551513e-06	-1.726407868752066928e-03	1.765639270023809139e-03	-8.416953701693439052e-03	1.936953999753777533e-03	-2.156106790494188505e-02	3.046184751622796512e-03	1.833867300472932435e-03	1.197587075384607888e-02	-3.086246605624919960e-03	-1.066098631331077046e-02	-2.255881014038996907e-02	1.653526040956218883e-03	-1.122715331029892558e-02	1.452072073137339932e-03	1.080198340248954324e-03	3.861715436117935324e-04	5.122725051077397910e-05	1.638563295048932984e-03	3.399243654252022059e-03	1.465898669221747013e-04	2.463836277728555929e-03	2.353234918755066167e-04	9.151873605651808258e-04	6.588843449797136213e-04	-4.211781981577154138e-04	-2.550511871250041307e-02	-1.185955782270618070e-02	-8.103294130836548878e-04	-2.781321448504292309e-04	3.942496922298034797e-04	3.928074326018751207e-04	-1.140863723403294852e-02	-3.609886246308666906e-04	2.284938840201485889e-03	6.916691926519484383e-04	9.167801187222545355e-04	-4.171410971533552354e-04	-3.058792888049965226e-04	5.735864823068413903e-05	3.340448006060313477e-03	-2.673309731736159419e-04	-1.547884053619025041e-03	-2.282152513681371710e-03	1.273932327059572323e-03	-7.955139206332766154e-04	3.533252838868821105e-05	1.274274221557361749e-04	3.006500508237503627e-05	-8.070293936999460311e-04	1.496797879283857415e-02	1.646964557560045769e-03	3.728876609266314375e-03	-1.092427430011780852e-02	6.050796409813380058e-03	1.568940636438793598e-03	2.671323528679960674e-02
-3.325283982405043874e-04	5.690671747422598650e-04	-1.065141231668492033e-03	-6.094463150746378538e-05	-6.677496519662605261e-04	-1.876283511881108050e-04	-1.321182831418877819e-04	5.908603767031141412e-04	6.564829050345389640e-04	1.689253616309731524e-05	1.671538861413662813e-03	-3.016213226527350531e-05	1.379909901545455387e-03	6.719634066522086821e-04	1.443605739820836686e-03	3.861692653110096072e-04	9.099714917797725906e-04	4.058641071985769760e-04	1.923016239282441471e-05	-6.187800983322685241e-04	-4.403119271629658479e-04	6.207717409548905389e-04	1.023551978067731988e-03	1.443969053777838544e-03	2.291457995772309118e-04	-7.520935269105492741e-05	1.174372234297513164e-03	-4.367512255829111628e-05	1.574185586496521568e-03	-5.404133045301874215e-05	2.299271676105722815e-04	-1.324608851144770238e-03	-4.300263332697337152e-04	-1.407331070685143666e-03	-1.660655825321443379e-03	-4.897830348477448439e-04	-3.055375721219273199e-05	5.808112258646525895e-04	3.226591601231803012e-05	4.104281827166694936e-04	-1.806527904968878689e-04	4.741504448935040953e-04	5.693454843623370950e-04	2.544847966405415366e-04	5.858694382794992113e-04	5.504759459470161698e-05	1.551607114729652034e-04	-1.167202864654225602e-03	-3.977591639825406788e-04	-7.777219480189084821e-04	-8.421567979998309745e-04	2.065089564330925781e-04	-4.119074681585452270e-06	-1.673142784832220827e-04	-6.037234349806240905e-05	-8.689638068033092144e-04	5.631566804585193785e-04	1.646964557560045769e-03	2.514941492047617633e-03	5.338117832074237498e-04	1.609447760415313577e-03	8.537498634349444202e-04	1.080510714334694282e-03	2.431145129468850036e-05
6.486692668448154966e-03	-6.978899945457111252e-04	-1.033911171900071205e-03	-2.235071978183527167e-03	-6.222207558468228908e-04	6.407783091920743381e-04	4.015903310823852254e-03	-4.619897260822448227e-05	-5.964849385222131470e-03	6.780792124145869479e-04	-5.415437386988459232e-04	5.335065224048677127e-03	3.414070598922101752e-05	4.966220246268575333e-03	3.647408348857169268e-03	6.588854916197054530e-04	3.853238794683201338e-03	-1.974920630359925083e-03	-2.446429568060392093e-03	2.778043280899572054e-04	1.345678143113987566e-03	4.373221714928832334e-03	9.039545074031101954e-03	-1.324607320001477788e-03	-3.141549413022626074e-03	6.780843261415918908e-05	-4.281308488007029643e-05	1.150906851848757483e-03	-8.181291026097248752e-04	-1.056868136987277294e-03	-4.604610413574850014e-03	4.238662297399248486e-04	5.030455534759227867e-03	-5.649662881690378433e-03	-2.031174857239532571e-03	-6.558862567138435545e-03	6.337418300639548023e-04	4.046914210176154672e-03	4.409878903370295991e-03	-2.785387463889002144e-03	-7.536481046190384673e-04	-7.955018682623464597e-04	-5.476704883711133991e-04	1.108000977900402842e-03	-7.460765103135800526e-04	-7.102580568795087684e-04	-1.381021002361810471e-03	6.571887349501525592e-04	2.282578847533365055e-03	-1.636151134971897559e-03	-9.790024704053313081e-04	-2.967500674646409136e-03	-4.812643457456108713e-04	-7.217739329694633933e-04	7.148257614373997731e-04	-1.315077780740597172e-04	-5.355212687783356129e-03	3.728876609266314375e-03	5.338117832074237498e-04	1.157800665264693135e-02	-1.200980130435704701e-03	6.495852887843149570e-03	-3.330669232431594665e-04	4.147445977347801252e-03
-6.884069361767686159e-04	2.233505430696353360e-03	3.764392291391070212e-03	-4.722938254016287047e-04	4.590421768033947874e-04	-1.428305222531830684e-04	-5.294648031883295643e-05	6.056892094705465610e-04	2.705569380310422593e-03	2.346184373978587321e-04	1.182728317437858889e-02	-1.892705053890787617e-03	2.554503957012285720e-02	-1.906764288587462115e-03	2.057034089972294925e-03	-1.140864322843312267e-02	5.862962410720252288e-03	1.122246767665255676e-02	2.274314786650591738e-02	-4.018432023913208820e-03	1.077402108565099839e-02	-6.679381565620429260e-04	1.976313839406943201e-03	4.104261885561016443e-04	6.425646438613574958e-05	-1.715540164894678631e-03	-1.324150319369809311e-03	-8.187368376738507920e-06	1.655939816530335035e-03	-2.315110853669769962e-04	-6.482301846205916745e-04	-2.785388407009332240e-03	-3.324697879589322107e-04	2.169200801185038746e-02	8.592313262381658795e-03	-1.328128099998153672e-03	-1.707302279728477746e-03	7.279945472692115390e-04	-2.885681158885507690e-04	1.206361643952061705e-02	1.813746492042407014e-04	-2.500287648239568269e-03	-1.383851671167922714e-05	-2.181963392836562738e-04	2.620204378175468914e-03	6.457339165474441749e-04	6.268782934433343940e-04	-6.633132100353622031e-03	-4.447592686528857060e-05	-1.209500749318715438e-03	6.602001886948636634e-04	-1.060350549862012527e-03	8.314465955804951946e-04	-9.530402886388081632e-05	1.520605569510278090e-04	-1.895092600413803658e-03	1.316630113500966278e-03	-1.092427430011780852e-02	1.609447760415313577e-03	-1.200980130435704701e-03	1.496946321667175228e-02	-3.331431790796830078e-03	1.427238093080198007e-03	-2.675240353075518038e-02
5.488232053363225303e-03	-5.674446291103601167e-04	-2.497082411986901486e-03	-1.934246114361251080e-03	-1.211837460290837026e-03	-2.759066579441737227e-04	1.104146962266717340e-03	3.318936182336932857e-04	3.507175816283277479e-03	-6.108539685676372141e-05	-3.309515942947300390e-03	1.115229299258990985e-03	-4.737118547449385535e-03	6.686763619684061091e-03	9.931443293114603638e-03	3.340453793420854797e-03	7.738152668206346035e-03	-6.089054984298297377e-03	-9.692607469440535709e-03	-3.663720831611461202e-03	-2.506805407115409931e-03	4.910425229567244121e-05	3.861229388536184873e-03	-1.167198697522020979e-03	-2.204647426651396187e-03	2.312721222796642359e-04	3.141511531707285232e-04	1.609794745998942853e-03	-3.993486750030300863e-04	2.225550284717130699e-03	4.724561501172567374e-04	6.571884914595331820e-04	3.579374741212007754e-03	-1.447259938435262183e-02	-6.234935079843035438e-03	-9.861790456253145126e-03	2.384728583128889869e-04	-6.646097408540846234e-03	-1.053728043930271616e-03	-6.633127879914056495e-03	-3.821942151484490039e-04	5.128648244326100992e-04	-5.646767979841230741e-04	2.408791988747048616e-03	-1.818645195129791042e-03	5.588331590294165312e-03	1.509868883812747961e-03	3.496819780380423879e-03	1.113490355829093370e-03	-5.839516680280048546e-04	-1.593054827745210913e-03	4.355185068775015871e-04	-1.176546010167939943e-03	1.399167628437720471e-03	5.386000341034403137e-04	1.333575185595695968e-03	-2.708681015772259693e-06	6.050796409813380058e-03	8.537498634349444202e-04	6.495852887843149570e-03	-3.331431790796830078e-03	1.581359120372007737e-02	6.546652044719035793e-03	1.074461572793539502e-02
-4.256853721812207665e-04	7.712756298607285465e-04	-4.213938514363634123e-04	-1.026963707241356502e-03	-7.268273591393488876e-04	-6.053754056701990491e-04	-1.380699053770204424e-03	5.501953167753516772e-04	5.137411812634631175e-03	-7.562054772760533426e-04	-4.170750693543634393e-04	-4.392739148665763399e-03	5.770616845154648419e-04	-3.997407722856992709e-03	6.696062945665996052e-03	3.007001038695145969e-05	4.127798126975394839e-03	-3.640535946061188022e-03	-3.019380814528196087e-03	-9.078736181407597722e-03	-5.241079117171269265e-04	-4.399790689135714417e-03	-1.782033335284418860e-04	-8.689613400000200175e-04	7.876726272972636158e-04	-1.597798964168333977e-04	1.047319992639392510e-04	1.336882222521227096e-03	6.396448375568200995e-04	3.042568713052674033e-03	4.428964267389794845e-03	-1.315069574704648761e-04	-5.796078547835800676e-03	-5.535838842807618357e-03	-2.472859425670644127e-03	-3.885598864030685197e-03	-5.486770425343635285e-04	-5.106307121695705629e-03	-5.344722748503292001e-03	-1.895091915717348743e-03	6.774057270870854821e-04	4.472536499789264708e-04	-1.234463049644029164e-04	2.258599448891640028e-03	-8.942888962275239708e-04	6.396419790952461923e-03	4.048905215787974507e-03	1.333577292964813069e-03	-7.838514942886207898e-04	9.758929470890980243e-04	-1.497472608550546669e-04	2.819931088679895372e-03	-6.459224036716861928e-04	2.193939644042133645e-03	5.041834754264320085e-04	1.021176220675667785e-03	5.352090874942865874e-03	1.568940636438793598e-03	1.080510714334694282e-03	-3.330669232431594665e-04	1.427238093080198007e-03	6.546652044719035793e-03	1.162829158531429249e-02	1.643209733300147676e-03
2.794329373494021645e-03	-4.403431289566763114e-03	-1.073149019687541506e-02	-5.038301679821975210e-04	-2.171175441108601917e-03	-2.087394193930640818e-04	6.522318020590386206e-04	-1.087845619397675555e-03	-4.403432068240342723e-03	1.424392066411732036e-03	-2.303192939657058153e-02	3.312917707883427515e-03	-5.130443285708964629e-02	4.700769321686599708e-03	-6.211717206313417151e-04	2.671324107137923801e-02	-1.073149185362302742e-02	-2.303192399812689639e-02	-4.958065643765560693e-02	5.032785040793551386e-03	-2.323700856671958789e-02	1.015263103521834957e-03	-2.821313959992399582e-03	2.431604122941023854e-05	-5.038288993465448286e-04	3.312916919618919161e-03	5.032785391771204576e-03	1.404327669989789099e-04	3.204867935433954713e-04	-5.016440372967470135e-05	5.282174814667493778e-04	4.147445416786660344e-03	-2.171178531814169695e-03	-5.130441882879661908e-02	-2.323700226584392986e-02	3.204871879109299224e-04	1.309537100834278151e-03	-2.551711751718058370e-03	-1.121847693268351832e-03	-2.675239705463584861e-02	-2.087388225357169800e-04	4.700770644578472143e-03	1.015263991513943621e-03	-5.016433028031504952e-05	-2.551710223271137258e-03	-2.691989536910602450e-03	-8.606989453835337369e-04	1.074461491285007633e-02	6.522316951017793820e-04	-6.211727609817436786e-04	-2.821313172870925680e-03	5.282181288237408493e-04	-1.121844993089472949e-03	-8.607003323535084797e-04	-2.553637272042722916e-05	1.643205803378313540e-03	-1.087843963835872889e-03	2.671323528679960674e-02	2.431145129468850036e-05	4.147445977347801252e-03	-2.675240353075518038e-02	1.074461572793539502e-02	1.643209733300147676e-03	5.885489549705909262e-02
