4.950658499678672886e-02	5.402033149806023150e-04	-2.656589996188476544e-04	-2.432085189880894144e-02	-6.626148072478424194e-04	6.342939836178018665e-05	2.443177597556667191e-02	9.244726835490960093e-05	5.402008510882606428e-04	-7.762679020635185540e-05	-1.043273262453101784e-04	4.516424601667185152e-04	-3.971061032744660621e-05	1.150941407511478281e-03	2.445336593890045859e-03	-1.005728423132819206e-04	-2.656704402739061143e-04	-1.043270550996832312e-04	-7.458605982502809024e-05	1.481465477382074144e-03	2.448592568422880737e-05	8.716441051198036815e-04	1.227921447750434476e-03	-7.056548757239936498e-05	-2.432084842876645892e-02	4.516433784213533340e-04	1.481462005533653627e-03	-8.299367030494481708e-04	2.473265826171975115e-03	-2.669415344405563079e-02	-5.492693847681717756e-02	1.118505128119186699e-05	-6.626200556157973900e-04	-3.970938594623004835e-05	2.448663173081811102e-05	2.473273541410734612e-03	3.204664660766809567e-05	8.122198653490598618e-04	2.863570802187353505e-04	-4.629801641801107117e-05	6.343160893802289970e-05	1.150943500842795597e-03	8.716455819350655589e-04	-2.669415554041472405e-02	8.122198001264208317e-04	-5.610647539831317004e-02	-2.652205119862064558e-02	4.888205816312356320e-04	2.443177935360652669e-02	2.445342145832218785e-03	1.227928435068999149e-03	-5.492694533082075059e-02	2.863592263544832532e-04	-2.652205378108209513e-02	-6.629590321217666924e-04	3.179801718522609795e-04	9.244872511375261804e-05	-1.005735396268251454e-04	-7.056589007788147507e-05	1.118039146651835017e-05	-4.629832826285847427e-05	4.888196029118683627e-04	3.179798548554461143e-04	-1.133892092348081715e-04
5.402033149806023150e-04	9.287625699810325014e-03	3.241178143286076955e-03	-6.199873879450500114e-04	-1.415284175258251648e-03	-3.180086632084387372e-04	-2.266885504291551312e-05	5.255465945941017319e-03	3.937997133392617799e-05	2.071742143874902829e-04	3.557797246553262745e-04	-1.707207060459140950e-05	3.581304022677558505e-04	2.799115847066285166e-05	1.929170599676999237e-05	2.794585869937265274e-04	1.167478530901142010e-04	4.127382914315911580e-04	8.444330114150957675e-04	-3.259953238420186566e-05	3.386857888910749974e-04	1.206938854942377469e-05	5.044900748484552498e-05	1.681202233047849920e-04	-1.459385795991176131e-04	-5.223744988146959006e-03	-4.634563099505757330e-03	3.928997154505697127e-04	-3.361013293182818669e-03	4.292752443575754192e-04	-7.682494516929772206e-05	-6.802077574734446790e-03	3.628866756431182165e-05	3.483564248196918721e-04	4.831569352133041444e-04	-1.248384022603206341e-05	9.167886331235667349e-05	-3.070825939033729852e-05	1.573897753526934200e-06	1.104733467890505307e-04	5.765909504470894472e-05	-1.357022267980062015e-03	-5.301610078995962552e-03	-1.103860705757911116e-04	-9.775121829453368300e-03	-5.565203856742764960e-04	-3.922421053966910522e-04	3.514442104896804784e-03	3.844937127567384159e-04	3.320083499694708937e-03	-6.559072494676094350e-03	-5.331520306402510317e-04	-5.322472823987055637e-03	-4.309344305231637817e-04	-1.815648789521467411e-04	4.761869697046954182e-03	-1.563897498209352576e-05	-2.277955109557134054e-04	5.356520825720652339e-05	3.796594828256342829e-05	4.279775347472066513e-04	1.202236655049477036e-04	1.859707108818623242e-05	-5.554541102692890728e-04
-2.656589996188476544e-04	3.241178143286076955e-03	7.720252324971053036e-03	-7.375759363356527011e-05	3.074168957404815102e-03	1.346488867433195627e-05	-1.349877263596732690e-04	7.528556811020329829e-05	1.167480832578001370e-04	-8.727453433280282183e-06	2.957301357045991720e-05	-1.261676439749095170e-05	1.229059065583911576e-04	1.001984878757232380e-04	1.031934721590642466e-04	-7.838607645405991169e-05	3.834545015896041937e-04	-5.650275805233969956e-05	-7.280602912461407760e-05	-1.237752681462385440e-04	5.826672295190809701e-05	7.031872797457341744e-06	1.481621698922368571e-04	-6.422080268912784442e-05	1.265848925310224032e-04	-2.537492039522774631e-06	-3.344453858254928767e-03	5.589307765548661637e-05	-5.934274465533346046e-03	-6.182875144831765182e-05	-3.676797231946387783e-05	3.458797516153983703e-03	1.601890227476669845e-04	-2.364624259082421598e-04	-8.919704438270579638e-05	-1.394238727897423172e-04	-9.863940018276824576e-06	-9.375855393826959538e-05	3.146170384520047503e-05	-9.552280652367398886e-05	-8.457684035695814842e-06	3.318033170299605761e-03	3.705382736020246986e-05	-5.065218569151420323e-05	-3.218236435117646961e-03	-3.460627601000266021e-04	-2.988757225743031128e-04	8.367445460311394301e-03	-1.682778563717262873e-04	6.195485604907271550e-03	3.433781401672828144e-03	6.658463471327068239e-06	-4.159373647800680755e-05	-5.927939405939130471e-05	-1.891000748105726016e-04	3.638350066245393116e-03	-6.959395933802459730e-06	2.786161505275279730e-05	2.287357601470606916e-05	9.329408399751906895e-05	7.943753754341900263e-05	2.905213762639977885e-04	8.072724398931191013e-05	2.030551723732768526e-05
-2.432085189880894144e-02	-6.199873879450500114e-04	-7.375759363356527011e-05	1.321031010433726567e-02	5.080888838286019577e-04	6.626669520287675752e-04	-1.156245511640088125e-02	-3.112635795662209610e-04	-1.459367551071026527e-04	4.932949296847379634e-05	8.263261713146084709e-05	-3.371007497659904038e-04	1.037384237042321021e-04	-6.820245235479251069e-04	-1.242923829393613412e-03	4.898015772858303128e-06	1.265918412289972227e-04	1.466698429739341067e-04	1.162241018719555367e-04	-8.498628393952935636e-04	1.270554329901714161e-05	-5.496660119697156701e-04	-7.638256521670774889e-04	6.017923323853290594e-05	1.228947147337951240e-02	4.795186410647679734e-05	-3.908876765741932358e-04	-2.936913479219283593e-04	-1.136133215756992458e-03	1.222701962342810124e-02	2.710844787786124283e-02	2.029187952956534001e-04	1.648985579501660147e-04	1.427861231418048294e-04	2.986531077838759559e-05	-1.180964940942705321e-03	-2.973720584664419386e-05	-5.470769794661041073e-04	-2.845394869986251772e-04	8.960697698892297223e-05	6.231058580108946379e-04	-3.684872418000742370e-04	-1.971685410854677250e-04	1.275623035362522667e-02	-1.429367607147714501e-04	2.767693252801900136e-02	1.433856784091126595e-02	-4.151519453688556774e-04	-1.115429270310739317e-02	-1.333027259074868413e-03	-4.363277717023174166e-04	2.721185687124525604e-02	8.747192656789574972e-05	1.346811453788358467e-02	1.066181221260280743e-03	-5.057528251134579649e-04	8.200425691912906104e-05	1.974747017698698359e-05	4.068825029981733846e-05	-1.611959468276564166e-04	8.449371853033086179e-05	-2.231202231507965793e-04	-2.982468557957973431e-05	-2.339496876862746575e-05
-6.626148072478424194e-04	-1.415284175258251648e-03	3.074168957404815102e-03	5.080888838286019577e-04	9.133112862281226110e-03	2.994487699154635332e-04	-1.716541607027403742e-04	-5.173840126795904368e-03	3.628905332459502885e-05	-1.287703460378656001e-04	-2.065933555945506368e-04	1.012739117052723710e-05	1.678339369935186534e-04	3.859601764015847976e-05	-8.697133858982026200e-06	-1.465896047847560773e-04	1.601895640542401174e-04	-1.305323727378522137e-05	-3.473254920680667935e-04	-6.528972906533932739e-05	-2.607684074353114356e-04	-2.012447884014251042e-05	3.645531597668474747e-05	2.531972996001774934e-04	1.648965326587975371e-04	5.293111691775058761e-03	6.678412692711134871e-03	-1.149378018457080373e-04	-3.008522696561022856e-03	1.389317949193744810e-04	6.823509308792006242e-04	4.532328363465131654e-03	8.294350200035232007e-05	2.840295094164826169e-04	-1.061838998952213653e-04	-8.591075769080841972e-05	-2.584337442792115826e-04	-5.776466172976172975e-05	1.863697069863802232e-05	6.551920282895510109e-04	-3.370437621218287449e-05	9.706445316691255862e-03	5.306089221625045517e-03	2.097060178962407919e-04	1.484880484583038897e-03	6.766368621751825841e-04	3.437198740897965624e-04	3.262898330310751160e-03	-4.219054360559520685e-04	3.243144212674122125e-03	4.537224071280066343e-03	1.107437593622233145e-03	5.197057569168698002e-03	9.748947023345853674e-04	2.305892137676746609e-04	-6.836825891101569637e-03	-1.410152597562043162e-06	-1.654018599462870286e-05	1.122871950056787944e-05	5.172178783690108589e-05	6.597442570010593271e-05	1.178578012621717586e-04	1.807735259928796624e-05	-7.736172798610143437e-05
6.342939836178018665e-05	-3.180086632084387372e-04	1.346488867433195627e-05	6.626669520287675752e-04	2.994487699154635332e-04	1.694541882421543751e-03	7.347992786891940735e-04	-3.270771324731104428e-04	5.765939051579495160e-05	-4.942139552770323934e-06	3.070755957475892778e-05	-1.065342945225175873e-04	8.763918400881743915e-05	-6.220370675013675403e-05	-1.366611871912814014e-05	-6.179320349274721206e-05	-8.457191339679083388e-06	4.968095936713241975e-05	4.639561965458569834e-05	-1.074649664835442778e-04	3.157687502221737347e-05	-6.579606283725822889e-05	-2.751639000736118284e-05	5.882168423489658417e-06	6.231069612198632604e-04	2.362186630233761180e-04	2.343773769189145054e-04	4.427334893147488260e-04	-1.279205614780719206e-05	-6.963909176197147699e-04	-7.372283981875443889e-05	3.646174761127985147e-04	-3.370430430289791073e-05	9.970426037391691854e-05	3.221002758946619164e-05	-1.054557850904179277e-05	-6.863539740716200415e-06	-6.885505125927212657e-05	1.021015348621620445e-05	5.947351210859103181e-05	1.652295096860203257e-03	2.914648137425470461e-04	3.041699773227152367e-04	-6.854266938997571456e-04	3.245504114801443926e-04	-6.892449405451093146e-06	6.544789372002891674e-04	7.313292094510558686e-06	6.717061762863592040e-04	4.808459994984088103e-08	3.840421667998064094e-04	-1.946373005142991279e-05	3.497699739062231283e-04	6.917806551369530630e-04	-4.196678381595506406e-04	-2.944088833536031733e-04	3.891980577071634255e-05	-3.953853544664352585e-05	1.028690528944425158e-06	-6.375725761626682621e-05	3.951731353212348957e-05	-2.470682366724086812e-05	5.191877333906823186e-05	-7.283157197612387509e-05
2.443177597556667191e-02	-2.266885504291551312e-05	-1.349877263596732690e-04	-1.156245511640088125e-02	-1.716541607027403742e-04	7.347992786891940735e-04	1.330799344455653108e-02	-2.004574610868013306e-04	3.844925426665271161e-04	-5.730995980122874584e-05	-3.481049776074475900e-05	1.193192189080884071e-04	6.046317358850256097e-05	4.721417114968562553e-04	1.212751113853721783e-03	-1.136688975035622700e-04	-1.682834970511510805e-04	-1.723201941818388520e-05	8.862149357592937919e-06	6.299692669087728330e-04	7.913781092082457431e-05	3.023477076028749594e-04	4.256994604510485778e-04	-4.677996894502232152e-05	-1.115428924515247944e-02	4.707813713166525329e-04	9.678862996517805439e-04	-1.111154740137302623e-03	1.279262451719005494e-03	-1.354626391303814445e-02	-2.723011401018149424e-02	3.024477045866763971e-04	-4.219083057792450504e-04	7.187361213838726912e-05	4.705795308735772709e-05	1.168487122538358972e-03	3.035301584828992716e-05	2.026275384688372102e-04	2.491559774852108771e-06	1.703390456371112335e-05	6.717072371029374472e-04	8.304403884712418258e-04	6.999974990775418258e-04	-1.440690064680356236e-02	6.671349763768548002e-04	-2.765090414056966400e-02	-1.266897453821476741e-02	3.047444519862395817e-04	1.239560307105572537e-02	1.169220907515251210e-03	8.735784938068084492e-04	-2.717719238878747723e-02	3.406436131182311641e-04	-1.213682065565867968e-02	4.010659151125482214e-04	-5.047818703886554950e-05	1.478873445205286714e-04	-1.154381467070402623e-04	-4.459514971810813930e-05	-1.505343435923920520e-04	8.408154110475193107e-06	2.221989838325162171e-04	2.540623876209748629e-04	-1.417455500803501995e-04
9.244726835490960093e-05	5.255465945941017319e-03	7.528556811020329829e-05	-3.112635795662209610e-04	-5.173840126795904368e-03	-3.270771324731104428e-04	-2.004574610868013306e-04	5.301064409156716617e-03	-1.563910300014613244e-05	1.914591794938597959e-04	3.056092696979300391e-04	-7.600841381393856139e-06	1.451322225720331430e-04	-4.383153725639384068e-06	-1.414942995272937395e-05	1.863043163731390958e-04	-6.959691817878190107e-06	2.291133531402620414e-04	6.375628354005055459e-04	7.585361357367656075e-06	3.185501798619253932e-04	2.684240427622052388e-05	1.481135618877465321e-05	-7.275591142074245687e-05	8.200446299618180867e-05	-5.066153812941329160e-03	-5.590181006049906726e-03	2.610814420322212946e-04	-1.963969687595582176e-04	4.183356328798698608e-04	1.829894096761687408e-04	-5.600972875327285549e-03	-1.410234222612532205e-06	8.390571490564046838e-05	3.081026855494970384e-04	1.246460905592917945e-05	1.364859757719727625e-04	2.341687786108282823e-05	3.840006486851553242e-06	-2.372258930121672852e-04	3.891992078065023781e-05	-5.459005088681237981e-03	-5.395205339759403043e-03	1.290195829928682204e-04	-5.543508032130571583e-03	-5.122556722968304912e-05	-9.163800933308101262e-05	1.093623103835717777e-04	1.478866672243419255e-04	3.793786885047636884e-06	-5.498441685926986830e-03	-2.593651122419300594e-04	-5.065438168703450747e-03	-4.468908078063930922e-04	-2.014933025685782821e-04	5.722008497690570829e-03	-2.334412501642331566e-05	-1.310150562398955853e-04	-7.505210869173516485e-06	9.412414756017539123e-06	2.019346717192142360e-04	4.566553535511607202e-06	-1.464607907487955007e-05	-2.921148005414925274e-04
5.402008510882606428e-04	3.937997133392617799e-05	1.167480832578001370e-04	-1.459367551071026527e-04	3.628905332459502885e-05	5.765939051579495160e-05	3.844925426665271161e-04	-1.563910300014613244e-05	9.287627945383961775e-03	2.071747931463451160e-04	4.127419584368192734e-04	-5.223746595899121312e-03	3.483609075041215787e-04	-1.357023020082006974e-03	3.320083904743036281e-03	-2.277975430767320098e-04	3.241180701642895449e-03	3.557828944498690055e-04	8.444387590758911004e-04	-4.634564752434745458e-03	4.831581872338673242e-04	-5.301610683736550020e-03	-6.559072345963034255e-03	5.356579937082790580e-05	-6.199874173758155617e-04	-1.707180173173205521e-05	-3.259915946638420025e-05	3.929004856020673554e-04	-1.248396433242896208e-05	-1.103836844058443114e-04	-5.331493962925287549e-04	3.796603895373595021e-05	-1.415283454632320758e-03	3.581351051238464622e-04	3.386879522596207711e-04	-3.361014233248855836e-03	9.167882213707797851e-05	-9.775122488657632391e-03	-5.322472848359685420e-03	4.279791027638157842e-04	-3.180092543731717343e-04	2.799170475626836196e-05	1.206989260424477570e-05	4.292787248486590193e-04	-3.070779808809028693e-05	-5.565143719177385005e-04	-4.309318939714647375e-04	1.202233705428226935e-04	-2.267032493652437804e-05	1.929175542201268598e-05	5.044947141946106898e-05	-7.682033484675820369e-05	1.574367627282848974e-06	-3.922386295989893114e-04	-1.815640197783945510e-04	1.859660744253195327e-05	5.255466941952698437e-03	2.794574005795226685e-04	1.681214006450571408e-04	-6.802079169653877690e-03	1.104760519652909611e-04	3.514441667885320492e-03	4.761870015039373905e-03	-5.554585057652196289e-04
-7.762679020635185540e-05	2.071742143874902829e-04	-8.727453433280282183e-06	4.932949296847379634e-05	-1.287703460378656001e-04	-4.942139552770323934e-06	-5.730995980122874584e-05	1.914591794938597959e-04	2.071747931463451160e-04	1.728035454381721863e-03	5.507211733514878966e-04	-1.772959022646161318e-04	-3.827895099272669941e-04	-1.540835041490019592e-04	-1.398885019890665931e-04	9.226405098719905103e-04	-8.727321409395024312e-06	5.507214254315005763e-04	-2.964813838994297384e-04	-1.495123854363163485e-05	-8.290504461026108104e-04	-7.973051346741055507e-05	-2.096330306767731099e-04	-4.121704763427628745e-04	4.932945533157476008e-05	-1.772958026547384667e-04	-1.495127740710682038e-05	2.378164263756364183e-05	1.349588940345385849e-04	8.474566497640535008e-05	1.359029914302327792e-04	-2.861782711666500034e-04	-1.287700198398622855e-04	-3.827892198954354350e-04	-8.290503979008446642e-04	1.349582027238172433e-04	-1.645449317043871842e-03	-1.900324401250450240e-04	-1.428919961503009167e-04	4.773473342852670382e-04	-4.942210341280291687e-06	-1.540836810755859656e-04	-7.972999022718629477e-05	8.474576649464281069e-05	-1.900312193407681881e-04	1.130779008686076052e-04	5.848527031127221960e-05	-6.540949473279238178e-05	-5.731013882645076085e-05	-1.398886660259081034e-04	-2.096322458846208389e-04	1.359033158057442294e-04	-1.428913690954049264e-04	5.848548600655334082e-05	-8.126075912044201439e-06	3.062874166574348081e-05	1.914593382696302948e-04	9.226405048007786137e-04	-4.121705553888867961e-04	-2.861784535798244126e-04	4.773472359469813357e-04	-6.540914707604173113e-05	3.062875958593187851e-05	4.772434629605223737e-04
-1.043273262453101784e-04	3.557797246553262745e-04	2.957301357045991720e-05	8.263261713146084709e-05	-2.065933555945506368e-04	3.070755957475892778e-05	-3.481049776074475900e-05	3.056092696979300391e-04	4.127419584368192734e-04	5.507211733514878966e-04	1.374925685575159942e-02	-4.880182011381662918e-05	2.640866150662626172e-02	7.145886110932183960e-04	9.737845523510767686e-04	-1.261249807149266919e-02	-5.650145026174695440e-05	1.283210106254716043e-02	2.660452027993948088e-02	-6.295471363346333022e-04	1.165473208143344777e-02	-3.626678325619840377e-04	-2.285922405919404228e-04	6.807345581643809308e-04	1.466699821956288262e-04	-1.033702704250328522e-04	-9.805953563564880592e-04	-1.673193665304240557e-05	-1.537235728751953608e-03	4.048983847182079457e-05	1.724399305859903534e-04	9.860349361641494552e-04	-1.305460054264420241e-05	2.634369278441626300e-02	1.206439919538503103e-02	-1.387191032944533244e-03	-7.585411018629236411e-04	-1.506731127025191883e-03	-6.250674880602610263e-04	1.424048449176833903e-02	4.968073665160981404e-05	4.462811534025568029e-04	-4.404267190388594334e-04	3.989189749061938101e-05	-1.363050878973774173e-03	7.847490764933466004e-05	7.805956053309710341e-05	2.661610887361126436e-03	-1.723262798350722318e-05	1.118464807519759614e-03	-2.081178990607274231e-05	1.194755572910248547e-04	-6.323107302607018122e-04	7.574751416422483257e-05	8.697614560738495672e-06	1.672283890297697646e-03	2.291157250864097011e-04	-1.208562719404577580e-02	7.316465923704780494e-04	7.827148131633653114e-04	1.336697386632007545e-02	2.625630330427805234e-03	1.333855859688092525e-03	-2.871855056609127349e-02
4.516424601667185152e-04	-1.707207060459140950e-05	-1.261676439749095170e-05	-3.371007497659904038e-04	1.012739117052723710e-05	-1.065342945225175873e-04	1.193192189080884071e-04	-7.600841381393856139e-06	-5.223746595899121312e-03	-1.772959022646161318e-04	-4.880182011381662918e-05	5.444950453150836783e-03	4.099107857770577712e-04	5.667095922467918490e-03	2.393829229638214789e-04	-1.779697352585166040e-04	-2.538928539231806480e-06	-1.033715244521676716e-04	-1.549531557072255337e-04	5.676543229229787102e-03	-6.572381478574654322e-05	5.215158534396580059e-03	5.632193520706063085e-03	-9.611213823043453556e-05	4.795316803555381430e-05	6.326310213383020916e-05	4.913772708343595321e-05	-3.705549557493204417e-04	9.988258125466415490e-06	-4.382557471296661560e-04	-3.668702310784877681e-04	5.356953945910971558e-05	5.293111265992455142e-03	3.526906598264998205e-04	-3.823087981822226273e-05	7.179845935342162575e-05	-1.893412085328201777e-04	5.539128356137657493e-03	5.399858449594246816e-03	7.392856090440019790e-06	2.362186454908863351e-04	6.378219121608449081e-05	2.733860358267256274e-05	-7.113191543821843071e-04	1.365058032043777795e-05	-5.782992302822771886e-04	1.590578185783630711e-04	4.566611011653268589e-05	4.707800027757036735e-04	4.908676374070705401e-05	3.307937873296213282e-05	-8.058701302719827432e-04	2.487626363371443487e-05	-1.889672527937258752e-04	2.896264193408719444e-04	4.478919953709415791e-06	-5.066154367545922313e-03	-4.614440791652597244e-04	-3.403269018518877457e-05	5.736654132873834216e-03	4.641173411381805856e-04	5.102365162796038784e-05	-5.705202802184395662e-03	-2.570171584377423189e-04
-3.971061032744660621e-05	3.581304022677558505e-04	1.229059065583911576e-04	1.037384237042321021e-04	1.678339369935186534e-04	8.763918400881743915e-05	6.046317358850256097e-05	1.451322225720331430e-04	3.483609075041215787e-04	-3.827895099272669941e-04	2.640866150662626172e-02	4.099107857770577712e-04	5.604292830394960734e-02	1.883500922153837857e-03	2.165814092705297712e-03	-2.774870021619542382e-02	-2.364582558374600410e-04	2.634369341987779015e-02	5.595735301304176346e-02	-9.216032239771668969e-04	2.652219950583469682e-02	-2.798554991702865090e-04	1.706099328805695111e-04	-9.222837068948878730e-05	1.427868348563350218e-04	3.526919106643851840e-04	-1.478610835993281322e-03	-8.862438563023890682e-05	-3.520366368727476103e-03	-1.086906543692070862e-04	5.743762737969595013e-05	2.758363174798011356e-03	2.840274732816737901e-04	5.588418491107030595e-02	2.639861339879937679e-02	-2.956708463009318551e-03	-2.684913702692634800e-04	-2.449915348148560754e-03	-7.686151143810466798e-04	2.756351868025775156e-02	9.970390314593140420e-05	1.762188352577015579e-03	-3.341346357199841241e-04	-9.291600186042331725e-05	-2.443571612369518659e-03	-7.619296758149706654e-05	6.619525906212719087e-05	5.783274107774051542e-03	7.187222198466676525e-05	2.748315152284565906e-03	6.173425772137853401e-04	1.038458530793424158e-05	-8.332689900061593727e-04	3.774485971597951457e-05	4.749290369749572003e-05	3.020121524739382331e-03	8.390859110160791103e-05	-2.774088888528530167e-02	-4.066158111860657294e-05	2.297313078229480665e-03	2.763319861056075938e-02	5.408255137235792875e-03	2.422371679741215558e-03	-6.078789063939840642e-02
1.150941407511478281e-03	2.799115847066285166e-05	1.001984878757232380e-04	-6.820245235479251069e-04	3.859601764015847976e-05	-6.220370675013675403e-05	4.721417114968562553e-04	-4.383153725639384068e-06	-1.357023020082006974e-03	-1.540835041490019592e-04	7.145886110932183960e-04	5.667095922467918490e-03	1.883500922153837857e-03	1.056524858773942241e-02	3.889097065226073020e-03	-9.173669194540573502e-04	3.318032681982553602e-03	4.462822006485132062e-04	1.220221321310302216e-03	7.120112837215219516e-03	6.573792996762585624e-04	5.705179540490622203e-03	4.941640931358888197e-03	-9.473124617421916412e-05	-3.684861895038059939e-04	6.378247402794143175e-05	-1.033537991343352211e-05	-2.565366154232766012e-04	-4.637960215695681557e-05	-8.712771720951376737e-04	-9.022105584272300995e-04	1.455238308831238009e-04	9.706444987047358613e-03	1.762190918052647642e-03	5.723252213458227943e-04	-3.331867699138351454e-03	-2.799862729351658137e-04	1.452120380935971672e-03	5.480017504427499991e-03	8.457666787039391527e-04	2.914640348559612839e-04	1.258980656363628743e-04	2.154098285927450460e-05	-8.486307136899230892e-04	-5.785688371090422753e-05	-1.376120280633437703e-03	1.019601679009474377e-04	2.707629692816456357e-04	8.304371493731859712e-04	1.242100157913737476e-04	9.213254830014159548e-05	-1.356216758636832756e-03	1.231978717623278185e-05	-6.213781140357286809e-04	3.291156369338767303e-04	9.420054553216340113e-05	-5.459005062281953313e-03	-9.619904558036062540e-04	1.643189962389686204e-04	4.911838564695816117e-03	1.398659704870640168e-03	3.777047259847114702e-03	-7.078916673116523658e-03	-1.830440510638155042e-03
2.445336593890045859e-03	1.929170599676999237e-05	1.031934721590642466e-04	-1.242923829393613412e-03	-8.697133858982026200e-06	-1.366611871912814014e-05	1.212751113853721783e-03	-1.414942995272937395e-05	3.320083904743036281e-03	-1.398885019890665931e-04	9.737845523510767686e-04	2.393829229638214789e-04	2.165814092705297712e-03	3.889097065226073020e-03	9.017992707828974969e-03	-1.354895855241304266e-03	6.195487294755518126e-03	1.118469927666540346e-03	2.472812937686312725e-03	-3.380459225349288430e-03	1.184158916560762876e-03	2.246622382763328667e-04	3.926629895496355077e-03	-9.827703881260872027e-05	-1.333024908185910951e-03	4.908722301981145297e-05	2.546345971062726854e-05	-2.197805002326859349e-05	1.369126139284530439e-04	-1.436170001116649376e-03	-3.062484259285104538e-03	1.305399303284187316e-04	3.243144765492606690e-03	2.748325218222746977e-03	1.450454239428553699e-03	-8.348814887742066898e-03	8.035689957254242067e-05	-3.377528553560786052e-03	-7.477320273486059402e-06	1.244256888424716614e-03	4.713459991763502881e-08	1.242108916161559662e-04	5.665058246734492643e-05	-1.537652592612436149e-03	8.354195338109126874e-06	-3.244519455466612738e-03	-1.547690075823786055e-03	3.103013339821227424e-04	1.169216639801841980e-03	8.233390904317368863e-05	1.246151640495821178e-04	-3.056343766869981573e-03	2.452877816793044938e-05	-1.610032708876552900e-03	-1.901869418525647558e-04	8.554506394602221907e-05	3.793815238322567515e-06	-1.469294737697381592e-03	-2.309528747313202893e-04	3.993766973522765162e-03	9.883258748484748807e-04	7.141632793085621669e-03	4.005869837937763890e-03	-2.711915484024756545e-03
-1.005728423132819206e-04	2.794585869937265274e-04	-7.838607645405991169e-05	4.898015772858303128e-06	-1.465896047847560773e-04	-6.179320349274721206e-05	-1.136688975035622700e-04	1.863043163731390958e-04	-2.277975430767320098e-04	9.226405098719905103e-04	-1.261249807149266919e-02	-1.779697352585166040e-04	-2.774870021619542382e-02	-9.173669194540573502e-04	-1.354895855241304266e-03	1.518853445888941785e-02	2.785936887326554280e-05	-1.208562774584393158e-02	-2.776629140923051950e-02	6.755076149164737469e-04	-1.348565536290606201e-02	1.803429328454243352e-04	-2.274823532990827941e-04	8.537277186756351503e-04	1.974704680485092840e-05	-4.614445817770285521e-04	6.834809054956802630e-04	7.182834670105679741e-05	1.806622037777738318e-03	2.196383654599340710e-04	2.195249165901391503e-04	-1.969399085479123061e-03	-1.653858705453442292e-05	-2.774088911207418101e-02	-1.434862424314063689e-02	1.687495904262063459e-03	-5.292830086206056070e-04	1.241354930636253025e-03	4.371153497483583317e-04	-1.325758486844785811e-02	-3.953840795148829128e-05	-9.619901766223494738e-04	-1.350606828949398399e-04	1.425091519875328300e-04	6.652323579856481541e-04	2.391753318692611569e-04	8.638919417708657597e-05	-2.907053508581957518e-03	-1.154376691977322753e-04	-1.469291366924097399e-03	-8.889969257899657095e-04	1.853520337074737799e-04	1.167181106913083493e-04	8.289453825605501186e-05	-1.625781378453050228e-05	-1.484205019380242145e-03	-1.310164666947220054e-04	1.418302183779244011e-02	8.114015481669762265e-04	-1.284464950013165059e-03	-1.272167092281524872e-02	-2.820976372525946935e-03	-1.464313746680826834e-03	3.034459273138260735e-02
-2.656704402739061143e-04	1.167478530901142010e-04	3.834545015896041937e-04	1.265918412289972227e-04	1.601895640542401174e-04	-8.457191339679083388e-06	-1.682834970511510805e-04	-6.959691817878190107e-06	3.241180701642895449e-03	-8.727321409395024312e-06	-5.650145026174695440e-05	-2.538928539231806480e-06	-2.364582558374600410e-04	3.318032681982553602e-03	6.195487294755518126e-03	2.785936887326554280e-05	7.720256095066018419e-03	2.957678189094333767e-05	-7.280036258451369068e-05	-3.344457024567500276e-03	-8.919502833972553393e-05	3.705261779732911298e-05	3.433781601169849478e-03	2.287361180317448327e-05	-7.375179278017178388e-05	-1.261619671858571372e-05	-1.237744010564435868e-04	5.589355923669451153e-05	-1.394236539980194868e-04	-5.064509851628872129e-05	6.671683260818276023e-06	9.329419777049322438e-05	3.074169845017190629e-03	1.229117758353121892e-04	5.826936460564369853e-05	-5.934277105216288761e-03	-9.864109603929281043e-06	-3.218238116299359901e-03	-4.159436828378074548e-05	7.943909961163566789e-05	1.346499248490336920e-05	1.001995681744529147e-04	7.032812361225478559e-06	-6.182069323777973613e-05	-9.375762488264870805e-05	-3.460466383002806594e-04	-5.927136743154051105e-05	2.905212976376389468e-04	-1.349936012971153705e-04	1.031939607396175674e-04	1.481631030982452570e-04	-3.675265368252335623e-05	3.146247058750526788e-05	-2.988675052017737764e-04	-1.890991009935583242e-04	8.072677147399459066e-05	7.528642594929063365e-05	-7.838818105912951750e-05	-6.422067701700519304e-05	3.458797405659470858e-03	-9.551948932891655682e-05	8.367447164971826210e-03	3.638351798927169818e-03	2.030055076663983386e-05
-1.043270550996832312e-04	4.127382914315911580e-04	-5.650275805233969956e-05	1.466698429739341067e-04	-1.305323727378522137e-05	4.968095936713241975e-05	-1.723201941818388520e-05	2.291133531402620414e-04	3.557828944498690055e-04	5.507214254315005763e-04	1.283210106254716043e-02	-1.033715244521676716e-04	2.634369341987779015e-02	4.462822006485132062e-04	1.118469927666540346e-03	-1.208562774584393158e-02	2.957678189094333767e-05	1.374925525873140972e-02	2.660451803496847317e-02	-9.805969877511417580e-04	1.206439902432094279e-02	-4.404270599731646349e-04	-2.081036441123539513e-05	7.316456770519559009e-04	8.263268168394844284e-05	-4.879966243357018794e-05	-6.295452705277657882e-04	-1.673191529383258102e-05	-1.387191956850998466e-03	3.989172401711440428e-05	1.194748992884616111e-04	7.827175746208589729e-04	-2.065930943202627873e-04	2.640865724523636798e-02	1.165473002503497266e-02	-1.537235429507767754e-03	-7.585413284365636992e-04	-1.363052114145932737e-03	-6.323115738768279870e-04	1.336697173761140431e-02	3.070763259777451349e-05	7.145889720664832384e-04	-3.626661658865165325e-04	4.048987635184379255e-05	-1.506728742175657233e-03	7.847503221334652947e-05	7.574742024103922448e-05	2.625629939459932574e-03	-3.481066833767127117e-05	9.737806694254413399e-04	-2.285909970461138347e-04	1.724402964669407548e-04	-6.250654285045106895e-04	7.805986717174714907e-05	8.697716360475856985e-06	1.333852845158751098e-03	3.056105658111469008e-04	-1.261249554401512596e-02	6.807355101568816035e-04	9.860343864123407090e-04	1.424048519353696141e-02	2.661613455963152824e-03	1.672286963512672467e-03	-2.871854870540715282e-02
-7.458605982502809024e-05	8.444330114150957675e-04	-7.280602912461407760e-05	1.162241018719555367e-04	-3.473254920680667935e-04	4.639561965458569834e-05	8.862149357592937919e-06	6.375628354005055459e-04	8.444387590758911004e-04	-2.964813838994297384e-04	2.660452027993948088e-02	-1.549531557072255337e-04	5.595735301304176346e-02	1.220221321310302216e-03	2.472812937686312725e-03	-2.776629140923051950e-02	-7.280036258451369068e-05	2.660451803496847317e-02	5.664232118734630061e-02	-1.817657764541433501e-03	2.662163309298896940e-02	-8.331380426764062232e-04	-1.241516283997970936e-04	-2.034581368041799186e-05	1.162244029159290455e-04	-1.549508323515532131e-04	-1.817654742108053972e-03	-5.754089375464338160e-06	-3.244881634717556966e-03	2.481705441250560515e-05	1.031170976775694110e-04	1.987379019148424221e-03	-3.473265072979127852e-04	5.595734708996553952e-02	2.662163075661007350e-02	-3.244879376411990111e-03	-2.201067702511514583e-04	-2.948943314389541187e-03	-1.325342677260951283e-03	2.769009583727406049e-02	4.639550501284541752e-05	1.220219738662338361e-03	-8.331376042247874616e-04	2.481693242410114360e-05	-2.948942121329885778e-03	1.766571518384095615e-05	2.880281048321224082e-05	5.593164557167350746e-03	8.861414690600433820e-06	2.472802853348496539e-03	-1.241543755307041800e-04	1.031175173194479760e-04	-1.325341160827529742e-03	2.880299168870997762e-05	-1.019068239665461395e-05	3.361328572098260491e-03	6.375657011938232590e-04	-2.776628795052525286e-02	-2.034360311577646229e-05	1.987377014466403143e-03	2.769009891485252339e-02	5.593167541011669075e-03	3.361334614197290793e-03	-6.126072258725483166e-02
1.481465477382074144e-03	-3.259953238420186566e-05	-1.237752681462385440e-04	-8.498628393952935636e-04	-6.528972906533932739e-05	-1.074649664835442778e-04	6.299692669087728330e-04	7.585361357367656075e-06	-4.634564752434745458e-03	-1.495123854363163485e-05	-6.295471363346333022e-04	5.676543229229787102e-03	-9.216032239771668969e-04	7.120112837215219516e-03	-3.380459225349288430e-03	6.755076149164737469e-04	-3.344457024567500276e-03	-9.805969877511417580e-04	-1.817657764541433501e-03	1.056517583690036108e-02	-7.413887795333193483e-04	5.747127166732779804e-03	1.654084502877215240e-03	-1.208691287653741611e-04	-3.908891546772885056e-04	4.913757540832707925e-05	1.274501422922146130e-04	-3.061685188865382289e-04	1.479130003324992512e-04	-8.479162893848157974e-04	-9.842286332015339270e-04	-3.796064745935957298e-05	6.678411361713812965e-03	-1.478612813158716385e-03	-1.050787464698753511e-03	3.739005933778177283e-03	-3.586544224163784318e-04	4.915914554495970368e-03	5.667755163522769993e-03	-7.372968658837385399e-04	2.343770976438772731e-04	-1.033616491199823226e-05	3.763842177353939441e-05	-8.138665414221307650e-04	9.873298218026069553e-05	-1.199911358217472298e-03	1.197753995025626071e-04	-1.762037894140277108e-04	9.678866036416501704e-04	2.546232007368041437e-05	9.270142726363088045e-07	-1.422019005261644913e-03	2.333570309976044284e-05	-4.562894451062164463e-04	5.027017496325491067e-04	-6.220795097147731475e-05	-5.590180933861566351e-03	6.834815775413510038e-04	2.367992596160578664e-04	1.434129578899345911e-03	4.526962759611970942e-05	-3.847621484229557347e-03	-1.092515729684160643e-02	1.521033569674300765e-03
2.448592568422880737e-05	3.386857888910749974e-04	5.826672295190809701e-05	1.270554329901714161e-05	-2.607684074353114356e-04	3.157687502221737347e-05	7.913781092082457431e-05	3.185501798619253932e-04	4.831581872338673242e-04	-8.290504461026108104e-04	1.165473208143344777e-02	-6.572381478574654322e-05	2.652219950583469682e-02	6.573792996762585624e-04	1.184158916560762876e-03	-1.348565536290606201e-02	-8.919502833972553393e-05	1.206439902432094279e-02	2.662163309298896940e-02	-7.413887795333193483e-04	1.377075093863574032e-02	-3.655251245059124238e-04	-1.358354650411736227e-04	-7.451808238296416757e-04	2.986575576765437758e-05	-3.823089382694035777e-05	-1.050787564513587426e-03	-1.754030664545615676e-05	-1.752193676952364153e-03	-4.991513816175837304e-05	-4.355942840260691474e-05	1.194367705294221461e-03	-1.061846217210288246e-04	2.639861238979717903e-02	1.285764422003736474e-02	-1.508374905688162747e-03	5.553132005558200938e-04	-1.416817996790581836e-03	-6.075288592810578489e-04	1.212041004572467565e-02	3.220985144091448023e-05	5.723225817736384870e-04	-3.648008766452221570e-04	-5.944336063718497101e-05	-1.288756140570127863e-03	-7.717630224300576385e-05	-2.061766831846949049e-05	2.739021705203629337e-03	4.705717340404506335e-05	1.450448815581930999e-03	2.011153605844183639e-04	-6.560802672781006868e-05	-6.180524107466597861e-04	-3.909888459791668370e-05	8.611756528672219886e-06	1.816118211098350418e-03	3.081033230357065836e-04	-1.434862380308914512e-02	-7.156640085788695729e-04	8.377818801587131724e-04	1.264928858970353412e-02	2.558444141672072507e-03	1.477832076188526512e-03	-2.888164263400229415e-02
8.716441051198036815e-04	1.206938854942377469e-05	7.031872797457341744e-06	-5.496660119697156701e-04	-2.012447884014251042e-05	-6.579606283725822889e-05	3.023477076028749594e-04	2.684240427622052388e-05	-5.301610683736550020e-03	-7.973051346741055507e-05	-3.626678325619840377e-04	5.215158534396580059e-03	-2.798554991702865090e-04	5.705179540490622203e-03	2.246622382763328667e-04	1.803429328454243352e-04	3.705261779732911298e-05	-4.404270599731646349e-04	-8.331380426764062232e-04	5.747127166732779804e-03	-3.655251245059124238e-04	5.598392998227255841e-03	5.777332066402641672e-03	-1.944049201871306124e-04	-1.971671245489588112e-04	2.733873475911275286e-05	3.763893000728342470e-05	-2.956260268680243578e-04	5.709389349591931836e-05	-6.777246734139748567e-04	-8.372009963021913217e-04	1.299819765291163601e-05	5.306088736160065669e-03	-3.341339857474760170e-04	-3.647996950436845683e-04	2.025126690128221528e-04	-2.491961994281841216e-04	5.704249427454254062e-03	5.214044126548026542e-03	-3.385171502925087830e-04	3.041697487080471333e-04	2.154070903733185219e-05	1.501201458207471526e-05	-9.220113931011819555e-04	2.765856757037610939e-05	-1.050129773154263391e-03	-6.100223485400601029e-05	-1.058571567097481000e-07	6.999957459121105294e-04	5.664983807132947617e-05	3.820737337000193045e-05	-1.277577783199260880e-03	1.329659419799398629e-05	-4.619530465166486874e-04	2.034413208743395560e-04	2.226705218627120957e-05	-5.395205447702654603e-03	-1.350614184637347602e-04	-1.308705106599350725e-04	5.781204546236090938e-03	9.730727417331658648e-05	7.069397961734708903e-06	-5.774546272361876301e-03	4.984181364872271574e-04
1.227921447750434476e-03	5.044900748484552498e-05	1.481621698922368571e-04	-7.638256521670774889e-04	3.645531597668474747e-05	-2.751639000736118284e-05	4.256994604510485778e-04	1.481135618877465321e-05	-6.559072345963034255e-03	-2.096330306767731099e-04	-2.285922405919404228e-04	5.632193520706063085e-03	1.706099328805695111e-04	4.941640931358888197e-03	3.926629895496355077e-03	-2.274823532990827941e-04	3.433781601169849478e-03	-2.081036441123539513e-05	-1.241516283997970936e-04	1.654084502877215240e-03	-1.358354650411736227e-04	5.777332066402641672e-03	1.064501162971464784e-02	-2.343329049757317685e-04	-4.363230924561308757e-04	3.307966775905613868e-05	9.278709990246439808e-07	-3.133963530013510971e-04	3.563580114013722836e-05	-9.944814555295472102e-04	-1.763193631603572099e-03	8.203398757164378488e-05	4.537224009876886927e-03	6.173466251079484310e-04	2.011176920495392085e-04	-3.284271130376738984e-03	-1.417000473426106009e-04	7.155859677058519150e-03	5.636820170513456504e-03	-5.468075955963342262e-05	3.840422783704908498e-04	9.213279863590467366e-05	3.820775752377753357e-05	-1.590460652855617361e-03	3.386392734361617419e-06	-2.002525060201030584e-03	-7.389139900206721095e-04	1.800430641067270990e-04	8.735744085278300628e-04	1.246148848138939975e-04	1.277166840502292429e-04	-2.254758682801325832e-03	3.779398509935055772e-05	-9.518915702457430520e-04	-1.027017382065528164e-04	7.512068182767255432e-05	-5.498441795285963565e-03	-8.889992250177601932e-04	-4.629780104525630345e-04	1.085657059031809243e-02	1.058881947955960759e-04	3.876888984059269176e-03	-1.303447145121954063e-03	-3.006191821499182661e-04
-7.056548757239936498e-05	1.681202233047849920e-04	-6.422080268912784442e-05	6.017923323853290594e-05	2.531972996001774934e-04	5.882168423489658417e-06	-4.677996894502232152e-05	-7.275591142074245687e-05	5.356579937082790580e-05	-4.121704763427628745e-04	6.807345581643809308e-04	-9.611213823043453556e-05	-9.222837068948878730e-05	-9.473124617421916412e-05	-9.827703881260872027e-05	8.537277186756351503e-04	2.287361180317448327e-05	7.316456770519559009e-04	-2.034581368041799186e-05	-1.208691287653741611e-04	-7.451808238296416757e-04	-1.944049201871306124e-04	-2.343329049757317685e-04	1.935789909936191325e-03	4.068803379190335151e-05	-3.403151596415100911e-05	2.368004105636922112e-04	1.258409088972169983e-05	1.332857826819848382e-04	8.788887072924345058e-05	1.438148236564727538e-04	-4.029244779158213177e-04	1.122899491690879198e-05	-4.066327306085874155e-05	-7.156649070942631714e-04	4.326792862976467589e-06	4.494914077326218047e-04	-1.741915267000478877e-04	-1.138672711209579589e-04	7.467343445791353902e-04	1.028770847340848197e-06	1.643198788149138358e-04	-1.308693170788112698e-04	6.792365695611413600e-05	-3.034778844444509672e-04	1.173020089460636938e-04	7.216403410227420912e-05	-7.637540948806494318e-05	-4.459492730467596498e-05	-2.309529251048390950e-04	-4.629766935305679697e-04	1.503040552750460450e-04	-5.153098644751371676e-05	8.902556878756486740e-05	1.457606615783478234e-05	-3.397589209846497722e-04	-7.504877641960084342e-06	8.114024812007190500e-04	1.895924141290721964e-03	-1.579444030860757252e-04	7.244239050809640323e-04	1.943811651625097211e-05	4.284890290405704956e-05	9.974042638054525468e-05
-2.432084842876645892e-02	-1.459385795991176131e-04	1.265848925310224032e-04	1.228947147337951240e-02	1.648965326587975371e-04	6.231069612198632604e-04	-1.115428924515247944e-02	8.200446299618180867e-05	-6.199874173758155617e-04	4.932945533157476008e-05	1.466699821956288262e-04	4.795316803555381430e-05	1.427868348563350218e-04	-3.684861895038059939e-04	-1.333024908185910951e-03	1.974704680485092840e-05	-7.375179278017178388e-05	8.263268168394844284e-05	1.162244029159290455e-04	-3.908891546772885056e-04	2.986575576765437758e-05	-1.971671245489588112e-04	-4.363230924561308757e-04	4.068803379190335151e-05	1.321030723811845303e-02	-3.371002722086298854e-04	-8.498593763620523184e-04	-2.936917761273064162e-04	-1.180960653270342331e-03	1.275622740101913302e-02	2.721184984917712768e-02	-1.611984874600345063e-04	5.080913398470895005e-04	1.037383805341645515e-04	1.270547363820134315e-05	-1.136136232283721167e-03	-2.973710814943948737e-05	-1.429351589097366737e-04	8.747376005786684458e-05	8.449365140541270267e-05	6.626661117896867886e-04	-6.820244956149354183e-04	-5.496660446423977213e-04	1.222701837527106518e-02	-5.470764392292255460e-04	2.767692872412115188e-02	1.346811145754351138e-02	-2.231219601904043531e-04	-1.156245500740089860e-02	-1.242926678421779792e-03	-7.638291451491020963e-04	2.710844744444538060e-02	-2.845398395974101449e-04	1.433856756055937320e-02	1.066181296716509248e-03	-2.982632578851121503e-05	-3.112648950339625331e-04	4.898148305781673293e-06	6.017943075888133793e-05	2.029227328410544619e-04	8.960724990983167748e-05	-4.151508542395516347e-04	-5.057525370219385745e-04	-2.339524503673424242e-05
4.516433784213533340e-04	-5.223744988146959006e-03	-2.537492039522774631e-06	4.795186410647679734e-05	5.293111691775058761e-03	2.362186630233761180e-04	4.707813713166525329e-04	-5.066153812941329160e-03	-1.707180173173205521e-05	-1.772958026547384667e-04	-1.033702704250328522e-04	6.326310213383020916e-05	3.526919106643851840e-04	6.378247402794143175e-05	4.908722301981145297e-05	-4.614445817770285521e-04	-1.261619671858571372e-05	-4.879966243357018794e-05	-1.549508323515532131e-04	4.913757540832707925e-05	-3.823089382694035777e-05	2.733873475911275286e-05	3.307966775905613868e-05	-3.403151596415100911e-05	-3.371002722086298854e-04	5.444949255914003673e-03	5.676542064885247915e-03	-3.705547836213897179e-04	7.179804505528455548e-05	-7.113186746384887998e-04	-8.058704260804655951e-04	5.736652738240806230e-03	1.012775716833576079e-05	4.099129313622372397e-04	-6.572332378576600147e-05	9.987887346001306295e-06	-1.893412737839395997e-04	1.365067451629067450e-05	2.487646046036972385e-05	4.641188872101463503e-04	-1.065339197948505189e-04	5.667095204497358749e-03	5.215157781200415767e-03	-4.382559405264184363e-04	5.539127740402082986e-03	-5.782987771906413638e-04	-1.889668635160118349e-04	5.102284911085789963e-05	1.193197617015976704e-04	2.393832353834370475e-04	5.632193228497289414e-03	-3.668711160482702820e-04	5.399858505043562962e-03	1.590583516458036833e-04	2.896271829778196199e-04	-5.705203011240791988e-03	-7.600901836984696796e-06	-1.779707848247512813e-04	-9.611152341821101077e-05	5.356972428866759047e-05	7.393743138433440767e-06	4.566619047139217774e-05	4.478887157056737136e-06	-2.570195226116621032e-04
1.481462005533653627e-03	-4.634563099505757330e-03	-3.344453858254928767e-03	-3.908876765741932358e-04	6.678412692711134871e-03	2.343773769189145054e-04	9.678862996517805439e-04	-5.590181006049906726e-03	-3.259915946638420025e-05	-1.495127740710682038e-05	-9.805953563564880592e-04	4.913772708343595321e-05	-1.478610835993281322e-03	-1.033537991343352211e-05	2.546345971062726854e-05	6.834809054956802630e-04	-1.237744010564435868e-04	-6.295452705277657882e-04	-1.817654742108053972e-03	1.274501422922146130e-04	-1.050787564513587426e-03	3.763893000728342470e-05	9.278709990246439808e-07	2.368004105636922112e-04	-8.498593763620523184e-04	5.676542064885247915e-03	1.056517393008352471e-02	-3.061683877371946735e-04	3.739005459387277457e-03	-8.138627708702825866e-04	-1.422013142654523794e-03	1.434128867721250981e-03	-6.528915920590741377e-05	-9.216003534201580062e-04	-7.413880793469434551e-04	1.479124868976632360e-04	-3.586550236477422261e-04	9.873331485598655689e-05	2.333613412548771573e-05	4.527221330052013960e-05	-1.074646892494975775e-04	7.120112053863413351e-03	5.747126470170671464e-03	-8.479132197812069578e-04	4.915914492577944106e-03	-1.199904345769953369e-03	-4.562859596041424172e-04	-3.847622106367517419e-03	6.299673299959992166e-04	-3.380458161470310027e-03	1.654085288961694433e-03	-9.842236870354198735e-04	5.667755821547649370e-03	1.197793890810815279e-04	5.027031779418658468e-04	-1.092515759214691788e-02	7.585184709288462297e-06	6.755053850899697503e-04	-1.208690346430223758e-04	-3.796030761889360373e-05	-7.372956312110641106e-04	-1.762034225575551290e-04	-6.220787106160763206e-05	1.521029871716922301e-03
-8.299367030494481708e-04	3.928997154505697127e-04	5.589307765548661637e-05	-2.936913479219283593e-04	-1.149378018457080373e-04	4.427334893147488260e-04	-1.111154740137302623e-03	2.610814420322212946e-04	3.929004856020673554e-04	2.378164263756364183e-05	-1.673193665304240557e-05	-3.705549557493204417e-04	-8.862438563023890682e-05	-2.565366154232766012e-04	-2.197805002326859349e-05	7.182834670105679741e-05	5.589355923669451153e-05	-1.673191529383258102e-05	-5.754089375464338160e-06	-3.061685188865382289e-04	-1.754030664545615676e-05	-2.956260268680243578e-04	-3.133963530013510971e-04	1.258409088972169983e-05	-2.936917761273064162e-04	-3.705547836213897179e-04	-3.061683877371946735e-04	1.922218800658205377e-03	-5.168520594830057241e-05	1.236773360780015060e-03	9.526829674181929147e-04	-3.845860247657905133e-04	-1.149370993231283225e-04	-8.862454086183601458e-05	-1.754044260000401850e-05	-5.168656321464804173e-05	1.313125073144849385e-05	-3.289535392090355958e-04	-1.692721096039004878e-04	-4.475931955035472657e-05	4.427332665131685809e-04	-2.565371640802257928e-04	-2.956257243301045655e-04	1.236773451392079570e-03	-3.289524933121297295e-04	9.652167234071801563e-04	-3.005671489580670833e-04	-3.824054420315823124e-05	-1.111154818250236712e-03	-2.197918599343452186e-05	-3.133962336588493958e-04	9.526833119914445737e-04	-1.692720437382272207e-04	-3.005669625195694136e-04	-1.876027633411822722e-03	2.011757480170507228e-04	2.610813501212535257e-04	7.182823983581999069e-05	1.258404157481303343e-05	-3.845863284519510962e-04	-4.475929423669332871e-05	-3.824046257790325489e-05	2.011755476112320738e-04	7.954267380868434989e-05
2.473265826171975115e-03	-3.361013293182818669e-03	-5.934274465533346046e-03	-1.136133215756992458e-03	-3.008522696561022856e-03	-1.279205614780719206e-05	1.279262451719005494e-03	-1.963969687595582176e-04	-1.248396433242896208e-05	1.349588940345385849e-04	-1.537235728751953608e-03	9.988258125466415490e-06	-3.520366368727476103e-03	-4.637960215695681557e-05	1.369126139284530439e-04	1.806622037777738318e-03	-1.394236539980194868e-04	-1.387191956850998466e-03	-3.244881634717556966e-03	1.479130003324992512e-04	-1.752193676952364153e-03	5.709389349591931836e-05	3.563580114013722836e-05	1.332857826819848382e-04	-1.180960653270342331e-03	7.179804505528455548e-05	3.739005459387277457e-03	-5.168520594830057241e-05	8.507405541334899651e-03	-1.081232195872921294e-03	-2.479449251750549116e-03	-3.636646880163863556e-03	-8.591056479360390321e-05	-2.956711889015684741e-03	-1.508377335173560979e-03	1.901708331906048382e-04	-6.229709304952341206e-05	1.649353627499921052e-04	2.717973758873256870e-05	-1.440499520412793187e-03	-1.054579924297154203e-05	-3.331867952839562969e-03	2.025129404176222625e-04	-1.227837009434682488e-03	3.741678961034872360e-03	-2.324109453605246230e-03	-1.074231828755756873e-03	-6.865589357044729786e-03	1.168482350243219177e-03	-8.348814535458489589e-03	-3.284269949112184062e-03	-2.462010613870537455e-03	3.168240140780128992e-04	-1.074033041484940545e-03	1.180226652588207850e-04	-4.059364712934770449e-03	1.246440540290312638e-05	1.687497246962179048e-03	4.327058113814176149e-06	-1.170698932330126342e-04	-1.683171166628877596e-03	-3.333558121916190497e-04	-6.610025617301541160e-05	3.576597413499849748e-03
-2.669415344405563079e-02	4.292752443575754192e-04	-6.182875144831765182e-05	1.222701962342810124e-02	1.389317949193744810e-04	-6.963909176197147699e-04	-1.354626391303814445e-02	4.183356328798698608e-04	-1.103836844058443114e-04	8.474566497640535008e-05	4.048983847182079457e-05	-4.382557471296661560e-04	-1.086906543692070862e-04	-8.712771720951376737e-04	-1.436170001116649376e-03	2.196383654599340710e-04	-5.064509851628872129e-05	3.989172401711440428e-05	2.481705441250560515e-05	-8.479162893848157974e-04	-4.991513816175837304e-05	-6.777246734139748567e-04	-9.944814555295472102e-04	8.788887072924345058e-05	1.275622740101913302e-02	-7.113186746384887998e-04	-8.138627708702825866e-04	1.236773360780015060e-03	-1.081232195872921294e-03	1.585438361749410066e-02	2.993484306377361404e-02	-1.012524044747907742e-03	2.097085656216592564e-04	-9.291690228715004094e-05	-5.944381273813524174e-05	-1.227842908155207325e-03	-1.590817874793914999e-05	-5.996777665125722304e-04	-3.026218395201186128e-04	-1.456793780181034722e-05	-6.854279914481237494e-04	-8.486321488341038843e-04	-9.220111024251852281e-04	1.485174472283648170e-02	-1.127913547622917852e-03	3.045848484358811697e-02	1.347011172323832329e-02	-5.193885311999590958e-04	-1.440690173391534837e-02	-1.537658140114599083e-03	-1.590464264185601113e-03	2.985458009905340993e-02	-5.830436202557818430e-04	1.400911775235888328e-02	-3.434951219241632334e-04	-1.759344190861584221e-04	1.290193363618268659e-04	1.425093462789287901e-04	6.792376754010937109e-05	-3.650214305850409168e-04	-2.067045064642571752e-05	-5.262518149959753699e-04	-1.580937818049174819e-04	2.009556698472547882e-04
-5.492693847681717756e-02	-7.682494516929772206e-05	-3.676797231946387783e-05	2.710844787786124283e-02	6.823509308792006242e-04	-7.372283981875443889e-05	-2.723011401018149424e-02	1.829894096761687408e-04	-5.331493962925287549e-04	1.359029914302327792e-04	1.724399305859903534e-04	-3.668702310784877681e-04	5.743762737969595013e-05	-9.022105584272300995e-04	-3.062484259285104538e-03	2.195249165901391503e-04	6.671683260818276023e-06	1.194748992884616111e-04	1.031170976775694110e-04	-9.842286332015339270e-04	-4.355942840260691474e-05	-8.372009963021913217e-04	-1.763193631603572099e-03	1.438148236564727538e-04	2.721184984917712768e-02	-8.058704260804655951e-04	-1.422013142654523794e-03	9.526829674181929147e-04	-2.479449251750549116e-03	2.993484306377361404e-02	6.180534417874970071e-02	-9.359260224454735502e-04	1.107442787509632740e-03	1.038292149448591102e-05	-6.560890058309433123e-05	-2.462019749508634163e-03	-7.516464489762171455e-05	-1.014695518831745498e-03	-1.865906124775129757e-04	9.956390949313420158e-05	-1.946619070890998426e-05	-1.356219415290996991e-03	-1.277578763147654145e-03	2.985457824106770020e-02	-1.476515543230432718e-03	6.258196924508022119e-02	2.980031483163687531e-02	-9.320676840889523338e-04	-2.717719295413137393e-02	-3.056352236684015296e-03	-2.254766930155060675e-03	6.165165800501266891e-02	-6.146252018596795163e-04	2.976684044513727700e-02	8.701563855048860107e-04	-6.426368057260833239e-04	-2.593665444764310874e-04	1.853524962246697906e-04	1.503042691630712018e-04	-4.049270733076541307e-04	1.110950820542177289e-04	-8.426515110065013617e-04	-1.077108577701725665e-03	1.782925226247366799e-04
1.118505128119186699e-05	-6.802077574734446790e-03	3.458797516153983703e-03	2.029187952956534001e-04	4.532328363465131654e-03	3.646174761127985147e-04	3.024477045866763971e-04	-5.600972875327285549e-03	3.796603895373595021e-05	-2.861782711666500034e-04	9.860349361641494552e-04	5.356953945910971558e-05	2.758363174798011356e-03	1.455238308831238009e-04	1.305399303284187316e-04	-1.969399085479123061e-03	9.329419777049322438e-05	7.827175746208589729e-04	1.987379019148424221e-03	-3.796064745935957298e-05	1.194367705294221461e-03	1.299819765291163601e-05	8.203398757164378488e-05	-4.029244779158213177e-04	-1.611984874600345063e-04	5.736652738240806230e-03	1.434128867721250981e-03	-3.845860247657905133e-04	-3.636646880163863556e-03	-1.012524044747907742e-03	-9.359260224454735502e-04	1.131680174122131136e-02	5.172182715268826367e-05	2.297315056855567424e-03	8.377821508995090573e-04	-1.170702111224570841e-04	-1.141166489951691730e-04	-1.013146926669595692e-04	5.061250891416492861e-06	1.170052466076458662e-03	-6.375710223876472898e-05	4.911837716142231081e-03	5.781203685782415613e-03	-3.650243554279147275e-04	7.206155548010617466e-03	-6.539714211780683776e-04	-2.907408925906184403e-04	4.177516039875680057e-03	-1.505318416798115671e-04	3.993766533420650688e-03	1.085656942676637218e-02	-4.049332442731658839e-04	5.661446144590635138e-03	-9.003048220036266429e-05	-1.722870572470575369e-05	-1.088619285008455943e-03	9.412457161850446507e-06	-1.284465453946193178e-03	-1.579436782092704706e-04	1.441171611804060201e-04	1.027851637491620888e-03	3.272176262595880058e-04	1.264446664111456111e-04	-2.648088017324708339e-03
-6.626200556157973900e-04	3.628866756431182165e-05	1.601890227476669845e-04	1.648985579501660147e-04	8.294350200035232007e-05	-3.370430430289791073e-05	-4.219083057792450504e-04	-1.410234222612532205e-06	-1.415283454632320758e-03	-1.287700198398622855e-04	-1.305460054264420241e-05	5.293111265992455142e-03	2.840274732816737901e-04	9.706444987047358613e-03	3.243144765492606690e-03	-1.653858705453442292e-05	3.074169845017190629e-03	-2.065930943202627873e-04	-3.473265072979127852e-04	6.678411361713812965e-03	-1.061846217210288246e-04	5.306088736160065669e-03	4.537224009876886927e-03	1.122899491690879198e-05	5.080913398470895005e-04	1.012775716833576079e-05	-6.528915920590741377e-05	-1.149370993231283225e-04	-8.591056479360390321e-05	2.097085656216592564e-04	1.107442787509632740e-03	5.172182715268826367e-05	9.133112204617738206e-03	1.678338924451360111e-04	-2.607673972738433986e-04	-3.008524086557373082e-03	-2.584332792114006063e-04	1.484879548213228866e-03	5.197056530533339727e-03	6.597348298513361765e-05	2.994484069574702284e-04	3.859640201911272326e-05	-2.012415271639006329e-05	1.389350864656071593e-04	-5.776442811907962749e-05	6.766426897611358803e-04	9.748969838331564882e-04	1.178579980498540181e-04	-1.716583873899647404e-04	-8.697264052788018654e-06	3.645541359064839222e-05	6.823572769462345807e-04	1.863711729335486338e-05	3.437225916555171953e-04	2.305882767703509905e-04	1.807726129217312284e-05	-5.173839111187515313e-03	-1.465885714337707309e-04	2.531967923320956786e-04	4.532328627353679820e-03	6.551908900788697056e-04	3.262899739283927139e-03	-6.836823844233227282e-03	-7.735886812887621342e-05
-3.970938594623004835e-05	3.483564248196918721e-04	-2.364624259082421598e-04	1.427861231418048294e-04	2.840295094164826169e-04	9.970426037391691854e-05	7.187361213838726912e-05	8.390571490564046838e-05	3.581351051238464622e-04	-3.827892198954354350e-04	2.634369278441626300e-02	3.526906598264998205e-04	5.588418491107030595e-02	1.762190918052647642e-03	2.748325218222746977e-03	-2.774088911207418101e-02	1.229117758353121892e-04	2.640865724523636798e-02	5.595734708996553952e-02	-1.478612813158716385e-03	2.639861238979717903e-02	-3.341339857474760170e-04	6.173466251079484310e-04	-4.066327306085874155e-05	1.037383805341645515e-04	4.099129313622372397e-04	-9.216003534201580062e-04	-8.862454086183601458e-05	-2.956711889015684741e-03	-9.291690228715004094e-05	1.038292149448591102e-05	2.297315056855567424e-03	1.678338924451360111e-04	5.604291728208254247e-02	2.652219417814755120e-02	-3.520363870488305447e-03	-2.684918529648455524e-04	-2.443571463778246560e-03	-8.332693643981071551e-04	2.763319335974082774e-02	8.763941042518687058e-05	1.883500388057835623e-03	-2.798550046121777964e-04	-1.086913673804185333e-04	-2.449915209938658897e-03	-7.619415920405108833e-05	3.774448167335257403e-05	5.408253321411003733e-03	6.046351098928961208e-05	2.165805681860400421e-03	1.706074832912721022e-04	5.743670884619841689e-05	-7.686136429828914528e-04	6.619493479036444249e-05	4.749309979290709973e-05	2.422365790408691731e-03	1.451340837991879087e-04	-2.774869399622490601e-02	-9.222605036745537208e-05	2.758362239154899323e-03	2.756351946230820721e-02	5.783276707734302108e-03	3.020126332151288825e-03	-6.078788496110611173e-02
2.448663173081811102e-05	4.831569352133041444e-04	-8.919704438270579638e-05	2.986531077838759559e-05	-1.061838998952213653e-04	3.221002758946619164e-05	4.705795308735772709e-05	3.081026855494970384e-04	3.386879522596207711e-04	-8.290503979008446642e-04	1.206439919538503103e-02	-3.823087981822226273e-05	2.639861339879937679e-02	5.723252213458227943e-04	1.450454239428553699e-03	-1.434862424314063689e-02	5.826936460564369853e-05	1.165473002503497266e-02	2.662163075661007350e-02	-1.050787464698753511e-03	1.285764422003736474e-02	-3.647996950436845683e-04	2.011176920495392085e-04	-7.156649070942631714e-04	1.270547363820134315e-05	-6.572332378576600147e-05	-7.413880793469434551e-04	-1.754044260000401850e-05	-1.508377335173560979e-03	-5.944381273813524174e-05	-6.560890058309433123e-05	8.377821508995090573e-04	-2.607673972738433986e-04	2.652219417814755120e-02	1.377074812425200558e-02	-1.752192820999231562e-03	5.553128615202592919e-04	-1.288755847951380054e-03	-6.180519255486287278e-04	1.264928621217229626e-02	3.157694493658524086e-05	6.573787660893544091e-04	-3.655258240778840647e-04	-4.991581115911276488e-05	-1.416819242676050847e-03	-7.717737757231432573e-05	-3.909930132528710925e-05	2.558443313921889006e-03	7.913795158390716936e-05	1.184155456945425178e-03	-1.358375881767349177e-04	-4.356026794487438713e-05	-6.075288588420859649e-04	-2.061809165230344765e-05	8.611737320499186928e-06	1.477829826373818281e-03	3.185502891639101198e-04	-1.348565254380390890e-02	-7.451793111573658257e-04	1.194367356135785574e-03	1.212041113190851990e-02	2.739022623176871896e-03	1.816119205208678545e-03	-2.888164064385780050e-02
2.473273541410734612e-03	-1.248384022603206341e-05	-1.394238727897423172e-04	-1.180964940942705321e-03	-8.591075769080841972e-05	-1.054557850904179277e-05	1.168487122538358972e-03	1.246460905592917945e-05	-3.361014233248855836e-03	1.349582027238172433e-04	-1.387191032944533244e-03	7.179845935342162575e-05	-2.956708463009318551e-03	-3.331867699138351454e-03	-8.348814887742066898e-03	1.687495904262063459e-03	-5.934277105216288761e-03	-1.537235429507767754e-03	-3.244879376411990111e-03	3.739005933778177283e-03	-1.508374905688162747e-03	2.025126690128221528e-04	-3.284271130376738984e-03	4.326792862976467589e-06	-1.136136232283721167e-03	9.987887346001306295e-06	1.479124868976632360e-04	-5.168656321464804173e-05	1.901708331906048382e-04	-1.227842908155207325e-03	-2.462019749508634163e-03	-1.170702111224570841e-04	-3.008524086557373082e-03	-3.520363870488305447e-03	-1.752192820999231562e-03	8.507405075401371780e-03	-6.229677003049801168e-05	3.741678039020610112e-03	3.168231754130402525e-04	-1.683169582762346610e-03	-1.279133878642128340e-05	-4.638025573597944417e-05	5.709318286114155652e-05	-1.081239278672041504e-03	1.649346648905026169e-04	-2.324121318854780426e-03	-1.074038210328920545e-03	-3.333560762339399892e-04	1.279267402808351075e-03	1.369120906062494384e-04	3.563500481513697069e-05	-2.479460401704853580e-03	2.717930545809683711e-05	-1.074237067593172184e-03	1.180227162500090804e-04	-6.610030357572568155e-05	-1.963969191758860072e-04	1.806618781634987490e-03	1.332850533216981535e-04	-3.636646047223906098e-03	-1.440498678367034546e-03	-6.865588087271974962e-03	-4.059364184019079690e-03	3.576592971776797018e-03
3.204664660766809567e-05	9.167886331235667349e-05	-9.863940018276824576e-06	-2.973720584664419386e-05	-2.584337442792115826e-04	-6.863539740716200415e-06	3.035301584828992716e-05	1.364859757719727625e-04	9.167882213707797851e-05	-1.645449317043871842e-03	-7.585411018629236411e-04	-1.893412085328201777e-04	-2.684913702692634800e-04	-2.799862729351658137e-04	8.035689957254242067e-05	-5.292830086206056070e-04	-9.864109603929281043e-06	-7.585413284365636992e-04	-2.201067702511514583e-04	-3.586544224163784318e-04	5.553132005558200938e-04	-2.491961994281841216e-04	-1.417000473426106009e-04	4.494914077326218047e-04	-2.973710814943948737e-05	-1.893412737839395997e-04	-3.586550236477422261e-04	1.313125073144849385e-05	-6.229709304952341206e-05	-1.590817874793914999e-05	-7.516464489762171455e-05	-1.141166489951691730e-04	-2.584332792114006063e-04	-2.684918529648455524e-04	5.553128615202592919e-04	-6.229677003049801168e-05	1.676458659306724044e-03	-8.634341131474225842e-05	-2.013634482570451738e-04	-8.006630660015270125e-04	-6.863499541271310098e-06	-2.799868240907690126e-04	-2.491968028893998526e-04	-1.590836650598264457e-05	-8.634391421878587615e-05	-3.646011721175831130e-05	-5.337981788928646747e-05	-5.069342974472894911e-05	3.035302728911925966e-05	8.035697186553828332e-05	-1.417002269024007061e-04	-7.516490723280464241e-05	-2.013640457334620938e-04	-5.337991265376770274e-05	-1.315561396439049079e-05	3.296445532640466950e-04	1.364856257434068974e-04	-5.292830307103335487e-04	4.494916331191729699e-04	-1.141169748689431832e-04	-8.006626650498689613e-04	-5.069375935584080465e-05	3.296437500302728217e-04	2.698086504473633587e-04
8.122198653490598618e-04	-3.070825939033729852e-05	-9.375855393826959538e-05	-5.470769794661041073e-04	-5.776466172976172975e-05	-6.885505125927212657e-05	2.026275384688372102e-04	2.341687786108282823e-05	-9.775122488657632391e-03	-1.900324401250450240e-04	-1.506731127025191883e-03	5.539128356137657493e-03	-2.449915348148560754e-03	1.452120380935971672e-03	-3.377528553560786052e-03	1.241354930636253025e-03	-3.218238116299359901e-03	-1.363052114145932737e-03	-2.948943314389541187e-03	4.915914554495970368e-03	-1.416817996790581836e-03	5.704249427454254062e-03	7.155859677058519150e-03	-1.741915267000478877e-04	-1.429351589097366737e-04	1.365067451629067450e-05	9.873331485598655689e-05	-3.289535392090355958e-04	1.649353627499921052e-04	-5.996777665125722304e-04	-1.014695518831745498e-03	-1.013146926669595692e-04	1.484879548213228866e-03	-2.443571463778246560e-03	-1.288755847951380054e-03	3.741678039020610112e-03	-8.634341131474225842e-05	1.054434993918483728e-02	5.725626344454106884e-03	-1.583080523952511533e-03	3.245510370641213204e-04	-5.785713309153606794e-05	2.765833906504876845e-05	-1.127916075131480539e-03	1.431806246077442371e-04	-9.935707353609544643e-04	-3.251260251461152422e-04	-2.845915231318748412e-04	6.671352498385165353e-04	8.353724320056518567e-06	3.385852823866995526e-06	-1.476517332064403642e-03	3.627896876877536512e-05	-4.462484300788449338e-04	5.634652928093620975e-05	-6.709457362816489794e-05	-5.543508202094823457e-03	6.652306787661679995e-04	-3.034793769475346002e-04	7.206156855125387187e-03	-1.182239939668653077e-03	-3.745435392098990512e-03	-5.007174132784982315e-03	2.859990586266045881e-03
2.863570802187353505e-04	1.573897753526934200e-06	3.146170384520047503e-05	-2.845394869986251772e-04	1.863697069863802232e-05	1.021015348621620445e-05	2.491559774852108771e-06	3.840006486851553242e-06	-5.322472848359685420e-03	-1.428919961503009167e-04	-6.250674880602610263e-04	5.399858449594246816e-03	-7.686151143810466798e-04	5.480017504427499991e-03	-7.477320273486059402e-06	4.371153497483583317e-04	-4.159436828378074548e-05	-6.323115738768279870e-04	-1.325342677260951283e-03	5.667755163522769993e-03	-6.075288592810578489e-04	5.214044126548026542e-03	5.636820170513456504e-03	-1.138672711209579589e-04	8.747376005786684458e-05	2.487646046036972385e-05	2.333613412548771573e-05	-1.692721096039004878e-04	2.717973758873256870e-05	-3.026218395201186128e-04	-1.865906124775129757e-04	5.061250891416492861e-06	5.197056530533339727e-03	-8.332693643981071551e-04	-6.180519255486287278e-04	3.168231754130402525e-04	-2.013634482570451738e-04	5.725626344454106884e-03	5.444823654591231590e-03	-6.097282134461028342e-04	3.497701055353271207e-04	1.231983708255679269e-05	1.329668031408293686e-05	-5.830433483594423070e-04	3.627911880549427421e-05	-3.897379889584377376e-04	2.107618065144780967e-04	-4.482039585534559477e-05	3.406418091549067405e-04	2.452848653925718573e-05	3.779382174435732237e-05	-6.146233654639821162e-04	3.784221292934924330e-05	-1.391239372255079524e-04	9.231198357189686603e-05	-1.719377830226369140e-05	-5.065437640564407831e-03	1.167180538983445307e-04	-5.153185928104914523e-05	5.661446672794155990e-03	-1.011974280091162000e-04	-1.648762658228568616e-04	-5.775099994187191457e-03	1.038874989037366940e-03
-4.629801641801107117e-05	1.104733467890505307e-04	-9.552280652367398886e-05	8.960697698892297223e-05	6.551920282895510109e-04	5.947351210859103181e-05	1.703390456371112335e-05	-2.372258930121672852e-04	4.279791027638157842e-04	4.773473342852670382e-04	1.424048449176833903e-02	7.392856090440019790e-06	2.756351868025775156e-02	8.457666787039391527e-04	1.244256888424716614e-03	-1.325758486844785811e-02	7.943909961163566789e-05	1.336697173761140431e-02	2.769009583727406049e-02	-7.372968658837385399e-04	1.212041004572467565e-02	-3.385171502925087830e-04	-5.468075955963342262e-05	7.467343445791353902e-04	8.449365140541270267e-05	4.641188872101463503e-04	4.527221330052013960e-05	-4.475931955035472657e-05	-1.440499520412793187e-03	-1.456793780181034722e-05	9.956390949313420158e-05	1.170052466076458662e-03	6.597348298513361765e-05	2.763319335974082774e-02	1.264928621217229626e-02	-1.683169582762346610e-03	-8.006630660015270125e-04	-1.583080523952511533e-03	-6.097282134461028342e-04	1.498647403102435285e-02	3.951737254483795697e-05	1.398659917432610363e-03	9.730808308547049426e-05	-2.067056388321929629e-05	-1.182239123469472136e-03	3.279372041517175456e-06	5.094003996757347094e-05	2.684205347508439830e-03	8.408197213875651834e-06	9.883212420099627554e-04	1.058867786922284236e-04	1.110950088789066357e-04	-1.011961429921495319e-04	1.162385921551968327e-04	4.669953320290996731e-05	6.360738532071681314e-04	2.019358027106768288e-04	-1.272166790810244814e-02	7.244247128636155646e-04	1.027850997423914153e-03	1.396027447007419653e-02	2.934317791419728018e-03	1.495308751959641786e-03	-3.010943208616748482e-02
6.343160893802289970e-05	5.765909504470894472e-05	-8.457684035695814842e-06	6.231058580108946379e-04	-3.370437621218287449e-05	1.652295096860203257e-03	6.717072371029374472e-04	3.891992078065023781e-05	-3.180092543731717343e-04	-4.942210341280291687e-06	4.968073665160981404e-05	2.362186454908863351e-04	9.970390314593140420e-05	2.914640348559612839e-04	4.713459991763502881e-08	-3.953840795148829128e-05	1.346499248490336920e-05	3.070763259777451349e-05	4.639550501284541752e-05	2.343770976438772731e-04	3.220985144091448023e-05	3.041697487080471333e-04	3.840422783704908498e-04	1.028770847340848197e-06	6.626661117896867886e-04	-1.065339197948505189e-04	-1.074646892494975775e-04	4.427332665131685809e-04	-1.054579924297154203e-05	-6.854279914481237494e-04	-1.946619070890998426e-05	-6.375710223876472898e-05	2.994484069574702284e-04	8.763941042518687058e-05	3.157694493658524086e-05	-1.279133878642128340e-05	-6.863499541271310098e-06	3.245510370641213204e-04	3.497701055353271207e-04	3.951737254483795697e-05	1.694542178785408623e-03	-6.220323500383572780e-05	-6.579564758571513044e-05	-6.963926493793678747e-04	-6.885477789277513934e-05	-6.895246422520365066e-06	6.917793760902544303e-04	-2.470715949858468121e-05	7.348006941847693178e-04	-1.366535697534209708e-05	-2.751586113476384510e-05	-7.372569247062752730e-05	1.021029179203199939e-05	6.544777371070460703e-04	-4.196678504925541284e-04	5.191893208035843865e-05	-3.270774291752788108e-04	-6.179326759496225744e-05	5.882144917233213758e-06	3.646180597415325060e-04	5.947340606410384840e-05	7.313489176566806562e-06	-2.944088632753279764e-04	-7.283153941490272680e-05
1.150943500842795597e-03	-1.357022267980062015e-03	3.318033170299605761e-03	-3.684872418000742370e-04	9.706445316691255862e-03	2.914648137425470461e-04	8.304403884712418258e-04	-5.459005088681237981e-03	2.799170475626836196e-05	-1.540836810755859656e-04	4.462811534025568029e-04	6.378219121608449081e-05	1.762188352577015579e-03	1.258980656363628743e-04	1.242108916161559662e-04	-9.619901766223494738e-04	1.001995681744529147e-04	7.145889720664832384e-04	1.220219738662338361e-03	-1.033616491199823226e-05	5.723225817736384870e-04	2.154070903733185219e-05	9.213279863590467366e-05	1.643198788149138358e-04	-6.820244956149354183e-04	5.667095204497358749e-03	7.120112053863413351e-03	-2.565371640802257928e-04	-3.331867952839562969e-03	-8.486321488341038843e-04	-1.356219415290996991e-03	4.911837716142231081e-03	3.859640201911272326e-05	1.883500388057835623e-03	6.573787660893544091e-04	-4.638025573597944417e-05	-2.799868240907690126e-04	-5.785713309153606794e-05	1.231983708255679269e-05	1.398659917432610363e-03	-6.220323500383572780e-05	1.056524792595238231e-02	5.705178692863089804e-03	-8.712787597649428693e-04	1.452119798279495220e-03	-1.376122762005804398e-03	-6.213791643618095644e-04	3.777046327581577798e-03	4.721429956914278470e-04	3.889097363830308976e-03	4.941640443464592053e-03	-9.022125337601024156e-04	5.480017700786119460e-03	1.019596860971502209e-04	3.291164512333278410e-04	-7.078917338998246683e-03	-4.383095451878601153e-06	-9.173668328755911656e-04	-9.473106405851695259e-05	1.455239828619996284e-04	8.457666648327699654e-04	2.707632254787646024e-04	9.420083868640874609e-05	-1.830440718269769852e-03
8.716455819350655589e-04	-5.301610078995962552e-03	3.705382736020246986e-05	-1.971685410854677250e-04	5.306089221625045517e-03	3.041699773227152367e-04	6.999974990775418258e-04	-5.395205339759403043e-03	1.206989260424477570e-05	-7.972999022718629477e-05	-4.404267190388594334e-04	2.733860358267256274e-05	-3.341346357199841241e-04	2.154098285927450460e-05	5.665058246734492643e-05	-1.350606828949398399e-04	7.032812361225478559e-06	-3.626661658865165325e-04	-8.331376042247874616e-04	3.763842177353939441e-05	-3.648008766452221570e-04	1.501201458207471526e-05	3.820775752377753357e-05	-1.308693170788112698e-04	-5.496660446423977213e-04	5.215157781200415767e-03	5.747126470170671464e-03	-2.956257243301045655e-04	2.025129404176222625e-04	-9.220111024251852281e-04	-1.277578763147654145e-03	5.781203685782415613e-03	-2.012415271639006329e-05	-2.798550046121777964e-04	-3.655258240778840647e-04	5.709318286114155652e-05	-2.491968028893998526e-04	2.765833906504876845e-05	1.329668031408293686e-05	9.730808308547049426e-05	-6.579564758571513044e-05	5.705178692863089804e-03	5.598392822380731867e-03	-6.777253378729724458e-04	5.704250063709261076e-03	-1.050130040937329078e-03	-4.619529289138322049e-04	7.067930107864128367e-06	3.023482632056860055e-04	2.246621501579260625e-04	5.777332672942348153e-03	-8.372026578846041055e-04	5.214044835522756161e-03	-6.100227603618073254e-05	2.034417636844286351e-04	-5.774546938918444922e-03	2.684244926864309225e-05	1.803429131479743924e-04	-1.944044673537812624e-04	1.299836808402054879e-05	-3.385169037596239103e-04	-1.055283503879231064e-07	2.226723226115702556e-05	4.984176398225193157e-04
-2.669415554041472405e-02	-1.103860705757911116e-04	-5.065218569151420323e-05	1.275623035362522667e-02	2.097060178962407919e-04	-6.854266938997571456e-04	-1.440690064680356236e-02	1.290195829928682204e-04	4.292787248486590193e-04	8.474576649464281069e-05	3.989189749061938101e-05	-7.113191543821843071e-04	-9.291600186042331725e-05	-8.486307136899230892e-04	-1.537652592612436149e-03	1.425091519875328300e-04	-6.182069323777973613e-05	4.048987635184379255e-05	2.481693242410114360e-05	-8.138665414221307650e-04	-5.944336063718497101e-05	-9.220113931011819555e-04	-1.590460652855617361e-03	6.792365695611413600e-05	1.222701837527106518e-02	-4.382559405264184363e-04	-8.479132197812069578e-04	1.236773451392079570e-03	-1.227837009434682488e-03	1.485174472283648170e-02	2.985457824106770020e-02	-3.650243554279147275e-04	1.389350864656071593e-04	-1.086913673804185333e-04	-4.991581115911276488e-05	-1.081239278672041504e-03	-1.590836650598264457e-05	-1.127916075131480539e-03	-5.830433483594423070e-04	-2.067056388321929629e-05	-6.963926493793678747e-04	-8.712787597649428693e-04	-6.777253378729724458e-04	1.585438623372097122e-02	-5.996768425457891551e-04	3.045848737926427907e-02	1.400911708493884911e-02	-5.262536896712690596e-04	-1.354626718650783768e-02	-1.436175763290633862e-03	-9.944860126494823108e-04	2.993484970725639183e-02	-3.026225182920711573e-04	1.347011473879179688e-02	-3.434949655262915834e-04	-1.580958953628309386e-04	4.183358996759857680e-04	2.196385690420226766e-04	8.788910992452000556e-05	-1.012522022161692912e-03	-1.456747512896606930e-05	-5.193862999891547642e-04	-1.759325822712230812e-04	2.009554690069198382e-04
8.122198001264208317e-04	-9.775121829453368300e-03	-3.218236435117646961e-03	-1.429367607147714501e-04	1.484880484583038897e-03	3.245504114801443926e-04	6.671349763768548002e-04	-5.543508032130571583e-03	-3.070779808809028693e-05	-1.900312193407681881e-04	-1.363050878973774173e-03	1.365058032043777795e-05	-2.443571612369518659e-03	-5.785688371090422753e-05	8.354195338109126874e-06	6.652323579856481541e-04	-9.375762488264870805e-05	-1.506728742175657233e-03	-2.948942121329885778e-03	9.873298218026069553e-05	-1.288756140570127863e-03	2.765856757037610939e-05	3.386392734361617419e-06	-3.034778844444509672e-04	-5.470764392292255460e-04	5.539127740402082986e-03	4.915914492577944106e-03	-3.289524933121297295e-04	3.741678961034872360e-03	-1.127913547622917852e-03	-1.476515543230432718e-03	7.206155548010617466e-03	-5.776442811907962749e-05	-2.449915209938658897e-03	-1.416819242676050847e-03	1.649346648905026169e-04	-8.634391421878587615e-05	1.431806246077442371e-04	3.627911880549427421e-05	-1.182239123469472136e-03	-6.885477789277513934e-05	1.452119798279495220e-03	5.704250063709261076e-03	-5.996768425457891551e-04	1.054435180157512267e-02	-9.935675741575846452e-04	-4.462466329328316572e-04	-3.745438016101231699e-03	2.026271546760312434e-04	-3.377528964752978327e-03	7.155861081747691421e-03	-1.014695800699012222e-03	5.725627735647385516e-03	-3.251249182896658106e-04	5.634697542778212411e-05	-5.007175469192996949e-03	2.341694846656263449e-05	1.241355370438767527e-03	-1.741908110923122757e-04	-1.013145074864666947e-04	-1.583080807040677072e-03	-2.845912799069471753e-04	-6.709442799888622872e-05	2.859991420985065046e-03
-5.610647539831317004e-02	-5.565203856742764960e-04	-3.460627601000266021e-04	2.767693252801900136e-02	6.766368621751825841e-04	-6.892449405451093146e-06	-2.765090414056966400e-02	-5.122556722968304912e-05	-5.565143719177385005e-04	1.130779008686076052e-04	7.847490764933466004e-05	-5.782992302822771886e-04	-7.619296758149706654e-05	-1.376120280633437703e-03	-3.244519455466612738e-03	2.391753318692611569e-04	-3.460466383002806594e-04	7.847503221334652947e-05	1.766571518384095615e-05	-1.199911358217472298e-03	-7.717630224300576385e-05	-1.050129773154263391e-03	-2.002525060201030584e-03	1.173020089460636938e-04	2.767692872412115188e-02	-5.782987771906413638e-04	-1.199904345769953369e-03	9.652167234071801563e-04	-2.324109453605246230e-03	3.045848484358811697e-02	6.258196924508022119e-02	-6.539714211780683776e-04	6.766426897611358803e-04	-7.619415920405108833e-05	-7.717737757231432573e-05	-2.324121318854780426e-03	-3.646011721175831130e-05	-9.935707353609544643e-04	-3.897379889584377376e-04	3.279372041517175456e-06	-6.895246422520365066e-06	-1.376122762005804398e-03	-1.050130040937329078e-03	3.045848737926427907e-02	-9.935675741575846452e-04	6.413372960376664822e-02	3.041694642972778834e-02	-1.255503503897636118e-03	-2.765090845692978055e-02	-3.244529276761624371e-03	-2.002532920413854951e-03	6.258197770325732434e-02	-3.897389413358299647e-04	3.041695020972245284e-02	9.325255885558479587e-04	-8.763813935684744384e-04	-5.122561123124669941e-05	2.391756931880615299e-04	1.173023744969683849e-04	-6.539662966245879221e-04	3.279902236861956602e-06	-1.255498723454106808e-03	-8.763775660588021691e-04	3.345255636178599162e-04
-2.652205119862064558e-02	-3.922421053966910522e-04	-2.988757225743031128e-04	1.433856784091126595e-02	3.437198740897965624e-04	6.544789372002891674e-04	-1.266897453821476741e-02	-9.163800933308101262e-05	-4.309318939714647375e-04	5.848527031127221960e-05	7.805956053309710341e-05	1.590578185783630711e-04	6.619525906212719087e-05	1.019601679009474377e-04	-1.547690075823786055e-03	8.638919417708657597e-05	-5.927136743154051105e-05	7.574742024103922448e-05	2.880281048321224082e-05	1.197753995025626071e-04	-2.061766831846949049e-05	-6.100223485400601029e-05	-7.389139900206721095e-04	7.216403410227420912e-05	1.346811145754351138e-02	-1.889668635160118349e-04	-4.562859596041424172e-04	-3.005671489580670833e-04	-1.074231828755756873e-03	1.347011172323832329e-02	2.980031483163687531e-02	-2.907408925906184403e-04	9.748969838331564882e-04	3.774448167335257403e-05	-3.909930132528710925e-05	-1.074038210328920545e-03	-5.337981788928646747e-05	-3.251260251461152422e-04	2.107618065144780967e-04	5.094003996757347094e-05	6.917793760902544303e-04	-6.213791643618095644e-04	-4.619529289138322049e-04	1.400911708493884911e-02	-4.462466329328316572e-04	3.041694642972778834e-02	1.581540289231261193e-02	-7.071108094048592693e-04	-1.213682127727801555e-02	-1.610036915574126516e-03	-9.518947359603525601e-04	2.976684092710703278e-02	-1.391242743654795457e-04	1.479306212306234942e-02	1.253960695737760950e-03	-5.329078216226320166e-04	-4.468908416746668376e-04	8.289460508088023979e-05	8.902572128837833124e-05	-9.002749112153429333e-05	1.162387167189759917e-04	-4.474457755351279615e-04	-1.120121467148887245e-03	9.668003895564851056e-05
4.888205816312356320e-04	3.514442104896804784e-03	8.367445460311394301e-03	-4.151519453688556774e-04	3.262898330310751160e-03	7.313292094510558686e-06	3.047444519862395817e-04	1.093623103835717777e-04	1.202233705428226935e-04	-6.540949473279238178e-05	2.661610887361126436e-03	4.566611011653268589e-05	5.783274107774051542e-03	2.707629692816456357e-04	3.103013339821227424e-04	-2.907053508581957518e-03	2.905212976376389468e-04	2.625629939459932574e-03	5.593164557167350746e-03	-1.762037894140277108e-04	2.739021705203629337e-03	-1.058571567097481000e-07	1.800430641067270990e-04	-7.637540948806494318e-05	-2.231219601904043531e-04	5.102284911085789963e-05	-3.847622106367517419e-03	-3.824054420315823124e-05	-6.865589357044729786e-03	-5.193885311999590958e-04	-9.320676840889523338e-04	4.177516039875680057e-03	1.178579980498540181e-04	5.408253321411003733e-03	2.558443313921889006e-03	-3.333560762339399892e-04	-5.069342974472894911e-05	-2.845915231318748412e-04	-4.482039585534559477e-05	2.684205347508439830e-03	-2.470715949858468121e-05	3.777046327581577798e-03	7.067930107864128367e-06	-5.262536896712690596e-04	-3.745438016101231699e-03	-1.255503503897636118e-03	-7.071108094048592693e-04	9.832749200181687202e-03	2.221994238152493254e-04	7.141632095368900465e-03	3.876886625165001758e-03	-8.426534541229359354e-04	-1.648780069916904053e-04	-4.474487344887557614e-04	-1.302474055853188311e-04	4.423028358399356055e-03	4.566367816168474170e-06	-2.820975547440664720e-03	1.943815724532206850e-05	3.272178663248723890e-04	2.934317889741328012e-03	8.129310830512127438e-04	3.323904421529438229e-04	-6.232597398639942547e-03
2.443177935360652669e-02	3.844937127567384159e-04	-1.682778563717262873e-04	-1.115429270310739317e-02	-4.219054360559520685e-04	6.717061762863592040e-04	1.239560307105572537e-02	1.478866672243419255e-04	-2.267032493652437804e-05	-5.731013882645076085e-05	-1.723262798350722318e-05	4.707800027757036735e-04	7.187222198466676525e-05	8.304371493731859712e-04	1.169216639801841980e-03	-1.154376691977322753e-04	-1.349936012971153705e-04	-3.481066833767127117e-05	8.861414690600433820e-06	9.678866036416501704e-04	4.705717340404506335e-05	6.999957459121105294e-04	8.735744085278300628e-04	-4.459492730467596498e-05	-1.156245500740089860e-02	1.193197617015976704e-04	6.299673299959992166e-04	-1.111154818250236712e-03	1.168482350243219177e-03	-1.440690173391534837e-02	-2.717719295413137393e-02	-1.505318416798115671e-04	-1.716583873899647404e-04	6.046351098928961208e-05	7.913795158390716936e-05	1.279267402808351075e-03	3.035302728911925966e-05	6.671352498385165353e-04	3.406418091549067405e-04	8.408197213875651834e-06	7.348006941847693178e-04	4.721429956914278470e-04	3.023482632056860055e-04	-1.354626718650783768e-02	2.026271546760312434e-04	-2.765090845692978055e-02	-1.213682127727801555e-02	2.221994238152493254e-04	1.330799718079688464e-02	1.212754743913766657e-03	4.257032527850833793e-04	-2.723012180003680713e-02	2.492662454157023222e-06	-1.266897797915852997e-02	4.010657541576762865e-04	2.540626281176420944e-04	-2.004560281955656534e-04	-1.136691184935117408e-04	-4.678017644637091075e-05	3.024451033695437548e-04	1.703345014833648432e-05	3.047436792837655275e-04	-5.047729719232245984e-05	-1.417453424759030300e-04
2.445342145832218785e-03	3.320083499694708937e-03	6.195485604907271550e-03	-1.333027259074868413e-03	3.243144212674122125e-03	4.808459994984088103e-08	1.169220907515251210e-03	3.793786885047636884e-06	1.929175542201268598e-05	-1.398886660259081034e-04	1.118464807519759614e-03	4.908676374070705401e-05	2.748315152284565906e-03	1.242100157913737476e-04	8.233390904317368863e-05	-1.469291366924097399e-03	1.031939607396175674e-04	9.737806694254413399e-04	2.472802853348496539e-03	2.546232007368041437e-05	1.450448815581930999e-03	5.664983807132947617e-05	1.246148848138939975e-04	-2.309529251048390950e-04	-1.242926678421779792e-03	2.393832353834370475e-04	-3.380458161470310027e-03	-2.197918599343452186e-05	-8.348814535458489589e-03	-1.537658140114599083e-03	-3.056352236684015296e-03	3.993766533420650688e-03	-8.697264052788018654e-06	2.165805681860400421e-03	1.184155456945425178e-03	1.369120906062494384e-04	8.035697186553828332e-05	8.353724320056518567e-06	2.452848653925718573e-05	9.883212420099627554e-04	-1.366535697534209708e-05	3.889097363830308976e-03	2.246621501579260625e-04	-1.436175763290633862e-03	-3.377528964752978327e-03	-3.244529276761624371e-03	-1.610036915574126516e-03	7.141632095368900465e-03	1.212754743913766657e-03	9.017991863864224453e-03	3.926628599129965841e-03	-3.062491666632121551e-03	-7.477596014623098965e-06	-1.547694233596308162e-03	-1.901871622447870772e-04	4.005868898080404417e-03	-1.414932147272326466e-05	-1.354890844172878389e-03	-9.827684220331357810e-05	1.305400099088909621e-04	1.244253073153012363e-03	3.103014485971481665e-04	8.554541605726623027e-05	-2.711906476873320385e-03
1.227928435068999149e-03	-6.559072494676094350e-03	3.433781401672828144e-03	-4.363277717023174166e-04	4.537224071280066343e-03	3.840421667998064094e-04	8.735784938068084492e-04	-5.498441685926986830e-03	5.044947141946106898e-05	-2.096322458846208389e-04	-2.081178990607274231e-05	3.307937873296213282e-05	6.173425772137853401e-04	9.213254830014159548e-05	1.246151640495821178e-04	-8.889969257899657095e-04	1.481631030982452570e-04	-2.285909970461138347e-04	-1.241543755307041800e-04	9.270142726363088045e-07	2.011153605844183639e-04	3.820737337000193045e-05	1.277166840502292429e-04	-4.629766935305679697e-04	-7.638291451491020963e-04	5.632193228497289414e-03	1.654085288961694433e-03	-3.133962336588493958e-04	-3.284269949112184062e-03	-1.590464264185601113e-03	-2.254766930155060675e-03	1.085656942676637218e-02	3.645541359064839222e-05	1.706074832912721022e-04	-1.358375881767349177e-04	3.563500481513697069e-05	-1.417002269024007061e-04	3.385852823866995526e-06	3.779382174435732237e-05	1.058867786922284236e-04	-2.751586113476384510e-05	4.941640443464592053e-03	5.777332672942348153e-03	-9.944860126494823108e-04	7.155861081747691421e-03	-2.002532920413854951e-03	-9.518947359603525601e-04	3.876886625165001758e-03	4.257032527850833793e-04	3.926628599129965841e-03	1.064501205350799548e-02	-1.763202418692886523e-03	5.636821081086816274e-03	-7.389179915854296107e-04	-1.027016030999315318e-04	-1.303448644391205346e-03	1.481152381180404906e-05	-2.274802633663224949e-04	-2.343321188060280228e-04	8.203418557813377330e-05	-5.468202771001265893e-05	1.800434610741131450e-04	7.512099665872489580e-05	-3.006156770965876814e-04
-5.492694533082075059e-02	-5.331520306402510317e-04	6.658463471327068239e-06	2.721185687124525604e-02	1.107437593622233145e-03	-1.946373005142991279e-05	-2.717719238878747723e-02	-2.593651122419300594e-04	-7.682033484675820369e-05	1.359033158057442294e-04	1.194755572910248547e-04	-8.058701302719827432e-04	1.038458530793424158e-05	-1.356216758636832756e-03	-3.056343766869981573e-03	1.853520337074737799e-04	-3.675265368252335623e-05	1.724402964669407548e-04	1.031175173194479760e-04	-1.422019005261644913e-03	-6.560802672781006868e-05	-1.277577783199260880e-03	-2.254758682801325832e-03	1.503040552750460450e-04	2.710844744444538060e-02	-3.668711160482702820e-04	-9.842236870354198735e-04	9.526833119914445737e-04	-2.462010613870537455e-03	2.985458009905340993e-02	6.165165800501266891e-02	-4.049332442731658839e-04	6.823572769462345807e-04	5.743670884619841689e-05	-4.356026794487438713e-05	-2.479460401704853580e-03	-7.516490723280464241e-05	-1.476517332064403642e-03	-6.146233654639821162e-04	1.110950088789066357e-04	-7.372569247062752730e-05	-9.022125337601024156e-04	-8.372026578846041055e-04	2.993484970725639183e-02	-1.014695800699012222e-03	6.258197770325732434e-02	2.976684092710703278e-02	-8.426534541229359354e-04	-2.723012180003680713e-02	-3.062491666632121551e-03	-1.763202418692886523e-03	6.180536022504150295e-02	-1.865928286555335871e-04	2.980032214851133926e-02	8.701564982035768850e-04	-1.077110425263065694e-03	1.829885562351590920e-04	2.195254376423379336e-04	1.438153971374651842e-04	-9.359205406758986084e-04	9.956484225666242891e-05	-9.320642083736612338e-04	-6.426345347290286347e-04	1.782922343003523198e-04
2.863592263544832532e-04	-5.322472823987055637e-03	-4.159373647800680755e-05	8.747192656789574972e-05	5.197057569168698002e-03	3.497699739062231283e-04	3.406436131182311641e-04	-5.065438168703450747e-03	1.574367627282848974e-06	-1.428913690954049264e-04	-6.323107302607018122e-04	2.487626363371443487e-05	-8.332689900061593727e-04	1.231978717623278185e-05	2.452877816793044938e-05	1.167181106913083493e-04	3.146247058750526788e-05	-6.250654285045106895e-04	-1.325341160827529742e-03	2.333570309976044284e-05	-6.180524107466597861e-04	1.329659419799398629e-05	3.779398509935055772e-05	-5.153098644751371676e-05	-2.845398395974101449e-04	5.399858505043562962e-03	5.667755821547649370e-03	-1.692720437382272207e-04	3.168240140780128992e-04	-5.830436202557818430e-04	-6.146252018596795163e-04	5.661446144590635138e-03	1.863711729335486338e-05	-7.686136429828914528e-04	-6.075288588420859649e-04	2.717930545809683711e-05	-2.013640457334620938e-04	3.627896876877536512e-05	3.784221292934924330e-05	-1.011961429921495319e-04	1.021029179203199939e-05	5.480017700786119460e-03	5.214044835522756161e-03	-3.026225182920711573e-04	5.725627735647385516e-03	-3.897389413358299647e-04	-1.391242743654795457e-04	-1.648780069916904053e-04	2.492662454157023222e-06	-7.477596014623098965e-06	5.636821081086816274e-03	-1.865928286555335871e-04	5.444825001939174874e-03	2.107616057496188510e-04	9.231277500585345825e-05	-5.775101768470815994e-03	3.840111258750825943e-06	4.371147047240865439e-04	-1.138670784382514445e-04	5.061365561146164273e-06	-6.097276268260906108e-04	-4.482023342021474447e-05	-1.719361023074438363e-05	1.038873593073940706e-03
-2.652205378108209513e-02	-4.309344305231637817e-04	-5.927939405939130471e-05	1.346811453788358467e-02	9.748947023345853674e-04	6.917806551369530630e-04	-1.213682065565867968e-02	-4.468908078063930922e-04	-3.922386295989893114e-04	5.848548600655334082e-05	7.574751416422483257e-05	-1.889672527937258752e-04	3.774485971597951457e-05	-6.213781140357286809e-04	-1.610032708876552900e-03	8.289453825605501186e-05	-2.988675052017737764e-04	7.805986717174714907e-05	2.880299168870997762e-05	-4.562894451062164463e-04	-3.909888459791668370e-05	-4.619530465166486874e-04	-9.518915702457430520e-04	8.902556878756486740e-05	1.433856756055937320e-02	1.590583516458036833e-04	1.197793890810815279e-04	-3.005669625195694136e-04	-1.074033041484940545e-03	1.400911775235888328e-02	2.976684044513727700e-02	-9.003048220036266429e-05	3.437225916555171953e-04	6.619493479036444249e-05	-2.061809165230344765e-05	-1.074237067593172184e-03	-5.337991265376770274e-05	-4.462484300788449338e-04	-1.391239372255079524e-04	1.162385921551968327e-04	6.544777371070460703e-04	1.019596860971502209e-04	-6.100227603618073254e-05	1.347011473879179688e-02	-3.251249182896658106e-04	3.041695020972245284e-02	1.479306212306234942e-02	-4.474487344887557614e-04	-1.266897797915852997e-02	-1.547694233596308162e-03	-7.389179915854296107e-04	2.980032214851133926e-02	2.107616057496188510e-04	1.581540631237675007e-02	1.253960675328277168e-03	-1.120123900524678910e-03	-9.163774994940801152e-05	8.638940131494132323e-05	7.216426875744985712e-05	-2.907387477388098012e-04	5.094036966789442991e-05	-7.071078701500295091e-04	-5.329057646979342821e-04	9.668002791893048941e-05
-6.629590321217666924e-04	-1.815648789521467411e-04	-1.891000748105726016e-04	1.066181221260280743e-03	2.305892137676746609e-04	-4.196678381595506406e-04	4.010659151125482214e-04	-2.014933025685782821e-04	-1.815640197783945510e-04	-8.126075912044201439e-06	8.697614560738495672e-06	2.896264193408719444e-04	4.749290369749572003e-05	3.291156369338767303e-04	-1.901869418525647558e-04	-1.625781378453050228e-05	-1.890991009935583242e-04	8.697716360475856985e-06	-1.019068239665461395e-05	5.027017496325491067e-04	8.611756528672219886e-06	2.034413208743395560e-04	-1.027017382065528164e-04	1.457606615783478234e-05	1.066181296716509248e-03	2.896271829778196199e-04	5.027031779418658468e-04	-1.876027633411822722e-03	1.180226652588207850e-04	-3.434951219241632334e-04	8.701563855048860107e-04	-1.722870572470575369e-05	2.305882767703509905e-04	4.749309979290709973e-05	8.611737320499186928e-06	1.180227162500090804e-04	-1.315561396439049079e-05	5.634652928093620975e-05	9.231198357189686603e-05	4.669953320290996731e-05	-4.196678504925541284e-04	3.291164512333278410e-04	2.034417636844286351e-04	-3.434949655262915834e-04	5.634697542778212411e-05	9.325255885558479587e-04	1.253960695737760950e-03	-1.302474055853188311e-04	4.010657541576762865e-04	-1.901871622447870772e-04	-1.027016030999315318e-04	8.701564982035768850e-04	9.231277500585345825e-05	1.253960675328277168e-03	1.987984832739993647e-03	-4.730818568521073125e-04	-2.014923757033576946e-04	-1.625788633915195211e-05	1.457609138491744612e-05	-1.722881887558685754e-05	4.669955260200173630e-05	-1.302462170499937410e-04	-4.730800995411086631e-04	-1.155895629743844031e-05
3.179801718522609795e-04	4.761869697046954182e-03	3.638350066245393116e-03	-5.057528251134579649e-04	-6.836825891101569637e-03	-2.944088833536031733e-04	-5.047818703886554950e-05	5.722008497690570829e-03	1.859660744253195327e-05	3.062874166574348081e-05	1.672283890297697646e-03	4.478919953709415791e-06	3.020121524739382331e-03	9.420054553216340113e-05	8.554506394602221907e-05	-1.484205019380242145e-03	8.072677147399459066e-05	1.333852845158751098e-03	3.361328572098260491e-03	-6.220795097147731475e-05	1.816118211098350418e-03	2.226705218627120957e-05	7.512068182767255432e-05	-3.397589209846497722e-04	-2.982632578851121503e-05	-5.705203011240791988e-03	-1.092515759214691788e-02	2.011757480170507228e-04	-4.059364712934770449e-03	-1.759344190861584221e-04	-6.426368057260833239e-04	-1.088619285008455943e-03	1.807726129217312284e-05	2.422365790408691731e-03	1.477829826373818281e-03	-6.610030357572568155e-05	3.296445532640466950e-04	-6.709457362816489794e-05	-1.719377830226369140e-05	6.360738532071681314e-04	5.191893208035843865e-05	-7.078917338998246683e-03	-5.774546938918444922e-03	-1.580958953628309386e-04	-5.007175469192996949e-03	-8.763813935684744384e-04	-5.329078216226320166e-04	4.423028358399356055e-03	2.540626281176420944e-04	4.005868898080404417e-03	-1.303448644391205346e-03	-1.077110425263065694e-03	-5.775101768470815994e-03	-1.120123900524678910e-03	-4.730818568521073125e-04	1.154338776484533161e-02	-1.464621223922644630e-05	-1.464310171814486384e-03	4.284906462852338109e-05	1.264447621335325236e-04	1.495306437730185064e-03	3.323904453711572248e-04	1.339837307552216956e-04	-3.213976179897364699e-03
9.244872511375261804e-05	-1.563897498209352576e-05	-6.959395933802459730e-06	8.200425691912906104e-05	-1.410152597562043162e-06	3.891980577071634255e-05	1.478873445205286714e-04	-2.334412501642331566e-05	5.255466941952698437e-03	1.914593382696302948e-04	2.291157250864097011e-04	-5.066154367545922313e-03	8.390859110160791103e-05	-5.459005062281953313e-03	3.793815238322567515e-06	-1.310164666947220054e-04	7.528642594929063365e-05	3.056105658111469008e-04	6.375657011938232590e-04	-5.590180933861566351e-03	3.081033230357065836e-04	-5.395205447702654603e-03	-5.498441795285963565e-03	-7.504877641960084342e-06	-3.112648950339625331e-04	-7.600901836984696796e-06	7.585184709288462297e-06	2.610813501212535257e-04	1.246440540290312638e-05	1.290193363618268659e-04	-2.593665444764310874e-04	9.412457161850446507e-06	-5.173839111187515313e-03	1.451340837991879087e-04	3.185502891639101198e-04	-1.963969191758860072e-04	1.364856257434068974e-04	-5.543508202094823457e-03	-5.065437640564407831e-03	2.019358027106768288e-04	-3.270774291752788108e-04	-4.383095451878601153e-06	2.684244926864309225e-05	4.183358996759857680e-04	2.341694846656263449e-05	-5.122561123124669941e-05	-4.468908416746668376e-04	4.566367816168474170e-06	-2.004560281955656534e-04	-1.414932147272326466e-05	1.481152381180404906e-05	1.829885562351590920e-04	3.840111258750825943e-06	-9.163774994940801152e-05	-2.014923757033576946e-04	-1.464621223922644630e-05	5.301064419752155206e-03	1.863036223646294723e-04	-7.275483541454148785e-05	-5.600974090730435201e-03	-2.372240390728704994e-04	1.093612409213800532e-04	5.722007333893075823e-03	-2.921179760473032513e-04
-1.005735396268251454e-04	-2.277955109557134054e-04	2.786161505275279730e-05	1.974747017698698359e-05	-1.654018599462870286e-05	-3.953853544664352585e-05	-1.154381467070402623e-04	-1.310150562398955853e-04	2.794574005795226685e-04	9.226405048007786137e-04	-1.208562719404577580e-02	-4.614440791652597244e-04	-2.774088888528530167e-02	-9.619904558036062540e-04	-1.469294737697381592e-03	1.418302183779244011e-02	-7.838818105912951750e-05	-1.261249554401512596e-02	-2.776628795052525286e-02	6.834815775413510038e-04	-1.434862380308914512e-02	-1.350614184637347602e-04	-8.889992250177601932e-04	8.114024812007190500e-04	4.898148305781673293e-06	-1.779707848247512813e-04	6.755053850899697503e-04	7.182823983581999069e-05	1.687497246962179048e-03	1.425093462789287901e-04	1.853524962246697906e-04	-1.284465453946193178e-03	-1.465885714337707309e-04	-2.774869399622490601e-02	-1.348565254380390890e-02	1.806618781634987490e-03	-5.292830307103335487e-04	6.652306787661679995e-04	1.167180538983445307e-04	-1.272166790810244814e-02	-6.179326759496225744e-05	-9.173668328755911656e-04	1.803429131479743924e-04	2.196385690420226766e-04	1.241355370438767527e-03	2.391756931880615299e-04	8.289460508088023979e-05	-2.820975547440664720e-03	-1.136691184935117408e-04	-1.354890844172878389e-03	-2.274802633663224949e-04	2.195254376423379336e-04	4.371147047240865439e-04	8.638940131494132323e-05	-1.625788633915195211e-05	-1.464310171814486384e-03	1.863036223646294723e-04	1.518853107819814752e-02	8.537264965976412278e-04	-1.969398624386956877e-03	-1.325758490841198040e-02	-2.907053920156517542e-03	-1.484207283908715739e-03	3.034458918691740337e-02
-7.056589007788147507e-05	5.356520825720652339e-05	2.287357601470606916e-05	4.068825029981733846e-05	1.122871950056787944e-05	1.028690528944425158e-06	-4.459514971810813930e-05	-7.505210869173516485e-06	1.681214006450571408e-04	-4.121705553888867961e-04	7.316465923704780494e-04	-3.403269018518877457e-05	-4.066158111860657294e-05	1.643189962389686204e-04	-2.309528747313202893e-04	8.114015481669762265e-04	-6.422067701700519304e-05	6.807355101568816035e-04	-2.034360311577646229e-05	2.367992596160578664e-04	-7.156640085788695729e-04	-1.308705106599350725e-04	-4.629780104525630345e-04	1.895924141290721964e-03	6.017943075888133793e-05	-9.611152341821101077e-05	-1.208690346430223758e-04	1.258404157481303343e-05	4.327058113814176149e-06	6.792376754010937109e-05	1.503042691630712018e-04	-1.579436782092704706e-04	2.531967923320956786e-04	-9.222605036745537208e-05	-7.451793111573658257e-04	1.332850533216981535e-04	4.494916331191729699e-04	-3.034793769475346002e-04	-5.153185928104914523e-05	7.244247128636155646e-04	5.882144917233213758e-06	-9.473106405851695259e-05	-1.944044673537812624e-04	8.788910992452000556e-05	-1.741908110923122757e-04	1.173023744969683849e-04	8.902572128837833124e-05	1.943815724532206850e-05	-4.678017644637091075e-05	-9.827684220331357810e-05	-2.343321188060280228e-04	1.438153971374651842e-04	-1.138670784382514445e-04	7.216426875744985712e-05	1.457609138491744612e-05	4.284906462852338109e-05	-7.275483541454148785e-05	8.537264965976412278e-04	1.935789691997682506e-03	-4.029255218256183558e-04	7.467351417827380010e-04	-7.637493390572126805e-05	-3.397578824788770758e-04	9.973834831178581255e-05
1.118039146651835017e-05	3.796594828256342829e-05	9.329408399751906895e-05	-1.611959468276564166e-04	5.172178783690108589e-05	-6.375725761626682621e-05	-1.505343435923920520e-04	9.412414756017539123e-06	-6.802079169653877690e-03	-2.861784535798244126e-04	7.827148131633653114e-04	5.736654132873834216e-03	2.297313078229480665e-03	4.911838564695816117e-03	3.993766973522765162e-03	-1.284464950013165059e-03	3.458797405659470858e-03	9.860343864123407090e-04	1.987377014466403143e-03	1.434129578899345911e-03	8.377818801587131724e-04	5.781204546236090938e-03	1.085657059031809243e-02	-1.579444030860757252e-04	2.029227328410544619e-04	5.356972428866759047e-05	-3.796030761889360373e-05	-3.845863284519510962e-04	-1.170698932330126342e-04	-3.650214305850409168e-04	-4.049270733076541307e-04	1.441171611804060201e-04	4.532328627353679820e-03	2.758362239154899323e-03	1.194367356135785574e-03	-3.636646047223906098e-03	-1.141169748689431832e-04	7.206156855125387187e-03	5.661446672794155990e-03	1.027850997423914153e-03	3.646180597415325060e-04	1.455239828619996284e-04	1.299836808402054879e-05	-1.012522022161692912e-03	-1.013145074864666947e-04	-6.539662966245879221e-04	-9.002749112153429333e-05	3.272178663248723890e-04	3.024451033695437548e-04	1.305400099088909621e-04	8.203418557813377330e-05	-9.359205406758986084e-04	5.061365561146164273e-06	-2.907387477388098012e-04	-1.722881887558685754e-05	1.264447621335325236e-04	-5.600974090730435201e-03	-1.969398624386956877e-03	-4.029255218256183558e-04	1.131680375306591893e-02	1.170052048607291353e-03	4.177517021602576014e-03	-1.088619264010167115e-03	-2.648086270986981135e-03
-4.629832826285847427e-05	4.279775347472066513e-04	7.943753754341900263e-05	8.449371853033086179e-05	6.597442570010593271e-05	3.951731353212348957e-05	8.408154110475193107e-06	2.019346717192142360e-04	1.104760519652909611e-04	4.773472359469813357e-04	1.336697386632007545e-02	4.641173411381805856e-04	2.763319861056075938e-02	1.398659704870640168e-03	9.883258748484748807e-04	-1.272167092281524872e-02	-9.551948932891655682e-05	1.424048519353696141e-02	2.769009891485252339e-02	4.526962759611970942e-05	1.264928858970353412e-02	9.730727417331658648e-05	1.058881947955960759e-04	7.244239050809640323e-04	8.960724990983167748e-05	7.393743138433440767e-06	-7.372956312110641106e-04	-4.475929423669332871e-05	-1.683171166628877596e-03	-2.067045064642571752e-05	1.110950820542177289e-04	1.027851637491620888e-03	6.551908900788697056e-04	2.756351946230820721e-02	1.212041113190851990e-02	-1.440498678367034546e-03	-8.006626650498689613e-04	-1.182239939668653077e-03	-1.011974280091162000e-04	1.396027447007419653e-02	5.947340606410384840e-05	8.457666648327699654e-04	-3.385169037596239103e-04	-1.456747512896606930e-05	-1.583080807040677072e-03	3.279902236861956602e-06	1.162387167189759917e-04	2.934317889741328012e-03	1.703345014833648432e-05	1.244253073153012363e-03	-5.468202771001265893e-05	9.956484225666242891e-05	-6.097276268260906108e-04	5.094036966789442991e-05	4.669955260200173630e-05	1.495306437730185064e-03	-2.372240390728704994e-04	-1.325758490841198040e-02	7.467351417827380010e-04	1.170052048607291353e-03	1.498647667152183845e-02	2.684207873810419941e-03	6.360781782925831618e-04	-3.010943528723747376e-02
4.888196029118683627e-04	1.202236655049477036e-04	2.905213762639977885e-04	-2.231202231507965793e-04	1.178578012621717586e-04	-2.470682366724086812e-05	2.221989838325162171e-04	4.566553535511607202e-06	3.514441667885320492e-03	-6.540914707604173113e-05	2.625630330427805234e-03	5.102365162796038784e-05	5.408255137235792875e-03	3.777047259847114702e-03	7.141632793085621669e-03	-2.820976372525946935e-03	8.367447164971826210e-03	2.661613455963152824e-03	5.593167541011669075e-03	-3.847621484229557347e-03	2.558444141672072507e-03	7.069397961734708903e-06	3.876888984059269176e-03	1.943811651625097211e-05	-4.151508542395516347e-04	4.566619047139217774e-05	-1.762034225575551290e-04	-3.824046257790325489e-05	-3.333558121916190497e-04	-5.262518149959753699e-04	-8.426515110065013617e-04	3.272176262595880058e-04	3.262899739283927139e-03	5.783276707734302108e-03	2.739022623176871896e-03	-6.865588087271974962e-03	-5.069375935584080465e-05	-3.745435392098990512e-03	-1.648762658228568616e-04	2.934317791419728018e-03	7.313489176566806562e-06	2.707632254787646024e-04	-1.055283503879231064e-07	-5.193862999891547642e-04	-2.845912799069471753e-04	-1.255498723454106808e-03	-4.474457755351279615e-04	8.129310830512127438e-04	3.047436792837655275e-04	3.103014485971481665e-04	1.800434610741131450e-04	-9.320642083736612338e-04	-4.482023342021474447e-05	-7.071078701500295091e-04	-1.302462170499937410e-04	3.323904453711572248e-04	1.093612409213800532e-04	-2.907053920156517542e-03	-7.637493390572126805e-05	4.177517021602576014e-03	2.684207873810419941e-03	9.832748463925412505e-03	4.423027115834859448e-03	-6.232599031241410625e-03
3.179798548554461143e-04	1.859707108818623242e-05	8.072724398931191013e-05	-2.982468557957973431e-05	1.807735259928796624e-05	5.191877333906823186e-05	2.540623876209748629e-04	-1.464607907487955007e-05	4.761870015039373905e-03	3.062875958593187851e-05	1.333855859688092525e-03	-5.705202802184395662e-03	2.422371679741215558e-03	-7.078916673116523658e-03	4.005869837937763890e-03	-1.464313746680826834e-03	3.638351798927169818e-03	1.672286963512672467e-03	3.361334614197290793e-03	-1.092515729684160643e-02	1.477832076188526512e-03	-5.774546272361876301e-03	-1.303447145121954063e-03	4.284890290405704956e-05	-5.057525370219385745e-04	4.478887157056737136e-06	-6.220787106160763206e-05	2.011755476112320738e-04	-6.610025617301541160e-05	-1.580937818049174819e-04	-1.077108577701725665e-03	1.264446664111456111e-04	-6.836823844233227282e-03	3.020126332151288825e-03	1.816119205208678545e-03	-4.059364184019079690e-03	3.296437500302728217e-04	-5.007174132784982315e-03	-5.775099994187191457e-03	1.495308751959641786e-03	-2.944088632753279764e-04	9.420083868640874609e-05	2.226723226115702556e-05	-1.759325822712230812e-04	-6.709442799888622872e-05	-8.763775660588021691e-04	-1.120121467148887245e-03	3.323904421529438229e-04	-5.047729719232245984e-05	8.554541605726623027e-05	7.512099665872489580e-05	-6.426345347290286347e-04	-1.719361023074438363e-05	-5.329057646979342821e-04	-4.730800995411086631e-04	1.339837307552216956e-04	5.722007333893075823e-03	-1.484207283908715739e-03	-3.397578824788770758e-04	-1.088619264010167115e-03	6.360781782925831618e-04	4.423027115834859448e-03	1.154338580940559439e-02	-3.213983039059866136e-03
-1.133892092348081715e-04	-5.554541102692890728e-04	2.030551723732768526e-05	-2.339496876862746575e-05	-7.736172798610143437e-05	-7.283157197612387509e-05	-1.417455500803501995e-04	-2.921148005414925274e-04	-5.554585057652196289e-04	4.772434629605223737e-04	-2.871855056609127349e-02	-2.570171584377423189e-04	-6.078789063939840642e-02	-1.830440510638155042e-03	-2.711915484024756545e-03	3.034459273138260735e-02	2.030055076663983386e-05	-2.871854870540715282e-02	-6.126072258725483166e-02	1.521033569674300765e-03	-2.888164263400229415e-02	4.984181364872271574e-04	-3.006191821499182661e-04	9.974042638054525468e-05	-2.339524503673424242e-05	-2.570195226116621032e-04	1.521029871716922301e-03	7.954267380868434989e-05	3.576597413499849748e-03	2.009556698472547882e-04	1.782925226247366799e-04	-2.648088017324708339e-03	-7.735886812887621342e-05	-6.078788496110611173e-02	-2.888164064385780050e-02	3.576592971776797018e-03	2.698086504473633587e-04	2.859990586266045881e-03	1.038874989037366940e-03	-3.010943208616748482e-02	-7.283153941490272680e-05	-1.830440718269769852e-03	4.984176398225193157e-04	2.009554690069198382e-04	2.859991420985065046e-03	3.345255636178599162e-04	9.668003895564851056e-05	-6.232597398639942547e-03	-1.417453424759030300e-04	-2.711906476873320385e-03	-3.006156770965876814e-04	1.782922343003523198e-04	1.038873593073940706e-03	9.668002791893048941e-05	-1.155895629743844031e-05	-3.213976179897364699e-03	-2.921179760473032513e-04	3.034458918691740337e-02	9.973834831178581255e-05	-2.648086270986981135e-03	-3.010943528723747376e-02	-6.232599031241410625e-03	-3.213983039059866136e-03	6.674254459835592124e-02
