0.000000000000000000e+00	-5.106220387191415721e-04	-9.032483305353371066e-04	1.209249530180725625e-04	-3.062704540978711015e-04	-1.497516370859790474e-05	-6.072478748489398143e-05	-2.061453856686655409e-04	-5.106226353473653943e-04	1.416094347793973862e-04	3.636322768265928080e-04	2.164447091249564986e-04	4.447057820324575549e-04	-2.020287286569363947e-04	-8.526049059197530295e-04	-7.504192353799491464e-05	-9.032505907046130180e-04	3.636292720183248277e-04	5.262009157321785591e-04	8.166433397488884541e-04	1.717094540683947602e-04	2.260798195189014047e-04	-1.995382473457498384e-04	5.436299376646116274e-05	1.209261171622592380e-04	2.164394188602667757e-04	8.166304071902912975e-04	5.942554367161455140e-05	1.125608952816191562e-03	3.895210596462430090e-04	4.332077183250925652e-04	-2.187955795648047121e-04	-3.062661590295865082e-04	4.446958705801695830e-04	1.717031339356379633e-04	1.125616608230556922e-03	-3.142380656822407563e-05	6.110034619359646767e-04	2.062827170233952085e-04	2.065251237337493669e-04	-1.497310421018751073e-05	-2.020394446337484343e-04	2.260730636309364052e-04	3.895162463773900225e-04	6.110000417406430580e-04	9.034889884836468576e-04	3.839199932156764057e-04	-8.491112884931419687e-04	-6.072016807858219515e-05	-8.526087581250593999e-04	-1.995412714623940871e-04	4.332003904090641396e-04	2.062785154426942835e-04	3.839189103278863881e-04	1.305152769025619080e-04	-7.471189182641502224e-04	-2.061483457574237420e-04	-7.503736477907339570e-05	5.436678502001257801e-05	-2.187975410233010420e-04	2.065300370086336687e-04	-8.491130482813482932e-04	-7.471263874847646272e-04	-2.165323421721830773e-04
5.106220387191415721e-04	0.000000000000000000e+00	1.131931467345500056e-04	-3.899008536263812684e-04	3.103570680843681503e-05	-1.532061244068437099e-04	4.393123513613705249e-05	-1.536725618269161415e-05	1.118932238361361031e-09	-7.860831283314974219e-05	-1.642675855890450326e-04	2.589698756432162410e-05	-5.102890213454210153e-04	1.501064489232261507e-05	-1.162856680317331503e-04	-3.349219775263202932e-05	1.820368584949197421e-04	9.704247717175285893e-05	1.563880127603601319e-04	-1.076961026019378578e-04	-1.159414505086731116e-04	-5.278638200165844044e-05	-9.379891184258092599e-06	3.972993407880716637e-05	-2.036118952080097171e-04	3.648339871663013615e-05	-6.457021658520609587e-05	3.072728762006953678e-04	-1.123854100213469282e-04	4.711769415634704371e-04	5.199507620067758283e-05	1.312122469006104337e-04	1.449893215576591521e-04	6.285924909977848307e-04	4.366792935782215588e-04	-2.432000007411014644e-04	1.052298554739690666e-04	-1.250206423568921707e-04	1.228744688769815824e-05	1.811369361091753460e-04	-1.197184765216856577e-04	4.553015955051033557e-05	3.195445190724076714e-05	2.969782070857907236e-04	-2.342836687458908084e-06	5.878014825400570574e-04	-3.447572026502311831e-05	1.857926085943566044e-04	-6.174790056417362523e-05	3.060590379564929206e-05	7.972459631251578886e-05	6.883265379438638072e-05	1.747903679518823065e-05	1.385779985899423963e-04	-6.489430416835875954e-05	9.330007218038703816e-05	-2.850981799539003869e-05	-2.544029353872816635e-04	-1.937674136654989531e-04	1.221690885657066505e-04	-2.493332332081546303e-04	2.163951984623826812e-04	2.865334439833835077e-05	-1.922938565610052134e-04
9.032483305353371066e-04	-1.131931467345500056e-04	0.000000000000000000e+00	-3.663463430940912019e-04	3.932308917052834522e-05	-1.319845403847018860e-04	1.351103766997601156e-04	-6.837895668624407444e-05	-1.820338804500955992e-04	-1.225226868949899200e-05	-4.242386410916287442e-04	6.570616491119435744e-05	-1.318332489421485728e-03	-1.631079001197094629e-05	-3.572390354687356682e-04	2.747721601607185137e-04	1.836758899645830456e-10	2.515411984745067773e-04	-2.098069360848244446e-04	-6.493078402642664328e-05	-5.555537374420849075e-04	-3.486575521391445512e-05	-3.466915044243105808e-05	2.120065619160894400e-04	-4.205213668684636488e-04	1.177986313738995186e-04	-9.811858343684382510e-08	3.453923726897835779e-04	-2.224099559695672510e-04	5.339072701310235841e-04	1.978908637163145182e-05	2.628426275208042015e-04	6.060728840395087188e-05	1.050333001417236203e-03	4.300148455471477539e-04	-2.222624864168873263e-04	-3.413867399546274892e-06	-1.353849577044709609e-04	-6.120385946883168153e-07	3.562959773164169389e-04	-1.783769170745435305e-04	1.497863368648757890e-04	4.840435626949298495e-05	6.287023746798495096e-04	-1.342821023195421614e-04	1.201619391917046250e-03	2.257169637012858103e-04	3.932346645704046847e-04	8.946392087281351694e-05	3.722286823462471602e-05	9.510359507149598597e-05	2.276681037131277562e-04	-8.194002491038618411e-06	3.141212825949824591e-04	9.456604621045798845e-05	1.350579107309177141e-04	-9.834550492307014607e-05	-2.016354120727539606e-04	-2.550617535197688282e-04	2.322555607987114557e-04	-4.769144491683490481e-04	2.997079031682578151e-04	-3.258467691023032712e-05	1.244920363458871019e-04
-1.209249530180725625e-04	3.899008536263812684e-04	3.663463430940912019e-04	0.000000000000000000e+00	2.809041445204945903e-05	1.005720191514098810e-05	-2.819811328230812514e-05	1.800390486527506128e-04	2.036124272520326776e-04	-8.558592233307061074e-05	-9.509981903338167594e-05	-1.938971367885590534e-04	-2.318764883916941120e-05	-2.551047460611206808e-04	8.755197664560588895e-05	-9.649124045588645243e-05	4.205211792276805291e-04	-9.017880861634112511e-05	-1.264009968647158652e-04	-3.896080485410452618e-04	-1.987585946831683741e-05	-1.930902462232724393e-04	2.779720683918980690e-05	-1.866232129188319646e-05	-6.609925625474086155e-10	-2.521487914462349367e-04	-3.612272702747197487e-04	-4.018978327390299043e-05	-2.186961271574925378e-04	-1.745152519957072926e-04	-9.740982470509325375e-05	-1.289544120559901579e-04	2.473344260648161191e-04	-8.335321867335919151e-05	-5.972100350633608346e-05	-3.287890414185991404e-04	-1.668286565894382310e-05	-1.291023230929121504e-04	-3.358736953113615311e-06	-4.150676326916460652e-06	1.066254130872143268e-05	-1.148339636164089734e-04	-7.510079885390949159e-05	-1.457562441518427370e-04	-2.017775770100331946e-05	-3.832699943151986373e-04	-1.117669217188487337e-04	7.072940470054711517e-05	-4.517300192224213976e-05	2.318239875190323466e-04	2.019215757336500653e-05	-9.223436683720087279e-05	-8.002418701507820603e-05	-1.288510237250218150e-04	-4.716923014397760093e-05	2.968853541515070987e-04	7.912135767227881531e-05	-3.726780420205378047e-05	5.251187967944776192e-06	-2.688971408519139512e-05	2.483950883045476436e-05	1.045108948961089176e-04	2.250604435314000195e-04	-7.694953980108573221e-05
3.062704540978711015e-04	-3.103570680843681503e-05	-3.932308917052834522e-05	-2.809041445204945903e-05	0.000000000000000000e+00	-7.069473827682920845e-05	-7.293696000103836114e-05	-4.975844328437189004e-06	-1.449907371320421521e-04	9.191819733692370800e-05	-4.658759873202431343e-05	5.407429193955347552e-05	-6.263555657396930373e-04	2.365982392733617987e-05	-1.459382702469645882e-04	2.387409518580066751e-04	-6.061232988686346716e-05	1.817181832394355444e-04	-1.651786136459419858e-04	4.967479224681619081e-05	-4.523720179908043062e-04	5.161855209140977916e-05	3.160687745910263944e-05	2.693412973978327957e-04	-2.473374296878547759e-04	5.646553868730342529e-06	4.126676906561838667e-05	1.651975522643324749e-04	3.656172259285609273e-05	3.056264178464409642e-04	2.301826943859298317e-04	3.075013955203834354e-05	-1.990551195150746600e-09	4.751183657200033945e-04	8.617795567668814767e-05	-1.149934565891790376e-05	-1.204777568663940401e-04	6.591050513526167381e-06	2.006784843666505671e-05	3.639963756980407143e-04	-1.345129016577023204e-04	-2.564457886166372183e-05	-3.333420594896001706e-06	4.641918629609550562e-04	-3.700031361001791016e-05	7.288287502691648788e-04	2.427841921005576952e-04	1.186691788898164513e-04	-1.776607132557973232e-05	-5.967529295356001112e-05	4.751131771174445879e-06	3.618005526450708857e-04	4.311796851525422653e-07	1.858956779342157040e-04	6.525409900576969687e-05	3.296055177469327420e-05	-8.350390209484407212e-05	1.003231663607768336e-04	2.689872773832429937e-05	9.450230584884270954e-05	-1.914379058018252598e-04	7.451687347312258296e-05	-7.660391821739594186e-05	1.781570893628890186e-04
1.497516370859790474e-05	1.532061244068437099e-04	1.319845403847018860e-04	-1.005720191514098810e-05	7.069473827682920845e-05	0.000000000000000000e+00	1.721261602463454611e-05	4.068739805476782965e-06	1.197170893840505143e-04	-9.997003856608206683e-06	6.774256009102503512e-05	-3.517831496664249676e-05	1.279998119943146200e-04	-1.119221848324711499e-04	-7.368141656408508889e-06	-8.018149710542015168e-05	1.783762357450607080e-04	5.585513586290334517e-05	9.993421548549564007e-05	-5.075943789329433111e-05	6.232868790518106402e-05	-1.625365065788994783e-05	9.014148056074399286e-05	-6.224377550750120680e-06	-1.066415994087222736e-05	-1.507130125826416532e-04	-7.569283834530605103e-05	7.036000409777041510e-07	3.543242909716190503e-05	-8.881742836296733408e-06	-2.296363704779943399e-05	-6.179134411005680633e-05	1.345127407476925030e-04	8.547404472756959105e-05	2.104290248353501942e-05	2.795631901569432175e-05	-7.603424651483422532e-06	1.497819317444931729e-04	1.369318348610919006e-04	4.779423470142058080e-05	-3.980207566101099466e-10	-1.595419856504690895e-04	6.022089198160480877e-06	-2.391344351745406538e-05	8.982532243168657622e-05	-3.369625865606635693e-05	1.689946334203094206e-06	-7.546949590710251067e-05	-1.575573238029677993e-05	-1.575214876648384004e-05	2.080637433987861092e-05	-2.447293235411603354e-05	8.481527143180120622e-06	-1.352450122488192314e-05	1.563249028541153356e-06	2.535125994845902731e-05	2.269426095291761657e-05	-7.838905145483842111e-05	8.243024557293873565e-06	5.992350450946527176e-06	7.112014678345909553e-05	-5.427952279561326448e-05	-1.427944813397645877e-05	-1.345255317099032695e-04
6.072478748489398143e-05	-4.393123513613705249e-05	-1.351103766997601156e-04	2.819811328230812514e-05	7.293696000103836114e-05	-1.721261602463454611e-05	0.000000000000000000e+00	-1.005927985107573145e-04	6.174690725826122227e-05	6.886741617981512794e-05	2.284504223040696670e-04	6.698497989903568709e-05	2.390516929512402785e-04	-4.275935168778857483e-06	-1.496243461058938118e-04	-5.996619765495628029e-05	-8.946596020343352672e-05	1.868089266876019571e-04	2.404701151736516555e-04	3.101218846141881699e-04	5.571899258011725757e-05	1.696329133562865629e-04	6.534242759977939522e-05	3.641851470185898990e-05	4.517111696703419435e-05	-3.910819862154132540e-05	2.146694088529746023e-04	2.484993710327769753e-06	3.029633542719538473e-04	1.559927240082281327e-04	1.676214687322333252e-04	-7.587003223833143359e-05	1.776832847806696469e-05	2.512100330587309664e-04	6.104076770759455609e-05	4.290284616781324910e-04	-4.004910518333504625e-05	4.233152429175672006e-04	2.177441080957131744e-04	1.403145906598129425e-04	1.575637379707257226e-05	-2.200908619589753211e-04	3.042061751466205150e-05	9.620221870846110265e-05	1.638929497762794702e-04	3.644146888363841165e-04	1.741346994999297100e-04	-2.376500503129411808e-04	2.318426871836286925e-09	-2.603205524319937873e-04	-5.500448491495653407e-05	9.282010523059264077e-05	8.331263958489079115e-05	1.316156492032440257e-04	6.763381460683404894e-05	-2.338622412540605571e-04	-4.756808821340313752e-05	-7.917962793225782165e-05	3.488497902336128875e-05	-3.997486449388149677e-05	1.081980422879198799e-04	-2.453399299601106715e-04	-2.840925946963285893e-04	-1.370683613370996283e-04
2.061453856686655409e-04	1.536725618269161415e-05	6.837895668624407444e-05	-1.800390486527506128e-04	4.975844328437189004e-06	-4.068739805476782965e-06	1.005927985107573145e-04	0.000000000000000000e+00	2.851218521608140505e-05	1.170240188736704281e-06	1.780479488054334224e-05	9.931611070448623002e-06	7.256855777341896462e-05	-7.964825475805806731e-06	-2.078968341163358937e-05	-7.841068549220052224e-05	9.834934234891556330e-05	3.362961031741397032e-05	1.862000790634392531e-04	-6.988773436362465574e-05	1.487172314209801228e-04	-4.170095776446354713e-05	-1.105133454951155394e-05	-6.743124390277582304e-05	-7.911938112976812563e-05	1.172449574081716269e-05	-6.124998305646596562e-05	7.591717388024441621e-05	-8.554137885578226271e-05	-9.220735409206663852e-06	-2.045978631973324258e-04	5.290258792975266878e-05	8.350459343795157616e-05	9.700360377476139478e-05	1.501615748502445010e-04	-1.308007032039471202e-04	1.043236088247742838e-04	-4.453349705361364316e-05	1.542198351483830345e-05	-3.893093935722364017e-05	-2.269472362563251190e-05	2.745772549411696262e-05	2.385385857381006332e-06	-8.899255510399361893e-05	3.065717240176668202e-06	-1.796595988179181664e-04	-1.609482106519158102e-04	3.996707545855178635e-05	4.756611674883646742e-05	1.275188883541988788e-05	1.047645145798495614e-05	-2.475641700748813464e-04	-7.671949817165314524e-06	-1.016236693161802647e-04	-6.209666445825024492e-05	2.943782193999034636e-05	6.992138074725416999e-10	-1.219459795668952214e-04	-6.342922063122552077e-05	4.151012899492369110e-05	1.345451672356243865e-05	4.964650002822111824e-05	2.226935912594398903e-05	-1.829007133709703147e-04
5.106226353473653943e-04	-1.118932238361361031e-09	1.820338804500955992e-04	-2.036124272520326776e-04	1.449907371320421521e-04	-1.197170893840505143e-04	-6.174690725826122227e-05	-2.851218521608140505e-05	0.000000000000000000e+00	-7.860902601059904880e-05	9.703878960141143766e-05	3.648347608566006751e-05	6.285865034771462474e-04	4.553052728214395176e-05	3.060425852850073847e-05	-2.543995653905040425e-04	1.131919676698112044e-04	-1.642731047896432890e-04	1.563772723001004067e-04	-6.456979703147915767e-05	4.366756268634061026e-04	3.195497044564203751e-05	7.972375113749269522e-05	-1.937675125819885357e-04	-3.899019910065188235e-04	2.589781228459129054e-05	-1.076942966322920556e-04	3.072749306969574487e-04	-2.431978344219259871e-04	2.969777124777766729e-04	6.883148266795212074e-05	1.221689910230101014e-04	3.103586327467500140e-05	-5.103004015802154684e-04	-1.159471943206951479e-04	-1.123871205824237727e-04	1.052299262748423146e-04	-2.343367187946657534e-06	1.747882282609261527e-05	-2.493380640632600039e-04	-1.532061922257424002e-04	1.501024416045241552e-05	-5.278698528276107879e-05	4.711777454649061997e-04	-1.250200098541717243e-04	5.877994586315327770e-04	1.385764399547422703e-04	2.163925691354644893e-04	4.393076632608164004e-05	-1.162889548264416220e-04	-9.382005427282212335e-06	5.199388180159678373e-05	1.228869943574923234e-05	-3.447683687615079592e-05	-6.489577448698281446e-05	2.864869817072363440e-05	-1.536670993873433778e-05	-3.348826304161824693e-05	3.973054738021331391e-05	1.312122372866179974e-04	1.811337287225196801e-04	1.857933982155666021e-04	9.329982915091653451e-05	-1.922855293109468724e-04
-1.416094347793973862e-04	7.860831283314974219e-05	1.225226868949899200e-05	8.558592233307061074e-05	-9.191819733692370800e-05	9.997003856608206683e-06	-6.886741617981512794e-05	-1.170240188736704281e-06	7.860902601059904880e-05	0.000000000000000000e+00	-7.789702921606286748e-06	9.034212147673311528e-06	-2.887586314325765703e-05	1.523344793606275899e-04	1.012309766847911804e-04	1.811127769269751099e-05	1.225263023785603744e-05	-7.790109495043650567e-06	-4.086121318279898327e-05	8.847623290463969110e-05	-1.314912730575532583e-05	1.688893692214952580e-04	9.383988027135859323e-05	2.547831609376075195e-06	8.558663457929695023e-05	9.034886158218160607e-06	8.847789728848911564e-05	-3.497820300100896345e-05	1.345991099459528445e-04	3.603014947320318901e-05	1.357870506554128133e-04	7.785696264599497576e-06	-9.191950758532973684e-05	-2.887659740407764932e-05	-1.314959651831652915e-05	1.345985437950871270e-04	-1.099675344568009027e-06	1.776167458205776210e-04	1.492326675904957528e-05	-2.030215036284019689e-05	9.997220799869821874e-06	1.523347912071226415e-04	1.688900493247575936e-04	3.602911087851557391e-05	1.776174357497060431e-04	1.039480982468975033e-04	8.864909003580678370e-05	-1.763253471518156658e-05	-6.886716257785957106e-05	1.012302157609975336e-04	9.384001325237067309e-05	1.357855290460788114e-04	1.492408252386510291e-05	8.864917444866688128e-05	2.399191849226550201e-05	-1.875640091438385271e-05	-1.169502393971612947e-06	1.811180467913768403e-05	2.548288867324957179e-06	7.785458387171891116e-06	-2.030174690940271903e-05	-1.763170560040663604e-05	-1.875503218937026837e-05	8.298889082043582155e-05
-3.636322768265928080e-04	1.642675855890450326e-04	4.242386410916287442e-04	9.509981903338167594e-05	4.658759873202431343e-05	-6.774256009102503512e-05	-2.284504223040696670e-04	-1.780479488054334224e-05	-9.703878960141143766e-05	7.789702921606286748e-06	0.000000000000000000e+00	6.315624049674166515e-05	-5.548047567819226061e-05	2.513132287270314260e-05	-6.998302656727282012e-05	5.707630984249723385e-05	-2.515435525800030362e-04	-2.341238659629075566e-09	3.078660830347334772e-05	1.471002170324656189e-04	4.907262217675843418e-06	1.809439684954587224e-04	1.125185151696739109e-04	1.575924364857438212e-05	9.017840628368309103e-05	1.454147231054760104e-04	-2.257037926234082095e-04	2.496954064220389545e-05	-5.428499786451932915e-04	1.409601647241944412e-04	2.563451059988400217e-04	5.120593856745877907e-04	-1.817202809249443465e-04	2.713818566047083313e-05	3.198669563733232580e-05	3.251884068675800097e-04	-4.723260092003143154e-06	3.550016058439706655e-04	5.705160182251305492e-05	1.842778174226237273e-05	-5.585717064516774598e-05	5.899270168592566851e-04	1.550368521646074854e-04	1.207850765163873726e-04	-2.403632623819713227e-04	6.301012036590423657e-05	1.706461797403119817e-05	8.794732992061489799e-04	-1.868120841901403325e-04	7.300211564704229585e-04	4.102114513412849907e-04	2.116815391625609193e-04	-5.609762656174605797e-05	7.214658906297784962e-06	-6.879570237562792246e-05	4.168751564999408641e-04	-3.362686813831072992e-05	7.331821901496309192e-06	-1.614066069267602253e-05	1.156024470880134028e-04	-5.887465219119679931e-05	-8.310766038062713764e-05	9.988085801642531010e-06	1.123143312244998632e-04
-2.164447091249564986e-04	-2.589698756432162410e-05	-6.570616491119435744e-05	1.938971367885590534e-04	-5.407429193955347552e-05	3.517831496664249676e-05	-6.698497989903568709e-05	-9.931611070448623002e-06	-3.648347608566006751e-05	-9.034212147673311528e-06	-6.315624049674166515e-05	0.000000000000000000e+00	-1.946322256085500466e-04	-2.470060710653361512e-05	-1.814878130362383154e-05	6.156287883504608211e-05	-1.177994250900126573e-04	-1.454115204136071943e-04	-2.326872238017038707e-04	8.938135766862551480e-05	-1.281613371337354877e-04	3.865954919081949135e-06	-3.511039564349272045e-05	-1.148849770558974227e-06	2.521515073759052249e-04	-4.308461868456309012e-10	5.506465676454534280e-05	-1.364711289751239175e-04	1.125469273925863256e-04	1.701602505353899707e-05	3.169747088953439335e-04	-3.045479958720756508e-05	-5.648637974182486801e-06	-1.258916108337121073e-04	-6.689395254943940929e-06	1.116704784460041081e-04	5.148711999055305351e-05	1.747828980620601841e-05	7.268822273500823882e-06	-9.349236919256113097e-05	1.507127060176776463e-04	2.638651213083635638e-05	3.557619611899981026e-05	3.906568349341259689e-06	2.395314698970609803e-05	2.675054781934304042e-04	2.934213764252367198e-04	-1.219343241936486366e-05	3.910614367478748197e-05	4.073180632055053697e-05	9.244309984357025611e-06	2.392782702490892695e-04	-1.511550828840237533e-05	2.016417157117603273e-04	1.344771072663316475e-04	-4.108426426293010993e-06	-1.172398254001039276e-05	1.054004259516584397e-04	-7.959242212853611200e-06	-8.050033083834534479e-05	-1.708425601992259984e-04	-1.096630731524206141e-04	-4.772939286447454375e-05	2.974774009381171095e-04
-4.447057820324575549e-04	5.102890213454210153e-04	1.318332489421485728e-03	2.318764883916941120e-05	6.263555657396930373e-04	-1.279998119943146200e-04	-2.390516929512402785e-04	-7.256855777341896462e-05	-6.285865034771462474e-04	2.887586314325765703e-05	5.548047567819226061e-05	1.946322256085500466e-04	0.000000000000000000e+00	-1.947659738032245366e-04	-5.946423531337115525e-04	9.098389402356285571e-05	-1.050339184429297315e-03	-2.714666197919344019e-05	9.909718357462338786e-05	3.862262694595762730e-04	8.892612069293007843e-05	9.791780789584792226e-05	-1.471136631018820642e-04	-1.198323829032223471e-05	8.335189220934983967e-05	1.258988815662451808e-04	-8.099362678146782360e-04	5.989641844352053284e-05	-1.740879938401971444e-03	1.686853635585014346e-04	1.891394323862767460e-04	1.180903228201505943e-03	-4.751226594780368724e-04	-7.337674299166946075e-09	1.065964269058326184e-05	6.474997926229350076e-04	-9.883400278897060885e-06	3.289050629341493700e-04	-3.381595085734204908e-05	2.692753822845337129e-05	-8.547862576450166881e-05	8.519412372206402063e-04	-1.566639765692638513e-05	5.528112028147611910e-05	-9.317062214040863896e-04	-1.228150123044160808e-04	-1.253894968185980362e-04	2.146200538052487998e-03	-2.512192765262657610e-04	1.506785449880630214e-03	7.887270202820346500e-04	6.641910301830299687e-05	-1.028908247044690893e-04	-1.800916964276030939e-04	-1.694592323259948188e-04	9.720241340772030510e-04	-9.699841338020531928e-05	-3.432903479520372201e-05	-3.598725870260884778e-05	9.663525042673346693e-05	-6.612143266624469586e-05	-3.828767601876588997e-04	-1.078421016623216022e-04	1.109182114934238592e-04
2.020287286569363947e-04	-1.501064489232261507e-05	1.631079001197094629e-05	2.551047460611206808e-04	-2.365982392733617987e-05	1.119221848324711499e-04	4.275935168778857483e-06	7.964825475805806731e-06	-4.553052728214395176e-05	-1.523344793606275899e-04	-2.513132287270314260e-05	2.470060710653361512e-05	1.947659738032245366e-04	0.000000000000000000e+00	-9.565160465184008136e-06	-1.711837549536158890e-04	-1.497891668803795224e-04	-5.899259879876407424e-04	-4.090979988579722219e-04	1.349150630396907008e-04	5.440553633511524100e-05	3.998659697344683790e-05	-2.900747091552243991e-05	-1.921980972650662593e-04	1.148388878320287889e-04	-2.638806141187449261e-05	-1.884368394909409584e-05	-6.188462744603857239e-05	2.935884716599611235e-05	1.690475891658074726e-04	5.795993665535660155e-04	-3.533613276315691529e-05	2.564091839931108719e-05	-8.519369317603690253e-04	-1.714247731005538614e-04	1.112514894121012819e-04	1.181863723449358048e-04	3.930708143492841621e-05	3.722699035064449494e-05	-3.705541102263799880e-04	1.595416170408312136e-04	-1.856509543450866667e-09	-3.431265713900333455e-05	3.490926488408151260e-04	-9.245779797996936031e-05	1.051216158184555514e-03	7.763870802800973674e-04	1.270931685045795906e-04	2.200862318479585901e-04	-9.623651998726814676e-05	-7.900575959870204655e-05	4.561525861624377400e-04	-6.137177774507921455e-05	4.568141891846330682e-04	3.132952530244888407e-04	2.300981875425567389e-05	-2.745637278064539186e-05	2.699220700455519546e-04	3.452345297102319988e-05	-9.023348314996459084e-05	-2.175085159611511829e-04	-1.033251927747518136e-04	-5.172347308259057756e-05	4.527208098199440563e-04
8.526049059197530295e-04	1.162856680317331503e-04	3.572390354687356682e-04	-8.755197664560588895e-05	1.459382702469645882e-04	7.368141656408508889e-06	1.496243461058938118e-04	2.078968341163358937e-05	-3.060425852850073847e-05	-1.012309766847911804e-04	6.998302656727282012e-05	1.814878130362383154e-05	5.946423531337115525e-04	9.565160465184008136e-06	0.000000000000000000e+00	-2.100124128180409083e-04	-3.722370090412837609e-05	-7.300210054996833595e-04	-4.853418849278978058e-04	8.196948396533453767e-06	2.388004857574703302e-04	2.368192313581484566e-05	2.231437569746073468e-05	-3.082166193817648895e-04	-2.318242630005889668e-04	-4.073215203838799882e-05	-2.818687090195013192e-04	2.184764138670683832e-04	-4.422820086387533461e-04	5.547459666920132645e-04	4.150990319983681389e-04	1.763865838574573373e-04	5.967294060677076964e-05	-1.506784863132187846e-03	-4.644085055150350269e-04	-3.957051112351272495e-05	9.552023331566947164e-05	1.342591548732077606e-05	3.895704132731606057e-05	-5.652007789340246719e-04	1.575051260764260229e-05	9.623205543136478953e-05	-1.140440474354278267e-04	6.480850700469338154e-04	-3.315168087201625759e-04	1.744526836333347994e-03	7.511950512623364641e-04	5.860714832215069368e-04	2.603174713985312479e-04	-5.221859123028316295e-09	-2.795672098908309408e-05	3.544118362986331604e-04	-8.495444354230648014e-05	5.757101291443149273e-04	2.939493382672637555e-04	2.073807901923633212e-04	-1.274979865429225080e-05	4.120385113256428387e-04	9.031757698978724359e-05	-1.387884145898954649e-06	-8.681390381921476633e-05	6.656847148441751103e-05	5.379810491973827785e-05	4.805129398057583854e-04
7.504192353799491464e-05	3.349219775263202932e-05	-2.747721601607185137e-04	9.649124045588645243e-05	-2.387409518580066751e-04	8.018149710542015168e-05	5.996619765495628029e-05	7.841068549220052224e-05	2.543995653905040425e-04	-1.811127769269751099e-05	-5.707630984249723385e-05	-6.156287883504608211e-05	-9.098389402356285571e-05	1.711837549536158890e-04	2.100124128180409083e-04	0.000000000000000000e+00	2.016382722670515383e-04	-7.328750182686837790e-06	-1.036408400586377141e-04	-2.445801326968540131e-05	-8.295518036380756957e-05	5.633128462614084595e-05	-7.723918619561945964e-06	2.123828776200302378e-05	3.726903209201860260e-05	-1.054037298028377982e-04	2.693051837783306179e-04	-7.827955995496293194e-05	7.585474952893694542e-04	-6.155391812802729818e-05	4.642260562196637817e-05	-4.533040763258410150e-04	-1.003205099296084282e-04	3.433396936927758837e-05	3.976603187107700226e-06	5.042750398801645791e-05	7.129927032044685998e-06	2.494661922242337904e-05	-3.592132784749807505e-05	3.989481828715715127e-06	7.839090446911584130e-05	-2.699251219171258783e-04	1.291200429282236763e-04	-1.837699479328695914e-05	6.317672272001087540e-04	1.731902812522345691e-04	2.112125782836715552e-04	-8.216504673462009592e-04	7.918362814127834833e-05	-4.120408369060313660e-04	-1.469558477483173104e-04	7.369617440537392554e-05	1.287057795602542757e-04	1.634880364094606691e-04	1.262433094814946889e-04	-3.304702035756551114e-04	1.219425962502335050e-04	-5.732551914257533405e-10	-1.845005034022484874e-05	-2.056763360475822992e-04	-4.018855774411814511e-05	-6.254107252920648686e-05	9.171710025211894657e-06	2.469838962212639804e-05
9.032505907046130180e-04	-1.820368584949197421e-04	-1.836758899645830456e-10	-4.205211792276805291e-04	6.061232988686346716e-05	-1.783762357450607080e-04	8.946596020343352672e-05	-9.834934234891556330e-05	-1.131919676698112044e-04	-1.225263023785603744e-05	2.515435525800030362e-04	1.177994250900126573e-04	1.050339184429297315e-03	1.497891668803795224e-04	3.722370090412837609e-05	-2.016382722670515383e-04	0.000000000000000000e+00	-4.242391815336428017e-04	-2.098055282429051212e-04	-9.561128538340072508e-08	4.300172258543882918e-04	4.840503853115078541e-05	9.510237277056253101e-05	-2.550630574597805120e-04	-3.663482335578718916e-04	6.570809612708155688e-05	-6.493033799550210054e-05	3.453932738840429862e-04	-2.222680625978957461e-04	6.287029781101541488e-04	2.276662729803510094e-04	2.322593217032054838e-04	3.932504174322092050e-05	-1.318334446745199860e-03	-5.555546291545770564e-04	-2.224098175048805674e-04	-3.413808924713735381e-06	-1.342829973561589772e-04	-8.193545545490380332e-06	-4.769159406716511518e-04	-1.319859292132094064e-04	-1.630952409488127238e-05	-3.486564977209664147e-05	5.339097839173124116e-04	-1.353867701909247168e-04	1.201622281936409178e-03	3.141203261416532699e-04	2.997088512087470267e-04	1.351100752185660210e-04	-3.572439244840638819e-04	-3.467092685464639599e-05	1.979140126411653932e-05	-6.103243288857991620e-07	2.257189191643464113e-04	9.456670689562488301e-05	-3.259025232163131956e-05	-6.837947959145425445e-05	2.747717294252519050e-04	2.120075132329648127e-04	2.628419451863994033e-04	3.562987271722011526e-04	3.932349023631500316e-04	1.350557861128514096e-04	1.244891043939767871e-04
-3.636292720183248277e-04	-9.704247717175285893e-05	-2.515411984745067773e-04	9.017880861634112511e-05	-1.817181832394355444e-04	-5.585513586290334517e-05	-1.868089266876019571e-04	-3.362961031741397032e-05	1.642731047896432890e-04	7.790109495043650567e-06	2.341238659629075566e-09	1.454115204136071943e-04	2.714666197919344019e-05	5.899259879876407424e-04	7.300210054996833595e-04	7.328750182686837790e-06	4.242391815336428017e-04	0.000000000000000000e+00	3.079130919562229549e-05	-2.257050645469994539e-04	3.198922871399355328e-05	1.550340468971254178e-04	4.102063623667666207e-04	-1.614195329487974194e-05	9.509605617541810299e-05	6.315865134899674590e-05	1.471008393155543651e-04	2.496968718377140113e-05	3.251883994469911268e-04	1.207817923603716050e-04	2.116739098655303080e-04	1.156069071510127050e-04	4.658537821617444574e-05	-5.547941606924230057e-05	4.908787417753705909e-06	-5.428496299717558383e-04	-4.723771698279541226e-06	-2.403678266333163878e-04	-5.610119701887490538e-05	-5.887440379414186019e-05	-6.774422486720499620e-05	2.513225459724860022e-05	1.809473945615617141e-04	1.409595938336266304e-04	3.550073923293076703e-04	6.300577675182137544e-05	7.209535058989673378e-06	-8.310939502442372799e-05	-2.284511553957525387e-04	-6.998182241323310220e-05	1.125252248004919803e-04	2.563452152881216936e-04	5.705529864916052498e-05	1.706523002569375097e-05	-6.879669345587065786e-05	9.986652718726438577e-06	-1.780108125539669941e-05	5.707486966009093251e-05	1.576015137185011127e-05	5.120529549270705057e-04	1.843266215796521393e-05	8.794718498212512892e-04	4.168764686721498610e-04	1.123089103418506445e-04
-5.262009157321785591e-04	-1.563880127603601319e-04	2.098069360848244446e-04	1.264009968647158652e-04	1.651786136459419858e-04	-9.993421548549564007e-05	-2.404701151736516555e-04	-1.862000790634392531e-04	-1.563772723001004067e-04	4.086121318279898327e-05	-3.078660830347334772e-05	2.326872238017038707e-04	-9.909718357462338786e-05	4.090979988579722219e-04	4.853418849278978058e-04	1.036408400586377141e-04	2.098055282429051212e-04	-3.079130919562229549e-05	0.000000000000000000e+00	-1.328604892944584099e-04	3.121664119367338619e-05	1.622899712089970452e-04	4.895672206049813280e-04	-3.671573485473190535e-05	1.263964664731210359e-04	2.326939463913725939e-04	-1.328584314642187038e-04	1.953246238498888778e-05	-4.785434668250593509e-04	1.365237841540485456e-04	2.031036723458151953e-04	7.242888532838014874e-04	1.651738969509412131e-04	-9.910401866337320673e-05	3.121617756038514433e-05	-4.785418102719561639e-04	4.178108611326805839e-05	-1.495496626399237677e-04	3.172920886062667708e-05	-1.403332091893502221e-04	-9.993764468387757323e-05	4.091012137390673915e-04	1.622966377780953430e-04	1.365262866353235632e-04	-1.495398842365149202e-04	-8.161098053327851343e-05	-1.266637370296137485e-04	8.424226042552090260e-04	-2.404745005559707387e-04	4.853431488609763391e-04	4.895794850504991925e-04	2.031135449124319000e-04	3.173647358646169547e-05	-1.266574712030154530e-04	-1.306306213505098229e-04	3.498429018657560688e-04	-1.861926116120198277e-04	1.036423253853271161e-04	-3.671379083639894332e-05	7.242760392990239306e-04	-1.403286745014347965e-04	8.424208645709442165e-04	3.498458682222511419e-04	2.838643669036958390e-04
-8.166433397488884541e-04	1.076961026019378578e-04	6.493078402642664328e-05	3.896080485410452618e-04	-4.967479224681619081e-05	5.075943789329433111e-05	-3.101218846141881699e-04	6.988773436362465574e-05	6.456979703147915767e-05	-8.847623290463969110e-05	-1.471002170324656189e-04	-8.938135766862551480e-05	-3.862262694595762730e-04	-1.349150630396907008e-04	-8.196948396533453767e-06	2.445801326968540131e-05	9.561128538340072508e-08	2.257050645469994539e-04	1.328604892944584099e-04	0.000000000000000000e+00	-1.329362309634697604e-04	-3.929729255873856035e-05	-5.891128300546810562e-05	1.427667204561762796e-04	3.612335365597663193e-04	-5.506627727363853578e-05	5.189481795878753655e-10	-1.834540961030363588e-04	1.411438326285259547e-04	-1.394905029606269850e-04	4.190331857735278792e-04	-1.585365103924843270e-04	-4.127036877970355485e-05	8.099383452461062904e-04	3.261840736983019975e-04	2.012959389844530609e-04	4.101929009660616228e-05	7.143569397683759408e-05	-2.304558472647506428e-05	2.307148138407587551e-04	7.569300498016450992e-05	1.884187420483976878e-05	3.285138726768859450e-05	-3.359249193400472094e-05	5.555029580741614097e-05	-2.237932785259490122e-04	1.222583057703177374e-04	-1.715504270133240828e-04	-2.146747159868020579e-04	2.818690405950639529e-04	6.476231725238620071e-05	4.153084058068663839e-04	-3.239609186636175302e-05	1.393773944292197176e-05	-2.846951317235367251e-05	7.742803006007815644e-05	6.125130128186126216e-05	-2.693060313266747337e-04	-7.402534442428962283e-05	-2.079826065673278887e-04	-8.598575184253713210e-05	-2.932212469234713381e-04	-3.107053152835264872e-05	-1.474096690131203042e-04
-1.717094540683947602e-04	1.159414505086731116e-04	5.555537374420849075e-04	1.987585946831683741e-05	4.523720179908043062e-04	-6.232868790518106402e-05	-5.571899258011725757e-05	-1.487172314209801228e-04	-4.366756268634061026e-04	1.314912730575532583e-05	-4.907262217675843418e-06	1.281613371337354877e-04	-8.892612069293007843e-05	-5.440553633511524100e-05	-2.388004857574703302e-04	8.295518036380756957e-05	-4.300172258543882918e-04	-3.198922871399355328e-05	-3.121664119367338619e-05	1.329362309634697604e-04	0.000000000000000000e+00	-1.319804759701055262e-05	-6.046003149462063266e-05	-1.189705967603619185e-05	5.972210951255387326e-05	6.692790697669235787e-06	-3.261828133783027011e-04	-2.204170007000993216e-05	-7.318006542265020811e-04	2.718222489827376261e-05	2.871993370135938702e-05	5.073796483282600779e-04	-8.618035063262268652e-05	-1.066358669239766446e-05	-1.913422532872047700e-10	6.401514064688162238e-05	1.613052038699846975e-05	-1.126282051411838317e-04	-7.414805602926923239e-05	-5.761761201425767351e-05	-2.104420066136409521e-05	1.714262834185451652e-04	-4.023439347864103536e-05	-3.491938172937079194e-05	-3.834687480187263684e-04	-1.407562497572351220e-04	-9.240380244140145569e-05	8.044003052543399626e-04	-6.104582241185367466e-05	4.644082613133428475e-04	3.215679583523281928e-04	-4.199009645417881432e-05	9.707184521198925756e-06	-1.572138116978581658e-04	-5.863294369297633287e-05	2.899550521527243570e-04	-1.501587287585696116e-04	-3.975342399938691270e-06	-4.363143205899569358e-05	1.476077021452432180e-04	-1.151039167404423733e-04	-2.102721302584146387e-05	-4.042621799854831280e-05	1.602821109191516385e-04
-2.260798195189014047e-04	5.278638200165844044e-05	3.486575521391445512e-05	1.930902462232724393e-04	-5.161855209140977916e-05	1.625365065788994783e-05	-1.696329133562865629e-04	4.170095776446354713e-05	-3.195497044564203751e-05	-1.688893692214952580e-04	-1.809439684954587224e-04	-3.865954919081949135e-06	-9.791780789584792226e-05	-3.998659697344683790e-05	-2.368192313581484566e-05	-5.633128462614084595e-05	-4.840503853115078541e-05	-1.550340468971254178e-04	-1.622899712089970452e-04	3.929729255873856035e-05	1.319804759701055262e-05	0.000000000000000000e+00	-1.333194300302820157e-05	-6.779027095282660854e-05	7.510375402773906690e-05	-3.557617323829099446e-05	-3.285043337431158776e-05	-6.636000898479749285e-05	2.576598626544539949e-05	1.628157149164284308e-05	2.912157381652755910e-04	-4.361220377036399432e-05	3.332243269386585188e-06	1.567203047686327317e-05	4.023738016350468137e-05	9.900866869518993023e-05	5.597350636024397822e-05	2.546293366745378014e-05	7.562919752973645436e-06	-1.208175914328078851e-04	-6.022994824979951520e-06	3.431220688388695401e-05	5.988559387795535770e-10	1.423462384119987567e-04	-4.566373333478676187e-05	2.352407081205277139e-04	2.388529489225601132e-04	5.350748450020087200e-05	-3.042361546599007909e-05	1.140417876059416079e-04	4.725141048517585108e-06	2.298395805320577483e-04	-5.924946484004034198e-05	6.413271537791920382e-05	5.621033153564617102e-05	8.783682122236698207e-05	-2.385484747354369903e-06	-1.291230391167487435e-04	-8.122054453409981623e-05	-7.498784739038975617e-05	-1.194957908987987166e-04	-9.814878229073438465e-05	-1.574718410117251563e-05	1.203940049196880019e-04
1.995382473457498384e-04	9.379891184258092599e-06	3.466915044243105808e-05	-2.779720683918980690e-05	-3.160687745910263944e-05	-9.014148056074399286e-05	-6.534242759977939522e-05	1.105133454951155394e-05	-7.972375113749269522e-05	-9.383988027135859323e-05	-1.125185151696739109e-04	3.511039564349272045e-05	1.471136631018820642e-04	2.900747091552243991e-05	-2.231437569746073468e-05	7.723918619561945964e-06	-9.510237277056253101e-05	-4.102063623667666207e-04	-4.895672206049813280e-04	5.891128300546810562e-05	6.046003149462063266e-05	1.333194300302820157e-05	0.000000000000000000e+00	-1.628904481968395670e-04	-2.019160325074648556e-05	-9.243534538539373876e-06	-6.476080395421477515e-05	4.302901772723281934e-05	-9.871479355015184954e-05	3.456096039860790097e-04	3.519758372165576136e-04	7.786976046435284849e-05	-4.750892013686792363e-06	-7.887177461948875409e-04	-3.215632825964821013e-04	5.288770041353124793e-05	5.094121270230276427e-05	-2.956478976922108734e-05	1.948904619363567731e-06	-4.014389740598903102e-04	-2.080826968071089656e-05	7.900535231839656393e-05	-4.724367545128552854e-06	3.095898190956832951e-04	-1.264612338632782921e-04	8.821401321524869861e-04	3.763507991184957815e-04	2.823262655291376927e-04	5.500252012845973813e-05	2.795038807634266594e-05	-1.130478705257099655e-09	2.013029096928223912e-04	-5.617514092263843693e-05	2.570257322899872476e-04	1.580169065306740676e-04	1.052142148855984231e-04	-1.047686974848281171e-05	1.469505778559985869e-04	1.427847164804832940e-05	5.463594529327864895e-06	-8.095359398009917826e-05	8.930372947355271168e-05	4.128392616412363550e-05	4.441651287916775727e-04
-5.436299376646116274e-05	-3.972993407880716637e-05	-2.120065619160894400e-04	1.866232129188319646e-05	-2.693412973978327957e-04	6.224377550750120680e-06	-3.641851470185898990e-05	6.743124390277582304e-05	1.937675125819885357e-04	-2.547831609376075195e-06	-1.575924364857438212e-05	1.148849770558974227e-06	1.198323829032223471e-05	1.921980972650662593e-04	3.082166193817648895e-04	-2.123828776200302378e-05	2.550630574597805120e-04	1.614195329487974194e-05	3.671573485473190535e-05	-1.427667204561762796e-04	1.189705967603619185e-05	6.779027095282660854e-05	1.628904481968395670e-04	0.000000000000000000e+00	-5.253584792205827182e-06	7.958238773272667774e-06	7.402346130621533307e-05	3.082197522690854148e-05	3.308416687494901507e-04	3.779609339038069013e-05	5.865299045133542255e-05	-9.236759519124851923e-05	-2.689714983389400704e-05	3.598951601831598500e-05	4.363262222779076106e-05	-1.330462458765977547e-04	-1.344438145973441585e-06	4.603442089361356140e-05	8.538313346374060738e-06	2.536248324309269605e-05	-8.243711588507699321e-06	-3.452490286713406659e-05	8.121990877365522837e-05	7.788460469033441406e-05	2.906924493296470045e-04	9.377136408284691320e-05	6.725818263742127149e-05	-2.404220189078294678e-04	-3.488386993114745419e-05	-9.031733150111773069e-05	-1.427806841063401105e-05	9.226651373214146321e-05	3.655997492028726304e-06	7.903435766852609241e-05	1.493428693506190713e-05	6.573725121373532443e-06	6.342845429590805153e-05	1.844874105957671005e-05	-2.484602866745333851e-10	1.124738681591132890e-04	3.183352987710482465e-05	2.534001444466761708e-04	1.860199988723251535e-04	-1.785456551678266942e-05
-1.209261171622592380e-04	2.036118952080097171e-04	4.205213668684636488e-04	6.609925625474086155e-10	2.473374296878547759e-04	1.066415994087222736e-05	-4.517111696703419435e-05	7.911938112976812563e-05	3.899019910065188235e-04	-8.558663457929695023e-05	-9.017840628368309103e-05	-2.521515073759052249e-04	-8.335189220934983967e-05	-1.148388878320287889e-04	2.318242630005889668e-04	-3.726903209201860260e-05	3.663482335578718916e-04	-9.509605617541810299e-05	-1.263964664731210359e-04	-3.612335365597663193e-04	-5.972210951255387326e-05	-7.510375402773906690e-05	2.019160325074648556e-05	5.253584792205827182e-06	0.000000000000000000e+00	-1.938948668382857324e-04	-3.896026757709699045e-04	-4.018939560994271780e-05	-3.287856364302636368e-04	-1.457582295091167449e-04	-9.223717139888358910e-05	-2.689077398009497542e-05	2.808785905426340094e-05	-2.317728130712677463e-05	-1.987031298150374883e-05	-2.186985868014786906e-04	-1.668334540883382132e-05	-2.017872783662755845e-05	-8.002642426069455132e-05	2.484566183989262041e-05	1.005654118712105349e-05	-2.551007943688430235e-04	-1.930873122016400724e-04	-1.745120755576847957e-04	-1.291000565017982969e-04	-3.832684618985070495e-04	-1.288509818783674995e-04	1.045078761595993205e-04	-2.820103833506370334e-05	8.755280592588542631e-05	2.779887185422614054e-05	-9.740437508601601654e-05	-3.356110768775675537e-06	-1.117653957163882307e-04	-4.716955924627107299e-05	2.250556251143775988e-04	1.800408879255906017e-04	-9.649693666822229256e-05	-1.866447689831089713e-05	-1.289536083572287526e-04	-4.149659634285795856e-06	7.073054582173296718e-05	2.968902168386127784e-04	-7.695745981059883218e-05
-2.164394188602667757e-04	-3.648339871663013615e-05	-1.177986313738995186e-04	2.521487914462349367e-04	-5.646553868730342529e-06	1.507130125826416532e-04	3.910819862154132540e-05	-1.172449574081716269e-05	-2.589781228459129054e-05	-9.034886158218160607e-06	-1.454147231054760104e-04	4.308461868456309012e-10	-1.258988815662451808e-04	2.638806141187449261e-05	4.073215203838799882e-05	1.054037298028377982e-04	-6.570809612708155688e-05	-6.315865134899674590e-05	-2.326939463913725939e-04	5.506627727363853578e-05	-6.692790697669235787e-06	3.557617323829099446e-05	9.243534538539373876e-06	-7.958238773272667774e-06	1.938948668382857324e-04	0.000000000000000000e+00	8.938149312356057086e-05	-1.364703165289258180e-04	1.116681058041068110e-04	3.904372218217682451e-06	2.392726750730664667e-04	-8.050020072236391960e-05	-5.407369102067913615e-05	-1.946373405140657291e-04	-1.281638649732995687e-04	1.125481892010841690e-04	5.148811107972841542e-05	2.395246745683979453e-05	-1.511533483653712359e-05	-1.708456774420160122e-04	3.517892508875859503e-05	-2.470023186709097805e-05	3.866587669584797070e-06	1.701340658355983740e-05	1.747819356974287381e-05	2.674998490110054149e-04	2.016384796032567363e-04	-1.096635739267077234e-04	-6.698220767630810651e-05	-1.815043536207422556e-05	-3.511024586504648978e-05	3.169688407260069785e-04	7.269950289367593078e-06	2.934184674469959755e-04	1.344761492379582455e-04	-4.773146633963917389e-05	-9.932781871166270019e-06	6.156606109038577444e-05	-1.147886406756960817e-06	-3.045465211921370772e-05	-9.349567651290146956e-05	-1.219228238494793890e-05	-4.109893893586583026e-06	2.974845307545460936e-04
-8.166304071902912975e-04	6.457021658520609587e-05	9.811858343684382510e-08	3.612272702747197487e-04	-4.126676906561838667e-05	7.569283834530605103e-05	-2.146694088529746023e-04	6.124998305646596562e-05	1.076942966322920556e-04	-8.847789728848911564e-05	2.257037926234082095e-04	-5.506465676454534280e-05	8.099362678146782360e-04	1.884368394909409584e-05	2.818687090195013192e-04	-2.693051837783306179e-04	6.493033799550210054e-05	-1.471008393155543651e-04	1.328584314642187038e-04	-5.189481795878753655e-10	3.261828133783027011e-04	3.285043337431158776e-05	6.476080395421477515e-05	-7.402346130621533307e-05	3.896026757709699045e-04	-8.938149312356057086e-05	0.000000000000000000e+00	-1.834534547252070127e-04	2.012930147124514842e-04	-3.359711994457359810e-05	4.152972016329008241e-04	-2.079823015350113716e-04	-4.967223506256786839e-05	-3.862275291783116848e-04	-1.329364356073518415e-04	1.411379230501285200e-04	4.102064271028521721e-05	5.554617498918284563e-05	-3.239690352582835309e-05	-8.598610801537672627e-05	5.075962958760334414e-05	-1.349145125321714106e-04	-3.929661589119092983e-05	-1.394949490976206343e-04	7.143572777992883384e-05	-2.238022595140577004e-04	1.393295089133859813e-05	-2.932229918898891720e-04	-3.101155305049503206e-04	-8.198289297308055252e-06	-5.891078521911455952e-05	4.190206340609459288e-04	-2.304360172397493356e-05	1.222529810065781574e-04	-2.846948566620548194e-05	-3.107396063877251424e-05	6.988538183413342975e-05	2.445895445549547235e-05	1.427680096732624750e-04	-1.585319167618083711e-04	2.307136085216062447e-04	-1.715441687194642990e-04	7.742791842625528387e-05	-1.474074589917809502e-04
-5.942554367161455140e-05	-3.072728762006953678e-04	-3.453923726897835779e-04	4.018978327390299043e-05	-1.651975522643324749e-04	-7.036000409777041510e-07	-2.484993710327769753e-06	-7.591717388024441621e-05	-3.072749306969574487e-04	3.497820300100896345e-05	-2.496954064220389545e-05	1.364711289751239175e-04	-5.989641844352053284e-05	6.188462744603857239e-05	-2.184764138670683832e-04	7.827955995496293194e-05	-3.453932738840429862e-04	-2.496968718377140113e-05	-1.953246238498888778e-05	1.834540961030363588e-04	2.204170007000993216e-05	6.636000898479749285e-05	-4.302901772723281934e-05	-3.082197522690854148e-05	4.018939560994271780e-05	1.364703165289258180e-04	1.834534547252070127e-04	0.000000000000000000e+00	1.939087956287023943e-04	5.107254160447674307e-05	3.255550639865737123e-05	2.127472423079162662e-05	-1.651983500259745672e-04	-5.989614426449746702e-05	2.204094990695680645e-05	1.939100662441390179e-04	3.707799349436464097e-05	7.827570775241786188e-05	1.703072781413744777e-06	-7.987013106692660513e-05	-7.039246779350750256e-07	6.188442577004467425e-05	6.635928029824684528e-05	5.107286045201842159e-05	7.827433466624906210e-05	7.190706629544312185e-05	8.599065596282461451e-06	-1.813098868513767815e-04	-2.485262920754511445e-06	-2.184763145018677182e-04	-4.303048341616811138e-05	3.255571273878499975e-05	1.702589975754588794e-06	8.599414057475330167e-06	2.438692999529422440e-06	-1.503875565163372268e-04	-7.591767673016859173e-05	7.827923568374794961e-05	-3.082128852186603461e-05	2.127581134808039418e-05	-7.986915297330610466e-05	-1.813099239010542893e-04	-1.503872754824643501e-04	1.411357409293901308e-04
-1.125608952816191562e-03	1.123854100213469282e-04	2.224099559695672510e-04	2.186961271574925378e-04	-3.656172259285609273e-05	-3.543242909716190503e-05	-3.029633542719538473e-04	8.554137885578226271e-05	2.431978344219259871e-04	-1.345991099459528445e-04	5.428499786451932915e-04	-1.125469273925863256e-04	1.740879938401971444e-03	-2.935884716599611235e-05	4.422820086387533461e-04	-7.585474952893694542e-04	2.222680625978957461e-04	-3.251883994469911268e-04	4.785434668250593509e-04	-1.411438326285259547e-04	7.318006542265020811e-04	-2.576598626544539949e-05	9.871479355015184954e-05	-3.308416687494901507e-04	3.287856364302636368e-04	-1.116681058041068110e-04	-2.012930147124514842e-04	-1.939087956287023943e-04	0.000000000000000000e+00	-3.415818011021171325e-04	-7.123774271286693882e-05	-1.381311603172735583e-04	1.150520822526368735e-05	-6.474994472960686216e-04	-6.401346265947907229e-05	-6.703664669206457007e-09	7.367600622334589868e-05	3.631671651729061830e-05	-3.500267627619228772e-05	-1.156398369398427696e-04	-2.795687246547674096e-05	-1.112486306980155990e-04	-9.900643570362374071e-05	-4.939185994226382445e-04	-2.135716811450783480e-05	-1.321867589589521309e-03	-5.634439772321865082e-04	-2.318895864835963765e-04	-4.290258052165748744e-04	3.957146880251295447e-05	-5.288551888035701538e-05	-9.267971336360192531e-05	-8.944488800201119021e-05	-4.522857546336931777e-04	-3.065801116773958284e-04	6.327288830145837790e-05	1.307972420428464740e-04	-5.042865142169855098e-05	1.330456609978865638e-04	-1.888358760884565452e-04	5.019889091347373060e-04	-2.585398513598911267e-04	1.832714061229930784e-04	-6.979411711866164141e-04
-3.895210596462430090e-04	-4.711769415634704371e-04	-5.339072701310235841e-04	1.745152519957072926e-04	-3.056264178464409642e-04	8.881742836296733408e-06	-1.559927240082281327e-04	9.220735409206663852e-06	-2.969777124777766729e-04	-3.603014947320318901e-05	-1.409601647241944412e-04	-1.701602505353899707e-05	-1.686853635585014346e-04	-1.690475891658074726e-04	-5.547459666920132645e-04	6.155391812802729818e-05	-6.287029781101541488e-04	-1.207817923603716050e-04	-1.365237841540485456e-04	1.394905029606269850e-04	-2.718222489827376261e-05	-1.628157149164284308e-05	-3.456096039860790097e-04	-3.779609339038069013e-05	1.457582295091167449e-04	-3.904372218217682451e-06	3.359711994457359810e-05	-5.107254160447674307e-05	3.415818011021171325e-04	0.000000000000000000e+00	1.586953564351335083e-04	-2.510097978963418339e-04	-4.641970461625816386e-04	-5.527115822744933793e-05	3.492270454375099242e-05	4.939202321616543902e-04	3.276239016210306064e-05	1.869943841441465383e-04	-1.278187145986538523e-04	-5.505449831548638691e-05	2.391271326865170634e-05	-3.490883068527794080e-04	-1.423429328130237643e-04	2.517594666980483165e-09	4.696043206955294433e-05	-8.807899850803008993e-05	1.071133067244794970e-05	-5.485699536159061290e-04	-9.620698994128888866e-05	-6.480846241438178437e-04	-3.095881259969530692e-04	1.026964714949565698e-04	-1.155232814852655688e-04	-1.558272491836195229e-05	-3.301587843368510749e-05	-1.275203496650133056e-04	8.899536899384215207e-05	1.837124049189215185e-05	-7.788539965235427803e-05	-3.621958353724339850e-04	-1.293582517160558670e-04	-6.167889153460147551e-04	-1.634593982248002167e-04	1.247784936876762468e-04
-4.332077183250925652e-04	-5.199507620067758283e-05	-1.978908637163145182e-05	9.740982470509325375e-05	-2.301826943859298317e-04	2.296363704779943399e-05	-1.676214687322333252e-04	2.045978631973324258e-04	-6.883148266795212074e-05	-1.357870506554128133e-04	-2.563451059988400217e-04	-3.169747088953439335e-04	-1.891394323862767460e-04	-5.795993665535660155e-04	-4.150990319983681389e-04	-4.642260562196637817e-05	-2.276662729803510094e-04	-2.116739098655303080e-04	-2.031036723458151953e-04	-4.190331857735278792e-04	-2.871993370135938702e-05	-2.912157381652755910e-04	-3.519758372165576136e-04	-5.865299045133542255e-05	9.223717139888358910e-05	-2.392726750730664667e-04	-4.152972016329008241e-04	-3.255550639865737123e-05	7.123774271286693882e-05	-1.586953564351335083e-04	0.000000000000000000e+00	-2.981719332426008891e-04	-3.618080739497092331e-04	-6.639693107598105019e-05	4.200159579790664990e-05	9.267670726806202016e-05	1.632807303443767951e-05	-5.834652977426370350e-06	-2.554956505952088431e-04	-1.123703252457031827e-05	2.447120747026773166e-05	-4.561435065822648516e-04	-2.298330259857293628e-04	-1.026871622502712708e-04	6.254402172864038782e-05	-4.387498751387868467e-04	-1.119612600139789833e-04	-3.748068423053390729e-04	-9.282900328275206947e-05	-3.544108967517579098e-04	-2.012991218887680116e-04	8.567614626366309820e-09	-1.468957756899069147e-04	-1.025649229130437610e-04	-7.513592530204238947e-05	2.405474128933866894e-04	2.475688785320980206e-04	-7.370889215324886654e-05	-9.227089286699974584e-05	-4.192706302018597885e-04	-4.950426761887171691e-05	-5.189308264099681475e-04	2.589755555518733778e-04	-7.703565666156961299e-05
2.187955795648047121e-04	-1.312122469006104337e-04	-2.628426275208042015e-04	1.289544120559901579e-04	-3.075013955203834354e-05	6.179134411005680633e-05	7.587003223833143359e-05	-5.290258792975266878e-05	-1.221689910230101014e-04	-7.785696264599497576e-06	-5.120593856745877907e-04	3.045479958720756508e-05	-1.180903228201505943e-03	3.533613276315691529e-05	-1.763865838574573373e-04	4.533040763258410150e-04	-2.322593217032054838e-04	-1.156069071510127050e-04	-7.242888532838014874e-04	1.585365103924843270e-04	-5.073796483282600779e-04	4.361220377036399432e-05	-7.786976046435284849e-05	9.236759519124851923e-05	2.689077398009497542e-05	8.050020072236391960e-05	2.079823015350113716e-04	-2.127472423079162662e-05	1.381311603172735583e-04	2.510097978963418339e-04	2.981719332426008891e-04	0.000000000000000000e+00	-9.450352018264261981e-05	-9.664447143901313121e-05	-1.476128557457146687e-04	1.888444720779954792e-04	3.004961719963698790e-06	1.038733186302986524e-05	-6.755908774176325833e-06	-1.974603008507677974e-04	-5.991058745888545894e-06	9.023340089314740202e-05	7.498829865064800216e-05	3.621950245863517237e-04	2.287030763993823943e-05	1.006511287065362447e-03	4.476550489259092588e-04	5.902973559419596799e-05	3.997425918859591991e-05	1.385652750357818950e-06	-5.463956116712087216e-06	4.192711407561333431e-04	3.584330001500464269e-05	4.661036742869882708e-04	2.426017021399939368e-04	-4.786241935734847190e-05	-4.151056449240244804e-05	2.056819081353844763e-04	-1.124735718335536316e-04	-1.857905035198469329e-09	-5.211380376769559394e-04	1.093281856368368292e-04	-8.787685133683723212e-05	8.377779839430640144e-04
3.062661590295865082e-04	-1.449893215576591521e-04	-6.060728840395087188e-05	-2.473344260648161191e-04	1.990551195150746600e-09	-1.345127407476925030e-04	-1.776832847806696469e-05	-8.350459343795157616e-05	-3.103586327467500140e-05	9.191950758532973684e-05	1.817202809249443465e-04	5.648637974182486801e-06	4.751226594780368724e-04	-2.564091839931108719e-05	-5.967294060677076964e-05	1.003205099296084282e-04	-3.932504174322092050e-05	-4.658537821617444574e-05	-1.651738969509412131e-04	4.127036877970355485e-05	8.618035063262268652e-05	-3.332243269386585188e-06	4.750892013686792363e-06	2.689714983389400704e-05	-2.808785905426340094e-05	5.407369102067913615e-05	4.967223506256786839e-05	1.651983500259745672e-04	-1.150520822526368735e-05	4.641970461625816386e-04	3.618080739497092331e-04	9.450352018264261981e-05	0.000000000000000000e+00	-6.263521192842597118e-04	-4.523698637704491468e-04	3.656390549507489889e-05	-1.204783738815258851e-04	-3.700055178362300244e-05	4.309042094761137212e-07	-1.914369070984298050e-04	-7.069504298670576119e-05	2.366012006512237180e-05	5.161859540183091948e-05	3.056322946338071154e-04	6.589859327255662234e-06	7.288413898143483727e-04	1.859002378716290973e-04	7.451732591401302687e-05	-7.293956907727574136e-05	-1.459383782906049204e-04	3.160832138000159019e-05	2.301932381643543234e-04	2.006950052772594258e-05	2.427906153602315458e-04	6.525546994165569653e-05	-7.660548053046148029e-05	-4.976322652056884734e-06	2.387391564760852822e-04	2.693395834595402891e-04	3.075056155908988711e-05	3.639976390770651576e-04	1.186716196115327794e-04	3.296053815365177788e-05	1.781532418661828029e-04
-4.446958705801695830e-04	-6.285924909977848307e-04	-1.050333001417236203e-03	8.335321867335919151e-05	-4.751183657200033945e-04	-8.547404472756959105e-05	-2.512100330587309664e-04	-9.700360377476139478e-05	5.103004015802154684e-04	2.887659740407764932e-05	-2.713818566047083313e-05	1.258916108337121073e-04	7.337674299166946075e-09	8.519369317603690253e-04	1.506784863132187846e-03	-3.433396936927758837e-05	1.318334446745199860e-03	5.547941606924230057e-05	9.910401866337320673e-05	-8.099383452461062904e-04	1.066358669239766446e-05	-1.567203047686327317e-05	7.887177461948875409e-04	-3.598951601831598500e-05	2.317728130712677463e-05	1.946373405140657291e-04	3.862275291783116848e-04	5.989614426449746702e-05	6.474994472960686216e-04	5.527115822744933793e-05	6.639693107598105019e-05	9.664447143901313121e-05	6.263521192842597118e-04	0.000000000000000000e+00	8.892806846331601650e-05	-1.740877006037111615e-03	-9.884259507730519469e-06	-9.317134142960080108e-04	-1.028966319197567277e-04	-6.612213292312481977e-05	-1.280030253387080884e-04	-1.947621294577617473e-04	9.792546208496686992e-05	1.686838494232895569e-04	3.289171699586290612e-04	-1.228262272916828498e-04	-1.801024087810332926e-04	-3.828782311425595899e-04	-2.390504265145567829e-04	-5.946376300373108076e-04	-1.470985220769872393e-04	1.891395626340788730e-04	-3.380812373055147206e-05	-1.253886171602704657e-04	-1.694594073862370543e-04	-1.078441814473950927e-04	-7.256099121837923660e-05	9.098200541640962089e-05	-1.198117776190796242e-05	1.180888602447077197e-03	2.693656308395878091e-05	2.146194461666874574e-03	9.720263161758812328e-04	1.109095719490083010e-04
-1.717031339356379633e-04	-4.366792935782215588e-04	-4.300148455471477539e-04	5.972100350633608346e-05	-8.617795567668814767e-05	-2.104290248353501942e-05	-6.104076770759455609e-05	-1.501615748502445010e-04	1.159471943206951479e-04	1.314959651831652915e-05	-3.198669563733232580e-05	6.689395254943940929e-06	-1.065964269058326184e-05	1.714247731005538614e-04	4.644085055150350269e-04	-3.976603187107700226e-06	5.555546291545770564e-04	-4.908787417753705909e-06	-3.121617756038514433e-05	-3.261840736983019975e-04	1.913422532872047700e-10	-4.023738016350468137e-05	3.215632825964821013e-04	-4.363262222779076106e-05	1.987031298150374883e-05	1.281638649732995687e-04	1.329364356073518415e-04	-2.204094990695680645e-05	6.401346265947907229e-05	-3.492270454375099242e-05	-4.200159579790664990e-05	1.476128557457146687e-04	4.523698637704491468e-04	-8.892806846331601650e-05	0.000000000000000000e+00	-7.317993648735339387e-04	1.612995288979671182e-05	-3.834725547345868156e-04	9.704122518177312503e-06	-1.151052857963786452e-04	-6.233012604212290024e-05	-5.440386312841021660e-05	-1.319486013149487898e-05	2.718119735730958159e-05	-1.126237280485437839e-04	-1.407613132547663542e-04	-1.572193672914299093e-04	-2.102686314870819657e-05	-5.571814597922725241e-05	-2.387992062602650950e-04	-6.045361316810552880e-05	2.871946722009089781e-05	-7.414463657463759368e-05	-9.240351693404295083e-05	-5.863284934476931077e-05	-4.042734298983858209e-05	-1.487134733050080580e-04	8.295530214609962466e-05	-1.189650874007925125e-05	5.073727710324948698e-04	-5.761478918205654466e-05	8.043978306444684537e-04	2.899562551621748772e-04	1.602805618304419823e-04
-1.125616608230556922e-03	2.432000007411014644e-04	2.222624864168873263e-04	3.287890414185991404e-04	1.149934565891790376e-05	-2.795631901569432175e-05	-4.290284616781324910e-04	1.308007032039471202e-04	1.123871205824237727e-04	-1.345985437950871270e-04	-3.251884068675800097e-04	-1.116704784460041081e-04	-6.474997926229350076e-04	-1.112514894121012819e-04	3.957051112351272495e-05	-5.042750398801645791e-05	2.224098175048805674e-04	5.428496299717558383e-04	4.785418102719561639e-04	-2.012959389844530609e-04	-6.401514064688162238e-05	-9.900866869518993023e-05	-5.288770041353124793e-05	1.330462458765977547e-04	2.186985868014786906e-04	-1.125481892010841690e-04	-1.411379230501285200e-04	-1.939100662441390179e-04	6.703664669206457007e-09	-4.939202321616543902e-04	-9.267670726806202016e-05	-1.888444720779954792e-04	-3.656390549507489889e-05	1.740877006037111615e-03	7.317993648735339387e-04	0.000000000000000000e+00	7.367567995166868829e-05	-2.135882318843004054e-05	-8.944675727270011054e-05	5.019880244243742854e-04	-3.543268024573448580e-05	-2.935907375119786521e-05	-2.576472926992755377e-05	-3.415814781782867157e-04	3.632074167336801643e-05	-1.321869737735907992e-03	-4.522854781286814196e-04	-2.585469094934392340e-04	-3.029668896049568104e-04	4.422829756259909163e-04	9.871325959887989698e-05	-7.123422811678044569e-05	-3.500374482261331806e-05	-5.634440812188681869e-04	-3.065811497774754675e-04	1.832715565714094987e-04	8.554336148225544201e-05	-7.585462644800278556e-04	-3.308415067904252847e-04	-1.381335655071026531e-04	-1.156405805568718202e-04	-2.318902651700626696e-04	6.327466480423450765e-05	-6.979396437612425154e-04
3.142380656822407563e-05	-1.052298554739690666e-04	3.413867399546274892e-06	1.668286565894382310e-05	1.204777568663940401e-04	7.603424651483422532e-06	4.004910518333504625e-05	-1.043236088247742838e-04	-1.052299262748423146e-04	1.099675344568009027e-06	4.723260092003143154e-06	-5.148711999055305351e-05	9.883400278897060885e-06	-1.181863723449358048e-04	-9.552023331566947164e-05	-7.129927032044685998e-06	3.413808924713735381e-06	4.723771698279541226e-06	-4.178108611326805839e-05	-4.101929009660616228e-05	-1.613052038699846975e-05	-5.597350636024397822e-05	-5.094121270230276427e-05	1.344438145973441585e-06	1.668334540883382132e-05	-5.148811107972841542e-05	-4.102064271028521721e-05	-3.707799349436464097e-05	-7.367600622334589868e-05	-3.276239016210306064e-05	-1.632807303443767951e-05	-3.004961719963698790e-06	1.204783738815258851e-04	9.884259507730519469e-06	-1.612995288979671182e-05	-7.367567995166868829e-05	0.000000000000000000e+00	-1.197546724169077910e-04	-4.191283253326037685e-05	-1.260404363670068116e-05	7.603665534797035403e-06	-1.181882490622244178e-04	-5.597434390272447723e-05	-3.276275714330234166e-05	-1.197551106515334896e-04	-4.009806153118842349e-05	-2.033070382143131532e-05	-1.778471967750728662e-05	4.004851041472245749e-05	-9.552076205737269725e-05	-5.094168525404194482e-05	-1.632744813143813451e-05	-4.191339415319080214e-05	-2.033043598248567563e-05	2.502967546117204856e-05	-3.449713913041884750e-05	-1.043241558304780644e-04	-7.130445617622542260e-06	1.343956010360626452e-06	-3.004692649213965732e-06	-1.260453310236682815e-05	-1.778474426139312715e-05	-3.449847757209202810e-05	1.535978121383820710e-05
-6.110034619359646767e-04	1.250206423568921707e-04	1.353849577044709609e-04	1.291023230929121504e-04	-6.591050513526167381e-06	-1.497819317444931729e-04	-4.233152429175672006e-04	4.453349705361364316e-05	2.343367187946657534e-06	-1.776167458205776210e-04	-3.550016058439706655e-04	-1.747828980620601841e-05	-3.289050629341493700e-04	-3.930708143492841621e-05	-1.342591548732077606e-05	-2.494661922242337904e-05	1.342829973561589772e-04	2.403678266333163878e-04	1.495496626399237677e-04	-7.143569397683759408e-05	1.126282051411838317e-04	-2.546293366745378014e-05	2.956478976922108734e-05	-4.603442089361356140e-05	2.017872783662755845e-05	-2.395246745683979453e-05	-5.554617498918284563e-05	-7.827570775241786188e-05	-3.631671651729061830e-05	-1.869943841441465383e-04	5.834652977426370350e-06	-1.038733186302986524e-05	3.700055178362300244e-05	9.317134142960080108e-04	3.834725547345868156e-04	2.135882318843004054e-05	1.197546724169077910e-04	0.000000000000000000e+00	2.332478872650210148e-06	3.997289101172061187e-05	-8.982707729074973393e-05	9.245974769281294059e-05	4.566599763073618388e-05	-4.695829222504392702e-05	1.036232723793681452e-09	-5.937324433177683727e-04	-2.168123199524530243e-04	7.953469728245022538e-06	-1.638948135583065922e-04	3.315165171494907810e-04	1.264615175878372488e-04	-6.253976444279163872e-05	-1.958933449631931659e-05	-4.120718573245272533e-04	-1.907822940000609405e-04	1.281881532396337100e-04	-3.066326700544642664e-06	-6.317709180142336723e-04	-2.906921849236309341e-04	-2.287070813736925175e-05	-8.956148644293156788e-05	-5.482883766243001802e-05	8.088015660783452065e-06	-2.498459280411934849e-04
-2.062827170233952085e-04	-1.228744688769815824e-05	6.120385946883168153e-07	3.358736953113615311e-06	-2.006784843666505671e-05	-1.369318348610919006e-04	-2.177441080957131744e-04	-1.542198351483830345e-05	-1.747882282609261527e-05	-1.492326675904957528e-05	-5.705160182251305492e-05	-7.268822273500823882e-06	3.381595085734204908e-05	-3.722699035064449494e-05	-3.895704132731606057e-05	3.592132784749807505e-05	8.193545545490380332e-06	5.610119701887490538e-05	-3.172920886062667708e-05	2.304558472647506428e-05	7.414805602926923239e-05	-7.562919752973645436e-06	-1.948904619363567731e-06	-8.538313346374060738e-06	8.002642426069455132e-05	1.511533483653712359e-05	3.239690352582835309e-05	-1.703072781413744777e-06	3.500267627619228772e-05	1.278187145986538523e-04	2.554956505952088431e-04	6.755908774176325833e-06	-4.309042094761137212e-07	1.028966319197567277e-04	-9.704122518177312503e-06	8.944675727270011054e-05	4.191283253326037685e-05	-2.332478872650210148e-06	0.000000000000000000e+00	-7.789106245188260388e-05	-8.482208218029584139e-06	6.137274288559949336e-05	5.925060765243394184e-05	1.155268592823912720e-04	1.958971315515142006e-05	1.417655724071755819e-04	7.734934846262842955e-05	1.704779169823386137e-05	-8.331489904471746605e-05	8.495420403832699215e-05	5.617573861962480992e-05	1.469028948192572354e-04	4.502021250845571025e-10	-1.790359316494617833e-05	-1.340882228750445588e-05	9.168598166668741930e-06	7.671343348966576240e-06	-1.287086653846695918e-04	-3.656680426826893476e-06	-3.584319260016185485e-05	6.806611189794203854e-05	4.355001243850970991e-07	1.158969672084418198e-05	2.541871252593591026e-05
-2.065251237337493669e-04	-1.811369361091753460e-04	-3.562959773164169389e-04	4.150676326916460652e-06	-3.639963756980407143e-04	-4.779423470142058080e-05	-1.403145906598129425e-04	3.893093935722364017e-05	2.493380640632600039e-04	2.030215036284019689e-05	-1.842778174226237273e-05	9.349236919256113097e-05	-2.692753822845337129e-05	3.705541102263799880e-04	5.652007789340246719e-04	-3.989481828715715127e-06	4.769159406716511518e-04	5.887440379414186019e-05	1.403332091893502221e-04	-2.307148138407587551e-04	5.761761201425767351e-05	1.208175914328078851e-04	4.014389740598903102e-04	-2.536248324309269605e-05	-2.484566183989262041e-05	1.708456774420160122e-04	8.598610801537672627e-05	7.987013106692660513e-05	1.156398369398427696e-04	5.505449831548638691e-05	1.123703252457031827e-05	1.974603008507677974e-04	1.914369070984298050e-04	6.612213292312481977e-05	1.151052857963786452e-04	-5.019880244243742854e-04	1.260404363670068116e-05	-3.997289101172061187e-05	7.789106245188260388e-05	0.000000000000000000e+00	-7.112229671298844931e-05	2.175112148207371113e-04	1.194995785570166283e-04	1.293596044774597109e-04	8.956715785734913190e-05	-3.066193955436990310e-05	-8.303626164196317716e-05	1.344918041063391417e-04	-1.081974067919494714e-04	8.681640039109772187e-05	8.096097724147400588e-05	4.950509481925645838e-05	-6.806271389661158505e-05	-4.278666958435576868e-05	-9.360167136927401784e-05	1.601470810608459662e-04	-1.345131873193926778e-05	4.018713324666328256e-05	-3.183245842648397802e-05	5.211316870759877739e-04	2.675320290935738628e-09	7.628079861745956560e-04	3.443267938867347220e-04	4.502385214752237149e-05
1.497310421018751073e-05	1.197184765216856577e-04	1.783769170745435305e-04	-1.066254130872143268e-05	1.345129016577023204e-04	3.980207566101099466e-10	-1.575637379707257226e-05	2.269472362563251190e-05	1.532061922257424002e-04	-9.997220799869821874e-06	5.585717064516774598e-05	-1.507127060176776463e-04	8.547862576450166881e-05	-1.595416170408312136e-04	-1.575051260764260229e-05	-7.839090446911584130e-05	1.319859292132094064e-04	6.774422486720499620e-05	9.993764468387757323e-05	-7.569300498016450992e-05	2.104420066136409521e-05	6.022994824979951520e-06	2.080826968071089656e-05	8.243711588507699321e-06	-1.005654118712105349e-05	-3.517892508875859503e-05	-5.075962958760334414e-05	7.039246779350750256e-07	2.795687246547674096e-05	-2.391271326865170634e-05	-2.447120747026773166e-05	5.991058745888545894e-06	7.069504298670576119e-05	1.280030253387080884e-04	6.233012604212290024e-05	3.543268024573448580e-05	-7.603665534797035403e-06	8.982707729074973393e-05	8.482208218029584139e-06	7.112229671298844931e-05	0.000000000000000000e+00	-1.119226467150475929e-04	-1.625418333310658697e-05	-8.880132320106650171e-06	1.497815972506127708e-04	-3.369347077147870253e-05	-1.352365570450885678e-05	-5.428048688224295303e-05	1.721118220867763854e-05	-7.368239219167262849e-06	9.014035389557212275e-05	-2.296038385436097970e-05	1.369315893309104278e-04	1.691761507085455318e-06	1.562944154930639518e-06	-1.427970343496542466e-05	4.068474008927903248e-06	-8.018336077598967764e-05	-6.224065215581942942e-06	-6.178994863168381325e-05	4.779698516800857402e-05	-7.546923844287517752e-05	2.535192995453066056e-05	-1.345302694628338019e-04
2.020394446337484343e-04	-4.553015955051033557e-05	-1.497863368648757890e-04	1.148339636164089734e-04	2.564457886166372183e-05	1.595419856504690895e-04	2.200908619589753211e-04	-2.745772549411696262e-05	-1.501024416045241552e-05	-1.523347912071226415e-04	-5.899270168592566851e-04	-2.638651213083635638e-05	-8.519412372206402063e-04	1.856509543450866667e-09	-9.623205543136478953e-05	2.699251219171258783e-04	1.630952409488127238e-05	-2.513225459724860022e-05	-4.091012137390673915e-04	-1.884187420483976878e-05	-1.714262834185451652e-04	-3.431220688388695401e-05	-7.900535231839656393e-05	3.452490286713406659e-05	2.551007943688430235e-04	2.470023186709097805e-05	1.349145125321714106e-04	-6.188442577004467425e-05	1.112486306980155990e-04	3.490883068527794080e-04	4.561435065822648516e-04	-9.023340089314740202e-05	-2.366012006512237180e-05	1.947621294577617473e-04	5.440386312841021660e-05	2.935907375119786521e-05	1.181882490622244178e-04	-9.245974769281294059e-05	-6.137274288559949336e-05	-2.175112148207371113e-04	1.119226467150475929e-04	0.000000000000000000e+00	3.998713827276829816e-05	1.690432425396363927e-04	3.930755221811550867e-05	1.051208228481723215e-03	4.568100671895054636e-04	-1.033273572631554830e-04	4.281366788352252637e-06	-9.567005910024973598e-06	-2.900655486965078209e-05	5.795882888710560035e-04	3.722933379887698603e-05	7.763828346613458383e-04	3.132952604169192586e-04	-5.172733563906169071e-05	7.964930067233646076e-06	-1.711805384188435242e-04	-1.921958480378123488e-04	-3.533489289148250979e-05	-3.705562422658773567e-04	1.270988513883165318e-04	2.301230781144346786e-05	4.527269926967377204e-04
-2.260730636309364052e-04	-3.195445190724076714e-05	-4.840435626949298495e-05	7.510079885390949159e-05	3.333420594896001706e-06	-6.022089198160480877e-06	-3.042061751466205150e-05	-2.385385857381006332e-06	5.278698528276107879e-05	-1.688900493247575936e-04	-1.550368521646074854e-04	-3.557619611899981026e-05	1.566639765692638513e-05	3.431265713900333455e-05	1.140440474354278267e-04	-1.291200429282236763e-04	3.486564977209664147e-05	-1.809473945615617141e-04	-1.622966377780953430e-04	-3.285138726768859450e-05	4.023439347864103536e-05	-5.988559387795535770e-10	4.724367545128552854e-06	-8.121990877365522837e-05	1.930873122016400724e-04	-3.866587669584797070e-06	3.929661589119092983e-05	-6.635928029824684528e-05	9.900643570362374071e-05	1.423429328130237643e-04	2.298330259857293628e-04	-7.498829865064800216e-05	-5.161859540183091948e-05	-9.792546208496686992e-05	1.319486013149487898e-05	2.576472926992755377e-05	5.597434390272447723e-05	-4.566599763073618388e-05	-5.925060765243394184e-05	-1.194995785570166283e-04	1.625418333310658697e-05	-3.998713827276829816e-05	0.000000000000000000e+00	1.627894869828046907e-05	2.546237922083915972e-05	2.352350068022527783e-04	6.412947232635861643e-05	-9.814948621602250672e-05	-1.696300275743022848e-04	-2.368383710550921542e-05	-1.333237465242986539e-05	2.912091416675396342e-04	7.563433039290040569e-06	2.388499707231945515e-04	5.620929246304156744e-05	-1.574853405110381493e-05	4.170091184418570621e-05	-5.632724556058455281e-05	-6.778904741595446115e-05	-4.361103230988091248e-05	-1.208202528970906103e-04	5.351118837866261375e-05	8.783885913550260299e-05	1.204019823096069621e-04
-3.895162463773900225e-04	-2.969782070857907236e-04	-6.287023746798495096e-04	1.457562441518427370e-04	-4.641918629609550562e-04	2.391344351745406538e-05	-9.620221870846110265e-05	8.899255510399361893e-05	-4.711777454649061997e-04	-3.602911087851557391e-05	-1.207850765163873726e-04	-3.906568349341259689e-06	-5.528112028147611910e-05	-3.490926488408151260e-04	-6.480850700469338154e-04	1.837699479328695914e-05	-5.339097839173124116e-04	-1.409595938336266304e-04	-1.365262866353235632e-04	3.359249193400472094e-05	3.491938172937079194e-05	-1.423462384119987567e-04	-3.095898190956832951e-04	-7.788460469033441406e-05	1.745120755576847957e-04	-1.701340658355983740e-05	1.394949490976206343e-04	-5.107286045201842159e-05	4.939185994226382445e-04	-2.517594666980483165e-09	1.026871622502712708e-04	-3.621950245863517237e-04	-3.056322946338071154e-04	-1.686838494232895569e-04	-2.718119735730958159e-05	3.415814781782867157e-04	3.276275714330234166e-05	4.695829222504392702e-05	-1.155268592823912720e-04	-1.293596044774597109e-04	8.880132320106650171e-06	-1.690432425396363927e-04	-1.627894869828046907e-05	0.000000000000000000e+00	1.869950034429459552e-04	-8.808454130735049806e-05	-1.558618346392368244e-05	-6.167904878982440314e-04	-1.559929817472911892e-04	-5.547467385304965821e-04	-3.456088075494958764e-04	1.586937734858203763e-04	-1.278159065802166950e-04	1.070941839934245356e-05	-3.301571779147722467e-05	-1.634656913334089575e-04	9.223419478817996870e-06	6.155385235063615525e-05	-3.779781018405014914e-05	-2.510097729166720797e-04	-5.505889301802245877e-05	-5.485673340480865228e-04	-1.275138299994129731e-04	1.247848402922088784e-04
-6.110000417406430580e-04	2.342836687458908084e-06	1.342821023195421614e-04	2.017775770100331946e-05	3.700031361001791016e-05	-8.982532243168657622e-05	-1.638929497762794702e-04	-3.065717240176668202e-06	1.250200098541717243e-04	-1.776174357497060431e-04	2.403632623819713227e-04	-2.395314698970609803e-05	9.317062214040863896e-04	9.245779797996936031e-05	3.315168087201625759e-04	-6.317672272001087540e-04	1.353867701909247168e-04	-3.550073923293076703e-04	1.495398842365149202e-04	-5.555029580741614097e-05	3.834687480187263684e-04	4.566373333478676187e-05	1.264612338632782921e-04	-2.906924493296470045e-04	1.291000565017982969e-04	-1.747819356974287381e-05	-7.143572777992883384e-05	-7.827433466624906210e-05	2.135716811450783480e-05	-4.696043206955294433e-05	-6.254402172864038782e-05	-2.287030763993823943e-05	-6.589859327255662234e-06	-3.289171699586290612e-04	1.126237280485437839e-04	-3.632074167336801643e-05	1.197551106515334896e-04	-1.036232723793681452e-09	-1.958971315515142006e-05	-8.956715785734913190e-05	-1.497815972506127708e-04	-3.930755221811550867e-05	-2.546237922083915972e-05	-1.869950034429459552e-04	0.000000000000000000e+00	-5.937356308298529471e-04	-4.120744858170945733e-04	-5.482818072801971896e-05	-4.233148700260760781e-04	-1.342799445310289853e-05	2.956482390102383850e-05	5.832181883203615145e-06	2.332465641429080095e-06	-2.168139416332176333e-04	-1.907844822294277711e-04	8.088261722267415057e-06	4.453203421107491115e-05	-2.494112402701953424e-05	-4.603417394887413081e-05	-1.038425397670594242e-05	3.996914218969003152e-05	7.956210781854470941e-06	1.281890221431329375e-04	-2.498345692898975515e-04
-9.034889884836468576e-04	-5.878014825400570574e-04	-1.201619391917046250e-03	3.832699943151986373e-04	-7.288287502691648788e-04	3.369625865606635693e-05	-3.644146888363841165e-04	1.796595988179181664e-04	-5.877994586315327770e-04	-1.039480982468975033e-04	-6.301012036590423657e-05	-2.675054781934304042e-04	1.228150123044160808e-04	-1.051216158184555514e-03	-1.744526836333347994e-03	-1.731902812522345691e-04	-1.201622281936409178e-03	-6.300577675182137544e-05	8.161098053327851343e-05	2.237932785259490122e-04	1.407562497572351220e-04	-2.352407081205277139e-04	-8.821401321524869861e-04	-9.377136408284691320e-05	3.832684618985070495e-04	-2.674998490110054149e-04	2.238022595140577004e-04	-7.190706629544312185e-05	1.321867589589521309e-03	8.807899850803008993e-05	4.387498751387868467e-04	-1.006511287065362447e-03	-7.288413898143483727e-04	1.228262272916828498e-04	1.407613132547663542e-04	1.321869737735907992e-03	4.009806153118842349e-05	5.937324433177683727e-04	-1.417655724071755819e-04	3.066193955436990310e-05	3.369347077147870253e-05	-1.051208228481723215e-03	-2.352350068022527783e-04	8.808454130735049806e-05	5.937356308298529471e-04	0.000000000000000000e+00	1.051715341179740651e-04	-1.742624503097169302e-03	-3.644205336694849705e-04	-1.744529948001683536e-03	-8.821377234620035894e-04	4.387590580107219229e-04	-1.417580356253773162e-04	1.051736027273716652e-04	-8.116489798616591971e-05	-4.973783222553873401e-04	1.796668602350830202e-04	-1.731967677474374832e-04	-9.377499339934409475e-05	-1.006513475996549580e-03	3.065844814479235653e-05	-1.742619159988435633e-03	-4.973629371452042112e-04	-2.313166779881325606e-04
-3.839199932156764057e-04	3.447572026502311831e-05	-2.257169637012858103e-04	1.117669217188487337e-04	-2.427841921005576952e-04	-1.689946334203094206e-06	-1.741346994999297100e-04	1.609482106519158102e-04	-1.385764399547422703e-04	-8.864909003580678370e-05	-1.706461797403119817e-05	-2.934213764252367198e-04	1.253894968185980362e-04	-7.763870802800973674e-04	-7.511950512623364641e-04	-2.112125782836715552e-04	-3.141203261416532699e-04	-7.209535058989673378e-06	1.266637370296137485e-04	-1.222583057703177374e-04	9.240380244140145569e-05	-2.388529489225601132e-04	-3.763507991184957815e-04	-6.725818263742127149e-05	1.288509818783674995e-04	-2.016384796032567363e-04	-1.393295089133859813e-05	-8.599065596282461451e-06	5.634439772321865082e-04	-1.071133067244794970e-05	1.119612600139789833e-04	-4.476550489259092588e-04	-1.859002378716290973e-04	1.801024087810332926e-04	1.572193672914299093e-04	4.522854781286814196e-04	2.033070382143131532e-05	2.168123199524530243e-04	-7.734934846262842955e-05	8.303626164196317716e-05	1.352365570450885678e-05	-4.568100671895054636e-04	-6.412947232635861643e-05	1.558618346392368244e-05	4.120744858170945733e-04	-1.051715341179740651e-04	0.000000000000000000e+00	-6.933658539613339784e-04	-1.316190374985845069e-04	-5.757109976998915635e-04	-2.570237639321860598e-04	1.025709560339107851e-04	1.790775989844410604e-05	9.161991751548332653e-10	-4.912665284559200238e-05	-1.148714070684415142e-04	1.016266088283258678e-04	-1.634939917355795786e-04	-7.903651785788489055e-05	-4.661041114140837506e-04	4.278761278411538356e-05	-7.785087072046943495e-04	-9.477862337642668365e-05	-2.658175635244538863e-04
8.491112884931419687e-04	-1.857926085943566044e-04	-3.932346645704046847e-04	-7.072940470054711517e-05	-1.186691788898164513e-04	7.546949590710251067e-05	2.376500503129411808e-04	-3.996707545855178635e-05	-2.163925691354644893e-04	1.763253471518156658e-05	-8.794732992061489799e-04	1.219343241936486366e-05	-2.146200538052487998e-03	-1.270931685045795906e-04	-5.860714832215069368e-04	8.216504673462009592e-04	-2.997088512087470267e-04	8.310939502442372799e-05	-8.424226042552090260e-04	1.715504270133240828e-04	-8.044003052543399626e-04	-5.350748450020087200e-05	-2.823262655291376927e-04	2.404220189078294678e-04	-1.045078761595993205e-04	1.096635739267077234e-04	2.932229918898891720e-04	1.813098868513767815e-04	2.318895864835963765e-04	5.485699536159061290e-04	3.748068423053390729e-04	-5.902973559419596799e-05	-7.451732591401302687e-05	3.828782311425595899e-04	2.102686314870819657e-05	2.585469094934392340e-04	1.778471967750728662e-05	-7.953469728245022538e-06	-1.704779169823386137e-05	-1.344918041063391417e-04	5.428048688224295303e-05	1.033273572631554830e-04	9.814948621602250672e-05	6.167904878982440314e-04	5.482818072801971896e-05	1.742624503097169302e-03	6.933658539613339784e-04	0.000000000000000000e+00	2.453399335995621504e-04	-6.656840592038457561e-05	-8.930410763848336967e-05	5.189333675929348917e-04	-4.345206187331174658e-07	7.785109850729522978e-04	3.461552123278070379e-04	-5.338165506843886056e-05	-4.964525232023551618e-05	6.254143944580095225e-05	-2.534003170752230447e-04	-1.093317362543517161e-04	-7.628104688450858522e-04	2.651143937933456932e-10	-2.113718664920307615e-04	9.523791636443970209e-04
6.072016807858219515e-05	6.174790056417362523e-05	-8.946392087281351694e-05	4.517300192224213976e-05	1.776607132557973232e-05	1.575573238029677993e-05	-2.318426871836286925e-09	-4.756611674883646742e-05	-4.393076632608164004e-05	6.886716257785957106e-05	1.868120841901403325e-04	-3.910614367478748197e-05	2.512192765262657610e-04	-2.200862318479585901e-04	-2.603174713985312479e-04	-7.918362814127834833e-05	-1.351100752185660210e-04	2.284511553957525387e-04	2.404745005559707387e-04	2.146747159868020579e-04	6.104582241185367466e-05	3.042361546599007909e-05	-5.500252012845973813e-05	3.488386993114745419e-05	2.820103833506370334e-05	6.698220767630810651e-05	3.101155305049503206e-04	2.485262920754511445e-06	4.290258052165748744e-04	9.620698994128888866e-05	9.282900328275206947e-05	-3.997425918859591991e-05	7.293956907727574136e-05	2.390504265145567829e-04	5.571814597922725241e-05	3.029668896049568104e-04	-4.004851041472245749e-05	1.638948135583065922e-04	8.331489904471746605e-05	1.081974067919494714e-04	-1.721118220867763854e-05	-4.281366788352252637e-06	1.696300275743022848e-04	1.559929817472911892e-04	4.233148700260760781e-04	3.644205336694849705e-04	1.316190374985845069e-04	-2.453399335995621504e-04	0.000000000000000000e+00	-1.496252183021680275e-04	6.534183151108291239e-05	1.676235368975324998e-04	2.177424237336203928e-04	1.741369222970320148e-04	6.763357566743752791e-05	-2.840884777555464902e-04	-1.005942822381807901e-04	-5.996588113264526734e-05	3.642023108292163089e-05	-7.587095088534105149e-05	1.403186835609983936e-04	-2.376512982628439124e-04	-2.338656453662570284e-04	-1.370722690996425172e-04
8.526087581250593999e-04	-3.060590379564929206e-05	-3.722286823462471602e-05	-2.318239875190323466e-04	5.967529295356001112e-05	1.575214876648384004e-05	2.603205524319937873e-04	-1.275188883541988788e-05	1.162889548264416220e-04	-1.012302157609975336e-04	-7.300211564704229585e-04	-4.073180632055053697e-05	-1.506785449880630214e-03	9.623651998726814676e-05	5.221859123028316295e-09	4.120408369060313660e-04	3.572439244840638819e-04	6.998182241323310220e-05	-4.853431488609763391e-04	-2.818690405950639529e-04	-4.644082613133428475e-04	-1.140417876059416079e-04	-2.795038807634266594e-05	9.031733150111773069e-05	-8.755280592588542631e-05	1.815043536207422556e-05	8.198289297308055252e-06	2.184763145018677182e-04	-3.957146880251295447e-05	6.480846241438178437e-04	3.544108967517579098e-04	-1.385652750357818950e-06	1.459383782906049204e-04	5.946376300373108076e-04	2.387992062602650950e-04	-4.422829756259909163e-04	9.552076205737269725e-05	-3.315165171494907810e-04	-8.495420403832699215e-05	-8.681640039109772187e-05	7.368239219167262849e-06	9.567005910024973598e-06	2.368383710550921542e-05	5.547467385304965821e-04	1.342799445310289853e-05	1.744529948001683536e-03	5.757109976998915635e-04	6.656840592038457561e-05	1.496252183021680275e-04	0.000000000000000000e+00	2.231708478728802693e-05	4.150990777602172558e-04	3.895930015626794784e-05	7.511966333050706934e-04	2.939501819815490955e-04	5.379550406136917803e-05	2.079121678890586574e-05	-2.100102254302505878e-04	-3.082161847413249852e-04	1.763879675310714727e-04	-5.652015279341668537e-04	5.860781431048954146e-04	2.073869247242410513e-04	4.805173247034409678e-04
1.995412714623940871e-04	-7.972459631251578886e-05	-9.510359507149598597e-05	-2.019215757336500653e-05	-4.751131771174445879e-06	-2.080637433987861092e-05	5.500448491495653407e-05	-1.047645145798495614e-05	9.382005427282212335e-06	-9.384001325237067309e-05	-4.102114513412849907e-04	-9.244309984357025611e-06	-7.887270202820346500e-04	7.900575959870204655e-05	2.795672098908309408e-05	1.469558477483173104e-04	3.467092685464639599e-05	-1.125252248004919803e-04	-4.895794850504991925e-04	-6.476231725238620071e-05	-3.215679583523281928e-04	-4.725141048517585108e-06	1.130478705257099655e-09	1.427806841063401105e-05	-2.779887185422614054e-05	3.511024586504648978e-05	5.891078521911455952e-05	4.303048341616811138e-05	5.288551888035701538e-05	3.095881259969530692e-04	2.012991218887680116e-04	5.463956116712087216e-06	-3.160832138000159019e-05	1.470985220769872393e-04	6.045361316810552880e-05	-9.871325959887989698e-05	5.094168525404194482e-05	-1.264615175878372488e-04	-5.617573861962480992e-05	-8.096097724147400588e-05	-9.014035389557212275e-05	2.900655486965078209e-05	1.333237465242986539e-05	3.456088075494958764e-04	-2.956482390102383850e-05	8.821377234620035894e-04	2.570237639321860598e-04	8.930410763848336967e-05	-6.534183151108291239e-05	-2.231708478728802693e-05	0.000000000000000000e+00	3.519742898416667416e-04	1.948878751288738061e-06	3.763500551427551759e-04	1.580151347640962149e-04	4.128380877098760445e-05	1.105254374320434037e-05	7.731205857396730911e-06	-1.628894187064372436e-04	7.786961017148532824e-05	-4.014432900885236489e-04	2.823294432791235856e-04	1.052184899589106909e-04	4.441792474616003145e-04
-4.332003904090641396e-04	-6.883265379438638072e-05	-2.276681037131277562e-04	9.223436683720087279e-05	-3.618005526450708857e-04	2.447293235411603354e-05	-9.282010523059264077e-05	2.475641700748813464e-04	-5.199388180159678373e-05	-1.357855290460788114e-04	-2.116815391625609193e-04	-2.392782702490892695e-04	-6.641910301830299687e-05	-4.561525861624377400e-04	-3.544118362986331604e-04	-7.369617440537392554e-05	-1.979140126411653932e-05	-2.563452152881216936e-04	-2.031135449124319000e-04	-4.153084058068663839e-04	4.199009645417881432e-05	-2.298395805320577483e-04	-2.013029096928223912e-04	-9.226651373214146321e-05	9.740437508601601654e-05	-3.169688407260069785e-04	-4.190206340609459288e-04	-3.255571273878499975e-05	9.267971336360192531e-05	-1.026964714949565698e-04	-8.567614626366309820e-09	-4.192711407561333431e-04	-2.301932381643543234e-04	-1.891395626340788730e-04	-2.871946722009089781e-05	7.123422811678044569e-05	1.632744813143813451e-05	6.253976444279163872e-05	-1.469028948192572354e-04	-4.950509481925645838e-05	2.296038385436097970e-05	-5.795882888710560035e-04	-2.912091416675396342e-04	-1.586937734858203763e-04	-5.832181883203615145e-06	-4.387590580107219229e-04	-1.025709560339107851e-04	-5.189333675929348917e-04	-1.676235368975324998e-04	-4.150990777602172558e-04	-3.519742898416667416e-04	0.000000000000000000e+00	-2.554903436134429106e-04	-1.119642376006019409e-04	-7.513581891819932977e-05	2.589638419788279885e-04	2.046039303028766236e-04	-4.642148552376092045e-05	-5.865633549447412976e-05	-2.981719238043155037e-04	-1.124656662938172810e-05	-3.748016946701427168e-04	2.405602996964698850e-04	-7.702189909187086639e-05
-2.062785154426942835e-04	-1.747903679518823065e-05	8.194002491038618411e-06	8.002418701507820603e-05	-4.311796851525422653e-07	-8.481527143180120622e-06	-8.331263958489079115e-05	7.671949817165314524e-06	-1.228869943574923234e-05	-1.492408252386510291e-05	5.609762656174605797e-05	1.511550828840237533e-05	1.028908247044690893e-04	6.137177774507921455e-05	8.495444354230648014e-05	-1.287057795602542757e-04	6.103243288857991620e-07	-5.705529864916052498e-05	-3.173647358646169547e-05	3.239609186636175302e-05	-9.707184521198925756e-06	5.924946484004034198e-05	5.617514092263843693e-05	-3.655997492028726304e-06	3.356110768775675537e-06	-7.269950289367593078e-06	2.304360172397493356e-05	-1.702589975754588794e-06	8.944488800201119021e-05	1.155232814852655688e-04	1.468957756899069147e-04	-3.584330001500464269e-05	-2.006950052772594258e-05	3.380812373055147206e-05	7.414463657463759368e-05	3.500374482261331806e-05	4.191339415319080214e-05	1.958933449631931659e-05	-4.502021250845571025e-10	6.806271389661158505e-05	-1.369315893309104278e-04	-3.722933379887698603e-05	-7.563433039290040569e-06	1.278159065802166950e-04	-2.332465641429080095e-06	1.417580356253773162e-04	-1.790775989844410604e-05	4.345206187331174658e-07	-2.177424237336203928e-04	-3.895930015626794784e-05	-1.948878751288738061e-06	2.554903436134429106e-04	0.000000000000000000e+00	7.734618921613063930e-05	-1.341033727400118633e-05	1.158998506972197355e-05	-1.542225333895304553e-05	3.592534356588842503e-05	-8.537484328379429154e-06	6.756831652694941708e-06	-7.789367709050160765e-05	1.704902830547599040e-05	9.169837264388855391e-06	2.542632223884178089e-05
-3.839189103278863881e-04	-1.385779985899423963e-04	-3.141212825949824591e-04	1.288510237250218150e-04	-1.858956779342157040e-04	1.352450122488192314e-05	-1.316156492032440257e-04	1.016236693161802647e-04	3.447683687615079592e-05	-8.864917444866688128e-05	-7.214658906297784962e-06	-2.016417157117603273e-04	1.800916964276030939e-04	-4.568141891846330682e-04	-5.757101291443149273e-04	-1.634880364094606691e-04	-2.257189191643464113e-04	-1.706523002569375097e-05	1.266574712030154530e-04	-1.393773944292197176e-05	1.572138116978581658e-04	-6.413271537791920382e-05	-2.570257322899872476e-04	-7.903435766852609241e-05	1.117653957163882307e-04	-2.934184674469959755e-04	-1.222529810065781574e-04	-8.599414057475330167e-06	4.522857546336931777e-04	1.558272491836195229e-05	1.025649229130437610e-04	-4.661036742869882708e-04	-2.427906153602315458e-04	1.253886171602704657e-04	9.240351693404295083e-05	5.634440812188681869e-04	2.033043598248567563e-05	4.120718573245272533e-04	1.790359316494617833e-05	4.278666958435576868e-05	-1.691761507085455318e-06	-7.763828346613458383e-04	-2.388499707231945515e-04	-1.070941839934245356e-05	2.168139416332176333e-04	-1.051736027273716652e-04	-9.161991751548332653e-10	-7.785109850729522978e-04	-1.741369222970320148e-04	-7.511966333050706934e-04	-3.763500551427551759e-04	1.119642376006019409e-04	-7.734618921613063930e-05	0.000000000000000000e+00	-4.912625393250856900e-05	-9.478548350269215593e-05	1.609519969944089575e-04	-2.112132685183744450e-04	-6.726055116384784124e-05	-4.476565298751551984e-04	8.303178946340817809e-05	-6.933630369651614094e-04	-1.148639409283081024e-04	-2.658116056338884919e-04
-1.305152769025619080e-04	6.489430416835875954e-05	-9.456604621045798845e-05	4.716923014397760093e-05	-6.525409900576969687e-05	-1.563249028541153356e-06	-6.763381460683404894e-05	6.209666445825024492e-05	6.489577448698281446e-05	-2.399191849226550201e-05	6.879570237562792246e-05	-1.344771072663316475e-04	1.694592323259948188e-04	-3.132952530244888407e-04	-2.939493382672637555e-04	-1.262433094814946889e-04	-9.456670689562488301e-05	6.879669345587065786e-05	1.306306213505098229e-04	2.846951317235367251e-05	5.863294369297633287e-05	-5.621033153564617102e-05	-1.580169065306740676e-04	-1.493428693506190713e-05	4.716955924627107299e-05	-1.344761492379582455e-04	2.846948566620548194e-05	-2.438692999529422440e-06	3.065801116773958284e-04	3.301587843368510749e-05	7.513592530204238947e-05	-2.426017021399939368e-04	-6.525546994165569653e-05	1.694594073862370543e-04	5.863284934476931077e-05	3.065811497774754675e-04	-2.502967546117204856e-05	1.907822940000609405e-04	1.340882228750445588e-05	9.360167136927401784e-05	-1.562944154930639518e-06	-3.132952604169192586e-04	-5.620929246304156744e-05	3.301571779147722467e-05	1.907844822294277711e-04	8.116489798616591971e-05	4.912665284559200238e-05	-3.461552123278070379e-04	-6.763357566743752791e-05	-2.939501819815490955e-04	-1.580151347640962149e-04	7.513581891819932977e-05	1.341033727400118633e-05	4.912625393250856900e-05	0.000000000000000000e+00	-9.241836348594932886e-05	6.209782120248036417e-05	-1.262440927295904649e-04	-1.493499466922514155e-05	-2.426039388266208632e-04	9.360161331370727550e-05	-3.461545914813918528e-04	-9.241711483493083678e-05	-1.906205540130987851e-04
7.471189182641502224e-04	-9.330007218038703816e-05	-1.350579107309177141e-04	-2.968853541515070987e-04	-3.296055177469327420e-05	-2.535125994845902731e-05	2.338622412540605571e-04	-2.943782193999034636e-05	-2.864869817072363440e-05	1.875640091438385271e-05	-4.168751564999408641e-04	4.108426426293010993e-06	-9.720241340772030510e-04	-2.300981875425567389e-05	-2.073807901923633212e-04	3.304702035756551114e-04	3.259025232163131956e-05	-9.986652718726438577e-06	-3.498429018657560688e-04	-7.742803006007815644e-05	-2.899550521527243570e-04	-8.783682122236698207e-05	-1.052142148855984231e-04	-6.573725121373532443e-06	-2.250556251143775988e-04	4.773146633963917389e-05	3.107396063877251424e-05	1.503875565163372268e-04	-6.327288830145837790e-05	1.275203496650133056e-04	-2.405474128933866894e-04	4.786241935734847190e-05	7.660548053046148029e-05	1.078441814473950927e-04	4.042734298983858209e-05	-1.832715565714094987e-04	3.449713913041884750e-05	-1.281881532396337100e-04	-9.168598166668741930e-06	-1.601470810608459662e-04	1.427970343496542466e-05	5.172733563906169071e-05	1.574853405110381493e-05	1.634656913334089575e-04	-8.088261722267415057e-06	4.973783222553873401e-04	1.148714070684415142e-04	5.338165506843886056e-05	2.840884777555464902e-04	-5.379550406136917803e-05	-4.128380877098760445e-05	-2.589638419788279885e-04	-1.158998506972197355e-05	9.478548350269215593e-05	9.241836348594932886e-05	0.000000000000000000e+00	-2.226766562199446832e-05	-9.173613683399665204e-06	-1.860217907845235566e-04	8.787441120461439166e-05	-3.443260065845437246e-04	2.113723978195869327e-04	8.722677572014489239e-10	3.705388304080536356e-04
2.061483457574237420e-04	2.850981799539003869e-05	9.834550492307014607e-05	-7.912135767227881531e-05	8.350390209484407212e-05	-2.269426095291761657e-05	4.756808821340313752e-05	-6.992138074725416999e-10	1.536670993873433778e-05	1.169502393971612947e-06	3.362686813831072992e-05	1.172398254001039276e-05	9.699841338020531928e-05	2.745637278064539186e-05	1.274979865429225080e-05	-1.219425962502335050e-04	6.837947959145425445e-05	1.780108125539669941e-05	1.861926116120198277e-04	-6.125130128186126216e-05	1.501587287585696116e-04	2.385484747354369903e-06	1.047686974848281171e-05	-6.342845429590805153e-05	-1.800408879255906017e-04	9.932781871166270019e-06	-6.988538183413342975e-05	7.591767673016859173e-05	-1.307972420428464740e-04	-8.899536899384215207e-05	-2.475688785320980206e-04	4.151056449240244804e-05	4.976322652056884734e-06	7.256099121837923660e-05	1.487134733050080580e-04	-8.554336148225544201e-05	1.043241558304780644e-04	3.066326700544642664e-06	-7.671343348966576240e-06	1.345131873193926778e-05	-4.068474008927903248e-06	-7.964930067233646076e-06	-4.170091184418570621e-05	-9.223419478817996870e-06	-4.453203421107491115e-05	-1.796668602350830202e-04	-1.016266088283258678e-04	4.964525232023551618e-05	1.005942822381807901e-04	-2.079121678890586574e-05	-1.105254374320434037e-05	-2.046039303028766236e-04	1.542225333895304553e-05	-1.609519969944089575e-04	-6.209782120248036417e-05	2.226766562199446832e-05	0.000000000000000000e+00	-7.840753757492314427e-05	-6.743014294738154863e-05	5.290317226334278252e-05	-3.893334573094662631e-05	3.996622614448970730e-05	2.943721429396809180e-05	-1.828940925242511333e-04
7.503736477907339570e-05	2.544029353872816635e-04	2.016354120727539606e-04	3.726780420205378047e-05	-1.003231663607768336e-04	7.838905145483842111e-05	7.917962793225782165e-05	1.219459795668952214e-04	3.348826304161824693e-05	-1.811180467913768403e-05	-7.331821901496309192e-06	-1.054004259516584397e-04	3.432903479520372201e-05	-2.699220700455519546e-04	-4.120385113256428387e-04	5.732551914257533405e-10	-2.747717294252519050e-04	-5.707486966009093251e-05	-1.036423253853271161e-04	2.693060313266747337e-04	3.975342399938691270e-06	1.291230391167487435e-04	-1.469505778559985869e-04	-1.844874105957671005e-05	9.649693666822229256e-05	-6.156606109038577444e-05	-2.445895445549547235e-05	-7.827923568374794961e-05	5.042865142169855098e-05	-1.837124049189215185e-05	7.370889215324886654e-05	-2.056819081353844763e-04	-2.387391564760852822e-04	-9.098200541640962089e-05	-8.295530214609962466e-05	7.585462644800278556e-04	7.130445617622542260e-06	6.317709180142336723e-04	1.287086653846695918e-04	-4.018713324666328256e-05	8.018336077598967764e-05	1.711805384188435242e-04	5.632724556058455281e-05	-6.155385235063615525e-05	2.494112402701953424e-05	1.731967677474374832e-04	1.634939917355795786e-04	-6.254143944580095225e-05	5.996588113264526734e-05	2.100102254302505878e-04	-7.731205857396730911e-06	4.642148552376092045e-05	-3.592534356588842503e-05	2.112132685183744450e-04	1.262440927295904649e-04	9.173613683399665204e-06	7.840753757492314427e-05	0.000000000000000000e+00	2.123763158470949933e-05	-4.532978304359835085e-04	3.986190555231626867e-06	-8.216476960743095224e-04	-3.304709869122366382e-04	2.469993141229146622e-05
-5.436678502001257801e-05	1.937674136654989531e-04	2.550617535197688282e-04	-5.251187967944776192e-06	-2.689872773832429937e-05	-8.243024557293873565e-06	-3.488497902336128875e-05	6.342922063122552077e-05	-3.973054738021331391e-05	-2.548288867324957179e-06	1.614066069267602253e-05	7.959242212853611200e-06	3.598725870260884778e-05	-3.452345297102319988e-05	-9.031757698978724359e-05	1.845005034022484874e-05	-2.120075132329648127e-04	-1.576015137185011127e-05	3.671379083639894332e-05	7.402534442428962283e-05	4.363143205899569358e-05	8.122054453409981623e-05	-1.427847164804832940e-05	2.484602866745333851e-10	1.866447689831089713e-05	1.147886406756960817e-06	-1.427680096732624750e-04	3.082128852186603461e-05	-1.330456609978865638e-04	7.788539965235427803e-05	9.227089286699974584e-05	1.124735718335536316e-04	-2.693395834595402891e-04	1.198117776190796242e-05	1.189650874007925125e-05	3.308415067904252847e-04	-1.343956010360626452e-06	2.906921849236309341e-04	3.656680426826893476e-06	3.183245842648397802e-05	6.224065215581942942e-06	1.921958480378123488e-04	6.778904741595446115e-05	3.779781018405014914e-05	4.603417394887413081e-05	9.377499339934409475e-05	7.903651785788489055e-05	2.534003170752230447e-04	-3.642023108292163089e-05	3.082161847413249852e-04	1.628894187064372436e-04	5.865633549447412976e-05	8.537484328379429154e-06	6.726055116384784124e-05	1.493499466922514155e-05	1.860217907845235566e-04	6.743014294738154863e-05	-2.123763158470949933e-05	0.000000000000000000e+00	-9.236680195870747940e-05	2.536096709444886246e-05	-2.404210453930477674e-04	6.572099242493833487e-06	-1.785200453589911316e-05
2.187975410233010420e-04	-1.221690885657066505e-04	-2.322555607987114557e-04	2.688971408519139512e-05	-9.450230584884270954e-05	-5.992350450946527176e-06	3.997486449388149677e-05	-4.151012899492369110e-05	-1.312122372866179974e-04	-7.785458387171891116e-06	-1.156024470880134028e-04	8.050033083834534479e-05	-9.663525042673346693e-05	9.023348314996459084e-05	1.387884145898954649e-06	2.056763360475822992e-04	-2.628419451863994033e-04	-5.120529549270705057e-04	-7.242760392990239306e-04	2.079826065673278887e-04	-1.476077021452432180e-04	7.498784739038975617e-05	-5.463594529327864895e-06	-1.124738681591132890e-04	1.289536083572287526e-04	3.045465211921370772e-05	1.585319167618083711e-04	-2.127581134808039418e-05	1.888358760884565452e-04	3.621958353724339850e-04	4.192706302018597885e-04	1.857905035198469329e-09	-3.075056155908988711e-05	-1.180888602447077197e-03	-5.073727710324948698e-04	1.381335655071026531e-04	3.004692649213965732e-06	2.287070813736925175e-05	3.584319260016185485e-05	-5.211316870759877739e-04	6.178994863168381325e-05	3.533489289148250979e-05	4.361103230988091248e-05	2.510097729166720797e-04	1.038425397670594242e-05	1.006513475996549580e-03	4.661041114140837506e-04	1.093317362543517161e-04	7.587095088534105149e-05	-1.763879675310714727e-04	-7.786961017148532824e-05	2.981719238043155037e-04	-6.756831652694941708e-06	4.476565298751551984e-04	2.426039388266208632e-04	-8.787441120461439166e-05	-5.290317226334278252e-05	4.532978304359835085e-04	9.236680195870747940e-05	0.000000000000000000e+00	-1.974549329253475806e-04	5.902883469748027414e-05	-4.786192611352403908e-05	8.377647761033956992e-04
-2.065300370086336687e-04	2.493332332081546303e-04	4.769144491683490481e-04	-2.483950883045476436e-05	1.914379058018252598e-04	-7.112014678345909553e-05	-1.081980422879198799e-04	-1.345451672356243865e-05	-1.811337287225196801e-04	2.030174690940271903e-05	5.887465219119679931e-05	1.708425601992259984e-04	6.612143266624469586e-05	2.175085159611511829e-04	8.681390381921476633e-05	4.018855774411814511e-05	-3.562987271722011526e-04	-1.843266215796521393e-05	1.403286745014347965e-04	8.598575184253713210e-05	1.151039167404423733e-04	1.194957908987987166e-04	8.095359398009917826e-05	-3.183352987710482465e-05	4.149659634285795856e-06	9.349567651290146956e-05	-2.307136085216062447e-04	7.986915297330610466e-05	-5.019889091347373060e-04	1.293582517160558670e-04	4.950426761887171691e-05	5.211380376769559394e-04	-3.639976390770651576e-04	-2.693656308395878091e-05	5.761478918205654466e-05	1.156405805568718202e-04	1.260453310236682815e-05	8.956148644293156788e-05	-6.806611189794203854e-05	-2.675320290935738628e-09	-4.779698516800857402e-05	3.705562422658773567e-04	1.208202528970906103e-04	5.505889301802245877e-05	-3.996914218969003152e-05	-3.065844814479235653e-05	-4.278761278411538356e-05	7.628104688450858522e-04	-1.403186835609983936e-04	5.652015279341668537e-04	4.014432900885236489e-04	1.124656662938172810e-05	7.789367709050160765e-05	-8.303178946340817809e-05	-9.360161331370727550e-05	3.443260065845437246e-04	3.893334573094662631e-05	-3.986190555231626867e-06	-2.536096709444886246e-05	1.974549329253475806e-04	0.000000000000000000e+00	1.344914328571618269e-04	1.601475515523640802e-04	4.502965111268008094e-05
8.491130482813482932e-04	-2.163951984623826812e-04	-2.997079031682578151e-04	-1.045108948961089176e-04	-7.451687347312258296e-05	5.427952279561326448e-05	2.453399299601106715e-04	-4.964650002822111824e-05	-1.857933982155666021e-04	1.763170560040663604e-05	8.310766038062713764e-05	1.096630731524206141e-04	3.828767601876588997e-04	1.033251927747518136e-04	-6.656847148441751103e-05	6.254107252920648686e-05	-3.932349023631500316e-04	-8.794718498212512892e-04	-8.424208645709442165e-04	2.932212469234713381e-04	2.102721302584146387e-05	9.814878229073438465e-05	-8.930372947355271168e-05	-2.534001444466761708e-04	-7.073054582173296718e-05	1.219228238494793890e-05	1.715441687194642990e-04	1.813099239010542893e-04	2.585398513598911267e-04	6.167889153460147551e-04	5.189308264099681475e-04	-1.093281856368368292e-04	-1.186716196115327794e-04	-2.146194461666874574e-03	-8.043978306444684537e-04	2.318902651700626696e-04	1.778474426139312715e-05	5.482883766243001802e-05	-4.355001243850970991e-07	-7.628079861745956560e-04	7.546923844287517752e-05	-1.270988513883165318e-04	-5.351118837866261375e-05	5.485673340480865228e-04	-7.956210781854470941e-06	1.742619159988435633e-03	7.785087072046943495e-04	-2.651143937933456932e-10	2.376512982628439124e-04	-5.860781431048954146e-04	-2.823294432791235856e-04	3.748016946701427168e-04	-1.704902830547599040e-05	6.933630369651614094e-04	3.461545914813918528e-04	-2.113723978195869327e-04	-3.996622614448970730e-05	8.216476960743095224e-04	2.404210453930477674e-04	-5.902883469748027414e-05	-1.344914328571618269e-04	0.000000000000000000e+00	-5.337889771952347706e-05	9.523757920031834020e-04
7.471263874847646272e-04	-2.865334439833835077e-05	3.258467691023032712e-05	-2.250604435314000195e-04	7.660391821739594186e-05	1.427944813397645877e-05	2.840925946963285893e-04	-2.226935912594398903e-05	-9.329982915091653451e-05	1.875503218937026837e-05	-9.988085801642531010e-06	4.772939286447454375e-05	1.078421016623216022e-04	5.172347308259057756e-05	-5.379810491973827785e-05	-9.171710025211894657e-06	-1.350557861128514096e-04	-4.168764686721498610e-04	-3.498458682222511419e-04	3.107053152835264872e-05	4.042621799854831280e-05	1.574718410117251563e-05	-4.128392616412363550e-05	-1.860199988723251535e-04	-2.968902168386127784e-04	4.109893893586583026e-06	-7.742791842625528387e-05	1.503872754824643501e-04	-1.832714061229930784e-04	1.634593982248002167e-04	-2.589755555518733778e-04	8.787685133683723212e-05	-3.296053815365177788e-05	-9.720263161758812328e-04	-2.899562551621748772e-04	-6.327466480423450765e-05	3.449847757209202810e-05	-8.088015660783452065e-06	-1.158969672084418198e-05	-3.443267938867347220e-04	-2.535192995453066056e-05	-2.301230781144346786e-05	-8.783885913550260299e-05	1.275138299994129731e-04	-1.281890221431329375e-04	4.973629371452042112e-04	9.477862337642668365e-05	2.113718664920307615e-04	2.338656453662570284e-04	-2.073869247242410513e-04	-1.052184899589106909e-04	-2.405602996964698850e-04	-9.169837264388855391e-06	1.148639409283081024e-04	9.241711483493083678e-05	-8.722677572014489239e-10	-2.943721429396809180e-05	3.304709869122366382e-04	-6.572099242493833487e-06	4.786192611352403908e-05	-1.601475515523640802e-04	5.337889771952347706e-05	0.000000000000000000e+00	3.705408849670980696e-04
2.165323421721830773e-04	1.922938565610052134e-04	-1.244920363458871019e-04	7.694953980108573221e-05	-1.781570893628890186e-04	1.345255317099032695e-04	1.370683613370996283e-04	1.829007133709703147e-04	1.922855293109468724e-04	-8.298889082043582155e-05	-1.123143312244998632e-04	-2.974774009381171095e-04	-1.109182114934238592e-04	-4.527208098199440563e-04	-4.805129398057583854e-04	-2.469838962212639804e-05	-1.244891043939767871e-04	-1.123089103418506445e-04	-2.838643669036958390e-04	1.474096690131203042e-04	-1.602821109191516385e-04	-1.203940049196880019e-04	-4.441651287916775727e-04	1.785456551678266942e-05	7.695745981059883218e-05	-2.974845307545460936e-04	1.474074589917809502e-04	-1.411357409293901308e-04	6.979411711866164141e-04	-1.247784936876762468e-04	7.703565666156961299e-05	-8.377779839430640144e-04	-1.781532418661828029e-04	-1.109095719490083010e-04	-1.602805618304419823e-04	6.979396437612425154e-04	-1.535978121383820710e-05	2.498459280411934849e-04	-2.541871252593591026e-05	-4.502385214752237149e-05	1.345302694628338019e-04	-4.527269926967377204e-04	-1.204019823096069621e-04	-1.247848402922088784e-04	2.498345692898975515e-04	2.313166779881325606e-04	2.658175635244538863e-04	-9.523791636443970209e-04	1.370722690996425172e-04	-4.805173247034409678e-04	-4.441792474616003145e-04	7.702189909187086639e-05	-2.542632223884178089e-05	2.658116056338884919e-04	1.906205540130987851e-04	-3.705388304080536356e-04	1.828940925242511333e-04	-2.469993141229146622e-05	1.785200453589911316e-05	-8.377647761033956992e-04	-4.502965111268008094e-05	-9.523757920031834020e-04	-3.705408849670980696e-04	0.000000000000000000e+00
