5.164950738360389593e-02	7.062990821849617117e-04	8.689192760048342285e-04	-2.552805717831879012e-02	2.450342671202320063e-04	-6.063682724983098112e-05	2.540734649954002472e-02	2.324282895616389534e-04	7.063001986943647642e-04	-3.029120828679685799e-04	-7.004589741625284706e-04	5.227413355946692024e-05	-6.697059406561708342e-04	1.132543718363700300e-03	2.249954574145897682e-03	-5.935092913349947425e-05	8.689154302572970733e-04	-7.004584116007868139e-04	-1.330093877301116376e-03	-3.453989865390805864e-04	-5.477530926498918804e-04	2.024263134458987559e-04	7.118100230365442468e-04	-8.217035305006792096e-05	-2.552805777100129736e-02	5.227479008277717125e-05	-3.454040213646182469e-04	-3.119102838188351741e-04	-3.092261833060473263e-04	-2.675887922624994170e-02	-5.644362139021517899e-02	3.325882270022046663e-04	2.450304318535045933e-04	-6.697047984034453774e-04	-5.477524177497196736e-04	-3.092167284659027952e-04	-1.820965074437908438e-04	-3.095567323826747992e-04	-1.042319143761964348e-04	-1.005425987295794385e-04	-6.063709851404932395e-05	1.132545907393357060e-03	2.024251178674058862e-04	-2.675887857471406089e-02	-3.095602412359244764e-04	-5.649693416853639183e-02	-2.689383091866185890e-02	1.693694310330504712e-03	2.540734597481956319e-02	2.249955863535444203e-03	7.118101425514697638e-04	-5.644362035330603711e-02	-1.042324450490764908e-04	-2.689383123081344473e-02	-4.527649129968996846e-04	1.246785494177493885e-03	2.324295769304007310e-04	-5.935142368998655926e-05	-8.217101508570060235e-05	3.325833532820754793e-04	-1.005437576731699618e-04	1.693686309841053441e-03	1.246781953262021160e-03	7.666784162287234921e-05
7.062990821849617117e-04	9.327559299367314816e-03	2.862821271828653973e-03	-3.423191666474865004e-04	-1.687358444565276432e-03	-1.197223951333525902e-06	3.767176310330214010e-04	5.426837871681567532e-03	1.025984732474687154e-04	8.097022440037029381e-05	-2.238684302760064531e-04	-1.155921774461426325e-04	-6.400532806050035538e-04	-6.485900543406179384e-05	6.335899174514153433e-05	6.019774836269861824e-04	3.133183889220228805e-04	-4.392683575271309846e-04	-8.244044207504887473e-04	-2.655008953945983663e-04	-2.841916069892391891e-04	-5.008683633022295844e-05	1.585891828073211155e-04	1.065026903735505645e-05	-3.165957415225671722e-04	-5.389678316192029334e-03	-4.536241205053596383e-03	-3.948045319007571189e-05	-2.917553891957925735e-03	-3.784905662579654746e-04	-7.117275101289756260e-04	-7.207509739619561741e-03	1.339523067519538424e-04	-7.902393933434147862e-04	-3.123211377848168204e-04	-2.095785055209702227e-04	4.349276609054073244e-05	-5.655501152162417981e-05	5.597115020486053609e-05	-4.131471408150772569e-04	1.284844481842615117e-04	-1.590500886713342842e-03	-5.348316587198640934e-03	-3.503282777941337358e-04	-9.697493122795261544e-03	-6.830531380818867255e-04	-1.890807945719687937e-04	3.177720994137009022e-03	6.610995280003284166e-04	3.084109661800801469e-03	-6.821345465086591127e-03	-8.069356736459423578e-04	-5.397262208478793150e-03	-3.804747764257957300e-04	1.624750904739936724e-04	4.710373620394456631e-03	-3.774593744552238463e-05	4.591621010281861891e-04	2.517833681474277157e-05	1.113019697762941234e-04	-3.804336345522029458e-04	2.390486901549160239e-04	7.173084450160240283e-05	1.137779524869042547e-03
8.689192760048342285e-04	2.862821271828653973e-03	7.433454999590037408e-03	-6.611010094127976744e-04	2.988282414164045598e-03	-1.117677835781253070e-04	4.084256720635367328e-04	-5.621183595087076215e-05	3.133185994719553500e-04	4.400939060539101381e-05	-4.920738259990957170e-04	-2.606124225099175465e-05	-1.484948277198009812e-03	2.212930614206415868e-04	4.217871875393059355e-04	7.927082863714183733e-04	9.018960545846059452e-04	-9.384931567860675151e-04	-1.520118964368739368e-03	-2.905587661136503890e-04	-6.320700302400645600e-04	7.276818423238114641e-05	4.627285178133456198e-04	-5.687159205524792478e-05	-6.220576728637075385e-04	3.654336982411087538e-05	-3.395746167174321095e-03	7.661820596662169175e-05	-5.862298048581140140e-03	-5.480961920379315419e-04	-1.169918978459625431e-03	3.569727138570142309e-03	4.176332062233935501e-04	-1.839178313397340538e-03	-8.087537195133589953e-04	-3.493039512284181088e-04	2.102627840552976837e-05	-7.430898688976754626e-05	1.555950562976524836e-04	-7.302023756177932704e-04	-1.499692789645986951e-04	3.000187381939785000e-03	-3.647500150558723230e-05	-4.325774271332998282e-04	-3.091539030356734406e-03	-1.212797087811145775e-03	-8.030846209633299339e-04	8.055497794953896118e-03	3.987629536110028137e-04	5.655912143198910981e-03	3.313976497254161185e-03	-9.900961331416446159e-04	-1.289913036042387127e-05	-6.535430102456059320e-04	-1.121983730543902344e-04	3.428299603261695909e-03	-5.427234788967453806e-05	8.677276724860125091e-04	3.061897243029229962e-05	2.068514218717342986e-04	-9.443562149845980856e-04	4.458014704422499442e-04	9.104807596755368562e-05	1.910830187476200877e-03
-2.552805717831879012e-02	-3.423191666474865004e-04	-6.611010094127976744e-04	1.380981815953703784e-02	-2.461149972416534814e-04	6.693294187197136071e-04	-1.214233927240409433e-02	-5.178264190362241888e-05	-3.165963233258721411e-04	1.871958731156831324e-04	3.896215178619787112e-04	-8.797202685870006899e-05	4.165368631509882495e-04	-7.073478964243504283e-04	-1.101237879724853647e-03	4.037296015658699494e-05	-6.220552100102394975e-04	5.044524958625127946e-04	7.309687934163578132e-04	9.548410345443457653e-05	3.036667525616700610e-04	-1.913249295418894646e-04	-4.765420761086575085e-04	1.103701723828054876e-04	1.294986884163388391e-02	-1.096524871114885826e-04	1.602198714804792441e-04	-5.658777828656984862e-04	1.412795196842016646e-04	1.233476730503990128e-02	2.797780954062553671e-02	-3.090971992393233211e-04	-3.387127142580847712e-04	5.020517806449531885e-04	3.055967843202206879e-04	1.852595354984115465e-04	8.293863114823657695e-05	1.081878034340453805e-04	-4.690418092515295545e-05	1.322940213000490498e-04	6.273671156745651810e-04	-6.655708404078419359e-04	-1.685427313957784008e-04	1.282237336535602644e-02	7.307835829490006352e-05	2.788842539139489360e-02	1.447861034398355978e-02	-1.024673567252807694e-03	-1.175067896699600115e-02	-1.109450230511272936e-03	-4.901800268056936234e-04	2.802710195987330108e-02	-5.547818229134709675e-05	1.363859981939962926e-02	9.152595309581543692e-04	-5.837547592642324543e-04	1.145108408837128019e-05	-3.411695432163177927e-05	6.658730258060105531e-05	-2.946285070375839689e-04	1.644590213503693810e-04	-9.802963102436732749e-04	-4.714433005417026281e-04	-1.683918329836033121e-04
2.450342671202320063e-04	-1.687358444565276432e-03	2.988282414164045598e-03	-2.461149972416534814e-04	9.440753660674573722e-03	6.292108667705476445e-06	1.656129989537139511e-04	-5.488753572693383029e-03	1.339528086689287570e-04	-1.729863465353837762e-04	-4.991425531600969913e-04	9.998115280727697427e-06	-6.372003292588173523e-04	4.939953866474467825e-05	1.147534764987140251e-05	2.069641307576625296e-04	4.176340839267819261e-04	-4.210726161551376365e-04	-5.877582875070320361e-04	-1.304477456191995000e-04	-1.374167801854992810e-04	-6.434094243133663495e-05	3.161633217127936409e-05	-9.995745138170392444e-05	-3.387149930989344099e-04	5.409389650845679125e-03	6.722655661324721671e-03	3.654605302195417622e-05	-3.319242600270666532e-03	-2.472871899171717844e-04	-5.895792240764173749e-04	4.871590323628797667e-03	2.205312870144484965e-04	-6.921359684073307523e-04	-2.876286757938496504e-04	-2.009482737821115120e-04	4.297656679966860445e-05	-1.435808062601854371e-04	8.231533327841507926e-06	-2.663236494751056453e-04	-9.882081734402257457e-05	9.727474755792985331e-03	5.328833546026804334e-03	-2.337952468229442652e-04	1.482522359430947468e-03	-3.369819691385319898e-04	-3.345731470126240355e-04	3.347708678156404750e-03	1.121795571862847524e-04	2.976427614165812197e-03	4.584830558287693661e-03	-4.054606405934933549e-04	5.396438869359435064e-03	-5.217905603555642670e-05	-1.865759493512352264e-05	-7.193997712915175397e-03	-3.295523536159630681e-05	3.296076282932842110e-05	-1.831225097484563897e-04	2.700073607176261571e-05	-3.984546582715897071e-04	6.633597431059491190e-05	-5.073267600351834175e-05	5.491849152434653044e-04
-6.063682724983098112e-05	-1.197223951333525902e-06	-1.117677835781253070e-04	6.693294187197136071e-04	6.292108667705476445e-06	1.656910240274594211e-03	6.016180388144836896e-04	-1.480587694672538716e-05	1.284837056815286028e-04	1.263463836685288654e-05	5.876576776492015923e-05	-1.224791502277022576e-04	1.354330038871408965e-04	-8.240657617752650385e-05	2.918119388447112445e-05	-6.224619905807145844e-05	-1.499691622724984579e-04	1.007783964911106850e-04	7.889637049596515009e-05	-2.941291743650963113e-05	7.618809014920951831e-05	-1.223159660190366923e-04	-2.171752973923873073e-04	1.065528178371726491e-06	6.273670166760335863e-04	-2.511103284422338454e-05	1.709486342146329291e-05	4.652844680867677506e-04	-9.450813441669295612e-05	-6.653485607623274827e-04	1.806083616672910484e-05	-5.157557582667305984e-05	-9.882068480991055290e-05	1.472283729207208951e-04	4.046772108900512056e-05	-1.675866767450675483e-05	1.160759045201305376e-05	-1.579114867116320972e-04	-9.318594893548331549e-05	4.519969899375192332e-05	1.627141594053470829e-03	1.417819488150987107e-05	-1.043242762109692639e-05	-6.333761056919734586e-04	-4.465741249303872536e-05	8.431486551377950864e-06	6.586566921903293367e-04	-6.643009761008985062e-05	5.783398531137887936e-04	7.036627990849377316e-05	-5.343882534478077920e-05	6.853656040720924045e-05	1.366251040173432758e-06	6.707319441457052335e-04	-4.887495248045969345e-04	-2.511524366113767291e-05	1.153994108050363616e-04	-9.944646046030268212e-05	-2.990020059795114259e-06	-2.461296306757756970e-04	7.205864874522323891e-05	-1.193556199747494744e-04	4.128092899335215248e-05	-1.426259582474190333e-04
2.540734649954002472e-02	3.767176310330214010e-04	4.084256720635367328e-04	-1.214233927240409433e-02	1.656129989537139511e-04	6.016180388144836896e-04	1.369686380269840610e-02	7.143695191606029798e-05	6.610985375486834546e-04	-1.774533056797440733e-04	-3.086498897702894895e-04	-1.237201452905732884e-04	-1.562341557736575317e-04	5.654154910528971225e-04	1.273321882892367290e-03	-1.092900738395570059e-04	3.987603321713230646e-04	-3.063582013761698185e-04	-5.787510356773748615e-04	-2.327205478116521685e-04	-1.113353168629806683e-04	-8.468540145869401289e-05	8.229950259177327260e-05	-7.647714346428741280e-05	-1.175067953118110083e-02	5.718737468209139668e-05	-1.514672215433123057e-04	-8.800076620010459198e-04	-3.177215523700688228e-04	-1.357103914103067674e-02	-2.798294138277669652e-02	2.107694791451326152e-04	1.121770923792070199e-04	-2.194430721095684176e-04	-2.234495176013785549e-04	-3.155106686466535278e-04	-3.464876570947683317e-05	-5.322531318098680346e-04	-2.145874885812506768e-04	-3.657564453987330452e-05	5.783396354247854684e-04	6.692561920738854600e-04	1.499463995943998095e-04	-1.441173400710649838e-02	-2.272613884434681784e-04	-2.788687380254809348e-02	-1.288137718084035946e-02	8.873245794532076290e-04	1.283485673623231335e-02	1.258361120023687328e-03	3.660836180811788605e-04	-2.788506110485510642e-02	-6.104872158778416966e-05	-1.239054496193817828e-02	4.743085167594271326e-04	6.307826667909064312e-04	2.996125727553007514e-04	-1.469512449922696180e-04	-3.941021002684405117e-05	-1.400161435263947850e-04	2.266757764620416294e-05	8.354582240219709730e-04	6.926744498487792147e-04	-1.090293080375670412e-04
2.324282895616389534e-04	5.426837871681567532e-03	-5.621183595087076215e-05	-5.178264190362241888e-05	-5.488753572693383029e-03	-1.480587694672538716e-05	7.143695191606029798e-05	5.551405550844627432e-03	-3.774608298495216272e-05	1.636307873629565214e-04	1.705052686367135360e-04	-5.168158232206109058e-05	5.709918725344829201e-05	-4.136846109999909232e-05	1.600164291644875177e-05	1.903957574601236992e-04	-5.427275913792589272e-05	2.387056715451823494e-05	-6.044225713189569949e-05	-6.494860396470354192e-05	-7.656427414667082618e-05	3.213304586890429536e-05	7.378957593205773572e-05	4.547114619511843540e-05	1.145205182835515347e-05	-5.227122392806437395e-03	-5.589898927402189160e-03	-4.017279621657720889e-05	1.829828491551380686e-04	-9.578356209511195232e-05	-6.842679693978387075e-05	-5.983658239133753803e-03	-3.295560081183721723e-05	1.448800098700852063e-05	-1.378003935801866525e-05	-8.040552773312452069e-06	-5.452271226963867313e-05	7.173994865911998082e-05	3.489127592927622869e-05	-2.249104628691388235e-05	1.153999281866029602e-04	-5.585339806691918055e-03	-5.434178287049310982e-03	-3.843957300715519548e-05	-5.525668148447246755e-03	-1.912225680561807683e-04	7.031476994667783026e-05	-7.283938296643604105e-05	2.996125817740892885e-04	5.132063336686637630e-05	-5.646136054267657592e-03	-2.148240943799000966e-04	-5.225711893184241917e-03	-1.740327980649986246e-04	8.945567170571394871e-05	5.907165325806870877e-03	-2.827089240947519027e-05	2.002220906127526070e-04	8.625932948568289346e-05	6.685459186659987313e-05	5.122930842708346775e-05	8.570690092266696294e-05	4.519547468321466114e-05	2.140694227717017883e-04
7.063001986943647642e-04	1.025984732474687154e-04	3.133185994719553500e-04	-3.165963233258721411e-04	1.339528086689287570e-04	1.284837056815286028e-04	6.610985375486834546e-04	-3.774608298495216272e-05	9.327558714072106683e-03	8.096974739650884866e-05	-4.392713844860745729e-04	-5.389678001704365992e-03	-7.902434723939647009e-04	-1.590500983417494039e-03	3.084109576887307698e-03	4.591643100949325033e-04	2.862821206393337085e-03	-2.238705614322280559e-04	-8.244109775562643736e-04	-4.536240901862827885e-03	-3.123240896889932657e-04	-5.348316289959270664e-03	-6.821344932754867287e-03	2.517851221079540674e-05	-3.423208757862521829e-04	-1.155923524499183043e-04	-2.655018194680456851e-04	-3.947884725126000533e-05	-2.095805155920372814e-04	-3.503275121942567294e-04	-8.069352789879225517e-04	1.113026799231753918e-04	-1.687358402676746678e-03	-6.400574075903315771e-04	-2.841945278409861806e-04	-2.917553395666076972e-03	4.349234389703640017e-05	-9.697492389897199860e-03	-5.397261766333706981e-03	-3.804359972235700363e-04	-1.198353509699202038e-06	-6.485924357373726702e-05	-5.008752745228496340e-05	-3.784881910985716039e-04	-5.655660823013930081e-05	-6.830529677887273773e-04	-3.804750060384214094e-04	2.390500818361097034e-04	3.767173807209413640e-04	6.335825820788663009e-05	1.585882231687381892e-04	-7.117274928127017772e-04	5.597057329835226685e-05	-1.890823344241456601e-04	1.624740258413543011e-04	7.173088990094556895e-05	5.426837421959714025e-03	6.019792595665774239e-04	1.065036010459170062e-05	-7.207509472787443708e-03	-4.131484790259495042e-04	3.177720134645449935e-03	4.710373073050569404e-03	1.137785036150336946e-03
-3.029120828679685799e-04	8.097022440037029381e-05	4.400939060539101381e-05	1.871958731156831324e-04	-1.729863465353837762e-04	1.263463836685288654e-05	-1.774533056797440733e-04	1.636307873629565214e-04	8.096974739650884866e-05	1.651692124347123921e-03	3.103785982931254800e-04	-1.685661900801313344e-04	-6.782745334607114549e-04	-2.048218631281058764e-04	7.158056784115632764e-06	9.940169386498359360e-04	4.400946607038160713e-05	3.103786527393455818e-04	-6.321182279208695503e-04	-2.233434744992809917e-04	-9.004315596255181662e-04	-1.221484393111863431e-04	-6.218508347160637835e-05	-4.911200514185437398e-04	1.871956936093853940e-04	-1.685661270772556585e-04	-2.233425345420174922e-04	-2.036240231919867974e-05	1.260146565626565272e-05	1.734147998666234734e-04	4.097705711885237271e-04	-9.647094456038734708e-05	-1.729867031712316642e-04	-6.782745051240824047e-04	-9.004315194209447717e-04	1.260093863517990090e-05	-1.609139984609110272e-03	-6.876977711579575041e-05	-1.444434494293196734e-04	2.915993139421152219e-04	1.263451939757586706e-05	-2.048215215348813041e-04	-1.221481420721615000e-04	1.734149540912331190e-04	-6.877000141839543774e-05	4.015542737137494040e-04	2.188544718495345309e-04	9.265235711477094147e-06	-1.774532293307744734e-04	7.157809933865578553e-06	-6.218549228491964472e-05	4.097702091253473036e-04	-1.444433625050141378e-04	2.188541426809969160e-04	5.471126885154588621e-06	2.495569951437656307e-04	1.636308786230218897e-04	9.940168567536646679e-04	-4.911201315350552550e-04	-9.647030011211157018e-05	2.915992564274961238e-04	9.265721361580517369e-06	2.495578821097625905e-04	7.626661115364251212e-04
-7.004589741625284706e-04	-2.238684302760064531e-04	-4.920738259990957170e-04	3.896215178619787112e-04	-4.991425531600969913e-04	5.876576776492015923e-05	-3.086498897702894895e-04	1.705052686367135360e-04	-4.392713844860745729e-04	3.103785982931254800e-04	1.333437930184331807e-02	-5.416310061560701523e-05	2.615644447417586269e-02	-3.457480162648443947e-04	-6.762301667013372996e-04	-1.273867067244337237e-02	-9.384980405721166964e-04	1.246380814494865361e-02	2.587200535282360714e-02	1.840123305215619150e-04	1.133379537478502834e-02	-1.329012378163253554e-04	-5.312161028084695733e-04	6.985767199674806135e-04	5.044525294405816139e-04	-1.895626978139529145e-04	-2.205357361862272697e-04	-1.747042855638799696e-04	3.323317850709849193e-05	5.766439259296643233e-05	5.430148626389629495e-04	-4.445748430339396974e-05	-4.210753805438917840e-04	2.605946596963110845e-02	1.171621696566642334e-02	2.538322213210851075e-04	-9.362422941238061468e-04	2.924292995390577099e-05	-1.972149039759600315e-04	1.434194949806029927e-02	1.007784580593524957e-04	-4.631786619314773117e-04	-2.631491260161508130e-04	-1.261501634684922859e-05	-1.430649810945131776e-04	1.736516032658592858e-04	1.317044332608300835e-04	2.703895472752980531e-04	-3.063580163088418197e-04	-4.409205630432842240e-04	-4.054483699418536110e-04	4.523509769240545279e-04	-3.188363643390980297e-04	1.580900874088721859e-04	-9.176543735065547389e-05	3.550552728214857886e-04	2.387056967830153453e-05	-1.225647974428983877e-02	7.233729825263271289e-04	-1.497048415760025592e-04	1.349528948890539246e-02	-1.685719479990840822e-04	-8.739823721757569372e-05	-2.902510588112920675e-02
5.227413355946692024e-05	-1.155921774461426325e-04	-2.606124225099175465e-05	-8.797202685870006899e-05	9.998115280727697427e-06	-1.224791502277022576e-04	-1.237201452905732884e-04	-5.168158232206109058e-05	-5.389678001704365992e-03	-1.685661900801313344e-04	-5.416310061560701523e-05	5.476483233111285355e-03	-5.400915241195036059e-06	5.588498042658780057e-03	5.251424877605888168e-05	-2.236439124909881922e-04	3.654379189581525119e-05	-1.895633411145241471e-04	6.231241066718570495e-05	5.553793293604759006e-03	-1.096185112790484663e-05	5.156164547765265845e-03	5.653299680022811149e-03	-1.111952443589105154e-04	-1.096512842724608339e-04	1.371295306411131028e-04	1.265659315387164497e-04	-1.261237388971256666e-05	1.012731383929198767e-04	-1.128060717696781763e-04	-1.042140639314511588e-04	5.052482706701709263e-05	5.409389826369063146e-03	-4.189623188914217236e-05	7.366807290352952683e-05	-1.942374916998665770e-04	2.689508301934979636e-05	5.492312732454970869e-03	5.439743582652929732e-03	-5.517205360034632222e-05	-2.511026885888786953e-05	4.712923778397632883e-05	5.501435961377396577e-05	-6.891449142270348563e-05	1.145102014756695894e-04	-1.244185566218769816e-04	6.685435253812977243e-05	-1.560049398696001220e-04	5.718735745237923961e-05	-8.898214978491631843e-05	1.623320769718419423e-05	-2.255666079081905442e-04	4.506145857497413057e-05	-2.230901214106271915e-04	-3.651921552795120635e-05	-1.130734771459460786e-04	-5.227122199089595349e-03	-1.857088704540097118e-04	-6.364492063702843370e-05	5.964400984200065106e-03	2.091293263056067579e-05	9.967801955008927987e-05	-5.800016681034514225e-03	-2.646336330524449499e-04
-6.697059406561708342e-04	-6.400532806050035538e-04	-1.484948277198009812e-03	4.165368631509882495e-04	-6.372003292588173523e-04	1.354330038871408965e-04	-1.562341557736575317e-04	5.709918725344829201e-05	-7.902434723939647009e-04	-6.782745334607114549e-04	2.615644447417586269e-02	-5.400915241195036059e-06	5.626449009596345974e-02	-4.719591507346806904e-04	-1.405131279327050207e-03	-2.829347109337101290e-02	-1.839186646254594576e-03	2.605946565177179319e-02	5.534464866274416833e-02	5.361057331854973858e-04	2.608482101218772067e-02	-1.865560808307560907e-04	-1.128397648761027706e-03	1.644639603838491212e-05	5.020526943084439734e-04	-4.189485806858175333e-05	2.317247423420208002e-04	-3.788607539428023559e-04	1.386196871378266276e-04	-4.116910503058319819e-04	2.585323877661092857e-05	-1.432387464687965651e-04	-6.921412089954050335e-04	5.612893543051641898e-02	2.603482239014153279e-02	5.630279881363213718e-04	-7.356012146263694179e-04	2.903906362225777574e-05	-2.732855261098725286e-04	2.832959090781847489e-02	1.472292590374303092e-04	-4.101292035105474605e-04	-2.268593772801827803e-04	-5.004419374335389043e-04	-1.351714819840716428e-04	-6.724483058534604747e-04	-2.123188095937144650e-04	2.180365740035205614e-04	-2.194423953139108146e-04	-9.834672819876068978e-04	-9.225733895616545187e-04	-2.000002648338301684e-05	-3.322274170907879489e-04	-1.648896087611535332e-04	-1.420477600161785083e-04	1.688515074385219336e-05	1.448864304480981977e-05	-2.824099228008029872e-02	5.511411990133089663e-05	-3.766241712224791655e-04	2.833320012975484165e-02	-1.737606746083085766e-04	-3.254468300669797380e-04	-6.225334212280869695e-02
1.132543718363700300e-03	-6.485900543406179384e-05	2.212930614206415868e-04	-7.073478964243504283e-04	4.939953866474467825e-05	-8.240657617752650385e-05	5.654154910528971225e-04	-4.136846109999909232e-05	-1.590500983417494039e-03	-2.048218631281058764e-04	-3.457480162648443947e-04	5.588498042658780057e-03	-4.719591507346806904e-04	1.020734550351366961e-02	3.242060306158547033e-03	-1.805791653016875604e-04	3.000187989409640668e-03	-4.631821021465163139e-04	-4.020966678806476039e-04	7.059872172291907326e-03	-2.052731875960655107e-04	5.510995720392920100e-03	4.634539555189969538e-03	-2.290685225515295227e-04	-6.655692724029437044e-04	4.712912618316476290e-05	-1.086871908839569543e-04	-3.221243549207895840e-05	1.834158145882313999e-05	-7.659098168111401570e-04	-1.368628594077791506e-03	7.515581081241938326e-05	9.727475129563692424e-03	-4.101365213545880460e-04	2.005587755248292102e-05	-3.378828810168577144e-03	4.139867321656441699e-05	1.404142700433078875e-03	5.517766739529443229e-03	-2.697635598922094305e-04	1.417877167910198865e-05	-1.003326663432627813e-04	-5.032370870484837979e-05	-6.996345003041572370e-04	6.929604209093239212e-05	-1.290319789010883813e-03	-4.379032252843482629e-04	-9.852480792804391846e-05	6.692550811284551926e-04	-1.593254736360610998e-04	5.926722212054433601e-05	-1.537685211959286501e-03	2.923627538783400272e-05	-7.642807773753402005e-04	4.581267068602554388e-05	-3.941055001917685469e-05	-5.585339915439734362e-03	8.479419936954856829e-05	-1.422584791241807384e-04	4.887573000246833027e-03	-1.858046639898103985e-04	3.510622927805535660e-03	-7.399984106237109463e-03	2.292249745312876846e-04
2.249954574145897682e-03	6.335899174514153433e-05	4.217871875393059355e-04	-1.101237879724853647e-03	1.147534764987140251e-05	2.918119388447112445e-05	1.273321882892367290e-03	1.600164291644875177e-05	3.084109576887307698e-03	7.158056784115632764e-06	-6.762301667013372996e-04	5.251424877605888168e-05	-1.405131279327050207e-03	3.242060306158547033e-03	8.065576029868216923e-03	4.411254416888425668e-04	5.655912940539237557e-03	-4.409254108981523063e-04	-1.130243225573663874e-03	-3.431250445254861899e-03	-7.155276614396710285e-04	-5.547042848814028309e-05	3.312061670893530659e-03	-1.293073615613134855e-05	-1.109450508866577020e-03	-8.898287147896308648e-05	-2.347961072768914781e-04	-1.177206800933025066e-04	1.840141685265684907e-04	-1.293612106948054119e-03	-2.436679496037118253e-03	2.631387461252911224e-05	2.976427643307120053e-03	-9.834788193317550893e-04	-2.466379005277477120e-04	-8.026000361121631010e-03	3.851318257510199800e-05	-3.367952137367615992e-03	-1.621429463417154067e-04	-6.080874582956867676e-04	7.036551951979775439e-05	-1.593263510005306144e-04	1.581419219645344235e-05	-1.423269061581101773e-03	2.085296543673916209e-04	-2.643112823643422975e-03	-1.149559428430446152e-03	-7.517663483191895977e-06	1.258359458449252863e-03	-3.060438705111926408e-05	2.805510829366808295e-04	-2.583745831605839885e-03	8.817347310164502924e-05	-1.251701049987749646e-03	8.100067875526739507e-05	6.891890026519234308e-05	5.132045913975847001e-05	6.670446382200706428e-04	-1.002912001300302973e-04	3.618112826099797660e-03	-6.591165664816972265e-04	6.401359762285302284e-03	3.728864616580048873e-03	1.386026107257561178e-03
-5.935092913349947425e-05	6.019774836269861824e-04	7.927082863714183733e-04	4.037296015658699494e-05	2.069641307576625296e-04	-6.224619905807145844e-05	-1.092900738395570059e-04	1.903957574601236992e-04	4.591643100949325033e-04	9.940169386498359360e-04	-1.273867067244337237e-02	-2.236439124909881922e-04	-2.829347109337101290e-02	-1.805791653016875604e-04	4.411254416888425668e-04	1.551692191742057303e-02	8.677317092600302139e-04	-1.225647986630924724e-02	-2.792743915243444189e-02	-4.843958326902295802e-04	-1.344060344860502874e-02	-1.320032063716587245e-04	3.558803021907400296e-04	6.950410139391862601e-04	-3.411743710522874707e-05	-1.857096059386860747e-04	-3.445415303869492785e-04	1.645577868376649731e-04	-2.635387035451674468e-04	4.646904098018948630e-04	4.651402871238427767e-04	-1.242722516446054953e-04	3.296178993820982680e-05	-2.824099312682436247e-02	-1.428914925539725642e-02	-5.016022113639938116e-05	-2.671411303553336601e-04	-7.354585401526181679e-05	-6.051989554527306475e-05	-1.386705264784004327e-02	-9.944691836017310090e-05	8.479081839332823695e-05	-1.261281642915830059e-04	4.866405433713785885e-04	-2.815850532043349215e-04	8.407408687368586857e-04	3.323358933691039629e-04	-2.333112524441553043e-05	-1.469512874458794459e-04	6.670381925697897642e-04	2.465431278387182363e-04	5.503363824174356198e-04	-5.656452217410045687e-05	3.402018341966622046e-04	8.083865748267319174e-05	2.317136893813335216e-04	2.002227526149254135e-04	1.457322762538857015e-02	6.923403162647444840e-04	-3.936847761325122836e-05	-1.336611673466850045e-02	-3.217271602774271586e-05	3.765461373003012378e-04	3.148580147077081892e-02
8.689154302572970733e-04	3.133183889220228805e-04	9.018960545846059452e-04	-6.220552100102394975e-04	4.176340839267819261e-04	-1.499691622724984579e-04	3.987603321713230646e-04	-5.427275913792589272e-05	2.862821206393337085e-03	4.400946607038160713e-05	-9.384980405721166964e-04	3.654379189581525119e-05	-1.839186646254594576e-03	3.000187989409640668e-03	5.655912940539237557e-03	8.677317092600302139e-04	7.433456463343460566e-03	-4.920776218572444618e-04	-1.520128654472166496e-03	-3.395746305370322179e-03	-8.087582381684828986e-04	-3.647448167250941741e-05	3.313977941548313343e-03	3.061873619384467303e-05	-6.610997470110954038e-04	-2.606179657619051755e-05	-2.905601725716591482e-04	7.661885069625426145e-05	-3.493062994263750444e-04	-4.325750037850124895e-04	-9.900914898515026947e-04	2.068516695259203298e-04	2.988283557925981888e-03	-1.484957792302297845e-03	-6.320751852174374789e-04	-5.862298944367932974e-03	2.102569410372699189e-05	-3.091538844236722643e-03	-1.289842135413118952e-05	-9.443613875003086487e-04	-1.117680505951833617e-04	2.212918408543490187e-04	7.276671641915769581e-05	-5.480929371520068451e-04	-7.431120719748611123e-05	-1.212792215726356346e-03	-6.535401946189525529e-04	4.458016738073382768e-04	4.084234896213592876e-04	4.217849873304103806e-04	4.627265411890158571e-04	-1.169914660160132703e-03	1.555945264454090501e-04	-8.030827286454314193e-04	-1.121985878805255087e-04	9.104704471897103672e-05	-5.621246923596967695e-05	7.927129931001855243e-04	-5.687095133165015747e-05	3.569728217208759970e-03	-7.302046927955788570e-04	8.055498537240215334e-03	3.428299409650204053e-03	1.910838899545972856e-03
-7.004584116007868139e-04	-4.392683575271309846e-04	-9.384931567860675151e-04	5.044524958625127946e-04	-4.210726161551376365e-04	1.007783964911106850e-04	-3.063582013761698185e-04	2.387056715451823494e-05	-2.238705614322280559e-04	3.103786527393455818e-04	1.246380814494865361e-02	-1.895633411145241471e-04	2.605946565177179319e-02	-4.631821021465163139e-04	-4.409254108981523063e-04	-1.225647986630924724e-02	-4.920776218572444618e-04	1.333438005382708326e-02	2.587200582974666374e-02	-2.205344255516984123e-04	1.171621687103221662e-02	-2.631495047645091186e-04	-4.054508632638429669e-04	7.233733226180193501e-04	3.896210122596540011e-04	-5.416326074389864339e-05	1.840096473693237896e-04	-1.747044515946298820e-04	2.538269174499637295e-04	-1.261563688157473073e-05	4.523503889576061584e-04	-1.497019643903630814e-04	-4.991455473920392407e-04	2.615644601272440473e-02	1.133379585284182214e-02	3.323740594110590526e-05	-9.362424498425545895e-04	-1.430623373277327024e-04	-3.188369100988672753e-04	1.349529042997126352e-02	5.876587632729138300e-05	-3.457449475735473393e-04	-1.329016790777828231e-04	5.766372786340552700e-05	2.923867159690519784e-05	1.736501042114168051e-04	1.580899794361194312e-04	-1.685643119053890568e-04	-3.086491761339026346e-04	-6.762252496878006251e-04	-5.312144042711337269e-04	5.430134191914214427e-04	-1.972154173421051442e-04	1.317032344820311996e-04	-9.176569239754428801e-05	-8.739505744042222316e-05	1.705057642634302058e-04	-1.273867114594339628e-02	6.985765890382443022e-04	-4.446022355616908501e-05	1.434194957345950351e-02	2.703841099604431270e-04	3.550534830189459976e-04	-2.902510668288135753e-02
-1.330093877301116376e-03	-8.244044207504887473e-04	-1.520118964368739368e-03	7.309687934163578132e-04	-5.877582875070320361e-04	7.889637049596515009e-05	-5.787510356773748615e-04	-6.044225713189569949e-05	-8.244109775562643736e-04	-6.321182279208695503e-04	2.587200535282360714e-02	6.231241066718570495e-05	5.534464866274416833e-02	-4.020966678806476039e-04	-1.130243225573663874e-03	-2.792743915243444189e-02	-1.520128654472166496e-03	2.587200582974666374e-02	5.518821244905514067e-02	3.540029483215421328e-04	2.588117496849584587e-02	-1.172990788887391314e-04	-7.985728634480097031e-04	-8.324164120834256445e-07	7.309683241757314234e-04	6.231156546783635361e-05	3.539960224470819843e-04	-2.979119646958210436e-04	2.668863765093356234e-04	-2.578234139646040928e-05	7.595019713909018436e-04	-4.630166214490584323e-05	-5.877627255881583785e-04	5.534465021587725575e-02	2.588117555705436029e-02	2.668980290004117233e-04	-6.483876119971723924e-04	8.126546684926341888e-05	-2.033483287103236142e-04	2.792758307559888020e-02	7.889686249350710032e-05	-4.020912824371475998e-04	-1.173007166983739932e-04	-2.578237403132811788e-05	8.125677728454408434e-05	1.042570595637245460e-04	1.078403984117732288e-04	6.651997086778093596e-05	-5.787500227472152986e-04	-1.130231493486903889e-03	-7.985686646726493192e-04	7.595017128019009370e-04	-2.033497390917622866e-04	1.078392024369939617e-04	-2.039748842652200161e-04	-1.696222058530336444e-04	-6.044325007998626416e-05	-2.792743922244204230e-02	-8.327542694785421856e-07	-4.630754411637850218e-05	2.792758220590779716e-02	6.650508673017763335e-05	-1.696301491249675697e-04	-6.172864858849155811e-02
-3.453989865390805864e-04	-2.655008953945983663e-04	-2.905587661136503890e-04	9.548410345443457653e-05	-1.304477456191995000e-04	-2.941291743650963113e-05	-2.327205478116521685e-04	-6.494860396470354192e-05	-4.536240901862827885e-03	-2.233434744992809917e-04	1.840123305215619150e-04	5.553793293604759006e-03	5.361057331854973858e-04	7.059872172291907326e-03	-3.431250445254861899e-03	-4.843958326902295802e-04	-3.395746305370322179e-03	-2.205344255516984123e-04	3.540029483215421328e-04	1.044717988238042482e-02	2.932835403503470176e-04	5.608775320461277178e-03	1.525523977275878044e-03	-1.960884068051015647e-04	1.602187097081856151e-04	1.265660937908549052e-04	1.031558517446827294e-04	1.173944532828380844e-05	3.519510728109982028e-05	7.717374306536408280e-05	2.477765382261006314e-04	9.229836163893197893e-05	6.722655496726206298e-03	2.317292365687578727e-04	1.591679898868905447e-04	3.498263984772939129e-03	3.926043771495709431e-05	4.693053783621585137e-03	5.632479274697663185e-03	1.862351857758371050e-04	1.709595363801949197e-05	-1.086856911200786676e-04	-3.681587072885591903e-05	2.618808245295705219e-04	6.689039404906767271e-05	5.537486315960885377e-04	3.837421272022837671e-04	-2.376353597741526192e-04	-1.514639731548268601e-04	-2.347930434504405788e-04	-1.367018860639531439e-04	2.762766124340383742e-04	-5.247121132864583258e-05	2.126977994373887106e-04	3.344337255346112190e-05	-6.913972721025707618e-05	-5.589898558463608086e-03	-3.445445229868492618e-04	-2.453600947526992057e-05	1.420973179400924526e-03	2.308853776592055941e-04	-3.662069362185574502e-03	-1.091252122030850202e-02	-7.361617645732119672e-04
-5.477530926498918804e-04	-2.841916069892391891e-04	-6.320700302400645600e-04	3.036667525616700610e-04	-1.374167801854992810e-04	7.618809014920951831e-05	-1.113353168629806683e-04	-7.656427414667082618e-05	-3.123240896889932657e-04	-9.004315596255181662e-04	1.133379537478502834e-02	-1.096185112790484663e-05	2.608482101218772067e-02	-2.052731875960655107e-04	-7.155276614396710285e-04	-1.344060344860502874e-02	-8.087582381684828986e-04	1.171621687103221662e-02	2.588117496849584587e-02	2.932835403503470176e-04	1.333813673924936702e-02	-4.084552470143396654e-05	-5.367818419987100765e-04	-7.287299551165847891e-04	3.055968899923603463e-04	7.366755026084563496e-05	1.591637592328122607e-04	-1.682157936647272697e-04	-1.536727356526663762e-04	-8.630640732720432475e-05	1.880488685343954043e-04	6.087968021990682033e-05	-2.876308425563860790e-04	2.603482261639371298e-02	1.246831445540664586e-02	3.353681034483710767e-04	3.292753640128908690e-04	3.171809324175356199e-05	-9.496760884942058792e-05	1.220981080804797031e-02	4.046818691704888882e-05	2.005799116352691239e-05	3.601232847319504393e-06	-1.308272750582474726e-04	-6.950258006384390857e-05	-7.680151932829232340e-05	-7.025405171265644693e-06	1.508157126957982092e-04	-2.234493489759768812e-04	-2.466320057870195108e-04	-3.046023051799062568e-04	2.533237072366065863e-04	-6.554702459609893525e-05	5.789455198564385033e-05	-2.865485588077985044e-05	-8.591547388636788384e-05	-1.378061627934101219e-05	-1.428914900346613809e-02	-6.844907828726877388e-04	-2.502539388640344538e-04	1.269158663622890759e-02	-1.261258695947143141e-04	-2.332656749057835190e-04	-2.890728143148641599e-02
2.024263134458987559e-04	-5.008683633022295844e-05	7.276818423238114641e-05	-1.913249295418894646e-04	-6.434094243133663495e-05	-1.223159660190366923e-04	-8.468540145869401289e-05	3.213304586890429536e-05	-5.348316289959270664e-03	-1.221484393111863431e-04	-1.329012378163253554e-04	5.156164547765265845e-03	-1.865560808307560907e-04	5.510995720392920100e-03	-5.547042848814028309e-05	-1.320032063716587245e-04	-3.647448167250941741e-05	-2.631495047645091186e-04	-1.172990788887391314e-04	5.608775320461277178e-03	-4.084552470143396654e-05	5.410516334938285203e-03	5.571534661203186335e-03	-1.600868127133649611e-04	-1.685424309462264444e-04	5.501433203098899885e-05	-3.681650382494565225e-05	7.531843072654310933e-06	1.669739473581678674e-05	-2.117806721197108073e-04	-2.625421329945195259e-04	5.833187704394996473e-05	5.328833915526571055e-03	-2.268601153634088009e-04	3.602296475432092081e-06	8.020206033762351740e-06	1.751594049182469574e-05	5.536450201805286943e-03	5.155812836111347761e-03	-1.557094619249123520e-04	-1.043135777870797187e-05	-5.032286086649109943e-05	-2.044259414404079532e-05	-1.022910473881065955e-04	4.090798431018937917e-05	-2.793729040182742012e-04	-4.140682064540871367e-05	-6.038863418419371064e-05	1.499475358898806946e-04	1.581601971869736690e-05	5.060707032552927973e-05	-3.592125129579987522e-04	-3.381858590047578028e-05	-2.840117891023497356e-04	-6.429888293402243071e-05	8.751934016899761163e-05	-5.434178260092382973e-03	-1.261280974942774447e-04	-1.146733342845328123e-04	5.808168583403446050e-03	-7.201020508152361857e-05	-2.734234235388657640e-05	-5.829463660722731741e-03	-5.133526126495533765e-05
7.118100230365442468e-04	1.585891828073211155e-04	4.627285178133456198e-04	-4.765420761086575085e-04	3.161633217127936409e-05	-2.171752973923873073e-04	8.229950259177327260e-05	7.378957593205773572e-05	-6.821344932754867287e-03	-6.218508347160637835e-05	-5.312161028084695733e-04	5.653299680022811149e-03	-1.128397648761027706e-03	4.634539555189969538e-03	3.312061670893530659e-03	3.558803021907400296e-04	3.313977941548313343e-03	-4.054508632638429669e-04	-7.985728634480097031e-04	1.525523977275878044e-03	-5.367818419987100765e-04	5.571534661203186335e-03	1.036399212416668977e-02	-4.712467504048948057e-05	-4.901793381921587230e-04	1.623278849019410628e-05	-1.367035160784114598e-04	2.224110681034241000e-05	6.412774169078367950e-06	-4.199686878279527990e-04	-7.491407166990418295e-04	7.113775841665487005e-05	4.584831307119059500e-03	-9.225802653214284490e-04	-3.046049399860534983e-04	-3.455609096328113999e-03	1.128901348071816580e-05	7.049150784362679528e-03	5.576794048442568902e-03	-5.974831254063636774e-04	-5.343777722468065510e-05	5.926727635582558008e-05	5.060619028649958659e-05	-4.856344215834247245e-04	4.984187450429144317e-05	-1.057811311323582013e-03	-4.486866433646675913e-04	1.096558389294072320e-04	3.660838801647148862e-04	2.805521891011781774e-04	2.738758717523993554e-04	-9.604427649491610250e-04	8.920068921275746247e-06	-7.607557997673189973e-04	-1.722972654816138998e-04	1.847150821695995031e-04	-5.646136138192914093e-03	2.465470344456786866e-04	-1.064145795431467774e-04	1.094125898027238121e-02	-4.471252062746783676e-04	3.587071303444183245e-03	-1.532643414424896076e-03	8.559539717769223954e-04
-8.217035305006792096e-05	1.065026903735505645e-05	-5.687159205524792478e-05	1.103701723828054876e-04	-9.995745138170392444e-05	1.065528178371726491e-06	-7.647714346428741280e-05	4.547114619511843540e-05	2.517851221079540674e-05	-4.911200514185437398e-04	6.985767199674806135e-04	-1.111952443589105154e-04	1.644639603838491212e-05	-2.290685225515295227e-04	-1.293073615613134855e-05	6.950410139391862601e-04	3.061873619384467303e-05	7.233733226180193501e-04	-8.324164120834256445e-07	-1.960884068051015647e-04	-7.287299551165847891e-04	-1.600868127133649611e-04	-4.712467504048948057e-05	1.915007743903524972e-03	6.658707119093825388e-05	-6.364470474384828296e-05	-2.453490397916668133e-05	-1.392517667171171591e-05	7.131438460439886774e-05	6.976912638349244602e-05	1.544682626631554122e-04	-6.980861735079821491e-05	-1.831235557177936018e-04	5.511453436059571731e-05	-6.844906823885312614e-04	-2.407883007602240911e-05	4.630332975579802730e-04	-9.186284385937511351e-05	-1.504485018378090675e-04	7.643765647614020201e-04	-2.990052821278353905e-06	-1.422578388497441329e-04	-1.146730621641439544e-04	1.062693330659486362e-04	-7.465397392921901585e-05	1.378996238333551742e-04	7.178609441517825142e-05	-3.507904170850877204e-05	-3.940969948972768426e-05	-1.002921170385149012e-04	-1.064154944367424609e-04	1.609752188214602967e-04	-9.120693747120782045e-05	4.097906671238530588e-05	-1.284799299162580250e-05	2.896869312181193706e-05	8.625999719996866569e-05	6.923400938005374889e-04	1.886004708910709801e-03	1.487229674231360562e-05	7.408595030755486290e-04	6.036866728110766339e-05	2.119250559736277387e-04	-6.381780164933602674e-05
-2.552805777100129736e-02	-3.165957415225671722e-04	-6.220576728637075385e-04	1.294986884163388391e-02	-3.387149930989344099e-04	6.273670166760335863e-04	-1.175067953118110083e-02	1.145205182835515347e-05	-3.423208757862521829e-04	1.871956936093853940e-04	5.044525294405816139e-04	-1.096512842724608339e-04	5.020526943084439734e-04	-6.655692724029437044e-04	-1.109450508866577020e-03	-3.411743710522874707e-05	-6.610997470110954038e-04	3.896210122596540011e-04	7.309683241757314234e-04	1.602187097081856151e-04	3.055968899923603463e-04	-1.685424309462264444e-04	-4.901793381921587230e-04	6.658707119093825388e-05	1.380981878794959941e-02	-8.797259524846959169e-05	9.548606157713495214e-05	-5.658777486682081605e-04	1.852637847883543021e-04	1.282237390535811809e-02	2.802710307657530625e-02	-2.946313488585912714e-04	-2.461128523099924848e-04	4.165361921118752473e-04	3.036662435800998997e-04	1.412761286193342253e-04	8.293828648832287645e-05	7.307793864665387070e-05	-5.547754996252744753e-05	1.644588582636026877e-04	6.693297179805007650e-04	-7.073496795934219221e-04	-1.913247573864242611e-04	1.233476702956660953e-02	1.081895376591530971e-04	2.788842557367626762e-02	1.363859993825792052e-02	-9.803013288199394215e-04	-1.214233927208650289e-02	-1.101238395374638454e-03	-4.765423077804080854e-04	2.797780939138035106e-02	-4.690388915579250660e-05	1.447861056864710103e-02	9.152594039711190073e-04	-4.714449429024337654e-04	-5.178401416877318755e-05	4.037285283406846054e-05	1.103702362246947145e-04	-3.090943966559312915e-04	1.322948154828863549e-04	-1.024670183620161271e-03	-5.837541730812471647e-04	-1.683926022733116365e-04
5.227479008277717125e-05	-5.389678316192029334e-03	3.654336982411087538e-05	-1.096524871114885826e-04	5.409389650845679125e-03	-2.511103284422338454e-05	5.718737468209139668e-05	-5.227122392806437395e-03	-1.155923524499183043e-04	-1.685661270772556585e-04	-1.895626978139529145e-04	1.371295306411131028e-04	-4.189485806858175333e-05	4.712912618316476290e-05	-8.898287147896308648e-05	-1.857096059386860747e-04	-2.606179657619051755e-05	-5.416326074389864339e-05	6.231156546783635361e-05	1.265660937908549052e-04	7.366755026084563496e-05	5.501433203098899885e-05	1.623278849019410628e-05	-6.364470474384828296e-05	-8.797259524846959169e-05	5.476483537294881201e-03	5.553793790753572442e-03	-1.261161816810321978e-05	-1.942369584423275395e-04	-6.891371731392015830e-05	-2.255677080437406938e-04	5.964401055968164382e-03	9.997939889038708332e-06	-5.400053496624508128e-06	-1.096210952955986653e-05	1.012731722104067463e-04	2.689433934737474839e-05	1.145100186503691855e-04	4.506137613906582482e-05	2.091427430932903217e-05	-1.224796965769307301e-04	5.588498284589663370e-03	5.156164693632861624e-03	-1.128060889943940113e-04	5.492312871387221122e-03	-1.244189773867598241e-04	-2.230916824605834567e-04	9.967791831113156529e-05	-1.237204541733481419e-04	5.251424759881394142e-05	5.653299673818539678e-03	-1.042147604199189699e-04	5.439743666943623948e-03	6.685362232930533563e-05	-3.652005560936465677e-05	-5.800016935447564748e-03	-5.168151755415091217e-05	-2.236435931675889266e-04	-1.111949139206983223e-04	5.052459886746320770e-05	-5.517147285787169127e-05	-1.560051315063521891e-04	-1.130738573879488528e-04	-2.646337236319368821e-04
-3.454040213646182469e-04	-4.536241205053596383e-03	-3.395746167174321095e-03	1.602198714804792441e-04	6.722655661324721671e-03	1.709486342146329291e-05	-1.514672215433123057e-04	-5.589898927402189160e-03	-2.655018194680456851e-04	-2.233425345420174922e-04	-2.205357361862272697e-04	1.265659315387164497e-04	2.317247423420208002e-04	-1.086871908839569543e-04	-2.347961072768914781e-04	-3.445415303869492785e-04	-2.905601725716591482e-04	1.840096473693237896e-04	3.539960224470819843e-04	1.031558517446827294e-04	1.591637592328122607e-04	-3.681650382494565225e-05	-1.367035160784114598e-04	-2.453490397916668133e-05	9.548606157713495214e-05	5.553793790753572442e-03	1.044718019188472374e-02	1.174053361970352159e-05	3.498263861423272277e-03	2.618845138243909012e-04	2.762807191910018954e-04	1.420973958774347963e-03	-1.304477054384516109e-04	5.361011859361199984e-04	2.932799184147950292e-04	3.519496882728477739e-05	3.925863939398380648e-05	6.689018319861399870e-05	-5.247116239665135603e-05	2.308856750859508548e-04	-2.941344369187550478e-05	7.059872777145863310e-03	5.608775688083669775e-03	7.717672101852347214e-05	4.693053916806964529e-03	5.537542813583633088e-04	2.126990985308174612e-04	-3.662068689736855832e-03	-2.327236158939981290e-04	-3.431250033287503234e-03	1.525524605704851400e-03	2.477805522534513730e-04	5.632479519921232067e-03	3.837434705602551241e-04	3.344216756057659547e-05	-1.091252127126909541e-02	-6.494888431547540906e-05	-4.843920387659043252e-04	-1.960876605307143074e-04	9.229798270692050476e-05	1.862331498228910766e-04	-2.376371769130733989e-04	-6.914132526328292227e-05	-7.361562478564078870e-04
-3.119102838188351741e-04	-3.948045319007571189e-05	7.661820596662169175e-05	-5.658777828656984862e-04	3.654605302195417622e-05	4.652844680867677506e-04	-8.800076620010459198e-04	-4.017279621657720889e-05	-3.947884725126000533e-05	-2.036240231919867974e-05	-1.747042855638799696e-04	-1.261237388971256666e-05	-3.788607539428023559e-04	-3.221243549207895840e-05	-1.177206800933025066e-04	1.645577868376649731e-04	7.661885069625426145e-05	-1.747044515946298820e-04	-2.979119646958210436e-04	1.173944532828380844e-05	-1.682157936647272697e-04	7.531843072654310933e-06	2.224110681034241000e-05	-1.392517667171171591e-05	-5.658777486682081605e-04	-1.261161816810321978e-05	1.174053361970352159e-05	1.957462426403761783e-03	1.141350428886424165e-04	9.832061210457818286e-04	4.445802124511902416e-04	7.016179825711927623e-06	3.654634644815827336e-05	-3.788603850400263534e-04	-1.682156705100628518e-04	1.141334636915933547e-04	1.368063590559085212e-05	1.012622196390996262e-04	7.301037411767085077e-05	-2.252074754503362742e-04	4.652844839109831696e-04	-3.221252752838321573e-05	7.532677714389749660e-06	9.832060641607658167e-04	1.012639284470072192e-04	5.074826025856909442e-04	-4.922565428659292364e-04	1.008095808642562847e-05	-8.800077543656247957e-04	-1.177219697627791058e-04	2.224168062789556893e-05	4.445802675080570763e-04	7.301089249537443308e-05	-4.922565573883823549e-04	-1.872230832837100834e-03	-8.211133063476739507e-05	-4.017200712096487015e-05	1.645580126412584884e-04	-1.392502577767227681e-05	7.015531452092334381e-06	-2.252077458239989689e-04	1.008149570472694108e-05	-8.211054615474882505e-05	4.210676234235784525e-04
-3.092261833060473263e-04	-2.917553891957925735e-03	-5.862298048581140140e-03	1.412795196842016646e-04	-3.319242600270666532e-03	-9.450813441669295612e-05	-3.177215523700688228e-04	1.829828491551380686e-04	-2.095805155920372814e-04	1.260146565626565272e-05	3.323317850709849193e-05	1.012731383929198767e-04	1.386196871378266276e-04	1.834158145882313999e-05	1.840141685265684907e-04	-2.635387035451674468e-04	-3.493062994263750444e-04	2.538269174499637295e-04	2.668863765093356234e-04	3.519510728109982028e-05	-1.536727356526663762e-04	1.669739473581678674e-05	6.412774169078367950e-06	7.131438460439886774e-05	1.852637847883543021e-04	-1.942369584423275395e-04	3.498263861423272277e-03	1.141350428886424165e-04	8.501459244745161042e-03	5.071572805730504120e-04	5.881578365426153032e-04	-3.992705344933473316e-03	-2.009478349086280045e-04	5.630178178683074419e-04	3.353616935966313045e-04	-1.460938073400943260e-04	-4.680123381827470692e-05	1.217007351779669899e-05	-8.239957865822017174e-05	2.335244581437589690e-04	-1.675946878255700956e-05	-3.378828258823114803e-03	8.020794495792805446e-06	2.996273100994851623e-04	3.414154553683788028e-03	6.039022606824351845e-04	3.059250263702865654e-04	-6.623678320696190121e-03	-3.155167467646566824e-04	-8.026000379539009744e-03	-3.455607928076052937e-03	3.278514005427114546e-04	2.213886180043037939e-05	1.640171419989561034e-04	-8.088248906700164795e-05	-3.573572766049598441e-03	-8.041623781968186595e-06	-5.015512186908157509e-05	-2.407848763746725290e-05	2.296829991262495495e-04	1.802018651734856470e-04	9.817908233826632834e-05	2.217332349987341219e-04	-5.162964873457534520e-04
-2.675887922624994170e-02	-3.784905662579654746e-04	-5.480961920379315419e-04	1.233476730503990128e-02	-2.472871899171717844e-04	-6.653485607623274827e-04	-1.357103914103067674e-02	-9.578356209511195232e-05	-3.503275121942567294e-04	1.734147998666234734e-04	5.766439259296643233e-05	-1.128060717696781763e-04	-4.116910503058319819e-04	-7.659098168111401570e-04	-1.293612106948054119e-03	4.646904098018948630e-04	-4.325750037850124895e-04	-1.261563688157473073e-05	-2.578234139646040928e-05	7.717374306536408280e-05	-8.630640732720432475e-05	-2.117806721197108073e-04	-4.199686878279527990e-04	6.976912638349244602e-05	1.282237390535811809e-02	-6.891371731392015830e-05	2.618845138243909012e-04	9.832061210457818286e-04	5.071572805730504120e-04	1.536618265800109191e-02	2.958183507271529983e-02	-3.199112905267742762e-04	-2.337923086250629791e-04	-5.004414770610334873e-04	-1.308272386311997066e-04	2.996206022358103823e-04	8.420507816422870859e-05	1.770085386139985727e-04	3.819885474429154412e-06	-3.346552476061271167e-04	-6.333758867802463883e-04	-6.996363491131116913e-04	-1.022890076179362663e-04	1.440630233686013631e-02	2.764110091317411059e-04	2.961761384166988406e-02	1.316766004242625986e-02	-1.035488953347133865e-03	-1.441173442793937734e-02	-1.423271864691052092e-03	-4.856329181797384596e-04	2.954396326284726773e-02	4.159695587339901470e-05	1.365031397859717277e-02	-4.530561689636635565e-04	-7.314894012746323265e-04	-3.843992264456040522e-05	4.866407058267656219e-04	1.062697815681187721e-04	-2.319356644253770027e-04	-3.286110825752678330e-04	-9.241063737508757939e-04	-5.915602373117237467e-04	8.796547914226763134e-04
-5.644362139021517899e-02	-7.117275101289756260e-04	-1.169918978459625431e-03	2.797780954062553671e-02	-5.895792240764173749e-04	1.806083616672910484e-05	-2.798294138277669652e-02	-6.842679693978387075e-05	-8.069352789879225517e-04	4.097705711885237271e-04	5.430148626389629495e-04	-1.042140639314511588e-04	2.585323877661092857e-05	-1.368628594077791506e-03	-2.436679496037118253e-03	4.651402871238427767e-04	-9.900914898515026947e-04	4.523503889576061584e-04	7.595019713909018436e-04	2.477765382261006314e-04	1.880488685343954043e-04	-2.625421329945195259e-04	-7.491407166990418295e-04	1.544682626631554122e-04	2.802710307657530625e-02	-2.255677080437406938e-04	2.762807191910018954e-04	4.445802124511902416e-04	5.881578365426153032e-04	2.958183507271529983e-02	6.251707222438186717e-02	-6.250481078079179846e-04	-4.054544248653085955e-04	-2.000064217873552688e-05	2.533230640473488186e-04	3.278406051582423431e-04	1.608032005457475145e-04	3.729333347694828481e-04	5.939217821499317437e-05	-1.784426052700841718e-04	6.853702379752711139e-05	-1.537689710541274108e-03	-3.592113757737540325e-04	2.954396268094783631e-02	3.544616572011292715e-04	6.204805465795404373e-02	2.968416035606523048e-02	-2.125010401157611997e-03	-2.788506133861580472e-02	-2.583748193614584295e-03	-9.604420094892839694e-04	6.232834506730818708e-02	-3.189577114257810948e-05	2.959509090828023326e-02	5.186693606708906454e-04	-1.225319778001923623e-03	-2.148256366645192044e-04	5.503374451955629501e-04	1.609762100476056499e-04	-3.024430172782918659e-04	-2.368005763792580248e-04	-1.862978283141470282e-03	-1.219312066650871194e-03	7.680094168878987123e-04
3.325882270022046663e-04	-7.207509739619561741e-03	3.569727138570142309e-03	-3.090971992393233211e-04	4.871590323628797667e-03	-5.157557582667305984e-05	2.107694791451326152e-04	-5.983658239133753803e-03	1.113026799231753918e-04	-9.647094456038734708e-05	-4.445748430339396974e-05	5.052482706701709263e-05	-1.432387464687965651e-04	7.515581081241938326e-05	2.631387461252911224e-05	-1.242722516446054953e-04	2.068516695259203298e-04	-1.497019643903630814e-04	-4.630166214490584323e-05	9.229836163893197893e-05	6.087968021990682033e-05	5.833187704394996473e-05	7.113775841665487005e-05	-6.980861735079821491e-05	-2.946313488585912714e-04	5.964401055968164382e-03	1.420973958774347963e-03	7.016179825711927623e-06	-3.992705344933473316e-03	-3.199112905267742762e-04	-6.250481078079179846e-04	1.175740024201105474e-02	2.700033288832181274e-05	-3.766166994204677505e-04	-2.502506979390184123e-04	2.296831615384089002e-04	1.992153293503661079e-06	7.720212372828228256e-05	3.287317490092969891e-05	-5.069689913259592298e-05	-2.461306489419730782e-04	4.887572862282356378e-03	5.808168512254921478e-03	-2.319374125979259708e-04	7.294713502325118545e-03	-6.725055156788555194e-04	-6.239983066437254514e-04	4.013094767621274740e-03	-1.400146767492729046e-04	3.618112461085756099e-03	1.094125833746240235e-02	-3.024467158030555523e-04	5.817420614774835436e-03	-2.298589642352607491e-04	-1.672636644503136863e-04	-1.453341891625702879e-03	6.685520863820021832e-05	-3.937209493445956025e-05	1.487211231119587188e-05	-1.283146488748849806e-04	-1.586665654422251756e-04	-1.319214029273513278e-04	-5.835048067472637626e-05	-1.539344046533539838e-05
2.450304318535045933e-04	1.339523067519538424e-04	4.176332062233935501e-04	-3.387127142580847712e-04	2.205312870144484965e-04	-9.882068480991055290e-05	1.121770923792070199e-04	-3.295560081183721723e-05	-1.687358402676746678e-03	-1.729867031712316642e-04	-4.210753805438917840e-04	5.409389826369063146e-03	-6.921412089954050335e-04	9.727475129563692424e-03	2.976427643307120053e-03	3.296178993820982680e-05	2.988283557925981888e-03	-4.991455473920392407e-04	-5.877627255881583785e-04	6.722655496726206298e-03	-2.876308425563860790e-04	5.328833915526571055e-03	4.584831307119059500e-03	-1.831235557177936018e-04	-2.461128523099924848e-04	9.997939889038708332e-06	-1.304477054384516109e-04	3.654634644815827336e-05	-2.009478349086280045e-04	-2.337923086250629791e-04	-4.054544248653085955e-04	2.700033288832181274e-05	9.440754745800878506e-03	-6.372067864359202624e-04	-1.374184680592482519e-04	-3.319243287389552627e-03	4.297718788815142667e-05	1.482522564537323579e-03	5.396439508539633417e-03	-3.984582235105882646e-04	6.292658364259305653e-06	4.939875309027269578e-05	-6.434151734668536117e-05	-2.472846546769683030e-04	-1.435812160172632605e-04	-3.369768862601615119e-04	-5.217532885178713815e-05	6.633515131843317389e-05	1.656109740914419020e-04	1.147385469319971029e-05	3.161511183723152076e-05	-5.895736850796142684e-04	8.231293509354454841e-06	-3.345704386121131180e-04	-1.865713880294057460e-05	-5.073351481584274417e-05	-5.488754046786306802e-03	2.069670648774999506e-04	-9.995811473933303255e-05	4.871590907746343665e-03	-2.663269455429688980e-04	3.347709055820914659e-03	-7.193998159006667267e-03	5.491898856997177265e-04
-6.697047984034453774e-04	-7.902393933434147862e-04	-1.839178313397340538e-03	5.020517806449531885e-04	-6.921359684073307523e-04	1.472283729207208951e-04	-2.194430721095684176e-04	1.448800098700852063e-05	-6.400574075903315771e-04	-6.782745051240824047e-04	2.605946596963110845e-02	-4.189623188914217236e-05	5.612893543051641898e-02	-4.101365213545880460e-04	-9.834788193317550893e-04	-2.824099312682436247e-02	-1.484957792302297845e-03	2.615644601272440473e-02	5.534465021587725575e-02	2.317292365687578727e-04	2.603482261639371298e-02	-2.268601153634088009e-04	-9.225802653214284490e-04	5.511453436059571731e-05	4.165361921118752473e-04	-5.400053496624508128e-06	5.361011859361199984e-04	-3.788603850400263534e-04	5.630178178683074419e-04	-5.004414770610334873e-04	-2.000064217873552688e-05	-3.766166994204677505e-04	-6.372067864359202624e-04	5.626449376903899791e-02	2.608482230386616196e-02	1.386308840605365747e-04	-7.356014766631560012e-04	-1.351656546847271637e-04	-3.322284413306594679e-04	2.833320239343810332e-02	1.354332073321170941e-04	-4.719525071842845714e-04	-1.865559448052263292e-04	-4.116914683572377035e-04	2.903276342979613166e-05	-6.724492074068654304e-04	-1.648896175723241577e-04	-1.737460904975190242e-04	-1.562331469124705039e-04	-1.405121133385981574e-03	-1.128392343338964227e-03	2.585177490957318879e-05	-2.732854420362591146e-04	-2.123201731345179528e-04	-1.420479921384686746e-04	-3.254409169073094925e-04	5.710047109379435084e-05	-2.829347239350560317e-02	1.644603721119734444e-05	-1.432470448064873431e-04	2.832959115052494786e-02	2.180222249767781542e-04	1.687977105550584329e-05	-6.225334443510965876e-02
-5.477524177497196736e-04	-3.123211377848168204e-04	-8.087537195133589953e-04	3.055967843202206879e-04	-2.876286757938496504e-04	4.046772108900512056e-05	-2.234495176013785549e-04	-1.378003935801866525e-05	-2.841945278409861806e-04	-9.004315194209447717e-04	1.171621696566642334e-02	7.366807290352952683e-05	2.603482239014153279e-02	2.005587755248292102e-05	-2.466379005277477120e-04	-1.428914925539725642e-02	-6.320751852174374789e-04	1.133379585284182214e-02	2.588117555705436029e-02	1.591679898868905447e-04	1.246831445540664586e-02	3.602296475432092081e-06	-3.046049399860534983e-04	-6.844906823885312614e-04	3.036662435800998997e-04	-1.096210952955986653e-05	2.932799184147950292e-04	-1.682156705100628518e-04	3.353616935966313045e-04	-1.308272386311997066e-04	2.533230640473488186e-04	-2.502506979390184123e-04	-1.374184680592482519e-04	2.608482230386616196e-02	1.333813719419675928e-02	-1.536666507145836456e-04	3.292751786204527057e-04	-6.949851179205520540e-05	-6.554623389693267762e-05	1.269158749485627471e-02	7.618836420903643406e-05	-2.052704925283860412e-04	-4.084633038984956108e-05	-8.630631896215658317e-05	3.171409237442435484e-05	-7.680149317843955954e-05	5.789508171161703313e-05	-1.261187907634888023e-04	-1.113345307678034486e-04	-7.155213710615776187e-04	-5.367793710408890178e-04	1.880488524658783904e-04	-9.496810759054125604e-05	-7.025869654420682483e-06	-2.865458848438170883e-05	-2.332616939057834344e-04	-7.656495869873793038e-05	-1.344060386284206057e-02	-7.287301512117251318e-04	6.087612504933352973e-05	1.220981079049605032e-02	1.508079550379592872e-04	-8.592003305592657103e-05	-2.890728222912074957e-02
-3.092167284659027952e-04	-2.095785055209702227e-04	-3.493039512284181088e-04	1.852595354984115465e-04	-2.009482737821115120e-04	-1.675866767450675483e-05	-3.155106686466535278e-04	-8.040552773312452069e-06	-2.917553395666076972e-03	1.260093863517990090e-05	2.538322213210851075e-04	-1.942374916998665770e-04	5.630279881363213718e-04	-3.378828810168577144e-03	-8.026000361121631010e-03	-5.016022113639938116e-05	-5.862298944367932974e-03	3.323740594110590526e-05	2.668980290004117233e-04	3.498263984772939129e-03	3.353681034483710767e-04	8.020206033762351740e-06	-3.455609096328113999e-03	-2.407883007602240911e-05	1.412761286193342253e-04	1.012731722104067463e-04	3.519496882728477739e-05	1.141334636915933547e-04	-1.460938073400943260e-04	2.996206022358103823e-04	3.278406051582423431e-04	2.296831615384089002e-04	-3.319243287389552627e-03	1.386308840605365747e-04	-1.536666507145836456e-04	8.501459838848536912e-03	-4.680013838029698680e-05	3.414153856092095284e-03	2.213817952657023584e-05	1.802071878663365190e-04	-9.450723199746665618e-05	1.834390977640365072e-05	1.669848075682044326e-05	5.071505647017420133e-04	1.217031275261544044e-05	6.038909731099573533e-04	1.640121775086155820e-04	9.818186175106785748e-05	-3.177155817758497611e-04	1.840191420808418032e-04	6.415491844115096831e-06	5.881474438164564777e-04	-8.239965938056496874e-05	3.059208501256260350e-04	-8.088161745826080436e-05	2.217359983213878821e-04	1.829834951749001947e-04	-2.635451869039349949e-04	7.131351217075868477e-05	-3.992706696343929079e-03	2.335276694472425158e-04	-6.623678940670872824e-03	-3.573572441606355770e-03	-5.163072656100384412e-04
-1.820965074437908438e-04	4.349276609054073244e-05	2.102627840552976837e-05	8.293863114823657695e-05	4.297656679966860445e-05	1.160759045201305376e-05	-3.464876570947683317e-05	-5.452271226963867313e-05	4.349234389703640017e-05	-1.609139984609110272e-03	-9.362422941238061468e-04	2.689508301934979636e-05	-7.356012146263694179e-04	4.139867321656441699e-05	3.851318257510199800e-05	-2.671411303553336601e-04	2.102569410372699189e-05	-9.362424498425545895e-04	-6.483876119971723924e-04	3.926043771495709431e-05	3.292753640128908690e-04	1.751594049182469574e-05	1.128901348071816580e-05	4.630332975579802730e-04	8.293828648832287645e-05	2.689433934737474839e-05	3.925863939398380648e-05	1.368063590559085212e-05	-4.680123381827470692e-05	8.420507816422870859e-05	1.608032005457475145e-04	1.992153293503661079e-06	4.297718788815142667e-05	-7.356014766631560012e-04	3.292751786204527057e-04	-4.680013838029698680e-05	1.697854845509517378e-03	-2.514534044310439925e-05	2.648692703423204982e-05	-1.075159392104437037e-03	1.160766700884725616e-05	4.139786192674570561e-05	1.751506250726621639e-05	8.420530066896610827e-05	-2.514579601095856136e-05	1.826683473578148817e-04	8.067510946667755321e-05	-3.556822585178106612e-05	-3.464861592718022790e-05	3.851400306644444153e-05	1.128904620646272133e-05	1.608036429745733761e-04	2.648631591249757438e-05	8.067496526713914843e-05	3.145782201745746671e-05	-8.993760282401342060e-05	-5.452341234989363018e-05	-2.671411019092706095e-04	4.630333976027032131e-04	1.992121905975867614e-06	-1.075159269668556593e-03	-3.556858820074885232e-05	-8.993911011114847807e-05	8.940923036577397721e-04
-3.095567323826747992e-04	-5.655501152162417981e-05	-7.430898688976754626e-05	1.081878034340453805e-04	-1.435808062601854371e-04	-1.579114867116320972e-04	-5.322531318098680346e-04	7.173994865911998082e-05	-9.697492389897199860e-03	-6.876977711579575041e-05	2.924292995390577099e-05	5.492312732454970869e-03	2.903906362225777574e-05	1.404142700433078875e-03	-3.367952137367615992e-03	-7.354585401526181679e-05	-3.091538844236722643e-03	-1.430623373277327024e-04	8.126546684926341888e-05	4.693053783621585137e-03	3.171809324175356199e-05	5.536450201805286943e-03	7.049150784362679528e-03	-9.186284385937511351e-05	7.307793864665387070e-05	1.145100186503691855e-04	6.689018319861399870e-05	1.012622196390996262e-04	1.217007351779669899e-05	1.770085386139985727e-04	3.729333347694828481e-04	7.720212372828228256e-05	1.482522564537323579e-03	-1.351656546847271637e-04	-6.949851179205520540e-05	3.414153856092095284e-03	-2.514534044310439925e-05	1.026857922266680503e-02	5.559928791221582615e-03	-8.074013357785642044e-05	-4.465606458179732167e-05	6.929746061963981284e-05	4.090856285224111501e-05	2.764061802500400282e-04	4.277548528072309996e-05	2.782524977431461159e-04	1.421914908121764995e-04	-1.562371423059571676e-05	-2.272585986692709885e-04	2.085328495068623853e-04	4.984360087664729090e-05	3.544565848578899378e-04	-6.251264350184229407e-05	-5.999697301441425900e-05	-2.253004493952010120e-04	1.755228169986106416e-04	-5.525667877558168226e-03	-2.815879547985833766e-04	-7.465407711379905037e-05	7.294713308603130442e-03	6.058228182362751841e-06	-3.574045855160691912e-03	-4.833483121498372524e-03	-2.909128748189610827e-04
-1.042319143761964348e-04	5.597115020486053609e-05	1.555950562976524836e-04	-4.690418092515295545e-05	8.231533327841507926e-06	-9.318594893548331549e-05	-2.145874885812506768e-04	3.489127592927622869e-05	-5.397261766333706981e-03	-1.444434494293196734e-04	-1.972149039759600315e-04	5.439743582652929732e-03	-2.732855261098725286e-04	5.517766739529443229e-03	-1.621429463417154067e-04	-6.051989554527306475e-05	-1.289842135413118952e-05	-3.188369100988672753e-04	-2.033483287103236142e-04	5.632479274697663185e-03	-9.496760884942058792e-05	5.155812836111347761e-03	5.576794048442568902e-03	-1.504485018378090675e-04	-5.547754996252744753e-05	4.506137613906582482e-05	-5.247116239665135603e-05	7.301037411767085077e-05	-8.239957865822017174e-05	3.819885474429154412e-06	5.939217821499317437e-05	3.287317490092969891e-05	5.396439508539633417e-03	-3.322284413306594679e-04	-6.554623389693267762e-05	2.213817952657023584e-05	2.648692703423204982e-05	5.559928791221582615e-03	5.474351778790546505e-03	-2.409380044750486440e-04	1.367194319690686387e-06	2.923659874492538037e-05	-3.381860380908986578e-05	4.159558254764228371e-05	-6.251279195794106724e-05	5.482239599148719812e-05	1.162431192451470190e-04	1.268037457091824347e-05	-6.104815330759723736e-05	8.817436375984948527e-05	8.920241371938565861e-06	-3.189622176945348296e-05	-3.830061891725102289e-05	-1.507336704842517593e-04	-1.112707418540266786e-04	6.601331289979147840e-05	-5.225711950978005615e-03	-5.656405074547818206e-05	-9.120721163838137646e-05	5.817420727812699227e-03	-1.248431512165309933e-04	-5.173145744778840602e-05	-5.946611663173324500e-03	8.682201662527135326e-05
-1.005425987295794385e-04	-4.131471408150772569e-04	-7.302023756177932704e-04	1.322940213000490498e-04	-2.663236494751056453e-04	4.519969899375192332e-05	-3.657564453987330452e-05	-2.249104628691388235e-05	-3.804359972235700363e-04	2.915993139421152219e-04	1.434194949806029927e-02	-5.517205360034632222e-05	2.832959090781847489e-02	-2.697635598922094305e-04	-6.080874582956867676e-04	-1.386705264784004327e-02	-9.443613875003086487e-04	1.349529042997126352e-02	2.792758307559888020e-02	1.862351857758371050e-04	1.220981080804797031e-02	-1.557094619249123520e-04	-5.974831254063636774e-04	7.643765647614020201e-04	1.644588582636026877e-04	2.091427430932903217e-05	2.308856750859508548e-04	-2.252074754503362742e-04	2.335244581437589690e-04	-3.346552476061271167e-04	-1.784426052700841718e-04	-5.069689913259592298e-05	-3.984582235105882646e-04	2.833320239343810332e-02	1.269158749485627471e-02	1.802071878663365190e-04	-1.075159392104437037e-03	-8.074013357785642044e-05	-2.409380044750486440e-04	1.563026305319148782e-02	7.205882242885619862e-05	-1.858003833599591371e-04	-7.200927649553555453e-05	-3.286114557037235376e-04	6.055938105351706249e-06	-5.557648016604293780e-04	-1.849686018205037863e-04	1.535801344138578144e-04	2.266842349628918487e-05	-6.591128292279093207e-04	-4.471232912645671607e-04	-2.368017523855144848e-04	-1.248422114275958171e-04	-1.945028794675258391e-04	-7.357513438806701249e-05	-7.840521912084818081e-05	5.123012240243175291e-05	-1.336611751235497816e-02	7.408591185960903755e-04	-1.586704951477749107e-04	1.469014208542228014e-02	-2.995972302576219883e-05	-2.862200289282542561e-05	-3.161695419369868476e-02
-6.063709851404932395e-05	1.284844481842615117e-04	-1.499692789645986951e-04	6.273671156745651810e-04	-9.882081734402257457e-05	1.627141594053470829e-03	5.783396354247854684e-04	1.153999281866029602e-04	-1.198353509699202038e-06	1.263451939757586706e-05	1.007784580593524957e-04	-2.511026885888786953e-05	1.472292590374303092e-04	1.417877167910198865e-05	7.036551951979775439e-05	-9.944691836017310090e-05	-1.117680505951833617e-04	5.876587632729138300e-05	7.889686249350710032e-05	1.709595363801949197e-05	4.046818691704888882e-05	-1.043135777870797187e-05	-5.343777722468065510e-05	-2.990052821278353905e-06	6.693297179805007650e-04	-1.224796965769307301e-04	-2.941344369187550478e-05	4.652844839109831696e-04	-1.675946878255700956e-05	-6.333758867802463883e-04	6.853702379752711139e-05	-2.461306489419730782e-04	6.292658364259305653e-06	1.354332073321170941e-04	7.618836420903643406e-05	-9.450723199746665618e-05	1.160766700884725616e-05	-4.465606458179732167e-05	1.367194319690686387e-06	7.205882242885619862e-05	1.656910413499966843e-03	-8.240712503263628876e-05	-1.223166939306802510e-04	-6.653485425099942441e-04	-1.579123356071770741e-04	8.431726244426580196e-06	6.707322238173017703e-04	-1.193563240987064638e-04	6.016180147375174659e-04	2.918147171066273903e-05	-2.171762629875255510e-04	1.806100119542842223e-05	-9.318644156159489045e-05	6.586568421034033703e-04	-4.887495101826269586e-04	4.128099849111301761e-05	-1.480679943167128081e-05	-6.224658285187964816e-05	1.065257151305665272e-06	-5.157464893774417599e-05	4.519982930770879395e-05	-6.643029110820627904e-05	-2.511620771210074885e-05	-1.426265855054456946e-04
1.132545907393357060e-03	-1.590500886713342842e-03	3.000187381939785000e-03	-6.655708404078419359e-04	9.727474755792985331e-03	1.417819488150987107e-05	6.692561920738854600e-04	-5.585339806691918055e-03	-6.485924357373726702e-05	-2.048215215348813041e-04	-4.631786619314773117e-04	4.712923778397632883e-05	-4.101292035105474605e-04	-1.003326663432627813e-04	-1.593263510005306144e-04	8.479081839332823695e-05	2.212918408543490187e-04	-3.457449475735473393e-04	-4.020912824371475998e-04	-1.086856911200786676e-04	2.005799116352691239e-05	-5.032286086649109943e-05	5.926727635582558008e-05	-1.422578388497441329e-04	-7.073496795934219221e-04	5.588498284589663370e-03	7.059872777145863310e-03	-3.221252752838321573e-05	-3.378828258823114803e-03	-6.996363491131116913e-04	-1.537689710541274108e-03	4.887572862282356378e-03	4.939875309027269578e-05	-4.719525071842845714e-04	-2.052704925283860412e-04	1.834390977640365072e-05	4.139786192674570561e-05	6.929746061963981284e-05	2.923659874492538037e-05	-1.858003833599591371e-04	-8.240712503263628876e-05	1.020734609846737917e-02	5.510995735593517825e-03	-7.659114595713234670e-04	1.404142277662201108e-03	-1.290323045094738177e-03	-7.642833225483987303e-04	3.510623685640352695e-03	5.654167676668211788e-04	3.242060641592185797e-03	4.634539148187540383e-03	-1.368632710191261103e-03	5.517766471103184578e-03	-4.379059055078316832e-04	4.581199071170685764e-05	-7.399983887303470884e-03	-4.136825850682337026e-05	-1.805810997156343748e-04	-2.290677921824527813e-04	7.515473631511408379e-05	-2.697597202107967660e-04	-9.852639931002438883e-05	-3.941122952229950138e-05	2.292185899141849920e-04
2.024251178674058862e-04	-5.348316587198640934e-03	-3.647500150558723230e-05	-1.685427313957784008e-04	5.328833546026804334e-03	-1.043242762109692639e-05	1.499463995943998095e-04	-5.434178287049310982e-03	-5.008752745228496340e-05	-1.221481420721615000e-04	-2.631491260161508130e-04	5.501435961377396577e-05	-2.268593772801827803e-04	-5.032370870484837979e-05	1.581419219645344235e-05	-1.261281642915830059e-04	7.276671641915769581e-05	-1.329016790777828231e-04	-1.173007166983739932e-04	-3.681587072885591903e-05	3.601232847319504393e-06	-2.044259414404079532e-05	5.060619028649958659e-05	-1.146730621641439544e-04	-1.913247573864242611e-04	5.156164693632861624e-03	5.608775688083669775e-03	7.532677714389749660e-06	8.020794495792805446e-06	-1.022890076179362663e-04	-3.592113757737540325e-04	5.808168512254921478e-03	-6.434151734668536117e-05	-1.865559448052263292e-04	-4.084633038984956108e-05	1.669848075682044326e-05	1.751506250726621639e-05	4.090856285224111501e-05	-3.381860380908986578e-05	-7.200927649553555453e-05	-1.223166939306802510e-04	5.510995735593517825e-03	5.410516314443059027e-03	-2.117795651461081539e-04	5.536450207900285581e-03	-2.793713177477771380e-04	-2.840122008101991346e-04	-2.734236847715216867e-05	-8.468680453087698622e-05	-5.547069606622434914e-05	5.571534444784580209e-03	-2.625409246488307185e-04	5.155812746095531779e-03	-4.140692379872095384e-05	-6.429968694451966191e-05	-5.829463759996772985e-03	3.213303605281919647e-05	-1.320022308969590920e-04	-1.600863397921569614e-04	5.833137701207393865e-05	-1.557090875523940688e-04	-6.038999382942834696e-05	8.751861325180783986e-05	-5.133459665223251721e-05
-2.675887857471406089e-02	-3.503282777941337358e-04	-4.325774271332998282e-04	1.282237336535602644e-02	-2.337952468229442652e-04	-6.333761056919734586e-04	-1.441173400710649838e-02	-3.843957300715519548e-05	-3.784881910985716039e-04	1.734149540912331190e-04	-1.261501634684922859e-05	-6.891449142270348563e-05	-5.004419374335389043e-04	-6.996345003041572370e-04	-1.423269061581101773e-03	4.866405433713785885e-04	-5.480929371520068451e-04	5.766372786340552700e-05	-2.578237403132811788e-05	2.618808245295705219e-04	-1.308272750582474726e-04	-1.022910473881065955e-04	-4.856344215834247245e-04	1.062693330659486362e-04	1.233476702956660953e-02	-1.128060889943940113e-04	7.717672101852347214e-05	9.832060641607658167e-04	2.996273100994851623e-04	1.440630233686013631e-02	2.954396268094783631e-02	-2.319374125979259708e-04	-2.472846546769683030e-04	-4.116914683572377035e-04	-8.630631896215658317e-05	5.071505647017420133e-04	8.420530066896610827e-05	2.764061802500400282e-04	4.159558254764228371e-05	-3.286114557037235376e-04	-6.653485425099942441e-04	-7.659114595713234670e-04	-2.117795651461081539e-04	1.536618180763534881e-02	1.770117531931417296e-04	2.961761286493112127e-02	1.365031344661654308e-02	-9.241102977426586670e-04	-1.357103876893600569e-02	-1.293614234509496896e-03	-4.199682202158497887e-04	2.958183378873693870e-02	3.820229773866160407e-06	1.316765957389698198e-02	-4.530561194177878536e-04	-5.915618242025996124e-04	-9.578282769937975058e-05	4.646912441849687268e-04	6.976951595620831581e-05	-3.199104433158201071e-04	-3.346556657039530085e-04	-1.035483582487671831e-03	-7.314866706543656427e-04	8.796556210939093963e-04
-3.095602412359244764e-04	-9.697493122795261544e-03	-3.091539030356734406e-03	7.307835829490006352e-05	1.482522359430947468e-03	-4.465741249303872536e-05	-2.272613884434681784e-04	-5.525668148447246755e-03	-5.655660823013930081e-05	-6.877000141839543774e-05	-1.430649810945131776e-04	1.145102014756695894e-04	-1.351714819840716428e-04	6.929604209093239212e-05	2.085296543673916209e-04	-2.815850532043349215e-04	-7.431120719748611123e-05	2.923867159690519784e-05	8.125677728454408434e-05	6.689039404906767271e-05	-6.950258006384390857e-05	4.090798431018937917e-05	4.984187450429144317e-05	-7.465397392921901585e-05	1.081895376591530971e-04	5.492312871387221122e-03	4.693053916806964529e-03	1.012639284470072192e-04	3.414154553683788028e-03	2.764110091317411059e-04	3.544616572011292715e-04	7.294713502325118545e-03	-1.435812160172632605e-04	2.903276342979613166e-05	3.171409237442435484e-05	1.217031275261544044e-05	-2.514579601095856136e-05	4.277548528072309996e-05	-6.251279195794106724e-05	6.055938105351706249e-06	-1.579123356071770741e-04	1.404142277662201108e-03	5.536450207900285581e-03	1.770117531931417296e-04	1.026857975325987798e-02	2.782572040491030968e-04	-5.999623061462688173e-05	-3.574046382670036277e-03	-5.322565382679141218e-04	-3.367953026093999710e-03	7.049150887356832665e-03	3.729385722062812311e-04	5.559928983832848094e-03	1.421934367916719900e-04	-2.253015491335363485e-04	-4.833483533616154265e-03	7.173954529861897487e-05	-7.354218560705376917e-05	-9.186252987472591979e-05	7.720204080314890197e-05	-8.074363850444837907e-05	-1.562524511362217236e-05	1.755214545913893955e-04	-2.909050998430302674e-04
-5.649693416853639183e-02	-6.830531380818867255e-04	-1.212797087811145775e-03	2.788842539139489360e-02	-3.369819691385319898e-04	8.431486551377950864e-06	-2.788687380254809348e-02	-1.912225680561807683e-04	-6.830529677887273773e-04	4.015542737137494040e-04	1.736516032658592858e-04	-1.244185566218769816e-04	-6.724483058534604747e-04	-1.290319789010883813e-03	-2.643112823643422975e-03	8.407408687368586857e-04	-1.212792215726356346e-03	1.736501042114168051e-04	1.042570595637245460e-04	5.537486315960885377e-04	-7.680151932829232340e-05	-2.793729040182742012e-04	-1.057811311323582013e-03	1.378996238333551742e-04	2.788842557367626762e-02	-1.244189773867598241e-04	5.537542813583633088e-04	5.074826025856909442e-04	6.039022606824351845e-04	2.961761384166988406e-02	6.204805465795404373e-02	-6.725055156788555194e-04	-3.369768862601615119e-04	-6.724492074068654304e-04	-7.680149317843955954e-05	6.038909731099573533e-04	1.826683473578148817e-04	2.782524977431461159e-04	5.482239599148719812e-05	-5.557648016604293780e-04	8.431726244426580196e-06	-1.290323045094738177e-03	-2.793713177477771380e-04	2.961761286493112127e-02	2.782572040491030968e-04	6.238346354928074600e-02	2.963104589847613546e-02	-2.153752618849707687e-03	-2.788687378750723256e-02	-2.643115988031090238e-03	-1.057811269913033628e-03	6.204805382726374247e-02	5.482292947007765032e-05	2.963104592177624730e-02	5.299896132484852203e-04	-1.543378075443782495e-03	-1.912236279923393593e-04	8.407419340227748061e-04	1.379001941293135809e-04	-6.725009261936260550e-04	-5.557648784301799823e-04	-2.153743916761203907e-03	-1.543374408156531060e-03	1.545143032294951126e-03
-2.689383091866185890e-02	-1.890807945719687937e-04	-8.030846209633299339e-04	1.447861034398355978e-02	-3.345731470126240355e-04	6.586566921903293367e-04	-1.288137718084035946e-02	7.031476994667783026e-05	-3.804750060384214094e-04	2.188544718495345309e-04	1.317044332608300835e-04	6.685435253812977243e-05	-2.123188095937144650e-04	-4.379032252843482629e-04	-1.149559428430446152e-03	3.323358933691039629e-04	-6.535401946189525529e-04	1.580899794361194312e-04	1.078403984117732288e-04	3.837421272022837671e-04	-7.025405171265644693e-06	-4.140682064540871367e-05	-4.486866433646675913e-04	7.178609441517825142e-05	1.363859993825792052e-02	-2.230916824605834567e-04	2.126990985308174612e-04	-4.922565428659292364e-04	3.059250263702865654e-04	1.316766004242625986e-02	2.968416035606523048e-02	-6.239983066437254514e-04	-5.217532885178713815e-05	-1.648896175723241577e-04	5.789508171161703313e-05	1.640121775086155820e-04	8.067510946667755321e-05	1.421914908121764995e-04	1.162431192451470190e-04	-1.849686018205037863e-04	6.707322238173017703e-04	-7.642833225483987303e-04	-2.840122008101991346e-04	1.365031344661654308e-02	-5.999623061462688173e-05	2.963104589847613546e-02	1.538412335457366512e-02	-1.231825169946001910e-03	-1.239054465129645066e-02	-1.251702016128561964e-03	-7.607570250412368056e-04	2.959509026596483100e-02	-1.507344581523165918e-04	1.442376829675606591e-02	9.642535464387337650e-04	-6.546467680771711397e-04	-1.740342449688215892e-04	3.402022749801220667e-04	4.097915338236139281e-05	-2.298563862859881305e-04	-1.945028120934410665e-04	-1.014205948128681263e-03	-8.217002441779650349e-04	5.949039063770830129e-04
1.693694310330504712e-03	3.177720994137009022e-03	8.055497794953896118e-03	-1.024673567252807694e-03	3.347708678156404750e-03	-6.643009761008985062e-05	8.873245794532076290e-04	-7.283938296643604105e-05	2.390500818361097034e-04	9.265235711477094147e-06	2.703895472752980531e-04	-1.560049398696001220e-04	2.180365740035205614e-04	-9.852480792804391846e-05	-7.517663483191895977e-06	-2.333112524441553043e-05	4.458016738073382768e-04	-1.685643119053890568e-04	6.651997086778093596e-05	-2.376353597741526192e-04	1.508157126957982092e-04	-6.038863418419371064e-05	1.096558389294072320e-04	-3.507904170850877204e-05	-9.803013288199394215e-04	9.967791831113156529e-05	-3.662068689736855832e-03	1.008095808642562847e-05	-6.623678320696190121e-03	-1.035488953347133865e-03	-2.125010401157611997e-03	4.013094767621274740e-03	6.633515131843317389e-05	-1.737460904975190242e-04	-1.261187907634888023e-04	9.818186175106785748e-05	-3.556822585178106612e-05	-1.562371423059571676e-05	1.268037457091824347e-05	1.535801344138578144e-04	-1.193563240987064638e-04	3.510623685640352695e-03	-2.734236847715216867e-05	-9.241102977426586670e-04	-3.574046382670036277e-03	-2.153752618849707687e-03	-1.231825169946001910e-03	9.142922240504076231e-03	8.354624109732783355e-04	6.401360499658465680e-03	3.587070454970951467e-03	-1.862986741952843417e-03	-5.173183170908879667e-05	-1.014210671662587725e-03	-6.586189935004476564e-05	3.845899010839111138e-03	8.570781646517080621e-05	-3.218053719919185507e-05	6.036840384810737578e-05	-1.319226540892586962e-04	-2.995172395763502258e-05	8.525534449493052998e-05	7.044875940138166294e-05	-2.938747086310231833e-05
2.540734597481956319e-02	6.610995280003284166e-04	3.987629536110028137e-04	-1.175067896699600115e-02	1.121795571862847524e-04	5.783398531137887936e-04	1.283485673623231335e-02	2.996125817740892885e-04	3.767173807209413640e-04	-1.774532293307744734e-04	-3.063580163088418197e-04	5.718735745237923961e-05	-2.194423953139108146e-04	6.692550811284551926e-04	1.258359458449252863e-03	-1.469512874458794459e-04	4.084234896213592876e-04	-3.086491761339026346e-04	-5.787500227472152986e-04	-1.514639731548268601e-04	-2.234493489759768812e-04	1.499475358898806946e-04	3.660838801647148862e-04	-3.940969948972768426e-05	-1.214233927208650289e-02	-1.237204541733481419e-04	-2.327236158939981290e-04	-8.800077543656247957e-04	-3.155167467646566824e-04	-1.441173442793937734e-02	-2.788506133861580472e-02	-1.400146767492729046e-04	1.656109740914419020e-04	-1.562331469124705039e-04	-1.113345307678034486e-04	-3.177155817758497611e-04	-3.464861592718022790e-05	-2.272585986692709885e-04	-6.104815330759723736e-05	2.266842349628918487e-05	6.016180147375174659e-04	5.654167676668211788e-04	-8.468680453087698622e-05	-1.357103876893600569e-02	-5.322565382679141218e-04	-2.788687378750723256e-02	-1.239054465129645066e-02	8.354624109732783355e-04	1.369686357201362580e-02	1.273323190832815512e-03	8.229857606591654384e-05	-2.798294068731410622e-02	-2.145882509845156000e-04	-1.288137719476563012e-02	4.743085748643256295e-04	6.926762303070092830e-04	7.143718222056714073e-05	-1.092906257457504821e-04	-7.647758835493364052e-05	2.107673273703212233e-04	-3.657589372936561451e-05	8.873203457483548953e-04	6.307804076643708496e-04	-1.090300030602196443e-04
2.249955863535444203e-03	3.084109661800801469e-03	5.655912143198910981e-03	-1.109450230511272936e-03	2.976427614165812197e-03	7.036627990849377316e-05	1.258361120023687328e-03	5.132063336686637630e-05	6.335825820788663009e-05	7.157809933865578553e-06	-4.409205630432842240e-04	-8.898214978491631843e-05	-9.834672819876068978e-04	-1.593254736360610998e-04	-3.060438705111926408e-05	6.670381925697897642e-04	4.217849873304103806e-04	-6.762252496878006251e-04	-1.130231493486903889e-03	-2.347930434504405788e-04	-2.466320057870195108e-04	1.581601971869736690e-05	2.805521891011781774e-04	-1.002921170385149012e-04	-1.101238395374638454e-03	5.251424759881394142e-05	-3.431250033287503234e-03	-1.177219697627791058e-04	-8.026000379539009744e-03	-1.423271864691052092e-03	-2.583748193614584295e-03	3.618112461085756099e-03	1.147385469319971029e-05	-1.405121133385981574e-03	-7.155213710615776187e-04	1.840191420808418032e-04	3.851400306644444153e-05	2.085328495068623853e-04	8.817436375984948527e-05	-6.591128292279093207e-04	2.918147171066273903e-05	3.242060641592185797e-03	-5.547069606622434914e-05	-1.293614234509496896e-03	-3.367953026093999710e-03	-2.643115988031090238e-03	-1.251702016128561964e-03	6.401360499658465680e-03	1.273323190832815512e-03	8.065576102318734730e-03	3.312060786232638374e-03	-2.436681244647002312e-03	-1.621433713077619445e-04	-1.149560319897733078e-03	8.100109079592289658e-05	3.728864913019387661e-03	1.600179646644399046e-05	4.411205278814766813e-04	-1.293110489718432796e-05	2.631216985682189064e-05	-6.080823243406822650e-04	-7.520298159017559430e-06	6.891802300356572012e-05	1.386014856967629754e-03
7.118101425514697638e-04	-6.821345465086591127e-03	3.313976497254161185e-03	-4.901800268056936234e-04	4.584830558287693661e-03	-5.343882534478077920e-05	3.660836180811788605e-04	-5.646136054267657592e-03	1.585882231687381892e-04	-6.218549228491964472e-05	-4.054483699418536110e-04	1.623320769718419423e-05	-9.225733895616545187e-04	5.926722212054433601e-05	2.805510829366808295e-04	2.465431278387182363e-04	4.627265411890158571e-04	-5.312144042711337269e-04	-7.985686646726493192e-04	-1.367018860639531439e-04	-3.046023051799062568e-04	5.060707032552927973e-05	2.738758717523993554e-04	-1.064154944367424609e-04	-4.765423077804080854e-04	5.653299673818539678e-03	1.525524605704851400e-03	2.224168062789556893e-05	-3.455607928076052937e-03	-4.856329181797384596e-04	-9.604420094892839694e-04	1.094125833746240235e-02	3.161511183723152076e-05	-1.128392343338964227e-03	-5.367793710408890178e-04	6.415491844115096831e-06	1.128904620646272133e-05	4.984360087664729090e-05	8.920241371938565861e-06	-4.471232912645671607e-04	-2.171762629875255510e-04	4.634539148187540383e-03	5.571534444784580209e-03	-4.199682202158497887e-04	7.049150887356832665e-03	-1.057811269913033628e-03	-7.607570250412368056e-04	3.587070454970951467e-03	8.229857606591654384e-05	3.312060786232638374e-03	1.036399119692182208e-02	-7.491395809681322291e-04	5.576793781347766030e-03	-4.486868444984931691e-04	-1.722978012479501708e-04	-1.532643744656352839e-03	7.378962545608980066e-05	3.558780508754361984e-04	-4.712473047203345191e-05	7.113697815628244403e-05	-5.974802884739698148e-04	1.096543463995970803e-04	1.847145656318476957e-04	8.559492217028246645e-04
-5.644362035330603711e-02	-8.069356736459423578e-04	-9.900961331416446159e-04	2.802710195987330108e-02	-4.054606405934933549e-04	6.853656040720924045e-05	-2.788506110485510642e-02	-2.148240943799000966e-04	-7.117274928127017772e-04	4.097702091253473036e-04	4.523509769240545279e-04	-2.255666079081905442e-04	-2.000002648338301684e-05	-1.537685211959286501e-03	-2.583745831605839885e-03	5.503363824174356198e-04	-1.169914660160132703e-03	5.430134191914214427e-04	7.595017128019009370e-04	2.762766124340383742e-04	2.533237072366065863e-04	-3.592125129579987522e-04	-9.604427649491610250e-04	1.609752188214602967e-04	2.797780939138035106e-02	-1.042147604199189699e-04	2.477805522534513730e-04	4.445802675080570763e-04	3.278514005427114546e-04	2.954396326284726773e-02	6.232834506730818708e-02	-3.024467158030555523e-04	-5.895736850796142684e-04	2.585177490957318879e-05	1.880488524658783904e-04	5.881474438164564777e-04	1.608036429745733761e-04	3.544565848578899378e-04	-3.189622176945348296e-05	-2.368017523855144848e-04	1.806100119542842223e-05	-1.368632710191261103e-03	-2.625409246488307185e-04	2.958183378873693870e-02	3.729385722062812311e-04	6.204805382726374247e-02	2.959509026596483100e-02	-1.862986741952843417e-03	-2.798294068731410622e-02	-2.436681244647002312e-03	-7.491395809681322291e-04	6.251707022100391753e-02	5.939250072175079529e-05	2.968415995554769121e-02	5.186693834857720314e-04	-1.219313924737868392e-03	-6.842819433052813971e-05	4.651408841117838462e-04	1.544685441100481676e-04	-6.250437355297478251e-04	-1.784426353052056429e-04	-2.125001010521136106e-03	-1.225317010298339077e-03	7.680099943394680211e-04
-1.042324450490764908e-04	-5.397262208478793150e-03	-1.289913036042387127e-05	-5.547818229134709675e-05	5.396438869359435064e-03	1.366251040173432758e-06	-6.104872158778416966e-05	-5.225711893184241917e-03	5.597057329835226685e-05	-1.444433625050141378e-04	-3.188363643390980297e-04	4.506145857497413057e-05	-3.322274170907879489e-04	2.923627538783400272e-05	8.817347310164502924e-05	-5.656452217410045687e-05	1.555945264454090501e-04	-1.972154173421051442e-04	-2.033497390917622866e-04	-5.247121132864583258e-05	-6.554702459609893525e-05	-3.381858590047578028e-05	8.920068921275746247e-06	-9.120693747120782045e-05	-4.690388915579250660e-05	5.439743666943623948e-03	5.632479519921232067e-03	7.301089249537443308e-05	2.213886180043037939e-05	4.159695587339901470e-05	-3.189577114257810948e-05	5.817420614774835436e-03	8.231293509354454841e-06	-2.732854420362591146e-04	-9.496810759054125604e-05	-8.239965938056496874e-05	2.648631591249757438e-05	-6.251264350184229407e-05	-3.830061891725102289e-05	-1.248422114275958171e-04	-9.318644156159489045e-05	5.517766471103184578e-03	5.155812746095531779e-03	3.820229773866160407e-06	5.559928983832848094e-03	5.482292947007765032e-05	-1.507344581523165918e-04	-5.173183170908879667e-05	-2.145882509845156000e-04	-1.621433713077619445e-04	5.576793781347766030e-03	5.939250072175079529e-05	5.474351599034142299e-03	1.162428021445249864e-04	-1.112713785616230473e-04	-5.946611677807555826e-03	3.489120153911989450e-05	-6.051900942959083054e-05	-1.504479775269950098e-04	3.287328498230790913e-05	-2.409376916963016225e-04	1.268004283437982725e-05	6.601299970897703631e-05	8.682264060795940957e-05
-2.689383123081344473e-02	-3.804747764257957300e-04	-6.535430102456059320e-04	1.363859981939962926e-02	-5.217905603555642670e-05	6.707319441457052335e-04	-1.239054496193817828e-02	-1.740327980649986246e-04	-1.890823344241456601e-04	2.188541426809969160e-04	1.580900874088721859e-04	-2.230901214106271915e-04	-1.648896087611535332e-04	-7.642807773753402005e-04	-1.251701049987749646e-03	3.402018341966622046e-04	-8.030827286454314193e-04	1.317032344820311996e-04	1.078392024369939617e-04	2.126977994373887106e-04	5.789455198564385033e-05	-2.840117891023497356e-04	-7.607557997673189973e-04	4.097906671238530588e-05	1.447861056864710103e-02	6.685362232930533563e-05	3.837434705602551241e-04	-4.922565573883823549e-04	1.640171419989561034e-04	1.365031397859717277e-02	2.959509090828023326e-02	-2.298589642352607491e-04	-3.345704386121131180e-04	-2.123201731345179528e-04	-7.025869654420682483e-06	3.059208501256260350e-04	8.067496526713914843e-05	-5.999697301441425900e-05	-1.507336704842517593e-04	-1.945028794675258391e-04	6.586568421034033703e-04	-4.379059055078316832e-04	-4.140692379872095384e-05	1.316765957389698198e-02	1.421934367916719900e-04	2.963104592177624730e-02	1.442376829675606591e-02	-1.014210671662587725e-03	-1.288137719476563012e-02	-1.149560319897733078e-03	-4.486868444984931691e-04	2.968415995554769121e-02	1.162428021445249864e-04	1.538412324052023522e-02	9.642534483339933963e-04	-8.217006579357354849e-04	7.031328061346603299e-05	3.323364235939784946e-04	7.178621498159527673e-05	-6.239947818339032851e-04	-1.849687940171882978e-04	-1.231820606584295603e-03	-6.546458174568436754e-04	5.949040890748531199e-04
-4.527649129968996846e-04	1.624750904739936724e-04	-1.121983730543902344e-04	9.152595309581543692e-04	-1.865759493512352264e-05	-4.887495248045969345e-04	4.743085167594271326e-04	8.945567170571394871e-05	1.624740258413543011e-04	5.471126885154588621e-06	-9.176543735065547389e-05	-3.651921552795120635e-05	-1.420477600161785083e-04	4.581267068602554388e-05	8.100067875526739507e-05	8.083865748267319174e-05	-1.121985878805255087e-04	-9.176569239754428801e-05	-2.039748842652200161e-04	3.344337255346112190e-05	-2.865485588077985044e-05	-6.429888293402243071e-05	-1.722972654816138998e-04	-1.284799299162580250e-05	9.152594039711190073e-04	-3.652005560936465677e-05	3.344216756057659547e-05	-1.872230832837100834e-03	-8.088248906700164795e-05	-4.530561689636635565e-04	5.186693606708906454e-04	-1.672636644503136863e-04	-1.865713880294057460e-05	-1.420479921384686746e-04	-2.865458848438170883e-05	-8.088161745826080436e-05	3.145782201745746671e-05	-2.253004493952010120e-04	-1.112707418540266786e-04	-7.357513438806701249e-05	-4.887495101826269586e-04	4.581199071170685764e-05	-6.429968694451966191e-05	-4.530561194177878536e-04	-2.253015491335363485e-04	5.299896132484852203e-04	9.642535464387337650e-04	-6.586189935004476564e-05	4.743085748643256295e-04	8.100109079592289658e-05	-1.722978012479501708e-04	5.186693834857720314e-04	-1.112713785616230473e-04	9.642534483339933963e-04	1.900301825642262965e-03	7.968756824105961196e-06	8.945485819247685460e-05	8.083874845731698494e-05	-1.284818928242695792e-05	-1.672630912486462946e-04	-7.357544819469862560e-05	-6.586193750571016044e-05	7.967814278359504172e-06	1.960321639557595418e-04
1.246785494177493885e-03	4.710373620394456631e-03	3.428299603261695909e-03	-5.837547592642324543e-04	-7.193997712915175397e-03	-2.511524366113767291e-05	6.307826667909064312e-04	5.907165325806870877e-03	7.173088990094556895e-05	2.495569951437656307e-04	3.550552728214857886e-04	-1.130734771459460786e-04	1.688515074385219336e-05	-3.941055001917685469e-05	6.891890026519234308e-05	2.317136893813335216e-04	9.104704471897103672e-05	-8.739505744042222316e-05	-1.696222058530336444e-04	-6.913972721025707618e-05	-8.591547388636788384e-05	8.751934016899761163e-05	1.847150821695995031e-04	2.896869312181193706e-05	-4.714449429024337654e-04	-5.800016935447564748e-03	-1.091252127126909541e-02	-8.211133063476739507e-05	-3.573572766049598441e-03	-7.314894012746323265e-04	-1.225319778001923623e-03	-1.453341891625702879e-03	-5.073351481584274417e-05	-3.254409169073094925e-04	-2.332616939057834344e-04	2.217359983213878821e-04	-8.993760282401342060e-05	1.755228169986106416e-04	6.601331289979147840e-05	-7.840521912084818081e-05	4.128099849111301761e-05	-7.399983887303470884e-03	-5.829463759996772985e-03	-5.915618242025996124e-04	-4.833483533616154265e-03	-1.543378075443782495e-03	-6.546467680771711397e-04	3.845899010839111138e-03	6.926762303070092830e-04	3.728864913019387661e-03	-1.532643744656352839e-03	-1.219313924737868392e-03	-5.946611677807555826e-03	-8.217006579357354849e-04	7.968756824105961196e-06	1.160594983069152333e-02	4.519574216118730006e-05	3.765415317413173040e-04	2.119241255527960235e-04	-5.835153183998783211e-05	-2.861945089126395665e-05	7.044778046462265588e-05	8.441639810674231434e-05	4.126487023730350556e-04
2.324295769304007310e-04	-3.774593744552238463e-05	-5.427234788967453806e-05	1.145108408837128019e-05	-3.295523536159630681e-05	1.153994108050363616e-04	2.996125727553007514e-04	-2.827089240947519027e-05	5.426837421959714025e-03	1.636308786230218897e-04	2.387056967830153453e-05	-5.227122199089595349e-03	1.448864304480981977e-05	-5.585339915439734362e-03	5.132045913975847001e-05	2.002227526149254135e-04	-5.621246923596967695e-05	1.705057642634302058e-04	-6.044325007998626416e-05	-5.589898558463608086e-03	-1.378061627934101219e-05	-5.434178260092382973e-03	-5.646136138192914093e-03	8.625999719996866569e-05	-5.178401416877318755e-05	-5.168151755415091217e-05	-6.494888431547540906e-05	-4.017200712096487015e-05	-8.041623781968186595e-06	-3.843992264456040522e-05	-2.148256366645192044e-04	6.685520863820021832e-05	-5.488754046786306802e-03	5.710047109379435084e-05	-7.656495869873793038e-05	1.829834951749001947e-04	-5.452341234989363018e-05	-5.525667877558168226e-03	-5.225711950978005615e-03	5.123012240243175291e-05	-1.480679943167128081e-05	-4.136825850682337026e-05	3.213303605281919647e-05	-9.578282769937975058e-05	7.173954529861897487e-05	-1.912236279923393593e-04	-1.740342449688215892e-04	8.570781646517080621e-05	7.143718222056714073e-05	1.600179646644399046e-05	7.378962545608980066e-05	-6.842819433052813971e-05	3.489120153911989450e-05	7.031328061346603299e-05	8.945485819247685460e-05	4.519574216118730006e-05	5.551405493749390907e-03	1.903952380685124905e-04	4.547151593200406800e-05	-5.983658280764770146e-03	-2.249000888400510027e-05	-7.283984447779632404e-05	5.907165213063751349e-03	2.140694313518413982e-04
-5.935142368998655926e-05	4.591621010281861891e-04	8.677276724860125091e-04	-3.411695432163177927e-05	3.296076282932842110e-05	-9.944646046030268212e-05	-1.469512449922696180e-04	2.002220906127526070e-04	6.019792595665774239e-04	9.940168567536646679e-04	-1.225647974428983877e-02	-1.857088704540097118e-04	-2.824099228008029872e-02	8.479419936954856829e-05	6.670446382200706428e-04	1.457322762538857015e-02	7.927129931001855243e-04	-1.273867114594339628e-02	-2.792743922244204230e-02	-3.445445229868492618e-04	-1.428914900346613809e-02	-1.261280974942774447e-04	2.465470344456786866e-04	6.923400938005374889e-04	4.037285283406846054e-05	-2.236435931675889266e-04	-4.843920387659043252e-04	1.645580126412584884e-04	-5.015512186908157509e-05	4.866407058267656219e-04	5.503374451955629501e-04	-3.937209493445956025e-05	2.069670648774999506e-04	-2.829347239350560317e-02	-1.344060386284206057e-02	-2.635451869039349949e-04	-2.671411019092706095e-04	-2.815879547985833766e-04	-5.656405074547818206e-05	-1.336611751235497816e-02	-6.224658285187964816e-05	-1.805810997156343748e-04	-1.320022308969590920e-04	4.646912441849687268e-04	-7.354218560705376917e-05	8.407419340227748061e-04	3.402022749801220667e-04	-3.218053719919185507e-05	-1.092906257457504821e-04	4.411205278814766813e-04	3.558780508754361984e-04	4.651408841117838462e-04	-6.051900942959083054e-05	3.323364235939784946e-04	8.083874845731698494e-05	3.765415317413173040e-04	1.903952380685124905e-04	1.551692222531554123e-02	6.950411944072150188e-04	-1.242674456126336335e-04	-1.386705229311427368e-02	-2.332373529018881623e-05	2.317169954181821825e-04	3.148580185256303482e-02
-8.217101508570060235e-05	2.517833681474277157e-05	3.061897243029229962e-05	6.658730258060105531e-05	-1.831225097484563897e-04	-2.990020059795114259e-06	-3.941021002684405117e-05	8.625932948568289346e-05	1.065036010459170062e-05	-4.911201315350552550e-04	7.233729825263271289e-04	-6.364492063702843370e-05	5.511411990133089663e-05	-1.422584791241807384e-04	-1.002912001300302973e-04	6.923403162647444840e-04	-5.687095133165015747e-05	6.985765890382443022e-04	-8.327542694785421856e-07	-2.453600947526992057e-05	-6.844907828726877388e-04	-1.146733342845328123e-04	-1.064145795431467774e-04	1.886004708910709801e-03	1.103702362246947145e-04	-1.111949139206983223e-04	-1.960876605307143074e-04	-1.392502577767227681e-05	-2.407848763746725290e-05	1.062697815681187721e-04	1.609762100476056499e-04	1.487211231119587188e-05	-9.995811473933303255e-05	1.644603721119734444e-05	-7.287301512117251318e-04	7.131351217075868477e-05	4.630333976027032131e-04	-7.465407711379905037e-05	-9.120721163838137646e-05	7.408591185960903755e-04	1.065257151305665272e-06	-2.290677921824527813e-04	-1.600863397921569614e-04	6.976951595620831581e-05	-9.186252987472591979e-05	1.379001941293135809e-04	4.097915338236139281e-05	6.036840384810737578e-05	-7.647758835493364052e-05	-1.293110489718432796e-05	-4.712473047203345191e-05	1.544685441100481676e-04	-1.504479775269950098e-04	7.178621498159527673e-05	-1.284818928242695792e-05	2.119241255527960235e-04	4.547151593200406800e-05	6.950411944072150188e-04	1.915007731584381654e-03	-6.980772138184652845e-05	7.643763320031235486e-04	-3.507839352160586400e-05	2.896977865455553999e-05	-6.381723548400602226e-05
3.325833532820754793e-04	1.113019697762941234e-04	2.068514218717342986e-04	-2.946285070375839689e-04	2.700073607176261571e-05	-2.461296306757756970e-04	-1.400161435263947850e-04	6.685459186659987313e-05	-7.207509472787443708e-03	-9.647030011211157018e-05	-1.497048415760025592e-04	5.964400984200065106e-03	-3.766241712224791655e-04	4.887573000246833027e-03	3.618112826099797660e-03	-3.936847761325122836e-05	3.569728217208759970e-03	-4.446022355616908501e-05	-4.630754411637850218e-05	1.420973179400924526e-03	-2.502539388640344538e-04	5.808168583403446050e-03	1.094125898027238121e-02	1.487229674231360562e-05	-3.090943966559312915e-04	5.052459886746320770e-05	9.229798270692050476e-05	7.015531452092334381e-06	2.296829991262495495e-04	-2.319356644253770027e-04	-3.024430172782918659e-04	-1.283146488748849806e-04	4.871590907746343665e-03	-1.432470448064873431e-04	6.087612504933352973e-05	-3.992706696343929079e-03	1.992121905975867614e-06	7.294713308603130442e-03	5.817420727812699227e-03	-1.586704951477749107e-04	-5.157464893774417599e-05	7.515473631511408379e-05	5.833137701207393865e-05	-3.199104433158201071e-04	7.720204080314890197e-05	-6.725009261936260550e-04	-2.298563862859881305e-04	-1.319226540892586962e-04	2.107673273703212233e-04	2.631216985682189064e-05	7.113697815628244403e-05	-6.250437355297478251e-04	3.287328498230790913e-05	-6.239947818339032851e-04	-1.672630912486462946e-04	-5.835153183998783211e-05	-5.983658280764770146e-03	-1.242674456126336335e-04	-6.980772138184652845e-05	1.175740096735903434e-02	-5.069960052341756373e-05	4.013095664230624873e-03	-1.453341468956098701e-03	-1.538661937674841478e-05
-1.005437576731699618e-04	-3.804336345522029458e-04	-9.443562149845980856e-04	1.644590213503693810e-04	-3.984546582715897071e-04	7.205864874522323891e-05	2.266757764620416294e-05	5.122930842708346775e-05	-4.131484790259495042e-04	2.915992564274961238e-04	1.349528948890539246e-02	2.091293263056067579e-05	2.833320012975484165e-02	-1.858046639898103985e-04	-6.591165664816972265e-04	-1.336611673466850045e-02	-7.302046927955788570e-04	1.434194957345950351e-02	2.792758220590779716e-02	2.308853776592055941e-04	1.269158663622890759e-02	-7.201020508152361857e-05	-4.471252062746783676e-04	7.408595030755486290e-04	1.322948154828863549e-04	-5.517147285787169127e-05	1.862331498228910766e-04	-2.252077458239989689e-04	1.802018651734856470e-04	-3.286110825752678330e-04	-2.368005763792580248e-04	-1.586665654422251756e-04	-2.663269455429688980e-04	2.832959115052494786e-02	1.220981079049605032e-02	2.335276694472425158e-04	-1.075159269668556593e-03	6.058228182362751841e-06	-1.248431512165309933e-04	1.469014208542228014e-02	4.519982930770879395e-05	-2.697597202107967660e-04	-1.557090875523940688e-04	-3.346556657039530085e-04	-8.074363850444837907e-05	-5.557648784301799823e-04	-1.945028120934410665e-04	-2.995172395763502258e-05	-3.657589372936561451e-05	-6.080823243406822650e-04	-5.974802884739698148e-04	-1.784426353052056429e-04	-2.409376916963016225e-04	-1.849687940171882978e-04	-7.357544819469862560e-05	-2.861945089126395665e-05	-2.249000888400510027e-05	-1.386705229311427368e-02	7.643763320031235486e-04	-5.069960052341756373e-05	1.563026183525608251e-02	1.535746925478103763e-04	-7.840582539651959804e-05	-3.161695290441129957e-02
1.693686309841053441e-03	2.390486901549160239e-04	4.458014704422499442e-04	-9.802963102436732749e-04	6.633597431059491190e-05	-1.193556199747494744e-04	8.354582240219709730e-04	8.570690092266696294e-05	3.177720134645449935e-03	9.265721361580517369e-06	-1.685719479990840822e-04	9.967801955008927987e-05	-1.737606746083085766e-04	3.510622927805535660e-03	6.401359762285302284e-03	-3.217271602774271586e-05	8.055498537240215334e-03	2.703841099604431270e-04	6.650508673017763335e-05	-3.662069362185574502e-03	-1.261258695947143141e-04	-2.734234235388657640e-05	3.587071303444183245e-03	6.036866728110766339e-05	-1.024670183620161271e-03	-1.560051315063521891e-04	-2.376371769130733989e-04	1.008149570472694108e-05	9.817908233826632834e-05	-9.241063737508757939e-04	-1.862978283141470282e-03	-1.319214029273513278e-04	3.347709055820914659e-03	2.180222249767781542e-04	1.508079550379592872e-04	-6.623678940670872824e-03	-3.556858820074885232e-05	-3.574045855160691912e-03	-5.173145744778840602e-05	-2.995972302576219883e-05	-6.643029110820627904e-05	-9.852639931002438883e-05	-6.038999382942834696e-05	-1.035483582487671831e-03	-1.562524511362217236e-05	-2.153743916761203907e-03	-1.014205948128681263e-03	8.525534449493052998e-05	8.873203457483548953e-04	-7.520298159017559430e-06	1.096543463995970803e-04	-2.125001010521136106e-03	1.268004283437982725e-05	-1.231820606584295603e-03	-6.586193750571016044e-05	7.044778046462265588e-05	-7.283984447779632404e-05	-2.332373529018881623e-05	-3.507839352160586400e-05	4.013095664230624873e-03	1.535746925478103763e-04	9.142921970988060823e-03	3.845898888358463118e-03	-2.937215422257962881e-05
1.246781953262021160e-03	7.173084450160240283e-05	9.104807596755368562e-05	-4.714433005417026281e-04	-5.073267600351834175e-05	4.128092899335215248e-05	6.926744498487792147e-04	4.519547468321466114e-05	4.710373073050569404e-03	2.495578821097625905e-04	-8.739823721757569372e-05	-5.800016681034514225e-03	-3.254468300669797380e-04	-7.399984106237109463e-03	3.728864616580048873e-03	3.765461373003012378e-04	3.428299409650204053e-03	3.550534830189459976e-04	-1.696301491249675697e-04	-1.091252122030850202e-02	-2.332656749057835190e-04	-5.829463660722731741e-03	-1.532643414424896076e-03	2.119250559736277387e-04	-5.837541730812471647e-04	-1.130738573879488528e-04	-6.914132526328292227e-05	-8.211054615474882505e-05	2.217332349987341219e-04	-5.915602373117237467e-04	-1.219312066650871194e-03	-5.835048067472637626e-05	-7.193998159006667267e-03	1.687977105550584329e-05	-8.592003305592657103e-05	-3.573572441606355770e-03	-8.993911011114847807e-05	-4.833483121498372524e-03	-5.946611663173324500e-03	-2.862200289282542561e-05	-2.511620771210074885e-05	-3.941122952229950138e-05	8.751861325180783986e-05	-7.314866706543656427e-04	1.755214545913893955e-04	-1.543374408156531060e-03	-8.217002441779650349e-04	7.044875940138166294e-05	6.307804076643708496e-04	6.891802300356572012e-05	1.847145656318476957e-04	-1.225317010298339077e-03	6.601299970897703631e-05	-6.546458174568436754e-04	7.967814278359504172e-06	8.441639810674231434e-05	5.907165213063751349e-03	2.317169954181821825e-04	2.896977865455553999e-05	-1.453341468956098701e-03	-7.840582539651959804e-05	3.845898888358463118e-03	1.160594986465385628e-02	4.126556647932662250e-04
7.666784162287234921e-05	1.137779524869042547e-03	1.910830187476200877e-03	-1.683918329836033121e-04	5.491849152434653044e-04	-1.426259582474190333e-04	-1.090293080375670412e-04	2.140694227717017883e-04	1.137785036150336946e-03	7.626661115364251212e-04	-2.902510588112920675e-02	-2.646336330524449499e-04	-6.225334212280869695e-02	2.292249745312876846e-04	1.386026107257561178e-03	3.148580147077081892e-02	1.910838899545972856e-03	-2.902510668288135753e-02	-6.172864858849155811e-02	-7.361617645732119672e-04	-2.890728143148641599e-02	-5.133526126495533765e-05	8.559539717769223954e-04	-6.381780164933602674e-05	-1.683926022733116365e-04	-2.646337236319368821e-04	-7.361562478564078870e-04	4.210676234235784525e-04	-5.162964873457534520e-04	8.796547914226763134e-04	7.680094168878987123e-04	-1.539344046533539838e-05	5.491898856997177265e-04	-6.225334443510965876e-02	-2.890728222912074957e-02	-5.163072656100384412e-04	8.940923036577397721e-04	-2.909128748189610827e-04	8.682201662527135326e-05	-3.161695419369868476e-02	-1.426265855054456946e-04	2.292185899141849920e-04	-5.133459665223251721e-05	8.796556210939093963e-04	-2.909050998430302674e-04	1.545143032294951126e-03	5.949039063770830129e-04	-2.938747086310231833e-05	-1.090300030602196443e-04	1.386014856967629754e-03	8.559492217028246645e-04	7.680099943394680211e-04	8.682264060795940957e-05	5.949040890748531199e-04	1.960321639557595418e-04	4.126487023730350556e-04	2.140694313518413982e-04	3.148580185256303482e-02	-6.381723548400602226e-05	-1.538661937674841478e-05	-3.161695290441129957e-02	-2.937215422257962881e-05	4.126556647932662250e-04	6.976130322297341424e-02
